CODIGO_CLIENTE;NPS_RESPOSTAS_COUNT;NPS_MEDIO;NPS_ULTIMA_DATA;NPS_ULTIMA_CLASSIFICACAO
10001979;3;10.0;2026-04-09;Promotor
10006628;1;6.0;2026-03-07;Detrator
10008602;1;10.0;2025-07-31;Promotor
10011855;3;10.0;2026-05-19;Promotor
10012252;1;10.0;2025-09-27;Promotor
10016458;1;10.0;2025-08-27;Promotor
10017993;4;10.0;2026-02-03;Promotor
10018224;2;10.0;2025-05-09;Promotor
10032702;3;10.0;2026-06-15;Promotor
10035058;2;8.0;2026-07-03;Neutro
10048574;1;10.0;2026-04-22;Promotor
10048831;1;10.0;2025-11-07;Promotor
10052493;1;10.0;2025-05-28;Promotor
10054623;1;10.0;2025-08-26;Promotor
10054652;1;10.0;2026-04-08;Promotor
1005531;1;10.0;2026-06-10;Promotor
10058584;1;8.0;2025-04-18;Neutro
10058934;1;10.0;2025-03-29;Promotor
10062739;3;6.0;2026-04-30;Neutro
10072567;6;10.0;2026-03-13;Promotor
10072769;1;9.0;2026-06-25;Promotor
10073964;1;10.0;2025-02-21;Promotor
10076345;1;10.0;2025-08-06;Promotor
10077767;1;10.0;2026-03-31;Promotor
10093830;1;10.0;2025-12-30;Promotor
1009520;1;10.0;2025-06-10;Promotor
10099477;1;10.0;2026-04-30;Promotor
1009961;1;9.0;2025-05-06;Promotor
10099782;1;8.0;2025-01-17;Neutro
10110371;1;10.0;2025-10-04;Promotor
10113248;1;10.0;2025-01-28;Promotor
1011889;1;10.0;2025-09-24;Promotor
10135756;1;9.0;2026-01-30;Promotor
10143519;4;10.0;2026-06-25;Promotor
10148707;1;9.0;2025-04-01;Promotor
1015082;1;8.0;2026-07-16;Neutro
10155990;2;10.0;2026-01-27;Promotor
10159422;1;10.0;2026-02-11;Promotor
10163505;1;10.0;2026-02-13;Promotor
1017002;1;10.0;2025-11-02;Promotor
1018279;1;8.0;2025-08-13;Neutro
10183307;3;10.0;2026-05-07;Promotor
10183575;1;10.0;2026-03-11;Promotor
10205549;1;10.0;2025-04-15;Promotor
1020898;1;10.0;2026-02-25;Promotor
10214559;1;7.0;2025-10-28;Neutro
10222759;2;10.0;2025-11-12;Promotor
10223757;2;8.0;2025-04-18;Neutro
10225570;3;10.0;2025-11-24;Promotor
10226451;2;8.0;2026-04-08;Neutro
10237823;1;0.0;2025-10-11;Detrator
10248252;1;10.0;2026-05-05;Promotor
10249814;1;9.0;2025-11-29;Promotor
10251455;2;10.0;2025-07-02;Promotor
10253845;3;0.0;2025-11-26;Detrator
10259912;2;10.0;2026-07-01;Promotor
10275850;1;10.0;2026-04-15;Promotor
10276586;1;10.0;2025-06-03;Promotor
10285049;2;10.0;2025-07-11;Promotor
10285819;1;10.0;2026-03-19;Promotor
10287479;1;8.0;2025-10-14;Neutro
10290814;1;10.0;2025-04-10;Promotor
10291315;1;6.0;2025-12-17;Detrator
10293486;1;10.0;2025-08-29;Promotor
10293980;1;10.0;2025-01-21;Promotor
1030402;1;10.0;2026-05-21;Promotor
10313199;1;10.0;2025-08-19;Promotor
10314826;1;9.0;2025-01-09;Promotor
10317212;4;9.5;2025-09-24;Promotor
10318331;1;10.0;2026-06-25;Promotor
10318695;3;8.0;2026-01-14;Neutro
10322647;1;10.0;2025-06-05;Promotor
10330855;1;10.0;2026-04-02;Promotor
10336603;1;7.0;2025-08-19;Neutro
10338605;1;10.0;2025-11-25;Promotor
10338754;1;8.0;2025-08-19;Neutro
10338949;1;10.0;2025-08-05;Promotor
10344244;1;10.0;2026-01-20;Promotor
10347917;1;9.0;2025-04-22;Promotor
10348518;1;10.0;2025-04-22;Promotor
10353254;1;4.0;2025-04-01;Detrator
1035385;1;10.0;2025-04-03;Promotor
10357618;1;10.0;2026-05-14;Promotor
10365023;2;10.0;2025-06-13;Promotor
10369428;1;10.0;2025-06-21;Promotor
10370462;1;6.0;2025-02-12;Detrator
10373034;1;8.0;2025-03-18;Neutro
1038296;2;10.0;2026-06-18;Promotor
1038553;1;10.0;2025-11-25;Promotor
10385614;1;7.0;2025-02-26;Neutro
10386851;4;10.0;2025-10-28;Promotor
10388118;1;9.0;2025-08-23;Promotor
10389361;1;10.0;2025-02-19;Promotor
10391200;1;9.0;2025-07-16;Promotor
10392357;1;9.0;2026-04-30;Promotor
1039522;2;10.0;2025-07-18;Promotor
10396235;1;9.0;2025-03-12;Promotor
10397157;1;10.0;2025-06-05;Promotor
10399996;1;10.0;2025-05-27;Promotor
1040102;3;9.7;2025-11-28;Promotor
10405147;1;9.0;2026-03-13;Promotor
10409522;1;10.0;2025-09-12;Promotor
10410597;7;9.0;2026-04-15;Neutro
10412806;1;10.0;2026-04-22;Promotor
10415968;3;10.0;2026-05-15;Promotor
1042159;1;6.0;2025-02-05;Detrator
10427880;2;10.0;2025-08-20;Promotor
10433088;1;5.0;2026-05-02;Detrator
10435534;3;3.0;2026-07-14;Promotor
10436350;1;10.0;2025-03-14;Promotor
10440124;1;10.0;2025-08-20;Promotor
10440788;1;6.0;2025-01-05;Detrator
104412;1;9.0;2026-03-17;Promotor
104421;1;10.0;2025-10-04;Promotor
10445908;1;10.0;2026-04-15;Promotor
10455511;3;9.0;2025-08-19;Promotor
10459616;1;10.0;2025-04-04;Promotor
10473769;1;10.0;2025-07-01;Promotor
10474960;1;10.0;2025-05-06;Promotor
10479068;1;10.0;2025-10-08;Promotor
10482731;2;9.5;2026-05-12;Promotor
1049044;2;9.0;2026-01-29;Promotor
10493924;1;9.0;2025-07-29;Promotor
10496277;1;3.0;2026-01-23;Detrator
10496404;1;10.0;2025-11-25;Promotor
10501046;1;8.0;2026-06-30;Neutro
10508675;1;10.0;2025-08-05;Promotor
10508940;1;10.0;2025-08-12;Promotor
10513971;1;10.0;2025-08-05;Promotor
10524553;1;10.0;2025-10-27;Promotor
10527115;1;10.0;2025-11-27;Promotor
10529546;1;10.0;2025-08-14;Promotor
10549209;1;10.0;2026-01-07;Promotor
1057801;1;10.0;2025-03-14;Promotor
1057866;1;10.0;2025-08-22;Promotor
10595668;1;10.0;2025-01-27;Promotor
10601577;1;10.0;2026-03-11;Promotor
10603232;1;4.0;2025-05-23;Detrator
10607488;1;10.0;2026-01-16;Promotor
10607939;2;10.0;2026-02-11;Promotor
10615899;1;8.0;2025-04-25;Neutro
10616834;1;10.0;2025-04-02;Promotor
10619247;2;10.0;2025-04-09;Promotor
10621510;1;10.0;2026-06-25;Promotor
1062221;1;7.0;2025-07-23;Neutro
10624223;1;10.0;2026-02-20;Promotor
10626965;1;10.0;2025-08-14;Promotor
10630827;1;10.0;2026-02-16;Promotor
10643031;1;10.0;2026-05-26;Promotor
10649311;1;8.0;2026-01-12;Neutro
10649378;1;20.0;2025-03-05;Promotor
10650274;1;10.0;2026-06-30;Promotor
10650318;1;10.0;2025-08-26;Promotor
10652371;3;10.0;2025-06-13;Promotor
10662423;4;10.0;2025-11-25;Promotor
10665638;2;9.0;2026-04-25;Promotor
1066585;1;7.0;2026-05-27;Neutro
10671625;3;10.0;2026-03-11;Promotor
1067647;1;9.0;2026-02-20;Promotor
10694327;1;10.0;2026-03-23;Promotor
10697654;1;9.0;2026-01-07;Promotor
10701268;1;10.0;2025-11-25;Promotor
10715500;1;10.0;2025-10-28;Promotor
10717631;1;10.0;2025-05-29;Promotor
10738582;1;4.0;2026-03-03;Detrator
10747117;1;10.0;2025-06-21;Promotor
10749705;1;8.0;2025-04-16;Neutro
10750058;1;10.0;2025-07-10;Promotor
10751474;1;9.0;2025-11-26;Promotor
10754714;2;10.0;2025-04-01;Promotor
10755823;1;10.0;2025-04-08;Promotor
10764542;1;10.0;2026-03-10;Promotor
10768740;1;10.0;2026-04-22;Promotor
10772762;1;10.0;2025-05-13;Promotor
10773003;2;10.0;2026-05-27;Promotor
10775534;2;10.0;2025-09-10;Promotor
10776251;2;10.0;2026-07-18;Promotor
10779931;1;10.0;2025-03-21;Promotor
10781089;2;10.0;2026-02-12;Promotor
1078489;1;10.0;2025-08-06;Promotor
1078567;1;10.0;2025-08-19;Promotor
10790071;1;0.0;2025-09-24;Detrator
10802902;1;10.0;2025-09-24;Promotor
10821048;1;9.0;2025-08-29;Promotor
10822754;2;10.0;2025-06-24;Promotor
10828626;2;10.0;2025-11-15;Promotor
10830840;1;10.0;2025-02-18;Promotor
10842110;1;10.0;2025-02-25;Promotor
10846228;1;10.0;2026-04-21;Promotor
10866425;1;9.0;2026-06-28;Promotor
10876196;1;10.0;2026-03-08;Promotor
10877394;2;10.0;2025-10-17;Promotor
10879388;1;7.0;2025-11-26;Neutro
10891092;1;10.0;2025-07-01;Promotor
10891848;2;9.0;2026-02-06;Neutro
10893966;1;10.0;2025-04-22;Promotor
10898707;1;10.0;2025-01-24;Promotor
10898811;2;10.0;2026-01-06;Promotor
10916129;2;10.0;2026-01-14;Promotor
10920695;3;9.0;2025-08-19;Neutro
10927818;1;10.0;2025-12-31;Promotor
10945518;1;10.0;2025-11-26;Promotor
10946732;1;10.0;2025-10-04;Promotor
1094908;1;10.0;2025-01-28;Promotor
10955669;1;9.0;2025-03-07;Promotor
10964003;2;10.0;2026-05-23;Promotor
10964234;2;10.0;2025-07-22;Promotor
10973468;2;10.0;2025-11-13;Promotor
10974716;1;10.0;2025-09-24;Promotor
10978041;3;8.3;2026-06-05;Neutro
10981791;1;8.0;2025-10-03;Neutro
10986945;1;8.0;2025-05-21;Neutro
1100355;1;8.0;2025-02-08;Neutro
11008981;2;10.0;2026-04-07;Promotor
11016599;1;10.0;2025-09-27;Promotor
11021403;4;9.8;2026-02-07;Promotor
1102141;1;9.0;2025-03-19;Promotor
11032826;1;10.0;2025-08-12;Promotor
11037616;1;10.0;2026-05-13;Promotor
11042916;2;9.0;2025-06-18;Promotor
11047152;1;10.0;2025-07-31;Promotor
11070049;1;10.0;2025-03-28;Promotor
11074084;1;10.0;2025-03-28;Promotor
11075850;1;10.0;2025-04-15;Promotor
11080293;1;0.0;2025-02-05;Detrator
11104101;1;10.0;2026-02-10;Promotor
11120497;1;10.0;2025-05-03;Promotor
1112809;1;10.0;2026-06-13;Promotor
11155379;1;10.0;2025-05-20;Promotor
11157121;2;9.5;2026-05-07;Promotor
11160235;2;10.0;2026-02-22;Promotor
11173934;2;5.5;2026-05-13;Detrator
11173942;1;10.0;2025-12-06;Promotor
11180966;1;10.0;2026-06-18;Promotor
11183964;1;9.0;2026-04-29;Promotor
11192727;4;9.8;2026-07-02;Promotor
11217249;1;10.0;2025-08-26;Promotor
11220151;1;9.0;2026-07-14;Promotor
11224424;1;10.0;2026-01-16;Promotor
1123571;5;9.4;2026-05-16;Promotor
1123596;2;10.0;2026-01-20;Promotor
11245533;1;5.0;2026-01-20;Detrator
11247566;1;10.0;2026-04-09;Promotor
11248203;1;9.0;2025-08-06;Promotor
11248374;1;9.0;2025-10-28;Promotor
11252905;1;10.0;2026-04-01;Promotor
11256911;3;9.3;2026-02-09;Promotor
11270531;1;9.0;2026-03-11;Promotor
11276090;2;9.0;2026-04-23;Promotor
11277367;1;10.0;2025-04-14;Promotor
11281781;1;10.0;2025-04-29;Promotor
11284932;1;10.0;2025-08-26;Promotor
1129441;1;8.0;2026-02-04;Neutro
11299109;1;10.0;2025-11-07;Promotor
11302237;1;10.0;2026-06-22;Promotor
11313478;1;9.0;2025-01-28;Promotor
11318366;1;10.0;2025-07-25;Promotor
11319791;1;10.0;2026-04-07;Promotor
1132763;1;9.0;2025-10-01;Promotor
11333305;1;10.0;2026-07-08;Promotor
11336603;2;10.0;2025-11-25;Promotor
11336923;1;9.0;2025-04-11;Promotor
1133696;2;10.0;2025-10-04;Promotor
1133759;1;10.0;2025-04-29;Promotor
11341943;1;10.0;2026-06-05;Promotor
11344375;1;10.0;2025-12-16;Promotor
11362103;3;10.0;2025-09-19;Promotor
11371864;1;9.0;2025-07-04;Promotor
11375951;1;10.0;2025-08-20;Promotor
11378235;1;10.0;2026-02-06;Promotor
11382022;1;10.0;2025-11-28;Promotor
11390532;3;8.3;2025-10-31;Promotor
11392801;1;1.0;2025-10-03;Detrator
11395649;2;10.0;2025-07-16;Promotor
11399470;1;10.0;2025-08-05;Promotor
11401615;1;10.0;2025-10-25;Promotor
1140342;1;9.0;2025-07-08;Promotor
11404193;2;1.0;2026-03-25;Detrator
11405112;1;9.0;2025-08-08;Promotor
11406080;3;9.0;2026-05-07;Promotor
11406166;1;1.0;2026-01-24;Detrator
1142752;1;10.0;2026-04-28;Promotor
11431608;6;9.0;2026-06-19;Promotor
11434093;2;2.5;2025-03-18;Detrator
11436515;1;10.0;2025-08-12;Promotor
11447189;1;10.0;2026-02-27;Promotor
11451154;1;10.0;2026-04-02;Promotor
11452494;3;5.7;2026-07-17;Neutro
11458336;1;8.0;2026-03-12;Neutro
11460763;1;10.0;2025-06-25;Promotor
11461149;2;10.0;2025-09-24;Promotor
11462983;1;9.0;2025-06-16;Promotor
11463269;1;10.0;2025-03-18;Promotor
11463431;2;10.0;2026-06-16;Promotor
11466870;1;10.0;2025-10-12;Promotor
11481100;1;10.0;2026-04-24;Promotor
11481168;3;9.3;2026-02-06;Neutro
11490648;1;10.0;2025-08-29;Promotor
11490722;2;9.5;2026-07-17;Promotor
11493037;1;10.0;2025-10-21;Promotor
11493531;1;10.0;2025-05-14;Promotor
11497758;1;10.0;2025-08-26;Promotor
11500764;2;10.0;2025-04-29;Promotor
11515628;2;10.0;2026-05-13;Promotor
11515901;1;9.0;2025-08-13;Promotor
11518570;2;10.0;2026-04-14;Promotor
11524673;1;10.0;2026-06-25;Promotor
11527541;2;10.0;2025-06-02;Promotor
11528508;2;9.0;2025-11-26;Promotor
115329;1;0.0;2025-04-25;Detrator
11541351;1;10.0;2025-09-27;Promotor
11541705;1;10.0;2025-06-27;Promotor
11543219;1;9.0;2026-05-29;Promotor
11543859;1;10.0;2025-01-28;Promotor
11550997;1;0.0;2025-09-27;Detrator
11552107;1;10.0;2025-07-02;Promotor
1155718;2;10.0;2026-07-08;Promotor
11563190;3;10.0;2025-07-22;Promotor
11568867;2;10.0;2026-01-09;Promotor
11578281;2;9.5;2026-04-28;Promotor
11580066;1;9.0;2025-08-28;Promotor
1158295;3;10.0;2026-05-05;Promotor
11593930;1;10.0;2025-12-17;Promotor
11596167;2;10.0;2025-03-11;Promotor
11603660;1;10.0;2026-03-13;Promotor
11604192;1;10.0;2026-04-09;Promotor
11609120;1;10.0;2025-09-29;Promotor
11611346;2;9.5;2025-04-16;Promotor
1161568;1;10.0;2025-05-02;Promotor
1162395;1;8.0;2026-07-10;Neutro
11630752;1;10.0;2025-08-12;Promotor
11655406;2;9.5;2026-01-13;Promotor
11662415;3;6.7;2026-01-30;Detrator
11665005;1;8.0;2025-09-27;Neutro
11668781;1;10.0;2025-03-20;Promotor
11678243;2;9.0;2025-08-26;Promotor
11681604;1;10.0;2025-07-21;Promotor
11682156;1;10.0;2026-02-26;Promotor
11686285;2;10.0;2026-04-14;Promotor
11704549;4;10.0;2026-07-17;Promotor
1170734;1;0.0;2025-01-31;Detrator
11714255;2;10.0;2026-02-21;Promotor
11731264;1;9.0;2025-02-28;Promotor
11733329;1;9.0;2026-04-21;Promotor
11736171;1;9.0;2026-06-25;Promotor
11736835;1;9.0;2025-05-21;Promotor
1173982;1;10.0;2025-08-22;Promotor
11739909;1;10.0;2025-08-29;Promotor
11740149;1;5.0;2025-12-26;Detrator
11741723;2;8.5;2026-03-17;Promotor
11747176;1;10.0;2025-07-11;Promotor
11747511;1;9.0;2026-07-14;Promotor
1175334;2;8.5;2026-05-22;Neutro
11756983;1;10.0;2025-11-18;Promotor
11763351;1;10.0;2026-06-03;Promotor
11765282;1;10.0;2025-10-31;Promotor
11765891;1;10.0;2025-07-25;Promotor
11770833;1;0.0;2025-09-09;Detrator
11787924;1;8.0;2026-04-18;Neutro
11788141;2;4.0;2026-01-06;Detrator
1179564;1;8.0;2026-02-04;Neutro
11802988;1;10.0;2026-05-18;Promotor
11810437;1;9.0;2025-05-07;Promotor
11810848;4;9.8;2026-05-08;Promotor
11811251;1;10.0;2025-03-13;Promotor
11812256;1;10.0;2025-06-20;Promotor
11812669;1;10.0;2025-08-13;Promotor
11812896;1;8.0;2026-01-24;Neutro
11821772;1;0.0;2026-03-11;Detrator
11824022;1;10.0;2026-05-28;Promotor
11828246;1;3.0;2025-09-24;Detrator
11830027;1;10.0;2025-08-05;Promotor
1183347;1;9.0;2025-01-15;Promotor
1183475;3;7.7;2026-06-09;Neutro
11839495;1;10.0;2025-03-14;Promotor
11843659;2;10.0;2025-09-24;Promotor
11843898;2;10.0;2025-07-08;Promotor
11848374;2;9.5;2026-01-22;Promotor
1185586;1;10.0;2025-12-12;Promotor
11860802;1;10.0;2026-03-31;Promotor
1186090;2;10.0;2025-11-19;Promotor
11868555;2;9.5;2025-05-28;Promotor
11870417;1;10.0;2025-04-01;Promotor
11871138;3;10.0;2025-09-27;Promotor
11874256;2;10.0;2026-05-19;Promotor
11876134;1;0.0;2026-04-22;Detrator
1187924;1;10.0;2026-04-11;Promotor
1188068;1;10.0;2026-06-10;Promotor
11907332;1;9.0;2026-03-10;Promotor
11913559;1;10.0;2025-08-19;Promotor
11913857;1;8.0;2025-07-18;Neutro
11928926;2;9.5;2025-12-29;Promotor
11930633;1;10.0;2025-05-08;Promotor
11932815;1;10.0;2025-09-24;Promotor
1193924;1;10.0;2026-02-20;Promotor
11944434;3;8.0;2026-02-13;Neutro
11955135;1;0.0;2025-04-04;Detrator
11958943;3;10.0;2026-06-02;Promotor
11960905;1;10.0;2025-01-27;Promotor
1196664;1;8.0;2025-04-03;Neutro
11966892;1;10.0;2025-08-26;Promotor
11971414;1;9.0;2026-04-23;Promotor
11971637;1;9.0;2026-03-25;Promotor
11977489;3;9.0;2026-04-08;Promotor
11991317;1;10.0;2025-01-07;Promotor
11998348;2;10.0;2025-08-01;Promotor
11998365;2;9.0;2025-10-31;Promotor
12002020;1;10.0;2025-09-24;Promotor
12009469;1;10.0;2025-03-11;Promotor
12025637;3;10.0;2025-09-03;Promotor
12028513;1;10.0;2025-09-29;Promotor
12030831;1;10.0;2025-02-11;Promotor
12032207;1;1.0;2025-07-11;Detrator
12058854;1;9.0;2026-03-19;Promotor
12069700;1;10.0;2026-07-15;Promotor
12084631;1;10.0;2025-01-31;Promotor
12085980;2;10.0;2025-03-11;Promotor
12085990;3;9.0;2026-06-12;Promotor
12086308;1;10.0;2025-02-28;Promotor
1209297;1;9.0;2025-09-06;Promotor
12094489;1;10.0;2025-04-11;Promotor
12100055;1;8.0;2025-08-15;Neutro
12100118;2;8.0;2026-05-12;Promotor
12103602;1;10.0;2026-05-29;Promotor
12108408;1;10.0;2026-07-17;Promotor
12123229;3;10.0;2026-05-20;Promotor
12125402;1;10.0;2025-01-09;Promotor
12126248;1;10.0;2026-06-10;Promotor
12132522;1;10.0;2025-05-09;Promotor
12139864;1;10.0;2026-02-25;Promotor
12152340;1;7.0;2026-07-14;Neutro
12155374;1;10.0;2025-02-15;Promotor
12157356;3;10.0;2026-06-09;Promotor
12161104;1;10.0;2025-03-11;Promotor
12162667;3;8.7;2026-05-20;Neutro
12166266;4;9.5;2026-06-11;Neutro
12168280;1;9.0;2025-04-08;Promotor
12171029;2;10.0;2026-02-25;Promotor
12182098;1;10.0;2026-03-04;Promotor
12186304;1;10.0;2025-03-27;Promotor
12188909;1;9.0;2025-12-03;Promotor
12191046;2;9.5;2026-03-26;Promotor
121933;1;0.0;2026-06-10;Detrator
12196575;1;10.0;2026-06-09;Promotor
12213752;1;10.0;2026-07-07;Promotor
12214418;2;10.0;2025-05-28;Promotor
12227192;1;10.0;2025-04-15;Promotor
12251066;1;10.0;2026-07-21;Promotor
12251271;1;9.0;2026-07-11;Promotor
12252435;2;10.0;2026-01-07;Promotor
12272211;1;10.0;2025-03-02;Promotor
12283096;1;9.0;2025-03-26;Promotor
12285587;3;10.0;2026-07-01;Promotor
12286279;1;5.0;2025-09-27;Detrator
12291064;1;10.0;2026-07-14;Promotor
12293411;2;9.5;2026-03-06;Promotor
12293761;1;10.0;2026-06-25;Promotor
12294498;1;10.0;2026-07-15;Promotor
12295235;3;10.0;2026-05-07;Promotor
12295728;1;0.0;2025-01-21;Detrator
12300657;1;10.0;2026-02-11;Promotor
12300731;2;10.0;2025-09-24;Promotor
12324608;2;10.0;2025-09-27;Promotor
12332548;1;10.0;2025-01-23;Promotor
12355952;2;10.0;2026-02-06;Promotor
12357489;2;6.5;2025-09-25;Neutro
12360446;4;9.0;2026-02-18;Promotor
12360532;1;10.0;2026-05-20;Promotor
12366611;2;10.0;2025-09-27;Promotor
12368802;1;9.0;2025-07-08;Promotor
12389106;2;4.0;2025-09-24;Detrator
12391226;1;10.0;2025-03-24;Promotor
12393304;2;10.0;2025-09-24;Promotor
12394074;1;10.0;2025-07-05;Promotor
12395330;1;1.0;2026-07-14;Detrator
12398423;5;10.0;2026-01-14;Promotor
12398594;1;8.0;2025-10-01;Neutro
12403696;1;5.0;2026-07-08;Detrator
12404501;1;0.0;2025-03-14;Detrator
12405017;2;10.0;2025-12-23;Promotor
12411920;1;10.0;2025-05-27;Promotor
12412846;2;9.5;2025-08-12;Promotor
12413532;3;7.3;2025-04-19;Promotor
12422673;1;10.0;2026-03-20;Promotor
12423538;6;9.7;2026-03-06;Promotor
12425331;1;9.0;2025-10-15;Promotor
12427122;2;10.0;2025-05-28;Promotor
12429857;1;10.0;2025-01-29;Promotor
12436304;1;10.0;2025-09-05;Promotor
12439458;1;9.0;2025-05-26;Promotor
12439535;1;10.0;2025-10-24;Promotor
124456;1;10.0;2026-03-25;Promotor
12446058;1;8.0;2025-04-12;Neutro
12447260;1;9.0;2025-01-28;Promotor
12458567;4;10.0;2025-10-29;Promotor
12470556;1;1.0;2025-01-14;Detrator
12470756;2;9.5;2025-04-01;Promotor
12471526;2;10.0;2025-11-13;Promotor
12471942;1;10.0;2025-06-04;Promotor
12482302;1;10.0;2026-05-20;Promotor
12493517;1;10.0;2025-04-30;Promotor
12495772;4;9.5;2025-10-15;Promotor
12499533;1;10.0;2025-07-04;Promotor
12501452;1;0.0;2026-01-13;Detrator
12506532;1;9.0;2025-07-29;Promotor
1250765;1;10.0;2025-06-03;Promotor
12518066;1;10.0;2025-01-29;Promotor
12518598;1;10.0;2026-02-25;Promotor
12519195;1;10.0;2025-02-05;Promotor
12533493;2;10.0;2026-03-31;Promotor
12534071;1;10.0;2025-08-14;Promotor
12535818;2;10.0;2026-04-01;Promotor
12539282;3;10.0;2026-07-01;Promotor
12540720;1;8.0;2025-05-02;Neutro
12541268;1;10.0;2026-04-28;Promotor
12542774;1;2.0;2026-03-27;Detrator
12544083;2;8.0;2025-12-23;Neutro
12548386;1;10.0;2025-12-16;Promotor
12552460;2;10.0;2025-06-03;Promotor
12552831;1;1.0;2025-05-07;Detrator
12556923;2;10.0;2025-10-14;Promotor
1257139;1;10.0;2025-05-09;Promotor
1257331;6;9.3;2026-06-24;Promotor
12573482;1;0.0;2025-10-31;Detrator
12577699;1;10.0;2025-10-01;Promotor
1258020;1;10.0;2025-05-09;Promotor
12580307;1;10.0;2026-02-03;Promotor
12580658;1;10.0;2025-11-11;Promotor
12582740;2;10.0;2026-02-18;Promotor
12587795;1;10.0;2025-01-22;Promotor
12594457;2;7.5;2025-04-08;Neutro
12597179;1;8.0;2026-03-31;Neutro
12597697;1;10.0;2026-02-26;Promotor
12599630;2;5.0;2025-09-28;Detrator
12599807;1;9.0;2026-05-09;Promotor
12600268;1;9.0;2025-02-14;Promotor
12610439;1;10.0;2026-06-22;Promotor
12610733;1;10.0;2026-06-01;Promotor
12611173;1;10.0;2025-09-12;Promotor
12612786;1;10.0;2025-11-05;Promotor
12619463;1;10.0;2025-01-17;Promotor
12625413;1;7.0;2025-05-21;Neutro
12635594;1;10.0;2025-06-03;Promotor
12636653;1;10.0;2026-05-14;Promotor
1263988;1;10.0;2025-03-08;Promotor
1264674;2;10.0;2026-03-18;Promotor
12654637;1;10.0;2026-06-24;Promotor
12656130;1;10.0;2025-08-06;Promotor
12661128;1;9.0;2025-11-12;Promotor
12661227;1;5.0;2025-09-27;Detrator
12663773;2;10.0;2026-05-20;Promotor
12666165;1;10.0;2025-11-18;Promotor
12671383;1;10.0;2025-04-30;Promotor
1268737;3;10.0;2025-09-03;Promotor
12698878;1;10.0;2025-03-14;Promotor
12701551;1;0.0;2025-03-18;Detrator
1270381;1;8.0;2025-02-07;Neutro
12712646;1;8.0;2025-10-29;Neutro
12713608;1;10.0;2026-03-11;Promotor
12730194;1;10.0;2025-07-09;Promotor
12741732;1;9.0;2025-12-26;Promotor
12745474;5;9.6;2026-04-15;Promotor
12747569;2;10.0;2026-01-05;Promotor
12755810;1;9.0;2025-08-22;Promotor
12756099;1;10.0;2025-01-15;Promotor
12758677;3;8.0;2026-01-06;Neutro
12777557;1;10.0;2025-03-19;Promotor
1279435;1;10.0;2025-07-11;Promotor
12806796;1;7.0;2025-01-21;Neutro
12806902;1;9.0;2025-02-17;Promotor
12869098;3;10.0;2026-06-25;Promotor
12869849;2;10.0;2025-11-04;Promotor
12873203;1;10.0;2025-10-22;Promotor
12895004;1;10.0;2025-08-15;Promotor
12897276;2;8.0;2025-09-24;Neutro
12911232;1;9.0;2025-08-22;Promotor
12914425;1;10.0;2025-05-28;Promotor
12922975;1;10.0;2025-03-20;Promotor
12923604;4;9.8;2025-11-25;Promotor
12926754;2;10.0;2025-09-25;Promotor
12927540;1;10.0;2025-08-02;Promotor
12943675;1;9.0;2026-04-17;Promotor
1295374;2;10.0;2026-07-10;Promotor
12964593;1;10.0;2025-03-04;Promotor
12965848;1;10.0;2026-04-14;Promotor
12972303;1;10.0;2025-08-20;Promotor
12980205;1;10.0;2026-06-23;Promotor
12980784;1;10.0;2025-07-24;Promotor
12985346;1;10.0;2025-05-28;Promotor
12994763;1;10.0;2026-05-09;Promotor
12996918;1;9.0;2025-02-04;Promotor
13002332;1;9.0;2026-04-09;Promotor
13006066;1;10.0;2025-02-26;Promotor
13008739;1;10.0;2026-02-17;Promotor
13009202;1;10.0;2025-10-22;Promotor
13011239;4;10.0;2026-06-18;Promotor
13014070;2;8.5;2025-09-09;Promotor
13016394;1;10.0;2025-03-12;Promotor
13019376;2;9.5;2025-09-24;Promotor
13029842;2;10.0;2026-02-27;Promotor
13030363;1;10.0;2026-05-29;Promotor
1303279;2;0.0;2026-01-31;Detrator
130350;1;9.0;2025-03-18;Promotor
13038025;2;10.0;2026-03-24;Promotor
13044085;1;9.0;2025-09-24;Promotor
13046496;2;10.0;2025-12-16;Promotor
13067805;1;10.0;2026-02-04;Promotor
13070262;1;8.0;2025-06-03;Neutro
13081706;1;10.0;2026-06-02;Promotor
13083648;1;10.0;2025-04-22;Promotor
13089294;1;10.0;2026-07-08;Promotor
13094234;1;8.0;2026-01-06;Neutro
13094329;2;9.0;2025-08-26;Promotor
131014;1;9.0;2026-02-12;Promotor
1310450;1;9.0;2025-09-24;Promotor
1310898;1;10.0;2026-05-07;Promotor
13112903;1;5.0;2025-06-03;Detrator
13115503;1;10.0;2025-02-04;Promotor
13117825;1;10.0;2025-06-17;Promotor
13120633;2;9.0;2025-10-11;Promotor
13123787;1;2.0;2025-09-23;Detrator
13124941;2;10.0;2026-04-22;Promotor
13126732;5;10.0;2026-04-29;Promotor
13127139;1;10.0;2026-05-05;Promotor
13129850;1;10.0;2025-04-10;Promotor
13158318;1;10.0;2025-08-26;Promotor
1316097;2;9.5;2025-06-06;Promotor
13171035;2;10.0;2025-10-22;Promotor
13175716;1;10.0;2025-05-28;Promotor
13177009;1;0.0;2025-06-06;Detrator
13178691;1;10.0;2025-12-23;Promotor
13178997;2;10.0;2025-06-06;Promotor
13187533;2;8.5;2025-11-14;Promotor
13194223;3;10.0;2025-09-16;Promotor
13196301;1;8.0;2025-12-12;Neutro
13208493;1;8.0;2025-05-06;Neutro
13211670;1;10.0;2025-03-18;Promotor
13212330;1;10.0;2025-02-26;Promotor
13214512;2;10.0;2026-01-20;Promotor
13220518;1;10.0;2026-07-10;Promotor
13223012;1;10.0;2026-02-11;Promotor
13226955;1;10.0;2025-03-11;Promotor
13228704;1;3.0;2025-04-25;Detrator
13246412;1;10.0;2025-09-09;Promotor
13246755;1;10.0;2025-02-12;Promotor
13247209;1;0.0;2026-06-09;Detrator
13249911;1;10.0;2025-02-11;Promotor
13255206;2;10.0;2026-01-13;Promotor
13255757;1;9.0;2025-04-11;Promotor
13257753;1;10.0;2025-04-19;Promotor
13261576;2;4.5;2025-11-04;Neutro
13274551;1;10.0;2025-04-16;Promotor
13274899;4;8.2;2026-04-14;Neutro
13275427;4;10.0;2026-01-21;Promotor
13279086;1;10.0;2026-04-08;Promotor
13279790;1;9.0;2025-02-18;Promotor
13280971;1;9.0;2025-06-13;Promotor
13281016;2;10.0;2026-05-15;Promotor
13287995;1;8.0;2025-02-04;Neutro
13289612;5;9.6;2026-05-26;Promotor
13292027;1;5.0;2026-03-13;Detrator
13295703;1;10.0;2025-09-02;Promotor
13302442;1;9.0;2026-02-25;Promotor
13302729;1;10.0;2025-05-21;Promotor
13305972;1;10.0;2026-06-10;Promotor
13306008;1;10.0;2025-11-11;Promotor
13306618;1;10.0;2025-02-18;Promotor
13309951;4;9.8;2025-11-04;Promotor
13311081;1;10.0;2025-05-14;Promotor
13317386;1;9.0;2025-06-09;Promotor
13318410;2;8.5;2025-06-24;Promotor
13324081;1;10.0;2025-08-20;Promotor
13324138;1;10.0;2025-01-07;Promotor
1332557;1;9.0;2025-04-05;Promotor
13325943;2;8.5;2026-01-09;Neutro
13339083;2;9.0;2026-02-24;Promotor
13339390;1;9.0;2025-09-27;Promotor
13340203;2;9.5;2025-10-28;Promotor
13341051;1;0.0;2025-03-21;Detrator
13344130;1;2.0;2026-02-24;Detrator
13352589;2;8.5;2025-03-11;Neutro
13356318;3;9.3;2026-02-11;Neutro
13360618;1;6.0;2025-08-26;Detrator
13364905;1;9.0;2025-05-09;Promotor
1336508;1;9.0;2025-05-10;Promotor
13370006;2;8.0;2026-06-02;Neutro
13370517;1;8.0;2025-06-06;Neutro
13370537;1;10.0;2025-02-18;Promotor
13372525;3;9.0;2025-07-29;Promotor
13372720;1;9.0;2025-09-12;Promotor
13372919;1;10.0;2025-09-24;Promotor
13373239;4;10.0;2026-07-07;Promotor
13375250;1;0.0;2026-05-15;Detrator
13386103;1;10.0;2025-06-10;Promotor
13387930;2;10.0;2025-11-18;Promotor
13388169;1;10.0;2026-04-02;Promotor
13390496;3;9.7;2026-03-24;Promotor
13391216;1;10.0;2025-11-21;Promotor
13391836;2;9.0;2025-02-14;Promotor
13393360;1;10.0;2025-06-12;Promotor
13393405;1;10.0;2026-06-22;Promotor
13393941;1;10.0;2026-01-06;Promotor
13394525;1;10.0;2025-02-26;Promotor
13394567;1;10.0;2025-07-01;Promotor
13394942;2;7.5;2026-03-06;Neutro
13396136;3;9.3;2026-05-23;Neutro
13396903;4;10.0;2025-11-15;Promotor
13402430;1;10.0;2026-03-13;Promotor
13402773;1;5.0;2025-01-17;Detrator
13404877;2;2.5;2026-05-28;Detrator
13405134;2;10.0;2025-04-18;Promotor
13405442;1;10.0;2026-06-12;Promotor
13406211;1;10.0;2025-02-08;Promotor
13407433;3;9.7;2025-10-17;Promotor
13407872;1;6.0;2025-07-05;Detrator
13416369;1;9.0;2025-08-19;Promotor
13421964;2;10.0;2026-01-28;Promotor
13426151;1;10.0;2026-02-10;Promotor
13433219;1;10.0;2025-04-16;Promotor
13436296;2;10.0;2025-10-04;Promotor
13443473;1;10.0;2025-07-10;Promotor
1344393;1;5.0;2026-06-04;Detrator
13446618;1;1.0;2025-03-25;Detrator
13446817;2;10.0;2025-06-03;Promotor
13448551;1;10.0;2025-08-21;Promotor
13449775;1;10.0;2026-04-26;Promotor
1345044;1;9.0;2026-05-05;Promotor
13455225;5;10.0;2026-01-21;Promotor
13455848;1;10.0;2025-08-20;Promotor
13465599;2;10.0;2025-09-24;Promotor
13467559;3;10.0;2026-06-25;Promotor
13469583;1;6.0;2025-10-08;Detrator
13474516;1;10.0;2026-05-05;Promotor
13475111;1;10.0;2025-04-29;Promotor
13476094;1;9.0;2025-05-07;Promotor
13476344;2;10.0;2026-07-14;Promotor
13476975;1;10.0;2025-09-24;Promotor
13477076;1;3.0;2025-09-05;Detrator
13491233;1;10.0;2025-05-21;Promotor
13491596;1;9.0;2025-06-07;Promotor
13491697;1;10.0;2025-09-25;Promotor
13497191;2;9.5;2025-10-04;Promotor
13498507;1;10.0;2026-02-04;Promotor
13498700;1;10.0;2025-10-29;Promotor
13499084;2;9.5;2025-09-30;Promotor
13499104;1;10.0;2026-04-09;Promotor
13501908;1;9.0;2025-03-19;Promotor
1350361;2;5.0;2026-01-30;Detrator
13514344;1;10.0;2025-05-09;Promotor
13515259;1;10.0;2025-04-22;Promotor
13516706;2;10.0;2025-12-02;Promotor
13517100;2;10.0;2025-12-15;Promotor
13517169;2;6.0;2025-09-24;Promotor
1352033;3;10.0;2025-09-24;Promotor
13524114;2;10.0;2026-07-14;Promotor
13525748;2;10.0;2026-05-20;Promotor
13525779;1;10.0;2025-05-27;Promotor
13528185;1;10.0;2026-05-25;Promotor
13528643;1;10.0;2025-06-04;Promotor
13528746;1;10.0;2025-07-09;Promotor
13528992;1;10.0;2026-04-15;Promotor
13529199;1;5.0;2025-01-24;Detrator
13538800;1;10.0;2025-05-15;Promotor
13539594;3;9.0;2025-09-24;Promotor
13542301;2;10.0;2026-02-24;Promotor
13544599;1;10.0;2025-03-21;Promotor
13545192;2;4.5;2026-06-18;Detrator
13545806;1;8.0;2025-07-01;Neutro
13545907;1;9.0;2025-12-16;Promotor
13551915;1;6.0;2026-06-09;Detrator
13555049;1;10.0;2026-04-29;Promotor
13555124;1;10.0;2025-09-14;Promotor
13557756;1;10.0;2025-03-29;Promotor
13559618;2;10.0;2025-12-02;Promotor
13566733;1;9.0;2026-03-20;Promotor
13567774;3;6.7;2025-10-24;Promotor
13572061;4;10.0;2025-09-12;Promotor
13572527;1;10.0;2025-02-07;Promotor
13576287;2;9.5;2026-03-05;Promotor
1357861;1;10.0;2025-10-04;Promotor
13580287;1;0.0;2026-03-07;Detrator
13580877;2;10.0;2026-04-30;Promotor
13585175;1;10.0;2026-07-01;Promotor
13594180;5;9.8;2025-11-04;Promotor
13594299;1;5.0;2026-05-17;Detrator
13595160;6;9.7;2025-12-03;Promotor
13595894;5;10.0;2026-04-10;Promotor
1359968;1;10.0;2025-03-11;Promotor
13599846;1;10.0;2026-03-12;Promotor
13607711;3;10.0;2025-10-04;Promotor
13609412;1;10.0;2025-01-21;Promotor
13609562;1;2.0;2025-07-12;Detrator
13612810;1;8.0;2025-07-31;Neutro
13613473;2;10.0;2025-08-22;Promotor
13614663;2;10.0;2025-09-09;Promotor
13623441;1;10.0;2025-11-04;Promotor
13636953;1;10.0;2025-11-25;Promotor
13638370;1;10.0;2025-05-30;Promotor
13641806;1;8.0;2025-06-20;Neutro
13642002;1;10.0;2026-05-13;Promotor
13644228;1;10.0;2025-09-24;Promotor
13653482;3;10.0;2026-05-27;Promotor
13654583;1;10.0;2025-02-11;Promotor
13659683;3;10.0;2026-06-20;Promotor
13659907;1;10.0;2025-06-20;Promotor
13669484;1;10.0;2026-03-24;Promotor
1367406;1;10.0;2025-08-05;Promotor
13674495;1;8.0;2025-07-29;Neutro
13675614;1;10.0;2025-11-17;Promotor
13686381;1;10.0;2026-05-26;Promotor
13686477;1;10.0;2025-08-26;Promotor
13689059;1;8.0;2025-08-19;Neutro
13690188;1;9.0;2025-03-26;Promotor
13695067;1;10.0;2025-09-27;Promotor
13701767;3;10.0;2025-12-10;Promotor
13702863;1;7.0;2025-08-01;Neutro
13705210;1;0.0;2025-03-25;Detrator
13706353;1;10.0;2025-08-12;Promotor
13707057;1;9.0;2025-01-02;Promotor
13718548;1;10.0;2025-01-31;Promotor
13719350;1;10.0;2025-03-10;Promotor
13720396;1;9.0;2026-03-23;Promotor
13731446;1;8.0;2025-10-30;Neutro
13732903;1;1.0;2026-05-08;Detrator
13745238;3;10.0;2025-10-24;Promotor
13768974;3;9.7;2026-05-13;Promotor
13772358;2;6.5;2025-09-24;Detrator
13772646;1;10.0;2025-10-01;Promotor
13774087;1;0.0;2025-04-25;Detrator
13788092;2;10.0;2025-05-27;Promotor
13804404;2;10.0;2026-04-10;Promotor
13808325;1;10.0;2025-10-01;Promotor
13810414;1;9.0;2025-08-13;Promotor
13816560;3;9.0;2025-09-25;Promotor
13816750;2;10.0;2025-05-27;Promotor
13816829;1;10.0;2026-04-08;Promotor
1381727;1;9.0;2025-02-18;Promotor
13823235;3;10.0;2025-08-26;Promotor
13823666;1;10.0;2026-02-25;Promotor
13826953;2;9.0;2026-04-22;Promotor
13827906;1;10.0;2025-08-12;Promotor
13829603;1;10.0;2026-03-29;Promotor
13844601;1;9.0;2025-08-30;Promotor
13844917;1;10.0;2025-08-08;Promotor
13845404;2;8.5;2025-06-25;Promotor
13848274;2;10.0;2025-11-19;Promotor
13850743;1;10.0;2026-01-20;Promotor
13856727;1;10.0;2025-10-04;Promotor
13856977;1;10.0;2025-07-18;Promotor
13867955;4;10.0;2026-02-11;Promotor
13883865;1;7.0;2025-04-25;Neutro
13885372;2;10.0;2026-04-28;Promotor
13885578;2;10.0;2025-06-11;Promotor
13887371;1;10.0;2026-02-05;Promotor
138874;1;10.0;2025-10-01;Promotor
13889562;1;0.0;2025-03-14;Detrator
13897311;1;10.0;2025-08-20;Promotor
13898296;1;8.0;2025-11-28;Neutro
13901361;2;10.0;2026-01-14;Promotor
13901972;1;9.0;2025-08-06;Promotor
13925192;4;10.0;2025-10-24;Promotor
13930612;4;7.5;2025-09-27;Neutro
13937772;1;8.0;2025-01-29;Neutro
13975362;2;10.0;2025-10-27;Promotor
13976057;3;9.7;2026-02-05;Promotor
13977505;1;9.0;2025-02-07;Promotor
13981945;5;10.0;2025-10-29;Promotor
13982752;1;10.0;2025-11-04;Promotor
13984925;1;10.0;2026-01-19;Promotor
13985675;1;9.0;2025-05-26;Promotor
13988960;1;10.0;2026-01-12;Promotor
13989130;2;8.0;2025-12-30;Neutro
13992303;1;10.0;2026-01-30;Promotor
14003740;1;8.0;2026-02-10;Neutro
14008562;1;9.0;2025-11-05;Promotor
14009308;3;4.3;2025-11-02;Detrator
14011064;1;10.0;2025-08-27;Promotor
14042856;1;10.0;2025-01-23;Promotor
14052561;1;10.0;2025-09-26;Promotor
14055782;1;10.0;2026-05-13;Promotor
14059349;2;10.0;2025-07-17;Promotor
14084176;5;10.0;2026-07-01;Promotor
14084684;1;2.0;2025-02-26;Detrator
14086124;1;10.0;2025-11-01;Promotor
1410358;3;9.7;2026-07-07;Promotor
14117608;1;0.0;2025-08-19;Detrator
14119710;1;9.0;2025-03-19;Promotor
14120221;1;10.0;2025-12-05;Promotor
14120673;1;9.0;2025-08-06;Promotor
14132516;2;9.0;2025-07-09;Promotor
14138868;1;10.0;2026-07-08;Promotor
1413971;3;8.0;2025-10-22;Detrator
14144781;1;7.0;2025-02-07;Neutro
14153;1;10.0;2026-06-11;Promotor
14156309;2;8.0;2025-09-10;Detrator
14157528;1;9.0;2026-03-30;Promotor
14159862;1;8.0;2025-08-27;Neutro
14166502;2;8.5;2025-09-03;Neutro
14169924;2;10.0;2026-04-15;Promotor
14172275;1;10.0;2025-04-08;Promotor
14172591;3;9.0;2026-05-07;Promotor
14172620;1;10.0;2025-01-15;Promotor
14178699;3;9.7;2025-12-12;Promotor
14199761;1;10.0;2025-02-03;Promotor
14206141;1;0.0;2025-08-19;Detrator
14206151;1;10.0;2026-06-03;Promotor
14217877;3;9.7;2026-04-08;Promotor
14221460;1;10.0;2025-04-03;Promotor
14224850;2;10.0;2025-07-04;Promotor
14226070;3;10.0;2025-12-24;Promotor
14238785;1;9.0;2026-06-23;Promotor
14245471;1;8.0;2026-06-02;Neutro
14252582;1;4.0;2026-04-14;Detrator
14252864;1;10.0;2025-09-19;Promotor
14259585;1;10.0;2025-10-02;Promotor
14266459;2;9.0;2025-11-12;Promotor
1426712;1;10.0;2025-02-21;Promotor
14267231;1;1.0;2026-03-17;Detrator
14279195;1;10.0;2025-09-26;Promotor
14280008;2;9.0;2026-06-30;Promotor
14284449;1;10.0;2026-06-16;Promotor
14289894;1;7.0;2025-05-17;Neutro
14290083;1;10.0;2025-01-09;Promotor
14294530;1;10.0;2025-02-11;Promotor
14297583;1;10.0;2025-09-05;Promotor
14301468;2;10.0;2026-05-20;Promotor
14309852;2;10.0;2026-03-04;Promotor
14311619;1;6.0;2025-12-09;Detrator
14332992;4;4.0;2026-06-19;Detrator
14373978;1;9.0;2025-01-08;Promotor
14374132;1;10.0;2025-01-17;Promotor
14387554;1;2.0;2025-08-15;Detrator
14392098;1;10.0;2025-12-09;Promotor
14459011;3;10.0;2025-10-14;Promotor
14463398;1;10.0;2025-04-07;Promotor
14467329;1;10.0;2026-03-03;Promotor
14467574;2;7.0;2025-12-19;Promotor
14470107;3;9.7;2025-10-15;Promotor
14470291;1;9.0;2025-09-10;Promotor
14471331;1;7.0;2025-08-01;Neutro
14474983;1;10.0;2025-10-31;Promotor
14477879;1;10.0;2026-05-27;Promotor
14482998;2;8.0;2025-09-24;Neutro
14485088;1;10.0;2026-03-27;Promotor
14490274;2;5.0;2026-04-08;Detrator
14493084;1;10.0;2025-01-15;Promotor
14493108;2;10.0;2026-04-01;Promotor
14508317;1;8.0;2025-06-21;Neutro
14508846;1;10.0;2025-11-25;Promotor
14515982;1;10.0;2025-08-20;Promotor
14517118;1;10.0;2026-03-27;Promotor
14527915;1;10.0;2025-08-20;Promotor
14529191;1;10.0;2025-07-24;Promotor
14532511;1;10.0;2025-02-12;Promotor
14548179;2;10.0;2025-04-01;Promotor
14553048;1;10.0;2025-02-04;Promotor
14559678;2;10.0;2025-10-04;Promotor
14566030;1;10.0;2026-05-26;Promotor
14566874;2;9.0;2025-12-03;Promotor
14575255;1;9.0;2025-10-08;Promotor
14576438;1;10.0;2025-10-04;Promotor
14578563;1;7.0;2026-02-11;Neutro
14605321;1;5.0;2025-05-23;Detrator
14606286;1;10.0;2025-02-14;Promotor
14610378;2;9.5;2025-10-31;Promotor
1461224;1;10.0;2026-01-21;Promotor
14632198;1;7.0;2026-02-06;Neutro
14635189;1;10.0;2026-02-24;Promotor
14639679;1;9.0;2025-09-24;Promotor
14642235;1;5.0;2025-06-03;Detrator
14645818;1;10.0;2026-05-28;Promotor
14647218;1;10.0;2025-07-09;Promotor
14647276;1;9.0;2025-06-11;Promotor
14651405;2;10.0;2026-05-27;Promotor
14653817;2;8.5;2025-10-30;Promotor
14654391;1;10.0;2025-02-18;Promotor
14670189;2;10.0;2026-06-11;Promotor
14670294;1;10.0;2025-08-22;Promotor
14672435;2;10.0;2026-03-10;Promotor
14676010;1;10.0;2025-03-20;Promotor
14676070;1;10.0;2025-09-25;Promotor
14676621;2;9.5;2025-10-14;Promotor
14677577;1;8.0;2025-08-15;Neutro
14678025;2;10.0;2025-09-27;Promotor
14679924;1;10.0;2026-03-12;Promotor
14688514;2;9.5;2026-02-25;Promotor
14693727;1;10.0;2025-01-24;Promotor
1469387;1;10.0;2026-05-16;Promotor
14694109;2;10.0;2026-05-21;Promotor
14703312;1;10.0;2025-08-23;Promotor
14704223;5;10.0;2026-07-08;Promotor
14717680;1;8.0;2025-05-23;Neutro
14720095;1;8.0;2026-05-15;Neutro
14720404;1;10.0;2026-06-16;Promotor
14729347;1;10.0;2025-03-13;Promotor
14729382;1;10.0;2025-09-24;Promotor
14729853;1;10.0;2026-02-27;Promotor
14731765;4;9.5;2025-11-25;Promotor
14736880;1;10.0;2025-07-22;Promotor
14739245;1;10.0;2025-07-30;Promotor
14739536;1;10.0;2025-09-02;Promotor
14741979;2;10.0;2025-08-26;Promotor
14742107;1;10.0;2025-06-13;Promotor
14742812;1;10.0;2025-12-16;Promotor
14744238;6;10.0;2026-03-17;Promotor
14761640;1;7.0;2025-10-15;Neutro
14763910;1;10.0;2026-02-09;Promotor
14764727;1;10.0;2025-09-27;Promotor
14765191;1;9.0;2025-02-27;Promotor
14766629;1;10.0;2025-03-19;Promotor
14767841;1;8.0;2025-01-11;Neutro
14769055;2;10.0;2025-07-10;Promotor
1476937;1;10.0;2025-09-30;Promotor
14772023;2;9.5;2026-04-01;Promotor
14772096;2;10.0;2026-01-28;Promotor
14772653;2;10.0;2026-05-19;Promotor
14780951;1;10.0;2025-03-28;Promotor
14791232;1;8.0;2025-06-18;Neutro
14792544;1;10.0;2025-07-17;Promotor
14794902;1;6.0;2026-02-10;Detrator
14795153;1;9.0;2025-10-24;Promotor
14809279;1;10.0;2025-06-06;Promotor
14814812;1;10.0;2026-05-29;Promotor
14820582;1;1.0;2025-08-12;Detrator
14825391;1;10.0;2026-04-07;Promotor
14828440;1;10.0;2025-07-29;Promotor
14832771;1;10.0;2025-12-16;Promotor
14834089;1;10.0;2026-03-31;Promotor
14834155;1;10.0;2025-06-25;Promotor
1483428;1;10.0;2025-09-02;Promotor
14845991;1;10.0;2025-05-13;Promotor
14847016;3;10.0;2026-06-16;Promotor
14849818;1;10.0;2025-07-08;Promotor
14865734;1;10.0;2025-04-09;Promotor
14866057;1;10.0;2025-02-05;Promotor
14866849;1;5.0;2025-08-29;Detrator
14868350;1;9.0;2026-06-16;Promotor
14875921;1;8.0;2025-08-06;Neutro
148812;2;9.0;2025-11-25;Promotor
14882135;1;10.0;2025-08-22;Promotor
14884556;1;8.0;2026-01-27;Neutro
14885766;3;9.3;2025-09-24;Promotor
14887071;2;10.0;2025-09-25;Promotor
14890598;1;10.0;2025-09-27;Promotor
14904714;2;5.5;2025-04-25;Detrator
14910648;1;10.0;2026-03-07;Promotor
14914922;1;10.0;2025-08-12;Promotor
14927612;1;10.0;2025-03-21;Promotor
14931011;3;8.7;2025-06-20;Neutro
14931332;3;9.0;2025-11-18;Promotor
14932127;1;10.0;2026-03-24;Promotor
14932273;1;6.0;2025-01-07;Detrator
14935480;1;8.0;2026-02-27;Neutro
14935842;2;10.0;2025-05-30;Promotor
1494617;1;10.0;2025-02-01;Promotor
14946254;1;9.0;2025-10-24;Promotor
14946457;1;0.0;2025-03-04;Detrator
14947176;1;9.0;2026-05-13;Promotor
14950907;2;10.0;2025-12-17;Promotor
14954416;1;10.0;2026-05-15;Promotor
14954789;1;10.0;2025-09-09;Promotor
14956077;1;0.0;2025-08-22;Detrator
14957831;1;10.0;2025-04-07;Promotor
14959910;1;10.0;2026-03-27;Promotor
14962138;2;9.0;2025-05-13;Promotor
14963882;1;10.0;2025-09-03;Promotor
14964133;1;10.0;2026-03-18;Promotor
14971930;1;10.0;2026-02-27;Promotor
14974896;1;8.0;2025-01-14;Neutro
14977182;2;10.0;2026-03-31;Promotor
14984866;1;8.0;2026-01-27;Neutro
14990498;2;10.0;2025-03-05;Promotor
14999858;1;10.0;2025-07-15;Promotor
15001648;3;10.0;2025-09-26;Promotor
15001680;1;9.0;2025-04-09;Promotor
15011387;1;9.0;2025-10-01;Promotor
15011884;1;8.0;2026-02-03;Neutro
15012833;1;9.0;2025-02-25;Promotor
15015624;3;9.3;2025-11-28;Promotor
15017630;1;10.0;2025-06-24;Promotor
15026695;2;10.0;2025-05-13;Promotor
15027292;1;10.0;2026-07-08;Promotor
15027579;1;10.0;2025-02-11;Promotor
15030009;1;7.0;2026-06-30;Neutro
15030452;1;7.0;2025-07-24;Neutro
15030628;4;9.5;2026-01-13;Promotor
1503373;3;6.7;2026-07-02;Promotor
15034234;2;10.0;2025-09-05;Promotor
15034349;3;10.0;2025-09-24;Promotor
15037061;1;3.0;2025-07-25;Detrator
1504388;1;9.0;2025-05-29;Promotor
15052466;3;9.7;2025-10-29;Promotor
15052881;1;10.0;2026-04-03;Promotor
15053452;1;10.0;2025-04-22;Promotor
15054011;4;10.0;2026-05-20;Promotor
15061904;2;9.5;2025-09-24;Promotor
15078026;1;10.0;2025-11-04;Promotor
15082350;2;7.5;2025-05-20;Promotor
15083310;1;10.0;2025-02-12;Promotor
15092680;1;10.0;2026-05-27;Promotor
15093383;1;0.0;2025-03-07;Detrator
15098443;1;8.0;2026-02-24;Neutro
15107746;1;10.0;2026-03-04;Promotor
15110394;1;9.0;2026-07-21;Promotor
15110487;1;10.0;2025-08-21;Promotor
15110947;1;8.0;2026-05-12;Neutro
15113429;1;7.0;2025-12-23;Neutro
15113807;2;10.0;2026-05-13;Promotor
15114461;1;10.0;2026-01-02;Promotor
15119093;1;5.0;2025-10-04;Detrator
15121287;2;10.0;2026-03-18;Promotor
15123604;1;10.0;2025-04-03;Promotor
15140399;2;10.0;2025-09-24;Promotor
15140746;1;10.0;2026-03-26;Promotor
1514226;3;8.3;2026-06-19;Detrator
15142314;1;4.0;2026-01-30;Detrator
15142400;1;10.0;2025-06-27;Promotor
15147404;1;5.0;2025-06-24;Detrator
15151574;3;9.7;2026-02-11;Promotor
1515703;1;10.0;2025-08-29;Promotor
15158783;3;10.0;2025-12-19;Promotor
15167172;2;10.0;2025-08-18;Promotor
15169578;1;10.0;2025-07-18;Promotor
15170692;1;10.0;2026-07-03;Promotor
1517490;2;10.0;2026-01-28;Promotor
15175094;1;9.0;2025-09-24;Promotor
15176431;1;9.0;2026-03-10;Promotor
15181482;1;10.0;2025-05-09;Promotor
15184751;6;7.5;2026-01-20;Promotor
15185843;1;9.0;2026-06-05;Promotor
15186513;1;10.0;2025-08-16;Promotor
15196609;2;10.0;2026-07-01;Promotor
15202250;1;8.0;2026-03-25;Neutro
15202741;1;10.0;2026-05-13;Promotor
15210236;2;10.0;2025-09-04;Promotor
15213287;1;1.0;2026-02-10;Detrator
15215742;1;10.0;2025-03-28;Promotor
15215810;1;10.0;2025-08-22;Promotor
15227182;1;2.0;2025-04-29;Detrator
15227406;2;9.5;2025-05-14;Promotor
15232242;1;10.0;2025-02-25;Promotor
15238909;1;10.0;2026-03-24;Promotor
15239297;8;10.0;2026-04-08;Promotor
15241980;1;9.0;2025-06-10;Promotor
15246216;2;10.0;2025-11-06;Promotor
15257083;1;8.0;2026-03-25;Neutro
15263061;1;10.0;2025-07-29;Promotor
15264560;2;0.0;2025-09-24;Detrator
15267528;1;10.0;2025-03-23;Promotor
15269189;1;10.0;2025-08-23;Promotor
15273206;1;7.0;2025-06-03;Neutro
15285458;1;2.0;2025-03-30;Detrator
15288190;1;6.0;2026-03-04;Detrator
15289167;1;10.0;2025-02-13;Promotor
15291438;1;0.0;2025-09-09;Detrator
15291616;1;10.0;2025-07-21;Promotor
15292606;1;10.0;2025-10-31;Promotor
15293366;1;10.0;2025-08-15;Promotor
15298386;1;10.0;2025-05-07;Promotor
15299331;1;7.0;2025-06-06;Neutro
1530553;2;10.0;2025-09-03;Promotor
1530616;1;10.0;2026-02-18;Promotor
15316317;2;10.0;2025-11-04;Promotor
15316458;1;10.0;2026-03-28;Promotor
1531842;1;9.0;2025-02-12;Promotor
15320399;3;10.0;2026-03-11;Promotor
15323497;1;10.0;2025-10-21;Promotor
15329777;1;10.0;2025-02-18;Promotor
15329911;1;0.0;2026-03-13;Detrator
1533141;3;9.7;2025-09-09;Promotor
153526;1;10.0;2026-05-13;Promotor
15360346;2;7.0;2025-10-04;Detrator
15377158;2;10.0;2026-03-25;Promotor
15382952;1;9.0;2026-04-07;Promotor
15385870;2;8.0;2026-04-15;Neutro
15385931;2;10.0;2026-07-07;Promotor
15392712;1;10.0;2025-06-27;Promotor
15394548;1;10.0;2025-07-03;Promotor
15406414;3;10.0;2025-09-19;Promotor
15413037;1;10.0;2025-03-11;Promotor
15416528;1;10.0;2025-08-26;Promotor
15420926;2;6.5;2026-03-12;Promotor
1542486;1;10.0;2026-04-09;Promotor
15425736;2;9.5;2025-12-30;Promotor
15426782;1;9.0;2026-04-29;Promotor
15435518;1;10.0;2026-06-11;Promotor
15435833;1;10.0;2026-03-11;Promotor
1543872;2;10.0;2025-03-27;Promotor
1543961;1;10.0;2026-04-16;Promotor
15440895;1;10.0;2026-06-30;Promotor
15441260;1;0.0;2025-09-24;Detrator
15444626;1;7.0;2026-04-17;Neutro
15445176;2;9.0;2026-04-01;Neutro
15454601;1;10.0;2025-08-21;Promotor
154694;4;9.2;2026-06-21;Promotor
1547356;1;7.0;2026-02-18;Neutro
15475000;2;9.0;2025-07-29;Promotor
15477389;1;10.0;2026-02-24;Promotor
15480159;1;10.0;2025-08-16;Promotor
15481035;1;10.0;2025-09-24;Promotor
15481497;1;10.0;2025-11-11;Promotor
15481836;1;10.0;2026-04-01;Promotor
15486739;1;9.0;2026-05-27;Promotor
15487508;1;10.0;2025-03-06;Promotor
15487544;2;10.0;2026-03-03;Promotor
15488174;1;9.0;2026-06-05;Promotor
15503779;1;9.0;2025-03-21;Promotor
15505540;1;10.0;2025-09-24;Promotor
15506431;2;10.0;2025-06-20;Promotor
15513167;1;10.0;2025-06-03;Promotor
15514118;1;10.0;2025-01-17;Promotor
15515340;1;10.0;2025-07-01;Promotor
15520301;1;10.0;2026-05-27;Promotor
15529773;3;9.7;2026-04-16;Promotor
15537206;1;8.0;2026-05-19;Neutro
15537972;3;8.3;2026-03-31;Promotor
15538129;1;10.0;2025-10-16;Promotor
15540057;1;8.0;2025-01-02;Neutro
15543415;1;10.0;2026-07-16;Promotor
15544660;1;10.0;2025-08-20;Promotor
15549793;1;10.0;2025-05-20;Promotor
15559855;1;10.0;2025-05-31;Promotor
15564371;3;9.0;2026-06-02;Promotor
15571172;1;10.0;2025-08-19;Promotor
15588089;1;10.0;2025-04-16;Promotor
15598038;1;10.0;2025-07-16;Promotor
15600668;1;3.0;2026-02-13;Detrator
15604704;1;0.0;2026-02-27;Detrator
1560695;1;10.0;2026-01-16;Promotor
15608744;2;10.0;2026-03-31;Promotor
15610154;1;10.0;2025-05-30;Promotor
1561680;1;7.0;2025-02-07;Neutro
15629764;1;10.0;2026-04-21;Promotor
15633416;2;10.0;2026-06-02;Promotor
15635657;1;10.0;2025-09-02;Promotor
15638692;1;10.0;2025-02-05;Promotor
1563940;1;10.0;2025-04-25;Promotor
15639865;1;10.0;2025-04-11;Promotor
15641372;2;10.0;2025-11-13;Promotor
15658365;1;8.0;2026-02-19;Neutro
15660955;1;10.0;2025-08-16;Promotor
15669844;1;10.0;2025-03-19;Promotor
15670762;2;10.0;2025-09-06;Promotor
15679866;2;10.0;2026-02-06;Promotor
15689316;1;9.0;2026-06-19;Promotor
15692670;1;10.0;2025-05-28;Promotor
15694759;1;9.0;2026-01-21;Promotor
15696264;1;10.0;2025-02-12;Promotor
15721732;1;6.0;2026-01-13;Detrator
157244;3;0.0;2026-03-10;Detrator
15735744;1;10.0;2025-09-25;Promotor
15736570;3;5.3;2026-03-12;Neutro
1574470;1;9.0;2026-05-21;Promotor
1574648;2;9.0;2025-09-27;Promotor
15748390;1;10.0;2025-08-24;Promotor
15748911;1;10.0;2025-07-25;Promotor
15750436;1;10.0;2026-05-05;Promotor
1575136;2;8.5;2026-03-11;Promotor
15751599;1;10.0;2026-07-14;Promotor
15752992;1;10.0;2025-06-26;Promotor
15753503;1;3.0;2025-09-09;Detrator
15753821;1;0.0;2026-03-10;Detrator
15754008;1;9.0;2025-07-01;Promotor
15758502;1;10.0;2026-05-20;Promotor
15758810;1;9.0;2025-12-31;Promotor
15760793;1;10.0;2025-12-26;Promotor
15760913;1;8.0;2025-09-24;Neutro
15766449;2;9.5;2025-11-18;Promotor
15768191;1;10.0;2025-08-21;Promotor
15768543;1;10.0;2025-03-29;Promotor
15768579;1;10.0;2026-03-25;Promotor
15784740;1;10.0;2026-01-28;Promotor
15794188;1;10.0;2025-06-14;Promotor
15795086;1;10.0;2025-06-17;Promotor
15799774;2;10.0;2026-07-01;Promotor
15800408;1;0.0;2026-03-24;Detrator
15819921;1;5.0;2025-05-08;Detrator
15821038;1;10.0;2026-04-08;Promotor
15830329;1;7.0;2025-09-25;Neutro
15830671;1;10.0;2025-05-20;Promotor
15835112;1;9.0;2025-05-09;Promotor
15847093;4;10.0;2026-06-03;Promotor
15857500;1;10.0;2025-05-20;Promotor
15857739;1;10.0;2026-07-15;Promotor
15886199;1;7.0;2025-04-22;Neutro
15886329;1;0.0;2025-02-25;Detrator
15890804;3;10.0;2026-01-09;Promotor
15906872;1;10.0;2025-11-19;Promotor
1592102;1;10.0;2026-02-25;Promotor
15929390;1;9.0;2025-09-12;Promotor
1594092;2;10.0;2025-04-08;Promotor
15947094;1;10.0;2025-01-02;Promotor
15985119;1;10.0;2025-11-26;Promotor
16004537;1;10.0;2025-08-06;Promotor
16005353;4;9.5;2026-04-22;Promotor
1602005;2;10.0;2025-06-21;Promotor
16066398;1;10.0;2025-02-11;Promotor
16081218;2;10.0;2026-04-01;Promotor
16089913;3;9.0;2026-05-24;Neutro
16099267;1;9.0;2026-04-15;Promotor
16101022;2;7.0;2026-03-21;Detrator
16103150;1;10.0;2025-04-06;Promotor
16105095;2;4.5;2026-05-16;Promotor
16105378;1;10.0;2025-05-02;Promotor
16115463;1;0.0;2026-03-13;Detrator
16120458;1;10.0;2025-05-09;Promotor
16142919;1;10.0;2025-08-20;Promotor
16155487;2;5.0;2025-07-15;Detrator
16163602;1;10.0;2025-01-15;Promotor
16168933;2;10.0;2026-04-15;Promotor
16172088;1;10.0;2025-08-26;Promotor
16179225;1;10.0;2026-04-29;Promotor
16200562;1;10.0;2025-09-25;Promotor
16201474;1;10.0;2026-04-21;Promotor
16201522;1;10.0;2025-01-29;Promotor
16208049;1;10.0;2025-09-24;Promotor
16208195;1;10.0;2025-09-24;Promotor
16224990;1;10.0;2025-02-11;Promotor
16230160;1;10.0;2026-05-27;Promotor
16232441;2;10.0;2025-06-20;Promotor
16240847;2;10.0;2025-12-31;Promotor
16248381;1;10.0;2025-08-27;Promotor
16248898;2;10.0;2025-05-06;Promotor
16250081;1;10.0;2026-02-03;Promotor
16263110;1;10.0;2026-06-23;Promotor
16265421;2;10.0;2025-10-29;Promotor
16286388;1;10.0;2025-06-13;Promotor
16311749;1;10.0;2025-06-25;Promotor
16313130;1;8.0;2025-03-12;Neutro
16317596;1;8.0;2026-05-07;Neutro
16325216;1;10.0;2025-04-17;Promotor
16327789;3;10.0;2026-02-24;Promotor
163485;5;9.2;2026-05-19;Promotor
16372623;1;9.0;2025-07-11;Promotor
16374951;1;10.0;2025-09-12;Promotor
1638603;1;5.0;2025-03-15;Detrator
16387775;2;10.0;2025-06-17;Promotor
16389441;1;9.0;2025-04-22;Promotor
16398694;2;5.0;2025-06-27;Detrator
16403506;1;10.0;2025-04-18;Promotor
1641340;1;8.0;2025-02-14;Neutro
16417703;1;8.0;2026-02-14;Neutro
16417761;1;9.0;2025-08-27;Promotor
1641960;1;10.0;2026-02-21;Promotor
16430129;1;10.0;2025-09-27;Promotor
16431899;1;10.0;2025-08-09;Promotor
16435676;2;10.0;2025-08-25;Promotor
16436846;1;10.0;2026-05-07;Promotor
16449316;1;10.0;2025-07-28;Promotor
16453303;1;8.0;2025-01-13;Neutro
16454162;1;0.0;2026-05-08;Detrator
16473054;1;10.0;2026-05-12;Promotor
16474638;1;10.0;2025-05-27;Promotor
16474767;1;10.0;2026-03-20;Promotor
16476743;1;9.0;2026-05-20;Promotor
16476757;1;10.0;2025-05-08;Promotor
16477045;1;10.0;2026-03-26;Promotor
16479548;3;8.7;2025-12-16;Promotor
16487164;2;9.5;2025-09-24;Promotor
16487761;1;9.0;2025-01-28;Promotor
16490670;1;10.0;2025-07-08;Promotor
16492394;2;6.5;2026-04-28;Detrator
16493021;1;10.0;2025-10-15;Promotor
16494012;1;10.0;2025-11-11;Promotor
1651292;2;8.5;2026-06-11;Neutro
16516734;1;9.0;2025-09-12;Promotor
1651713;1;10.0;2026-03-11;Promotor
16528123;1;9.0;2025-08-05;Promotor
1654026;1;9.0;2025-09-02;Promotor
16541005;1;10.0;2025-10-28;Promotor
16543067;2;9.5;2025-06-27;Promotor
16550751;1;8.0;2025-09-29;Neutro
16558142;2;10.0;2025-06-10;Promotor
16560521;3;10.0;2026-05-20;Promotor
16561659;2;10.0;2026-03-03;Promotor
16561767;1;0.0;2025-03-11;Detrator
16561835;1;10.0;2026-03-10;Promotor
16562923;2;9.0;2025-08-29;Promotor
16563200;1;9.0;2025-01-14;Promotor
16569320;1;1.0;2026-06-09;Detrator
16598361;1;9.0;2026-04-24;Promotor
16602202;2;7.5;2026-02-11;Neutro
166161;1;10.0;2026-04-29;Promotor
16620449;1;8.0;2025-05-09;Neutro
16627281;2;9.5;2025-08-12;Promotor
16629903;2;9.5;2025-05-28;Promotor
1663168;1;10.0;2025-03-21;Promotor
16659349;1;8.0;2025-08-12;Neutro
16660177;1;10.0;2025-08-26;Promotor
16667546;1;10.0;2026-06-30;Promotor
16672884;1;2.0;2026-01-27;Detrator
16677451;1;10.0;2025-07-25;Promotor
1668088;4;9.8;2025-11-08;Promotor
16682447;1;10.0;2026-07-16;Promotor
16683620;1;10.0;2026-01-09;Promotor
16684676;1;10.0;2025-02-27;Promotor
16684991;1;10.0;2025-12-05;Promotor
16695679;1;10.0;2025-04-02;Promotor
16698676;1;10.0;2025-10-22;Promotor
16702875;1;10.0;2025-09-24;Promotor
16703192;1;6.0;2026-07-21;Detrator
16703304;1;10.0;2025-05-17;Promotor
16709240;1;10.0;2026-01-28;Promotor
16710592;1;10.0;2025-01-17;Promotor
16711516;1;10.0;2025-03-20;Promotor
16722781;1;1.0;2025-09-09;Detrator
16733161;2;8.0;2025-09-24;Neutro
16733250;1;10.0;2025-08-29;Promotor
16735231;1;10.0;2025-09-09;Promotor
16736690;1;10.0;2026-03-17;Promotor
16736783;1;8.0;2026-03-17;Neutro
16737041;1;10.0;2026-06-12;Promotor
16741139;1;8.0;2026-07-10;Neutro
16742927;2;9.0;2026-06-24;Neutro
16743922;1;10.0;2025-01-08;Promotor
16745824;1;10.0;2026-03-31;Promotor
16748373;1;10.0;2026-04-09;Promotor
16749234;1;10.0;2025-09-02;Promotor
16749414;1;10.0;2025-03-25;Promotor
16752624;1;4.0;2025-08-19;Detrator
16754357;5;10.0;2025-11-16;Promotor
16755517;1;10.0;2025-04-01;Promotor
16778734;1;10.0;2025-10-01;Promotor
16787166;2;5.0;2026-05-29;Detrator
16789943;1;10.0;2025-05-27;Promotor
16791322;1;10.0;2025-03-11;Promotor
16794646;1;10.0;2025-11-11;Promotor
16795810;2;10.0;2025-10-04;Promotor
16796812;1;0.0;2025-05-16;Detrator
16809274;1;10.0;2025-11-21;Promotor
16809572;3;10.0;2026-01-13;Promotor
16819098;1;10.0;2025-04-29;Promotor
16820818;1;0.0;2025-05-06;Detrator
16824498;1;9.0;2026-04-03;Promotor
16825875;1;8.0;2025-07-19;Neutro
16829544;1;3.0;2026-04-14;Detrator
16832212;1;10.0;2025-04-23;Promotor
16842637;1;10.0;2025-08-20;Promotor
16843096;2;10.0;2025-05-02;Promotor
16848707;2;1.5;2025-09-27;Detrator
16854807;1;9.0;2025-10-30;Promotor
16860724;1;8.0;2025-02-25;Neutro
16861117;2;4.5;2026-05-24;Detrator
16862682;1;0.0;2026-02-20;Detrator
16863752;2;6.5;2026-06-12;Neutro
16868172;2;10.0;2026-03-31;Promotor
16868745;1;10.0;2025-04-01;Promotor
16880470;1;10.0;2026-03-25;Promotor
16887847;1;8.0;2025-10-28;Neutro
16888096;1;10.0;2026-03-19;Promotor
1689231;1;10.0;2026-07-03;Promotor
16893201;2;10.0;2025-09-24;Promotor
16893368;1;10.0;2025-02-11;Promotor
16893934;1;9.0;2025-11-28;Promotor
16894298;1;10.0;2025-08-05;Promotor
1690361;3;9.3;2026-04-09;Promotor
16907849;5;9.2;2025-12-09;Promotor
16922309;2;10.0;2026-02-19;Promotor
16923797;1;10.0;2025-02-11;Promotor
16932765;1;10.0;2026-06-15;Promotor
16934448;2;10.0;2026-06-12;Promotor
16957712;1;10.0;2026-03-26;Promotor
16959007;1;3.0;2026-01-27;Detrator
16973181;1;9.0;2025-08-26;Promotor
16973698;3;10.0;2025-12-10;Promotor
16978988;2;10.0;2025-07-02;Promotor
16979229;1;9.0;2025-07-08;Promotor
1698051;2;10.0;2025-07-18;Promotor
1698697;1;10.0;2026-05-12;Promotor
16994366;2;10.0;2025-07-29;Promotor
16995354;1;10.0;2026-01-20;Promotor
16997792;1;10.0;2025-06-04;Promotor
16998782;2;3.0;2025-07-22;Detrator
1700124;1;0.0;2025-10-21;Detrator
17002639;1;10.0;2026-07-15;Promotor
1700416;2;9.0;2025-10-15;Promotor
17004465;1;10.0;2025-06-24;Promotor
17005573;1;10.0;2026-06-16;Promotor
17010784;1;9.0;2025-01-07;Promotor
17011495;1;10.0;2025-01-08;Promotor
17016826;1;10.0;2025-12-31;Promotor
17017590;5;10.0;2026-05-30;Promotor
17018598;1;10.0;2025-05-20;Promotor
17018685;1;10.0;2025-08-20;Promotor
17032344;1;10.0;2025-05-30;Promotor
17041121;1;3.0;2025-09-27;Detrator
17052764;1;10.0;2025-11-04;Promotor
1705843;1;9.0;2025-11-04;Promotor
1705900;5;9.8;2026-05-26;Promotor
17059751;1;10.0;2026-05-28;Promotor
17069573;2;9.5;2025-09-29;Promotor
17076168;1;10.0;2025-11-06;Promotor
17082492;1;10.0;2026-06-10;Promotor
17082580;1;5.0;2025-12-12;Detrator
17082744;2;5.0;2025-03-14;Detrator
17082961;1;9.0;2025-07-03;Promotor
17082986;1;10.0;2026-06-30;Promotor
17083148;1;10.0;2026-05-13;Promotor
17083194;1;10.0;2025-02-07;Promotor
17083325;2;10.0;2025-10-14;Promotor
17083361;1;8.0;2025-10-31;Neutro
17083392;1;10.0;2026-05-29;Promotor
17083498;1;5.0;2026-07-15;Detrator
17083623;1;10.0;2025-11-07;Promotor
17083690;2;10.0;2025-06-24;Promotor
17083848;1;10.0;2025-04-29;Promotor
17083935;1;8.0;2026-01-20;Neutro
17084655;2;10.0;2025-08-09;Promotor
17085320;1;7.0;2025-11-21;Neutro
17085324;1;4.0;2025-08-19;Detrator
17085471;1;9.0;2025-06-14;Promotor
17085570;2;9.5;2026-01-09;Promotor
17085651;1;10.0;2025-12-16;Promotor
17085871;1;9.0;2025-10-04;Promotor
17085965;1;10.0;2025-07-18;Promotor
17086208;1;10.0;2025-01-17;Promotor
17086242;1;9.0;2025-02-11;Promotor
17086296;1;10.0;2025-04-03;Promotor
17086344;2;10.0;2025-07-29;Promotor
17086353;1;10.0;2025-07-02;Promotor
17087373;1;10.0;2025-03-19;Promotor
17087799;2;10.0;2025-07-02;Promotor
17087972;1;9.0;2025-03-11;Promotor
17088149;3;5.7;2026-06-25;Promotor
17088198;1;10.0;2026-03-24;Promotor
17093906;2;10.0;2026-07-15;Promotor
17094814;1;10.0;2025-07-13;Promotor
17100780;2;9.0;2026-06-25;Promotor
17117773;2;10.0;2026-05-27;Promotor
17120142;1;10.0;2025-09-27;Promotor
17121885;2;9.5;2025-06-03;Promotor
17122886;4;10.0;2026-04-08;Promotor
17122972;2;10.0;2026-07-10;Promotor
17128415;1;7.0;2025-11-18;Neutro
17134948;1;7.0;2026-06-04;Neutro
17136083;1;10.0;2025-11-12;Promotor
17139966;2;9.5;2025-07-23;Promotor
17164231;2;9.5;2025-10-29;Promotor
17166023;2;10.0;2026-05-27;Promotor
17168288;2;10.0;2026-04-14;Promotor
17171102;1;9.0;2026-04-10;Promotor
17173058;1;10.0;2025-07-15;Promotor
1717399;1;10.0;2025-03-19;Promotor
17176483;6;10.0;2026-01-20;Promotor
17176733;1;10.0;2026-01-30;Promotor
1717681;4;10.0;2026-05-15;Promotor
17176846;1;10.0;2025-02-20;Promotor
17177028;2;8.5;2025-08-19;Neutro
17177323;1;8.0;2025-02-14;Neutro
17177443;3;10.0;2026-05-26;Promotor
17177502;3;10.0;2026-02-03;Promotor
17177530;3;7.3;2026-06-16;Detrator
17181727;2;8.5;2026-07-14;Promotor
17181958;1;8.0;2025-08-27;Neutro
17183695;1;9.0;2025-09-09;Promotor
17194248;2;9.0;2025-12-18;Promotor
17198965;1;0.0;2025-02-18;Detrator
17202903;1;10.0;2025-12-03;Promotor
17204893;1;10.0;2025-09-24;Promotor
17208691;1;6.0;2025-08-05;Detrator
17208974;1;0.0;2025-01-15;Detrator
17211291;1;10.0;2025-10-23;Promotor
17217070;1;10.0;2026-04-15;Promotor
17218184;1;9.0;2025-07-25;Promotor
17225971;3;10.0;2026-07-16;Promotor
17226995;1;10.0;2026-04-03;Promotor
17238290;1;0.0;2025-10-28;Detrator
1723830;2;10.0;2026-05-12;Promotor
17239704;1;10.0;2025-11-12;Promotor
17251329;1;10.0;2025-11-04;Promotor
17254168;1;10.0;2025-09-19;Promotor
17257850;1;10.0;2025-12-09;Promotor
17261716;1;10.0;2026-05-21;Promotor
17263460;1;8.0;2025-12-11;Neutro
17263781;1;8.0;2025-10-18;Neutro
17263813;1;3.0;2025-09-27;Detrator
17263848;1;10.0;2026-04-09;Promotor
17269007;2;9.0;2026-03-29;Neutro
1726936;2;9.0;2025-04-10;Promotor
17286310;2;10.0;2026-05-05;Promotor
172895;1;10.0;2026-06-10;Promotor
17290596;2;7.5;2026-02-20;Detrator
17291275;1;10.0;2026-02-25;Promotor
17293745;1;1.0;2025-02-26;Detrator
17293983;1;10.0;2025-07-15;Promotor
17298106;2;9.0;2025-08-04;Promotor
17298330;1;10.0;2025-02-25;Promotor
17300694;1;8.0;2026-07-15;Neutro
17303220;1;10.0;2025-08-01;Promotor
1730366;1;9.0;2025-05-29;Promotor
17305375;3;10.0;2025-08-19;Promotor
17312079;1;0.0;2025-09-24;Detrator
17326119;1;9.0;2025-06-13;Promotor
1732642;3;10.0;2026-05-20;Promotor
17340241;1;9.0;2025-06-24;Promotor
17348876;1;6.0;2026-05-26;Detrator
17350351;1;8.0;2026-02-27;Neutro
17355188;1;10.0;2025-08-05;Promotor
17374837;1;10.0;2025-05-02;Promotor
17377688;1;10.0;2025-04-08;Promotor
17385838;1;10.0;2025-05-14;Promotor
17387611;1;10.0;2025-05-28;Promotor
17388034;1;10.0;2026-03-10;Promotor
17389590;8;8.0;2026-06-24;Neutro
1739823;1;5.0;2025-09-27;Detrator
17417093;1;10.0;2025-10-11;Promotor
17420864;1;10.0;2026-03-10;Promotor
1742125;1;0.0;2025-01-14;Detrator
17429276;1;10.0;2026-07-10;Promotor
17429762;1;8.0;2025-12-02;Neutro
17438721;1;10.0;2026-05-29;Promotor
17439908;2;10.0;2025-12-03;Promotor
17440556;1;10.0;2025-11-17;Promotor
17440939;1;10.0;2025-07-18;Promotor
17441436;1;10.0;2026-03-24;Promotor
1745419;1;10.0;2026-06-22;Promotor
17469163;4;10.0;2026-06-27;Promotor
17472997;1;10.0;2025-04-29;Promotor
17481148;1;7.0;2026-04-09;Neutro
17483733;1;5.0;2026-06-09;Detrator
17488011;2;10.0;2025-09-09;Promotor
17489983;1;9.0;2025-12-05;Promotor
17490765;1;8.0;2026-06-22;Neutro
17494301;1;9.0;2025-08-08;Promotor
17497232;3;9.0;2025-10-23;Promotor
1750768;1;10.0;2025-08-29;Promotor
1751321;2;10.0;2025-03-27;Promotor
17520706;1;10.0;2025-09-27;Promotor
1752898;1;10.0;2025-09-27;Promotor
17529728;7;9.0;2026-06-16;Promotor
17531370;1;10.0;2025-02-11;Promotor
1753168;1;10.0;2025-09-23;Promotor
17535861;2;10.0;2025-12-10;Promotor
17538579;7;9.3;2026-04-23;Neutro
17544740;1;9.0;2025-03-21;Promotor
17545038;6;9.8;2026-03-10;Promotor
17561201;1;9.0;2025-01-05;Promotor
17570997;1;10.0;2025-04-08;Promotor
17575120;1;10.0;2026-01-10;Promotor
17577507;1;10.0;2026-01-09;Promotor
17583808;2;10.0;2025-09-24;Promotor
17591606;2;3.0;2025-12-17;Detrator
17592749;1;10.0;2025-03-20;Promotor
17614468;1;10.0;2025-07-02;Promotor
17627027;1;10.0;2025-09-09;Promotor
17628958;2;10.0;2025-07-16;Promotor
17629119;1;10.0;2025-01-14;Promotor
17637291;2;10.0;2026-06-08;Promotor
17638754;1;10.0;2026-06-09;Promotor
17640604;1;10.0;2025-04-12;Promotor
17657566;1;10.0;2025-05-02;Promotor
17669243;3;10.0;2026-03-03;Promotor
1767954;1;10.0;2025-08-28;Promotor
17680634;2;10.0;2025-09-27;Promotor
17687480;3;7.7;2026-03-26;Promotor
17689484;2;10.0;2025-06-25;Promotor
17690838;1;9.0;2025-10-09;Promotor
17692598;1;9.0;2025-02-07;Promotor
1770608;5;9.4;2026-07-14;Promotor
17719457;2;7.0;2025-11-29;Detrator
17721949;1;2.0;2025-11-18;Detrator
17726622;1;10.0;2026-07-01;Promotor
17727523;1;10.0;2025-03-26;Promotor
1773141;1;10.0;2025-03-19;Promotor
17733260;1;10.0;2025-07-15;Promotor
17736485;1;10.0;2025-05-06;Promotor
17741682;3;9.3;2026-01-30;Promotor
17760559;1;10.0;2026-05-20;Promotor
17768317;1;10.0;2026-05-22;Promotor
17768970;3;8.7;2026-05-25;Promotor
17771974;1;8.0;2025-01-04;Neutro
17779252;1;0.0;2025-01-22;Detrator
1777974;1;10.0;2025-04-08;Promotor
17780163;2;10.0;2025-08-12;Promotor
17783290;1;9.0;2026-07-14;Promotor
17784825;4;8.8;2026-06-11;Promotor
17786412;1;10.0;2025-07-30;Promotor
17786499;3;10.0;2026-06-19;Promotor
17795261;1;9.0;2025-02-11;Promotor
17795304;2;9.0;2025-05-07;Promotor
17796100;1;10.0;2025-03-28;Promotor
1779931;2;9.5;2025-08-29;Promotor
17808957;2;10.0;2025-05-28;Promotor
17813541;4;10.0;2026-07-15;Promotor
1782341;1;10.0;2025-01-29;Promotor
17837096;1;10.0;2026-03-13;Promotor
17841359;2;10.0;2026-02-10;Promotor
178465;1;9.0;2025-01-10;Promotor
1784697;1;10.0;2025-03-26;Promotor
17857270;1;10.0;2026-03-31;Promotor
17858098;1;10.0;2026-06-17;Promotor
17859288;1;9.0;2026-06-25;Promotor
17860648;1;10.0;2026-06-02;Promotor
17861647;2;10.0;2025-06-18;Promotor
17862539;2;10.0;2025-12-05;Promotor
17869798;1;3.0;2025-09-24;Detrator
17876409;2;8.0;2025-09-24;Neutro
17879149;1;8.0;2025-09-25;Neutro
17883371;1;10.0;2025-02-11;Promotor
17884100;1;10.0;2025-02-14;Promotor
17885593;1;3.0;2025-09-24;Detrator
17885735;1;10.0;2026-01-09;Promotor
1789403;1;0.0;2025-04-29;Detrator
17898393;3;10.0;2026-06-24;Promotor
17915395;2;9.5;2026-06-23;Promotor
179226;1;7.0;2025-10-29;Neutro
179259;1;8.0;2026-01-09;Neutro
17938325;1;9.0;2026-06-09;Promotor
17941660;3;10.0;2025-12-09;Promotor
17941911;1;7.0;2026-01-06;Neutro
17943206;1;8.0;2025-04-09;Neutro
17949644;1;10.0;2025-07-23;Promotor
17949938;3;10.0;2026-01-07;Promotor
17950363;1;4.0;2025-06-24;Detrator
1796139;1;9.0;2025-05-17;Promotor
17973716;1;8.0;2025-02-24;Neutro
17979258;1;3.0;2025-08-16;Detrator
17996231;2;9.0;2026-07-16;Promotor
18006647;1;10.0;2025-12-10;Promotor
18007085;1;10.0;2026-04-28;Promotor
18026865;3;8.3;2025-12-16;Promotor
18027940;1;9.0;2025-03-25;Promotor
18028293;1;8.0;2025-12-20;Neutro
18033421;1;10.0;2025-03-11;Promotor
18042387;2;10.0;2025-10-08;Promotor
18042411;1;7.0;2025-04-08;Neutro
18044892;2;9.0;2025-06-10;Neutro
18080828;1;10.0;2025-12-17;Promotor
18092738;2;9.5;2025-03-22;Promotor
18101383;1;10.0;2025-03-26;Promotor
18102656;2;10.0;2025-11-22;Promotor
18114243;1;10.0;2025-05-07;Promotor
18120101;1;10.0;2025-10-23;Promotor
1812413;1;10.0;2026-02-24;Promotor
18142889;2;10.0;2025-11-04;Promotor
18147459;2;0.5;2025-09-24;Detrator
1815030;3;8.7;2026-03-17;Detrator
18156569;1;9.0;2025-08-26;Promotor
18159061;1;9.0;2025-07-09;Promotor
1816059;1;6.0;2025-05-06;Detrator
1816237;1;9.0;2025-09-28;Promotor
18173451;2;9.5;2025-09-19;Promotor
18173853;1;3.0;2025-02-21;Detrator
18175476;1;10.0;2026-04-17;Promotor
1819663;1;10.0;2025-10-03;Promotor
1820055;2;10.0;2025-11-04;Promotor
18205732;1;10.0;2025-12-26;Promotor
18210128;1;10.0;2025-01-13;Promotor
18248178;1;7.0;2025-02-19;Neutro
18250543;2;10.0;2025-03-27;Promotor
18271371;1;10.0;2026-02-06;Promotor
18286008;1;1.0;2025-01-24;Detrator
18286112;1;10.0;2025-10-04;Promotor
1829029;1;9.0;2025-01-15;Promotor
18296444;1;10.0;2025-06-25;Promotor
18296988;1;0.0;2026-04-07;Detrator
1829766;3;10.0;2025-08-05;Promotor
1830444;2;10.0;2025-05-19;Promotor
183194;2;9.5;2025-09-24;Promotor
18350890;2;8.5;2025-03-11;Neutro
18351507;2;10.0;2025-09-16;Promotor
18353204;2;9.5;2026-01-13;Promotor
18353303;1;10.0;2025-02-04;Promotor
18359266;6;9.8;2026-06-03;Promotor
18363280;1;10.0;2025-02-19;Promotor
18370167;2;10.0;2025-09-27;Promotor
18378716;2;6.0;2026-03-31;Promotor
18379545;1;10.0;2026-02-17;Promotor
18382239;1;2.0;2025-07-15;Detrator
18383165;1;9.0;2025-08-19;Promotor
1841067;1;10.0;2025-10-08;Promotor
18411393;1;9.0;2026-01-29;Promotor
18412541;1;10.0;2025-07-23;Promotor
18416766;1;10.0;2025-07-29;Promotor
18416933;1;9.0;2026-05-12;Promotor
1842300;1;10.0;2025-06-28;Promotor
18431593;1;10.0;2025-05-23;Promotor
18471415;1;10.0;2025-01-29;Promotor
18472546;2;10.0;2025-10-01;Promotor
18476087;1;8.0;2025-05-07;Neutro
18477147;2;10.0;2025-06-26;Promotor
18480736;2;10.0;2025-03-05;Promotor
1848119;3;9.3;2026-02-11;Promotor
18481201;1;10.0;2026-04-15;Promotor
18485070;1;10.0;2025-02-25;Promotor
18487274;2;10.0;2025-12-03;Promotor
18490488;1;1.0;2025-09-27;Detrator
18500372;1;10.0;2025-08-15;Promotor
18502638;2;10.0;2025-11-26;Promotor
18522162;1;10.0;2025-06-04;Promotor
18532978;1;9.0;2025-08-07;Promotor
18534911;1;10.0;2025-02-21;Promotor
18545774;1;10.0;2025-01-29;Promotor
18547224;1;9.0;2026-05-21;Promotor
18547944;2;10.0;2026-07-08;Promotor
18554749;1;8.0;2025-11-11;Neutro
18556370;1;10.0;2025-02-28;Promotor
18556699;1;10.0;2026-03-20;Promotor
18592900;1;10.0;2025-01-29;Promotor
18604148;1;10.0;2025-01-31;Promotor
18610024;1;6.0;2026-02-18;Detrator
18624189;2;9.5;2026-02-25;Promotor
1864374;5;10.0;2026-06-02;Promotor
18644338;1;10.0;2025-06-06;Promotor
18644595;1;5.0;2025-07-08;Detrator
18651838;1;10.0;2025-10-17;Promotor
18653614;1;9.0;2025-02-11;Promotor
18653647;1;0.0;2025-01-02;Detrator
18661848;2;0.0;2025-09-24;Detrator
18663334;2;10.0;2025-05-13;Promotor
18669121;2;5.0;2026-01-06;Detrator
18670327;2;9.5;2026-03-10;Promotor
18670656;1;9.0;2025-04-25;Promotor
18672687;1;10.0;2025-04-18;Promotor
18673014;2;10.0;2025-09-03;Promotor
18676326;2;10.0;2026-04-16;Promotor
18677256;1;10.0;2025-03-05;Promotor
18677404;1;10.0;2026-05-20;Promotor
18680982;2;10.0;2025-06-06;Promotor
18698593;1;10.0;2025-10-21;Promotor
18710305;1;9.0;2025-02-28;Promotor
18710940;1;10.0;2025-11-05;Promotor
18712269;1;10.0;2025-02-14;Promotor
18724899;1;10.0;2025-10-24;Promotor
18725965;1;10.0;2025-02-28;Promotor
18726300;2;10.0;2026-04-22;Promotor
18727632;1;10.0;2025-03-04;Promotor
18732975;3;9.0;2026-07-15;Promotor
18733229;1;10.0;2025-06-10;Promotor
18733263;2;10.0;2025-04-22;Promotor
18734976;1;5.0;2025-01-07;Detrator
18762663;2;10.0;2026-01-16;Promotor
18764494;1;0.0;2025-04-30;Detrator
18766647;1;10.0;2025-06-24;Promotor
18771442;1;10.0;2025-05-14;Promotor
18779382;3;9.3;2025-09-03;Promotor
18780502;1;9.0;2025-12-09;Promotor
18782430;1;10.0;2025-11-18;Promotor
18796041;6;10.0;2026-01-23;Promotor
18801385;2;9.5;2025-08-26;Promotor
18804998;4;10.0;2026-06-16;Promotor
18805578;2;9.0;2025-09-25;Promotor
18806425;1;7.0;2025-09-24;Neutro
18809246;1;10.0;2025-04-16;Promotor
18809426;1;10.0;2026-04-15;Promotor
18812192;1;10.0;2025-10-22;Promotor
18813216;1;10.0;2025-09-25;Promotor
18813801;3;9.0;2025-07-15;Promotor
18814648;1;7.0;2025-04-04;Neutro
18816431;2;10.0;2025-10-01;Promotor
18816854;1;8.0;2026-04-29;Neutro
18817366;1;0.0;2025-01-21;Detrator
18818055;1;10.0;2025-05-20;Promotor
18820390;1;10.0;2026-07-08;Promotor
18828305;2;8.0;2025-10-21;Neutro
18829255;2;9.5;2025-10-29;Promotor
18848595;1;1.0;2025-01-28;Detrator
18853787;1;10.0;2025-04-01;Promotor
18856230;1;10.0;2025-02-21;Promotor
18860947;1;10.0;2025-06-14;Promotor
18867274;2;9.5;2025-08-07;Promotor
18869049;1;10.0;2025-04-11;Promotor
18878194;1;8.0;2025-02-25;Neutro
18878513;2;9.5;2026-06-05;Promotor
18879710;1;10.0;2026-07-17;Promotor
18895777;1;10.0;2025-09-24;Promotor
18896994;1;8.0;2025-02-04;Neutro
18903480;1;10.0;2025-09-25;Promotor
18905587;1;10.0;2025-10-08;Promotor
18906816;1;10.0;2025-09-12;Promotor
18913417;1;10.0;2025-02-18;Promotor
18914324;1;7.0;2025-07-18;Neutro
18914485;3;6.7;2026-03-25;Promotor
18915526;1;10.0;2025-08-07;Promotor
18920848;1;10.0;2025-10-01;Promotor
18925471;2;9.0;2025-08-01;Promotor
18927970;3;10.0;2026-04-18;Promotor
18928455;2;10.0;2026-05-05;Promotor
18941097;1;10.0;2025-08-06;Promotor
18941888;1;10.0;2025-08-13;Promotor
18943635;1;10.0;2025-03-14;Promotor
18944849;1;10.0;2025-10-16;Promotor
18948009;2;10.0;2025-11-25;Promotor
18951251;1;8.0;2025-06-21;Neutro
18951413;1;10.0;2025-12-19;Promotor
18953888;1;10.0;2026-03-25;Promotor
18955216;2;9.5;2026-06-10;Promotor
18955480;1;10.0;2025-04-09;Promotor
18961537;1;10.0;2025-09-27;Promotor
18961880;1;10.0;2026-05-27;Promotor
18964313;1;10.0;2026-04-17;Promotor
18969139;2;10.0;2025-12-06;Promotor
18998523;1;9.0;2025-09-27;Promotor
18998895;1;10.0;2026-06-11;Promotor
18999057;1;10.0;2026-04-11;Promotor
19003013;2;3.5;2025-06-24;Detrator
19003050;1;8.0;2025-04-02;Neutro
19009834;2;10.0;2026-06-24;Promotor
19026806;1;10.0;2025-02-28;Promotor
19036321;1;10.0;2025-08-19;Promotor
19037104;2;5.0;2026-03-07;Detrator
19038286;1;10.0;2025-05-28;Promotor
19043722;1;10.0;2025-01-15;Promotor
19044942;1;9.0;2025-06-27;Promotor
19046097;1;10.0;2026-01-29;Promotor
19052340;1;10.0;2025-06-24;Promotor
19069906;1;3.0;2025-05-13;Detrator
19073718;1;10.0;2025-01-14;Promotor
19074570;1;10.0;2025-04-01;Promotor
19093361;1;10.0;2025-01-02;Promotor
19094174;1;10.0;2025-08-20;Promotor
19100181;1;10.0;2026-05-01;Promotor
19101800;6;10.0;2026-01-20;Promotor
19102444;1;10.0;2026-04-29;Promotor
19103910;1;10.0;2026-01-29;Promotor
19119373;1;5.0;2025-05-14;Detrator
19128811;1;10.0;2025-03-11;Promotor
19132517;1;10.0;2025-09-24;Promotor
19136719;1;10.0;2026-06-25;Promotor
1913922;1;9.0;2025-03-13;Promotor
1914580;1;0.0;2025-06-03;Detrator
19162625;2;9.5;2025-06-10;Promotor
19166447;1;10.0;2026-01-09;Promotor
19170359;2;9.5;2026-06-12;Promotor
19171476;1;10.0;2025-02-08;Promotor
1917157;2;10.0;2025-09-29;Promotor
19172963;1;6.0;2026-01-28;Detrator
19176901;1;10.0;2025-08-07;Promotor
19180385;2;9.0;2025-05-19;Promotor
19195785;4;8.5;2026-03-03;Promotor
1920583;1;10.0;2025-06-28;Promotor
1921115;3;9.3;2025-09-27;Promotor
19216816;1;8.0;2025-06-25;Neutro
19219601;4;10.0;2025-12-02;Promotor
19221846;4;9.8;2026-05-20;Promotor
192222;1;0.0;2025-09-24;Detrator
19224346;1;10.0;2026-03-06;Promotor
19230788;1;3.0;2025-02-21;Detrator
19232782;1;10.0;2026-05-07;Promotor
19233673;1;10.0;2025-03-05;Promotor
19237005;1;4.0;2026-05-22;Detrator
1923934;1;10.0;2026-05-29;Promotor
19241275;2;10.0;2026-01-28;Promotor
19241425;1;10.0;2025-04-16;Promotor
19241593;1;6.0;2026-07-14;Detrator
19264080;1;10.0;2025-01-10;Promotor
19264751;1;10.0;2025-09-29;Promotor
19264789;1;10.0;2026-03-19;Promotor
1926598;1;8.0;2026-06-16;Neutro
19266155;2;10.0;2025-07-11;Promotor
19271289;1;10.0;2025-03-28;Promotor
19272179;1;10.0;2026-04-29;Promotor
19278246;1;10.0;2025-08-31;Promotor
19284996;1;0.0;2025-08-08;Detrator
19285974;1;10.0;2025-02-12;Promotor
19300105;1;10.0;2025-04-04;Promotor
19300950;1;9.0;2026-04-09;Promotor
19303220;1;10.0;2025-02-26;Promotor
19305111;2;10.0;2025-11-04;Promotor
19310238;1;10.0;2025-11-21;Promotor
19313879;6;8.3;2026-04-22;Promotor
193199;1;5.0;2025-08-26;Detrator
19324189;1;10.0;2025-05-13;Promotor
19346858;1;10.0;2026-01-20;Promotor
19347869;1;10.0;2025-07-25;Promotor
19349372;1;0.0;2026-03-05;Detrator
19352714;1;9.0;2025-04-05;Promotor
1935345;3;9.7;2026-03-26;Promotor
19355901;1;10.0;2025-11-24;Promotor
19356153;1;10.0;2026-03-26;Promotor
1936215;1;10.0;2025-09-05;Promotor
19362161;1;10.0;2025-06-10;Promotor
19362452;2;10.0;2026-02-04;Promotor
1936254;2;10.0;2025-09-11;Promotor
19364412;2;10.0;2026-06-12;Promotor
19368072;1;6.0;2026-04-28;Detrator
19369801;1;9.0;2025-12-17;Promotor
19376054;3;9.7;2026-01-06;Promotor
19376680;3;10.0;2026-02-18;Promotor
19377253;2;9.0;2025-10-21;Promotor
1938280;1;1.0;2025-05-30;Detrator
19389981;1;0.0;2025-08-15;Detrator
1939251;2;10.0;2026-03-17;Promotor
19396062;1;10.0;2026-06-03;Promotor
19404277;1;0.0;2025-06-17;Detrator
19410717;1;10.0;2026-06-26;Promotor
19410764;1;10.0;2026-03-18;Promotor
19418833;1;10.0;2025-08-29;Promotor
19420577;1;10.0;2025-09-27;Promotor
1942275;1;10.0;2025-08-08;Promotor
19435387;1;10.0;2025-06-24;Promotor
19444424;1;10.0;2025-05-24;Promotor
19449236;1;10.0;2025-01-07;Promotor
1945073;1;6.0;2025-06-25;Detrator
19452369;1;9.0;2025-03-19;Promotor
19452975;1;10.0;2026-03-31;Promotor
1945816;4;10.0;2026-01-09;Promotor
19466129;1;10.0;2025-06-10;Promotor
19467719;3;10.0;2026-04-17;Promotor
1946820;1;10.0;2025-02-04;Promotor
19486;1;10.0;2026-05-14;Promotor
19486682;1;10.0;2025-01-27;Promotor
19490799;1;10.0;2025-09-24;Promotor
194966;4;9.2;2026-01-24;Promotor
19504045;1;10.0;2026-02-25;Promotor
19505928;2;10.0;2025-10-02;Promotor
19511153;1;10.0;2025-07-23;Promotor
19532754;2;6.0;2025-12-23;Neutro
19532847;1;0.0;2026-04-14;Detrator
19533887;1;8.0;2025-01-28;Neutro
19540898;1;10.0;2025-03-04;Promotor
19542114;2;9.5;2025-11-05;Promotor
19548489;1;10.0;2025-05-21;Promotor
19548907;1;10.0;2025-08-29;Promotor
19549156;1;10.0;2025-10-01;Promotor
19549171;1;10.0;2026-05-27;Promotor
19552972;1;10.0;2025-09-27;Promotor
19564008;1;10.0;2025-08-12;Promotor
19565009;2;10.0;2025-07-11;Promotor
19574758;1;10.0;2026-02-11;Promotor
19581431;1;10.0;2026-06-12;Promotor
1958514;1;10.0;2025-04-18;Promotor
19589589;1;10.0;2025-05-09;Promotor
19599859;6;9.2;2026-01-07;Promotor
19601927;1;10.0;2025-06-27;Promotor
19608750;4;10.0;2026-05-22;Promotor
19623206;2;9.5;2025-11-26;Promotor
1962504;1;9.0;2026-03-24;Promotor
19627761;3;9.3;2026-02-10;Neutro
19631507;1;10.0;2025-03-07;Promotor
19644293;1;9.0;2025-07-11;Promotor
19645446;2;10.0;2026-03-12;Promotor
19648565;2;10.0;2025-09-24;Promotor
19649156;1;3.0;2026-01-17;Detrator
19664392;4;9.0;2025-12-02;Promotor
19664736;1;10.0;2025-10-04;Promotor
19665301;1;10.0;2026-01-13;Promotor
196736;2;10.0;2025-09-29;Promotor
19678531;3;10.0;2025-09-24;Promotor
19679533;1;9.0;2026-06-16;Promotor
19683149;1;10.0;2025-06-04;Promotor
1968989;1;9.0;2025-06-18;Promotor
19699836;1;9.0;2025-09-09;Promotor
19712880;1;9.0;2025-08-26;Promotor
19713332;5;10.0;2025-09-02;Promotor
19714770;1;10.0;2025-03-25;Promotor
19714950;1;10.0;2025-01-17;Promotor
19747119;1;10.0;2025-08-05;Promotor
19747222;1;10.0;2025-01-10;Promotor
19749330;1;9.0;2026-03-17;Promotor
19752215;1;9.0;2025-01-24;Promotor
1975238;1;10.0;2025-07-18;Promotor
19752455;1;10.0;2025-10-22;Promotor
19755697;2;10.0;2025-09-24;Promotor
19761387;2;10.0;2026-07-15;Promotor
19769523;3;10.0;2025-09-27;Promotor
19779565;1;10.0;2026-04-30;Promotor
19789504;1;8.0;2025-07-05;Neutro
19796744;3;10.0;2025-11-15;Promotor
19798024;1;5.0;2025-01-07;Detrator
19798219;1;9.0;2025-02-11;Promotor
19800280;1;10.0;2025-11-04;Promotor
19808018;2;10.0;2025-09-12;Promotor
1980837;4;10.0;2026-06-16;Promotor
19808628;1;10.0;2026-05-27;Promotor
19812219;1;10.0;2026-04-07;Promotor
19825371;2;10.0;2025-04-17;Promotor
19825581;3;10.0;2025-12-16;Promotor
19835437;1;10.0;2025-05-14;Promotor
19836998;1;10.0;2025-02-27;Promotor
19844465;1;10.0;2025-03-21;Promotor
19845660;1;10.0;2026-04-07;Promotor
19851871;2;10.0;2025-06-10;Promotor
19858103;1;10.0;2026-02-11;Promotor
19880868;1;7.0;2025-11-12;Neutro
19880887;1;10.0;2025-06-18;Promotor
1988206;1;10.0;2025-03-14;Promotor
19886017;1;2.0;2025-12-16;Detrator
19889185;1;9.0;2025-07-02;Promotor
19904566;1;10.0;2025-03-14;Promotor
19909478;1;10.0;2025-04-15;Promotor
1992131;2;10.0;2025-03-25;Promotor
1992618;1;9.0;2026-03-15;Promotor
19932512;1;10.0;2025-08-22;Promotor
19937414;1;10.0;2025-09-27;Promotor
19939931;1;10.0;2025-09-27;Promotor
1994146;1;9.0;2025-03-27;Promotor
19948078;1;10.0;2025-09-28;Promotor
1995683;1;1.0;2025-09-27;Detrator
19958412;1;10.0;2025-01-21;Promotor
19960344;1;5.0;2025-05-18;Detrator
19962152;1;10.0;2025-06-30;Promotor
19963393;1;10.0;2025-04-30;Promotor
1996745;1;9.0;2025-08-12;Promotor
19982591;1;10.0;2026-01-24;Promotor
19987752;1;9.0;2025-07-17;Promotor
19988167;1;10.0;2025-08-25;Promotor
19990059;1;10.0;2025-08-19;Promotor
19999263;1;10.0;2026-06-30;Promotor
2000111;1;10.0;2026-06-02;Promotor
2000195;1;10.0;2025-03-26;Promotor
20003693;3;9.3;2025-12-17;Neutro
20007958;2;9.0;2026-05-27;Promotor
20011045;2;8.0;2025-11-04;Neutro
20011976;1;10.0;2025-04-02;Promotor
2002176;1;10.0;2026-03-06;Promotor
20029115;3;10.0;2026-07-14;Promotor
20033460;1;10.0;2025-03-25;Promotor
20033995;1;10.0;2026-05-12;Promotor
20035817;2;9.0;2026-02-25;Promotor
20040075;2;10.0;2026-06-02;Promotor
20040385;1;10.0;2025-08-15;Promotor
20042419;1;10.0;2025-01-07;Promotor
20046031;3;10.0;2026-06-05;Promotor
20046207;1;10.0;2025-09-24;Promotor
20048562;1;9.0;2025-01-28;Promotor
2005264;1;10.0;2026-06-04;Promotor
20058508;1;10.0;2025-08-27;Promotor
20077059;1;10.0;2025-10-08;Promotor
20077258;5;8.8;2026-04-10;Promotor
20084788;1;7.0;2025-09-24;Neutro
20085279;1;10.0;2025-01-05;Promotor
20087320;1;9.0;2025-03-18;Promotor
20096299;2;9.5;2026-07-19;Promotor
20096821;1;10.0;2025-01-29;Promotor
20107663;2;10.0;2026-03-31;Promotor
20108074;1;10.0;2025-05-20;Promotor
20128435;3;6.0;2025-09-09;Promotor
20130921;1;9.0;2026-04-23;Promotor
20131240;1;10.0;2025-02-27;Promotor
20131470;2;9.5;2026-04-29;Promotor
20132018;1;10.0;2025-11-28;Promotor
20132679;2;5.0;2025-09-09;Detrator
20132813;1;0.0;2025-09-10;Detrator
20137327;1;9.0;2025-07-17;Promotor
20139360;1;9.0;2025-06-17;Promotor
20141000;1;10.0;2025-09-10;Promotor
20145453;1;10.0;2026-03-11;Promotor
20147525;1;10.0;2025-09-25;Promotor
2015101;1;10.0;2025-11-07;Promotor
2015113;1;9.0;2026-04-08;Promotor
20154600;1;10.0;2025-02-04;Promotor
20154925;3;9.7;2026-06-11;Promotor
20165935;2;10.0;2025-08-07;Promotor
2017798;1;10.0;2025-08-15;Promotor
20180774;1;10.0;2026-03-17;Promotor
20183571;2;10.0;2026-06-17;Promotor
20185943;1;10.0;2025-09-02;Promotor
20187243;1;10.0;2025-06-10;Promotor
20190592;1;9.0;2025-06-10;Promotor
20191072;1;10.0;2025-04-25;Promotor
20191300;1;9.0;2026-05-19;Promotor
20192866;1;9.0;2025-07-17;Promotor
20195030;1;10.0;2025-08-20;Promotor
20195614;2;9.5;2025-08-29;Promotor
20200994;1;10.0;2025-10-01;Promotor
20207716;1;10.0;2025-11-18;Promotor
20207847;1;9.0;2025-03-25;Promotor
20208683;2;5.0;2026-04-15;Promotor
20211580;1;10.0;2025-10-01;Promotor
20212813;3;10.0;2026-07-02;Promotor
20215872;2;7.0;2025-11-12;Neutro
20217313;2;10.0;2026-04-22;Promotor
20219778;1;10.0;2026-05-21;Promotor
20221768;3;10.0;2025-11-26;Promotor
2022379;9;10.0;2026-06-17;Promotor
20236931;1;10.0;2025-12-23;Promotor
20240125;2;7.5;2025-06-25;Promotor
20240954;1;10.0;2025-10-23;Promotor
20241220;2;2.5;2025-06-24;Detrator
20250990;1;6.0;2025-06-10;Detrator
20251543;1;10.0;2025-07-29;Promotor
20258143;1;10.0;2025-10-25;Promotor
2025901;1;9.0;2025-06-15;Promotor
20261711;1;10.0;2026-04-27;Promotor
20264656;1;10.0;2026-04-17;Promotor
2026671;9;9.3;2026-06-23;Promotor
20273626;4;10.0;2026-06-02;Promotor
20274386;2;10.0;2026-05-22;Promotor
2028714;1;10.0;2026-04-14;Promotor
20294507;3;10.0;2026-04-22;Promotor
20304885;2;8.0;2025-08-07;Promotor
20309398;3;10.0;2025-12-03;Promotor
20312217;1;10.0;2026-03-22;Promotor
20317761;1;9.0;2025-03-25;Promotor
20321917;1;0.0;2025-08-12;Detrator
20327726;1;10.0;2025-08-26;Promotor
20330607;1;10.0;2025-01-14;Promotor
20352294;1;10.0;2025-11-28;Promotor
20368716;1;4.0;2025-02-15;Detrator
20385211;1;10.0;2026-07-14;Promotor
20402265;1;10.0;2025-02-18;Promotor
20402412;1;10.0;2025-02-04;Promotor
20404654;1;0.0;2025-02-19;Detrator
20405202;1;10.0;2026-04-23;Promotor
20409863;1;10.0;2025-05-17;Promotor
20419952;1;10.0;2026-04-08;Promotor
20428768;2;9.5;2025-09-07;Promotor
20431881;1;9.0;2025-01-28;Promotor
20438576;1;9.0;2025-10-09;Promotor
20439421;1;8.0;2025-03-01;Neutro
20439512;2;10.0;2026-04-28;Promotor
20461082;1;8.0;2025-06-24;Neutro
2046869;2;10.0;2025-09-24;Promotor
20490977;3;10.0;2025-09-26;Promotor
20508846;1;7.0;2026-06-30;Neutro
20509612;1;8.0;2025-04-29;Neutro
20519631;1;8.0;2025-04-26;Neutro
20519885;1;10.0;2026-07-14;Promotor
20521238;1;10.0;2026-06-02;Promotor
20524391;1;1.0;2025-09-13;Detrator
20532309;1;10.0;2025-08-05;Promotor
20545259;1;9.0;2026-02-25;Promotor
20567248;1;0.0;2025-12-16;Detrator
20569964;2;10.0;2026-01-09;Promotor
20588294;4;9.8;2026-04-14;Promotor
20597577;1;10.0;2025-03-06;Promotor
20599037;1;9.0;2025-09-24;Promotor
20600142;4;9.8;2026-06-18;Promotor
20609169;1;10.0;2026-03-17;Promotor
20633623;1;10.0;2025-04-15;Promotor
20636212;1;4.0;2025-04-22;Detrator
20638772;1;10.0;2026-07-01;Promotor
20641719;1;0.0;2025-09-27;Detrator
20642598;2;10.0;2025-07-02;Promotor
20642651;1;10.0;2025-05-12;Promotor
20646892;2;10.0;2026-06-12;Promotor
2065090;1;10.0;2025-11-01;Promotor
20662939;1;10.0;2025-03-11;Promotor
20665243;2;10.0;2025-09-24;Promotor
20673462;2;10.0;2025-09-24;Promotor
2068176;1;8.0;2025-05-07;Neutro
20702461;1;9.0;2025-07-16;Promotor
20719698;1;6.0;2025-04-29;Detrator
20725379;1;10.0;2026-04-29;Promotor
20728868;1;10.0;2025-11-18;Promotor
2073391;3;3.7;2026-06-24;Detrator
20745436;1;10.0;2026-06-25;Promotor
20746075;1;9.0;2025-08-26;Promotor
20751057;1;10.0;2025-08-28;Promotor
20755145;3;9.3;2025-10-22;Promotor
20756707;1;0.0;2026-07-18;Detrator
20756798;2;10.0;2026-04-14;Promotor
20757;1;7.0;2025-02-18;Neutro
20757452;1;1.0;2025-09-24;Detrator
2076320;3;10.0;2026-06-16;Promotor
20764615;1;10.0;2025-09-13;Promotor
20764948;1;10.0;2025-04-19;Promotor
20767834;1;10.0;2026-02-19;Promotor
20770483;1;9.0;2026-04-28;Promotor
20771524;1;10.0;2025-09-25;Promotor
20776392;4;8.5;2026-01-13;Promotor
20780386;1;10.0;2025-11-14;Promotor
20782119;2;10.0;2026-06-30;Promotor
20782603;2;10.0;2025-06-17;Promotor
20807743;1;10.0;2025-07-02;Promotor
20822171;1;10.0;2025-08-01;Promotor
2082927;1;9.0;2026-05-22;Promotor
20832696;2;7.0;2025-07-30;Neutro
20832729;1;9.0;2025-08-29;Promotor
20839440;1;7.0;2025-12-30;Neutro
20842826;2;9.0;2026-03-26;Promotor
20844626;4;10.0;2026-01-28;Promotor
20844779;1;10.0;2025-08-21;Promotor
20863708;1;10.0;2025-08-07;Promotor
20865881;1;10.0;2026-03-17;Promotor
20866355;1;9.0;2026-02-18;Promotor
20870892;1;6.0;2025-05-06;Detrator
20877696;1;10.0;2026-02-12;Promotor
2088372;2;10.0;2025-11-25;Promotor
20890125;3;10.0;2025-06-24;Promotor
20899700;1;9.0;2025-10-26;Promotor
20917487;1;10.0;2025-02-18;Promotor
20918339;3;10.0;2025-07-30;Promotor
20932845;1;10.0;2026-05-21;Promotor
20940604;1;10.0;2025-06-05;Promotor
20943921;1;10.0;2025-05-29;Promotor
20950056;1;10.0;2025-11-27;Promotor
20958065;1;10.0;2026-07-13;Promotor
20958087;2;5.0;2026-06-18;Detrator
20959709;1;9.0;2025-04-05;Promotor
20960824;2;1.0;2025-04-16;Detrator
20964018;2;10.0;2025-09-25;Promotor
2098;1;9.0;2025-10-22;Promotor
20992208;1;5.0;2026-02-06;Detrator
2099511;1;10.0;2026-05-25;Promotor
21014167;4;8.0;2026-05-05;Neutro
21018383;1;9.0;2025-02-25;Promotor
21028434;1;10.0;2026-05-20;Promotor
21033183;3;8.3;2025-09-25;Neutro
21059591;1;10.0;2025-01-01;Promotor
21061200;1;9.0;2025-08-06;Promotor
21066697;2;9.0;2025-08-15;Promotor
21066712;1;9.0;2026-04-08;Promotor
21077376;1;10.0;2025-07-25;Promotor
21078210;1;9.0;2025-04-10;Promotor
21079112;2;8.5;2025-12-17;Promotor
21079483;1;6.0;2025-01-15;Detrator
21080556;1;10.0;2026-02-06;Promotor
21108847;1;0.0;2026-03-07;Detrator
21113516;1;10.0;2025-10-16;Promotor
21121682;1;10.0;2025-08-01;Promotor
21122013;1;9.0;2025-05-27;Promotor
21123320;3;6.7;2025-10-24;Detrator
21133098;2;10.0;2026-04-16;Promotor
21138423;1;10.0;2025-02-04;Promotor
21139530;1;9.0;2026-06-08;Promotor
21147822;1;7.0;2025-06-03;Neutro
21152145;1;10.0;2025-06-17;Promotor
2115239;2;10.0;2025-12-17;Promotor
21153940;1;10.0;2025-04-22;Promotor
21173378;1;10.0;2025-01-10;Promotor
21180880;1;8.0;2026-02-03;Neutro
21181253;1;10.0;2025-06-24;Promotor
21194521;1;2.0;2025-02-14;Detrator
2120800;2;10.0;2025-08-05;Promotor
21209840;1;10.0;2026-06-12;Promotor
21212075;1;10.0;2025-04-09;Promotor
21227322;2;5.0;2025-12-30;Detrator
21228335;1;10.0;2025-01-17;Promotor
21228369;1;10.0;2026-02-03;Promotor
21229086;1;10.0;2026-02-13;Promotor
21233567;2;10.0;2025-09-24;Promotor
21237984;1;10.0;2025-01-01;Promotor
21247847;1;10.0;2026-04-15;Promotor
21248174;1;10.0;2025-02-09;Promotor
21248267;3;9.7;2025-10-29;Promotor
21256917;1;5.0;2025-07-15;Detrator
21258158;1;10.0;2026-03-04;Promotor
21258271;1;7.0;2025-06-07;Neutro
21261783;1;9.0;2025-07-29;Promotor
212729;1;5.0;2025-02-08;Detrator
21280743;1;10.0;2026-03-26;Promotor
2128215;2;8.0;2025-12-23;Promotor
21282946;4;7.5;2026-06-03;Promotor
21284159;1;10.0;2026-03-19;Promotor
21284171;1;10.0;2025-06-17;Promotor
21289411;1;9.0;2025-03-28;Promotor
21289821;1;9.0;2025-11-06;Promotor
21291541;1;10.0;2025-09-27;Promotor
21296193;1;10.0;2025-08-23;Promotor
21300058;2;3.5;2025-11-26;Detrator
21301790;1;10.0;2025-08-05;Promotor
21304231;1;10.0;2025-04-02;Promotor
213056;1;10.0;2026-03-24;Promotor
21306501;1;8.0;2025-01-14;Neutro
21311409;1;10.0;2025-07-09;Promotor
21329325;1;10.0;2025-01-15;Promotor
21330805;1;7.0;2025-09-24;Neutro
21331603;1;9.0;2025-01-30;Promotor
21337395;1;10.0;2025-02-14;Promotor
2133999;2;9.5;2026-01-02;Promotor
21341830;2;9.5;2026-06-24;Promotor
2134332;1;9.0;2025-03-15;Promotor
21345471;1;9.0;2025-01-08;Promotor
21348031;4;10.0;2026-06-30;Promotor
21350346;1;10.0;2025-09-27;Promotor
21352863;1;10.0;2026-04-29;Promotor
21353380;1;10.0;2026-06-18;Promotor
21354979;1;10.0;2026-03-03;Promotor
21356981;1;10.0;2025-01-02;Promotor
21356991;1;10.0;2025-05-11;Promotor
21357170;1;10.0;2025-06-04;Promotor
21365494;1;9.0;2025-01-11;Promotor
21366092;4;10.0;2025-11-27;Promotor
21393332;1;9.0;2026-01-16;Promotor
21394370;1;10.0;2025-04-08;Promotor
21396553;1;10.0;2025-02-12;Promotor
21408130;1;8.0;2025-06-25;Neutro
21410179;1;10.0;2025-08-22;Promotor
21416382;1;7.0;2026-02-10;Neutro
21426975;2;10.0;2025-07-30;Promotor
21427624;1;10.0;2025-01-10;Promotor
21427990;1;10.0;2026-02-24;Promotor
21431374;3;2.0;2025-12-02;Detrator
21432807;1;10.0;2025-08-22;Promotor
21435472;4;10.0;2026-03-10;Promotor
21437964;1;10.0;2026-06-19;Promotor
21438605;1;10.0;2025-11-04;Promotor
21438635;1;10.0;2025-08-29;Promotor
21438650;1;10.0;2025-08-29;Promotor
21439568;4;9.8;2025-09-24;Promotor
21441798;3;8.3;2025-08-26;Neutro
21450558;2;8.5;2025-06-06;Promotor
21467514;2;10.0;2026-04-28;Promotor
21469053;1;10.0;2025-10-22;Promotor
21469415;1;8.0;2026-01-21;Neutro
21470439;1;0.0;2025-09-24;Detrator
21479354;2;2.0;2025-05-28;Detrator
21487191;1;10.0;2025-03-04;Promotor
21495161;3;10.0;2026-02-24;Promotor
21495825;3;10.0;2025-10-29;Promotor
21496876;1;10.0;2026-03-20;Promotor
21510154;1;10.0;2025-05-28;Promotor
21510258;1;10.0;2025-09-29;Promotor
21510947;1;1.0;2025-05-30;Detrator
21511792;1;10.0;2026-03-11;Promotor
21518497;2;9.5;2025-06-06;Promotor
21518716;1;5.0;2025-10-21;Detrator
21519215;2;10.0;2025-08-26;Promotor
2152083;2;10.0;2026-03-07;Promotor
21524712;1;6.0;2025-01-17;Detrator
21526238;1;1.0;2025-01-18;Detrator
21527813;3;10.0;2026-04-29;Promotor
21531089;1;8.0;2025-03-04;Neutro
21532141;2;9.5;2026-01-15;Promotor
21542436;1;10.0;2026-03-16;Promotor
21554266;2;9.0;2026-05-26;Promotor
21557868;1;8.0;2025-02-25;Neutro
21559138;1;10.0;2026-03-26;Promotor
21565574;1;6.0;2025-03-17;Detrator
21568642;1;10.0;2026-03-03;Promotor
21570199;1;10.0;2026-03-20;Promotor
21570563;1;10.0;2025-01-17;Promotor
21573878;1;10.0;2025-01-02;Promotor
21577870;1;7.0;2025-02-04;Neutro
21582544;1;10.0;2025-08-02;Promotor
2158330;1;0.0;2025-09-06;Detrator
21584380;1;10.0;2025-03-06;Promotor
21584991;1;10.0;2025-03-11;Promotor
21585813;2;10.0;2025-08-08;Promotor
21600401;1;10.0;2025-09-28;Promotor
21600798;1;10.0;2025-06-03;Promotor
21601617;1;10.0;2025-05-06;Promotor
21604888;1;10.0;2025-12-18;Promotor
21607478;3;10.0;2025-09-10;Promotor
21609532;1;10.0;2026-05-07;Promotor
21609612;2;9.5;2026-05-27;Promotor
21610820;1;10.0;2025-09-09;Promotor
21614364;2;9.5;2025-08-12;Promotor
21615704;2;9.5;2025-08-05;Promotor
21626994;1;10.0;2025-10-04;Promotor
21641688;3;6.7;2026-01-20;Detrator
21642069;2;0.5;2025-08-26;Detrator
21649858;1;10.0;2025-08-01;Promotor
21650005;1;8.0;2025-02-04;Neutro
21650132;1;9.0;2025-04-15;Promotor
21654991;2;9.5;2025-04-07;Promotor
21657756;1;10.0;2026-02-26;Promotor
21663544;1;9.0;2025-02-05;Promotor
21663834;1;10.0;2025-05-28;Promotor
21689519;1;9.0;2026-03-31;Promotor
21693231;1;10.0;2025-01-25;Promotor
21693451;1;6.0;2025-06-10;Detrator
21695655;1;9.0;2025-09-25;Promotor
21697882;2;9.5;2025-09-24;Promotor
21698220;4;9.5;2026-01-07;Promotor
21706026;1;10.0;2026-02-13;Promotor
21707041;1;7.0;2025-01-10;Neutro
21707308;4;9.0;2025-12-12;Promotor
21708607;1;9.0;2025-07-22;Promotor
21709007;1;8.0;2025-03-28;Neutro
21720171;1;10.0;2025-01-02;Promotor
21720177;1;9.0;2025-09-27;Promotor
21721299;1;10.0;2025-03-21;Promotor
21722876;1;6.0;2025-09-24;Detrator
21727615;2;9.0;2026-05-20;Promotor
21727841;1;10.0;2025-02-28;Promotor
21728363;1;8.0;2025-01-07;Neutro
2172850;1;10.0;2026-03-04;Promotor
21729098;2;10.0;2025-06-21;Promotor
21729203;1;8.0;2025-12-19;Neutro
21730474;1;10.0;2025-09-03;Promotor
21740607;1;10.0;2025-01-10;Promotor
21743928;1;9.0;2025-04-30;Promotor
21747426;1;10.0;2025-01-21;Promotor
21748732;1;3.0;2025-08-01;Detrator
217574;5;10.0;2026-06-19;Promotor
21763511;1;10.0;2026-03-13;Promotor
21763609;1;10.0;2025-01-29;Promotor
21763839;1;10.0;2025-12-02;Promotor
21765699;7;10.0;2026-05-06;Promotor
21765705;1;10.0;2026-01-13;Promotor
21768360;1;10.0;2026-05-13;Promotor
21768939;1;10.0;2025-09-16;Promotor
21769867;2;10.0;2026-03-24;Promotor
21770338;2;10.0;2025-11-20;Promotor
21778526;1;10.0;2026-02-27;Promotor
21783278;1;10.0;2025-11-03;Promotor
21784573;1;10.0;2026-06-19;Promotor
21784847;1;10.0;2026-04-09;Promotor
21803628;1;10.0;2026-06-02;Promotor
21805412;1;10.0;2025-04-17;Promotor
21805823;1;10.0;2026-04-17;Promotor
21814092;1;1.0;2025-11-26;Detrator
21814097;1;10.0;2025-05-23;Promotor
21814503;1;0.0;2025-10-04;Detrator
21814956;2;3.5;2026-02-18;Neutro
21816640;2;10.0;2025-09-27;Promotor
21816818;2;10.0;2025-12-09;Promotor
21817898;1;10.0;2025-01-02;Promotor
21819205;1;10.0;2025-02-11;Promotor
21820178;2;10.0;2026-02-06;Promotor
21822128;1;10.0;2025-01-08;Promotor
21825650;1;10.0;2025-10-31;Promotor
21828697;1;10.0;2025-05-03;Promotor
21832476;5;9.4;2026-06-19;Promotor
21832917;1;9.0;2026-07-21;Promotor
21849047;2;5.0;2025-05-10;Promotor
21852272;1;10.0;2025-11-05;Promotor
21853288;1;10.0;2025-01-31;Promotor
21855601;1;8.0;2025-10-02;Neutro
21856144;1;10.0;2025-11-19;Promotor
21856678;2;10.0;2026-03-13;Promotor
21858654;1;10.0;2025-02-25;Promotor
21860641;1;10.0;2025-11-27;Promotor
21868095;3;10.0;2026-05-27;Promotor
21871894;3;10.0;2025-08-14;Promotor
21876966;2;10.0;2026-01-21;Promotor
21877695;1;10.0;2025-07-16;Promotor
21891716;1;10.0;2026-03-25;Promotor
21892191;1;10.0;2025-09-27;Promotor
21893694;1;10.0;2025-02-11;Promotor
21896200;1;0.0;2025-02-28;Detrator
21900253;1;10.0;2025-11-07;Promotor
21900678;1;10.0;2025-04-22;Promotor
21901443;2;10.0;2025-04-22;Promotor
21902721;1;10.0;2025-11-01;Promotor
21906791;1;10.0;2025-10-23;Promotor
21909569;1;10.0;2025-08-22;Promotor
21910228;1;10.0;2025-09-03;Promotor
21912335;1;8.0;2025-07-07;Neutro
21912363;2;9.0;2025-05-23;Promotor
21914015;1;10.0;2025-08-15;Promotor
21915072;1;10.0;2025-11-26;Promotor
21915861;1;10.0;2025-11-17;Promotor
21920762;2;9.5;2025-06-11;Promotor
21935940;1;10.0;2025-03-31;Promotor
21936632;1;10.0;2025-05-09;Promotor
21937178;1;6.0;2025-12-09;Detrator
21938604;2;10.0;2026-02-03;Promotor
21938872;2;9.5;2025-06-24;Promotor
21940636;1;9.0;2025-06-04;Promotor
21940955;4;9.2;2026-03-18;Promotor
21941505;2;10.0;2026-05-27;Promotor
21941673;1;10.0;2025-06-27;Promotor
21946365;2;9.5;2025-11-17;Promotor
21948182;2;10.0;2026-01-20;Promotor
21953868;1;9.0;2026-04-15;Promotor
21954752;1;7.0;2025-11-19;Neutro
21957679;1;10.0;2025-09-24;Promotor
21958160;1;10.0;2025-08-21;Promotor
21958775;2;10.0;2026-03-31;Promotor
21969383;1;10.0;2025-11-07;Promotor
21982983;2;10.0;2026-06-12;Promotor
21985633;6;8.8;2026-06-30;Promotor
21989104;1;10.0;2026-02-26;Promotor
21991906;2;10.0;2026-05-05;Promotor
21995186;1;8.0;2025-03-11;Neutro
21996708;1;10.0;2025-04-01;Promotor
22004859;1;8.0;2025-05-08;Neutro
22005195;2;9.0;2025-07-08;Promotor
22011797;1;7.0;2025-01-28;Neutro
22025583;1;2.0;2025-04-08;Detrator
22028402;1;9.0;2026-02-04;Promotor
22031057;1;8.0;2025-09-27;Neutro
22033647;1;10.0;2026-02-18;Promotor
22049663;1;10.0;2025-11-12;Promotor
22071561;2;10.0;2025-09-24;Promotor
22077932;2;10.0;2025-12-10;Promotor
22078004;1;10.0;2025-04-16;Promotor
22079996;1;10.0;2025-10-04;Promotor
22084244;2;10.0;2026-07-21;Promotor
22085217;1;10.0;2025-06-28;Promotor
22086893;1;10.0;2025-10-01;Promotor
22087049;1;10.0;2025-04-19;Promotor
22087189;1;10.0;2025-07-29;Promotor
22087199;1;10.0;2026-01-09;Promotor
22092600;2;10.0;2025-07-29;Promotor
22093338;1;10.0;2025-01-07;Promotor
2209571;1;10.0;2025-09-24;Promotor
22109732;1;10.0;2026-05-15;Promotor
22112302;2;9.0;2025-08-12;Promotor
22118674;2;10.0;2025-11-07;Promotor
22118923;2;9.5;2025-04-15;Promotor
22128216;1;10.0;2025-05-07;Promotor
22128400;2;10.0;2025-07-02;Promotor
22131549;1;6.0;2025-01-14;Detrator
22135387;1;10.0;2025-07-19;Promotor
2213837;2;9.0;2025-11-19;Promotor
22152752;1;10.0;2026-02-19;Promotor
22152913;1;10.0;2026-04-07;Promotor
22153331;1;10.0;2026-05-05;Promotor
22154206;1;3.0;2025-08-13;Detrator
22154585;2;8.5;2026-04-22;Promotor
22155712;1;10.0;2025-05-30;Promotor
22159615;1;8.0;2026-05-27;Neutro
22160885;2;10.0;2025-12-06;Promotor
22161662;4;10.0;2026-02-27;Promotor
22161988;1;10.0;2025-08-17;Promotor
22167959;2;5.0;2026-01-07;Detrator
22170726;1;10.0;2025-03-04;Promotor
22174473;1;10.0;2026-02-06;Promotor
22176300;1;10.0;2025-03-23;Promotor
22181447;1;10.0;2025-08-26;Promotor
22182373;1;10.0;2025-12-17;Promotor
22184709;3;8.3;2025-08-26;Neutro
2220141;1;10.0;2025-09-27;Promotor
22204781;1;10.0;2025-03-01;Promotor
22208192;1;10.0;2025-02-04;Promotor
22211778;1;10.0;2025-01-28;Promotor
22212944;1;9.0;2025-01-09;Promotor
22213792;1;10.0;2025-08-12;Promotor
22217809;1;10.0;2025-09-24;Promotor
22218415;1;2.0;2025-11-11;Detrator
22220627;1;10.0;2026-06-12;Promotor
22222358;1;0.0;2026-04-07;Detrator
22226753;3;8.3;2025-11-19;Neutro
22228799;1;10.0;2025-07-15;Promotor
22229039;1;10.0;2025-01-08;Promotor
22242073;2;10.0;2026-06-12;Promotor
22243413;1;10.0;2025-04-26;Promotor
22245864;1;10.0;2026-07-10;Promotor
22251522;2;8.0;2025-07-01;Neutro
22252867;1;8.0;2025-12-09;Neutro
22259952;1;0.0;2025-08-23;Detrator
22271251;1;10.0;2025-01-08;Promotor
22273053;2;10.0;2026-04-01;Promotor
22286245;1;10.0;2026-03-03;Promotor
22286929;1;10.0;2025-01-24;Promotor
22288366;1;10.0;2025-01-11;Promotor
22288483;3;10.0;2025-12-17;Promotor
22294295;1;9.0;2025-08-07;Promotor
22297873;1;9.0;2025-12-29;Promotor
22302682;1;8.0;2026-02-26;Neutro
22318165;1;9.0;2025-03-13;Promotor
22318566;2;9.5;2026-03-10;Promotor
2232772;1;10.0;2025-10-01;Promotor
22334320;1;9.0;2025-08-22;Promotor
22337966;2;10.0;2025-08-08;Promotor
22341522;1;10.0;2025-10-04;Promotor
22344542;2;10.0;2025-03-21;Promotor
22346256;1;8.0;2025-01-24;Neutro
22357132;1;10.0;2025-02-07;Promotor
22360069;2;10.0;2026-06-09;Promotor
22383537;3;7.0;2026-03-05;Detrator
22383674;2;7.5;2025-05-27;Neutro
22383850;1;10.0;2025-08-07;Promotor
22387871;1;8.0;2026-01-13;Neutro
22390373;2;9.0;2026-03-04;Promotor
22391098;1;10.0;2025-06-13;Promotor
22391543;1;9.0;2025-05-12;Promotor
22396208;1;9.0;2025-11-06;Promotor
22397896;1;10.0;2025-06-18;Promotor
22399153;1;10.0;2025-11-12;Promotor
22402323;2;10.0;2025-03-04;Promotor
22408470;2;5.0;2026-02-03;Detrator
22412020;1;10.0;2025-01-14;Promotor
22414097;2;9.0;2026-05-19;Promotor
22426435;2;10.0;2025-04-23;Promotor
22428073;1;10.0;2025-02-14;Promotor
22428203;1;3.0;2025-02-25;Detrator
22433566;1;8.0;2025-08-13;Neutro
22434632;1;10.0;2025-12-17;Promotor
22434750;1;9.0;2026-03-17;Promotor
22436186;1;0.0;2026-05-28;Detrator
22440910;1;9.0;2025-01-15;Promotor
22449803;1;9.0;2025-10-22;Promotor
22449836;1;10.0;2025-08-11;Promotor
22450434;1;10.0;2025-02-13;Promotor
22454229;1;8.0;2025-04-04;Neutro
22454331;3;10.0;2026-03-03;Promotor
22455210;1;10.0;2025-09-27;Promotor
22455855;1;10.0;2025-07-01;Promotor
22470533;2;10.0;2025-07-22;Promotor
22472292;1;10.0;2026-02-24;Promotor
22473200;1;9.0;2025-11-14;Promotor
22475881;1;10.0;2025-06-05;Promotor
22479332;3;9.7;2026-06-23;Promotor
22480628;2;5.5;2026-02-26;Promotor
22487850;1;10.0;2025-01-31;Promotor
22489185;1;10.0;2026-01-07;Promotor
22489589;1;10.0;2025-09-27;Promotor
22493998;1;10.0;2025-08-22;Promotor
22494121;2;10.0;2025-10-01;Promotor
22494217;1;10.0;2025-10-22;Promotor
22495605;1;10.0;2025-02-12;Promotor
2249779;1;9.0;2025-09-13;Promotor
22500526;1;10.0;2025-02-22;Promotor
22502353;1;9.0;2025-01-08;Promotor
22502774;2;10.0;2025-11-18;Promotor
22504098;1;0.0;2025-05-10;Detrator
22504598;1;3.0;2026-02-13;Detrator
22517731;8;6.1;2026-06-25;Promotor
22521024;3;10.0;2026-06-23;Promotor
22526319;2;7.5;2026-02-25;Promotor
2252697;2;9.0;2026-07-20;Promotor
22528514;1;9.0;2025-04-10;Promotor
2252899;1;0.0;2025-03-28;Detrator
22529635;1;8.0;2025-11-11;Neutro
22534174;1;5.0;2025-08-29;Detrator
22534779;1;10.0;2025-06-18;Promotor
22534948;1;10.0;2026-01-08;Promotor
22535667;1;10.0;2025-02-26;Promotor
22541352;1;7.0;2025-03-15;Neutro
22546547;3;6.7;2026-02-10;Promotor
22547800;1;10.0;2025-10-09;Promotor
22549731;1;10.0;2025-05-29;Promotor
22550032;1;7.0;2026-05-15;Neutro
22550302;1;10.0;2025-02-18;Promotor
22551879;2;10.0;2026-02-25;Promotor
22564744;1;10.0;2026-04-24;Promotor
2257185;2;10.0;2026-02-24;Promotor
22572097;1;10.0;2025-09-27;Promotor
22572304;2;10.0;2026-06-05;Promotor
22574593;2;10.0;2026-06-19;Promotor
22575799;1;10.0;2025-04-01;Promotor
22581855;1;10.0;2026-07-17;Promotor
22581920;1;10.0;2025-06-02;Promotor
22586080;1;10.0;2025-08-15;Promotor
22589027;5;8.8;2025-11-12;Promotor
22589235;1;10.0;2025-12-04;Promotor
22594264;1;10.0;2025-05-30;Promotor
22610544;1;9.0;2026-06-10;Promotor
22611770;1;10.0;2025-07-15;Promotor
22612169;1;9.0;2026-01-30;Promotor
22615906;1;10.0;2026-03-25;Promotor
22622194;1;8.0;2025-07-12;Neutro
22622776;2;10.0;2025-09-02;Promotor
22628969;4;10.0;2026-06-09;Promotor
22629369;3;10.0;2026-06-17;Promotor
2262984;1;7.0;2025-10-01;Neutro
22630074;1;10.0;2026-02-17;Promotor
22631297;2;5.5;2025-07-28;Detrator
2263309;1;10.0;2025-04-29;Promotor
22636150;1;9.0;2025-10-01;Promotor
22649561;1;10.0;2026-04-30;Promotor
2264998;1;10.0;2026-03-10;Promotor
22653440;1;10.0;2026-05-22;Promotor
2265437;1;10.0;2025-05-27;Promotor
22659919;1;10.0;2025-09-27;Promotor
22661760;2;10.0;2026-03-26;Promotor
22661994;1;8.0;2025-05-06;Neutro
22662532;1;10.0;2026-01-06;Promotor
22665702;1;10.0;2025-12-03;Promotor
22665838;1;10.0;2025-03-25;Promotor
22666991;1;10.0;2026-02-20;Promotor
22667903;1;10.0;2025-11-12;Promotor
2267033;1;10.0;2025-08-19;Promotor
22674397;2;10.0;2025-07-05;Promotor
22676483;1;10.0;2026-03-20;Promotor
22676763;4;10.0;2025-11-25;Promotor
2267719;3;10.0;2026-05-27;Promotor
22698105;3;10.0;2025-08-27;Promotor
22698579;1;10.0;2025-11-19;Promotor
22701459;1;10.0;2025-07-31;Promotor
22701694;1;9.0;2025-02-14;Promotor
22705068;1;9.0;2025-02-19;Promotor
22712921;1;0.0;2025-03-08;Detrator
22715225;1;10.0;2025-10-28;Promotor
22715490;3;10.0;2026-01-30;Promotor
22716705;1;10.0;2026-05-05;Promotor
22719664;1;10.0;2025-05-10;Promotor
2273109;1;8.0;2025-08-30;Neutro
22732187;1;9.0;2026-07-07;Promotor
2273414;1;8.0;2025-11-14;Neutro
22745742;1;0.0;2025-03-14;Detrator
22748802;1;9.0;2026-04-28;Promotor
22750037;1;10.0;2026-05-27;Promotor
22753019;1;9.0;2025-10-17;Promotor
22753346;1;8.0;2025-05-04;Neutro
22753682;2;9.0;2026-04-13;Neutro
22756170;5;9.8;2026-07-14;Promotor
22756775;1;10.0;2025-08-17;Promotor
22760761;1;10.0;2026-01-20;Promotor
22769018;2;9.5;2025-08-05;Promotor
22770471;1;10.0;2025-08-12;Promotor
22770570;1;10.0;2026-02-11;Promotor
22775969;1;9.0;2025-04-04;Promotor
22777702;1;10.0;2026-04-14;Promotor
22778445;1;5.0;2025-01-07;Detrator
22790411;1;5.0;2025-01-21;Detrator
22793346;1;10.0;2026-03-17;Promotor
22793997;2;9.0;2025-12-30;Neutro
22800189;2;10.0;2026-05-20;Promotor
22802700;1;9.0;2025-07-16;Promotor
22807199;1;10.0;2026-07-14;Promotor
22807252;1;10.0;2025-04-30;Promotor
2281284;1;10.0;2026-06-12;Promotor
22814912;2;10.0;2026-01-12;Promotor
22815503;2;6.5;2026-04-07;Detrator
22817239;1;10.0;2025-05-15;Promotor
22817548;1;10.0;2025-08-22;Promotor
22821468;1;10.0;2025-07-29;Promotor
22824265;1;9.0;2025-08-21;Promotor
22825781;1;7.0;2025-09-12;Neutro
22837621;1;8.0;2025-10-16;Neutro
22838046;1;10.0;2025-09-27;Promotor
22840286;2;9.5;2025-06-03;Promotor
22841192;1;10.0;2025-09-17;Promotor
22841658;1;10.0;2025-06-17;Promotor
22844205;1;5.0;2025-12-12;Detrator
22848457;1;10.0;2026-06-26;Promotor
22850341;1;10.0;2025-08-25;Promotor
22856304;1;10.0;2026-02-26;Promotor
22858732;1;10.0;2025-10-08;Promotor
2285888;1;10.0;2025-05-20;Promotor
22859496;1;10.0;2025-02-25;Promotor
22860540;1;9.0;2025-06-03;Promotor
22863244;2;10.0;2026-07-09;Promotor
22863307;1;8.0;2025-08-22;Neutro
22863364;1;10.0;2025-04-05;Promotor
22864167;1;10.0;2025-01-02;Promotor
22864507;1;10.0;2025-07-25;Promotor
22865625;1;10.0;2025-11-21;Promotor
22866015;1;10.0;2026-05-14;Promotor
22872156;2;8.0;2026-02-15;Promotor
22891358;1;1.0;2025-07-01;Detrator
22891423;4;10.0;2026-04-21;Promotor
22892402;2;10.0;2025-06-18;Promotor
22892835;1;10.0;2025-09-03;Promotor
22895311;2;10.0;2025-04-22;Promotor
22895960;1;8.0;2026-06-10;Neutro
22895983;1;10.0;2026-03-25;Promotor
22904414;1;10.0;2025-05-27;Promotor
22906020;4;10.0;2025-12-16;Promotor
22907339;1;9.0;2025-03-18;Promotor
22907489;1;8.0;2025-09-27;Neutro
22910986;1;10.0;2025-12-30;Promotor
22915133;1;10.0;2025-02-05;Promotor
22915286;1;10.0;2025-02-12;Promotor
22918392;1;10.0;2025-05-29;Promotor
22918749;1;6.0;2025-01-08;Detrator
22918966;1;10.0;2025-02-21;Promotor
2292023;1;10.0;2025-10-17;Promotor
22922155;1;7.0;2025-10-22;Neutro
22929937;2;10.0;2025-07-01;Promotor
22935350;1;10.0;2026-07-01;Promotor
22938159;4;9.2;2026-03-28;Promotor
22938267;2;9.5;2025-06-10;Promotor
22938518;2;10.0;2025-09-06;Promotor
22938825;2;8.0;2025-05-21;Detrator
22943110;1;10.0;2025-07-08;Promotor
22950502;1;10.0;2025-09-24;Promotor
22958286;1;10.0;2025-03-22;Promotor
22959510;4;7.5;2026-05-05;Neutro
22960026;1;10.0;2025-09-02;Promotor
22971046;1;9.0;2026-02-17;Promotor
22993443;1;0.0;2025-06-17;Detrator
22997593;1;10.0;2026-05-06;Promotor
22997979;1;8.0;2025-02-07;Neutro
22998259;1;10.0;2025-02-15;Promotor
23001143;1;10.0;2025-01-04;Promotor
23003995;1;10.0;2025-02-19;Promotor
23004128;2;10.0;2026-05-20;Promotor
23007838;1;10.0;2025-05-30;Promotor
23011367;1;9.0;2025-05-27;Promotor
23013999;3;9.7;2026-01-16;Promotor
23014096;1;10.0;2025-09-25;Promotor
23014326;1;5.0;2025-08-19;Detrator
23014706;1;10.0;2025-08-08;Promotor
2301869;2;10.0;2025-09-09;Promotor
23024502;1;5.0;2025-04-18;Detrator
23028568;2;8.0;2026-04-07;Neutro
23030511;1;10.0;2025-05-30;Promotor
23031192;3;10.0;2026-06-30;Promotor
23031199;1;10.0;2026-03-31;Promotor
23032009;1;10.0;2026-04-29;Promotor
23035802;5;8.4;2026-02-04;Promotor
23039370;1;8.0;2025-04-15;Neutro
23043229;1;10.0;2025-09-27;Promotor
23043662;1;10.0;2025-03-05;Promotor
23051396;2;10.0;2026-01-30;Promotor
23052565;1;10.0;2026-04-09;Promotor
23061311;1;10.0;2026-03-19;Promotor
23061313;2;10.0;2025-06-16;Promotor
23075246;1;10.0;2025-05-27;Promotor
23077236;1;8.0;2025-08-22;Neutro
23078726;1;10.0;2025-10-01;Promotor
23086315;1;8.0;2026-07-14;Neutro
23086642;1;10.0;2026-01-13;Promotor
23088022;1;0.0;2025-12-09;Detrator
23088980;1;9.0;2025-02-11;Promotor
23089504;1;10.0;2025-12-23;Promotor
23093950;1;0.0;2025-02-17;Detrator
23094497;1;10.0;2025-02-07;Promotor
23104767;1;10.0;2025-11-27;Promotor
23104954;1;10.0;2025-04-18;Promotor
23105047;1;8.0;2025-05-28;Neutro
23112190;1;10.0;2025-04-15;Promotor
2311977;1;9.0;2026-06-19;Promotor
23127512;1;10.0;2025-09-02;Promotor
23129613;2;9.5;2025-07-29;Promotor
23131484;1;10.0;2026-02-25;Promotor
23132337;1;0.0;2025-05-23;Detrator
23138492;1;10.0;2025-01-17;Promotor
23142609;2;4.0;2025-09-24;Detrator
23155703;1;10.0;2026-02-06;Promotor
23156355;1;10.0;2025-10-28;Promotor
23156402;4;10.0;2026-07-07;Promotor
23156503;1;10.0;2025-02-18;Promotor
23157230;1;10.0;2026-07-14;Promotor
23164257;1;10.0;2025-06-17;Promotor
23179278;1;10.0;2025-10-01;Promotor
23180840;1;9.0;2026-02-27;Promotor
23181528;1;10.0;2026-07-07;Promotor
23185238;2;10.0;2026-03-25;Promotor
23187328;1;9.0;2025-09-25;Promotor
23188320;1;10.0;2025-09-27;Promotor
23192932;4;9.5;2025-12-02;Promotor
2319336;1;9.0;2025-07-04;Promotor
23203920;1;10.0;2025-03-13;Promotor
23213120;1;8.0;2025-08-22;Neutro
23213423;1;10.0;2025-06-03;Promotor
23214476;1;10.0;2025-08-29;Promotor
23215992;1;8.0;2025-09-10;Neutro
23217159;1;9.0;2025-05-28;Promotor
23231444;1;10.0;2025-08-26;Promotor
23232051;2;10.0;2025-10-29;Promotor
23232764;2;8.0;2025-07-25;Promotor
23234880;1;9.0;2026-04-09;Promotor
23236212;1;8.0;2025-04-18;Neutro
23237130;2;10.0;2026-05-26;Promotor
23241647;1;10.0;2025-11-28;Promotor
23242129;1;10.0;2025-01-10;Promotor
23242931;1;9.0;2025-09-27;Promotor
23245488;1;10.0;2025-04-01;Promotor
23248553;1;10.0;2025-08-02;Promotor
23250132;2;10.0;2025-08-14;Promotor
23257026;1;10.0;2026-05-06;Promotor
23257782;4;9.5;2025-08-16;Neutro
23260390;1;10.0;2025-09-27;Promotor
23260719;1;10.0;2025-02-21;Promotor
23264925;1;0.0;2025-05-31;Detrator
23287193;2;5.0;2026-07-14;Promotor
2328968;2;9.0;2026-02-21;Promotor
23296391;1;0.0;2025-09-24;Detrator
23304639;2;10.0;2025-12-09;Promotor
23305219;1;10.0;2025-09-27;Promotor
23308467;1;10.0;2025-08-19;Promotor
23313114;1;10.0;2025-02-21;Promotor
23313377;1;10.0;2025-01-24;Promotor
23321759;1;10.0;2026-04-27;Promotor
23322512;1;10.0;2025-07-17;Promotor
23348048;1;8.0;2025-09-05;Neutro
23348284;1;1.0;2025-09-02;Detrator
23349269;1;2.0;2025-05-17;Detrator
23353710;1;5.0;2025-09-25;Detrator
23354859;1;10.0;2026-05-12;Promotor
23364370;2;10.0;2025-06-25;Promotor
23365742;1;9.0;2025-06-13;Promotor
23371060;1;10.0;2025-05-14;Promotor
23371505;1;10.0;2025-03-07;Promotor
23371688;1;10.0;2025-03-12;Promotor
23371993;1;10.0;2025-04-17;Promotor
23373142;1;10.0;2025-07-11;Promotor
23375192;1;9.0;2025-08-26;Promotor
2337603;2;8.0;2025-09-24;Neutro
23380313;3;9.7;2025-12-21;Promotor
23388176;1;10.0;2025-06-20;Promotor
23403368;1;10.0;2025-03-11;Promotor
23412636;1;10.0;2026-02-24;Promotor
23418961;1;9.0;2025-03-25;Promotor
23425859;3;10.0;2026-02-18;Promotor
23425892;4;6.5;2025-11-11;Neutro
23434181;1;10.0;2025-08-29;Promotor
23435442;1;10.0;2025-08-23;Promotor
23438333;1;10.0;2025-06-20;Promotor
23450785;1;10.0;2025-06-25;Promotor
23454685;1;10.0;2025-11-26;Promotor
23459609;5;9.6;2026-06-30;Promotor
23460696;2;10.0;2025-06-25;Promotor
23488839;1;10.0;2025-06-20;Promotor
2350544;3;10.0;2026-05-06;Promotor
23515501;1;10.0;2026-06-18;Promotor
2354320;3;8.3;2025-08-15;Detrator
23548445;4;10.0;2026-07-07;Promotor
23572899;1;10.0;2026-05-19;Promotor
23579595;1;10.0;2026-03-03;Promotor
23585651;1;10.0;2026-05-25;Promotor
23585654;1;8.0;2025-09-24;Neutro
23586140;2;10.0;2025-10-21;Promotor
23587483;2;9.0;2026-03-07;Promotor
23590351;2;9.0;2025-06-26;Promotor
23595337;1;10.0;2025-08-22;Promotor
23595941;1;9.0;2026-06-25;Promotor
23604339;1;10.0;2026-06-25;Promotor
23608733;1;10.0;2025-10-21;Promotor
23613334;1;10.0;2025-11-04;Promotor
23614826;1;10.0;2025-04-25;Promotor
23618404;1;10.0;2025-08-06;Promotor
23639755;3;10.0;2025-11-21;Promotor
23640170;1;10.0;2025-08-22;Promotor
23640847;1;10.0;2025-03-11;Promotor
23647321;1;2.0;2025-07-15;Detrator
23649557;1;0.0;2026-04-17;Detrator
23658554;1;10.0;2026-05-08;Promotor
23666467;3;9.0;2025-10-29;Promotor
23667608;1;10.0;2025-10-08;Promotor
23670394;1;0.0;2026-04-21;Detrator
23672570;2;10.0;2025-11-07;Promotor
23673226;1;10.0;2025-09-27;Promotor
23674641;1;4.0;2025-08-01;Detrator
23674784;3;10.0;2025-11-28;Promotor
23692272;1;5.0;2025-09-27;Detrator
23694314;2;9.0;2026-02-10;Neutro
23695118;1;8.0;2025-03-05;Neutro
23705690;4;3.8;2026-06-02;Detrator
23706003;1;10.0;2025-08-15;Promotor
23706173;1;9.0;2025-03-19;Promotor
23711436;2;9.0;2026-04-15;Promotor
23712764;1;10.0;2025-06-06;Promotor
23714842;3;9.3;2026-01-13;Promotor
23720902;2;7.0;2025-11-15;Detrator
23722212;1;10.0;2026-03-04;Promotor
23725262;1;6.0;2026-06-08;Detrator
23725374;1;10.0;2025-08-20;Promotor
23725501;1;10.0;2025-08-30;Promotor
2372592;2;9.5;2025-08-13;Promotor
2372776;1;9.0;2026-03-25;Promotor
2372850;3;10.0;2026-01-09;Promotor
23732121;1;9.0;2025-08-08;Promotor
2373396;1;9.0;2025-04-04;Promotor
2374404;1;10.0;2026-02-10;Promotor
23750309;1;9.0;2025-12-05;Promotor
23751751;1;10.0;2025-08-01;Promotor
23754109;5;10.0;2026-06-18;Promotor
23754474;1;9.0;2025-10-20;Promotor
23762477;1;10.0;2026-04-21;Promotor
23764195;1;0.0;2026-03-20;Detrator
23767663;4;10.0;2026-06-18;Promotor
23768061;1;10.0;2025-07-30;Promotor
23774970;1;10.0;2025-08-05;Promotor
23775934;1;9.0;2025-03-13;Promotor
23776597;2;10.0;2025-05-28;Promotor
23777180;1;10.0;2026-04-28;Promotor
23777666;1;10.0;2025-03-18;Promotor
23783350;1;10.0;2025-08-20;Promotor
23786666;1;8.0;2025-07-15;Neutro
23803853;1;10.0;2025-07-22;Promotor
2380965;2;10.0;2026-03-04;Promotor
23810150;1;10.0;2025-11-04;Promotor
23812194;1;7.0;2025-06-05;Neutro
23813497;1;10.0;2025-06-11;Promotor
23814564;1;7.0;2025-08-19;Neutro
23815399;1;10.0;2026-02-04;Promotor
23815656;1;10.0;2026-04-13;Promotor
23816253;1;2.0;2025-07-08;Detrator
23820918;1;10.0;2025-08-12;Promotor
23822235;1;10.0;2026-06-12;Promotor
23824146;1;10.0;2026-05-15;Promotor
23824606;2;10.0;2025-07-09;Promotor
23831144;3;10.0;2026-02-16;Promotor
23839418;1;10.0;2025-09-10;Promotor
23841732;1;10.0;2026-05-15;Promotor
23842662;1;10.0;2025-03-11;Promotor
23858937;2;10.0;2025-12-17;Promotor
23861576;1;6.0;2025-08-05;Detrator
23862845;2;6.0;2025-11-11;Detrator
23865966;1;9.0;2025-09-30;Promotor
23866019;1;8.0;2026-02-17;Neutro
23868299;1;9.0;2026-04-09;Promotor
23869702;1;10.0;2025-10-24;Promotor
23876986;1;10.0;2026-07-15;Promotor
23878196;1;10.0;2025-03-14;Promotor
23882406;1;10.0;2025-07-16;Promotor
23883022;1;10.0;2026-04-08;Promotor
23887113;1;7.0;2025-09-02;Neutro
23889572;1;9.0;2026-06-30;Promotor
23892133;1;0.0;2025-10-04;Detrator
23892698;1;9.0;2025-04-09;Promotor
23892833;3;9.0;2026-01-23;Promotor
23895143;2;10.0;2026-05-06;Promotor
23912374;2;6.0;2026-06-12;Detrator
23914469;1;10.0;2025-07-06;Promotor
23918849;1;10.0;2025-09-27;Promotor
23921311;1;10.0;2025-09-05;Promotor
23921928;2;10.0;2025-11-21;Promotor
23925071;1;10.0;2026-02-18;Promotor
23928501;1;9.0;2025-08-21;Promotor
23929991;2;10.0;2025-12-26;Promotor
23932638;1;10.0;2025-06-25;Promotor
23935757;1;8.0;2025-04-08;Neutro
23936833;1;10.0;2025-09-26;Promotor
23942312;1;10.0;2025-09-25;Promotor
23942407;1;10.0;2025-11-26;Promotor
23943110;1;10.0;2025-07-22;Promotor
23948263;1;9.0;2025-08-10;Promotor
23948729;1;10.0;2025-03-25;Promotor
23948981;1;10.0;2025-06-08;Promotor
23965941;1;10.0;2026-04-23;Promotor
23967504;1;9.0;2026-01-07;Promotor
23975294;1;0.0;2025-09-16;Detrator
23978539;5;10.0;2026-06-09;Promotor
23978962;1;10.0;2025-10-28;Promotor
23984348;2;8.0;2025-09-24;Neutro
23985324;1;10.0;2025-09-19;Promotor
23986036;1;10.0;2025-10-02;Promotor
23991041;5;10.0;2026-03-24;Promotor
23999395;1;10.0;2025-09-27;Promotor
24004498;1;10.0;2026-04-01;Promotor
24033996;1;6.0;2026-03-17;Detrator
24034436;1;10.0;2025-08-15;Promotor
24038870;1;7.0;2025-08-23;Neutro
24050063;1;9.0;2025-09-19;Promotor
24050797;1;10.0;2025-08-15;Promotor
24052317;1;10.0;2025-06-25;Promotor
2406023;1;10.0;2025-01-24;Promotor
24067038;1;10.0;2026-03-17;Promotor
24068061;1;10.0;2025-08-08;Promotor
24068606;1;10.0;2025-08-22;Promotor
24070252;1;10.0;2025-08-15;Promotor
24080826;1;10.0;2025-06-25;Promotor
24080856;1;9.0;2025-12-24;Promotor
24083646;1;8.0;2026-07-02;Neutro
24085514;1;10.0;2025-09-24;Promotor
24092067;2;10.0;2026-06-09;Promotor
24096091;3;10.0;2025-10-24;Promotor
24098493;1;10.0;2026-04-01;Promotor
24098908;2;9.0;2025-09-27;Promotor
24099226;1;10.0;2026-02-25;Promotor
24103378;1;10.0;2025-09-29;Promotor
24118294;1;9.0;2025-11-26;Promotor
2412162;3;10.0;2026-02-10;Promotor
24121653;1;10.0;2025-08-13;Promotor
24125486;1;10.0;2025-05-29;Promotor
24125764;1;9.0;2025-05-28;Promotor
24127418;1;10.0;2025-08-31;Promotor
24128238;1;0.0;2025-08-12;Detrator
24128447;1;9.0;2025-07-01;Promotor
24129416;1;9.0;2026-06-24;Promotor
24139680;1;10.0;2025-08-06;Promotor
24143441;2;10.0;2026-01-02;Promotor
24148664;1;10.0;2025-10-04;Promotor
24174674;1;9.0;2025-09-27;Promotor
24177982;1;10.0;2026-05-07;Promotor
24180933;1;10.0;2026-03-03;Promotor
24182308;1;10.0;2026-03-11;Promotor
24183789;1;0.0;2025-12-09;Detrator
24187435;3;8.7;2025-09-24;Promotor
24188690;1;9.0;2025-07-16;Promotor
24189049;1;9.0;2026-05-28;Promotor
24195680;2;9.0;2025-11-14;Neutro
24223165;1;10.0;2025-07-22;Promotor
24223947;1;10.0;2025-09-24;Promotor
24225343;1;10.0;2025-08-07;Promotor
24225392;1;9.0;2026-02-24;Promotor
24226508;1;10.0;2025-12-12;Promotor
24227396;2;9.0;2026-06-18;Promotor
24230343;2;8.5;2025-10-20;Neutro
24233850;1;10.0;2026-04-28;Promotor
24238944;1;10.0;2026-03-25;Promotor
2425159;1;8.0;2026-05-12;Neutro
242572;1;10.0;2025-08-19;Promotor
24260430;1;10.0;2025-11-18;Promotor
24260643;2;10.0;2025-08-20;Promotor
24264304;1;8.0;2026-03-03;Neutro
24264960;1;10.0;2025-07-25;Promotor
24275857;1;10.0;2025-10-01;Promotor
24286113;2;10.0;2025-10-14;Promotor
24298456;1;10.0;2025-08-12;Promotor
24311574;4;5.8;2026-01-27;Neutro
24314467;1;10.0;2025-08-13;Promotor
2431542;2;10.0;2026-02-03;Promotor
24316322;2;10.0;2026-01-07;Promotor
24325642;1;10.0;2025-09-17;Promotor
24328342;2;9.0;2025-10-24;Neutro
24332441;1;9.0;2025-09-27;Promotor
24332751;1;10.0;2026-03-04;Promotor
243541;1;10.0;2025-10-24;Promotor
24359333;1;10.0;2026-02-19;Promotor
2436470;5;8.4;2026-06-05;Neutro
24365367;1;8.0;2025-07-16;Neutro
24368498;1;10.0;2025-07-24;Promotor
24372368;1;10.0;2026-07-17;Promotor
24375519;4;10.0;2026-06-30;Promotor
24388189;3;10.0;2026-05-19;Promotor
24395612;1;10.0;2025-08-26;Promotor
24397745;1;10.0;2025-08-07;Promotor
24404439;1;10.0;2025-06-24;Promotor
24411213;1;1.0;2026-03-03;Detrator
24412251;1;10.0;2026-03-18;Promotor
24412557;1;10.0;2025-07-24;Promotor
24413244;1;10.0;2026-02-17;Promotor
2443451;1;10.0;2025-08-14;Promotor
24448874;1;10.0;2025-09-12;Promotor
24451337;2;8.5;2026-05-12;Neutro
2445380;6;10.0;2025-10-15;Promotor
24455820;3;10.0;2025-11-05;Promotor
24459159;2;9.5;2026-03-18;Promotor
24462021;3;9.7;2026-05-07;Promotor
24462567;1;10.0;2025-05-30;Promotor
24463744;1;10.0;2025-09-24;Promotor
24464219;1;8.0;2026-05-28;Neutro
2447635;1;10.0;2025-03-18;Promotor
24499769;1;2.0;2025-08-12;Detrator
2450605;1;10.0;2025-11-28;Promotor
2450791;1;9.0;2025-09-19;Promotor
24526601;1;10.0;2025-11-08;Promotor
24554826;2;10.0;2026-02-14;Promotor
24555617;2;10.0;2025-12-01;Promotor
24569525;1;10.0;2026-01-06;Promotor
24570027;1;10.0;2025-07-15;Promotor
24571891;1;1.0;2025-08-17;Detrator
24576867;2;10.0;2026-04-28;Promotor
24584471;4;8.8;2026-05-11;Promotor
24585995;1;10.0;2026-02-25;Promotor
24586402;1;9.0;2025-08-26;Promotor
2458702;2;8.5;2025-10-08;Neutro
24590165;1;10.0;2025-10-01;Promotor
24590635;2;9.0;2026-02-11;Promotor
2459478;1;10.0;2026-04-14;Promotor
24595963;1;9.0;2026-06-06;Promotor
24612037;3;6.0;2026-03-03;Detrator
24612145;1;10.0;2025-08-22;Promotor
24614601;1;8.0;2025-06-03;Neutro
24615122;2;10.0;2025-09-24;Promotor
24617962;2;9.0;2025-12-11;Promotor
24620328;1;10.0;2025-08-29;Promotor
24621029;1;10.0;2026-07-10;Promotor
24625140;1;10.0;2025-08-21;Promotor
2462707;1;10.0;2025-07-29;Promotor
24628682;1;10.0;2025-08-26;Promotor
2463027;1;10.0;2026-06-28;Promotor
24632680;1;10.0;2025-08-26;Promotor
24633718;1;10.0;2025-08-22;Promotor
24634046;1;10.0;2026-02-11;Promotor
24638015;1;10.0;2026-02-25;Promotor
24638732;2;10.0;2026-02-06;Promotor
24638826;1;9.0;2026-06-24;Promotor
24653488;3;10.0;2026-04-14;Promotor
24663642;4;10.0;2026-04-28;Promotor
24676458;1;8.0;2025-08-26;Neutro
24677824;1;10.0;2025-09-24;Promotor
24680;3;10.0;2025-09-24;Promotor
24683955;1;10.0;2026-03-03;Promotor
24684726;1;10.0;2025-08-26;Promotor
24685849;2;7.5;2025-10-15;Neutro
24700794;1;10.0;2025-08-26;Promotor
24701018;1;6.0;2025-08-29;Detrator
24701056;1;10.0;2026-04-29;Promotor
2470142;1;10.0;2025-04-19;Promotor
24701543;1;10.0;2026-01-13;Promotor
24702723;2;10.0;2025-08-29;Promotor
24709421;1;10.0;2025-10-01;Promotor
24711213;1;10.0;2025-10-01;Promotor
24715339;1;10.0;2025-09-25;Promotor
24722104;1;10.0;2026-04-09;Promotor
24722106;3;10.0;2026-07-08;Promotor
24728208;4;10.0;2026-06-30;Promotor
24747218;1;10.0;2025-08-21;Promotor
24754964;1;10.0;2026-02-06;Promotor
24763480;1;5.0;2025-09-09;Detrator
24764009;1;10.0;2025-08-26;Promotor
24776685;1;10.0;2026-03-24;Promotor
24803222;1;10.0;2025-08-26;Promotor
24805775;1;10.0;2026-03-10;Promotor
24809043;1;10.0;2026-03-17;Promotor
24811906;1;0.0;2025-08-19;Detrator
24814949;1;10.0;2025-08-22;Promotor
24816596;1;8.0;2025-11-14;Neutro
248218;1;10.0;2025-02-11;Promotor
24822973;1;9.0;2026-02-05;Promotor
24826566;1;10.0;2026-06-12;Promotor
24828273;2;8.5;2026-04-28;Neutro
24840760;1;10.0;2026-03-03;Promotor
24840955;1;10.0;2026-05-01;Promotor
24842098;1;6.0;2026-01-24;Detrator
24843589;1;10.0;2025-09-27;Promotor
24843665;1;10.0;2026-05-17;Promotor
24844827;1;8.0;2025-12-05;Neutro
24855577;2;10.0;2026-05-27;Promotor
24857970;1;6.0;2026-05-16;Detrator
24858021;1;10.0;2025-08-27;Promotor
24860022;2;10.0;2026-01-20;Promotor
24860691;1;10.0;2026-04-02;Promotor
24864415;1;5.0;2025-08-19;Detrator
24865394;2;9.0;2026-01-27;Promotor
24866826;1;9.0;2025-08-21;Promotor
24872908;1;8.0;2026-02-13;Neutro
24889446;3;10.0;2025-09-24;Promotor
24890593;1;10.0;2025-10-29;Promotor
24893691;1;9.0;2026-07-08;Promotor
24898186;1;8.0;2026-06-18;Neutro
24901664;1;6.0;2026-04-08;Detrator
24901665;1;8.0;2025-08-22;Neutro
24913717;2;10.0;2026-07-14;Promotor
24937180;1;10.0;2026-04-30;Promotor
24940243;1;10.0;2025-12-19;Promotor
24945051;1;10.0;2025-08-29;Promotor
24945597;3;10.0;2025-12-16;Promotor
24947439;1;5.0;2025-10-21;Detrator
24954771;1;5.0;2026-01-23;Detrator
24957082;1;10.0;2025-08-29;Promotor
24960282;1;10.0;2026-05-07;Promotor
2496205;1;10.0;2026-05-27;Promotor
2497538;1;10.0;2025-10-15;Promotor
24990769;1;10.0;2026-06-03;Promotor
24998044;1;9.0;2026-02-06;Promotor
25000931;1;10.0;2025-08-28;Promotor
25003071;1;10.0;2026-02-06;Promotor
250051;1;10.0;2025-06-13;Promotor
25012308;1;10.0;2026-04-15;Promotor
25014455;1;10.0;2025-11-26;Promotor
25018119;1;10.0;2025-12-02;Promotor
25019021;1;9.0;2026-04-29;Promotor
25035426;1;10.0;2026-02-25;Promotor
25045703;1;10.0;2026-06-05;Promotor
25052650;1;10.0;2025-08-19;Promotor
25052864;1;10.0;2025-09-12;Promotor
25053533;1;10.0;2026-04-12;Promotor
25061275;1;10.0;2025-10-29;Promotor
25061410;1;10.0;2025-09-24;Promotor
25062826;1;9.0;2026-05-11;Promotor
25067463;1;10.0;2026-06-16;Promotor
25071704;1;8.0;2025-11-25;Neutro
25087769;2;10.0;2026-06-09;Promotor
25095046;1;10.0;2025-08-22;Promotor
25103369;1;10.0;2026-01-24;Promotor
25104720;1;10.0;2025-08-31;Promotor
25118285;2;9.0;2025-09-25;Promotor
25118528;1;10.0;2025-08-26;Promotor
25140648;1;3.0;2025-08-22;Detrator
25149600;2;10.0;2025-09-29;Promotor
25154430;2;9.0;2026-07-21;Promotor
2515821;1;7.0;2025-11-28;Neutro
25158347;1;10.0;2025-12-23;Promotor
25163777;2;9.5;2026-01-07;Promotor
25168364;1;10.0;2026-05-14;Promotor
25173313;1;10.0;2025-09-27;Promotor
25174637;1;10.0;2025-09-24;Promotor
251815;1;10.0;2026-04-25;Promotor
25198550;1;0.0;2026-06-06;Detrator
25200145;1;10.0;2025-12-18;Promotor
25210968;1;10.0;2025-10-18;Promotor
25214215;1;10.0;2025-09-27;Promotor
25214867;1;10.0;2025-09-27;Promotor
25215864;1;10.0;2026-01-06;Promotor
2522564;1;5.0;2025-09-28;Detrator
2523009;1;7.0;2026-05-26;Neutro
2523794;1;9.0;2025-02-11;Promotor
25244243;2;1.5;2025-11-11;Detrator
25244244;1;9.0;2025-10-17;Promotor
25245;1;10.0;2026-04-22;Promotor
25245666;1;10.0;2026-04-11;Promotor
25249287;1;5.0;2025-09-28;Detrator
25262552;1;10.0;2026-01-13;Promotor
25281344;1;10.0;2025-10-31;Promotor
25292752;1;9.0;2025-11-19;Promotor
25295359;2;10.0;2025-11-08;Promotor
25296508;1;10.0;2025-11-26;Promotor
25304498;1;10.0;2026-02-10;Promotor
25311552;1;10.0;2025-09-27;Promotor
2532399;1;9.0;2025-07-29;Promotor
25325878;4;9.5;2026-05-27;Promotor
253295;1;10.0;2025-06-25;Promotor
25334405;1;10.0;2026-01-21;Promotor
25344101;1;10.0;2026-06-17;Promotor
25344679;1;10.0;2026-05-06;Promotor
25356670;1;9.0;2026-07-13;Promotor
25376315;1;9.0;2026-02-24;Promotor
25394140;1;2.0;2026-06-19;Detrator
25402188;1;10.0;2025-12-24;Promotor
25403090;1;10.0;2025-12-18;Promotor
25419129;1;10.0;2025-12-31;Promotor
25419677;3;8.7;2026-05-09;Promotor
25443387;1;2.0;2025-11-22;Detrator
25445180;2;10.0;2026-01-27;Promotor
25448986;1;10.0;2026-03-18;Promotor
25469600;2;10.0;2026-04-22;Promotor
25484781;2;10.0;2026-07-14;Promotor
25494059;1;10.0;2026-02-12;Promotor
25505238;1;10.0;2026-04-09;Promotor
25516553;1;10.0;2026-02-20;Promotor
25518057;1;10.0;2026-03-03;Promotor
25518753;1;10.0;2026-01-14;Promotor
25525322;1;10.0;2026-01-08;Promotor
25527079;1;10.0;2026-01-15;Promotor
255369;2;10.0;2025-09-03;Promotor
25555113;1;10.0;2026-04-09;Promotor
25559634;1;9.0;2026-02-25;Promotor
25560435;1;10.0;2026-02-24;Promotor
25560938;2;10.0;2026-04-08;Promotor
25564775;1;10.0;2026-05-21;Promotor
25569994;1;10.0;2026-04-10;Promotor
25571402;2;10.0;2026-04-22;Promotor
25572707;1;10.0;2026-04-22;Promotor
25578521;1;10.0;2026-01-08;Promotor
25598327;1;10.0;2026-03-06;Promotor
25603708;1;10.0;2026-03-25;Promotor
25607063;2;9.5;2026-06-18;Promotor
25612421;1;0.0;2026-04-17;Detrator
25615352;1;10.0;2026-01-16;Promotor
25620067;1;8.0;2026-03-24;Neutro
25622709;1;10.0;2026-05-19;Promotor
25657983;1;10.0;2026-03-23;Promotor
25668107;1;9.0;2026-02-10;Promotor
25681810;1;10.0;2026-01-20;Promotor
25705952;1;10.0;2026-02-06;Promotor
25715873;1;10.0;2026-01-09;Promotor
25717274;1;10.0;2026-03-19;Promotor
25719255;1;10.0;2026-03-03;Promotor
25726477;1;10.0;2026-04-14;Promotor
25745990;1;9.0;2026-05-06;Promotor
25754454;1;7.0;2026-05-06;Neutro
25797395;2;10.0;2026-07-15;Promotor
25799346;1;9.0;2026-01-14;Promotor
25809002;1;8.0;2026-03-25;Neutro
25809129;1;10.0;2026-04-07;Promotor
25830460;1;10.0;2026-05-11;Promotor
2583505;2;10.0;2026-06-24;Promotor
25861764;1;10.0;2026-05-15;Promotor
25862508;1;10.0;2026-06-25;Promotor
25863801;1;10.0;2026-02-07;Promotor
259003;2;8.0;2025-12-08;Promotor
25905232;1;10.0;2026-06-10;Promotor
25918063;1;10.0;2026-05-01;Promotor
25918714;1;10.0;2026-01-09;Promotor
25923721;1;10.0;2026-01-07;Promotor
25924605;1;10.0;2026-03-30;Promotor
2592761;1;10.0;2026-05-08;Promotor
259333;3;8.0;2025-12-05;Neutro
2593525;1;10.0;2025-02-11;Promotor
25943993;2;10.0;2026-05-08;Promotor
25969066;1;10.0;2026-07-21;Promotor
25976939;1;7.0;2026-04-07;Neutro
25978558;1;10.0;2026-01-09;Promotor
25983227;1;10.0;2026-01-30;Promotor
25983387;1;7.0;2026-03-01;Neutro
25986202;1;10.0;2026-02-10;Promotor
25997713;1;10.0;2026-04-14;Promotor
26001044;1;10.0;2026-03-25;Promotor
26002590;1;10.0;2026-02-27;Promotor
26030029;1;10.0;2026-06-25;Promotor
26050511;1;9.0;2026-01-21;Promotor
26054823;1;10.0;2026-05-27;Promotor
26061510;1;10.0;2026-02-27;Promotor
26062536;1;10.0;2026-03-04;Promotor
26087445;1;10.0;2026-05-01;Promotor
26100945;2;5.0;2026-05-19;Detrator
26101417;1;0.0;2026-05-29;Detrator
26103846;2;10.0;2026-06-30;Promotor
26112604;1;10.0;2026-07-14;Promotor
26119203;1;10.0;2026-04-29;Promotor
2614532;2;6.0;2025-05-02;Detrator
26150762;1;9.0;2026-05-09;Promotor
2615101;2;10.0;2025-09-03;Promotor
26151397;1;10.0;2026-06-17;Promotor
2623260;1;9.0;2025-05-08;Promotor
26237927;1;10.0;2026-06-12;Promotor
26240551;1;10.0;2026-04-03;Promotor
26273447;1;10.0;2026-03-26;Promotor
26349113;1;10.0;2026-06-29;Promotor
2636676;3;9.0;2025-09-24;Promotor
26373904;1;10.0;2026-05-08;Promotor
2638363;1;10.0;2025-10-01;Promotor
2641128;1;10.0;2025-08-22;Promotor
26416245;1;10.0;2026-05-27;Promotor
2643404;2;10.0;2026-06-23;Promotor
26457191;1;10.0;2026-04-06;Promotor
26464918;1;10.0;2026-05-06;Promotor
26485785;1;10.0;2026-04-29;Promotor
2651228;2;10.0;2026-01-08;Promotor
26552743;1;10.0;2026-03-25;Promotor
26563703;1;0.0;2026-06-06;Detrator
26573843;1;9.0;2026-04-08;Promotor
26588638;1;10.0;2026-04-24;Promotor
26591;1;10.0;2025-07-02;Promotor
26620829;1;10.0;2026-05-19;Promotor
2662671;3;9.0;2025-10-14;Neutro
2663698;1;10.0;2025-04-16;Promotor
26650181;1;0.0;2026-05-01;Detrator
26665483;1;10.0;2026-04-15;Promotor
26672653;1;10.0;2026-04-03;Promotor
26673796;1;10.0;2026-07-17;Promotor
26716985;1;10.0;2026-05-26;Promotor
267200;1;7.0;2026-03-10;Neutro
26725327;1;10.0;2026-06-21;Promotor
26727905;2;10.0;2026-06-18;Promotor
26735192;1;10.0;2026-06-25;Promotor
26735942;1;10.0;2026-07-12;Promotor
26750214;1;10.0;2026-07-03;Promotor
26757020;1;10.0;2026-04-27;Promotor
26765049;1;10.0;2026-06-03;Promotor
26769562;1;10.0;2026-04-22;Promotor
2678156;2;10.0;2025-11-04;Promotor
26797345;1;10.0;2026-07-15;Promotor
26805581;1;10.0;2026-06-22;Promotor
2683303;1;10.0;2025-08-05;Promotor
2683658;1;10.0;2026-04-07;Promotor
26839461;1;10.0;2026-06-25;Promotor
26847778;1;10.0;2026-07-10;Promotor
26925045;1;10.0;2026-06-19;Promotor
2692754;1;10.0;2025-12-05;Promotor
2696992;4;10.0;2026-01-15;Promotor
26978877;2;10.0;2026-07-03;Promotor
26989498;1;8.0;2026-06-25;Neutro
2701229;1;10.0;2025-04-19;Promotor
2701380;1;10.0;2025-09-12;Promotor
27044864;1;10.0;2026-06-24;Promotor
27065607;1;10.0;2026-07-07;Promotor
27163381;1;10.0;2026-06-25;Promotor
27165345;1;10.0;2026-06-30;Promotor
27171673;1;8.0;2026-07-08;Neutro
27204596;1;10.0;2026-07-10;Promotor
27215468;1;10.0;2026-07-07;Promotor
27222794;1;9.0;2026-07-14;Promotor
2724448;2;9.5;2026-06-10;Promotor
27255340;1;10.0;2026-06-21;Promotor
2727846;1;10.0;2025-05-14;Promotor
27306118;1;10.0;2026-07-08;Promotor
27310114;1;0.0;2026-07-14;Detrator
2731575;1;9.0;2025-08-19;Promotor
273228;1;8.0;2025-09-24;Neutro
2732544;1;10.0;2025-08-27;Promotor
2739504;2;10.0;2025-08-05;Promotor
2740888;1;9.0;2025-05-14;Promotor
2743856;1;10.0;2025-09-10;Promotor
274917;1;10.0;2026-05-15;Promotor
2755053;2;9.0;2026-04-22;Neutro
275722;1;10.0;2025-03-29;Promotor
2759140;1;0.0;2026-04-04;Detrator
2760998;1;10.0;2026-04-29;Promotor
2767977;1;10.0;2025-08-12;Promotor
2769566;1;10.0;2026-03-25;Promotor
2776789;1;0.0;2025-08-19;Detrator
2781310;2;9.5;2025-08-19;Promotor
2783041;2;10.0;2025-08-12;Promotor
2783635;1;10.0;2025-03-05;Promotor
2790774;1;10.0;2025-05-20;Promotor
2791171;1;9.0;2026-03-11;Promotor
2802759;1;10.0;2025-06-18;Promotor
2807413;1;10.0;2025-01-08;Promotor
2814648;2;10.0;2025-10-28;Promotor
2830232;1;10.0;2025-10-08;Promotor
2831138;1;10.0;2025-08-19;Promotor
283379;1;9.0;2026-04-07;Promotor
2834259;1;8.0;2025-10-21;Neutro
2834641;2;10.0;2026-02-04;Promotor
2839013;2;6.0;2026-02-03;Promotor
2840095;1;10.0;2026-01-23;Promotor
2840390;1;10.0;2025-12-18;Promotor
2846864;2;8.0;2026-07-14;Neutro
2867632;1;10.0;2025-03-04;Promotor
2873460;2;9.5;2025-06-06;Promotor
2874652;2;9.0;2026-05-06;Promotor
2874702;2;10.0;2025-11-07;Promotor
2884650;1;10.0;2025-11-05;Promotor
2885800;1;10.0;2025-01-17;Promotor
2886717;1;10.0;2025-04-22;Promotor
2896325;1;10.0;2025-02-15;Promotor
290667;2;7.5;2025-06-06;Neutro
2909234;6;10.0;2026-05-06;Promotor
2909699;5;9.8;2026-02-03;Promotor
2924071;2;9.5;2025-05-31;Promotor
2924520;1;8.0;2025-05-13;Neutro
2925878;1;10.0;2025-09-27;Promotor
2932480;1;10.0;2025-10-29;Promotor
2956808;3;8.3;2026-04-29;Neutro
2958541;1;10.0;2025-01-08;Promotor
2970782;1;10.0;2025-01-15;Promotor
2971722;1;10.0;2026-06-10;Promotor
2974406;1;6.0;2026-04-10;Detrator
2979292;1;10.0;2025-11-25;Promotor
3020197;1;10.0;2025-11-21;Promotor
3021913;2;9.0;2025-09-23;Promotor
3022384;1;2.0;2025-02-01;Detrator
3024381;2;8.5;2025-07-02;Promotor
3025962;4;9.8;2026-06-25;Promotor
3027008;1;10.0;2026-06-03;Promotor
3050681;1;10.0;2025-08-01;Promotor
3062630;1;5.0;2025-07-22;Detrator
306676;1;1.0;2025-04-30;Detrator
3067904;2;2.5;2025-08-08;Detrator
3069023;1;8.0;2025-11-01;Neutro
3074029;1;9.0;2026-03-13;Promotor
3074706;1;8.0;2025-08-13;Neutro
30772;1;7.0;2025-01-07;Neutro
3078717;1;10.0;2025-02-07;Promotor
30793;1;10.0;2026-07-21;Promotor
3088627;1;9.0;2025-11-28;Promotor
309045;1;8.0;2025-09-24;Neutro
3091431;1;6.0;2026-04-28;Detrator
3093834;1;9.0;2026-05-27;Promotor
3106160;1;10.0;2025-08-13;Promotor
3116988;1;10.0;2026-06-08;Promotor
3128741;1;10.0;2025-02-26;Promotor
3135329;1;10.0;2025-06-10;Promotor
3139765;2;10.0;2025-07-22;Promotor
3140246;1;10.0;2026-04-09;Promotor
314382;1;10.0;2025-12-04;Promotor
3145226;2;10.0;2025-12-03;Promotor
314842;1;10.0;2025-08-09;Promotor
3152791;2;10.0;2025-07-12;Promotor
3155505;1;8.0;2025-02-24;Neutro
3169200;1;10.0;2025-09-27;Promotor
3170192;1;10.0;2026-04-08;Promotor
3180557;1;10.0;2025-07-30;Promotor
3189407;1;10.0;2025-02-04;Promotor
3191269;1;3.0;2025-08-26;Detrator
3194714;2;10.0;2025-10-14;Promotor
3201679;1;10.0;2025-04-25;Promotor
3207841;1;10.0;2025-09-24;Promotor
3208880;1;10.0;2025-04-22;Promotor
320975;1;10.0;2025-02-05;Promotor
3226806;1;10.0;2026-03-06;Promotor
323987;2;9.0;2026-01-31;Promotor
3251037;1;10.0;2026-03-06;Promotor
3251216;4;10.0;2026-04-22;Promotor
325722;2;10.0;2026-02-06;Promotor
3262200;2;9.0;2025-10-04;Neutro
3268012;2;10.0;2026-04-13;Promotor
327282;1;10.0;2026-05-27;Promotor
3286739;1;10.0;2025-04-01;Promotor
3287746;1;8.0;2025-02-04;Neutro
3288557;1;10.0;2026-05-27;Promotor
3302117;2;10.0;2025-06-17;Promotor
330213;1;10.0;2025-09-25;Promotor
3319313;1;10.0;2026-06-03;Promotor
3321130;2;10.0;2025-06-04;Promotor
3321201;1;10.0;2025-10-24;Promotor
3330778;1;10.0;2025-06-25;Promotor
3334213;1;9.0;2026-05-12;Promotor
3341368;1;8.0;2025-10-21;Neutro
3342832;1;10.0;2025-10-25;Promotor
3346;1;10.0;2025-09-27;Promotor
3347327;5;10.0;2026-06-26;Promotor
3348066;3;10.0;2026-06-27;Promotor
3349284;1;9.0;2026-06-25;Promotor
3350368;1;10.0;2025-09-28;Promotor
3352356;2;5.0;2025-12-26;Detrator
3352646;1;10.0;2025-09-24;Promotor
3366614;1;10.0;2025-08-12;Promotor
3366842;1;7.0;2025-09-28;Neutro
3370444;2;8.5;2026-02-19;Neutro
3371345;6;9.5;2026-04-28;Promotor
3375465;1;10.0;2025-03-19;Promotor
3375869;3;10.0;2025-06-04;Promotor
3387985;1;10.0;2025-11-04;Promotor
3389055;1;9.0;2025-10-24;Promotor
3396225;2;5.0;2026-06-26;Promotor
3401870;1;10.0;2025-05-21;Promotor
3417732;1;1.0;2025-02-19;Detrator
342024;1;10.0;2025-10-22;Promotor
3423413;1;10.0;2025-03-11;Promotor
3428711;1;8.0;2025-07-08;Neutro
3432237;1;10.0;2025-09-27;Promotor
345382;1;10.0;2025-09-24;Promotor
3468938;3;9.3;2026-05-06;Promotor
3484033;1;10.0;2025-09-27;Promotor
3507663;1;10.0;2025-09-24;Promotor
3508481;2;10.0;2025-09-25;Promotor
3509985;1;10.0;2025-01-10;Promotor
3520889;1;9.0;2025-09-24;Promotor
3523939;3;10.0;2026-01-28;Promotor
3524013;1;9.0;2025-10-22;Promotor
3531975;1;0.0;2025-01-18;Detrator
3532761;1;8.0;2026-06-11;Neutro
3533465;3;9.3;2026-01-13;Promotor
3538484;1;10.0;2025-08-27;Promotor
3538774;1;10.0;2025-10-04;Promotor
3543819;3;10.0;2025-08-22;Promotor
3544948;3;10.0;2026-06-17;Promotor
3545622;2;10.0;2025-12-03;Promotor
3554282;2;10.0;2025-04-16;Promotor
3560118;1;10.0;2025-09-19;Promotor
3561228;2;9.5;2026-06-08;Promotor
3578256;1;10.0;2026-06-12;Promotor
3579251;1;9.0;2025-09-27;Promotor
35800;1;10.0;2025-03-11;Promotor
3581724;4;7.8;2026-05-20;Neutro
3583540;2;10.0;2026-04-09;Promotor
3592815;1;7.0;2025-03-01;Neutro
3604754;2;9.0;2025-08-06;Promotor
3616199;1;10.0;2026-04-14;Promotor
3619379;1;7.0;2026-02-10;Neutro
3629517;1;10.0;2025-03-08;Promotor
3637596;1;10.0;2025-08-20;Promotor
3638154;2;9.5;2026-07-14;Promotor
3638243;1;10.0;2026-04-22;Promotor
364744;1;10.0;2025-02-11;Promotor
3648335;1;10.0;2025-04-16;Promotor
3648697;1;10.0;2025-02-12;Promotor
3651123;1;10.0;2025-04-30;Promotor
3662655;1;9.0;2025-03-20;Promotor
3665545;1;10.0;2025-03-20;Promotor
367078;1;10.0;2025-05-09;Promotor
3672073;1;10.0;2026-06-16;Promotor
3677306;1;10.0;2025-05-26;Promotor
3682771;2;10.0;2026-03-25;Promotor
3692214;1;8.0;2025-01-17;Neutro
3695263;2;10.0;2025-11-19;Promotor
3701529;2;9.5;2026-06-16;Promotor
3704814;1;9.0;2026-06-10;Promotor
3725628;1;10.0;2025-01-31;Promotor
3736742;1;10.0;2025-04-29;Promotor
3741924;2;8.5;2026-02-03;Promotor
3757527;1;10.0;2025-04-04;Promotor
3761771;2;9.5;2025-09-12;Promotor
3762595;1;10.0;2025-02-07;Promotor
3763272;1;8.0;2025-02-18;Neutro
3776365;1;9.0;2025-03-05;Promotor
3777226;1;10.0;2025-05-28;Promotor
3824122;1;10.0;2025-07-18;Promotor
3834476;1;10.0;2025-04-12;Promotor
38432;1;0.0;2025-01-10;Detrator
385546;1;10.0;2025-03-13;Promotor
3856998;5;10.0;2026-04-08;Promotor
3863169;1;10.0;2025-10-31;Promotor
3868101;2;10.0;2026-04-14;Promotor
3893852;2;10.0;2025-09-27;Promotor
3900519;1;10.0;2025-02-04;Promotor
3901563;3;10.0;2025-10-29;Promotor
3911073;3;9.7;2025-08-12;Promotor
3933701;2;10.0;2026-06-10;Promotor
394569;1;10.0;2025-06-27;Promotor
396271;1;10.0;2026-02-11;Promotor
3964949;1;10.0;2026-02-25;Promotor
3979943;3;8.7;2026-06-24;Promotor
3981320;1;10.0;2026-03-07;Promotor
4033988;1;10.0;2026-06-12;Promotor
4037016;1;10.0;2025-05-13;Promotor
4045578;1;6.0;2025-04-11;Detrator
405235;1;8.0;2025-07-03;Neutro
4054160;1;10.0;2026-05-27;Promotor
406281;2;10.0;2025-03-18;Promotor
4069113;1;10.0;2025-08-05;Promotor
4069946;2;9.5;2025-08-27;Promotor
4071135;1;10.0;2026-07-09;Promotor
4076924;4;9.5;2026-07-14;Neutro
4079891;4;9.0;2026-04-22;Promotor
4082544;1;10.0;2025-07-16;Promotor
4090518;1;10.0;2025-12-18;Promotor
4106037;1;10.0;2025-02-26;Promotor
4111643;2;8.5;2026-04-11;Promotor
4116009;1;10.0;2026-04-23;Promotor
4118098;1;10.0;2025-05-06;Promotor
4121698;1;10.0;2025-08-05;Promotor
4132302;5;10.0;2026-06-24;Promotor
4159734;2;8.0;2026-05-19;Neutro
4185746;1;10.0;2025-10-28;Promotor
4186251;4;9.5;2026-03-24;Promotor
4191576;1;10.0;2026-01-28;Promotor
419592;1;9.0;2025-09-27;Promotor
4198285;2;8.0;2025-09-24;Neutro
4201506;1;10.0;2026-07-01;Promotor
4211103;3;5.7;2026-06-23;Detrator
4212027;1;10.0;2025-12-02;Promotor
4227336;2;9.5;2025-05-28;Promotor
4238686;1;4.0;2025-10-31;Detrator
4238708;1;7.0;2026-04-17;Neutro
4238762;2;10.0;2026-04-23;Promotor
4245697;1;9.0;2025-06-11;Promotor
4247355;1;10.0;2026-01-16;Promotor
4248508;1;10.0;2025-04-04;Promotor
4253448;1;10.0;2025-09-24;Promotor
4253878;1;10.0;2025-11-05;Promotor
4259598;1;10.0;2025-01-08;Promotor
4264633;1;6.0;2025-12-17;Detrator
4271902;3;10.0;2025-08-05;Promotor
4284314;1;10.0;2025-06-24;Promotor
4286161;3;10.0;2025-09-24;Promotor
4304991;2;10.0;2025-03-25;Promotor
4314825;1;10.0;2025-06-06;Promotor
4315476;2;10.0;2025-09-10;Promotor
4322624;2;10.0;2025-04-01;Promotor
4329470;1;10.0;2025-08-19;Promotor
4334275;2;10.0;2025-07-09;Promotor
4345505;1;0.0;2025-02-25;Detrator
4345515;1;0.0;2025-09-24;Detrator
4345541;2;9.0;2026-07-01;Promotor
4346806;1;5.0;2026-05-28;Detrator
4358640;1;10.0;2026-05-22;Promotor
4380045;2;10.0;2026-02-25;Promotor
4394250;1;10.0;2025-04-13;Promotor
4398924;1;10.0;2026-07-01;Promotor
4399223;1;10.0;2025-07-01;Promotor
44031;5;9.8;2025-07-01;Promotor
4419365;1;8.0;2025-03-26;Neutro
4429625;1;10.0;2026-06-08;Promotor
4430692;2;10.0;2025-04-08;Promotor
4442042;1;6.0;2025-05-06;Detrator
4445627;2;10.0;2026-04-22;Promotor
4459591;1;10.0;2025-08-08;Promotor
4464619;2;9.5;2025-06-05;Promotor
4483624;1;10.0;2025-07-25;Promotor
4487156;2;10.0;2025-11-11;Promotor
4488605;6;9.8;2026-07-15;Promotor
4492610;2;10.0;2025-03-22;Promotor
4499583;2;8.0;2026-01-31;Neutro
4501069;1;10.0;2025-04-25;Promotor
4503796;1;10.0;2025-11-11;Promotor
4505799;1;8.0;2025-09-25;Neutro
4506203;6;8.0;2026-04-14;Promotor
4511583;1;8.0;2025-11-07;Neutro
4517877;4;9.0;2025-12-18;Promotor
4531375;1;10.0;2026-06-18;Promotor
4533345;2;6.0;2026-06-24;Promotor
4544659;1;10.0;2026-06-21;Promotor
4549651;1;10.0;2025-12-16;Promotor
4555823;2;9.0;2025-12-09;Promotor
4580805;1;10.0;2025-07-22;Promotor
4591990;1;10.0;2025-07-26;Promotor
4593831;2;10.0;2025-11-04;Promotor
4595167;2;9.5;2025-08-30;Promotor
4596790;1;10.0;2025-04-08;Promotor
4596877;1;8.0;2025-08-09;Neutro
4596989;2;9.0;2025-10-04;Neutro
4604715;2;8.0;2025-10-28;Neutro
4607707;1;10.0;2025-06-10;Promotor
4609169;1;9.0;2026-06-10;Promotor
4630448;1;0.0;2025-01-24;Detrator
4686338;1;10.0;2026-05-12;Promotor
4688738;1;10.0;2025-05-14;Promotor
4690199;1;10.0;2025-07-01;Promotor
4695779;1;10.0;2025-09-27;Promotor
4709892;1;10.0;2026-03-20;Promotor
4733087;1;10.0;2026-06-10;Promotor
4737867;2;10.0;2025-09-24;Promotor
4754226;7;8.4;2026-07-14;Promotor
4756469;1;10.0;2026-01-21;Promotor
4778950;2;10.0;2026-07-07;Promotor
4779628;1;10.0;2026-02-11;Promotor
4807755;1;10.0;2025-10-15;Promotor
4813813;3;10.0;2025-05-27;Promotor
4816519;1;0.0;2025-11-27;Detrator
4818119;3;10.0;2026-07-19;Promotor
4818209;1;10.0;2025-08-05;Promotor
4818428;1;8.0;2025-02-14;Neutro
4819441;1;6.0;2025-09-27;Detrator
4824621;1;10.0;2025-07-22;Promotor
4825078;2;6.5;2025-04-17;Detrator
48308;2;10.0;2025-09-27;Promotor
4839146;3;10.0;2025-08-22;Promotor
4865038;1;10.0;2025-06-20;Promotor
4868574;1;10.0;2025-07-02;Promotor
4875867;1;10.0;2025-09-24;Promotor
4878913;5;9.4;2026-05-05;Promotor
4882635;2;9.0;2026-07-21;Promotor
4885888;1;10.0;2025-07-22;Promotor
4902289;1;10.0;2025-04-10;Promotor
4904437;1;9.0;2025-05-27;Promotor
4909516;1;10.0;2025-02-26;Promotor
4909847;2;7.0;2026-07-08;Detrator
4922709;1;10.0;2025-08-16;Promotor
4930423;1;10.0;2025-06-17;Promotor
4942086;1;10.0;2025-08-22;Promotor
4942240;1;10.0;2026-05-20;Promotor
4953658;3;7.7;2026-03-25;Promotor
4968377;1;10.0;2025-09-25;Promotor
4969001;2;10.0;2025-04-15;Promotor
4972663;1;8.0;2026-05-29;Neutro
4978162;5;10.0;2026-03-17;Promotor
4979490;1;10.0;2025-10-01;Promotor
4981554;1;10.0;2025-07-02;Promotor
4983926;1;9.0;2026-03-19;Promotor
4993599;1;10.0;2025-04-19;Promotor
4996649;1;10.0;2026-07-08;Promotor
4998307;1;9.0;2025-06-12;Promotor
5006467;1;7.0;2025-09-11;Neutro
5008322;1;10.0;2025-09-11;Promotor
5025795;1;10.0;2025-07-31;Promotor
5032007;5;9.4;2026-07-07;Promotor
5034658;1;10.0;2025-04-01;Promotor
5036554;1;3.0;2025-11-11;Detrator
5036829;4;9.5;2025-09-27;Promotor
5045377;2;10.0;2025-11-27;Promotor
5048690;1;8.0;2026-06-18;Neutro
5060394;4;9.2;2025-08-07;Neutro
5060507;1;9.0;2025-04-05;Promotor
5063368;2;10.0;2026-03-11;Promotor
5066637;3;9.0;2025-10-14;Promotor
5070223;1;10.0;2025-08-26;Promotor
5071987;1;10.0;2025-08-26;Promotor
5072005;1;10.0;2025-08-29;Promotor
5076464;1;10.0;2025-09-24;Promotor
5099910;1;8.0;2026-02-18;Neutro
5102246;2;10.0;2026-02-27;Promotor
51101;1;7.0;2025-04-01;Neutro
5117261;2;7.5;2026-06-17;Neutro
5128580;2;10.0;2025-10-01;Promotor
5137157;2;6.5;2026-06-27;Detrator
5137281;1;10.0;2025-10-21;Promotor
5139233;1;10.0;2025-06-27;Promotor
5141492;2;10.0;2026-06-12;Promotor
5153734;1;10.0;2026-06-22;Promotor
5154033;1;10.0;2025-06-11;Promotor
5188882;1;10.0;2026-04-02;Promotor
5189056;1;7.0;2026-03-10;Neutro
5194138;1;8.0;2025-08-19;Neutro
5195677;1;10.0;2025-01-07;Promotor
5196352;1;8.0;2025-08-19;Neutro
5206111;1;10.0;2026-05-05;Promotor
5212298;2;8.0;2025-10-22;Promotor
5212373;3;4.0;2026-04-28;Detrator
5216883;1;10.0;2025-04-03;Promotor
5224533;1;4.0;2025-10-31;Detrator
5229699;2;10.0;2026-06-18;Promotor
5233022;1;9.0;2025-07-09;Promotor
5236786;1;10.0;2025-02-26;Promotor
5275842;1;6.0;2026-05-01;Detrator
5279423;2;10.0;2025-12-02;Promotor
52882;1;5.0;2025-08-12;Detrator
5304225;2;10.0;2025-08-20;Promotor
5304346;1;10.0;2025-12-11;Promotor
5305366;1;10.0;2025-08-27;Promotor
5309718;2;2.0;2025-07-16;Detrator
5310626;1;3.0;2026-06-24;Detrator
5328453;1;10.0;2025-08-07;Promotor
533041;3;10.0;2026-01-06;Promotor
5332033;1;10.0;2026-07-10;Promotor
5392056;2;10.0;2026-02-11;Promotor
5395526;3;10.0;2026-05-13;Promotor
5397908;1;10.0;2026-02-12;Promotor
540842;2;9.0;2025-08-26;Promotor
5410785;2;10.0;2026-06-19;Promotor
5426339;1;10.0;2025-09-27;Promotor
5429296;1;10.0;2026-06-30;Promotor
5430822;1;10.0;2026-02-28;Promotor
5445000;1;10.0;2025-02-11;Promotor
5459785;3;9.3;2026-05-21;Promotor
5468469;1;10.0;2026-02-23;Promotor
5468775;1;10.0;2025-05-02;Promotor
5472399;1;10.0;2026-03-18;Promotor
5491424;1;10.0;2025-05-30;Promotor
5496451;1;9.0;2025-03-08;Promotor
5498608;1;7.0;2025-06-24;Neutro
5498811;1;10.0;2025-07-16;Promotor
5507417;1;10.0;2026-05-05;Promotor
5518236;1;10.0;2026-07-01;Promotor
5519726;2;10.0;2025-07-14;Promotor
5535465;1;10.0;2025-11-11;Promotor
5539301;3;9.0;2026-05-19;Promotor
5548960;1;8.0;2025-10-18;Neutro
5551695;1;10.0;2025-02-25;Promotor
5560486;1;10.0;2025-03-11;Promotor
5562512;1;10.0;2025-09-06;Promotor
5564470;1;8.0;2025-06-27;Neutro
5564900;2;10.0;2025-05-28;Promotor
5567215;1;10.0;2025-09-24;Promotor
5574634;2;10.0;2026-02-24;Promotor
5577615;2;10.0;2026-06-25;Promotor
5579332;1;9.0;2025-04-29;Promotor
5583373;1;5.0;2025-04-09;Detrator
5583423;1;10.0;2025-04-22;Promotor
5583719;1;10.0;2025-08-25;Promotor
5590552;2;8.5;2026-06-24;Neutro
5597436;2;9.0;2025-05-20;Promotor
5600431;3;9.7;2026-01-02;Promotor
5601999;4;10.0;2026-06-25;Promotor
5602986;1;9.0;2025-03-13;Promotor
5614730;2;4.0;2025-05-01;Neutro
5628703;3;10.0;2026-03-17;Promotor
5637812;1;10.0;2025-11-17;Promotor
5638424;1;10.0;2025-03-28;Promotor
563948;1;9.0;2025-01-21;Promotor
5645549;2;10.0;2025-06-24;Promotor
5647471;1;6.0;2025-10-03;Detrator
5648236;1;10.0;2025-07-11;Promotor
5651348;1;8.0;2026-01-20;Neutro
5653815;1;8.0;2026-06-22;Neutro
5687279;1;10.0;2025-02-13;Promotor
5692557;1;1.0;2025-02-07;Detrator
5702172;1;10.0;2025-08-13;Promotor
570688;2;8.5;2025-09-28;Neutro
5718149;1;10.0;2025-08-26;Promotor
5722372;1;10.0;2025-02-25;Promotor
5727105;2;6.5;2026-04-22;Detrator
5727390;1;10.0;2025-04-11;Promotor
5737332;1;9.0;2026-04-01;Promotor
5743181;1;10.0;2025-12-19;Promotor
5743856;5;10.0;2025-10-22;Promotor
5752976;1;7.0;2025-10-04;Neutro
5762227;1;10.0;2025-03-11;Promotor
5763217;2;9.5;2026-05-12;Promotor
5765392;2;10.0;2025-08-05;Promotor
5773559;1;7.0;2025-06-18;Neutro
5775483;1;9.0;2025-01-28;Promotor
5782414;1;10.0;2025-08-22;Promotor
5804877;1;7.0;2025-02-25;Neutro
5805213;1;10.0;2025-08-22;Promotor
5805328;1;9.0;2026-02-10;Promotor
5815783;3;8.3;2026-06-24;Neutro
5818233;2;10.0;2026-06-02;Promotor
584308;2;10.0;2026-06-19;Promotor
5854619;1;10.0;2025-10-29;Promotor
5859148;1;10.0;2025-03-10;Promotor
5860714;1;10.0;2025-07-29;Promotor
5869526;1;10.0;2026-03-31;Promotor
5870791;1;0.0;2025-08-27;Detrator
5879742;3;10.0;2025-10-28;Promotor
5879748;1;8.0;2025-02-14;Neutro
5893162;2;10.0;2025-11-21;Promotor
5895556;1;10.0;2025-10-21;Promotor
5897478;1;10.0;2025-09-12;Promotor
5897843;1;10.0;2025-10-03;Promotor
5898828;1;9.0;2025-07-23;Promotor
5900606;1;0.0;2025-02-11;Detrator
5901603;1;10.0;2026-04-15;Promotor
5901780;2;10.0;2026-01-14;Promotor
5907969;1;10.0;2025-01-14;Promotor
5910812;2;9.5;2026-05-27;Promotor
5926418;1;9.0;2025-02-26;Promotor
5931434;1;9.0;2025-10-08;Promotor
5933702;2;7.0;2026-03-13;Neutro
5934804;1;8.0;2025-02-15;Neutro
5937903;1;10.0;2025-04-22;Promotor
5950588;1;10.0;2026-02-13;Promotor
5966590;3;10.0;2025-08-12;Promotor
5968459;4;10.0;2026-06-30;Promotor
5973541;1;8.0;2025-07-15;Neutro
5974615;1;10.0;2025-02-28;Promotor
5974902;2;9.5;2026-05-05;Promotor
5980176;1;10.0;2025-01-06;Promotor
5986533;1;10.0;2025-08-29;Promotor
6000874;1;6.0;2025-08-15;Detrator
6001606;1;10.0;2025-09-16;Promotor
6003760;1;10.0;2025-11-04;Promotor
6004377;2;10.0;2026-02-18;Promotor
6004534;2;7.0;2026-07-15;Promotor
6004963;1;8.0;2025-01-25;Neutro
6014963;1;10.0;2025-04-15;Promotor
6016362;1;10.0;2025-08-22;Promotor
6017716;1;10.0;2025-02-12;Promotor
603453;2;10.0;2025-05-23;Promotor
6059923;3;10.0;2026-02-25;Promotor
6074562;2;10.0;2026-05-06;Promotor
6075210;2;8.5;2026-04-24;Neutro
6075900;1;10.0;2025-05-16;Promotor
6099460;2;10.0;2025-10-21;Promotor
6101403;1;10.0;2026-04-08;Promotor
6102568;1;10.0;2026-02-21;Promotor
610300;1;10.0;2025-08-05;Promotor
6103500;1;10.0;2026-01-16;Promotor
6110458;1;10.0;2026-05-26;Promotor
61196;1;6.0;2026-03-10;Detrator
6120101;1;10.0;2025-08-01;Promotor
6120684;1;10.0;2025-04-17;Promotor
6120957;1;10.0;2026-03-02;Promotor
6129261;1;10.0;2025-03-20;Promotor
6130106;1;2.0;2025-08-12;Detrator
6130788;1;10.0;2025-05-29;Promotor
6138170;1;10.0;2025-05-29;Promotor
6151832;1;10.0;2026-02-11;Promotor
6152178;3;9.7;2026-01-05;Promotor
6156000;1;3.0;2026-03-04;Detrator
6157744;1;9.0;2025-05-21;Promotor
6163373;1;10.0;2025-09-10;Promotor
61641;2;8.0;2025-12-13;Neutro
6164492;1;9.0;2026-07-15;Promotor
6167687;1;10.0;2026-02-28;Promotor
6172281;1;9.0;2026-01-28;Promotor
6184142;1;10.0;2026-04-02;Promotor
6190082;1;10.0;2025-03-29;Promotor
6195854;5;10.0;2025-10-16;Promotor
6199131;1;10.0;2026-04-30;Promotor
6202766;1;9.0;2025-08-26;Promotor
6205173;2;9.5;2025-03-18;Promotor
62089;1;8.0;2025-04-08;Neutro
6209361;1;9.0;2025-07-08;Promotor
6212138;1;10.0;2026-03-10;Promotor
6216981;3;10.0;2026-05-05;Promotor
6217910;1;10.0;2025-12-03;Promotor
6224421;1;6.0;2025-05-21;Detrator
6227748;3;9.7;2025-08-04;Promotor
6230205;1;8.0;2025-05-21;Neutro
6238743;1;10.0;2025-06-07;Promotor
6244648;1;9.0;2025-05-06;Promotor
6248255;1;7.0;2025-08-29;Neutro
6252138;1;10.0;2025-07-25;Promotor
6262560;1;10.0;2025-09-27;Promotor
6279908;2;10.0;2026-02-06;Promotor
6285246;2;8.5;2026-03-31;Neutro
6285709;3;9.0;2026-06-02;Promotor
6286754;1;7.0;2025-08-22;Neutro
6290416;1;6.0;2025-12-16;Detrator
6290493;1;9.0;2025-06-24;Promotor
62982;1;9.0;2025-02-10;Promotor
6299069;1;10.0;2025-02-20;Promotor
6301897;1;10.0;2025-04-18;Promotor
6304498;1;10.0;2025-07-30;Promotor
6305657;2;9.5;2026-05-10;Promotor
6312025;1;8.0;2025-07-23;Neutro
6312026;1;9.0;2025-11-21;Promotor
6312587;2;10.0;2026-01-09;Promotor
6318721;1;9.0;2025-07-04;Promotor
6318789;1;8.0;2026-04-29;Neutro
6321616;1;10.0;2025-03-26;Promotor
6325816;2;10.0;2026-01-30;Promotor
6327630;7;9.7;2026-06-27;Neutro
6327668;1;10.0;2025-03-26;Promotor
6331853;1;9.0;2026-01-23;Promotor
6332406;1;10.0;2026-07-03;Promotor
6344423;1;9.0;2026-01-19;Promotor
6347429;1;9.0;2026-05-13;Promotor
6347499;3;9.0;2025-09-15;Promotor
6348535;1;10.0;2025-02-25;Promotor
6352243;2;10.0;2025-06-04;Promotor
6356330;1;10.0;2026-05-15;Promotor
6357920;4;8.8;2026-03-17;Neutro
636195;2;9.0;2025-11-24;Neutro
6368346;2;9.0;2025-03-28;Promotor
6373294;1;9.0;2026-03-03;Promotor
6376668;1;10.0;2025-06-20;Promotor
6377187;4;9.0;2026-03-11;Promotor
6383025;3;9.7;2026-05-19;Promotor
6398401;1;10.0;2025-02-07;Promotor
6406750;1;7.0;2025-06-10;Neutro
6422528;2;8.0;2026-06-02;Neutro
6422553;1;9.0;2026-03-09;Promotor
6427287;1;10.0;2025-02-04;Promotor
6433208;2;10.0;2025-12-09;Promotor
6433407;1;9.0;2026-04-09;Promotor
6438542;3;3.7;2026-03-17;Detrator
6446906;2;10.0;2025-07-30;Promotor
6447416;1;10.0;2026-04-22;Promotor
6449427;1;7.0;2025-04-08;Neutro
6449963;1;10.0;2025-03-13;Promotor
6451641;1;9.0;2025-10-24;Promotor
6456362;1;8.0;2026-07-15;Neutro
6466901;1;10.0;2025-05-14;Promotor
6469285;1;10.0;2026-04-22;Promotor
6473533;2;8.0;2025-05-18;Promotor
6474739;1;10.0;2025-09-10;Promotor
6475176;2;4.5;2026-05-29;Detrator
648011;1;10.0;2025-08-14;Promotor
6488821;6;9.5;2025-11-21;Promotor
6495149;3;10.0;2026-07-17;Promotor
6508695;1;8.0;2025-06-26;Neutro
6512264;1;7.0;2025-07-19;Neutro
6512627;1;10.0;2026-01-13;Promotor
6514060;5;9.8;2026-06-02;Promotor
6516254;1;10.0;2025-09-27;Promotor
6520502;2;10.0;2025-09-24;Promotor
6521596;1;10.0;2025-02-11;Promotor
6531419;1;10.0;2025-09-27;Promotor
6538627;1;2.0;2025-08-22;Detrator
6541424;1;0.0;2025-01-07;Detrator
654240;3;10.0;2026-02-24;Promotor
6553669;2;10.0;2025-11-19;Promotor
6556639;1;0.0;2026-05-06;Detrator
6566023;1;9.0;2025-11-13;Promotor
6567888;3;10.0;2025-10-21;Promotor
6570375;1;8.0;2025-04-23;Neutro
6572518;2;8.5;2026-03-26;Neutro
6580078;1;2.0;2025-02-11;Detrator
6583523;1;10.0;2025-05-27;Promotor
6584787;1;10.0;2025-06-03;Promotor
6585516;1;8.0;2026-06-27;Neutro
6587150;2;10.0;2026-04-25;Promotor
6593590;1;10.0;2025-11-19;Promotor
659574;1;10.0;2025-02-05;Promotor
6595912;2;10.0;2025-12-02;Promotor
6599671;1;9.0;2025-10-24;Promotor
6605366;1;8.0;2025-12-26;Neutro
6606223;1;10.0;2025-09-24;Promotor
6614220;3;10.0;2026-07-16;Promotor
6619757;1;8.0;2025-04-18;Neutro
6621789;1;10.0;2026-05-20;Promotor
6624946;5;10.0;2026-04-15;Promotor
6625525;1;9.0;2025-07-15;Promotor
6625547;2;10.0;2025-09-10;Promotor
6628078;1;10.0;2026-02-18;Promotor
6635664;1;7.0;2025-04-19;Neutro
6636079;4;10.0;2026-04-29;Promotor
6639732;1;9.0;2025-12-12;Promotor
6644373;1;7.0;2025-09-25;Neutro
6660902;2;10.0;2025-12-09;Promotor
6662872;1;9.0;2025-08-22;Promotor
6664999;1;5.0;2025-02-22;Detrator
6665240;1;0.0;2025-06-03;Detrator
6665676;2;10.0;2026-06-25;Promotor
6668249;1;8.0;2025-08-23;Neutro
6671717;1;10.0;2025-01-08;Promotor
6675111;1;10.0;2025-10-28;Promotor
6676592;6;10.0;2026-06-18;Promotor
6687167;1;8.0;2025-07-08;Neutro
6689456;3;9.0;2026-02-27;Promotor
6692049;1;10.0;2025-05-28;Promotor
6701167;4;9.8;2026-03-18;Promotor
6705427;2;0.0;2025-09-25;Detrator
6709654;1;10.0;2026-03-24;Promotor
6716328;1;9.0;2025-02-06;Promotor
6718274;1;10.0;2026-04-23;Promotor
672299;4;10.0;2026-06-18;Promotor
6731892;2;9.5;2025-03-28;Promotor
673470;1;9.0;2026-03-14;Promotor
673571;2;9.0;2025-09-03;Promotor
6746153;3;9.3;2025-07-08;Promotor
6747779;6;10.0;2026-02-17;Promotor
6789988;1;10.0;2025-04-29;Promotor
6800536;1;10.0;2026-03-18;Promotor
6803511;1;10.0;2025-05-20;Promotor
6816696;2;10.0;2026-03-13;Promotor
6821054;2;10.0;2025-06-13;Promotor
6821416;1;9.0;2026-02-07;Promotor
6822142;1;9.0;2025-06-26;Promotor
6832109;1;9.0;2026-01-27;Promotor
6833687;1;10.0;2025-08-07;Promotor
6840174;1;10.0;2025-05-21;Promotor
6841070;1;10.0;2025-08-05;Promotor
6843183;1;10.0;2025-01-15;Promotor
6843290;1;0.0;2026-02-24;Detrator
6853259;1;9.0;2025-01-14;Promotor
6855314;2;10.0;2026-07-10;Promotor
6858834;1;10.0;2025-10-11;Promotor
6861676;4;9.8;2025-08-20;Promotor
6873883;2;4.5;2026-07-06;Detrator
6874547;1;10.0;2025-10-01;Promotor
6875206;1;10.0;2025-06-24;Promotor
6877430;1;10.0;2025-10-08;Promotor
6882264;1;10.0;2025-11-01;Promotor
6883129;1;10.0;2026-03-03;Promotor
688398;1;10.0;2026-05-30;Promotor
6887148;1;10.0;2025-07-09;Promotor
6889319;1;9.0;2025-08-07;Promotor
6898839;2;10.0;2025-08-06;Promotor
6899151;1;10.0;2025-10-01;Promotor
6910702;2;8.5;2026-06-16;Neutro
6916708;1;10.0;2025-10-01;Promotor
6925350;1;10.0;2026-05-13;Promotor
6926832;1;8.0;2025-09-27;Neutro
6934838;3;9.3;2026-05-12;Neutro
6935048;1;10.0;2025-09-27;Promotor
6937760;1;2.0;2025-09-27;Detrator
6937990;2;7.5;2026-06-27;Neutro
6943305;1;0.0;2025-01-03;Detrator
6949015;2;10.0;2026-02-27;Promotor
696192;1;9.0;2025-02-12;Promotor
6968141;1;1.0;2026-07-08;Detrator
69725;3;10.0;2026-02-03;Promotor
6975889;3;10.0;2025-10-14;Promotor
6981072;1;10.0;2026-03-26;Promotor
6986063;1;10.0;2025-03-12;Promotor
6996984;2;7.5;2025-06-14;Neutro
6999653;1;10.0;2025-01-22;Promotor
7006297;1;8.0;2025-08-22;Neutro
7006597;2;10.0;2025-08-20;Promotor
7007214;3;2.0;2026-04-24;Detrator
7011350;1;10.0;2026-06-21;Promotor
7025343;1;9.0;2025-07-11;Promotor
7025740;1;7.0;2025-09-05;Neutro
702783;2;9.5;2026-07-10;Promotor
7031013;3;10.0;2026-07-21;Promotor
7031902;1;8.0;2025-05-21;Neutro
703691;1;10.0;2025-02-18;Promotor
7037825;1;9.0;2025-04-04;Promotor
7037884;1;7.0;2025-07-23;Neutro
703882;1;10.0;2025-11-07;Promotor
7049118;2;10.0;2026-02-11;Promotor
706332;1;9.0;2025-10-01;Promotor
7064042;2;9.0;2026-04-29;Neutro
7064144;1;10.0;2025-03-06;Promotor
706436;1;8.0;2025-07-16;Neutro
706586;2;9.5;2025-11-19;Promotor
7078829;2;9.5;2026-03-18;Promotor
7085698;2;9.5;2026-01-21;Promotor
7086818;1;9.0;2025-03-11;Promotor
7087015;1;10.0;2025-09-25;Promotor
7098375;1;0.0;2025-09-24;Detrator
7101192;3;9.3;2025-09-27;Neutro
7102587;1;7.0;2025-09-02;Neutro
7104514;1;9.0;2025-09-28;Promotor
7104869;1;10.0;2025-09-27;Promotor
7107846;1;10.0;2026-04-10;Promotor
7114824;3;9.7;2026-02-03;Promotor
7114994;1;10.0;2026-04-16;Promotor
7117036;2;8.5;2025-12-19;Promotor
7117213;2;9.5;2025-05-30;Promotor
711816;1;2.0;2026-07-14;Detrator
7118758;1;4.0;2025-01-02;Detrator
7140812;1;8.0;2026-01-30;Neutro
714731;1;0.0;2025-10-08;Detrator
7156545;1;0.0;2025-07-22;Detrator
7169874;1;10.0;2025-04-08;Promotor
7178148;1;10.0;2025-05-07;Promotor
718510;4;9.8;2026-07-14;Promotor
7189689;1;10.0;2026-04-09;Promotor
7199673;1;10.0;2025-05-30;Promotor
7200485;1;10.0;2025-01-24;Promotor
721637;2;8.5;2025-06-10;Promotor
7216943;2;9.0;2026-01-27;Promotor
722585;1;10.0;2025-02-19;Promotor
7227525;1;10.0;2026-05-20;Promotor
7227922;3;9.7;2026-02-11;Promotor
7228673;1;10.0;2026-05-21;Promotor
7230771;3;10.0;2025-09-29;Promotor
7231973;1;9.0;2026-06-10;Promotor
7232305;1;10.0;2025-08-22;Promotor
7232611;1;10.0;2025-08-24;Promotor
7234117;1;8.0;2026-03-13;Neutro
723960;1;5.0;2026-03-10;Detrator
7243772;1;10.0;2026-06-02;Promotor
7243773;1;10.0;2025-11-12;Promotor
7247363;1;10.0;2025-04-16;Promotor
7251009;1;4.0;2025-06-03;Detrator
7255253;1;7.0;2026-03-11;Neutro
7261669;2;7.5;2026-03-31;Neutro
727079;1;10.0;2025-06-24;Promotor
7278469;1;10.0;2025-06-25;Promotor
7280286;1;4.0;2025-07-04;Detrator
728216;1;2.0;2026-04-10;Detrator
728925;1;10.0;2025-08-05;Promotor
7292529;1;10.0;2025-04-02;Promotor
7295533;1;10.0;2026-03-23;Promotor
7304894;1;10.0;2025-01-23;Promotor
7317127;2;9.5;2025-09-17;Promotor
7328172;1;9.0;2025-07-01;Promotor
7330039;1;3.0;2025-01-17;Detrator
7331085;5;10.0;2026-05-19;Promotor
7336777;3;10.0;2026-07-08;Promotor
7337095;1;10.0;2025-05-07;Promotor
7348940;2;10.0;2026-01-06;Promotor
7351679;1;10.0;2026-03-13;Promotor
7356819;3;10.0;2026-06-24;Promotor
7362460;1;9.0;2026-04-15;Promotor
7363583;1;10.0;2026-06-16;Promotor
7366997;1;10.0;2025-09-27;Promotor
736728;1;7.0;2026-01-02;Neutro
7369223;1;10.0;2026-02-12;Promotor
7372130;1;10.0;2025-10-04;Promotor
7377132;1;10.0;2026-02-21;Promotor
7377388;2;10.0;2025-12-26;Promotor
7378182;1;9.0;2025-09-29;Promotor
7379065;2;10.0;2026-01-22;Promotor
7394152;1;9.0;2025-04-30;Promotor
7398569;1;10.0;2025-02-11;Promotor
7399020;1;8.0;2025-08-06;Neutro
7399640;1;10.0;2025-05-15;Promotor
7412011;5;9.6;2026-05-13;Promotor
7426361;2;8.5;2026-02-19;Promotor
7427824;2;9.5;2026-06-17;Promotor
7427917;1;10.0;2025-08-29;Promotor
7430303;1;10.0;2025-04-11;Promotor
7433409;1;10.0;2025-02-04;Promotor
7439041;1;9.0;2025-04-16;Promotor
7440976;5;10.0;2026-06-24;Promotor
7442078;1;8.0;2025-02-14;Neutro
7444395;1;0.0;2025-02-28;Detrator
7448500;1;6.0;2025-02-18;Detrator
7454666;2;7.5;2026-01-06;Detrator
7454828;1;10.0;2026-06-30;Promotor
7458311;1;10.0;2025-03-06;Promotor
7461128;4;9.0;2026-07-14;Promotor
7473308;2;10.0;2026-04-24;Promotor
7473480;1;10.0;2025-10-31;Promotor
7488431;1;8.0;2026-03-04;Neutro
7496593;1;8.0;2025-07-01;Neutro
7503408;1;9.0;2025-09-24;Promotor
7534683;1;10.0;2025-11-12;Promotor
754262;1;9.0;2025-08-22;Promotor
7551391;2;10.0;2025-07-09;Promotor
7552134;1;10.0;2025-09-30;Promotor
7552255;2;8.0;2025-04-02;Neutro
755270;2;10.0;2025-09-09;Promotor
755782;2;10.0;2026-05-12;Promotor
7566118;1;0.0;2026-02-24;Detrator
7574435;1;9.0;2025-12-19;Promotor
7583761;1;9.0;2025-04-02;Promotor
7584280;1;9.0;2025-02-11;Promotor
7585530;2;9.5;2026-07-21;Promotor
7587019;2;10.0;2025-01-07;Promotor
7593036;1;10.0;2025-03-18;Promotor
7601800;3;10.0;2026-05-23;Promotor
7608642;1;10.0;2026-07-10;Promotor
7608677;1;10.0;2025-09-09;Promotor
7609041;1;10.0;2025-08-19;Promotor
7621448;1;10.0;2025-08-06;Promotor
7623103;2;0.5;2025-12-19;Detrator
7641618;1;8.0;2025-06-14;Neutro
7648117;1;9.0;2025-09-27;Promotor
7658138;1;10.0;2025-01-08;Promotor
7669748;1;8.0;2025-08-15;Neutro
7669811;1;5.0;2026-03-17;Detrator
7677924;3;10.0;2026-07-03;Promotor
7679261;1;10.0;2025-11-08;Promotor
768312;3;9.7;2026-05-14;Promotor
7683314;1;10.0;2026-02-10;Promotor
768343;1;9.0;2026-07-14;Promotor
7688567;3;8.7;2025-06-10;Promotor
7692996;2;9.0;2025-06-10;Promotor
7694529;1;10.0;2025-01-07;Promotor
7708358;2;10.0;2026-07-14;Promotor
771072;1;9.0;2025-11-18;Promotor
7713999;1;9.0;2025-10-15;Promotor
7717482;1;7.0;2026-04-19;Neutro
7725455;2;10.0;2026-07-03;Promotor
7732514;2;10.0;2025-10-15;Promotor
773405;3;10.0;2025-11-30;Promotor
773408;4;10.0;2026-03-06;Promotor
7742882;2;9.5;2025-11-18;Promotor
7753613;2;10.0;2026-06-24;Promotor
7756805;5;10.0;2026-02-18;Promotor
7758462;1;10.0;2025-11-18;Promotor
7759198;1;9.0;2025-08-11;Promotor
7759875;2;9.5;2026-06-05;Promotor
77631;1;7.0;2025-08-22;Neutro
7764524;1;2.0;2026-02-27;Detrator
7776660;1;10.0;2025-12-09;Promotor
7776829;1;10.0;2025-05-06;Promotor
7776931;1;0.0;2026-05-12;Detrator
77771;1;10.0;2025-09-10;Promotor
7777621;1;10.0;2025-07-18;Promotor
7795681;2;10.0;2025-11-19;Promotor
7803056;1;10.0;2025-10-29;Promotor
7806049;1;10.0;2025-02-12;Promotor
7806375;1;10.0;2026-06-17;Promotor
7807538;1;10.0;2025-08-12;Promotor
7808263;1;10.0;2025-09-19;Promotor
7808447;1;2.0;2025-04-11;Detrator
7817796;1;10.0;2025-10-28;Promotor
7820517;2;10.0;2025-10-29;Promotor
782079;1;10.0;2026-02-03;Promotor
7830100;1;7.0;2026-04-26;Neutro
7831538;2;10.0;2025-11-07;Promotor
7837256;1;10.0;2026-03-04;Promotor
7845758;2;10.0;2025-11-18;Promotor
7852684;3;10.0;2026-01-06;Promotor
7855999;1;10.0;2025-01-14;Promotor
7861574;1;9.0;2025-01-28;Promotor
7862455;1;9.0;2025-09-27;Promotor
7864978;1;8.0;2026-05-29;Neutro
7870126;2;9.5;2026-01-30;Promotor
7876299;4;8.8;2026-04-07;Promotor
7878418;1;8.0;2026-04-07;Neutro
7882745;1;10.0;2025-01-28;Promotor
7890741;2;9.5;2026-06-16;Promotor
789562;1;10.0;2025-03-14;Promotor
7897599;1;10.0;2025-10-04;Promotor
7898138;1;10.0;2026-05-07;Promotor
7901028;1;10.0;2026-04-17;Promotor
7905901;6;10.0;2026-06-03;Promotor
7912066;1;9.0;2025-03-08;Promotor
7914471;1;0.0;2026-01-27;Detrator
7915147;1;8.0;2025-04-01;Neutro
7915607;1;10.0;2026-02-13;Promotor
7917534;1;10.0;2026-04-18;Promotor
7928263;2;10.0;2026-02-27;Promotor
7929777;1;10.0;2026-03-31;Promotor
7934699;1;10.0;2026-03-19;Promotor
793734;1;10.0;2025-02-25;Promotor
793965;1;4.0;2025-04-01;Detrator
7940057;1;10.0;2025-09-24;Promotor
7940777;1;10.0;2025-03-19;Promotor
7945261;1;10.0;2025-05-23;Promotor
7956320;1;10.0;2025-04-20;Promotor
7958594;2;10.0;2025-10-03;Promotor
7964847;1;8.0;2026-01-31;Neutro
7973915;2;10.0;2025-11-21;Promotor
7974074;3;9.7;2026-02-11;Promotor
7976404;5;10.0;2026-05-26;Promotor
7979943;1;10.0;2025-09-02;Promotor
7980767;1;9.0;2025-03-28;Promotor
7981562;1;10.0;2025-03-31;Promotor
7993501;1;10.0;2025-06-03;Promotor
7994676;1;0.0;2026-03-30;Detrator
7998352;1;8.0;2025-09-27;Neutro
7999338;1;9.0;2025-10-11;Promotor
8000780;1;10.0;2025-02-04;Promotor
8002057;5;9.6;2026-03-31;Promotor
8015710;1;9.0;2026-05-19;Promotor
8016592;2;9.5;2025-09-10;Promotor
8017943;1;8.0;2025-09-27;Neutro
8032718;1;10.0;2025-02-20;Promotor
8045274;1;10.0;2026-05-12;Promotor
8046394;1;10.0;2026-06-11;Promotor
8048672;1;4.0;2025-05-06;Detrator
8048829;1;10.0;2026-06-23;Promotor
8050902;3;3.3;2025-07-08;Detrator
805627;1;2.0;2025-10-01;Detrator
8061836;2;10.0;2026-04-08;Promotor
8073852;1;8.0;2025-05-30;Neutro
8074937;1;9.0;2026-01-30;Promotor
8077677;2;10.0;2025-06-09;Promotor
8078955;1;9.0;2025-05-13;Promotor
8082918;1;10.0;2026-06-22;Promotor
8084986;1;10.0;2025-05-02;Promotor
8089241;3;10.0;2026-05-19;Promotor
8090904;3;10.0;2025-10-01;Promotor
8091987;1;10.0;2026-01-08;Promotor
8092730;1;10.0;2026-04-22;Promotor
8100351;1;9.0;2025-10-21;Promotor
8107043;2;10.0;2025-09-03;Promotor
8108756;1;9.0;2025-05-03;Promotor
8126351;1;10.0;2025-10-12;Promotor
8127924;1;9.0;2025-07-30;Promotor
8128025;1;10.0;2025-08-22;Promotor
8130777;1;9.0;2026-06-26;Promotor
8130906;1;9.0;2025-11-28;Promotor
8130956;1;8.0;2025-04-16;Neutro
8133773;2;10.0;2025-09-24;Promotor
8134022;1;10.0;2026-03-18;Promotor
8140701;5;9.4;2026-07-08;Promotor
8143866;2;9.0;2025-06-16;Promotor
8148638;1;10.0;2025-06-25;Promotor
8150871;2;10.0;2026-05-19;Promotor
815773;2;9.0;2026-07-14;Promotor
8165315;1;10.0;2025-09-24;Promotor
8167879;1;5.0;2025-07-16;Detrator
8177738;1;10.0;2025-07-23;Promotor
8190133;1;10.0;2025-05-27;Promotor
8191661;1;9.0;2025-04-15;Promotor
8208057;1;10.0;2025-03-11;Promotor
8210419;1;10.0;2026-06-10;Promotor
821791;2;9.5;2025-10-30;Promotor
8226502;1;10.0;2025-05-28;Promotor
8227384;2;10.0;2025-06-10;Promotor
8230798;2;10.0;2026-01-20;Promotor
8231285;2;10.0;2025-04-16;Promotor
8235618;3;9.3;2025-09-16;Neutro
823592;1;10.0;2025-08-08;Promotor
8241764;1;9.0;2025-08-09;Promotor
8242411;1;10.0;2025-09-24;Promotor
8243624;1;8.0;2025-02-26;Neutro
8243932;2;10.0;2026-06-18;Promotor
8244374;1;9.0;2025-03-26;Promotor
8249085;1;10.0;2025-04-04;Promotor
8250326;2;10.0;2026-06-09;Promotor
8257983;1;10.0;2025-03-14;Promotor
8260426;1;8.0;2025-07-30;Neutro
827747;1;10.0;2025-07-23;Promotor
8278042;1;10.0;2026-04-21;Promotor
8280589;1;9.0;2025-05-31;Promotor
8284506;1;0.0;2026-01-20;Detrator
8285170;2;10.0;2026-06-03;Promotor
8287093;1;10.0;2025-09-27;Promotor
8287891;5;10.0;2025-09-24;Promotor
8295020;1;10.0;2025-09-09;Promotor
8297588;1;10.0;2026-06-19;Promotor
8297636;2;6.5;2025-09-24;Neutro
8301230;2;10.0;2026-04-10;Promotor
8304325;1;10.0;2026-07-17;Promotor
8317336;1;10.0;2025-08-19;Promotor
8320262;2;10.0;2025-05-14;Promotor
8321515;1;10.0;2026-07-02;Promotor
832258;2;9.0;2025-04-26;Neutro
832418;1;10.0;2026-02-22;Promotor
8328415;3;9.0;2025-11-18;Promotor
8333552;1;10.0;2026-04-29;Promotor
834375;1;6.0;2025-08-27;Detrator
8352900;5;10.0;2026-01-28;Promotor
8354904;1;7.0;2025-10-01;Neutro
8356472;1;8.0;2025-07-18;Neutro
83612;1;10.0;2026-07-14;Promotor
8374915;2;9.0;2025-07-29;Neutro
8376166;7;9.4;2026-06-09;Promotor
8399050;1;7.0;2025-11-04;Neutro
8418650;1;10.0;2026-04-09;Promotor
8429491;1;10.0;2026-01-02;Promotor
8430457;2;10.0;2026-01-20;Promotor
8433757;1;10.0;2026-01-23;Promotor
8442187;2;10.0;2026-06-28;Promotor
844998;2;9.5;2026-04-14;Promotor
8453400;1;3.0;2025-08-19;Detrator
845616;1;9.0;2025-03-12;Promotor
8462961;4;10.0;2025-10-28;Promotor
8465951;1;9.0;2026-02-03;Promotor
8467900;2;2.5;2025-08-06;Detrator
8475139;2;10.0;2025-09-24;Promotor
8481576;2;10.0;2025-06-25;Promotor
8481704;1;10.0;2025-07-10;Promotor
8497711;1;10.0;2026-03-10;Promotor
8498770;2;9.0;2026-03-03;Promotor
8501217;1;10.0;2025-08-12;Promotor
8513852;2;9.0;2025-06-25;Promotor
8522573;1;10.0;2025-05-20;Promotor
8525712;3;8.3;2026-04-23;Neutro
8534293;2;9.5;2026-03-31;Promotor
8539076;1;10.0;2026-03-06;Promotor
8549106;5;9.8;2026-04-09;Promotor
8550971;1;10.0;2026-04-14;Promotor
8552888;2;10.0;2025-11-18;Promotor
8556626;2;5.0;2025-08-14;Promotor
8583331;1;10.0;2026-04-03;Promotor
8584462;1;8.0;2026-03-21;Neutro
8587458;1;10.0;2025-10-04;Promotor
8589858;1;10.0;2025-07-08;Promotor
8592330;1;10.0;2025-08-26;Promotor
8601811;1;10.0;2025-09-24;Promotor
8604375;1;10.0;2025-03-21;Promotor
861542;1;7.0;2025-11-04;Neutro
8619089;1;10.0;2026-01-31;Promotor
8619302;1;10.0;2025-04-13;Promotor
8620789;1;10.0;2025-07-23;Promotor
8620966;2;7.0;2026-05-12;Promotor
862150;1;10.0;2025-08-22;Promotor
8623579;1;10.0;2025-10-21;Promotor
8624601;1;8.0;2025-06-24;Neutro
8625159;1;8.0;2025-03-11;Neutro
8630177;1;10.0;2025-01-24;Promotor
863716;2;10.0;2025-10-16;Promotor
8639193;1;9.0;2025-08-21;Promotor
8642654;3;8.7;2025-06-10;Neutro
8643445;1;10.0;2025-09-11;Promotor
8662157;3;9.3;2025-11-04;Promotor
8662193;2;6.5;2026-03-30;Neutro
8671425;1;9.0;2026-07-15;Promotor
8672623;1;6.0;2026-03-30;Detrator
8674740;1;3.0;2025-02-26;Detrator
8676132;1;10.0;2026-03-11;Promotor
8687497;1;10.0;2026-07-15;Promotor
8687693;1;8.0;2026-07-14;Neutro
8690273;3;10.0;2026-02-10;Promotor
8690461;1;8.0;2025-04-16;Neutro
8694636;1;10.0;2026-02-10;Promotor
8694918;1;10.0;2025-06-11;Promotor
8703147;1;10.0;2025-02-04;Promotor
8710428;1;9.0;2025-11-12;Promotor
8712010;1;9.0;2025-05-14;Promotor
8713048;1;10.0;2025-05-27;Promotor
8713474;3;10.0;2025-09-25;Promotor
871766;2;7.0;2026-02-21;Detrator
8723538;1;0.0;2025-03-28;Detrator
8727016;1;8.0;2025-08-22;Neutro
8731214;1;10.0;2026-04-08;Promotor
8734137;1;9.0;2025-01-29;Promotor
873624;1;10.0;2025-08-29;Promotor
8739519;1;6.0;2025-11-04;Detrator
8741001;1;0.0;2025-01-07;Detrator
8742374;1;10.0;2025-04-03;Promotor
8743647;3;10.0;2026-07-07;Promotor
8746910;1;9.0;2025-03-25;Promotor
8748184;2;8.0;2025-11-05;Promotor
8749918;2;9.0;2025-08-19;Neutro
8756803;2;10.0;2026-05-15;Promotor
8760851;1;10.0;2025-11-19;Promotor
8769363;1;9.0;2025-11-19;Promotor
8774024;2;9.5;2025-07-26;Promotor
8779413;3;9.3;2026-01-06;Promotor
8780426;1;5.0;2025-10-21;Detrator
8785582;2;10.0;2026-06-10;Promotor
8792471;2;10.0;2026-03-24;Promotor
8793404;2;10.0;2026-04-08;Promotor
8793498;1;2.0;2025-07-23;Detrator
8795354;1;9.0;2025-09-16;Promotor
8801005;1;10.0;2025-11-15;Promotor
8811853;1;10.0;2026-07-21;Promotor
8815256;2;9.5;2025-03-21;Promotor
8815610;1;10.0;2025-12-06;Promotor
8816360;1;8.0;2025-06-29;Neutro
8817846;1;10.0;2025-01-28;Promotor
882029;2;6.0;2025-10-15;Detrator
8839322;1;9.0;2025-09-03;Promotor
8844803;1;10.0;2025-08-14;Promotor
8848895;2;10.0;2025-09-28;Promotor
8850254;1;10.0;2025-05-07;Promotor
8851013;2;9.0;2025-08-12;Promotor
8858353;1;10.0;2026-03-31;Promotor
8863516;2;8.5;2025-10-28;Neutro
888356;1;10.0;2025-10-04;Promotor
8885167;1;9.0;2026-06-10;Promotor
8886771;1;6.0;2025-09-24;Detrator
8892804;1;6.0;2026-06-12;Detrator
8901782;1;7.0;2025-12-24;Neutro
8904866;2;10.0;2025-11-25;Promotor
8905722;1;10.0;2025-03-29;Promotor
8905726;3;10.0;2025-10-30;Promotor
8912115;1;5.0;2025-05-17;Detrator
892165;2;8.0;2025-09-24;Neutro
8928204;2;10.0;2026-03-13;Promotor
8928306;1;10.0;2026-06-12;Promotor
8928383;1;10.0;2026-07-08;Promotor
8928594;4;8.5;2026-03-31;Promotor
8928712;1;9.0;2025-10-04;Promotor
8928858;2;10.0;2026-07-17;Promotor
8928863;3;9.7;2025-08-08;Promotor
8929122;1;10.0;2025-09-26;Promotor
8929305;2;9.0;2026-02-03;Promotor
8929311;1;0.0;2026-02-24;Detrator
8929368;1;10.0;2025-09-27;Promotor
8929984;4;8.0;2026-05-27;Promotor
8930222;1;10.0;2026-02-25;Promotor
8930310;6;10.0;2026-05-19;Promotor
8930352;1;0.0;2025-10-21;Detrator
8930581;1;0.0;2026-03-24;Detrator
8930647;3;10.0;2025-07-16;Promotor
8930675;1;10.0;2025-02-24;Promotor
8930836;1;10.0;2026-01-23;Promotor
8931071;2;9.0;2026-03-11;Promotor
8931194;2;10.0;2026-04-01;Promotor
8931584;1;6.0;2026-03-13;Detrator
893720;1;10.0;2026-05-05;Promotor
897880;2;4.0;2026-03-11;Detrator
899702;6;9.3;2025-10-15;Promotor
900325;1;10.0;2026-01-09;Promotor
9037858;1;8.0;2025-08-01;Neutro
9038238;4;9.8;2026-03-25;Promotor
9039866;1;9.0;2025-08-26;Promotor
9040150;2;10.0;2025-10-15;Promotor
9040360;2;10.0;2025-08-13;Promotor
9041747;1;8.0;2025-09-27;Neutro
9042443;1;9.0;2025-01-14;Promotor
9042538;1;10.0;2026-06-05;Promotor
9042829;1;10.0;2025-12-09;Promotor
9043486;1;10.0;2025-05-02;Promotor
9045699;1;10.0;2026-02-24;Promotor
9046496;2;10.0;2026-01-13;Promotor
9049283;1;9.0;2025-08-22;Promotor
9049518;2;10.0;2026-03-31;Promotor
9049582;1;10.0;2025-04-09;Promotor
9049760;1;10.0;2025-06-10;Promotor
9052473;2;10.0;2025-09-27;Promotor
9052637;2;10.0;2025-11-22;Promotor
9052786;1;6.0;2025-09-24;Detrator
9078391;1;9.0;2025-08-19;Promotor
912359;1;10.0;2025-08-20;Promotor
917448;1;10.0;2025-11-25;Promotor
917569;1;10.0;2025-09-27;Promotor
9230065;1;10.0;2025-08-21;Promotor
9230859;1;10.0;2025-08-21;Promotor
9233060;2;9.5;2025-04-15;Promotor
9236868;1;9.0;2025-06-06;Promotor
924080;1;9.0;2025-03-08;Promotor
9252849;1;10.0;2025-03-28;Promotor
9256486;1;10.0;2025-04-01;Promotor
9263437;1;10.0;2026-03-13;Promotor
9264777;3;10.0;2026-07-17;Promotor
9267846;1;10.0;2025-10-31;Promotor
9272939;2;10.0;2026-02-10;Promotor
929213;3;9.0;2025-09-03;Promotor
9294215;1;10.0;2025-09-05;Promotor
929944;2;9.5;2026-02-27;Promotor
9300553;5;10.0;2026-06-30;Promotor
9306732;1;9.0;2025-02-28;Promotor
9314510;3;9.7;2026-02-24;Promotor
9325219;2;10.0;2026-02-24;Promotor
9325544;1;10.0;2026-06-18;Promotor
9332836;1;9.0;2025-02-04;Promotor
933761;3;9.0;2025-11-19;Promotor
9341142;1;10.0;2025-02-19;Promotor
9343310;3;9.3;2026-03-28;Promotor
9344496;2;10.0;2026-03-18;Promotor
9345846;1;10.0;2026-05-07;Promotor
9350898;1;9.0;2025-08-25;Promotor
9385430;2;10.0;2025-04-08;Promotor
9385592;1;10.0;2026-02-24;Promotor
9388601;1;9.0;2025-07-04;Promotor
9389423;3;10.0;2026-06-06;Promotor
9394377;2;10.0;2025-09-24;Promotor
9394628;1;10.0;2025-08-26;Promotor
9395220;1;7.0;2026-03-17;Neutro
9396014;1;10.0;2025-04-09;Promotor
9407100;1;0.0;2025-07-15;Detrator
9410758;1;10.0;2025-02-05;Promotor
9414726;1;9.0;2026-03-04;Promotor
9415071;1;9.0;2026-04-30;Promotor
9416718;1;9.0;2025-05-06;Promotor
9423549;2;9.0;2025-07-29;Neutro
9426977;1;10.0;2026-07-15;Promotor
9427512;2;9.0;2026-06-25;Promotor
9427753;1;7.0;2025-08-06;Neutro
944153;2;10.0;2025-04-04;Promotor
944265;1;10.0;2025-01-31;Promotor
9444304;1;10.0;2025-03-27;Promotor
9446502;1;10.0;2026-03-20;Promotor
9452593;4;9.8;2025-10-29;Promotor
9454119;1;10.0;2026-06-19;Promotor
9454594;3;9.7;2026-03-24;Promotor
9457658;2;10.0;2026-06-16;Promotor
948161;1;9.0;2025-04-22;Promotor
9482317;1;10.0;2025-09-24;Promotor
9490292;1;6.0;2025-06-18;Detrator
9493158;2;4.5;2026-07-14;Detrator
9493762;1;10.0;2025-02-04;Promotor
949604;2;9.5;2026-07-17;Promotor
9498646;1;10.0;2025-12-04;Promotor
9500073;1;9.0;2026-02-27;Promotor
951169;2;10.0;2026-07-14;Promotor
952975;1;10.0;2025-02-24;Promotor
964219;3;10.0;2026-01-09;Promotor
9647569;1;10.0;2025-10-01;Promotor
9648185;1;10.0;2025-02-21;Promotor
9651598;3;10.0;2026-02-20;Promotor
9654501;1;10.0;2025-04-11;Promotor
9656040;1;4.0;2025-03-04;Detrator
9660587;1;10.0;2026-03-03;Promotor
9668244;1;9.0;2025-09-24;Promotor
9670999;1;9.0;2026-05-15;Promotor
9671463;2;10.0;2026-06-24;Promotor
9671480;1;9.0;2025-06-13;Promotor
9679560;1;0.0;2025-01-08;Detrator
9690885;1;0.0;2025-07-01;Detrator
9692474;1;9.0;2025-08-12;Promotor
9693580;3;10.0;2026-01-21;Promotor
9694980;3;10.0;2025-12-19;Promotor
9698317;3;10.0;2026-07-08;Promotor
9701842;1;10.0;2025-08-08;Promotor
9710678;1;10.0;2026-03-25;Promotor
9713080;1;10.0;2025-04-17;Promotor
9718871;1;10.0;2025-09-24;Promotor
9736804;1;10.0;2025-06-05;Promotor
9737020;1;10.0;2025-06-17;Promotor
9740248;1;9.0;2025-04-25;Promotor
9742522;6;10.0;2026-06-03;Promotor
9742819;1;10.0;2025-10-03;Promotor
9749679;1;10.0;2025-09-12;Promotor
9755150;1;10.0;2026-06-16;Promotor
9765054;2;9.0;2025-12-12;Promotor
9765725;1;10.0;2025-08-26;Promotor
9772247;1;10.0;2026-06-12;Promotor
9772648;1;10.0;2025-01-24;Promotor
9773303;1;10.0;2025-03-11;Promotor
9775573;1;10.0;2026-07-07;Promotor
9779157;1;10.0;2026-02-13;Promotor
9782850;3;9.3;2026-06-17;Promotor
9783894;1;10.0;2025-09-19;Promotor
9788671;3;8.0;2026-06-12;Promotor
9796252;1;10.0;2025-04-26;Promotor
9797001;2;7.0;2026-04-01;Neutro
9802487;1;10.0;2025-09-12;Promotor
9805026;1;10.0;2025-11-14;Promotor
980555;2;9.0;2025-10-28;Promotor
981060;1;2.0;2025-09-05;Detrator
981228;4;9.5;2026-02-07;Promotor
981245;1;10.0;2026-06-24;Promotor
9814123;1;9.0;2026-06-02;Promotor
9827475;1;10.0;2025-09-24;Promotor
9830089;1;10.0;2025-04-29;Promotor
9865997;1;10.0;2025-04-16;Promotor
9897999;1;10.0;2025-09-25;Promotor
9911904;2;9.5;2026-01-13;Promotor
9917905;2;9.0;2026-06-17;Promotor
9919142;3;10.0;2026-06-21;Promotor
9919280;2;10.0;2026-06-30;Promotor
9922582;1;10.0;2025-05-27;Promotor
9940863;1;10.0;2026-05-12;Promotor
9941144;1;10.0;2025-05-20;Promotor
9943032;2;8.0;2026-03-06;Detrator
9948781;1;9.0;2025-03-26;Promotor
9949187;1;10.0;2025-05-27;Promotor
9965064;1;10.0;2026-06-27;Promotor
997681;2;10.0;2025-07-30;Promotor
9984357;2;10.0;2026-06-02;Promotor
9984739;1;2.0;2026-02-04;Detrator
9987149;1;10.0;2026-04-22;Promotor
9988252;1;4.0;2025-01-22;Detrator
9990868;1;9.0;2025-08-30;Promotor
9991445;1;10.0;2026-02-27;Promotor
9993124;1;7.0;2025-10-31;Neutro
99999;2;9.0;2025-08-29;Promotor
