CODIGO_CLIENTE;REGISTROS_ATIVACAO_COUNT;PRODUTOS_DISTINTOS_AR;DATA_MAIS_RECENTE_AR;ULTIMA_VISITA_MAX;STATUS_RECENTE
10002592;1;1;2026-01-29;2026-01-29;REATIVADO
10005280;1;1;2026-01-28;2026-05-13;REATIVADO
10006507;1;1;2026-04-17;2026-06-01;REATIVADO
10008775;1;1;2026-03-03;2025-11-13;REATIVADO
10010263;1;1;2026-04-07;2026-05-26;REATIVADO
10012861;1;1;2026-02-02;2026-05-27;REATIVADO
10017424;1;1;2026-02-24;2026-07-06;REATIVADO
10020;1;1;2026-02-04;2025-11-28;REATIVADO
10032112;1;1;2026-02-10;2026-06-03;REATIVADO
10041224;1;1;2026-04-06;2026-06-15;REATIVADO
10041383;1;1;2026-03-23;2026-06-29;REATIVADO
10045657;1;1;2026-03-05;2025-09-29;REATIVADO
10048294;1;1;2026-03-09;2026-06-08;REATIVADO
10048574;1;1;2026-04-06;2026-06-30;REATIVADO
10052404;1;1;2026-05-05;2026-03-09;REATIVADO
10052493;1;1;2026-01-27;2026-06-25;REATIVADO
10054623;1;1;2026-06-08;2026-05-19;REATIVADO
10055654;1;1;2026-04-06;2026-06-16;REATIVADO
10058172;1;1;2026-02-25;2026-07-21;REATIVADO
10058644;1;1;2026-05-28;2026-05-18;ATIVADO
1006410;1;1;2026-03-20;2026-04-20;REATIVADO
10072769;1;1;2026-03-13;2026-06-25;REATIVADO
10079517;1;1;2026-06-17;2026-05-18;REATIVADO
10080933;1;1;2026-02-11;2026-05-12;REATIVADO
10082132;1;1;2026-05-04;2026-05-19;REATIVADO
10090948;1;1;2026-01-13;2026-02-04;ATIVADO
10103712;1;1;2026-06-25;2026-06-24;REATIVADO
10104056;1;1;2026-02-23;2026-07-21;ATIVADO
10110686;1;1;2026-03-11;2026-04-08;REATIVADO
10116079;1;1;2026-03-14;2025-10-10;ATIVADO
10118324;1;1;2026-01-30;2026-01-29;REATIVADO
10126775;1;1;2026-02-03;2026-06-08;ATIVADO
10135022;1;1;2026-01-25;2026-05-27;REATIVADO
10137443;1;1;2026-02-11;2026-04-08;REATIVADO
10138165;1;1;2026-04-15;2026-02-24;REATIVADO
10139645;1;1;2026-05-03;2026-06-12;REATIVADO
10140309;1;1;2026-06-29;2026-07-06;REATIVADO
10140384;1;1;2026-05-19;2026-05-14;REATIVADO
10144993;1;1;2026-04-26;2026-04-27;REATIVADO
10148707;1;1;2026-01-08;2026-06-12;REATIVADO
10149274;1;1;2026-04-13;2026-07-07;REATIVADO
10149442;1;1;2026-06-05;2026-06-19;REATIVADO
10161414;1;1;2026-05-15;2025-09-11;REATIVADO
1016245;1;1;2026-04-08;2026-06-22;REATIVADO
10162525;1;1;2026-04-08;2026-07-17;REATIVADO
10162860;1;1;2026-06-08;2026-06-08;REATIVADO
10167317;1;1;2026-05-18;2026-06-30;REATIVADO
1016761;1;1;2026-05-06;;REATIVADO
10170131;1;1;2026-03-10;2026-04-27;REATIVADO
1017472;1;1;2026-02-24;2026-05-26;REATIVADO
10177291;1;1;2026-06-24;2026-06-16;REATIVADO
10183485;1;1;2026-02-28;2026-03-23;REATIVADO
10187177;1;1;2026-04-26;2026-04-23;REATIVADO
10192281;1;1;2026-04-22;2026-05-28;REATIVADO
10193671;1;1;2026-06-12;2026-06-12;REATIVADO
10199790;1;1;2026-05-06;2026-05-05;REATIVADO
10202432;1;1;2026-02-07;2026-05-29;REATIVADO
10202471;1;1;2026-06-22;2026-06-22;REATIVADO
1020423;1;1;2026-05-05;2026-05-20;REATIVADO
10205479;1;1;2026-05-05;2026-07-21;REATIVADO
10206228;1;1;2026-03-23;2026-05-27;REATIVADO
10206249;1;1;2026-06-22;2026-07-20;REATIVADO
10224558;1;1;2026-06-15;2026-04-20;REATIVADO
10227908;1;1;2026-03-14;2026-05-15;ATIVADO
10231244;1;1;2026-01-27;2026-05-11;REATIVADO
10233568;1;1;2026-04-24;2026-02-06;ATIVADO
10233759;1;1;2026-03-10;;REATIVADO
10233838;1;1;2026-06-17;2025-10-01;REATIVADO
10234518;1;1;2026-02-11;2026-07-13;REATIVADO
10234646;1;1;2026-04-17;2026-04-07;REATIVADO
10237128;1;1;2026-03-02;2026-02-24;REATIVADO
10244149;1;1;2026-05-19;2026-06-25;REATIVADO
10252201;1;1;2026-01-26;2026-06-24;REATIVADO
10253845;1;1;2026-03-02;2026-07-06;REATIVADO
10255629;1;1;2026-05-08;2026-05-05;REATIVADO
10258837;1;1;2026-01-05;2026-02-05;REATIVADO
10259034;1;1;2026-05-26;2026-06-16;REATIVADO
10259805;1;1;2026-03-03;2025-11-18;REATIVADO
10267463;1;1;2026-05-08;2026-07-16;REATIVADO
10272001;1;1;2026-01-04;2026-06-26;REATIVADO
10272944;1;1;2026-03-10;2026-07-14;REATIVADO
10277586;1;1;2026-05-26;2026-07-08;REATIVADO
10278211;1;1;2026-02-05;2026-06-30;REATIVADO
10278469;1;1;2026-05-29;;REATIVADO
10287830;1;1;2026-05-13;2026-06-26;REATIVADO
10288333;1;1;2026-02-20;2026-02-19;ATIVADO
10289599;1;1;2026-01-15;2026-01-27;REATIVADO
1029020;1;1;2026-06-18;;REATIVADO
10291168;1;1;2026-02-01;2026-05-28;REATIVADO
10293486;1;1;2026-03-09;2026-07-08;REATIVADO
10300742;1;1;2026-02-09;2026-07-10;REATIVADO
10301947;1;1;2026-04-13;2026-05-07;REATIVADO
10307595;1;1;2026-06-05;2026-07-20;REATIVADO
10309218;1;1;2026-06-30;2025-09-01;REATIVADO
10309707;1;1;2026-05-25;2026-04-14;REATIVADO
10317836;1;1;2026-04-28;2026-04-28;REATIVADO
10318331;1;1;2026-04-28;2026-06-25;REATIVADO
10318651;1;1;2026-03-16;2026-07-20;REATIVADO
10318695;1;1;2026-03-05;2026-07-03;REATIVADO
10319554;1;1;2026-05-18;2026-07-20;REATIVADO
10322685;1;1;2026-06-18;2026-06-02;REATIVADO
10329780;1;1;2026-06-10;2026-03-18;REATIVADO
10330354;1;1;2026-01-23;2026-07-06;REATIVADO
10333148;1;1;2026-03-27;2026-04-10;REATIVADO
10333643;1;1;2026-03-06;2026-03-23;REATIVADO
10334664;1;1;2026-03-13;2026-03-11;REATIVADO
10338754;1;1;2026-02-10;2026-04-07;REATIVADO
10339471;1;1;2026-01-29;2025-09-29;REATIVADO
10341039;1;1;2026-05-14;2026-06-19;REATIVADO
1034313;1;1;2026-01-21;2026-05-21;REATIVADO
1034366;1;1;2026-05-11;2025-10-20;REATIVADO
10343897;1;1;2026-02-25;2026-07-20;REATIVADO
10351289;1;1;2026-05-11;2026-07-15;REATIVADO
10353544;1;1;2026-06-15;2026-06-15;REATIVADO
10353814;1;1;2026-06-22;;REATIVADO
10353831;1;1;2026-02-02;2026-07-13;REATIVADO
1036233;1;1;2026-03-22;2026-04-28;REATIVADO
10373987;1;1;2026-04-09;2026-07-17;REATIVADO
10374078;1;1;2026-05-09;2026-06-11;ATIVADO
10376405;1;1;2026-05-11;2026-06-18;REATIVADO
10376459;1;1;2026-04-30;;REATIVADO
10376522;1;1;2026-04-14;2026-05-27;ATIVADO
10377233;1;1;2026-02-11;2026-04-09;REATIVADO
1038365;1;1;2026-04-08;2026-06-16;REATIVADO
10390883;1;1;2026-06-22;2026-07-21;REATIVADO
10395487;1;1;2026-02-26;2026-06-22;REATIVADO
10396235;1;1;2026-06-19;2025-11-18;REATIVADO
10396541;1;1;2026-05-08;;REATIVADO
10398304;1;1;2026-01-10;2026-03-20;REATIVADO
10399707;1;1;2026-04-16;2026-04-07;REATIVADO
10411575;1;1;2026-06-29;2026-06-30;REATIVADO
10412559;1;1;2026-06-08;2026-06-09;REATIVADO
10417261;1;1;2026-04-17;;REATIVADO
10420358;1;1;2026-04-06;2026-04-22;REATIVADO
1042219;1;1;2026-06-21;2026-04-16;REATIVADO
10424752;1;1;2026-04-28;2026-05-07;REATIVADO
10429650;1;1;2026-04-06;2026-07-02;ATIVADO
10429910;1;1;2026-06-19;2026-06-23;REATIVADO
10430119;1;1;2026-04-24;2025-09-18;REATIVADO
10432561;1;1;2026-05-07;2026-05-07;REATIVADO
10433406;1;1;2026-01-12;2026-07-16;REATIVADO
10433786;1;1;2026-01-22;2025-11-17;REATIVADO
10434419;1;1;2026-01-07;2026-06-10;REATIVADO
10434841;1;1;2026-03-17;2026-04-22;REATIVADO
10435344;1;1;2026-01-20;2026-01-05;ATIVADO
10436385;1;1;2026-03-29;2026-07-17;REATIVADO
10436697;1;1;2026-04-15;;REATIVADO
10438299;1;1;2026-01-26;2026-06-30;REATIVADO
10439050;1;1;2026-06-04;2026-05-28;REATIVADO
10440378;1;1;2026-03-25;2026-04-08;REATIVADO
104406;1;1;2026-03-05;2026-07-15;REATIVADO
10440680;1;1;2026-03-26;2026-02-11;REATIVADO
104447;1;1;2026-03-20;2026-03-20;REATIVADO
10450799;1;1;2026-06-24;2026-07-17;REATIVADO
10455511;1;1;2026-02-08;2026-05-06;REATIVADO
10459051;1;1;2026-04-07;2026-02-26;REATIVADO
10470983;1;1;2026-02-10;2026-02-10;REATIVADO
10473317;1;1;2026-06-25;;REATIVADO
10479012;1;1;2026-03-16;2026-06-17;REATIVADO
10484552;1;1;2026-04-14;2026-07-07;REATIVADO
10487064;1;1;2026-03-19;2026-03-20;REATIVADO
10495063;1;1;2026-05-19;2026-06-18;REATIVADO
10496226;1;1;2026-03-01;2026-02-27;REATIVADO
10496456;1;1;2026-05-31;2025-10-03;REATIVADO
10499970;1;1;2026-03-07;2026-02-10;REATIVADO
10503565;1;1;2026-03-24;2026-04-16;REATIVADO
10504607;1;1;2026-03-17;2026-04-16;REATIVADO
10506784;1;1;2026-04-30;2026-04-06;REATIVADO
10509158;1;1;2026-03-02;2026-05-08;REATIVADO
1050936;1;1;2026-02-09;2026-07-01;REATIVADO
1051348;1;1;2026-06-12;2025-10-02;REATIVADO
10513578;1;1;2026-02-10;2026-07-07;ATIVADO
10521050;1;1;2026-04-13;2026-03-11;ATIVADO
10522372;1;1;2026-03-26;2026-06-25;REATIVADO
10522813;1;1;2026-05-08;2026-06-12;REATIVADO
10524864;1;1;2026-02-12;2026-07-14;REATIVADO
10527328;1;1;2026-06-16;;REATIVADO
10529546;1;1;2026-04-22;2026-03-30;REATIVADO
10534161;1;1;2026-02-03;2026-07-20;REATIVADO
10535865;1;1;2026-01-14;2026-05-21;REATIVADO
10544107;1;1;2026-04-10;2026-05-11;ATIVADO
10546436;1;1;2026-05-12;2026-05-12;REATIVADO
10547159;1;1;2026-03-06;2026-04-06;REATIVADO
10547380;1;1;2026-02-03;2026-07-20;REATIVADO
10547810;1;1;2026-04-28;2026-07-15;REATIVADO
10548482;1;1;2026-05-20;2026-01-19;REATIVADO
10556011;1;1;2026-03-23;2026-07-15;REATIVADO
10557880;1;1;2026-05-12;2026-07-16;REATIVADO
10558333;1;1;2026-03-25;2026-04-01;REATIVADO
10559664;1;1;2026-06-05;;ATIVADO
1056284;1;1;2026-01-06;2026-05-04;REATIVADO
10568457;1;1;2026-01-25;2026-01-26;REATIVADO
10569570;1;1;2026-06-16;2026-03-24;REATIVADO
10571502;1;1;2026-06-24;2026-07-16;REATIVADO
10578478;1;1;2026-05-26;2026-06-16;REATIVADO
10579007;1;1;2026-04-01;2025-11-24;REATIVADO
10580964;1;1;2026-02-23;2026-07-15;REATIVADO
10592627;1;1;2026-03-25;2025-11-03;ATIVADO
10594755;1;1;2026-03-01;2026-05-20;REATIVADO
10595896;1;1;2026-05-04;2026-06-30;REATIVADO
10601678;1;1;2026-05-20;2026-06-17;REATIVADO
10603232;1;1;2026-02-19;2026-04-20;REATIVADO
10605812;1;1;2026-04-28;2026-04-22;REATIVADO
10607167;1;1;2026-04-06;2026-04-27;REATIVADO
10618854;1;1;2026-03-03;2026-07-02;REATIVADO
10621686;1;1;2026-02-23;2026-06-25;REATIVADO
1062221;1;1;2026-02-25;2026-04-30;REATIVADO
10622815;1;1;2026-02-07;2026-03-09;REATIVADO
1062685;1;1;2026-06-29;2026-03-31;REATIVADO
10631409;1;1;2026-04-11;2025-09-04;REATIVADO
10642651;1;1;2026-01-30;2026-07-07;REATIVADO
10643945;1;1;2026-03-02;2026-05-14;REATIVADO
10646107;1;1;2026-01-19;2026-07-02;REATIVADO
10650274;1;1;2026-05-21;2026-07-20;REATIVADO
1065087;1;1;2026-06-14;2026-05-27;REATIVADO
10661504;1;1;2026-06-26;2026-07-20;REATIVADO
10662237;1;1;2026-06-17;2026-04-13;REATIVADO
10663511;1;1;2026-04-15;2026-06-23;REATIVADO
10667424;1;1;2026-01-21;2026-03-17;ATIVADO
10669771;1;1;2026-04-07;2026-07-02;REATIVADO
10670436;1;1;2026-02-12;2025-09-26;REATIVADO
10692565;1;1;2026-04-13;2026-07-16;REATIVADO
1069319;1;1;2026-04-06;;REATIVADO
10693651;1;1;2026-06-19;2026-02-02;REATIVADO
10693977;1;1;2026-03-09;2025-09-02;REATIVADO
10695691;1;1;2026-04-17;2026-05-05;REATIVADO
10701598;1;1;2026-04-20;2026-04-20;REATIVADO
10704120;1;1;2026-04-07;;REATIVADO
10704665;1;1;2026-03-09;;REATIVADO
1070809;1;1;2026-06-16;2025-10-24;REATIVADO
10717443;1;1;2026-03-31;2026-04-06;REATIVADO
10718513;1;1;2026-01-10;2026-07-21;REATIVADO
10719511;1;1;2026-06-23;2026-05-11;REATIVADO
10721417;1;1;2026-06-15;2026-06-09;REATIVADO
10724864;1;1;2026-01-11;2026-03-18;REATIVADO
10726268;1;1;2026-04-19;2026-06-11;REATIVADO
10729224;1;1;2026-05-04;2026-03-31;REATIVADO
1073231;1;1;2026-05-15;2025-12-11;REATIVADO
10737966;1;1;2026-06-01;2025-10-03;REATIVADO
10737975;1;1;2026-03-06;2026-06-09;ATIVADO
10738582;1;1;2026-02-23;2026-02-26;REATIVADO
10740205;1;1;2026-05-17;2026-05-28;REATIVADO
10742078;1;1;2026-03-30;2026-03-23;REATIVADO
10745824;1;1;2026-06-12;2026-06-09;REATIVADO
10746853;1;1;2026-03-31;2026-02-11;REATIVADO
10747863;1;1;2026-03-09;2026-06-05;REATIVADO
10751474;1;1;2026-06-15;2026-05-26;REATIVADO
10754627;1;1;2026-06-02;2026-06-03;REATIVADO
10771629;1;1;2026-03-12;2025-12-03;REATIVADO
10777977;1;1;2026-01-30;2026-06-09;REATIVADO
10780225;1;1;2026-04-22;2026-04-22;REATIVADO
10780989;1;1;2026-05-29;2026-05-28;REATIVADO
10786925;1;1;2026-01-15;2026-05-27;REATIVADO
10788667;1;1;2026-04-16;2026-05-08;REATIVADO
10790606;1;1;2026-06-10;2025-12-26;REATIVADO
10796944;1;1;2026-05-18;2026-07-03;REATIVADO
10798866;1;1;2026-05-13;2026-04-08;REATIVADO
10801059;1;1;2026-05-14;2026-06-25;REATIVADO
10816581;1;1;2026-04-14;2025-09-02;REATIVADO
10822572;1;1;2026-06-29;2026-03-23;REATIVADO
10822754;1;1;2026-01-11;2026-05-11;REATIVADO
1082427;1;1;2026-03-02;2026-04-28;REATIVADO
1082748;1;1;2026-02-19;;REATIVADO
10830840;1;1;2026-03-10;2026-05-15;REATIVADO
10842110;1;1;2026-06-01;2026-05-04;REATIVADO
10845933;1;1;2026-06-22;2026-05-07;REATIVADO
10846228;1;1;2026-01-16;2026-06-05;REATIVADO
10849209;1;1;2026-04-14;2026-05-20;ATIVADO
10849473;1;1;2026-01-09;2026-07-15;REATIVADO
10850510;1;1;2026-05-28;2026-07-15;REATIVADO
10852713;1;1;2026-04-16;;REATIVADO
10853061;1;1;2026-06-05;2026-07-14;REATIVADO
10856311;1;1;2026-01-26;2026-04-14;REATIVADO
10860729;1;1;2026-03-11;2026-05-14;REATIVADO
10864262;1;1;2026-04-01;2026-03-31;REATIVADO
10870688;1;1;2026-02-09;2026-06-30;ATIVADO
10872882;1;1;2026-04-22;2026-02-25;REATIVADO
10876725;1;1;2026-04-15;;ATIVADO
10877394;1;1;2026-05-14;2026-06-26;REATIVADO
108990;1;1;2026-06-06;2026-07-07;REATIVADO
10903204;1;1;2026-03-20;2026-04-28;REATIVADO
10908784;1;1;2026-01-15;2026-01-06;REATIVADO
10920572;1;1;2026-03-10;2026-05-11;REATIVADO
10922963;1;1;2026-05-18;2025-11-17;REATIVADO
10947985;1;1;2026-01-24;2026-04-20;REATIVADO
10951035;1;1;2026-04-13;2026-06-19;REATIVADO
1095536;1;1;2026-05-13;2025-08-06;REATIVADO
10955689;1;1;2026-02-09;;REATIVADO
10958321;1;1;2026-03-09;2026-05-07;REATIVADO
10959666;1;1;2026-06-25;2026-06-09;REATIVADO
10961246;1;1;2026-05-17;2026-05-19;REATIVADO
10974331;1;1;2026-06-09;2026-04-22;REATIVADO
10974583;1;1;2026-02-25;2026-06-25;REATIVADO
10977515;1;1;2026-06-06;;ATIVADO
10983303;1;1;2026-06-11;2026-07-14;REATIVADO
10987090;1;1;2026-03-21;2026-07-02;REATIVADO
10991587;1;1;2026-03-13;2026-03-13;REATIVADO
1100164;1;1;2026-01-29;2026-02-25;REATIVADO
11001720;1;1;2026-01-23;2026-02-26;REATIVADO
11008981;1;1;2026-03-10;2026-07-10;REATIVADO
11018589;1;1;2026-05-12;2026-07-15;REATIVADO
11020329;1;1;2026-03-02;2026-05-08;REATIVADO
11020952;1;1;2026-03-21;2026-07-20;ATIVADO
11021403;1;1;2026-05-16;2026-07-17;REATIVADO
11031207;1;1;2026-06-29;2025-10-28;REATIVADO
11032826;1;1;2026-05-30;2026-06-01;REATIVADO
1103310;1;1;2026-04-13;2026-05-28;REATIVADO
11036392;1;1;2026-05-19;2026-04-28;REATIVADO
11037372;1;1;2026-03-24;2026-05-19;REATIVADO
11040464;1;1;2026-02-04;2026-01-28;REATIVADO
11045263;1;1;2026-02-14;2026-07-10;ATIVADO
11045892;1;1;2026-04-23;2026-06-25;REATIVADO
11047362;1;1;2026-04-10;2026-04-09;REATIVADO
11066317;1;1;2026-03-18;2026-07-17;REATIVADO
11074456;1;1;2026-04-14;;REATIVADO
11082465;1;1;2026-01-25;2026-04-13;REATIVADO
11087901;1;1;2026-04-24;2026-04-24;REATIVADO
11147029;1;1;2026-04-27;2026-06-29;REATIVADO
11156432;1;1;2026-02-26;2026-06-02;REATIVADO
11158864;1;1;2026-06-30;2025-12-29;REATIVADO
11159675;1;1;2026-06-15;2025-08-28;REATIVADO
11159758;1;1;2026-04-14;2025-08-20;REATIVADO
11160436;1;1;2026-02-19;2026-07-13;REATIVADO
11160879;1;1;2026-01-26;2026-06-03;ATIVADO
1116217;1;1;2026-01-07;2026-07-10;REATIVADO
11163170;1;1;2026-04-13;2026-07-01;REATIVADO
11173131;1;1;2026-01-19;2026-07-21;REATIVADO
11178952;1;1;2026-01-08;2026-05-19;REATIVADO
11178984;1;1;2026-04-09;2026-05-28;REATIVADO
11180966;1;1;2026-01-21;2026-06-18;REATIVADO
11185249;1;1;2026-04-16;2026-07-21;REATIVADO
11186675;1;1;2026-04-27;2026-05-20;REATIVADO
11192727;1;1;2026-03-26;2026-07-10;REATIVADO
11195900;1;1;2026-01-31;2026-06-26;REATIVADO
11219002;1;1;2026-03-02;2025-12-18;REATIVADO
11220151;1;1;2026-02-02;2026-07-14;REATIVADO
11226726;1;1;2026-01-21;2026-05-06;REATIVADO
11230449;1;1;2026-01-06;2026-01-29;REATIVADO
11230471;1;1;2026-02-07;2026-06-15;REATIVADO
11243115;1;1;2026-05-20;2026-05-07;REATIVADO
11246141;1;1;2026-06-08;2026-05-20;REATIVADO
1125752;1;1;2026-04-13;2026-04-07;REATIVADO
11258731;1;1;2026-06-29;2026-07-03;REATIVADO
11260717;1;1;2026-05-11;2026-05-06;REATIVADO
11271040;1;1;2026-02-09;2026-04-22;REATIVADO
11273355;1;1;2026-05-04;2026-06-02;REATIVADO
11273452;1;1;2026-05-19;2026-03-02;REATIVADO
11275425;1;1;2026-06-23;2026-06-23;REATIVADO
1128701;1;1;2026-01-16;2026-06-12;REATIVADO
11287482;1;1;2026-06-29;2026-02-09;REATIVADO
11290185;1;1;2026-02-27;2026-05-28;ATIVADO
11290233;1;1;2026-05-18;2025-09-10;REATIVADO
11298735;1;1;2026-04-10;2026-07-13;REATIVADO
11300491;1;1;2026-02-20;2026-05-25;REATIVADO
11301985;1;1;2026-05-25;2026-06-22;REATIVADO
11302129;1;1;2026-05-27;2026-06-23;REATIVADO
11302365;1;1;2026-01-05;2026-04-15;REATIVADO
11304285;1;1;2026-03-03;2026-03-12;REATIVADO
11304355;1;1;2026-03-09;2026-06-18;REATIVADO
11304832;1;1;2026-05-11;2026-07-21;REATIVADO
11306761;1;1;2026-02-23;2026-04-30;ATIVADO
11310158;1;1;2026-04-25;2026-04-27;REATIVADO
11310968;1;1;2026-01-07;2026-07-10;REATIVADO
11316768;1;1;2026-06-11;2026-06-09;REATIVADO
11317301;1;1;2026-05-15;2026-06-16;REATIVADO
11327640;1;1;2026-04-12;2026-04-01;REATIVADO
1133020;1;1;2026-02-03;2026-04-27;REATIVADO
11331672;1;1;2026-01-22;2026-07-17;ATIVADO
11334148;1;1;2026-05-21;2026-07-01;REATIVADO
11341943;1;1;2026-01-17;2026-04-14;REATIVADO
11344729;1;1;2026-03-11;2026-06-22;ATIVADO
11349440;1;1;2026-03-21;2026-06-26;REATIVADO
11361012;1;1;2026-01-28;2026-04-27;REATIVADO
11362172;1;1;2026-01-13;2026-04-28;REATIVADO
1136293;1;1;2026-04-13;;REATIVADO
11366995;1;1;2026-02-21;2026-06-03;REATIVADO
11367433;1;1;2026-02-10;2026-05-22;REATIVADO
11369658;1;1;2026-04-15;2025-12-18;REATIVADO
11375951;1;1;2026-05-20;2026-06-16;REATIVADO
11377771;1;1;2026-04-29;2026-06-05;REATIVADO
11380847;1;1;2026-05-26;2026-05-26;REATIVADO
11381366;1;1;2026-03-13;2026-07-01;REATIVADO
11391521;1;1;2026-02-05;2026-07-14;REATIVADO
11392301;1;1;2026-06-16;2026-07-15;REATIVADO
11396160;1;1;2026-01-13;2026-06-25;REATIVADO
11399992;1;1;2026-05-25;2026-06-03;REATIVADO
11401037;1;1;2026-04-01;2025-07-22;REATIVADO
1141060;1;1;2026-05-25;2026-05-25;REATIVADO
11412561;1;1;2026-03-31;2026-03-26;ATIVADO
11422104;1;1;2026-02-19;2026-05-14;REATIVADO
11428047;1;1;2026-04-13;2026-06-23;REATIVADO
11434093;1;1;2026-02-09;2026-04-13;REATIVADO
11448512;1;1;2026-03-09;;REATIVADO
11459683;1;1;2026-04-13;2025-12-22;REATIVADO
11460340;1;1;2026-03-06;2026-07-10;REATIVADO
11463559;1;1;2026-01-05;2026-06-18;REATIVADO
11464813;1;1;2026-05-03;2026-07-21;REATIVADO
11464912;1;1;2026-03-16;2026-04-08;ATIVADO
11465045;1;1;2026-01-12;2026-04-15;REATIVADO
11478757;1;1;2026-06-22;2026-06-22;REATIVADO
11479890;1;1;2026-02-12;2026-02-09;REATIVADO
11481214;1;1;2026-02-18;2026-02-25;REATIVADO
11481652;1;1;2026-04-10;2026-07-14;REATIVADO
11486460;1;1;2026-01-26;2026-07-14;REATIVADO
11489227;1;1;2026-02-19;;REATIVADO
11493433;1;1;2026-05-11;2026-03-24;REATIVADO
11493531;1;1;2026-04-23;2026-04-08;REATIVADO
11500445;1;1;2026-03-23;2026-07-06;REATIVADO
11508057;1;1;2026-03-25;2026-04-29;REATIVADO
11510763;1;1;2026-04-22;2026-05-15;ATIVADO
11513573;1;1;2026-01-05;2026-05-12;REATIVADO
11513966;1;1;2026-04-09;;REATIVADO
11514220;1;1;2026-04-09;2026-06-23;ATIVADO
11514357;1;1;2026-04-06;2026-07-15;REATIVADO
11514885;1;1;2026-02-21;2026-06-19;REATIVADO
11515531;1;1;2026-05-15;2026-07-20;REATIVADO
11515799;1;1;2026-03-15;2026-06-18;REATIVADO
11516063;1;1;2026-06-01;2026-06-15;REATIVADO
11519628;1;1;2026-05-17;2026-05-13;REATIVADO
11524423;1;1;2026-03-01;2026-04-13;REATIVADO
11526540;1;1;2026-05-05;2026-05-27;REATIVADO
11527541;1;1;2026-06-05;2026-05-05;REATIVADO
11538102;1;1;2026-02-12;2026-06-18;REATIVADO
11542432;1;1;2026-06-01;2026-05-25;REATIVADO
11543720;1;1;2026-04-25;2026-06-02;REATIVADO
11544993;1;1;2026-03-03;2026-01-29;ATIVADO
11547376;1;1;2026-06-18;2026-02-24;REATIVADO
11548273;1;1;2026-03-23;2026-04-02;ATIVADO
11548408;1;1;2026-03-23;2026-06-10;REATIVADO
11553488;1;1;2026-03-31;2026-04-06;REATIVADO
11565326;1;1;2026-04-28;2026-05-15;REATIVADO
11566919;1;1;2026-02-18;2026-03-11;REATIVADO
11567164;1;1;2026-03-11;2026-04-13;REATIVADO
11569963;1;1;2026-06-23;2026-06-11;ATIVADO
11571419;1;1;2026-05-11;2026-03-20;REATIVADO
11572124;1;1;2026-02-16;2025-10-27;REATIVADO
11576775;1;1;2026-06-01;2026-07-08;REATIVADO
11579715;1;1;2026-04-24;2026-07-13;REATIVADO
11580601;1;1;2026-01-26;2026-06-26;ATIVADO
11582387;1;1;2026-02-09;2026-06-19;REATIVADO
1158264;1;1;2026-03-25;2026-05-21;REATIVADO
11583406;1;1;2026-03-03;2026-06-03;REATIVADO
11588167;1;1;2026-03-03;2026-05-05;ATIVADO
11596167;1;1;2026-05-15;2026-07-21;REATIVADO
11603336;1;1;2026-06-05;2026-07-13;REATIVADO
11604192;1;1;2026-03-15;2026-07-17;REATIVADO
1161929;1;1;2026-06-02;2026-07-09;REATIVADO
1162580;1;1;2026-05-09;2025-11-28;REATIVADO
11626465;1;1;2026-02-02;2025-10-23;REATIVADO
11631755;1;1;2026-04-06;2026-04-06;REATIVADO
116324;1;1;2026-03-20;2026-07-15;REATIVADO
11636463;1;1;2026-05-21;2025-11-17;REATIVADO
11639130;1;1;2026-01-21;;REATIVADO
11640511;1;1;2026-01-13;2026-06-18;REATIVADO
11642654;1;1;2026-05-29;2026-07-21;REATIVADO
11643124;1;1;2026-03-03;2025-10-14;REATIVADO
1164718;1;1;2026-02-23;2026-07-20;REATIVADO
11651265;1;1;2026-04-01;;REATIVADO
11651892;1;1;2026-05-27;;REATIVADO
11655303;1;1;2026-05-04;2026-05-04;REATIVADO
11655406;1;1;2026-03-15;2026-06-18;REATIVADO
11655747;1;1;2026-06-01;2026-07-20;REATIVADO
11664671;1;1;2026-04-14;2026-06-08;REATIVADO
11665738;1;1;2026-03-10;2026-02-13;REATIVADO
11668736;1;1;2026-01-25;2026-01-26;REATIVADO
11675240;1;1;2026-01-29;2026-07-14;REATIVADO
11676936;1;1;2026-05-05;2026-03-19;REATIVADO
11679967;1;1;2026-03-17;2026-05-25;REATIVADO
11685660;1;1;2026-04-06;2026-06-22;REATIVADO
11685987;1;1;2026-03-17;2026-04-28;REATIVADO
11686713;1;1;2026-03-18;2025-11-18;REATIVADO
11702209;1;1;2026-03-21;2026-03-26;ATIVADO
11704540;1;1;2026-06-26;2026-07-08;REATIVADO
11704593;1;1;2026-03-30;2026-04-15;REATIVADO
11707436;1;1;2026-04-13;2026-05-06;REATIVADO
11707917;1;1;2026-06-22;2025-10-20;REATIVADO
11709111;1;1;2026-04-27;2025-12-10;REATIVADO
11709856;1;1;2026-05-19;2026-05-19;REATIVADO
1171283;1;1;2026-04-13;2025-10-13;REATIVADO
11713623;1;1;2026-06-06;2026-06-05;REATIVADO
11714189;1;1;2026-05-30;2026-05-28;REATIVADO
11717798;1;1;2026-05-09;2026-05-06;REATIVADO
11720212;1;1;2026-03-10;2026-03-23;REATIVADO
1173753;1;1;2026-06-11;2026-01-07;REATIVADO
11738767;1;1;2026-01-13;2026-07-20;ATIVADO
11738968;1;1;2026-03-20;2026-03-19;ATIVADO
11739793;1;1;2026-04-22;2026-05-11;REATIVADO
1173982;1;1;2026-03-20;2026-06-12;REATIVADO
11740732;1;1;2026-03-10;2026-06-24;REATIVADO
11741580;1;1;2026-02-11;2026-05-06;REATIVADO
11744693;1;1;2026-01-02;2025-12-11;REATIVADO
11747813;1;1;2026-06-28;2026-07-14;REATIVADO
11759341;1;1;2026-01-03;2026-07-01;REATIVADO
11762106;1;1;2026-06-05;2026-06-10;REATIVADO
11763495;1;1;2026-05-18;2026-05-11;REATIVADO
11765282;1;1;2026-03-26;2026-06-30;REATIVADO
11767031;1;1;2026-06-19;2026-07-14;REATIVADO
11769926;1;1;2026-03-30;2026-07-17;REATIVADO
11771012;1;1;2026-06-16;2026-07-17;REATIVADO
11771108;1;1;2026-01-19;2026-07-14;REATIVADO
11771269;1;1;2026-05-27;2026-04-15;REATIVADO
11771492;1;1;2026-02-24;2026-03-09;REATIVADO
11773450;1;1;2026-05-06;2026-07-01;REATIVADO
1177375;1;1;2026-01-26;2026-02-12;REATIVADO
11775319;1;1;2026-04-10;2026-03-26;REATIVADO
11775918;1;1;2026-05-13;2026-05-28;ATIVADO
11776834;1;1;2026-02-01;2026-05-14;ATIVADO
11786184;1;1;2026-02-27;2026-06-02;REATIVADO
11792407;1;1;2026-04-22;2025-07-23;REATIVADO
117934;1;1;2026-05-04;2026-07-08;REATIVADO
11802086;1;1;2026-05-25;2026-06-26;REATIVADO
1180477;1;1;2026-02-22;2026-04-23;REATIVADO
11810367;1;1;2026-03-03;2025-11-12;REATIVADO
11810437;1;1;2026-04-14;2025-09-11;REATIVADO
11815161;1;1;2026-06-21;2026-07-13;REATIVADO
11816824;1;1;2026-05-27;2026-06-12;REATIVADO
11819396;1;1;2026-05-31;2026-06-09;REATIVADO
11821323;1;1;2026-05-02;2026-04-29;REATIVADO
11821956;1;1;2026-02-05;2025-08-13;ATIVADO
11827533;1;1;2026-01-30;;REATIVADO
11827623;1;1;2026-01-28;2026-07-14;REATIVADO
11838662;1;1;2026-04-09;2026-05-20;REATIVADO
11839329;1;1;2026-04-23;2026-04-22;REATIVADO
11847654;1;1;2026-01-21;2026-05-21;REATIVADO
11849241;1;1;2026-02-03;2026-07-15;REATIVADO
11851404;1;1;2026-01-14;2026-05-14;REATIVADO
11851630;1;1;2026-01-13;2026-04-28;ATIVADO
1185820;1;1;2026-01-10;2026-01-23;REATIVADO
1186090;1;1;2026-06-29;2025-09-03;REATIVADO
1186166;1;1;2026-04-23;2025-12-01;REATIVADO
11869627;1;1;2026-03-05;2026-03-02;REATIVADO
11877409;1;1;2026-03-24;2026-04-27;REATIVADO
1187924;1;1;2026-03-23;2026-07-08;REATIVADO
11879585;1;1;2026-05-04;2026-06-17;REATIVADO
11881695;1;1;2026-03-18;;REATIVADO
11882792;1;1;2026-06-24;2026-07-16;REATIVADO
11889375;1;1;2026-06-15;2026-06-11;REATIVADO
11898888;1;1;2026-06-02;2026-05-27;REATIVADO
11898956;1;1;2026-06-14;2025-10-06;REATIVADO
11898978;1;1;2026-06-30;2025-10-06;REATIVADO
11899631;1;1;2026-05-05;2026-04-20;REATIVADO
11904859;1;1;2026-02-27;2026-07-21;ATIVADO
11913421;1;1;2026-01-21;2026-05-06;REATIVADO
11914285;1;1;2026-01-14;2026-05-19;REATIVADO
11916153;1;1;2026-06-23;2026-06-29;REATIVADO
11918893;1;1;2026-06-28;2026-06-23;REATIVADO
1192032;1;1;2026-03-26;2026-07-02;REATIVADO
11928580;1;1;2026-02-20;;REATIVADO
11930821;1;1;2026-04-28;2026-04-27;ATIVADO
11933918;1;1;2026-02-23;2026-05-14;REATIVADO
11934812;1;1;2026-02-03;2026-06-11;REATIVADO
11939188;1;1;2026-03-09;2026-05-21;REATIVADO
11939286;1;1;2026-03-23;2026-07-17;REATIVADO
11943619;1;1;2026-06-08;2025-10-13;REATIVADO
11943985;1;1;2026-04-08;2026-06-18;REATIVADO
11949608;1;1;2026-06-30;2026-01-28;REATIVADO
11955135;1;1;2026-06-08;2026-05-13;REATIVADO
11959289;1;1;2026-03-16;2026-07-20;REATIVADO
11959291;1;1;2026-04-02;2026-05-18;REATIVADO
11971637;1;1;2026-03-03;2026-05-20;REATIVADO
11974066;1;1;2026-01-12;2026-04-01;REATIVADO
11974465;1;1;2026-02-07;2026-05-14;REATIVADO
11980159;1;1;2026-04-26;2026-05-19;REATIVADO
1198273;1;1;2026-03-20;2026-03-19;REATIVADO
119868;1;1;2026-03-18;2026-07-13;REATIVADO
11993085;1;1;2026-05-11;2026-05-15;REATIVADO
11994470;1;1;2026-06-12;2026-07-16;REATIVADO
11996395;1;1;2026-01-23;2026-05-06;REATIVADO
11999040;1;1;2026-06-25;2025-12-02;REATIVADO
12002020;1;1;2026-01-09;2026-06-19;REATIVADO
12002900;1;1;2026-05-07;2026-04-28;REATIVADO
12003942;1;1;2026-01-30;2026-06-01;REATIVADO
12007363;1;1;2026-05-26;2026-07-13;REATIVADO
12011409;1;1;2026-03-26;2026-02-19;REATIVADO
12023859;1;1;2026-05-28;2026-02-23;REATIVADO
12024929;1;1;2026-06-03;2026-05-22;REATIVADO
12036592;1;1;2026-06-18;2026-02-12;REATIVADO
12043105;1;1;2026-04-06;2026-04-06;REATIVADO
12044201;1;1;2026-06-01;2026-06-08;REATIVADO
12045160;1;1;2026-05-18;2026-07-20;REATIVADO
12069656;1;1;2026-04-22;2026-07-21;ATIVADO
12074905;1;1;2026-03-17;2026-07-13;REATIVADO
12085297;1;1;2026-01-08;2026-01-08;REATIVADO
12090864;1;1;2026-05-04;2025-09-15;REATIVADO
1209297;1;1;2026-05-25;2025-10-08;REATIVADO
12094893;1;1;2026-05-25;2025-07-28;REATIVADO
12097811;1;1;2026-02-23;2026-07-16;REATIVADO
12100528;1;1;2026-01-13;2025-11-12;REATIVADO
12100737;1;1;2026-03-11;2026-04-16;REATIVADO
12108408;1;1;2026-05-12;2026-07-20;REATIVADO
12125001;1;1;2026-02-02;2026-05-26;REATIVADO
12126248;1;1;2026-01-26;2026-07-06;REATIVADO
12128430;1;1;2026-05-09;2026-04-17;REATIVADO
12133376;1;1;2026-05-06;2026-06-03;REATIVADO
12133752;1;1;2026-04-22;2026-07-01;REATIVADO
12134869;1;1;2026-04-08;2026-02-25;REATIVADO
12139864;1;1;2026-05-11;2026-05-08;REATIVADO
12139870;1;1;2026-03-02;;REATIVADO
12142110;1;1;2026-01-05;;REATIVADO
12150162;1;1;2026-01-14;2026-03-30;REATIVADO
12151735;1;1;2026-03-17;2026-05-20;REATIVADO
12152131;1;1;2026-03-01;2026-03-24;REATIVADO
12153731;1;1;2026-03-05;2026-04-27;ATIVADO
12160903;1;1;2026-05-18;2026-05-18;REATIVADO
12161104;1;1;2026-03-10;2026-07-02;REATIVADO
12162063;1;1;2026-03-11;2026-07-02;REATIVADO
12164028;1;1;2026-02-11;2026-03-24;REATIVADO
12167977;1;1;2026-03-26;2026-07-20;REATIVADO
12168416;1;1;2026-05-25;2026-06-22;REATIVADO
12187641;1;1;2026-05-18;2026-05-15;REATIVADO
12195256;1;1;2026-04-16;2026-05-06;REATIVADO
12197908;1;1;2026-05-20;2026-06-12;REATIVADO
12201962;1;1;2026-03-09;2026-04-23;REATIVADO
12202647;1;1;2026-03-13;2026-06-12;ATIVADO
1220714;1;1;2026-05-11;2026-07-10;REATIVADO
1221097;1;1;2026-01-26;2025-09-03;REATIVADO
12213180;1;1;2026-01-09;2026-02-25;REATIVADO
12219561;1;1;2026-05-20;2026-06-24;REATIVADO
12224630;1;1;2026-06-15;2026-07-20;REATIVADO
122274;1;1;2026-05-27;2026-04-29;REATIVADO
12230538;1;1;2026-06-27;2026-06-26;REATIVADO
1223473;1;1;2026-05-22;2026-06-24;REATIVADO
1224816;1;1;2026-02-09;2026-07-14;REATIVADO
12251066;1;1;2026-05-18;2026-07-06;REATIVADO
12254499;1;1;2026-03-30;2026-07-16;REATIVADO
12254869;1;1;2026-03-18;2026-04-29;REATIVADO
12256848;1;1;2026-04-23;2026-02-23;REATIVADO
12267171;1;1;2026-04-06;2025-11-17;REATIVADO
12267666;1;1;2026-05-18;2026-02-26;REATIVADO
12268037;1;1;2026-03-02;2026-04-23;REATIVADO
12271475;1;1;2026-05-11;2026-05-07;REATIVADO
12272604;1;1;2026-01-27;2026-06-12;ATIVADO
12286279;1;1;2026-03-31;2026-05-28;REATIVADO
12290026;1;1;2026-04-14;2026-05-25;REATIVADO
12290661;1;1;2026-04-14;2026-06-09;REATIVADO
12291190;1;1;2026-05-05;2026-07-03;REATIVADO
12291665;1;1;2026-01-17;2025-09-17;REATIVADO
12292273;1;1;2026-04-29;2026-06-02;REATIVADO
12296037;1;1;2026-05-04;;REATIVADO
12298051;1;1;2026-05-13;2026-05-13;REATIVADO
12298435;1;1;2026-02-02;;REATIVADO
12299921;1;1;2026-06-12;;REATIVADO
12305293;1;1;2026-01-09;2026-04-06;REATIVADO
12315987;1;1;2026-04-13;2026-04-08;REATIVADO
12320589;1;1;2026-03-13;2026-06-30;REATIVADO
12325704;1;1;2026-03-30;2026-05-20;ATIVADO
12336999;1;1;2026-03-04;2026-06-11;ATIVADO
12339748;1;1;2026-03-12;2026-07-14;REATIVADO
12357457;1;1;2026-03-10;;REATIVADO
12362297;1;1;2026-06-24;2026-06-25;REATIVADO
12363136;1;1;2026-06-26;2026-06-25;REATIVADO
12363195;1;1;2026-04-22;2026-06-23;REATIVADO
12369609;1;1;2026-03-29;2026-06-23;REATIVADO
123746;1;1;2026-05-16;2026-07-15;REATIVADO
12374984;1;1;2026-05-29;2026-06-08;ATIVADO
123854;1;1;2026-06-29;2026-06-30;REATIVADO
12386761;1;1;2026-03-05;2026-03-23;REATIVADO
12387491;1;1;2026-04-30;2026-06-17;REATIVADO
12390497;1;1;2026-02-09;2026-05-06;REATIVADO
12393304;1;1;2026-06-25;2026-05-06;REATIVADO
12395330;1;1;2026-05-31;2026-07-20;REATIVADO
12398423;1;1;2026-04-25;2026-06-09;REATIVADO
12403696;1;1;2026-05-02;2026-07-08;REATIVADO
12404501;1;1;2026-05-04;2025-12-01;REATIVADO
12405522;1;1;2026-01-27;;REATIVADO
12405661;1;1;2026-06-25;2026-06-25;REATIVADO
12405988;1;1;2026-03-24;;REATIVADO
12407044;1;1;2026-01-19;2026-06-18;REATIVADO
12410260;1;1;2026-04-29;2026-06-12;REATIVADO
12412400;1;1;2026-05-10;2026-07-20;REATIVADO
12423538;1;1;2026-05-04;2026-05-22;REATIVADO
1243869;1;1;2026-04-01;2026-01-08;REATIVADO
124456;1;1;2026-01-08;2026-05-19;REATIVADO
12461971;1;1;2026-06-21;2026-06-17;REATIVADO
12463603;1;1;2026-03-10;2026-07-20;ATIVADO
12464511;1;1;2026-02-13;2026-07-20;REATIVADO
12464799;1;1;2026-06-08;2026-06-24;REATIVADO
12466791;1;1;2026-06-12;;REATIVADO
12467449;1;1;2026-05-26;2026-06-26;REATIVADO
12471408;1;1;2026-05-19;2025-12-10;REATIVADO
12472240;1;1;2026-03-28;2026-01-20;REATIVADO
12475879;1;1;2026-05-30;2025-12-29;REATIVADO
12476054;1;1;2026-01-16;2026-01-16;ATIVADO
12479964;1;1;2026-02-05;2025-08-19;REATIVADO
12480563;1;1;2026-02-25;2026-03-26;REATIVADO
12480667;1;1;2026-03-05;2026-05-18;REATIVADO
12482302;1;1;2026-03-23;2026-05-25;REATIVADO
1248730;1;1;2026-01-20;2026-06-10;REATIVADO
1249089;1;1;2026-01-09;2026-07-14;REATIVADO
12497441;1;1;2026-05-11;2026-04-09;REATIVADO
12499533;1;1;2026-03-18;2026-03-16;REATIVADO
12500774;1;1;2026-06-30;2026-06-29;ATIVADO
12502300;1;1;2026-05-29;;REATIVADO
1250247;1;1;2026-02-10;2026-03-17;REATIVADO
12505830;1;1;2026-03-02;2026-03-16;REATIVADO
12506259;1;1;2026-03-19;2026-01-07;REATIVADO
12506532;1;1;2026-05-04;2026-07-15;REATIVADO
12506749;1;1;2026-04-01;2026-07-01;REATIVADO
12514179;1;1;2026-04-15;2026-04-20;REATIVADO
12514673;1;1;2026-01-16;2026-04-15;REATIVADO
12531728;1;1;2026-05-27;2026-06-29;REATIVADO
12536014;1;1;2026-02-11;2026-03-02;REATIVADO
12539853;1;1;2026-03-30;2026-06-16;REATIVADO
12540720;1;1;2026-06-08;2026-06-15;REATIVADO
12540812;1;1;2026-05-11;;REATIVADO
12542296;1;1;2026-04-02;2026-05-20;REATIVADO
12542744;1;1;2026-05-08;2026-05-21;REATIVADO
12542774;1;1;2026-03-18;2026-06-25;REATIVADO
12545834;1;1;2026-03-10;2026-06-18;REATIVADO
1256501;1;1;2026-06-29;2025-07-29;REATIVADO
12574978;1;1;2026-03-09;2026-04-30;ATIVADO
12579950;1;1;2026-06-01;2026-07-16;REATIVADO
12581210;1;1;2026-05-04;2026-06-05;REATIVADO
12586621;1;1;2026-06-08;2026-06-29;REATIVADO
12593784;1;1;2026-04-06;2026-06-23;REATIVADO
12594163;1;1;2026-04-22;2025-09-03;REATIVADO
12596410;1;1;2026-05-24;2026-06-15;REATIVADO
12596786;1;1;2026-03-20;2026-05-18;REATIVADO
12597179;1;1;2026-02-09;2026-07-01;REATIVADO
12597527;1;1;2026-05-18;2025-10-30;REATIVADO
12599807;1;1;2026-02-18;2026-06-11;ATIVADO
12599846;1;1;2026-01-09;2026-01-08;ATIVADO
12600160;1;1;2026-06-19;2026-04-15;REATIVADO
12610439;1;1;2026-01-10;2025-08-27;REATIVADO
12610733;1;1;2026-03-18;2026-07-03;ATIVADO
12612786;1;1;2026-05-11;2026-05-28;REATIVADO
12613457;1;1;2026-01-07;2026-04-14;REATIVADO
12617907;1;1;2026-04-01;2026-07-20;REATIVADO
1262014;1;1;2026-04-10;2026-07-20;REATIVADO
12623239;1;1;2026-03-03;2025-11-03;REATIVADO
12627763;1;1;2026-02-09;2026-06-12;REATIVADO
12628641;1;1;2026-06-09;2026-06-05;REATIVADO
12629945;1;1;2026-03-12;2026-05-28;REATIVADO
12637143;1;1;2026-06-13;2026-03-31;REATIVADO
1264127;1;1;2026-06-08;2026-06-30;REATIVADO
12646851;1;1;2026-04-06;2026-06-08;REATIVADO
12649470;1;1;2026-04-27;2026-05-18;REATIVADO
12653961;1;1;2026-03-25;2025-12-11;REATIVADO
12655906;1;1;2026-02-01;2026-01-30;REATIVADO
12661128;1;1;2026-03-23;2026-04-16;REATIVADO
12662898;1;1;2026-05-19;2026-05-15;ATIVADO
12663773;1;1;2026-02-28;2026-06-01;REATIVADO
12666131;1;1;2026-05-04;2026-05-04;REATIVADO
12673989;1;1;2026-02-13;2026-02-10;REATIVADO
12686491;1;1;2026-03-10;2026-05-15;ATIVADO
12687322;1;1;2026-02-11;;REATIVADO
12693250;1;1;2026-02-10;2026-05-27;ATIVADO
12695011;1;1;2026-06-29;2026-07-08;REATIVADO
12695236;1;1;2026-02-24;2026-07-16;REATIVADO
12697999;1;1;2026-05-28;2026-06-26;REATIVADO
12698878;1;1;2026-02-20;2026-06-12;REATIVADO
12700772;1;1;2026-05-03;2026-06-11;REATIVADO
12700961;1;1;2026-05-21;2026-01-05;REATIVADO
12707680;1;1;2026-05-25;2026-06-01;REATIVADO
1272844;1;1;2026-02-19;2025-08-07;REATIVADO
12730626;1;1;2026-01-02;2025-09-29;REATIVADO
12730674;1;1;2026-05-26;2026-07-09;REATIVADO
12742426;1;1;2026-01-12;2026-05-11;REATIVADO
12743454;1;1;2026-03-04;2026-07-09;REATIVADO
12744233;1;1;2026-06-29;2026-07-08;REATIVADO
12749512;1;1;2026-06-05;2026-06-10;ATIVADO
12750659;1;1;2026-03-25;2026-06-17;ATIVADO
12750675;1;1;2026-04-08;2026-04-06;REATIVADO
12751072;1;1;2026-03-09;;REATIVADO
12756280;1;1;2026-01-27;2026-05-12;REATIVADO
12757711;1;1;2026-06-21;2026-06-08;REATIVADO
12757744;1;1;2026-01-19;2026-03-13;REATIVADO
12758324;1;1;2026-01-26;2026-04-09;REATIVADO
1278902;1;1;2026-04-27;2025-12-02;REATIVADO
12805630;1;1;2026-03-30;2026-07-02;REATIVADO
12844178;1;1;2026-04-08;2026-07-06;REATIVADO
128443;1;1;2026-03-23;2026-06-11;REATIVADO
12848985;1;1;2026-06-21;2026-01-14;REATIVADO
12850268;1;1;2026-03-25;2026-07-02;REATIVADO
12869849;1;1;2026-02-03;2026-02-12;REATIVADO
12876849;1;1;2026-03-17;2026-04-02;REATIVADO
12877085;1;1;2026-06-25;;REATIVADO
128787;1;1;2026-01-19;2026-01-12;REATIVADO
12883848;1;1;2026-06-15;;REATIVADO
12883869;1;1;2026-03-18;2026-05-22;REATIVADO
12891188;1;1;2026-02-09;2026-02-10;REATIVADO
12894469;1;1;2026-02-18;2025-10-01;ATIVADO
12914425;1;1;2026-02-03;2026-04-29;REATIVADO
12915762;1;1;2026-05-18;2026-04-07;REATIVADO
12916892;1;1;2026-06-03;2026-06-23;REATIVADO
12917633;1;1;2026-03-23;2026-05-14;ATIVADO
12922975;1;1;2026-03-23;2026-07-06;REATIVADO
12927237;1;1;2026-05-03;2025-11-27;REATIVADO
12934864;1;1;2026-03-09;2026-06-17;REATIVADO
12936122;1;1;2026-04-23;2026-05-20;REATIVADO
12940326;1;1;2026-01-23;2026-04-30;REATIVADO
12941128;1;1;2026-03-13;2026-07-14;REATIVADO
12957408;1;1;2026-06-22;2026-01-13;REATIVADO
12969477;1;1;2026-01-12;2026-01-12;REATIVADO
12970785;1;1;2026-04-28;2026-04-28;ATIVADO
12976222;1;1;2026-05-18;2026-03-18;ATIVADO
12976492;1;1;2026-03-23;2026-06-15;REATIVADO
12982748;1;1;2026-03-23;2025-10-14;REATIVADO
12998026;1;1;2026-06-04;2025-10-20;REATIVADO
12999943;1;1;2026-01-09;2026-07-16;ATIVADO
13003402;1;1;2026-06-19;2025-11-18;REATIVADO
13005891;1;1;2026-02-14;2026-06-22;REATIVADO
13012484;1;1;2026-03-28;2026-04-22;REATIVADO
13016447;1;1;2026-04-13;2026-04-20;ATIVADO
13018945;1;1;2026-06-01;2026-07-21;REATIVADO
13019087;1;1;2026-03-30;2026-05-28;ATIVADO
13019376;1;1;2026-06-26;2026-07-08;REATIVADO
13030511;1;1;2026-02-28;2026-04-01;REATIVADO
130350;1;1;2026-02-02;2026-06-03;REATIVADO
13036453;1;1;2026-01-05;2025-12-12;REATIVADO
13037251;1;1;2026-03-24;2026-01-28;REATIVADO
13037480;1;1;2026-05-05;2026-06-30;REATIVADO
13040083;1;1;2026-01-24;2026-07-15;REATIVADO
13047521;1;1;2026-05-05;2026-07-08;REATIVADO
13048648;1;1;2026-04-27;2026-04-23;REATIVADO
13048740;1;1;2026-03-30;2026-06-22;REATIVADO
13049659;1;1;2026-03-04;2026-02-25;REATIVADO
13050458;1;1;2026-06-30;2026-07-15;REATIVADO
13053117;1;1;2026-06-22;2026-07-21;REATIVADO
13070262;1;1;2026-01-19;2026-07-16;REATIVADO
13074176;1;1;2026-02-05;2026-03-30;REATIVADO
13076124;1;1;2026-06-20;2026-05-28;REATIVADO
13082074;1;1;2026-06-26;2026-07-13;REATIVADO
13082508;1;1;2026-01-26;2026-04-15;REATIVADO
13088049;1;1;2026-06-06;;REATIVADO
13088417;1;1;2026-06-24;2026-06-05;REATIVADO
13092417;1;1;2026-06-27;2026-07-06;ATIVADO
13092562;1;1;2026-01-20;2026-04-15;REATIVADO
13095223;1;1;2026-06-22;2026-06-22;REATIVADO
13108016;1;1;2026-03-29;2026-03-26;ATIVADO
13112767;1;1;2026-05-19;2026-05-25;REATIVADO
13112853;1;1;2026-01-12;2026-04-14;REATIVADO
13113360;1;1;2026-03-04;2026-06-25;REATIVADO
13113428;1;1;2026-05-13;2026-05-15;REATIVADO
13113734;1;1;2026-04-13;;REATIVADO
13119437;1;1;2026-05-09;2026-03-18;REATIVADO
13119462;1;1;2026-05-07;2026-06-11;REATIVADO
13120661;1;1;2026-06-12;2026-04-23;REATIVADO
13123918;1;1;2026-01-19;2026-06-19;REATIVADO
13124941;1;1;2026-02-27;2026-06-26;REATIVADO
13129850;1;1;2026-01-13;2026-04-24;REATIVADO
13130229;1;1;2026-06-25;2026-01-19;REATIVADO
13133125;1;1;2026-01-29;2026-06-08;REATIVADO
13147978;1;1;2026-02-02;2026-06-16;REATIVADO
13155362;1;1;2026-03-24;2026-07-17;REATIVADO
13155917;1;1;2026-05-11;2026-05-11;REATIVADO
13156049;1;1;2026-02-10;2026-03-18;REATIVADO
13156416;1;1;2026-04-07;2026-03-23;REATIVADO
13157145;1;1;2026-01-13;2026-01-13;REATIVADO
13157149;1;1;2026-03-21;2026-06-29;REATIVADO
13160997;1;1;2026-03-22;2026-07-15;ATIVADO
13161705;1;1;2026-06-08;;REATIVADO
13164282;1;1;2026-01-19;2026-05-26;REATIVADO
13172249;1;1;2026-02-03;2026-05-27;REATIVADO
13182215;1;1;2026-01-07;2026-03-12;REATIVADO
13185840;1;1;2026-01-26;2026-04-16;REATIVADO
13186676;1;1;2026-03-11;;REATIVADO
13186904;1;1;2026-03-19;2026-05-27;REATIVADO
13188350;1;1;2026-02-09;2026-06-09;REATIVADO
13190047;1;1;2026-06-03;2026-07-09;REATIVADO
13190379;1;1;2026-03-05;2026-03-05;ATIVADO
13195373;1;1;2026-03-19;;REATIVADO
13197055;1;1;2026-03-25;2025-10-30;REATIVADO
13197286;1;1;2026-06-08;2026-06-03;REATIVADO
13209195;1;1;2026-06-01;2025-12-10;REATIVADO
13209962;1;1;2026-01-20;2026-05-04;REATIVADO
13215622;1;1;2026-04-08;2026-05-26;REATIVADO
1321733;1;1;2026-03-08;2025-12-02;REATIVADO
13220581;1;1;2026-05-14;2026-07-20;REATIVADO
13233625;1;1;2026-03-12;2026-03-13;REATIVADO
13233750;1;1;2026-04-06;2026-07-02;REATIVADO
13234181;1;1;2026-05-22;2026-05-20;ATIVADO
13234359;1;1;2026-02-19;2026-03-12;REATIVADO
13245682;1;1;2026-05-19;2026-02-25;REATIVADO
13246755;1;1;2026-06-01;2026-04-27;REATIVADO
13246931;1;1;2026-05-06;2026-06-26;REATIVADO
13247755;1;1;2026-02-03;2026-04-13;REATIVADO
13250248;1;1;2026-02-16;2025-10-23;REATIVADO
13250492;1;1;2026-05-27;2026-05-27;REATIVADO
13252718;1;1;2026-06-18;2026-04-28;REATIVADO
1325490;1;1;2026-02-20;2026-06-26;REATIVADO
13256207;1;1;2026-02-07;2025-08-11;REATIVADO
13256747;1;1;2026-06-09;2026-06-03;REATIVADO
13262105;1;1;2026-05-18;2026-04-08;REATIVADO
13262510;1;1;2026-03-19;2026-06-30;REATIVADO
13281955;1;1;2026-05-12;2026-04-14;REATIVADO
13286596;1;1;2026-03-02;2026-04-20;REATIVADO
13290038;1;1;2026-04-27;2026-05-15;REATIVADO
13290163;1;1;2026-03-26;2026-05-21;ATIVADO
13294494;1;1;2026-04-23;2026-05-20;REATIVADO
13295581;1;1;2026-06-24;2025-10-23;REATIVADO
13298699;1;1;2026-06-30;2026-06-23;REATIVADO
13299946;1;1;2026-02-18;2026-03-11;REATIVADO
13305450;1;1;2026-04-16;2026-05-15;REATIVADO
13309951;1;1;2026-04-22;2025-10-30;REATIVADO
1331064;1;1;2026-02-08;2026-06-15;REATIVADO
13311279;1;1;2026-03-24;2026-05-20;ATIVADO
13315215;1;1;2026-04-12;2026-07-07;REATIVADO
13317746;1;1;2026-01-07;2026-04-24;REATIVADO
13317865;1;1;2026-02-27;2026-02-26;REATIVADO
13323911;1;1;2026-05-11;2026-05-11;ATIVADO
13328264;1;1;2026-02-26;2026-06-12;REATIVADO
13329572;1;1;2026-04-24;2026-07-07;REATIVADO
1333365;1;1;2026-04-28;2026-05-06;REATIVADO
13336572;1;1;2026-05-05;2026-06-10;REATIVADO
13339191;1;1;2026-04-01;2025-08-12;REATIVADO
13339389;1;1;2026-06-21;2026-06-09;REATIVADO
13349374;1;1;2026-03-11;2025-11-12;REATIVADO
13355768;1;1;2026-01-04;;REATIVADO
13356633;1;1;2026-01-21;2026-03-31;REATIVADO
13357798;1;1;2026-02-20;2026-05-13;ATIVADO
13357985;1;1;2026-03-23;2026-03-24;REATIVADO
13358258;1;1;2026-02-25;2026-06-23;REATIVADO
13360235;1;1;2026-03-25;2026-04-06;REATIVADO
13365284;1;1;2026-06-22;2026-07-21;REATIVADO
13368398;1;1;2026-04-15;2026-04-08;REATIVADO
13368746;1;1;2026-04-28;2026-07-21;REATIVADO
13370461;1;1;2026-06-08;2026-06-12;REATIVADO
13370777;1;1;2026-02-12;2026-02-09;REATIVADO
13372919;1;1;2026-05-18;2026-05-20;REATIVADO
13373606;1;1;2026-03-12;2026-04-22;REATIVADO
13382095;1;1;2026-06-03;2026-06-05;ATIVADO
13382750;1;1;2026-05-29;2026-06-10;ATIVADO
13385995;1;1;2026-03-30;2026-03-30;REATIVADO
13386103;1;1;2026-01-21;2026-04-07;REATIVADO
13388853;1;1;2026-02-24;2026-03-13;REATIVADO
13388896;1;1;2026-03-12;2026-07-06;REATIVADO
13391990;1;1;2026-03-16;2026-06-17;ATIVADO
13392729;1;1;2026-01-08;2026-07-09;REATIVADO
13393646;1;1;2026-03-22;2026-04-08;REATIVADO
13393682;1;1;2026-01-19;2026-06-09;ATIVADO
13393814;1;1;2026-02-04;2026-05-25;REATIVADO
13393832;1;1;2026-01-05;2026-06-10;REATIVADO
13393896;1;1;2026-03-13;2026-05-21;REATIVADO
13394840;1;1;2026-02-04;2026-04-14;REATIVADO
13396154;1;1;2026-06-08;2026-06-19;REATIVADO
13402773;1;1;2026-02-02;2026-07-08;REATIVADO
13404451;1;1;2026-04-27;2026-04-23;ATIVADO
13404697;1;1;2026-01-02;2026-04-17;ATIVADO
13405025;1;1;2026-03-26;2026-07-08;ATIVADO
13405119;1;1;2026-03-09;2026-03-11;REATIVADO
13405392;1;1;2026-04-26;2026-06-05;REATIVADO
13406918;1;1;2026-02-16;2026-05-12;ATIVADO
13407122;1;1;2026-05-29;2026-07-02;REATIVADO
13409164;1;1;2026-06-09;2026-07-08;REATIVADO
13414428;1;1;2026-06-30;2026-06-30;REATIVADO
13422043;1;1;2026-02-13;2026-07-15;REATIVADO
13425134;1;1;2026-04-24;2026-04-23;REATIVADO
13426843;1;1;2026-03-20;2026-06-26;REATIVADO
13431903;1;1;2026-05-05;2026-04-09;ATIVADO
13432363;1;1;2026-03-18;2026-04-22;REATIVADO
13432853;1;1;2026-04-14;2026-03-02;REATIVADO
13433001;1;1;2026-04-17;2026-05-28;REATIVADO
13433685;1;1;2026-06-16;2026-03-18;REATIVADO
13437770;1;1;2026-02-02;2026-05-27;REATIVADO
13444441;1;1;2026-05-20;2026-04-06;REATIVADO
13448339;1;1;2026-04-28;2026-04-28;REATIVADO
1345077;1;1;2026-03-13;2026-06-17;REATIVADO
13451193;1;1;2026-06-22;2026-06-22;REATIVADO
13462171;1;1;2026-02-04;2026-07-13;ATIVADO
13464460;1;1;2026-04-08;2026-07-21;REATIVADO
13465794;1;1;2026-04-13;2026-03-10;REATIVADO
13468871;1;1;2026-03-25;2026-05-13;ATIVADO
13473666;1;1;2026-04-30;2026-06-25;ATIVADO
13474707;1;1;2026-05-27;2025-10-24;REATIVADO
13474876;1;1;2026-06-02;2025-11-11;REATIVADO
13475973;1;1;2026-06-19;;REATIVADO
13476009;1;1;2026-01-15;2026-07-14;REATIVADO
13476321;1;1;2026-05-22;2026-07-21;REATIVADO
13476487;1;1;2026-01-30;2026-04-24;ATIVADO
13476818;1;1;2026-01-09;2026-01-09;REATIVADO
13476949;1;1;2026-04-10;2026-03-26;REATIVADO
13477161;1;1;2026-03-14;2026-07-17;ATIVADO
13477340;1;1;2026-02-24;2026-02-27;REATIVADO
13481824;1;1;2026-01-05;2026-07-03;REATIVADO
13482559;1;1;2026-03-19;2026-04-20;REATIVADO
13490727;1;1;2026-05-18;2026-05-13;REATIVADO
13491233;1;1;2026-04-14;2026-02-26;REATIVADO
13492602;1;1;2026-01-06;2026-06-22;REATIVADO
13495188;1;1;2026-02-24;;ATIVADO
13496852;1;1;2026-02-24;2026-07-01;REATIVADO
13498280;1;1;2026-01-13;2026-04-20;REATIVADO
13498537;1;1;2026-03-03;2025-07-22;REATIVADO
13498700;1;1;2026-04-13;2026-05-11;REATIVADO
13500285;1;1;2026-02-26;2025-08-21;REATIVADO
13501522;1;1;2026-05-21;2026-06-12;ATIVADO
13506015;1;1;2026-06-05;2025-11-04;REATIVADO
13513154;1;1;2026-01-30;2026-03-11;ATIVADO
13518673;1;1;2026-01-11;2026-01-07;REATIVADO
13520548;1;1;2026-06-08;2026-05-19;REATIVADO
13522526;1;1;2026-03-02;2026-04-28;ATIVADO
13524224;1;1;2026-02-08;2025-08-19;REATIVADO
13525748;1;1;2026-04-27;2026-07-10;REATIVADO
13528443;1;1;2026-01-26;2026-05-27;REATIVADO
13528676;1;1;2026-06-09;2026-06-08;REATIVADO
13528959;1;1;2026-04-14;2026-06-19;ATIVADO
13529156;1;1;2026-01-23;2026-05-05;REATIVADO
13529195;1;1;2026-04-06;2026-04-29;REATIVADO
13530563;1;1;2026-03-02;;ATIVADO
13531216;1;1;2026-05-18;2026-07-13;REATIVADO
13538857;1;1;2026-05-19;2026-03-26;REATIVADO
13538946;1;1;2026-04-10;2025-09-12;REATIVADO
13544692;1;1;2026-05-05;2025-07-24;REATIVADO
13546008;1;1;2026-03-27;2026-04-22;ATIVADO
13546203;1;1;2026-03-09;2026-07-14;REATIVADO
13546217;1;1;2026-06-30;2026-06-30;REATIVADO
13547245;1;1;2026-04-28;2026-05-12;ATIVADO
13547373;1;1;2026-01-28;2026-02-24;REATIVADO
13547425;1;1;2026-06-14;2026-07-20;REATIVADO
13549418;1;1;2026-03-23;2026-04-20;REATIVADO
1355022;1;1;2026-06-09;2026-06-16;REATIVADO
13552802;1;1;2026-01-06;2026-04-13;REATIVADO
13553458;1;1;2026-03-26;2026-03-26;REATIVADO
13553882;1;1;2026-02-09;2026-05-28;ATIVADO
13553885;1;1;2026-03-09;2026-03-09;ATIVADO
13554439;1;1;2026-03-18;2026-07-06;ATIVADO
13554558;1;1;2026-02-03;2026-02-02;REATIVADO
13554561;1;1;2026-06-25;2026-07-08;REATIVADO
13555168;1;1;2026-04-27;2026-04-27;ATIVADO
13555267;1;1;2026-06-27;2026-06-09;REATIVADO
13555550;1;1;2026-05-23;2026-06-23;ATIVADO
13555579;1;1;2026-04-16;2026-03-20;ATIVADO
13556884;1;1;2026-06-06;2026-06-02;REATIVADO
13566973;1;1;2026-05-12;2026-05-29;REATIVADO
13569290;1;1;2026-03-23;2026-03-30;REATIVADO
13572280;1;1;2026-03-17;2026-05-11;REATIVADO
13572491;1;1;2026-03-18;2026-06-19;REATIVADO
13572722;1;1;2026-05-15;2026-06-16;REATIVADO
13576287;1;1;2026-04-26;2026-04-30;REATIVADO
13580728;1;1;2026-02-06;2026-06-22;REATIVADO
13582963;1;1;2026-06-04;2026-06-02;REATIVADO
13584708;1;1;2026-01-27;2026-04-16;REATIVADO
13585175;1;1;2026-04-29;2026-07-01;REATIVADO
13594470;1;1;2026-04-28;2026-02-24;REATIVADO
13596071;1;1;2026-06-24;2026-07-07;REATIVADO
13596431;1;1;2026-03-13;2026-07-06;REATIVADO
13603098;1;1;2026-05-21;2026-07-06;REATIVADO
13604769;1;1;2026-01-16;2026-06-18;REATIVADO
13604774;1;1;2026-03-10;;REATIVADO
13605047;1;1;2026-05-11;2026-05-11;REATIVADO
13607671;1;1;2026-06-29;2026-06-05;REATIVADO
13608696;1;1;2026-06-17;2026-04-27;REATIVADO
13611449;1;1;2026-03-17;2026-03-16;REATIVADO
13613293;1;1;2026-02-20;2026-06-18;ATIVADO
13613473;1;1;2026-02-08;2026-02-13;REATIVADO
13614663;1;1;2026-01-23;2026-02-13;REATIVADO
13627782;1;1;2026-02-28;2026-06-11;REATIVADO
13629046;1;1;2026-03-05;2026-01-27;REATIVADO
13630127;1;1;2026-03-24;2026-05-15;REATIVADO
13631886;1;1;2026-06-03;2026-06-03;REATIVADO
13632827;1;1;2026-02-20;2026-03-11;REATIVADO
13633820;1;1;2026-02-13;2026-06-29;REATIVADO
13634579;1;1;2026-02-06;;REATIVADO
13634581;1;1;2026-01-21;2026-04-29;REATIVADO
13638371;1;1;2026-05-22;;REATIVADO
13639844;1;1;2026-03-18;2026-06-22;ATIVADO
13641650;1;1;2026-02-23;2026-01-15;REATIVADO
13645579;1;1;2026-02-10;2026-07-13;REATIVADO
13653674;1;1;2026-05-14;2026-06-18;REATIVADO
13664375;1;1;2026-05-03;2026-07-16;REATIVADO
13665666;1;1;2026-01-17;2026-05-12;REATIVADO
13665757;1;1;2026-01-30;;REATIVADO
13667725;1;1;2026-06-02;2026-07-16;ATIVADO
13671075;1;1;2026-01-09;2026-02-05;REATIVADO
13674149;1;1;2026-01-05;2026-03-03;ATIVADO
13683739;1;1;2026-05-18;2026-04-28;REATIVADO
13683984;1;1;2026-02-09;2026-03-26;REATIVADO
13685572;1;1;2026-02-23;2026-05-12;ATIVADO
13685585;1;1;2026-02-09;2026-04-20;REATIVADO
13686381;1;1;2026-03-25;2026-07-13;ATIVADO
13690818;1;1;2026-06-01;2025-12-03;REATIVADO
13691226;1;1;2026-04-30;;REATIVADO
13696483;1;1;2026-01-09;2026-07-21;REATIVADO
13697050;1;1;2026-06-21;2026-07-13;ATIVADO
13697387;1;1;2026-01-09;2026-04-29;REATIVADO
13701076;1;1;2026-06-15;2026-02-24;REATIVADO
13702180;1;1;2026-05-02;2026-07-15;REATIVADO
13702984;1;1;2026-02-16;2026-07-02;REATIVADO
13706593;1;1;2026-01-26;2026-07-14;REATIVADO
13718312;1;1;2026-01-04;2026-07-09;REATIVADO
13719024;1;1;2026-06-03;2026-01-19;REATIVADO
13720769;1;1;2026-01-19;2026-06-10;REATIVADO
13720995;1;1;2026-06-07;2026-06-05;REATIVADO
13733717;1;1;2026-03-30;2026-07-16;REATIVADO
13736973;1;1;2026-05-18;2026-06-29;REATIVADO
13737054;1;1;2026-02-20;2026-06-11;REATIVADO
13737840;1;1;2026-01-26;2026-01-19;REATIVADO
13739352;1;1;2026-06-30;2025-10-29;REATIVADO
13740482;1;1;2026-06-12;;REATIVADO
13740879;1;1;2026-03-02;2025-09-23;REATIVADO
13769424;1;1;2026-05-06;2026-07-13;REATIVADO
13769544;1;1;2026-01-11;2026-05-04;REATIVADO
13775595;1;1;2026-03-17;2026-04-17;ATIVADO
13779663;1;1;2026-03-11;2025-07-28;REATIVADO
13786361;1;1;2026-04-06;2026-05-21;REATIVADO
13804129;1;1;2026-05-05;2026-05-05;REATIVADO
13810318;1;1;2026-03-07;2026-01-14;REATIVADO
13810351;1;1;2026-06-17;2026-02-02;REATIVADO
13814847;1;1;2026-04-01;2026-05-07;REATIVADO
13816737;1;1;2026-04-12;2026-04-06;REATIVADO
13820233;1;1;2026-03-03;;REATIVADO
13820663;1;1;2026-04-02;2026-07-20;ATIVADO
13821734;1;1;2026-06-15;;REATIVADO
13823235;1;1;2026-04-17;2026-04-24;REATIVADO
13823731;1;1;2026-04-09;2026-04-08;REATIVADO
13824033;1;1;2026-06-06;2026-06-01;ATIVADO
13826768;1;1;2026-02-03;2026-07-16;REATIVADO
13827564;1;1;2026-01-09;2026-03-26;REATIVADO
13828659;1;1;2026-01-29;;REATIVADO
13830615;1;1;2026-04-09;2026-04-06;REATIVADO
13842790;1;1;2026-04-29;2026-04-02;REATIVADO
13849636;1;1;2026-01-23;2026-05-05;ATIVADO
13854265;1;1;2026-01-05;2026-05-21;REATIVADO
13854979;1;1;2026-04-13;2026-05-07;REATIVADO
13856740;1;1;2026-02-24;2026-04-01;REATIVADO
138585;1;1;2026-04-22;2026-05-18;ATIVADO
13860227;1;1;2026-01-12;2026-06-26;ATIVADO
13860437;1;1;2026-03-10;2026-04-22;REATIVADO
13861896;1;1;2026-01-14;2026-05-06;REATIVADO
13862602;1;1;2026-04-28;2026-04-28;ATIVADO
13863680;1;1;2026-01-26;2026-05-27;REATIVADO
13863885;1;1;2026-05-29;2026-06-01;REATIVADO
13865211;1;1;2026-03-31;2026-04-22;REATIVADO
13866492;1;1;2026-02-24;2026-07-20;REATIVADO
13866881;1;1;2026-05-22;2026-04-16;REATIVADO
13867118;1;1;2026-03-17;2026-07-13;REATIVADO
13881533;1;1;2026-03-03;2026-06-30;REATIVADO
13884406;1;1;2026-05-06;2026-04-15;REATIVADO
138874;1;1;2026-03-10;2026-06-22;REATIVADO
13889517;1;1;2026-01-05;2026-06-23;REATIVADO
13890652;1;1;2026-03-21;2026-03-25;ATIVADO
13895963;1;1;2026-06-14;2026-06-15;REATIVADO
13901988;1;1;2026-01-28;2026-06-03;REATIVADO
13907832;1;1;2026-01-24;2026-03-19;REATIVADO
13908520;1;1;2026-01-03;2025-10-24;REATIVADO
13908748;1;1;2026-03-16;;REATIVADO
13910239;1;1;2026-05-18;2025-11-25;REATIVADO
13911098;1;1;2026-04-25;2025-08-19;REATIVADO
13923071;1;1;2026-03-27;2026-05-28;REATIVADO
13923536;1;1;2026-03-08;2026-05-07;REATIVADO
13923650;1;1;2026-05-19;2026-06-29;REATIVADO
13924850;1;1;2026-05-27;2026-07-01;REATIVADO
13930147;1;1;2026-02-23;2026-07-16;REATIVADO
13931867;1;1;2026-03-22;2026-06-18;REATIVADO
13934345;1;1;2026-05-25;2025-09-04;REATIVADO
13934448;1;1;2026-03-02;2025-08-04;REATIVADO
13938302;1;1;2026-05-19;2026-05-18;REATIVADO
13939112;1;1;2026-06-11;2026-06-02;ATIVADO
13939688;1;1;2026-06-15;2026-04-27;REATIVADO
13939803;1;1;2026-03-26;2026-06-26;REATIVADO
13940085;1;1;2026-03-25;2026-03-25;REATIVADO
13940127;1;1;2026-05-28;2026-07-17;REATIVADO
13940708;1;1;2026-02-03;2026-04-22;REATIVADO
13941178;1;1;2026-01-22;2026-05-21;REATIVADO
13943995;1;1;2026-05-28;2025-11-03;REATIVADO
13945052;1;1;2026-03-29;2026-07-20;ATIVADO
13945149;1;1;2026-06-16;2026-07-20;REATIVADO
13946571;1;1;2026-02-27;2026-05-19;REATIVADO
1396920;1;1;2026-05-26;2026-05-25;REATIVADO
13975559;1;1;2026-01-04;2025-10-20;REATIVADO
13976768;1;1;2026-03-02;2026-03-31;REATIVADO
13978211;1;1;2026-03-11;2026-07-10;REATIVADO
13981849;1;1;2026-03-25;2026-04-15;REATIVADO
13984579;1;1;2026-03-26;2025-10-08;REATIVADO
13985171;1;1;2026-05-26;;REATIVADO
13987973;1;1;2026-03-11;2026-07-14;ATIVADO
13990072;1;1;2026-03-11;2026-05-11;REATIVADO
13990619;1;1;2026-01-15;2026-07-02;REATIVADO
13991834;1;1;2026-06-18;2026-07-14;REATIVADO
14008294;1;1;2026-02-09;2026-04-28;REATIVADO
14010192;1;1;2026-05-06;2026-06-22;REATIVADO
14010572;1;1;2026-05-20;2026-07-01;REATIVADO
14010845;1;1;2026-01-16;2026-05-28;ATIVADO
14011064;1;1;2026-06-24;2025-12-18;REATIVADO
14014482;1;1;2026-02-13;2026-04-06;REATIVADO
14014717;1;1;2026-05-06;;REATIVADO
14015114;1;1;2026-03-30;2026-07-13;ATIVADO
1401903;1;1;2026-06-01;2026-06-03;REATIVADO
14019139;1;1;2026-05-12;2026-06-10;REATIVADO
14021883;1;1;2026-02-25;2026-01-09;REATIVADO
14025341;1;1;2026-03-08;2026-03-12;REATIVADO
14026074;1;1;2026-05-21;2026-07-06;ATIVADO
14028314;1;1;2026-01-12;2026-06-12;REATIVADO
14040212;1;1;2026-02-25;2026-06-17;REATIVADO
14040304;1;1;2026-02-04;2026-03-25;REATIVADO
14040899;1;1;2026-04-07;2026-06-26;REATIVADO
14042265;1;1;2026-02-20;2026-05-26;ATIVADO
14043348;1;1;2026-05-12;2026-05-11;REATIVADO
1404621;1;1;2026-01-27;2025-11-06;REATIVADO
14048035;1;1;2026-05-02;2026-05-25;ATIVADO
14048457;1;1;2026-03-01;2026-04-23;REATIVADO
14048486;1;1;2026-02-04;2026-03-09;REATIVADO
14051722;1;1;2026-03-22;2026-03-18;REATIVADO
14053918;1;1;2026-03-24;2026-05-27;ATIVADO
14061057;1;1;2026-03-17;2025-07-29;REATIVADO
14064530;1;1;2026-03-16;2026-06-16;REATIVADO
14064979;1;1;2026-02-13;2026-03-13;ATIVADO
14065460;1;1;2026-03-27;2026-05-28;ATIVADO
14066999;1;1;2026-03-30;2026-04-08;REATIVADO
14082512;1;1;2026-04-23;;ATIVADO
14082689;1;1;2026-01-19;2026-05-12;ATIVADO
14083311;1;1;2026-03-02;2026-07-17;REATIVADO
14083513;1;1;2026-05-23;2026-07-16;REATIVADO
14083637;1;1;2026-06-12;2026-04-13;REATIVADO
14088892;1;1;2026-04-06;2026-04-23;REATIVADO
14095161;1;1;2026-06-22;2026-07-16;REATIVADO
14098360;1;1;2026-04-18;;REATIVADO
14104015;1;1;2026-02-01;2026-06-22;REATIVADO
14104182;1;1;2026-04-20;2025-09-09;REATIVADO
14117625;1;1;2026-04-01;2026-04-02;REATIVADO
14119425;1;1;2026-02-24;2026-04-15;REATIVADO
14119499;1;1;2026-02-05;;REATIVADO
14120163;1;1;2026-04-23;2026-01-30;REATIVADO
14120221;1;1;2026-06-03;2025-08-11;REATIVADO
14120415;1;1;2026-05-11;2026-06-16;REATIVADO
14136000;1;1;2026-03-22;2025-09-18;REATIVADO
14137087;1;1;2026-02-09;2026-04-15;REATIVADO
14139024;1;1;2026-06-19;2025-09-03;REATIVADO
14141872;1;1;2026-06-29;2026-01-15;REATIVADO
14142555;1;1;2026-02-02;2025-10-22;REATIVADO
14142746;1;1;2026-02-14;2025-11-07;REATIVADO
14143365;1;1;2026-04-30;2026-05-26;REATIVADO
14143636;1;1;2026-01-03;2025-11-11;REATIVADO
14144781;1;1;2026-04-22;2026-07-09;REATIVADO
14146611;1;1;2026-04-28;;REATIVADO
14156164;1;1;2026-04-15;2026-05-15;REATIVADO
14158330;1;1;2026-06-15;;REATIVADO
14164289;1;1;2026-02-10;2026-02-10;ATIVADO
14165396;1;1;2026-05-21;2026-06-22;REATIVADO
14166357;1;1;2026-06-15;2026-07-21;REATIVADO
14167298;1;1;2026-04-14;2026-04-22;REATIVADO
14167491;1;1;2026-05-04;2026-06-05;REATIVADO
14176417;1;1;2026-06-02;2025-08-05;REATIVADO
14176716;1;1;2026-03-24;2026-06-16;REATIVADO
14197605;1;1;2026-02-03;2026-06-08;ATIVADO
14199769;1;1;2026-04-29;2026-05-11;REATIVADO
14200109;1;1;2026-06-11;2025-10-20;REATIVADO
14206149;1;1;2026-02-09;2026-06-09;ATIVADO
14212315;1;1;2026-02-04;2026-05-04;ATIVADO
14215714;1;1;2026-03-20;2026-04-23;REATIVADO
14221562;1;1;2026-01-14;2026-01-30;ATIVADO
14236485;1;1;2026-05-09;2026-06-26;REATIVADO
14245045;1;1;2026-02-19;2026-03-26;REATIVADO
14245471;1;1;2026-02-09;2026-07-13;REATIVADO
14247440;1;1;2026-02-23;;REATIVADO
14251906;1;1;2026-05-26;2026-06-15;ATIVADO
14253568;1;1;2026-04-27;2026-06-03;REATIVADO
14256969;1;1;2026-04-25;2026-04-27;REATIVADO
14259799;1;1;2026-04-01;;REATIVADO
14263934;1;1;2026-05-06;2026-07-21;ATIVADO
14267312;1;1;2026-03-30;2026-04-10;REATIVADO
1426825;1;1;2026-03-21;;REATIVADO
1427593;1;1;2026-06-09;2026-05-25;REATIVADO
14280203;1;1;2026-03-28;2026-04-01;ATIVADO
14283803;1;1;2026-04-08;2026-06-30;ATIVADO
14288709;1;1;2026-04-01;2026-05-29;ATIVADO
14290122;1;1;2026-04-23;2026-07-17;REATIVADO
14290610;1;1;2026-04-26;2026-05-11;ATIVADO
14302764;1;1;2026-03-08;2026-06-10;ATIVADO
14308492;1;1;2026-03-27;2026-03-26;REATIVADO
143124;1;1;2026-04-21;2026-04-22;REATIVADO
14324876;1;1;2026-02-25;2026-04-28;ATIVADO
14327793;1;1;2026-01-18;2026-01-16;ATIVADO
14328180;1;1;2026-02-06;2026-06-01;ATIVADO
14331721;1;1;2026-04-20;2026-04-08;REATIVADO
1433370;1;1;2026-06-18;2026-06-11;REATIVADO
14333755;1;1;2026-02-02;2025-11-04;REATIVADO
14340257;1;1;2026-01-11;2026-04-06;REATIVADO
1434684;1;1;2026-04-12;;REATIVADO
14349414;1;1;2026-05-26;2026-06-30;REATIVADO
14349806;1;1;2026-01-08;2026-06-18;REATIVADO
143532;1;1;2026-01-12;2026-06-18;REATIVADO
14372531;1;1;2026-01-17;2026-04-20;REATIVADO
14373005;1;1;2026-02-04;2026-07-15;REATIVADO
14381334;1;1;2026-01-21;2026-06-17;REATIVADO
14381394;1;1;2026-04-01;;REATIVADO
14384451;1;1;2026-01-14;2026-03-11;REATIVADO
14384472;1;1;2026-06-24;2026-06-26;ATIVADO
14388338;1;1;2026-06-25;2026-07-10;REATIVADO
14388786;1;1;2026-01-12;2026-02-10;REATIVADO
1441430;1;1;2026-03-24;2026-06-22;REATIVADO
14420090;1;1;2026-04-15;2026-06-29;REATIVADO
14421199;1;1;2026-03-11;2026-07-16;REATIVADO
1442135;1;1;2026-06-07;2026-06-17;REATIVADO
14426249;1;1;2026-02-20;2026-04-06;REATIVADO
14432721;1;1;2026-06-30;2026-03-24;REATIVADO
1443531;1;1;2026-01-22;;REATIVADO
14436704;1;1;2026-01-16;2026-04-28;REATIVADO
1444458;1;1;2026-02-10;2026-03-03;REATIVADO
1444806;1;1;2026-05-29;2026-05-29;REATIVADO
1445276;1;1;2026-03-30;2026-06-11;REATIVADO
14459963;1;1;2026-01-26;2026-05-05;REATIVADO
14462885;1;1;2026-01-15;2026-07-02;ATIVADO
14474858;1;1;2026-01-05;2026-07-01;ATIVADO
14475767;1;1;2026-05-08;2026-06-23;REATIVADO
14475772;1;1;2026-04-03;2026-05-28;REATIVADO
14476966;1;1;2026-01-19;2026-05-11;REATIVADO
14477114;1;1;2026-05-28;2026-07-13;REATIVADO
14477659;1;1;2026-05-05;2026-03-27;REATIVADO
14488883;1;1;2026-03-26;2025-10-20;REATIVADO
14489176;1;1;2026-06-12;2026-07-17;REATIVADO
14489246;1;1;2026-04-06;2026-07-15;REATIVADO
14504815;1;1;2026-04-13;2026-04-02;ATIVADO
14506541;1;1;2026-05-05;2026-04-02;REATIVADO
14508345;1;1;2026-02-05;2026-02-04;REATIVADO
14515800;1;1;2026-03-18;2025-10-22;REATIVADO
14525855;1;1;2026-03-18;2026-03-30;REATIVADO
14532511;1;1;2026-03-18;2026-06-16;REATIVADO
14532778;1;1;2026-03-09;2026-03-09;ATIVADO
14533508;1;1;2026-05-05;2026-06-01;REATIVADO
14534870;1;1;2026-06-01;2026-06-02;ATIVADO
14548987;2;1;2026-02-07;2026-04-28;REATIVADO
14551944;1;1;2026-05-25;2026-06-02;ATIVADO
14556557;1;1;2026-02-02;2026-06-23;REATIVADO
14558241;1;1;2026-03-21;2025-10-02;REATIVADO
14558443;1;1;2026-01-02;2026-07-08;REATIVADO
14559678;1;1;2026-05-28;;REATIVADO
14565928;1;1;2026-05-25;2026-07-15;REATIVADO
14566030;1;1;2026-01-29;2026-07-13;REATIVADO
14569171;1;1;2026-04-20;2026-07-10;REATIVADO
14569878;1;1;2026-01-05;2026-06-02;REATIVADO
14573243;1;1;2026-03-02;2025-08-11;REATIVADO
14575953;1;1;2026-06-22;2025-09-11;REATIVADO
14578698;1;1;2026-03-02;2026-06-30;REATIVADO
14579201;1;1;2026-03-19;2026-05-15;REATIVADO
14591310;1;1;2026-06-15;2026-06-03;REATIVADO
14591995;1;1;2026-02-10;2026-03-03;REATIVADO
14597593;1;1;2026-06-16;;REATIVADO
14598161;1;1;2026-03-31;2025-08-13;REATIVADO
1459819;1;1;2026-03-02;2025-08-21;REATIVADO
14598259;1;1;2026-05-29;2026-06-01;ATIVADO
14600525;1;1;2026-06-15;2026-06-25;REATIVADO
14601312;1;1;2026-05-14;2026-06-25;REATIVADO
14601433;1;1;2026-03-09;2026-03-12;REATIVADO
14605206;1;1;2026-05-12;2026-02-03;REATIVADO
14606632;1;1;2026-03-30;2026-05-19;REATIVADO
14607117;1;1;2026-03-17;2026-05-08;ATIVADO
1460804;1;1;2026-01-15;2026-02-25;REATIVADO
14611519;1;1;2026-01-13;2026-04-10;REATIVADO
1461164;1;1;2026-04-11;2026-05-26;REATIVADO
14612890;1;1;2026-02-21;2026-07-08;REATIVADO
14613469;1;1;2026-03-16;2026-05-20;ATIVADO
14616142;1;1;2026-04-27;2025-08-26;REATIVADO
14617211;1;1;2026-03-23;2026-06-19;ATIVADO
14618356;1;1;2026-02-25;2026-07-03;ATIVADO
14618415;1;1;2026-06-15;2026-03-16;REATIVADO
14634363;1;1;2026-05-16;2026-07-15;ATIVADO
14635936;1;1;2026-05-11;2026-04-10;ATIVADO
14636044;1;1;2026-04-14;2026-04-16;ATIVADO
14636672;1;1;2026-04-14;2026-06-08;REATIVADO
14637079;1;1;2026-04-13;2026-04-09;ATIVADO
14638798;1;1;2026-01-25;2026-01-21;REATIVADO
14642164;1;1;2026-03-05;2026-03-02;REATIVADO
14642919;1;1;2026-01-05;2026-03-25;REATIVADO
14645164;1;1;2026-06-20;2026-07-01;REATIVADO
14645818;1;1;2026-02-04;2026-05-19;REATIVADO
14650872;1;1;2026-06-18;2026-06-17;REATIVADO
14650950;1;1;2026-01-29;2026-03-17;REATIVADO
14651325;1;1;2026-06-06;2026-04-22;REATIVADO
14651405;1;1;2026-06-18;2026-05-25;REATIVADO
14654391;1;1;2026-03-31;2026-07-20;REATIVADO
14656522;1;1;2026-03-12;2026-05-28;ATIVADO
14656781;1;1;2026-03-23;2026-07-16;ATIVADO
14669904;1;1;2026-03-31;2026-04-10;REATIVADO
14670065;1;1;2026-01-26;2026-06-08;REATIVADO
14671590;1;1;2026-03-15;2026-07-16;REATIVADO
14671839;1;1;2026-01-13;2026-05-28;REATIVADO
14675743;1;1;2026-04-11;2026-07-09;REATIVADO
14676010;1;1;2026-03-16;2025-11-26;REATIVADO
14677652;1;1;2026-06-25;2026-06-26;REATIVADO
14679924;1;1;2026-03-16;2026-05-08;ATIVADO
14680914;1;1;2026-02-02;2026-03-17;ATIVADO
14682103;1;1;2026-03-24;2026-07-14;REATIVADO
14683216;1;1;2026-06-08;2026-06-16;REATIVADO
14683606;1;1;2026-05-04;2026-06-30;REATIVADO
14684630;1;1;2026-05-26;2026-07-01;REATIVADO
14687768;1;1;2026-01-10;2026-07-15;ATIVADO
146929;1;1;2026-04-22;2026-05-28;REATIVADO
14702219;1;1;2026-05-04;2026-05-27;REATIVADO
14703312;1;1;2026-04-08;2026-07-08;REATIVADO
14705304;1;1;2026-06-29;2026-07-07;ATIVADO
1470775;1;1;2026-05-31;2025-09-02;REATIVADO
14708891;1;1;2026-02-08;2026-02-04;REATIVADO
14717783;1;1;2026-03-15;2026-07-08;REATIVADO
14718169;1;1;2026-05-11;2026-05-22;REATIVADO
14720939;1;1;2026-02-10;2026-02-24;REATIVADO
14730001;1;1;2026-05-20;2026-07-01;REATIVADO
14731174;1;1;2026-01-11;2026-02-26;REATIVADO
14733680;1;1;2026-02-20;;REATIVADO
14739843;1;1;2026-05-13;2026-05-20;ATIVADO
14743538;1;1;2026-06-07;2026-06-01;REATIVADO
14746457;1;1;2026-05-06;2026-06-16;ATIVADO
14746918;1;1;2026-02-20;2026-05-28;REATIVADO
1474960;1;1;2026-02-03;2026-07-16;REATIVADO
14755748;1;1;2026-01-08;2026-04-23;REATIVADO
14760754;1;1;2026-03-03;2026-06-16;REATIVADO
14761146;1;1;2026-04-13;2026-07-21;REATIVADO
14761473;1;1;2026-05-14;2026-06-23;REATIVADO
14763392;1;1;2026-06-25;2026-06-25;REATIVADO
14764933;1;1;2026-05-19;;REATIVADO
14766908;1;1;2026-06-22;2026-06-17;REATIVADO
1476937;1;1;2026-05-18;2026-07-07;REATIVADO
14770375;1;1;2026-01-21;2025-09-09;REATIVADO
14770589;1;1;2026-03-31;2026-04-01;ATIVADO
14771748;1;1;2026-04-08;2026-04-16;ATIVADO
14772023;1;1;2026-03-19;2026-07-17;REATIVADO
14772032;1;1;2026-02-01;2026-01-28;REATIVADO
14772102;1;1;2026-05-12;2026-05-12;REATIVADO
14779305;1;1;2026-05-19;2026-07-13;REATIVADO
14783115;1;1;2026-06-13;2026-04-02;REATIVADO
14785046;1;1;2026-05-19;2026-06-19;REATIVADO
14786192;1;1;2026-03-02;2025-09-19;REATIVADO
14786942;1;1;2026-05-07;2026-04-06;REATIVADO
14787033;1;1;2026-03-30;2026-06-22;REATIVADO
14788035;1;1;2026-03-05;2026-07-17;REATIVADO
14793023;1;1;2026-01-13;;REATIVADO
14793620;1;1;2026-04-07;2026-04-07;REATIVADO
14794861;1;1;2026-05-18;2026-03-23;REATIVADO
14797655;1;1;2026-01-12;2026-01-12;REATIVADO
14802913;1;1;2026-03-23;2026-03-24;REATIVADO
14804271;1;1;2026-06-29;2026-04-15;REATIVADO
14805919;1;1;2026-04-28;2026-07-21;REATIVADO
14806124;1;1;2026-02-18;2026-05-07;ATIVADO
14806138;1;1;2026-06-15;2026-06-15;ATIVADO
14806140;1;1;2026-06-15;2026-06-15;ATIVADO
14807465;1;1;2026-03-18;2026-06-22;REATIVADO
14808794;1;1;2026-03-30;2025-11-11;REATIVADO
14809279;1;1;2026-02-04;2026-04-07;REATIVADO
14811954;1;1;2026-04-13;2026-05-07;REATIVADO
14815079;1;1;2026-04-20;2026-07-14;REATIVADO
14821146;1;1;2026-04-08;2026-06-10;REATIVADO
14821173;1;1;2026-05-04;2026-05-04;REATIVADO
14827106;1;1;2026-04-11;2026-07-07;REATIVADO
14829816;1;1;2026-01-07;2026-05-12;REATIVADO
14830211;1;1;2026-03-25;2026-05-15;REATIVADO
14831333;1;1;2026-05-29;;REATIVADO
14834089;1;1;2026-01-04;2026-05-19;REATIVADO
1483428;1;1;2026-05-03;2026-03-30;REATIVADO
14843445;1;1;2026-05-12;2026-02-24;REATIVADO
14843635;1;1;2026-06-10;2026-07-13;REATIVADO
14845343;1;1;2026-02-20;2026-07-13;REATIVADO
14846074;1;1;2026-03-18;2025-12-10;REATIVADO
14846945;1;1;2026-04-17;2026-06-29;REATIVADO
14849290;1;1;2026-01-05;2026-05-14;REATIVADO
14850401;1;1;2026-04-24;2026-07-10;REATIVADO
14863061;1;1;2026-02-28;2026-06-10;REATIVADO
14865734;1;1;2026-06-20;2026-07-20;REATIVADO
14868350;1;1;2026-03-03;2026-05-14;REATIVADO
14871384;1;1;2026-02-09;2026-04-14;REATIVADO
14878836;1;1;2026-03-13;2026-07-17;REATIVADO
14884258;1;1;2026-03-17;2025-09-30;REATIVADO
1488579;1;1;2026-04-13;2026-07-20;REATIVADO
14886186;1;1;2026-03-20;2026-03-24;REATIVADO
14901820;1;1;2026-05-17;2026-01-06;REATIVADO
14903278;1;1;2026-06-29;2026-05-20;REATIVADO
14910253;1;1;2026-01-31;2026-03-27;REATIVADO
14910485;1;1;2026-03-09;2026-06-15;REATIVADO
1491171;1;1;2026-05-15;2026-04-20;REATIVADO
149162;1;1;2026-03-15;2025-12-15;REATIVADO
1492545;1;1;2026-06-03;2026-07-17;REATIVADO
14925620;1;1;2026-04-06;2026-04-23;REATIVADO
14927331;1;1;2026-05-18;2026-02-09;REATIVADO
1492875;1;1;2026-06-28;;REATIVADO
14928785;1;1;2026-04-27;2025-09-12;REATIVADO
14931825;1;1;2026-06-11;2026-04-22;REATIVADO
14933663;1;1;2026-02-01;2026-05-12;REATIVADO
14934105;1;1;2026-04-02;2026-04-17;REATIVADO
14935931;1;1;2026-02-25;;REATIVADO
14946243;1;1;2026-06-01;2026-06-01;REATIVADO
14949030;1;1;2026-04-16;2026-04-16;REATIVADO
14952019;1;1;2026-06-03;2026-06-22;REATIVADO
14952644;1;1;2026-06-18;2025-12-03;REATIVADO
14958613;1;1;2026-02-23;2026-06-23;REATIVADO
14959311;1;1;2026-04-28;2026-05-15;REATIVADO
14959795;1;1;2026-03-24;2026-05-19;REATIVADO
14959873;1;1;2026-06-02;2026-03-31;REATIVADO
14977483;1;1;2026-02-04;2026-06-02;REATIVADO
14978506;1;1;2026-05-04;2026-06-02;REATIVADO
14980537;1;1;2026-03-02;2026-03-12;REATIVADO
14982362;1;1;2026-01-17;2026-04-16;REATIVADO
14986149;1;1;2026-02-06;2026-07-14;REATIVADO
14991873;1;1;2026-03-18;2026-07-08;REATIVADO
1499460;1;1;2026-02-23;2025-09-25;REATIVADO
14998179;1;1;2026-05-12;2026-07-21;REATIVADO
150002;1;1;2026-04-06;;REATIVADO
15000999;1;1;2026-04-15;2026-05-04;ATIVADO
15002076;1;1;2026-03-27;2026-04-07;REATIVADO
15003551;1;1;2026-05-27;2026-05-20;REATIVADO
15003754;1;1;2026-03-30;2026-04-13;REATIVADO
15004782;1;1;2026-05-25;2026-05-13;REATIVADO
15005034;1;1;2026-03-24;2026-03-24;REATIVADO
15007748;1;1;2026-01-07;2025-09-22;REATIVADO
15008108;1;1;2026-03-02;2026-02-24;REATIVADO
15008401;1;1;2026-02-23;2026-04-23;REATIVADO
15008490;1;1;2026-01-13;2026-02-02;REATIVADO
15011414;1;1;2026-04-06;2026-05-29;REATIVADO
15011884;1;1;2026-02-23;2026-02-24;REATIVADO
15012712;1;1;2026-03-30;2026-07-01;ATIVADO
15013012;1;1;2026-04-10;2026-05-28;REATIVADO
15013080;1;1;2026-03-12;2026-06-15;REATIVADO
15015007;1;1;2026-03-16;2026-03-13;REATIVADO
15015615;1;1;2026-01-06;2026-05-14;REATIVADO
15017718;1;1;2026-06-01;2026-06-12;REATIVADO
15024858;1;1;2026-01-10;2026-01-08;REATIVADO
15025921;1;1;2026-04-27;2026-07-08;REATIVADO
15027868;1;1;2026-02-25;2026-07-21;REATIVADO
15029984;1;1;2026-03-16;;REATIVADO
15030252;1;1;2026-01-22;2026-07-15;REATIVADO
15030648;1;1;2026-01-02;2025-12-11;ATIVADO
15033332;1;1;2026-04-23;2026-05-05;REATIVADO
15034023;1;1;2026-02-13;2026-07-14;REATIVADO
15037702;1;1;2026-05-01;2026-05-28;REATIVADO
15041481;1;1;2026-02-22;2026-03-30;REATIVADO
15043605;1;1;2026-02-09;2026-02-09;REATIVADO
15051286;1;1;2026-05-12;2026-05-14;REATIVADO
15053091;1;1;2026-06-07;2026-06-30;REATIVADO
15054011;1;1;2026-04-16;2026-06-10;REATIVADO
15055507;1;1;2026-04-20;2026-04-27;REATIVADO
15067920;1;1;2026-05-05;2026-04-02;REATIVADO
15068295;1;1;2026-04-06;2026-04-01;REATIVADO
15070271;1;1;2026-02-10;2025-08-20;REATIVADO
15077806;1;1;2026-01-21;2026-05-12;ATIVADO
15078436;1;1;2026-04-18;2025-09-23;REATIVADO
15078442;1;1;2026-05-27;2026-06-15;REATIVADO
15079644;1;1;2026-03-25;2026-05-22;REATIVADO
15081583;1;1;2026-03-26;2025-11-25;REATIVADO
15082771;1;1;2026-04-16;2026-06-24;REATIVADO
15086752;1;1;2026-02-21;2026-05-18;REATIVADO
15088088;1;1;2026-03-03;2026-04-28;REATIVADO
15089035;1;1;2026-04-24;2026-06-08;REATIVADO
15089448;1;1;2026-06-01;2025-09-23;REATIVADO
15092217;1;1;2026-05-10;2025-09-24;REATIVADO
15093457;1;1;2026-05-04;2026-04-29;ATIVADO
15093948;1;1;2026-02-12;2026-02-19;REATIVADO
15108649;1;1;2026-04-03;2026-07-06;REATIVADO
15110216;1;1;2026-05-04;2026-05-05;REATIVADO
15110947;1;1;2026-02-02;2026-07-21;ATIVADO
15114302;1;1;2026-03-19;2026-07-20;ATIVADO
15119834;1;1;2026-04-22;2026-05-29;REATIVADO
15121072;1;1;2026-04-18;2026-04-17;ATIVADO
15128708;1;1;2026-06-05;2026-07-21;REATIVADO
15129249;1;1;2026-04-17;2026-05-21;REATIVADO
15139556;1;1;2026-02-09;2026-02-19;REATIVADO
15140041;1;1;2026-04-17;2025-10-29;REATIVADO
15140682;1;1;2026-05-25;2026-07-08;REATIVADO
15140746;1;1;2026-02-03;2026-05-26;ATIVADO
1514323;1;1;2026-06-16;2026-06-16;REATIVADO
15144188;1;1;2026-03-28;2026-02-13;REATIVADO
15147824;1;1;2026-04-17;2026-05-25;REATIVADO
1514886;1;1;2026-05-19;2026-07-21;REATIVADO
15148901;1;1;2026-05-14;2026-07-07;REATIVADO
15149048;1;1;2026-06-18;2026-06-09;REATIVADO
15152444;1;1;2026-02-11;;REATIVADO
15153152;1;1;2026-06-20;2026-05-18;REATIVADO
1515703;1;1;2026-03-02;2026-04-14;REATIVADO
15158060;1;1;2026-05-14;2026-05-25;REATIVADO
15158387;1;1;2026-06-30;;ATIVADO
15158808;1;1;2026-03-21;2026-06-30;REATIVADO
15166519;1;1;2026-05-15;2026-06-01;REATIVADO
15168036;1;1;2026-05-11;2026-06-26;REATIVADO
15168244;1;1;2026-04-22;2026-02-13;REATIVADO
15170692;1;1;2026-04-20;2026-04-20;REATIVADO
15170706;1;1;2026-04-30;2026-04-28;ATIVADO
15170918;1;1;2026-01-16;2026-01-23;ATIVADO
15172508;1;1;2026-05-12;2026-06-22;ATIVADO
15172532;1;1;2026-01-27;2026-05-13;REATIVADO
15174397;1;1;2026-02-10;2026-06-29;REATIVADO
15180908;1;1;2026-02-11;2026-06-29;REATIVADO
15180986;1;1;2026-05-08;2026-04-14;REATIVADO
15181758;1;1;2026-03-17;2026-04-14;ATIVADO
15185843;1;1;2026-05-09;2026-07-13;REATIVADO
15198226;1;1;2026-01-04;;REATIVADO
15198771;1;1;2026-01-04;2026-05-08;REATIVADO
15200726;1;1;2026-05-12;2025-10-29;REATIVADO
15202918;1;1;2026-01-05;2026-06-17;ATIVADO
15203642;1;1;2026-01-24;2026-07-07;ATIVADO
15205589;1;1;2026-02-23;2026-03-30;REATIVADO
15209921;1;1;2026-04-06;;REATIVADO
1521132;1;1;2026-02-10;2026-05-26;REATIVADO
15212669;1;1;2026-05-17;2026-06-08;ATIVADO
15215742;1;1;2026-05-17;2026-06-17;REATIVADO
15215810;1;1;2026-04-25;2026-04-07;REATIVADO
15227013;1;1;2026-03-02;2025-09-04;REATIVADO
15228949;1;1;2026-03-20;2026-07-14;REATIVADO
15232282;1;1;2026-04-17;2026-04-14;REATIVADO
15232418;1;1;2026-02-20;2026-02-20;REATIVADO
15232813;1;1;2026-02-02;2026-07-02;REATIVADO
15233017;1;1;2026-02-03;2026-03-25;REATIVADO
15246556;1;1;2026-03-23;2026-05-20;REATIVADO
15246909;1;1;2026-04-28;2026-05-29;ATIVADO
1525115;1;1;2026-06-11;2026-07-20;REATIVADO
15257083;1;1;2026-03-17;2026-05-11;REATIVADO
15259165;1;1;2026-06-14;;REATIVADO
152604;1;1;2026-04-13;2026-06-24;REATIVADO
15260690;1;1;2026-06-15;2026-01-08;REATIVADO
15264934;1;1;2026-03-09;2026-07-16;REATIVADO
15266401;1;1;2026-04-14;2025-11-14;REATIVADO
15266640;1;1;2026-01-29;2026-02-02;ATIVADO
15267346;1;1;2026-06-08;2026-06-19;REATIVADO
15269174;1;1;2026-03-06;2026-03-30;REATIVADO
15269189;1;1;2026-06-26;2026-07-08;REATIVADO
15273292;1;1;2026-01-12;2026-07-08;REATIVADO
15275200;1;1;2026-02-26;;REATIVADO
15276308;1;1;2026-05-30;2026-05-29;REATIVADO
15276666;1;1;2026-06-24;2026-06-19;REATIVADO
15278423;1;1;2026-02-19;2026-05-27;REATIVADO
15286553;1;1;2026-01-20;2026-02-18;ATIVADO
15289079;1;1;2026-05-27;2026-05-27;REATIVADO
15289443;1;1;2026-06-26;2026-07-10;REATIVADO
15291097;1;1;2026-01-26;2026-06-12;REATIVADO
1529315;1;1;2026-06-21;2026-06-11;REATIVADO
15293243;1;1;2026-02-12;2026-03-20;ATIVADO
15293448;1;1;2026-06-14;2026-07-14;REATIVADO
15298386;1;1;2026-05-11;2026-06-12;REATIVADO
15299630;1;1;2026-02-07;2026-06-19;REATIVADO
15303299;1;1;2026-01-06;2026-07-14;REATIVADO
1531112;1;1;2026-06-10;2026-06-26;REATIVADO
15313892;1;1;2026-04-28;2026-05-29;REATIVADO
15315618;1;1;2026-06-03;2026-06-26;REATIVADO
15315840;1;1;2026-04-29;2026-06-16;REATIVADO
15316238;1;1;2026-04-04;2026-02-20;REATIVADO
1531842;1;1;2026-04-06;2026-07-14;REATIVADO
15319876;1;1;2026-02-03;2026-07-20;REATIVADO
15320594;1;1;2026-06-03;2026-05-19;REATIVADO
15320903;1;1;2026-04-01;2026-06-15;REATIVADO
15325806;1;1;2026-05-24;2026-05-05;REATIVADO
15328376;1;1;2026-06-15;2026-07-06;REATIVADO
15328637;1;1;2026-01-19;2026-05-28;REATIVADO
15335185;1;1;2026-03-11;2026-03-24;ATIVADO
15346725;1;1;2026-03-18;2026-04-06;REATIVADO
15359477;1;1;2026-03-18;;REATIVADO
15364465;1;1;2026-03-31;2026-04-06;REATIVADO
15376267;1;1;2026-04-08;2026-07-02;REATIVADO
15378553;1;1;2026-01-28;2026-05-12;REATIVADO
15381316;1;1;2026-01-07;2025-09-10;REATIVADO
15381569;1;1;2026-03-11;2026-03-11;REATIVADO
15383120;1;1;2026-01-27;2026-06-22;REATIVADO
15383802;1;1;2026-01-12;2026-06-10;REATIVADO
15386088;1;1;2026-06-23;2026-03-24;REATIVADO
15389387;1;1;2026-04-17;2026-03-04;ATIVADO
15407273;1;1;2026-04-04;2025-09-18;REATIVADO
15408053;1;1;2026-05-18;2026-07-17;REATIVADO
15412462;1;1;2026-01-13;2026-03-23;REATIVADO
15413738;1;1;2026-04-08;2026-04-24;REATIVADO
15418031;1;1;2026-05-19;2026-02-25;REATIVADO
1542031;1;1;2026-06-15;2025-12-29;REATIVADO
15420926;1;1;2026-05-01;2026-07-01;REATIVADO
15423683;1;1;2026-01-05;2026-06-23;REATIVADO
15423813;1;1;2026-01-05;2025-12-18;ATIVADO
15423838;1;1;2026-06-15;2026-02-02;REATIVADO
15423953;1;1;2026-02-26;;REATIVADO
15424148;1;1;2026-02-24;2026-06-30;REATIVADO
15424770;1;1;2026-05-24;2026-06-30;ATIVADO
15424878;1;1;2026-02-27;2026-07-17;REATIVADO
15440204;1;1;2026-05-27;2026-06-29;REATIVADO
1544058;1;1;2026-03-11;2026-06-05;REATIVADO
15441720;1;1;2026-03-22;2026-06-12;REATIVADO
15443345;1;1;2026-05-17;2025-12-16;REATIVADO
15445467;1;1;2026-03-26;2026-04-16;REATIVADO
15446112;1;1;2026-06-19;2025-11-17;REATIVADO
154525;1;1;2026-05-01;2026-05-29;REATIVADO
15453106;1;1;2026-01-04;2026-06-22;ATIVADO
15455531;1;1;2026-01-14;2026-03-13;REATIVADO
15469442;1;1;2026-02-02;2026-05-26;REATIVADO
15482235;1;1;2026-04-01;2026-04-06;REATIVADO
15484884;1;1;2026-02-10;2026-06-24;REATIVADO
15485646;1;1;2026-04-09;2026-06-24;REATIVADO
15487539;1;1;2026-01-14;2026-03-09;REATIVADO
1548957;1;1;2026-06-29;2026-01-09;REATIVADO
15498489;1;1;2026-02-23;2026-06-24;REATIVADO
15500092;1;1;2026-02-27;2026-06-25;REATIVADO
15503245;1;1;2026-04-23;2026-02-27;REATIVADO
15503913;1;1;2026-06-25;2026-06-22;REATIVADO
15504102;1;1;2026-03-24;2026-05-06;REATIVADO
15505163;1;1;2026-02-02;2026-05-18;REATIVADO
15505540;1;1;2026-05-22;2026-04-22;REATIVADO
15509366;1;1;2026-02-05;2026-05-27;REATIVADO
15509415;1;1;2026-02-05;2026-04-24;REATIVADO
15510072;1;1;2026-03-08;2026-03-04;REATIVADO
15510599;1;1;2026-02-05;2026-06-24;ATIVADO
15513636;1;1;2026-06-01;2026-07-16;REATIVADO
15513907;1;1;2026-02-24;2026-06-29;REATIVADO
15513911;1;1;2026-04-28;;REATIVADO
15515005;1;1;2026-03-10;2026-06-11;REATIVADO
15516166;1;1;2026-02-02;2026-04-14;REATIVADO
15520301;1;1;2026-02-07;2026-05-28;REATIVADO
15530386;1;1;2026-05-29;2026-06-01;REATIVADO
15531339;1;1;2026-06-08;2026-06-09;REATIVADO
15531476;1;1;2026-02-18;2026-07-17;REATIVADO
15532326;1;1;2026-02-13;2026-02-13;REATIVADO
15532331;1;1;2026-06-30;2026-03-19;REATIVADO
15532341;1;1;2026-02-24;2025-08-21;REATIVADO
15532350;1;1;2026-05-01;2026-03-13;REATIVADO
15537206;1;1;2026-04-16;2025-12-26;REATIVADO
15537964;1;1;2026-06-30;2026-02-12;REATIVADO
15539595;1;1;2026-01-06;2025-12-10;ATIVADO
15539662;1;1;2026-03-10;2026-04-29;REATIVADO
15539906;1;1;2026-03-09;2026-04-13;ATIVADO
15541860;1;1;2026-04-16;2026-05-18;REATIVADO
15549354;1;1;2026-03-03;2026-05-27;REATIVADO
1555046;1;1;2026-06-30;2025-10-23;REATIVADO
15559855;1;1;2026-02-04;2025-09-15;REATIVADO
15561598;1;1;2026-06-09;2026-06-23;REATIVADO
15566585;1;1;2026-03-03;2026-06-18;REATIVADO
15566670;1;1;2026-02-25;2026-02-25;REATIVADO
15569271;1;1;2026-01-09;2026-05-22;REATIVADO
15569685;1;1;2026-02-23;2026-05-08;REATIVADO
15570198;1;1;2026-02-27;2026-06-29;REATIVADO
15570282;1;1;2026-03-09;2026-01-09;REATIVADO
15573237;1;1;2026-05-29;2026-07-16;REATIVADO
15573790;1;1;2026-02-20;;ATIVADO
15574621;1;1;2026-04-29;;ATIVADO
15580277;1;1;2026-02-27;2026-07-14;ATIVADO
15589755;1;1;2026-03-16;2026-07-01;REATIVADO
15589880;1;1;2026-01-23;2026-06-23;REATIVADO
15590391;1;1;2026-03-24;2026-04-06;REATIVADO
15598038;1;1;2026-05-15;2026-06-30;REATIVADO
15598654;1;1;2026-06-01;;REATIVADO
15600678;1;1;2026-06-25;2026-07-08;REATIVADO
15603614;1;1;2026-06-30;2026-05-29;REATIVADO
15606379;1;1;2026-06-08;2026-06-05;REATIVADO
15607713;1;1;2026-04-27;2026-06-09;REATIVADO
15608272;1;1;2026-01-20;;REATIVADO
15610340;1;1;2026-03-02;2026-07-07;REATIVADO
1561413;1;1;2026-01-21;2026-03-19;REATIVADO
1561432;1;1;2026-02-02;2026-01-29;REATIVADO
15621484;1;1;2026-04-24;2026-04-24;REATIVADO
15622869;1;1;2026-02-05;2026-07-15;REATIVADO
15628164;1;1;2026-06-24;2026-06-23;REATIVADO
15631195;1;1;2026-05-10;2026-07-09;REATIVADO
15631315;1;1;2026-04-09;2026-07-02;REATIVADO
15631553;1;1;2026-03-13;2026-07-20;REATIVADO
15639325;1;1;2026-01-12;;ATIVADO
15639497;1;1;2026-05-13;2026-07-16;ATIVADO
15652321;1;1;2026-02-02;2026-06-15;REATIVADO
15654079;1;1;2026-06-22;2026-06-22;REATIVADO
15656336;1;1;2026-05-12;2026-02-25;REATIVADO
15656972;1;1;2026-06-16;2026-06-19;REATIVADO
15658879;1;1;2026-04-02;2026-04-15;REATIVADO
15663185;1;1;2026-05-04;2026-06-23;REATIVADO
15663407;1;1;2026-04-14;2026-04-23;REATIVADO
15665284;1;1;2026-01-05;;REATIVADO
15665425;1;1;2026-06-05;2026-06-05;REATIVADO
15667020;1;1;2026-02-23;2026-06-22;REATIVADO
1567131;1;1;2026-03-16;2025-10-20;REATIVADO
15672066;1;1;2026-03-24;2026-06-01;REATIVADO
15679866;1;1;2026-06-01;2026-06-23;REATIVADO
15681728;1;1;2026-01-27;2026-06-12;REATIVADO
15681949;1;1;2026-06-09;2026-06-09;REATIVADO
15682518;1;1;2026-04-30;2026-02-10;REATIVADO
15692729;1;1;2026-03-30;2026-04-01;REATIVADO
15692743;1;1;2026-05-20;2026-06-30;REATIVADO
15692752;1;1;2026-05-14;2026-02-25;REATIVADO
15694935;1;1;2026-04-08;2025-10-09;REATIVADO
15697426;1;1;2026-06-13;2025-11-13;REATIVADO
15697544;1;1;2026-06-02;2025-09-10;REATIVADO
15697630;1;1;2026-02-06;2026-05-21;REATIVADO
1570607;1;1;2026-03-09;2026-07-02;REATIVADO
15713326;1;1;2026-05-07;2025-10-23;REATIVADO
15723143;1;1;2026-05-04;2026-04-14;REATIVADO
15730426;1;1;2026-03-07;2026-05-25;REATIVADO
15732375;1;1;2026-02-23;2026-05-06;REATIVADO
15733787;1;1;2026-02-19;2026-05-11;REATIVADO
15748390;1;1;2026-06-18;2025-11-11;REATIVADO
15749391;1;1;2026-05-18;2026-06-30;REATIVADO
15751211;1;1;2026-02-13;;REATIVADO
15751653;1;1;2026-04-13;2026-04-08;REATIVADO
15753503;1;1;2026-06-22;2026-05-26;REATIVADO
15758502;1;1;2026-02-23;2026-07-09;REATIVADO
15761211;1;1;2026-04-07;2026-05-15;REATIVADO
15761833;1;1;2026-01-28;2026-04-27;REATIVADO
15768486;1;1;2026-06-22;2026-07-15;REATIVADO
15768836;1;1;2026-05-29;2026-07-10;REATIVADO
15783431;1;1;2026-05-04;2026-04-07;REATIVADO
15787404;1;1;2026-03-15;2026-05-18;REATIVADO
15788759;1;1;2026-05-13;2026-05-06;ATIVADO
15789907;1;1;2026-03-02;2026-04-23;REATIVADO
15795135;1;1;2026-04-23;2026-06-01;REATIVADO
15795419;1;1;2026-06-22;2026-06-24;REATIVADO
15797901;1;1;2026-03-26;2026-05-20;REATIVADO
15799763;1;1;2026-06-02;2025-09-15;REATIVADO
15801498;1;1;2026-02-09;2026-04-02;REATIVADO
15812731;1;1;2026-05-11;2026-05-22;REATIVADO
15814414;1;1;2026-04-21;2025-12-23;REATIVADO
15818172;1;1;2026-04-13;2026-04-14;ATIVADO
15818262;1;1;2026-02-03;2026-05-22;REATIVADO
15821038;1;1;2026-02-09;2026-05-20;REATIVADO
15823974;1;1;2026-03-11;2026-04-24;REATIVADO
15830329;1;1;2026-05-21;2026-07-20;REATIVADO
15835907;1;1;2026-05-12;2026-06-09;REATIVADO
15848274;1;1;2026-02-27;2026-03-23;REATIVADO
15857500;1;1;2026-02-03;2026-02-05;REATIVADO
15857739;1;1;2026-01-20;2026-07-15;REATIVADO
15857865;1;1;2026-05-25;2026-07-14;REATIVADO
15859067;1;1;2026-03-12;2026-05-18;REATIVADO
15865707;1;1;2026-06-13;2026-04-15;REATIVADO
1586833;1;1;2026-03-09;2026-05-25;REATIVADO
15893863;1;1;2026-03-10;2026-06-22;REATIVADO
15901021;1;1;2026-05-27;;REATIVADO
15902825;1;1;2026-01-19;2026-04-08;ATIVADO
15907923;1;1;2026-06-15;2026-07-16;REATIVADO
15929206;1;1;2026-06-20;2026-06-18;REATIVADO
15929390;1;1;2026-05-11;2026-06-23;REATIVADO
15938810;1;1;2026-03-03;2026-06-16;REATIVADO
15945071;1;1;2026-06-18;2026-06-25;REATIVADO
15957803;1;1;2026-05-25;2026-05-26;REATIVADO
15965733;1;1;2026-06-23;2026-05-28;REATIVADO
15968938;1;1;2026-03-12;2026-06-15;REATIVADO
15977781;1;1;2026-03-09;2026-05-22;REATIVADO
15995892;1;1;2026-03-04;2026-07-21;REATIVADO
16058226;1;1;2026-05-05;2026-05-28;REATIVADO
16060565;1;1;2026-04-20;2026-05-28;REATIVADO
16065560;1;1;2026-04-11;2026-02-26;REATIVADO
16065807;1;1;2026-03-06;2026-05-29;REATIVADO
16086316;1;1;2026-06-15;2026-06-15;REATIVADO
16089180;1;1;2026-05-13;2026-07-13;REATIVADO
16090207;1;1;2026-02-28;2026-02-23;REATIVADO
16091266;1;1;2026-06-08;2026-07-13;REATIVADO
16099620;1;1;2026-04-10;;REATIVADO
16101022;1;1;2026-02-05;2026-07-09;REATIVADO
16105378;1;1;2026-04-15;2026-07-09;REATIVADO
16123981;1;1;2026-03-25;2026-07-03;ATIVADO
16124017;1;1;2026-01-12;2026-06-10;REATIVADO
16129308;1;1;2026-03-06;2026-07-06;REATIVADO
16135004;1;1;2026-03-25;;REATIVADO
16154849;1;1;2026-04-28;2026-05-15;REATIVADO
16158042;1;1;2026-04-13;2026-06-17;REATIVADO
16161947;1;1;2026-03-31;2026-06-02;REATIVADO
16163602;1;1;2026-01-12;2026-06-03;REATIVADO
16165978;1;1;2026-06-22;2026-06-25;REATIVADO
16168933;1;1;2026-04-07;2026-06-30;REATIVADO
16178717;1;1;2026-01-14;2026-07-16;REATIVADO
16189058;1;1;2026-04-10;2026-05-14;REATIVADO
16194491;1;1;2026-03-19;2026-04-28;REATIVADO
16194807;1;1;2026-01-12;2026-04-28;REATIVADO
16203184;1;1;2026-06-02;2025-09-10;REATIVADO
16211564;1;1;2026-06-16;2026-07-13;REATIVADO
16234528;1;1;2026-02-03;2026-02-04;REATIVADO
16235586;1;1;2026-06-03;2026-07-21;REATIVADO
16244493;1;1;2026-02-16;2026-05-18;REATIVADO
16250081;1;1;2026-05-18;2026-06-10;REATIVADO
16250943;1;1;2026-01-07;2026-06-02;REATIVADO
16262987;1;1;2026-04-11;2026-05-25;REATIVADO
16271518;1;1;2026-01-05;2026-07-21;REATIVADO
16284270;1;1;2026-03-09;2026-06-22;REATIVADO
16284941;1;1;2026-06-12;;REATIVADO
16286388;1;1;2026-01-24;2026-05-19;REATIVADO
1629177;1;1;2026-03-11;2026-07-14;REATIVADO
16311620;1;1;2026-04-14;2026-05-04;REATIVADO
16311976;1;1;2026-06-15;2026-07-08;REATIVADO
16325216;1;1;2026-01-26;2026-07-08;REATIVADO
16330979;1;1;2026-03-03;2026-06-29;ATIVADO
16334136;1;1;2026-06-04;;REATIVADO
1633839;1;1;2026-04-09;2026-06-01;REATIVADO
16350898;1;1;2026-06-11;2026-07-13;REATIVADO
1637293;1;1;2026-05-18;2026-07-14;REATIVADO
16375432;1;1;2026-04-07;2026-06-09;REATIVADO
1637853;1;1;2026-02-26;2026-06-18;REATIVADO
1638686;1;1;2026-06-18;2026-07-15;REATIVADO
16390726;1;1;2026-03-15;2026-07-06;REATIVADO
16398857;1;1;2026-03-25;2026-06-24;REATIVADO
16404737;1;1;2026-03-09;2026-06-22;REATIVADO
16408645;1;1;2026-05-27;2026-06-25;REATIVADO
1641190;1;1;2026-03-18;2026-05-29;REATIVADO
16416011;1;1;2026-03-03;2026-05-05;REATIVADO
16418934;1;1;2026-04-08;2026-03-03;REATIVADO
164278;1;1;2026-04-13;2026-02-03;REATIVADO
16431899;1;1;2026-01-17;2026-06-03;REATIVADO
16435875;1;1;2026-04-26;2026-04-22;REATIVADO
16442324;1;1;2026-06-21;2025-09-04;REATIVADO
16442497;1;1;2026-01-30;2026-02-02;REATIVADO
16442664;1;1;2026-02-20;2026-06-11;REATIVADO
16448918;1;1;2026-06-06;2026-07-08;REATIVADO
16455770;1;1;2026-05-29;2026-04-22;ATIVADO
16456710;1;1;2026-03-22;2026-06-29;REATIVADO
16467912;1;1;2026-04-12;2026-05-27;REATIVADO
16474767;1;1;2026-03-02;2026-07-16;REATIVADO
16480047;1;1;2026-01-12;2026-04-22;REATIVADO
16480050;1;1;2026-05-07;;REATIVADO
16485236;1;1;2026-06-08;2026-06-24;REATIVADO
16485462;1;1;2026-06-01;2026-04-17;REATIVADO
16490844;1;1;2026-06-11;2025-12-03;REATIVADO
16494012;1;1;2026-02-19;2026-07-20;REATIVADO
16505243;1;1;2026-05-20;2026-05-20;REATIVADO
16507127;1;1;2026-03-30;2026-02-09;REATIVADO
16507374;1;1;2026-01-26;2026-06-29;REATIVADO
1650960;1;1;2026-04-22;2026-04-29;REATIVADO
16512693;1;1;2026-02-01;2026-02-02;REATIVADO
16514280;1;1;2026-03-27;2026-04-08;REATIVADO
16516028;1;1;2026-01-02;2026-03-20;ATIVADO
16523562;1;1;2026-03-01;2026-04-30;REATIVADO
16527833;1;1;2026-03-03;2026-07-13;REATIVADO
16528335;1;1;2026-04-06;2026-06-24;REATIVADO
16530484;1;1;2026-04-01;2026-07-21;REATIVADO
16541360;1;1;2026-04-27;2026-03-23;REATIVADO
16550229;1;1;2026-02-27;2026-01-28;REATIVADO
16553990;1;1;2026-02-02;2026-05-14;ATIVADO
16561420;1;1;2026-03-09;;REATIVADO
16561623;1;1;2026-06-22;2026-07-21;REATIVADO
16563200;1;1;2026-05-04;2026-06-30;REATIVADO
16564246;1;1;2026-03-22;2026-07-14;ATIVADO
16568313;1;1;2026-03-15;2026-03-03;REATIVADO
16569320;1;1;2026-01-25;2026-06-10;REATIVADO
16569625;1;1;2026-06-15;2026-04-13;REATIVADO
16582215;1;1;2026-04-13;2026-06-23;REATIVADO
16582713;1;1;2026-03-09;2026-04-09;REATIVADO
16585224;1;1;2026-01-03;2025-09-03;REATIVADO
16585498;1;1;2026-01-30;2026-07-21;ATIVADO
16588593;1;1;2026-03-31;2025-09-11;REATIVADO
1659524;1;1;2026-04-06;2026-06-24;REATIVADO
16598583;1;1;2026-01-26;2026-07-03;REATIVADO
16598884;1;1;2026-05-28;;ATIVADO
16602174;1;1;2026-03-04;2026-07-07;REATIVADO
16605206;1;1;2026-03-09;2026-06-30;ATIVADO
16633671;1;1;2026-05-16;2026-05-14;REATIVADO
1663413;1;1;2026-06-22;2026-02-26;REATIVADO
16636218;1;1;2026-01-14;2026-05-28;REATIVADO
16636846;1;1;2026-05-11;2026-07-15;REATIVADO
16643230;1;1;2026-03-23;2026-07-15;REATIVADO
16643408;1;1;2026-03-18;2026-05-27;REATIVADO
16643411;1;1;2026-04-18;2025-09-23;REATIVADO
16644679;1;1;2026-02-23;2026-05-28;REATIVADO
16655506;1;1;2026-05-27;2026-03-18;REATIVADO
16658216;1;1;2026-03-23;2026-06-08;REATIVADO
16659859;1;1;2026-01-28;2026-05-18;REATIVADO
16660035;1;1;2026-03-27;2026-07-08;REATIVADO
1666037;1;1;2026-05-11;2026-06-25;REATIVADO
16661580;1;1;2026-03-05;2026-07-17;ATIVADO
16667546;1;1;2026-06-12;2026-07-07;REATIVADO
16669088;1;1;2026-05-21;2026-06-03;REATIVADO
16669918;1;1;2026-02-10;2026-06-22;REATIVADO
16676780;1;1;2026-04-20;2026-07-01;ATIVADO
16678821;1;1;2026-06-29;2026-05-21;REATIVADO
16682286;1;1;2026-04-06;2026-04-22;REATIVADO
16682447;1;1;2026-04-08;2026-04-16;REATIVADO
16684676;1;1;2026-06-03;2026-06-16;REATIVADO
16691;1;1;2026-04-06;2025-11-18;REATIVADO
1669415;1;1;2026-02-27;2026-07-15;REATIVADO
16696721;1;1;2026-03-09;2026-04-24;REATIVADO
1669842;1;1;2026-02-01;2026-04-09;REATIVADO
16702097;1;1;2026-05-06;2026-06-11;REATIVADO
16703187;1;1;2026-05-13;2026-05-12;REATIVADO
16708307;1;1;2026-03-25;2026-05-20;REATIVADO
16715835;1;1;2026-06-22;2026-06-19;REATIVADO
16716100;1;1;2026-03-19;2026-05-29;ATIVADO
16716118;1;1;2026-05-22;2026-07-20;REATIVADO
16720208;1;1;2026-03-23;2026-04-15;REATIVADO
16721066;1;1;2026-05-24;2025-09-04;REATIVADO
1673087;1;1;2026-05-27;2026-01-29;REATIVADO
16734244;1;1;2026-02-27;2026-06-17;ATIVADO
1673604;1;1;2026-03-17;2026-03-17;REATIVADO
16739800;1;1;2026-01-20;2026-06-11;REATIVADO
16740078;1;1;2026-02-21;2025-12-18;REATIVADO
16741139;1;1;2026-03-02;2026-07-10;REATIVADO
16745824;1;1;2026-01-07;2026-06-08;REATIVADO
16747200;1;1;2026-02-04;2026-04-27;REATIVADO
16748373;1;1;2026-02-10;2026-07-07;REATIVADO
16749428;1;1;2026-01-28;2026-04-07;REATIVADO
16750553;1;1;2026-01-09;2026-07-20;ATIVADO
16771471;1;1;2026-05-30;2026-06-01;REATIVADO
16771608;1;1;2026-01-26;2025-08-21;REATIVADO
16774338;1;1;2026-02-04;2026-05-13;REATIVADO
16778623;1;1;2026-02-23;2026-02-19;REATIVADO
16780916;1;1;2026-03-06;2026-03-02;REATIVADO
1678194;1;1;2026-06-22;2026-07-01;REATIVADO
16785906;1;1;2026-06-28;2025-09-30;REATIVADO
16786514;1;1;2026-05-05;;REATIVADO
16789586;1;1;2026-02-19;2026-02-19;REATIVADO
16807636;1;1;2026-05-07;2026-07-16;REATIVADO
16810818;1;1;2026-02-10;;REATIVADO
16815776;1;1;2026-05-12;2025-10-24;REATIVADO
16821072;1;1;2026-01-19;2026-01-14;REATIVADO
16821487;1;1;2026-05-11;2026-05-11;REATIVADO
16824743;1;1;2026-02-06;2026-07-16;ATIVADO
16824898;1;1;2026-02-20;2026-02-19;REATIVADO
1682975;1;1;2026-06-03;;REATIVADO
16829929;1;1;2026-05-27;2026-05-26;REATIVADO
16830364;1;1;2026-06-08;2026-07-20;REATIVADO
16830558;1;1;2026-05-26;2026-05-13;REATIVADO
16842637;1;1;2026-04-02;2026-04-15;REATIVADO
16843096;1;1;2026-01-23;2026-07-15;REATIVADO
16843312;1;1;2026-06-22;2026-03-30;REATIVADO
16845499;1;1;2026-06-23;2025-09-08;REATIVADO
16857494;1;1;2026-03-25;2026-04-28;REATIVADO
16859921;1;1;2026-03-26;2026-07-16;REATIVADO
16860173;1;1;2026-04-27;2026-05-15;REATIVADO
16866332;1;1;2026-04-24;2026-07-14;REATIVADO
16868172;1;1;2026-02-27;2026-04-29;REATIVADO
16868745;1;1;2026-03-26;2026-06-30;REATIVADO
16880470;1;1;2026-01-15;2026-04-02;REATIVADO
16880795;1;1;2026-06-12;2026-06-25;REATIVADO
16881250;1;1;2026-06-09;2026-06-12;REATIVADO
1689231;1;1;2026-01-21;2026-01-19;REATIVADO
1689394;1;1;2026-03-24;2026-07-02;REATIVADO
16895224;1;1;2026-03-25;2026-03-24;REATIVADO
16900142;1;1;2026-05-23;2026-05-20;REATIVADO
16900880;1;1;2026-04-15;2025-11-28;REATIVADO
16907451;1;1;2026-05-11;2026-05-28;ATIVADO
1692217;1;1;2026-05-26;2026-06-15;REATIVADO
16933962;1;1;2026-04-23;2026-04-22;REATIVADO
16934144;1;1;2026-02-12;2026-03-12;REATIVADO
16942474;1;1;2026-04-06;2025-10-21;REATIVADO
169491;1;1;2026-01-19;2025-09-25;REATIVADO
16950432;1;1;2026-03-23;2026-03-25;REATIVADO
16962420;1;1;2026-05-26;2026-06-15;REATIVADO
16963612;1;1;2026-02-22;2026-02-06;REATIVADO
16967039;1;1;2026-04-08;2026-06-18;REATIVADO
16968864;1;1;2026-01-28;2026-05-20;REATIVADO
16980639;1;1;2026-03-09;2026-07-02;REATIVADO
1698398;1;1;2026-05-18;2026-06-01;REATIVADO
1698502;1;1;2026-02-09;2026-06-23;REATIVADO
16991378;1;1;2026-04-27;2026-04-24;REATIVADO
16992096;1;1;2026-05-06;;REATIVADO
16994595;1;1;2026-02-27;2025-10-08;REATIVADO
16997691;1;1;2026-05-26;2026-05-29;REATIVADO
1699823;1;1;2026-06-09;2026-06-09;REATIVADO
17002639;1;1;2026-06-17;2026-07-14;REATIVADO
1700416;1;1;2026-06-22;2026-07-09;REATIVADO
17005581;1;1;2026-04-30;2026-04-02;REATIVADO
17006710;1;1;2026-03-11;2026-03-10;REATIVADO
17009489;1;1;2026-05-23;2026-07-10;REATIVADO
17011717;1;1;2026-05-22;2026-07-16;REATIVADO
17015033;1;1;2026-05-07;2026-04-27;REATIVADO
17024989;1;1;2026-03-09;2026-03-09;REATIVADO
17031816;1;1;2026-06-26;2026-05-11;ATIVADO
17031900;1;1;2026-04-03;2026-07-14;REATIVADO
17032613;1;1;2026-06-06;2026-06-03;REATIVADO
17036920;1;1;2026-06-30;2026-07-02;REATIVADO
17038179;1;1;2026-04-01;;REATIVADO
17038352;1;1;2026-03-23;2026-05-28;REATIVADO
17039744;1;1;2026-06-13;2026-06-12;REATIVADO
17051964;1;1;2026-04-14;2026-03-30;REATIVADO
17052764;1;1;2026-01-02;2026-05-25;REATIVADO
17055581;1;1;2026-06-08;2026-07-15;REATIVADO
17056370;1;1;2026-03-10;2026-03-04;REATIVADO
1705843;1;1;2026-04-06;2026-01-23;REATIVADO
17069617;1;1;2026-01-28;2026-03-16;REATIVADO
17073514;1;1;2026-01-14;2026-02-09;REATIVADO
17077085;1;1;2026-06-09;2026-07-08;REATIVADO
17077273;1;1;2026-04-16;2025-10-27;REATIVADO
17079236;1;1;2026-05-06;2026-06-24;REATIVADO
17081614;1;1;2026-06-26;2026-07-01;REATIVADO
17081662;1;1;2026-01-04;2026-05-20;REATIVADO
17082687;1;1;2026-05-05;2026-06-23;REATIVADO
17082727;1;1;2026-03-26;2026-07-21;REATIVADO
17082854;1;1;2026-01-03;2026-06-18;REATIVADO
17083331;1;1;2026-03-31;2026-04-08;REATIVADO
17083361;1;1;2026-05-24;2026-04-24;REATIVADO
17083498;1;1;2026-01-26;2026-06-18;REATIVADO
17083599;1;1;2026-04-14;2026-07-14;REATIVADO
17083684;1;1;2026-06-06;2025-07-25;REATIVADO
17083848;1;1;2026-01-27;2026-04-09;REATIVADO
17084394;1;1;2026-04-20;2026-05-19;ATIVADO
17084409;1;1;2026-03-16;2026-07-17;REATIVADO
17084461;1;1;2026-03-18;2026-04-27;REATIVADO
17084477;1;1;2026-06-23;2026-06-24;ATIVADO
17084595;1;1;2026-06-04;2026-04-29;REATIVADO
17084601;1;1;2026-06-16;2026-06-26;REATIVADO
17084739;1;1;2026-03-11;2026-03-12;ATIVADO
17084939;1;1;2026-02-02;2026-04-14;REATIVADO
17085471;1;1;2026-03-20;2026-04-28;REATIVADO
17085566;1;1;2026-03-17;2026-03-18;REATIVADO
17085725;1;1;2026-03-12;2026-06-10;REATIVADO
17085837;1;1;2026-05-29;2026-07-09;ATIVADO
17086017;1;1;2026-01-23;2026-07-13;REATIVADO
17086105;1;1;2026-01-29;2026-06-25;REATIVADO
17086295;1;1;2026-04-14;2026-07-08;REATIVADO
17086316;1;1;2026-02-25;2026-04-29;ATIVADO
17086377;1;1;2026-05-14;2026-06-10;REATIVADO
17087159;1;1;2026-05-22;2026-06-17;REATIVADO
17087215;1;1;2026-03-08;2026-03-24;REATIVADO
17087238;1;1;2026-02-23;2026-02-19;REATIVADO
17087525;1;1;2026-06-10;2026-07-15;REATIVADO
17087585;1;1;2026-03-18;2026-07-17;REATIVADO
17087668;1;1;2026-02-13;2026-05-18;REATIVADO
17087806;1;1;2026-04-27;2026-05-28;REATIVADO
17087981;1;1;2026-01-30;2026-04-28;REATIVADO
17088122;1;1;2026-04-30;2025-12-11;REATIVADO
17088281;1;1;2026-05-14;2026-06-05;REATIVADO
17088283;1;1;2026-02-10;2026-05-08;REATIVADO
17088469;1;1;2026-02-25;2026-05-14;REATIVADO
17088560;1;1;2026-01-16;2026-05-14;REATIVADO
17089854;1;1;2026-03-16;2026-07-22;REATIVADO
17091365;1;1;2026-01-05;2026-01-12;REATIVADO
17092583;1;1;2026-06-22;2025-09-19;REATIVADO
17097245;1;1;2026-04-06;2026-04-08;REATIVADO
17097696;1;1;2026-01-07;2026-07-21;REATIVADO
17100976;1;1;2026-03-30;2026-04-28;REATIVADO
17113344;1;1;2026-02-08;2025-11-28;REATIVADO
17113519;1;1;2026-05-05;2025-10-16;REATIVADO
17115918;1;1;2026-02-26;2026-02-10;REATIVADO
17120791;1;1;2026-03-26;2026-07-07;REATIVADO
17125629;1;1;2026-02-13;2026-05-14;REATIVADO
17127100;1;1;2026-05-16;2026-05-11;REATIVADO
17127198;1;1;2026-05-20;2026-04-16;REATIVADO
17134948;1;1;2026-02-01;2026-05-26;REATIVADO
17135405;1;1;2026-05-10;2026-06-26;REATIVADO
17135517;1;1;2026-05-05;2026-03-24;REATIVADO
17135710;1;1;2026-03-09;2026-02-23;REATIVADO
17140728;1;1;2026-06-25;2026-06-26;REATIVADO
17141559;1;1;2026-01-17;2026-07-07;REATIVADO
17142317;1;1;2026-06-12;2026-07-17;REATIVADO
17153112;1;1;2026-03-24;2026-06-29;REATIVADO
17156151;1;1;2026-05-14;2026-06-16;REATIVADO
17156733;1;1;2026-02-10;2026-07-01;ATIVADO
17160331;1;1;2026-02-22;2026-03-13;REATIVADO
17160948;1;1;2026-03-18;2025-08-08;REATIVADO
17162206;1;1;2026-03-11;2026-04-07;REATIVADO
17163159;1;1;2026-02-20;2026-01-28;REATIVADO
1716507;1;1;2026-06-08;;REATIVADO
17166275;1;1;2026-04-13;2026-07-01;ATIVADO
17166360;1;1;2026-02-08;2026-05-14;ATIVADO
17168288;1;1;2026-03-19;2026-07-20;REATIVADO
17169075;1;1;2026-03-29;2026-04-28;REATIVADO
17172270;1;1;2026-06-17;2026-06-16;REATIVADO
17172314;1;1;2026-06-13;2025-12-23;REATIVADO
17176468;1;1;2026-03-19;2026-06-24;REATIVADO
17177086;1;1;2026-02-18;2026-07-16;REATIVADO
17177103;1;1;2026-06-16;2026-07-20;REATIVADO
17177539;1;1;2026-03-18;2026-06-09;REATIVADO
17179581;1;1;2026-01-26;2026-07-18;REATIVADO
17179982;1;1;2026-05-16;2025-09-02;REATIVADO
17181770;1;1;2026-06-19;2026-07-15;REATIVADO
17183695;1;1;2026-01-22;2026-01-19;REATIVADO
17190814;1;1;2026-04-14;2026-05-08;ATIVADO
17194248;1;1;2026-04-27;2026-05-04;REATIVADO
17195535;1;1;2026-06-26;;REATIVADO
17204647;1;1;2026-04-06;2026-04-10;REATIVADO
17205159;1;1;2026-01-14;2026-06-02;ATIVADO
17205214;1;1;2026-03-09;2026-03-25;REATIVADO
17209797;1;1;2026-03-26;;REATIVADO
17212682;1;1;2026-03-19;2026-05-25;REATIVADO
17212922;1;1;2026-05-26;2026-06-30;REATIVADO
17224177;1;1;2026-05-04;2026-05-19;REATIVADO
1722606;1;1;2026-03-24;2026-06-03;ATIVADO
17238280;1;1;2026-06-26;2026-03-25;REATIVADO
17240703;1;1;2026-06-24;2026-07-20;REATIVADO
17241609;1;1;2026-03-09;;REATIVADO
17241735;1;1;2026-04-15;2025-12-11;REATIVADO
17242354;1;1;2026-06-22;2026-06-22;REATIVADO
17244185;1;1;2026-04-16;2026-06-18;REATIVADO
17246578;1;1;2026-01-31;2026-02-24;REATIVADO
17247696;1;1;2026-03-16;2025-08-28;REATIVADO
17249777;1;1;2026-04-02;2026-07-08;REATIVADO
17254168;1;1;2026-01-23;2026-06-03;REATIVADO
17260378;1;1;2026-04-13;2026-05-18;REATIVADO
17263617;1;1;2026-05-25;;REATIVADO
17263622;1;1;2026-05-04;2026-06-26;REATIVADO
17263650;1;1;2026-05-19;2026-07-06;ATIVADO
17263738;1;1;2026-06-10;2026-06-12;ATIVADO
17263813;1;1;2026-03-23;2026-02-26;REATIVADO
17263848;1;1;2026-01-05;2026-07-20;REATIVADO
17268757;1;1;2026-05-05;2026-02-20;REATIVADO
17271844;1;1;2026-01-13;2026-06-11;REATIVADO
1727565;1;1;2026-03-10;2026-04-10;REATIVADO
1727827;1;1;2026-05-10;2026-05-29;REATIVADO
17283552;1;1;2026-03-30;2026-02-20;REATIVADO
17284622;1;1;2026-06-09;;REATIVADO
17289293;1;1;2026-05-09;2026-03-26;REATIVADO
17292836;1;1;2026-05-28;2026-05-28;REATIVADO
17298106;1;1;2026-03-05;2026-04-28;REATIVADO
17300713;1;1;2026-02-09;;REATIVADO
17307303;1;1;2026-01-03;2026-06-23;REATIVADO
17311764;1;1;2026-02-23;2026-05-27;REATIVADO
17312650;1;1;2026-04-26;2026-05-08;REATIVADO
17312982;1;1;2026-03-23;2026-07-17;REATIVADO
17314377;1;1;2026-01-20;2026-06-25;REATIVADO
17325408;1;1;2026-05-11;2026-05-29;REATIVADO
17326119;1;1;2026-04-06;2026-04-14;REATIVADO
17326280;1;1;2026-04-29;2025-10-21;REATIVADO
17328003;1;1;2026-04-29;2026-07-20;REATIVADO
17329058;1;1;2026-01-20;2026-02-10;REATIVADO
17342734;1;1;2026-03-27;2026-07-17;REATIVADO
17343536;1;1;2026-05-24;2026-06-08;REATIVADO
17344859;1;1;2026-03-27;;ATIVADO
17346821;1;1;2026-03-17;2026-05-06;REATIVADO
17347589;1;1;2026-04-18;2026-05-20;REATIVADO
17348536;1;1;2026-03-09;2026-03-03;REATIVADO
17348900;1;1;2026-06-08;2025-12-10;REATIVADO
17350552;1;1;2026-02-28;2026-02-06;REATIVADO
17350905;1;1;2026-06-01;2026-06-02;REATIVADO
17371713;1;1;2026-05-04;2026-05-27;REATIVADO
17379868;1;1;2026-03-27;2026-04-14;REATIVADO
17381695;1;1;2026-03-16;2026-05-18;REATIVADO
17385346;1;1;2026-06-16;2026-06-18;REATIVADO
17385642;1;1;2026-06-05;2025-11-10;REATIVADO
17386611;1;1;2026-04-13;2026-04-23;REATIVADO
17390256;1;1;2026-06-23;2026-07-13;REATIVADO
17395106;1;1;2026-05-25;2026-05-15;REATIVADO
17425484;1;1;2026-01-12;2026-06-09;REATIVADO
17426325;1;1;2026-01-14;2025-07-23;REATIVADO
17428159;1;1;2026-01-20;2026-07-16;REATIVADO
17428758;1;1;2026-06-19;2026-06-09;REATIVADO
17440797;1;1;2026-06-26;2026-04-28;REATIVADO
17441436;1;1;2026-01-19;2026-06-18;REATIVADO
17449591;1;1;2026-06-08;2026-03-17;REATIVADO
17450300;1;1;2026-03-11;2026-07-13;REATIVADO
17451125;1;1;2026-03-18;2026-06-17;REATIVADO
17454304;1;1;2026-06-09;2026-06-09;ATIVADO
17464707;1;1;2026-06-05;;REATIVADO
17466018;1;1;2026-04-23;2026-06-02;REATIVADO
17472305;1;1;2026-01-19;2026-07-21;REATIVADO
17473191;1;1;2026-06-18;2025-09-17;REATIVADO
17473625;1;1;2026-02-02;2026-03-12;REATIVADO
17474777;1;1;2026-06-18;2026-07-13;REATIVADO
17475266;1;1;2026-04-21;2026-06-15;REATIVADO
17475655;1;1;2026-01-05;2026-06-05;ATIVADO
17476071;1;1;2026-06-02;2025-09-11;REATIVADO
17479844;1;1;2026-03-12;2026-05-12;REATIVADO
17480511;1;1;2026-06-11;;REATIVADO
17491024;1;1;2026-05-12;;REATIVADO
17495342;1;1;2026-06-30;2026-07-21;REATIVADO
17496254;1;1;2026-05-12;2026-04-20;REATIVADO
17499599;1;1;2026-05-20;2025-12-16;REATIVADO
17514660;1;1;2026-04-23;2025-07-21;REATIVADO
17515821;1;1;2026-02-01;2026-02-09;REATIVADO
17516345;1;1;2026-04-30;2026-04-27;REATIVADO
17520257;1;1;2026-03-09;2025-08-14;REATIVADO
17520786;1;1;2026-04-10;;REATIVADO
1752246;1;1;2026-03-16;2026-06-30;REATIVADO
17527654;1;1;2026-03-13;2026-05-07;REATIVADO
17531370;1;1;2026-05-08;2026-05-08;REATIVADO
1753168;1;1;2026-06-09;2025-09-03;REATIVADO
17531898;1;1;2026-01-19;2026-02-06;REATIVADO
17536098;1;1;2026-03-20;2025-10-24;REATIVADO
1754214;1;1;2026-06-16;2026-06-19;REATIVADO
17542270;1;1;2026-01-10;2026-06-19;REATIVADO
17542667;1;1;2026-06-23;2026-06-22;REATIVADO
1754476;1;1;2026-05-25;2026-06-11;REATIVADO
17546080;1;1;2026-02-13;2026-04-23;REATIVADO
175499;1;1;2026-03-10;;REATIVADO
17567561;1;1;2026-05-05;2026-06-09;REATIVADO
17569871;1;1;2026-03-18;2026-03-11;REATIVADO
17571185;1;1;2026-03-30;2026-06-01;REATIVADO
17575120;1;1;2026-04-25;2026-05-21;REATIVADO
17581095;1;1;2026-01-29;2026-03-11;REATIVADO
17582576;1;1;2026-06-19;2025-10-24;REATIVADO
17583286;1;1;2026-05-25;;REATIVADO
17583394;1;1;2026-05-25;2026-05-29;REATIVADO
17584222;1;1;2026-04-30;;REATIVADO
17590011;1;1;2026-01-08;2025-11-11;REATIVADO
17591246;1;1;2026-02-10;;REATIVADO
17591537;1;1;2026-05-11;2026-05-21;REATIVADO
17605053;1;1;2026-02-25;2026-07-03;REATIVADO
17606651;1;1;2026-03-17;2026-03-17;REATIVADO
17608688;1;1;2026-01-19;2026-07-15;REATIVADO
17609473;1;1;2026-06-19;2026-06-11;REATIVADO
17627027;1;1;2026-05-19;2026-05-18;REATIVADO
17628958;1;1;2026-03-27;2026-04-09;REATIVADO
17631517;1;1;2026-04-14;2026-06-22;REATIVADO
17635969;1;1;2026-01-26;2026-01-23;REATIVADO
17637636;1;1;2026-03-26;2026-05-05;REATIVADO
17638754;1;1;2026-03-05;2026-06-03;REATIVADO
1764189;1;1;2026-04-27;2026-05-12;REATIVADO
17657566;1;1;2026-02-24;2026-06-30;REATIVADO
1765846;1;1;2026-01-08;2026-05-28;ATIVADO
17670006;1;1;2026-03-17;2026-03-27;REATIVADO
17677994;1;1;2026-03-02;2026-06-19;REATIVADO
17683968;1;1;2026-03-16;2026-05-04;REATIVADO
17688122;1;1;2026-05-27;2026-06-29;REATIVADO
17689491;1;1;2026-04-02;2026-04-01;REATIVADO
17690838;1;1;2026-03-19;2026-05-28;REATIVADO
17708257;1;1;2026-05-12;2026-05-19;REATIVADO
17717938;1;1;2026-02-19;2026-04-01;REATIVADO
17719457;1;1;2026-05-27;2026-03-19;REATIVADO
1771999;1;1;2026-05-12;2026-04-23;REATIVADO
17727523;1;1;2026-05-12;2026-07-15;REATIVADO
17736112;1;1;2026-06-01;2026-07-20;REATIVADO
17744959;1;1;2026-06-02;2026-07-02;REATIVADO
1775366;1;1;2026-03-10;2026-06-25;REATIVADO
1776086;1;1;2026-05-06;2025-08-26;REATIVADO
17762949;1;1;2026-01-12;2026-07-01;REATIVADO
17768317;1;1;2026-01-03;2026-05-29;REATIVADO
17769539;1;1;2026-02-24;2026-01-22;REATIVADO
17771839;1;1;2026-04-03;2025-09-09;REATIVADO
17772268;1;1;2026-06-18;2026-06-24;REATIVADO
17772435;1;1;2026-05-18;2026-05-07;REATIVADO
17776909;1;1;2026-01-15;;ATIVADO
17778850;1;1;2026-02-10;2026-05-28;REATIVADO
17787413;1;1;2026-05-26;;REATIVADO
17791077;1;1;2026-02-13;2026-06-05;REATIVADO
17792920;1;1;2026-04-20;2026-04-20;REATIVADO
17794774;1;1;2026-03-25;2026-03-25;REATIVADO
17796000;1;1;2026-02-14;2026-05-08;REATIVADO
1779754;1;1;2026-01-12;2026-03-23;REATIVADO
17813234;1;1;2026-05-04;2026-05-11;REATIVADO
17818540;1;1;2026-01-17;2026-07-09;REATIVADO
17818689;1;1;2026-02-03;2026-07-21;REATIVADO
17818913;1;1;2026-05-12;2025-10-20;REATIVADO
17820209;1;1;2026-06-27;2026-07-17;REATIVADO
17828776;1;1;2026-03-26;2025-09-16;REATIVADO
17831920;1;1;2026-06-17;2026-06-18;ATIVADO
17832752;1;1;2026-06-08;2026-07-14;REATIVADO
17837298;1;1;2026-01-14;2026-05-21;REATIVADO
17837755;1;1;2026-01-08;2025-10-29;REATIVADO
17840120;1;1;2026-02-23;2026-07-06;REATIVADO
178465;1;1;2026-04-22;2025-11-07;REATIVADO
17857270;1;1;2026-03-12;2026-03-25;REATIVADO
17858221;1;1;2026-02-03;2026-04-27;REATIVADO
17861647;1;1;2026-04-29;2026-04-28;REATIVADO
17869219;1;1;2026-02-14;2026-05-08;REATIVADO
17870122;1;1;2026-04-27;2026-04-27;REATIVADO
17870863;1;1;2026-04-01;2026-07-15;REATIVADO
17873330;1;1;2026-02-02;2025-08-07;REATIVADO
17874868;1;1;2026-04-29;2026-05-13;REATIVADO
17877687;1;1;2026-05-13;2026-06-12;REATIVADO
17883328;1;1;2026-01-23;2026-05-26;REATIVADO
17896105;1;1;2026-03-20;2026-05-28;REATIVADO
17896108;1;1;2026-03-16;2026-07-16;REATIVADO
1790783;1;1;2026-01-30;2026-05-22;REATIVADO
17914527;1;1;2026-04-17;2026-05-22;REATIVADO
17914705;1;1;2026-05-28;2026-06-18;REATIVADO
17929664;1;1;2026-03-03;2026-05-15;REATIVADO
17936226;1;1;2026-04-27;2026-05-08;REATIVADO
17941971;1;1;2026-03-21;2026-05-14;REATIVADO
17943332;1;1;2026-01-27;2026-05-27;REATIVADO
17948020;1;1;2026-03-16;2026-05-25;REATIVADO
17970597;1;1;2026-02-19;;REATIVADO
17978988;1;1;2026-05-04;2026-03-20;REATIVADO
1797975;1;1;2026-03-02;2026-02-26;ATIVADO
17981963;1;1;2026-06-30;2026-04-29;REATIVADO
17982562;1;1;2026-02-09;2026-07-14;ATIVADO
17983264;1;1;2026-02-26;2026-03-09;REATIVADO
17989121;1;1;2026-02-24;2026-04-09;REATIVADO
17995083;1;1;2026-06-09;2026-04-08;REATIVADO
1799972;1;1;2026-01-28;2026-03-11;REATIVADO
18003585;1;1;2026-06-22;2026-07-08;REATIVADO
18023718;1;1;2026-04-28;2026-05-04;REATIVADO
18024364;1;1;2026-02-09;2026-06-10;REATIVADO
18027940;1;1;2026-05-11;2026-05-08;REATIVADO
18028827;1;1;2026-02-13;2026-07-16;REATIVADO
18029186;1;1;2026-06-10;2026-02-23;REATIVADO
18033845;1;1;2026-01-18;2025-08-14;REATIVADO
18037375;1;1;2026-03-31;2026-04-22;REATIVADO
18040078;1;1;2026-02-21;2026-06-23;REATIVADO
18042645;1;1;2026-06-22;2026-03-30;REATIVADO
18045286;1;1;2026-05-25;2025-12-18;REATIVADO
18049194;1;1;2026-01-05;2026-04-16;REATIVADO
18049288;1;1;2026-05-05;2026-07-06;REATIVADO
1805262;1;1;2026-04-08;2026-04-09;REATIVADO
18058206;1;1;2026-02-28;2026-07-10;REATIVADO
18061414;1;1;2026-01-08;2026-06-15;REATIVADO
1806209;1;1;2026-01-26;2026-05-21;ATIVADO
1806469;1;1;2026-06-03;2025-10-29;REATIVADO
1807333;1;1;2026-02-02;2026-03-16;REATIVADO
18078392;1;1;2026-05-11;2026-07-14;REATIVADO
18081817;1;1;2026-06-04;2026-05-19;REATIVADO
18087669;1;1;2026-03-30;;REATIVADO
18089861;1;1;2026-02-06;2026-06-08;REATIVADO
18094445;1;1;2026-02-10;2026-05-11;REATIVADO
18102389;1;1;2026-03-26;2026-05-14;REATIVADO
18102403;1;1;2026-04-01;;REATIVADO
18107239;1;1;2026-01-27;2026-02-23;REATIVADO
18108399;1;1;2026-02-25;2026-05-05;REATIVADO
18112545;1;1;2026-06-03;2026-06-02;REATIVADO
18114010;1;1;2026-03-02;2026-06-16;REATIVADO
18114598;1;1;2026-06-21;2026-06-25;REATIVADO
18120101;1;1;2026-06-30;2026-05-14;REATIVADO
18151675;1;1;2026-01-26;2026-05-26;REATIVADO
18162834;1;1;2026-01-28;2026-04-27;REATIVADO
18166058;1;1;2026-06-22;2026-07-17;REATIVADO
18168661;1;1;2026-05-02;2026-04-29;REATIVADO
18171540;1;1;2026-01-08;2026-06-26;REATIVADO
18173984;1;1;2026-04-22;;REATIVADO
18175476;1;1;2026-04-01;2026-04-16;REATIVADO
18176200;1;1;2026-04-29;2026-04-30;ATIVADO
18181956;1;1;2026-06-13;;REATIVADO
18183054;2;1;2026-04-02;2026-05-25;REATIVADO
1819334;1;1;2026-05-19;2026-06-16;REATIVADO
1820055;1;1;2026-02-26;2026-04-01;REATIVADO
18210128;1;1;2026-04-04;2026-07-13;REATIVADO
18217557;1;1;2026-01-19;2026-04-30;REATIVADO
18228442;1;1;2026-03-17;2025-07-30;REATIVADO
18230681;1;1;2026-01-02;2026-07-21;REATIVADO
18231205;1;1;2026-01-06;2026-01-06;REATIVADO
18238609;1;1;2026-01-21;2026-03-27;REATIVADO
18249602;1;1;2026-01-26;2026-02-10;REATIVADO
18250543;1;1;2026-01-02;2026-04-29;REATIVADO
18271978;1;1;2026-06-02;2026-05-28;REATIVADO
18273223;1;1;2026-03-11;2026-06-01;REATIVADO
18276207;1;1;2026-01-27;;ATIVADO
18276507;1;1;2026-02-20;2026-05-20;REATIVADO
18284471;1;1;2026-05-11;2026-04-27;REATIVADO
18285615;1;1;2026-01-29;2026-06-23;ATIVADO
18286112;1;1;2026-06-21;2026-07-21;REATIVADO
18286205;1;1;2026-04-28;2026-05-19;ATIVADO
18293235;1;1;2026-04-17;2026-07-16;REATIVADO
18295195;1;1;2026-03-09;2026-07-14;REATIVADO
18296988;1;1;2026-01-28;;REATIVADO
1830444;1;1;2026-04-29;2026-06-01;REATIVADO
1831534;1;1;2026-02-27;2026-04-28;REATIVADO
18321250;1;1;2026-06-30;;REATIVADO
1832401;1;1;2026-02-20;2026-03-10;REATIVADO
18350488;1;1;2026-06-07;2026-04-07;REATIVADO
18353381;1;1;2026-02-18;2026-03-19;REATIVADO
18359010;1;1;2026-02-16;2026-03-17;REATIVADO
18363247;1;1;2026-03-03;2026-04-15;REATIVADO
18364253;1;1;2026-06-06;2026-06-12;REATIVADO
18370167;1;1;2026-01-30;2026-06-30;REATIVADO
18378716;1;1;2026-01-17;2026-06-16;REATIVADO
18382239;1;1;2026-06-26;2026-06-29;REATIVADO
18412541;1;1;2026-04-11;2026-04-06;REATIVADO
18417078;1;1;2026-01-24;2026-05-15;REATIVADO
18417082;1;1;2026-02-01;2026-01-08;REATIVADO
18421350;1;1;2026-04-02;2026-07-17;REATIVADO
18422674;1;1;2026-01-09;2026-07-20;REATIVADO
18422853;1;1;2026-04-09;2026-07-15;ATIVADO
18428764;1;1;2026-02-20;2026-07-09;REATIVADO
18430789;1;1;2026-06-08;2026-07-07;ATIVADO
18435359;1;1;2026-06-23;2026-06-23;REATIVADO
18436856;1;1;2026-03-15;2026-06-25;REATIVADO
18437024;1;1;2026-02-03;2025-11-28;REATIVADO
18438246;1;1;2026-06-16;2026-07-20;REATIVADO
18438716;1;1;2026-06-18;;REATIVADO
18440101;1;1;2026-01-08;2026-05-20;REATIVADO
1846284;1;1;2026-03-14;2026-07-16;REATIVADO
18464704;1;1;2026-05-25;2026-07-10;REATIVADO
18471415;1;1;2026-02-02;;REATIVADO
18476198;1;1;2026-03-30;2026-07-14;REATIVADO
18481670;1;1;2026-06-12;2026-06-29;REATIVADO
18483946;1;1;2026-02-26;2026-06-30;REATIVADO
18487122;1;1;2026-04-10;2025-10-21;REATIVADO
18490090;2;1;2026-01-19;2026-05-07;REATIVADO
18490488;1;1;2026-06-25;2026-05-26;REATIVADO
18492151;1;1;2026-05-04;2026-05-04;ATIVADO
18494527;1;1;2026-04-08;2026-07-01;REATIVADO
18500372;1;1;2026-01-30;2026-03-17;REATIVADO
18501013;1;1;2026-04-06;2026-03-03;REATIVADO
18523894;1;1;2026-04-07;2026-07-02;ATIVADO
18533942;1;1;2026-03-10;;ATIVADO
18534156;1;1;2026-02-01;2026-04-10;REATIVADO
18534911;1;1;2026-02-09;2026-06-25;REATIVADO
18537636;1;1;2026-05-16;2026-05-18;REATIVADO
18552965;1;1;2026-01-09;2026-04-07;REATIVADO
18556370;1;1;2026-06-26;2026-05-29;REATIVADO
18560508;1;1;2026-02-12;2026-06-24;REATIVADO
18561268;1;1;2026-05-28;2025-12-09;REATIVADO
18562095;1;1;2026-04-27;2026-06-01;REATIVADO
18563304;1;1;2026-04-05;2025-12-16;REATIVADO
18581878;1;1;2026-02-28;2026-04-08;REATIVADO
18584334;1;1;2026-05-06;;REATIVADO
18584607;1;1;2026-03-09;2026-02-26;REATIVADO
18587657;1;1;2026-02-06;2026-05-14;REATIVADO
18602273;1;1;2026-03-16;2026-06-26;REATIVADO
18604913;1;1;2026-03-29;2026-02-19;REATIVADO
18605450;1;1;2026-04-11;2026-06-25;REATIVADO
18609286;1;1;2026-04-01;2026-05-14;REATIVADO
18619136;1;1;2026-05-06;2025-07-21;REATIVADO
18622341;1;1;2026-06-12;2025-12-11;REATIVADO
18622344;1;1;2026-06-26;2026-06-25;REATIVADO
18622481;1;1;2026-02-18;2026-07-21;REATIVADO
18640632;1;1;2026-04-17;2026-04-13;REATIVADO
1864191;1;1;2026-05-25;2026-06-26;REATIVADO
18642898;1;1;2026-02-02;2026-04-27;REATIVADO
18643599;1;1;2026-01-27;2026-07-16;REATIVADO
18651755;1;1;2026-05-29;2026-05-08;REATIVADO
18653465;1;1;2026-05-16;2026-06-08;REATIVADO
18654730;1;1;2026-05-04;2026-05-04;REATIVADO
18656265;1;1;2026-01-21;2026-06-12;REATIVADO
18661848;1;1;2026-03-31;2026-06-09;REATIVADO
18664503;1;1;2026-02-02;2026-07-14;REATIVADO
18669121;1;1;2026-02-12;2026-06-22;REATIVADO
18669367;1;1;2026-02-18;2026-04-29;REATIVADO
18669656;1;1;2026-04-02;2026-05-08;REATIVADO
1867097;1;1;2026-01-12;2026-01-12;REATIVADO
18682382;1;1;2026-02-28;2026-07-21;REATIVADO
18697787;1;1;2026-04-06;2026-05-04;REATIVADO
18699319;1;1;2026-04-13;2025-10-28;REATIVADO
18710305;1;1;2026-03-09;2026-06-24;REATIVADO
18712269;1;1;2026-02-12;2026-04-06;REATIVADO
18714401;1;1;2026-05-25;2026-06-24;REATIVADO
18714733;1;1;2026-05-05;;REATIVADO
18716749;1;1;2026-06-03;2026-06-05;REATIVADO
18717600;1;1;2026-04-15;2026-06-23;ATIVADO
18719193;1;1;2026-04-13;2026-05-13;REATIVADO
18728085;1;1;2026-02-02;2026-07-16;REATIVADO
18756217;1;1;2026-03-01;2026-05-19;REATIVADO
18759723;1;1;2026-04-09;;REATIVADO
18764494;1;1;2026-02-23;2025-10-29;REATIVADO
18765229;1;1;2026-03-26;2026-07-03;REATIVADO
18765709;1;1;2026-03-03;2026-05-28;REATIVADO
18766758;1;1;2026-05-19;2026-07-02;REATIVADO
18772865;1;1;2026-05-10;;REATIVADO
18772900;1;1;2026-02-06;2026-05-27;REATIVADO
18773629;1;1;2026-02-24;2026-04-29;REATIVADO
18777122;1;1;2026-03-28;2026-05-27;REATIVADO
18778132;1;1;2026-06-07;2026-06-01;REATIVADO
18779571;1;1;2026-05-04;2026-06-18;REATIVADO
18781585;1;1;2026-01-27;;REATIVADO
18783061;1;1;2026-03-28;2026-04-23;REATIVADO
18796366;1;1;2026-06-29;2026-05-27;REATIVADO
18798279;1;1;2026-04-01;;REATIVADO
18802179;1;1;2026-06-02;2025-11-06;REATIVADO
18806425;1;1;2026-02-10;2026-02-10;REATIVADO
18809426;1;1;2026-02-14;2026-06-22;ATIVADO
18813071;1;1;2026-04-01;2026-04-14;REATIVADO
18816854;1;1;2026-06-18;2026-04-28;REATIVADO
1881934;1;1;2026-03-05;2026-05-21;REATIVADO
1882142;1;1;2026-05-20;2026-06-25;REATIVADO
18821437;1;1;2026-06-26;2026-04-06;REATIVADO
18823289;1;1;2026-02-04;2026-06-16;REATIVADO
18825357;1;1;2026-02-11;2026-05-20;REATIVADO
18827803;1;1;2026-03-09;2026-05-22;ATIVADO
18830950;1;1;2026-02-10;2026-02-03;REATIVADO
1883163;1;1;2026-06-15;2026-06-10;REATIVADO
18847660;1;1;2026-05-05;2026-07-15;REATIVADO
18848227;1;1;2026-04-22;2026-04-22;REATIVADO
18849082;1;1;2026-02-24;2026-07-17;REATIVADO
18851425;1;1;2026-03-06;2026-05-11;REATIVADO
1885214;1;1;2026-05-12;2026-06-15;ATIVADO
18855957;1;1;2026-04-22;2025-12-22;REATIVADO
18859211;1;1;2026-06-16;2026-07-07;REATIVADO
18859564;1;1;2026-01-05;;REATIVADO
18859744;1;1;2026-05-28;2026-07-17;REATIVADO
18863461;1;1;2026-06-30;2026-01-08;REATIVADO
18866176;1;1;2026-03-01;2026-07-03;ATIVADO
18868055;1;1;2026-03-06;2026-07-14;REATIVADO
188699;1;1;2026-02-23;2026-06-12;REATIVADO
18878194;1;1;2026-03-10;2026-04-17;REATIVADO
18881679;1;1;2026-01-08;;ATIVADO
18881835;1;1;2026-03-09;2025-11-27;REATIVADO
18883253;1;1;2026-04-20;2026-06-23;REATIVADO
18897589;1;1;2026-02-03;2026-07-01;ATIVADO
18900231;1;1;2026-05-18;2026-05-28;REATIVADO
18906693;1;1;2026-04-01;2026-07-02;REATIVADO
18914486;1;1;2026-02-27;2026-02-27;REATIVADO
18920435;1;1;2026-03-23;2026-07-15;REATIVADO
18921068;1;1;2026-05-20;2026-04-01;REATIVADO
18924018;1;1;2026-03-17;2026-03-26;REATIVADO
18926234;1;1;2026-06-20;2026-05-05;REATIVADO
18928346;1;1;2026-05-30;2026-02-04;REATIVADO
18940070;1;1;2026-04-06;;REATIVADO
18944519;1;1;2026-03-13;2026-07-21;REATIVADO
18947732;1;1;2026-01-19;2025-09-10;REATIVADO
18948179;1;1;2026-04-13;2026-05-29;REATIVADO
18948606;1;1;2026-03-23;2026-03-24;REATIVADO
18949782;1;1;2026-06-24;2026-07-14;REATIVADO
18955216;1;1;2026-02-11;2026-07-17;REATIVADO
18962836;1;1;2026-01-04;2026-07-16;REATIVADO
18963024;1;1;2026-04-16;2026-05-13;REATIVADO
18963612;1;1;2026-04-14;2026-04-08;REATIVADO
18968672;1;1;2026-04-16;2026-04-20;REATIVADO
18969139;1;1;2026-03-12;2026-05-13;REATIVADO
18970927;1;1;2026-03-24;2026-07-16;REATIVADO
18986012;1;1;2026-05-10;2026-05-29;REATIVADO
18986192;1;1;2026-01-05;2026-05-12;REATIVADO
18986581;1;1;2026-06-08;2026-07-10;REATIVADO
18990516;1;1;2026-03-01;2026-07-06;REATIVADO
18992687;1;1;2026-03-18;2026-06-24;REATIVADO
18996003;1;1;2026-05-14;2026-07-08;REATIVADO
18998895;1;1;2026-04-02;2026-05-07;REATIVADO
18999057;1;1;2026-02-18;2026-05-11;REATIVADO
19005093;1;1;2026-05-06;;REATIVADO
19005433;1;1;2026-06-01;2026-05-27;REATIVADO
19006010;1;1;2026-06-02;2025-08-11;REATIVADO
19025738;1;1;2026-06-03;2026-04-01;REATIVADO
19027456;1;1;2026-04-07;2026-07-15;REATIVADO
19027830;1;1;2026-06-03;2025-11-24;REATIVADO
19029080;1;1;2026-04-28;2025-11-13;REATIVADO
1903532;1;1;2026-06-21;2026-06-19;ATIVADO
19036043;1;1;2026-05-12;2026-05-29;REATIVADO
19037104;1;1;2026-02-12;2026-07-15;REATIVADO
19038939;1;1;2026-03-10;2026-07-14;REATIVADO
19042483;1;1;2026-05-04;;REATIVADO
19046350;1;1;2026-04-28;;REATIVADO
19051772;1;1;2026-02-02;2026-06-05;REATIVADO
19052283;1;1;2026-03-23;2026-06-18;REATIVADO
19079387;1;1;2026-01-19;;REATIVADO
19079974;1;1;2026-06-12;2026-06-11;REATIVADO
19081407;1;1;2026-02-12;;REATIVADO
19086629;1;1;2026-03-27;2026-07-20;REATIVADO
19089673;1;1;2026-03-26;2026-04-27;REATIVADO
19092465;1;1;2026-05-14;2026-05-07;ATIVADO
19094024;1;1;2026-01-31;2026-06-23;REATIVADO
19101800;1;1;2026-06-08;2026-04-13;REATIVADO
1911126;1;1;2026-05-06;;REATIVADO
19118256;1;1;2026-02-23;2025-08-12;REATIVADO
19118602;1;1;2026-02-01;2026-06-23;REATIVADO
19124455;1;1;2026-05-15;2026-06-17;ATIVADO
19127128;1;1;2026-06-29;2026-07-01;REATIVADO
19133384;1;1;2026-05-08;2026-05-05;REATIVADO
19133575;1;1;2026-03-23;2026-04-30;REATIVADO
19135422;1;1;2026-04-25;2026-04-24;REATIVADO
1913922;1;1;2026-05-04;2026-04-29;REATIVADO
19139736;1;1;2026-04-08;2026-06-17;ATIVADO
19140617;1;1;2026-04-17;2026-07-21;REATIVADO
19141188;1;1;2026-01-11;2026-04-27;REATIVADO
19141602;1;1;2026-02-02;2026-05-25;REATIVADO
19162437;1;1;2026-06-30;2026-06-26;REATIVADO
19163642;1;1;2026-06-20;2026-06-22;REATIVADO
19164347;1;1;2026-06-26;2025-09-01;REATIVADO
19165520;1;1;2026-03-24;2026-04-22;REATIVADO
19169994;1;1;2026-05-19;2026-04-07;REATIVADO
19173799;1;1;2026-01-14;2026-02-20;REATIVADO
19174002;1;1;2026-03-24;2026-07-16;ATIVADO
19174088;1;1;2026-03-06;2026-03-06;REATIVADO
19181665;1;1;2026-03-17;2026-05-11;REATIVADO
19188384;1;1;2026-06-10;2026-07-09;REATIVADO
19216100;1;1;2026-05-18;2025-11-27;REATIVADO
19218449;1;1;2026-04-11;2026-07-10;REATIVADO
19218954;1;1;2026-03-12;2026-07-16;REATIVADO
19219260;1;1;2026-05-27;2026-07-15;REATIVADO
19223868;1;1;2026-04-14;2026-04-28;REATIVADO
19227435;1;1;2026-04-16;2025-11-13;REATIVADO
1923270;1;1;2026-02-02;2026-05-27;REATIVADO
19241425;1;1;2026-05-09;2026-07-13;REATIVADO
19241593;1;1;2026-01-24;2026-06-30;REATIVADO
1924932;1;1;2026-06-15;2025-11-26;REATIVADO
19254338;1;1;2026-06-11;2025-12-04;REATIVADO
19255156;1;1;2026-02-19;2026-05-21;REATIVADO
19258509;1;1;2026-05-26;2026-05-18;REATIVADO
19264080;1;1;2026-04-16;2026-05-25;REATIVADO
19265588;1;1;2026-01-10;2026-07-13;REATIVADO
1926598;1;1;2026-01-08;2026-06-15;REATIVADO
19266153;1;1;2026-04-21;2026-06-16;REATIVADO
19266155;1;1;2026-01-29;2026-05-13;REATIVADO
19267613;1;1;2026-06-28;2026-03-30;REATIVADO
19270629;1;1;2026-04-30;2026-05-21;REATIVADO
19272179;1;1;2026-03-10;2026-07-07;ATIVADO
19278246;1;1;2026-03-23;2026-03-18;REATIVADO
19279800;1;1;2026-06-22;2026-06-22;REATIVADO
19280364;1;1;2026-05-21;2026-06-11;REATIVADO
19283738;1;1;2026-02-20;2026-05-18;REATIVADO
19284844;1;1;2026-03-13;2026-07-16;REATIVADO
19285041;1;1;2026-02-11;2026-06-24;REATIVADO
19288374;1;1;2026-01-27;2026-02-06;REATIVADO
19292224;1;1;2026-01-27;2026-06-22;REATIVADO
19303774;1;1;2026-02-21;2026-07-21;ATIVADO
19307180;1;1;2026-02-17;2026-06-30;REATIVADO
19308274;1;1;2026-01-27;2026-07-20;REATIVADO
19308788;1;1;2026-04-23;2026-01-30;REATIVADO
19310282;1;1;2026-01-13;2026-01-13;REATIVADO
19313765;1;1;2026-01-24;2026-05-19;REATIVADO
19314370;1;1;2026-01-13;2026-07-21;REATIVADO
19324189;1;1;2026-02-24;2026-05-08;REATIVADO
19327171;1;1;2026-03-16;2026-06-22;REATIVADO
19328879;1;1;2026-06-18;2026-06-30;REATIVADO
19348855;1;1;2026-06-27;2026-07-08;REATIVADO
19354225;1;1;2026-03-11;2026-03-19;REATIVADO
19355250;1;1;2026-06-01;2026-06-11;REATIVADO
19362161;1;1;2026-01-12;2026-04-13;REATIVADO
19365115;1;1;2026-05-14;;REATIVADO
19365961;1;1;2026-06-17;;REATIVADO
19368550;1;1;2026-01-21;2026-05-12;REATIVADO
19372546;1;1;2026-05-06;2026-06-24;REATIVADO
19373722;1;1;2026-01-26;2025-11-18;REATIVADO
19374086;1;1;2026-05-11;2026-05-25;REATIVADO
19389356;1;1;2026-02-18;2026-04-13;ATIVADO
19390233;1;1;2026-06-29;2026-07-15;REATIVADO
19393034;1;1;2026-05-02;2026-01-27;REATIVADO
19396897;1;1;2026-04-23;2026-07-14;REATIVADO
19397744;1;1;2026-03-17;2025-08-26;REATIVADO
19398651;1;1;2026-05-11;2025-12-11;REATIVADO
19398944;1;1;2026-03-10;2026-03-24;REATIVADO
19400789;1;1;2026-06-30;2026-07-06;REATIVADO
19405542;1;1;2026-01-10;2026-07-09;REATIVADO
19405768;1;1;2026-05-13;2026-05-06;REATIVADO
19406372;1;1;2026-01-25;2025-09-12;REATIVADO
19410417;1;1;2026-05-16;2026-07-20;REATIVADO
19410610;1;1;2026-03-10;;REATIVADO
19410717;1;1;2026-05-13;2026-06-24;REATIVADO
19411054;1;1;2026-02-21;2026-02-12;REATIVADO
19411234;1;1;2026-01-05;2026-05-07;REATIVADO
19437120;1;1;2026-05-13;2026-06-16;REATIVADO
19443393;1;1;2026-03-17;2026-04-08;REATIVADO
19443990;1;1;2026-03-18;2026-03-18;REATIVADO
19446325;1;1;2026-03-16;2026-04-02;ATIVADO
19447856;1;1;2026-06-01;2026-07-10;REATIVADO
19448711;1;1;2026-02-06;2025-12-09;REATIVADO
19452801;1;1;2026-06-17;2026-06-10;ATIVADO
19454510;1;1;2026-04-20;2026-05-05;ATIVADO
19457677;1;1;2026-06-28;2026-07-20;REATIVADO
1946605;1;1;2026-03-05;2026-05-20;REATIVADO
19467719;1;1;2026-01-19;2026-05-08;REATIVADO
19483295;1;1;2026-02-12;2026-06-02;REATIVADO
19486049;1;1;2026-06-10;2026-06-10;REATIVADO
1948634;1;1;2026-05-04;2026-07-06;REATIVADO
19486503;1;1;2026-05-26;2026-06-18;REATIVADO
19492126;1;1;2026-05-10;2026-04-06;REATIVADO
19492232;1;1;2026-06-28;2026-06-19;REATIVADO
19499725;1;1;2026-02-04;2026-06-10;REATIVADO
19500600;1;1;2026-06-03;2026-07-15;REATIVADO
1950371;1;1;2026-03-30;2026-05-19;ATIVADO
19505010;1;1;2026-06-17;2026-06-11;REATIVADO
19506668;1;1;2026-03-11;2026-07-01;REATIVADO
19507374;1;1;2026-06-02;2026-05-15;REATIVADO
19518648;1;1;2026-01-05;2026-04-23;REATIVADO
19529724;1;1;2026-05-25;2025-11-10;REATIVADO
19530718;1;1;2026-02-13;2026-07-17;REATIVADO
19530967;1;1;2026-04-16;2026-05-27;ATIVADO
19533089;1;1;2026-01-20;2025-09-03;REATIVADO
19539477;1;1;2026-02-10;2026-06-29;REATIVADO
19540324;1;1;2026-05-06;2026-05-05;ATIVADO
19540898;1;1;2026-02-11;2025-08-22;REATIVADO
19546071;1;1;2026-05-12;2026-06-24;REATIVADO
19546083;1;1;2026-03-24;2026-02-26;REATIVADO
19548489;1;1;2026-05-20;;REATIVADO
19549548;1;1;2026-04-22;2026-07-01;ATIVADO
19551381;1;1;2026-01-06;2026-07-16;REATIVADO
19552878;1;1;2026-02-06;;REATIVADO
19552972;1;1;2026-06-02;2026-04-16;REATIVADO
19553016;1;1;2026-05-09;2026-05-11;ATIVADO
19554982;1;1;2026-05-09;2026-04-06;REATIVADO
19561100;1;1;2026-01-12;2026-03-24;REATIVADO
19561706;1;1;2026-02-03;2026-07-14;REATIVADO
19564955;1;1;2026-04-02;2026-05-15;REATIVADO
19565009;1;1;2026-04-29;;REATIVADO
19578236;1;1;2026-03-19;2026-03-19;REATIVADO
19581111;1;1;2026-05-25;2026-04-15;REATIVADO
19583509;1;1;2026-05-18;2026-04-20;REATIVADO
19586564;1;1;2026-05-06;2026-05-05;REATIVADO
19586582;1;1;2026-05-30;2026-07-21;REATIVADO
19589589;1;1;2026-04-16;2026-04-29;REATIVADO
19593359;1;1;2026-03-17;2026-02-27;REATIVADO
19597118;1;1;2026-04-30;2026-05-27;REATIVADO
19600751;1;1;2026-05-18;2026-06-12;ATIVADO
19602792;1;1;2026-03-28;2026-04-27;REATIVADO
19602793;1;1;2026-04-15;2025-07-28;REATIVADO
19604398;1;1;2026-05-18;2026-07-16;REATIVADO
19604920;1;1;2026-05-24;2025-10-27;REATIVADO
19609115;1;1;2026-06-12;2026-06-12;REATIVADO
19610313;1;1;2026-05-28;2026-07-17;ATIVADO
19610751;1;1;2026-05-04;2026-06-03;ATIVADO
19610948;1;1;2026-04-08;2026-07-20;REATIVADO
19611916;1;1;2026-02-10;2026-02-10;REATIVADO
19628999;1;1;2026-05-19;2026-06-17;REATIVADO
19645948;1;1;2026-06-02;2026-07-21;REATIVADO
19646309;1;1;2026-01-06;2026-07-01;REATIVADO
19647525;1;1;2026-01-02;2026-07-08;ATIVADO
19654182;1;1;2026-05-19;2026-05-08;REATIVADO
19657411;1;1;2026-06-12;2026-03-04;REATIVADO
19678872;1;1;2026-02-03;2026-04-22;REATIVADO
1967940;1;1;2026-06-09;2026-06-19;REATIVADO
19679533;1;1;2026-03-03;2026-02-23;REATIVADO
19681589;1;1;2026-04-29;2026-02-11;REATIVADO
19681989;1;1;2026-04-01;;REATIVADO
196863;1;1;2026-01-29;2026-07-01;REATIVADO
19687955;1;1;2026-04-11;2025-09-03;REATIVADO
19689024;1;1;2026-03-04;;REATIVADO
19689567;1;1;2026-01-22;2026-04-30;REATIVADO
19697466;1;1;2026-05-17;2026-06-23;REATIVADO
19699426;1;1;2026-02-01;;REATIVADO
19703095;1;1;2026-03-03;2026-07-06;REATIVADO
19704616;1;1;2026-05-17;2026-05-14;REATIVADO
19705168;1;1;2026-06-16;2026-07-01;REATIVADO
19706353;1;1;2026-03-11;2026-06-15;REATIVADO
19709641;1;1;2026-01-23;2026-05-21;ATIVADO
19709715;1;1;2026-05-18;2026-02-24;REATIVADO
19710280;1;1;2026-06-28;2026-06-25;REATIVADO
19738642;1;1;2026-04-20;2026-07-09;REATIVADO
1975135;1;1;2026-03-07;2026-03-10;REATIVADO
19762454;1;1;2026-03-28;2026-05-20;REATIVADO
19762808;1;1;2026-05-07;2026-02-18;REATIVADO
19779565;1;1;2026-03-21;2026-07-03;REATIVADO
19779618;1;1;2026-05-06;2025-11-06;REATIVADO
19781049;1;1;2026-06-17;2026-06-30;REATIVADO
19781274;1;1;2026-03-23;2026-04-13;REATIVADO
19782948;1;1;2026-05-30;2026-04-17;ATIVADO
19785811;1;1;2026-06-12;;REATIVADO
19787305;1;1;2026-02-05;2026-03-04;REATIVADO
19790866;1;1;2026-06-23;2026-07-06;REATIVADO
19791201;1;1;2026-05-19;2026-06-17;REATIVADO
19795329;1;1;2026-01-26;2026-06-22;REATIVADO
19796186;1;1;2026-03-14;2026-04-28;REATIVADO
19796242;1;1;2026-03-30;;ATIVADO
19801343;1;1;2026-01-26;;REATIVADO
19803316;1;1;2026-01-23;2026-07-09;ATIVADO
19808018;1;1;2026-05-27;2026-06-18;REATIVADO
19811211;1;1;2026-06-18;2025-11-06;REATIVADO
1981205;1;1;2026-05-25;2026-05-25;REATIVADO
19812594;1;1;2026-02-18;2026-01-07;REATIVADO
19825371;1;1;2026-01-19;2026-07-03;REATIVADO
19825581;1;1;2026-03-17;2026-04-07;REATIVADO
19826289;1;1;2026-03-24;2026-05-12;REATIVADO
19828185;1;1;2026-05-30;2026-02-23;REATIVADO
19828688;1;1;2026-01-10;2026-07-14;ATIVADO
19833044;1;1;2026-02-25;2026-05-29;REATIVADO
19833047;1;1;2026-01-25;2026-06-22;REATIVADO
19841148;1;1;2026-06-23;2026-01-29;REATIVADO
19841404;1;1;2026-04-30;2026-06-02;REATIVADO
19842308;1;1;2026-06-19;2026-06-26;REATIVADO
19843408;1;1;2026-04-22;2026-03-31;REATIVADO
19843998;1;1;2026-04-24;2026-04-02;REATIVADO
1984551;1;1;2026-06-30;2026-05-15;REATIVADO
19848779;1;1;2026-04-16;2026-05-15;REATIVADO
19851353;1;1;2026-02-21;2026-07-21;REATIVADO
19856635;1;1;2026-02-26;2026-05-21;REATIVADO
19857254;1;1;2026-06-09;2026-06-09;REATIVADO
19857553;1;1;2026-06-03;2026-04-29;REATIVADO
19878111;1;1;2026-02-23;2026-02-25;REATIVADO
19880391;1;1;2026-02-09;2026-02-09;REATIVADO
19882190;1;1;2026-02-09;2026-04-06;ATIVADO
19885623;1;1;2026-02-26;2026-07-21;ATIVADO
19886455;1;1;2026-05-05;2026-04-13;REATIVADO
19887527;1;1;2026-06-22;2026-07-17;REATIVADO
19889357;1;1;2026-04-22;2025-10-02;REATIVADO
1989182;1;1;2026-01-30;2026-05-12;REATIVADO
19892985;1;1;2026-05-18;2026-07-10;REATIVADO
1989601;1;1;2026-01-27;2026-05-04;REATIVADO
1989673;1;1;2026-02-11;2026-02-05;REATIVADO
1990025;1;1;2026-05-04;2026-04-24;ATIVADO
19901850;1;1;2026-01-27;2026-05-19;ATIVADO
1990259;1;1;2026-02-01;2026-02-05;REATIVADO
19904596;1;1;2026-05-28;2026-06-26;REATIVADO
19905470;1;1;2026-05-02;2026-07-21;ATIVADO
19905530;1;1;2026-06-15;2026-07-01;REATIVADO
19928686;1;1;2026-03-03;2026-03-09;REATIVADO
19928864;1;1;2026-04-15;;REATIVADO
19929974;1;1;2026-04-04;2026-04-30;REATIVADO
19931822;1;1;2026-06-13;2026-03-31;REATIVADO
19931977;1;1;2026-05-18;2026-06-23;REATIVADO
19936264;1;1;2026-04-29;2026-04-28;REATIVADO
19938659;1;1;2026-02-06;2026-07-21;REATIVADO
19939099;1;1;2026-05-18;2026-06-25;REATIVADO
19940735;1;1;2026-02-02;2026-05-13;REATIVADO
19943677;1;1;2026-03-24;2026-05-20;REATIVADO
1995080;1;1;2026-02-22;2026-05-29;REATIVADO
19950981;1;1;2026-03-16;2025-11-27;REATIVADO
1995122;1;1;2026-05-25;2026-06-12;REATIVADO
19952087;1;1;2026-06-23;2026-07-13;REATIVADO
19953243;1;1;2026-06-06;2025-10-03;REATIVADO
19955742;1;1;2026-06-05;2026-06-11;REATIVADO
19960344;1;1;2026-02-23;2026-04-24;REATIVADO
19961776;1;1;2026-05-25;2025-07-21;REATIVADO
19963687;1;1;2026-04-13;2026-04-06;REATIVADO
19979553;1;1;2026-04-09;2026-07-20;REATIVADO
19983591;1;1;2026-01-12;2026-06-10;ATIVADO
19986327;1;1;2026-01-26;2026-06-25;REATIVADO
19986343;1;1;2026-04-17;2026-06-23;REATIVADO
19987812;1;1;2026-06-20;2026-07-21;REATIVADO
19989425;1;1;2026-03-17;2026-05-28;REATIVADO
19996758;1;1;2026-06-08;;REATIVADO
19999572;1;1;2026-02-10;2026-06-17;REATIVADO
20001103;1;1;2026-02-03;2026-07-06;REATIVADO
20003568;1;1;2026-05-18;2026-04-08;REATIVADO
20003693;1;1;2026-03-23;2026-06-24;REATIVADO
20006746;1;1;2026-01-31;2026-07-21;REATIVADO
20009136;1;1;2026-06-29;2026-02-25;REATIVADO
20011075;1;1;2026-06-23;2026-06-24;REATIVADO
20024562;1;1;2026-03-23;2026-05-13;REATIVADO
20026200;1;1;2026-06-23;2026-05-29;REATIVADO
20026435;1;1;2026-03-11;2026-04-01;REATIVADO
20028166;1;1;2026-02-27;;REATIVADO
20028305;1;1;2026-05-05;2026-03-26;REATIVADO
2002844;1;1;2026-05-25;2025-12-05;REATIVADO
20028811;1;1;2026-05-13;2025-07-28;REATIVADO
20033353;1;1;2026-05-09;2026-05-25;REATIVADO
20035412;1;1;2026-06-01;2026-07-01;REATIVADO
20040832;1;1;2026-03-02;2026-07-07;ATIVADO
20041151;1;1;2026-06-27;2026-05-29;REATIVADO
20042892;1;1;2026-04-13;2026-05-18;REATIVADO
20043819;1;1;2026-04-21;2026-04-20;REATIVADO
20043986;1;1;2026-02-14;2026-03-10;REATIVADO
20046011;1;1;2026-05-19;2026-03-20;REATIVADO
20046790;1;1;2026-01-18;2026-03-30;REATIVADO
20046897;1;1;2026-05-22;2026-07-15;REATIVADO
20047215;1;1;2026-06-03;2026-06-03;REATIVADO
20047860;1;1;2026-03-28;2026-03-23;REATIVADO
20048871;1;1;2026-01-26;2026-02-13;REATIVADO
2005027;1;1;2026-05-11;2026-06-25;REATIVADO
2005264;1;1;2026-01-26;2026-07-17;REATIVADO
20071654;1;1;2026-03-20;2025-09-10;REATIVADO
20073472;1;1;2026-02-07;2026-03-16;REATIVADO
20081945;1;1;2026-01-18;2026-03-23;REATIVADO
20082136;1;1;2026-03-24;2025-09-10;REATIVADO
20082577;1;1;2026-05-18;2026-03-30;REATIVADO
20082740;1;1;2026-03-03;2026-05-21;REATIVADO
20084788;1;1;2026-01-26;2026-03-16;REATIVADO
20085339;1;1;2026-03-19;2026-01-20;REATIVADO
20085585;1;1;2026-03-11;2026-06-26;REATIVADO
20091556;1;1;2026-01-13;2026-06-12;REATIVADO
20095306;1;1;2026-06-22;2026-03-12;REATIVADO
20096166;1;1;2026-04-28;2026-05-26;REATIVADO
20096207;1;1;2026-05-11;2026-05-11;REATIVADO
20108087;1;1;2026-04-15;;REATIVADO
20108568;1;1;2026-04-11;2026-07-20;REATIVADO
20110507;1;1;2026-02-23;2025-10-23;REATIVADO
20111847;1;1;2026-06-21;2026-07-08;REATIVADO
20130921;1;1;2026-04-08;2026-06-18;REATIVADO
20131470;1;1;2026-01-12;2026-07-14;REATIVADO
20135755;1;1;2026-04-21;2026-06-17;REATIVADO
20136064;1;1;2026-04-02;2026-07-14;REATIVADO
20136093;1;1;2026-05-18;2026-05-21;REATIVADO
20136166;1;1;2026-03-11;2025-09-17;REATIVADO
20137208;1;1;2026-03-19;2026-07-20;REATIVADO
20137718;1;1;2026-05-29;2026-04-07;REATIVADO
20139288;1;1;2026-03-02;2026-06-24;REATIVADO
20144718;1;1;2026-06-24;2026-06-09;REATIVADO
20148566;1;1;2026-04-06;2026-06-25;REATIVADO
20149723;1;1;2026-01-16;2026-06-30;ATIVADO
20151172;1;1;2026-03-27;2026-04-07;REATIVADO
20154600;1;1;2026-06-01;2026-04-29;REATIVADO
20156541;1;1;2026-03-05;;ATIVADO
20161953;1;1;2026-04-09;2026-01-26;REATIVADO
20162851;1;1;2026-05-03;2025-10-20;REATIVADO
20166101;1;1;2026-02-22;2026-07-16;REATIVADO
2017758;1;1;2026-02-25;2026-06-22;REATIVADO
20183732;1;1;2026-06-21;2026-06-16;REATIVADO
20186952;1;1;2026-02-11;2026-07-13;REATIVADO
20191012;1;1;2026-06-01;2026-02-05;REATIVADO
20191610;1;1;2026-03-09;2026-03-04;REATIVADO
20193038;1;1;2026-04-16;2026-04-01;REATIVADO
20195661;1;1;2026-01-20;2026-05-13;REATIVADO
20196355;1;1;2026-02-05;2026-07-06;REATIVADO
20196863;1;1;2026-03-20;2025-10-15;REATIVADO
20201707;1;1;2026-05-22;2026-03-20;REATIVADO
20202774;1;1;2026-04-07;2025-11-26;REATIVADO
20204290;1;1;2026-06-24;2026-03-04;REATIVADO
20207138;1;1;2026-06-15;2026-06-30;REATIVADO
20207223;1;1;2026-04-15;2026-06-18;REATIVADO
20207847;1;1;2026-02-08;2026-06-16;REATIVADO
20208690;1;1;2026-05-26;2026-06-19;REATIVADO
20212050;1;1;2026-01-29;2026-06-05;ATIVADO
20218141;1;1;2026-03-08;2026-06-30;REATIVADO
20239025;1;1;2026-06-27;2025-12-10;REATIVADO
20248879;1;1;2026-02-12;2026-02-09;ATIVADO
20249427;1;1;2026-01-20;2026-02-26;REATIVADO
20250217;1;1;2026-01-21;2026-07-14;REATIVADO
20257524;1;1;2026-04-15;2026-04-15;ATIVADO
20258311;1;1;2026-03-18;2025-07-28;REATIVADO
20258955;1;1;2026-05-29;2026-07-08;REATIVADO
2026271;1;1;2026-03-03;2026-07-15;REATIVADO
20263646;1;1;2026-04-11;2025-08-25;REATIVADO
20264197;1;1;2026-02-18;2026-06-23;ATIVADO
20271326;1;1;2026-05-26;2025-07-28;REATIVADO
20271903;1;1;2026-04-17;2026-06-03;REATIVADO
2027376;1;1;2026-01-28;2026-03-24;REATIVADO
20288937;1;1;2026-02-19;2026-07-14;ATIVADO
20291518;1;1;2026-01-15;2026-04-02;REATIVADO
20295037;1;1;2026-05-05;2026-05-04;REATIVADO
20300417;1;1;2026-04-30;2026-06-30;REATIVADO
20301208;1;1;2026-03-05;2026-04-01;REATIVADO
20305149;1;1;2026-05-29;2026-07-01;REATIVADO
20305341;1;1;2026-04-24;2026-05-11;REATIVADO
20308277;1;1;2026-04-13;2026-07-21;REATIVADO
20308812;1;1;2026-04-06;2025-10-15;ATIVADO
20309782;1;1;2026-03-15;2026-04-08;REATIVADO
20309855;1;1;2026-01-19;2026-05-25;REATIVADO
20311579;1;1;2026-01-28;2026-07-10;REATIVADO
20312384;1;1;2026-04-14;2025-10-21;REATIVADO
20312877;1;1;2026-01-26;2025-12-18;REATIVADO
20313224;1;1;2026-03-16;2026-04-14;REATIVADO
2031336;1;1;2026-04-02;2026-04-02;REATIVADO
20317840;1;1;2026-02-09;2026-04-28;REATIVADO
20325370;1;1;2026-02-02;2026-07-09;REATIVADO
2032679;1;1;2026-03-15;2026-03-11;REATIVADO
20330607;1;1;2026-05-27;2026-06-17;REATIVADO
20330923;1;1;2026-05-12;2026-05-12;REATIVADO
2033511;1;1;2026-01-14;2026-01-20;REATIVADO
20366172;1;1;2026-01-31;2025-11-19;REATIVADO
20368255;1;1;2026-03-02;;REATIVADO
20371397;1;1;2026-04-15;2026-07-20;REATIVADO
20371668;1;1;2026-01-05;2026-06-05;REATIVADO
20382433;1;1;2026-04-06;2026-06-12;REATIVADO
20383640;1;1;2026-06-11;2026-04-22;REATIVADO
20384144;1;1;2026-02-18;;REATIVADO
20385211;1;1;2026-06-05;2026-07-17;REATIVADO
20385311;1;1;2026-05-22;2026-05-22;REATIVADO
2039005;1;1;2026-03-04;2026-03-30;REATIVADO
20401837;1;1;2026-06-15;2026-06-11;REATIVADO
20402265;1;1;2026-05-25;2026-02-26;REATIVADO
20404149;1;1;2026-01-21;2026-02-12;REATIVADO
20405202;1;1;2026-04-06;2026-07-21;REATIVADO
20405442;1;1;2026-03-23;2026-07-03;REATIVADO
20405538;1;1;2026-05-30;2025-09-11;REATIVADO
20405657;1;1;2026-05-17;2026-06-03;REATIVADO
20408940;1;1;2026-03-02;2026-06-02;REATIVADO
20412275;1;1;2026-05-15;2026-07-03;REATIVADO
20413579;1;1;2026-02-09;2026-03-27;REATIVADO
20413583;1;1;2026-06-04;2025-08-21;REATIVADO
20413767;1;1;2026-02-11;2026-02-10;ATIVADO
20414229;1;1;2026-01-12;;REATIVADO
20418139;1;1;2026-01-13;2026-05-06;REATIVADO
20418721;1;1;2026-04-11;2026-05-18;REATIVADO
20425419;1;1;2026-05-11;2026-07-02;REATIVADO
20426770;1;1;2026-03-10;2026-04-07;REATIVADO
20428350;1;1;2026-04-26;2026-05-05;REATIVADO
20428502;1;1;2026-04-06;2026-04-10;REATIVADO
20428764;1;1;2026-01-30;2026-01-13;REATIVADO
20431524;1;1;2026-01-06;;REATIVADO
20436238;1;1;2026-03-24;2026-03-19;REATIVADO
20436264;1;1;2026-03-21;2025-08-25;REATIVADO
20436346;1;1;2026-03-18;2026-07-16;ATIVADO
20439891;1;1;2026-04-09;2026-04-09;REATIVADO
20440589;1;1;2026-04-26;2026-04-08;REATIVADO
20440986;1;1;2026-01-21;2026-01-12;ATIVADO
20456717;1;1;2026-04-02;2026-03-17;REATIVADO
20459193;1;1;2026-05-13;2026-05-18;REATIVADO
20459314;1;1;2026-06-27;2026-07-20;REATIVADO
20460502;1;1;2026-04-13;2026-04-15;REATIVADO
20464663;1;1;2026-04-29;2026-04-28;REATIVADO
20465189;1;1;2026-03-04;2026-07-15;REATIVADO
20465446;1;1;2026-02-23;2026-03-20;REATIVADO
20466573;1;1;2026-02-02;;ATIVADO
20467891;1;1;2026-06-02;2026-03-26;REATIVADO
20468921;1;1;2026-04-30;2026-05-14;REATIVADO
20468952;1;1;2026-04-29;2026-06-17;REATIVADO
20469564;1;1;2026-02-01;2026-03-16;REATIVADO
20473215;1;1;2026-03-10;2026-05-14;ATIVADO
20474183;1;1;2026-05-05;2026-07-03;REATIVADO
20476683;1;1;2026-06-09;2025-09-30;REATIVADO
20481316;1;1;2026-04-21;2026-05-26;REATIVADO
20481658;1;1;2026-06-18;2026-06-25;REATIVADO
20485279;1;1;2026-02-04;2026-04-09;REATIVADO
20489182;1;1;2026-04-17;;REATIVADO
2050767;1;1;2026-02-04;2026-06-09;ATIVADO
20508846;1;1;2026-05-11;2026-06-25;REATIVADO
20509941;1;1;2026-04-24;2025-10-31;REATIVADO
20510566;1;1;2026-04-14;2026-05-18;REATIVADO
2051078;1;1;2026-04-08;2026-04-08;REATIVADO
20513309;1;1;2026-02-05;2026-06-03;REATIVADO
20515290;1;1;2026-06-07;2025-12-30;REATIVADO
20519433;1;1;2026-03-10;2026-05-14;REATIVADO
20519577;1;1;2026-05-21;2025-11-03;REATIVADO
20521521;1;1;2026-05-02;2026-04-01;REATIVADO
20522799;1;1;2026-03-23;2026-03-19;REATIVADO
20527431;1;1;2026-06-19;2025-09-12;REATIVADO
20532165;1;1;2026-03-25;2026-04-06;REATIVADO
20545572;1;1;2026-03-25;2026-07-17;REATIVADO
20547970;1;1;2026-03-24;2026-03-02;REATIVADO
20548839;1;1;2026-01-15;2026-07-20;REATIVADO
2056200;1;1;2026-05-29;2026-06-26;REATIVADO
20567851;1;1;2026-03-09;;REATIVADO
20568482;1;1;2026-01-20;2025-09-26;REATIVADO
20568940;1;1;2026-05-08;2026-05-06;REATIVADO
20570876;1;1;2026-04-14;2025-12-30;REATIVADO
20571147;1;1;2026-05-09;2026-04-01;REATIVADO
20577809;1;1;2026-06-30;2026-05-19;REATIVADO
20580581;1;1;2026-04-28;2026-05-29;REATIVADO
20582128;1;1;2026-02-03;;REATIVADO
20585014;1;1;2026-03-04;2026-03-19;REATIVADO
20586338;1;1;2026-06-17;2026-04-07;REATIVADO
20586954;1;1;2026-03-02;2026-04-07;REATIVADO
20589816;1;1;2026-04-28;2025-09-09;REATIVADO
20590455;1;1;2026-06-23;2026-04-14;REATIVADO
20597786;1;1;2026-04-29;2026-05-25;REATIVADO
20606182;1;1;2026-03-08;2026-07-13;REATIVADO
20610621;1;1;2026-03-09;2025-08-29;REATIVADO
20612989;1;1;2026-01-28;2026-07-14;ATIVADO
20628140;1;1;2026-02-04;2026-06-18;REATIVADO
20629093;1;1;2026-04-16;2026-04-15;REATIVADO
20629628;1;1;2026-03-12;2026-04-23;REATIVADO
20630009;1;1;2026-04-17;2026-05-06;REATIVADO
20640191;1;1;2026-06-22;2026-07-09;REATIVADO
20640843;1;1;2026-05-25;2026-03-03;REATIVADO
20643715;1;1;2026-03-29;2026-04-20;REATIVADO
20645028;1;1;2026-01-20;2026-02-23;REATIVADO
20655501;1;1;2026-06-11;2025-09-03;REATIVADO
20656700;1;1;2026-05-22;2026-07-06;REATIVADO
20660756;1;1;2026-05-19;2026-06-11;REATIVADO
20663794;1;1;2026-05-10;2026-06-12;REATIVADO
20664297;1;1;2026-06-11;2026-03-23;REATIVADO
2067232;1;1;2026-02-04;2026-06-18;REATIVADO
20691225;1;1;2026-05-25;2026-07-15;REATIVADO
20692692;1;1;2026-01-12;2026-06-10;REATIVADO
20693958;1;1;2026-04-28;2026-06-25;REATIVADO
20693966;1;1;2026-02-18;2026-07-16;REATIVADO
20700797;1;1;2026-06-14;2025-10-16;REATIVADO
20702250;1;1;2026-05-18;2025-12-19;REATIVADO
20702264;1;1;2026-02-18;2026-05-21;REATIVADO
20702578;1;1;2026-04-10;;REATIVADO
2070522;1;1;2026-04-08;2026-05-04;ATIVADO
20707737;1;1;2026-01-24;2026-02-23;ATIVADO
20709483;1;1;2026-02-02;2026-05-22;REATIVADO
20716547;1;1;2026-02-05;;ATIVADO
20725652;1;1;2026-05-22;2026-05-07;REATIVADO
20745018;1;1;2026-03-13;2025-12-04;REATIVADO
2074541;1;1;2026-05-05;2026-05-27;REATIVADO
20745436;1;1;2026-01-07;2026-06-25;ATIVADO
20746075;1;1;2026-04-28;2026-05-14;REATIVADO
20746255;1;1;2026-05-05;2026-02-02;REATIVADO
20746645;1;1;2026-06-12;2025-09-17;REATIVADO
20747160;1;1;2026-02-02;;REATIVADO
20747174;1;1;2026-05-13;2026-02-09;REATIVADO
20755145;1;1;2026-06-12;2026-06-24;REATIVADO
20757696;1;1;2026-01-25;2026-03-12;REATIVADO
20757988;1;1;2026-05-02;2026-03-19;REATIVADO
20758261;1;1;2026-01-20;2026-06-01;REATIVADO
20758312;1;1;2026-02-24;2026-05-12;REATIVADO
20758754;1;1;2026-04-16;2026-05-26;REATIVADO
20759568;1;1;2026-02-23;2026-05-27;REATIVADO
20761416;1;1;2026-05-15;2026-06-26;REATIVADO
20764019;1;1;2026-02-02;;REATIVADO
20767413;1;1;2026-05-17;2026-04-14;REATIVADO
20767450;1;1;2026-06-08;2026-03-17;REATIVADO
20767864;1;1;2026-06-24;2026-04-09;REATIVADO
20771524;1;1;2026-03-30;2026-04-27;REATIVADO
20774242;1;1;2026-03-05;2026-03-09;ATIVADO
20775919;1;1;2026-06-26;2026-06-25;REATIVADO
20781380;1;1;2026-05-01;2026-04-30;REATIVADO
20781537;1;1;2026-02-17;;ATIVADO
20786928;1;1;2026-03-25;2026-03-26;REATIVADO
2080098;1;1;2026-03-28;2026-03-17;REATIVADO
20802924;1;1;2026-06-12;2026-06-30;REATIVADO
20808119;1;1;2026-05-21;2026-02-12;REATIVADO
20809146;1;1;2026-03-04;2026-03-18;REATIVADO
20809697;1;1;2026-06-05;2026-06-09;REATIVADO
20815340;1;1;2026-03-20;2026-04-13;ATIVADO
20815896;1;1;2026-01-06;2026-04-20;REATIVADO
20822825;1;1;2026-06-17;2026-07-08;REATIVADO
20825927;1;1;2026-04-23;2026-03-18;REATIVADO
20833966;1;1;2026-01-09;2026-02-18;REATIVADO
20834716;1;1;2026-05-23;2026-06-12;REATIVADO
20836810;1;1;2026-06-28;2025-09-15;REATIVADO
20836911;1;1;2026-01-12;2026-04-27;REATIVADO
20840305;1;1;2026-05-25;2026-05-29;REATIVADO
20844217;1;1;2026-06-18;2026-06-17;ATIVADO
20845369;1;1;2026-02-25;2026-03-03;REATIVADO
20848703;1;1;2026-03-24;2026-06-25;REATIVADO
2085866;1;1;2026-04-14;2026-07-20;REATIVADO
20859618;1;1;2026-03-08;2026-03-09;REATIVADO
20860708;1;1;2026-01-14;2026-07-20;REATIVADO
20865881;1;1;2026-04-05;2026-03-17;REATIVADO
20868725;1;1;2026-01-21;2026-07-13;REATIVADO
20870804;1;1;2026-01-08;2026-06-11;ATIVADO
20881648;1;1;2026-04-30;2026-06-25;REATIVADO
20887150;1;1;2026-05-28;2026-07-17;REATIVADO
20889669;1;1;2026-05-13;2026-06-10;REATIVADO
20891178;1;1;2026-04-15;2026-04-15;REATIVADO
20896279;1;1;2026-03-30;2025-11-12;REATIVADO
20899169;1;1;2026-01-26;2026-07-08;REATIVADO
20900054;1;1;2026-05-26;2026-06-17;REATIVADO
2090487;1;1;2026-04-12;2026-04-07;REATIVADO
20918919;1;1;2026-03-02;2026-05-22;REATIVADO
20919706;1;1;2026-01-26;2026-06-22;REATIVADO
20922321;1;1;2026-06-15;2026-07-07;REATIVADO
20944904;1;1;2026-06-15;2026-06-17;REATIVADO
20948001;1;1;2026-05-30;2025-08-08;REATIVADO
20949498;1;1;2026-06-30;2026-06-30;REATIVADO
20952597;1;1;2026-06-27;2026-07-17;REATIVADO
20952943;1;1;2026-03-19;2026-07-02;REATIVADO
20960346;1;1;2026-04-02;2026-07-10;REATIVADO
20965769;1;1;2026-06-12;2026-07-13;ATIVADO
2097376;1;1;2026-04-07;2026-05-07;REATIVADO
20988833;1;1;2026-03-31;2026-06-17;REATIVADO
20988856;1;1;2026-03-06;;REATIVADO
2099136;1;1;2026-05-07;2026-03-23;REATIVADO
20991799;1;1;2026-06-15;2026-07-09;REATIVADO
20996613;1;1;2026-02-13;2026-05-07;REATIVADO
2100135;1;1;2026-01-20;;REATIVADO
21016448;1;1;2026-02-02;2026-05-27;REATIVADO
21020675;1;1;2026-02-12;2026-05-11;REATIVADO
21021182;1;1;2026-01-07;2026-06-18;REATIVADO
21037276;1;1;2026-03-25;2026-04-28;REATIVADO
21055711;1;1;2026-04-01;;REATIVADO
21061081;1;1;2026-06-10;2025-09-19;REATIVADO
21061416;1;1;2026-06-23;2026-06-29;REATIVADO
21067275;1;1;2026-06-05;2026-04-07;REATIVADO
21080924;1;1;2026-05-12;2026-05-19;REATIVADO
21081805;1;1;2026-06-12;2026-07-07;REATIVADO
21081875;1;1;2026-03-03;2026-06-19;ATIVADO
21089471;1;1;2026-06-19;;REATIVADO
21108958;1;1;2026-01-09;2026-05-21;REATIVADO
21113882;1;1;2026-06-22;2025-07-22;REATIVADO
21115133;1;1;2026-04-06;2026-04-14;REATIVADO
21119872;1;1;2026-02-12;2025-12-12;REATIVADO
21122013;1;1;2026-03-12;2026-07-17;REATIVADO
21124279;1;1;2026-04-20;2026-07-10;REATIVADO
21125405;1;1;2026-06-17;2026-02-24;REATIVADO
21125850;1;1;2026-03-16;2026-02-19;REATIVADO
21126648;1;1;2026-05-07;2026-06-25;ATIVADO
21128561;1;1;2026-06-17;2026-06-24;REATIVADO
21129976;1;1;2026-03-25;2026-03-25;REATIVADO
21131126;1;1;2026-02-24;2026-06-10;REATIVADO
21134553;1;1;2026-05-26;2026-07-20;ATIVADO
21139530;1;1;2026-01-13;2026-06-16;REATIVADO
21139818;1;1;2026-04-14;2026-04-14;REATIVADO
21139995;1;1;2026-01-26;2026-03-16;REATIVADO
21150161;1;1;2026-02-10;2026-04-10;REATIVADO
21152070;1;1;2026-03-17;2026-04-01;REATIVADO
21169871;1;1;2026-02-18;2026-03-24;REATIVADO
21171322;1;1;2026-02-27;2026-06-23;REATIVADO
21171468;1;1;2026-06-15;2026-03-18;REATIVADO
21172803;1;1;2026-06-01;2026-06-02;ATIVADO
21172823;1;1;2026-01-30;2026-04-23;REATIVADO
21174685;1;1;2026-02-08;2026-06-16;REATIVADO
21175272;1;1;2026-05-19;2026-07-17;REATIVADO
21180775;1;1;2026-05-26;2026-07-01;REATIVADO
21180915;1;1;2026-01-07;2026-04-23;REATIVADO
21184765;1;1;2026-01-29;2026-05-15;REATIVADO
21190327;1;1;2026-06-12;2026-07-15;REATIVADO
21194215;1;1;2026-04-13;2026-05-15;REATIVADO
21194521;1;1;2026-01-16;2026-04-27;REATIVADO
21195167;1;1;2026-06-30;2026-07-20;REATIVADO
21199325;1;1;2026-03-19;;REATIVADO
21199472;1;1;2026-05-25;2026-05-25;REATIVADO
21199809;1;1;2026-04-09;2026-04-09;ATIVADO
21201626;1;1;2026-03-31;2026-05-28;REATIVADO
21202577;1;1;2026-06-01;2026-04-24;REATIVADO
21204;1;1;2026-05-28;2026-05-26;REATIVADO
21207647;1;1;2026-04-01;2026-05-05;ATIVADO
2121605;1;1;2026-04-27;2026-02-25;REATIVADO
2121945;1;1;2026-02-09;2026-06-18;REATIVADO
21228335;1;1;2026-05-06;2026-06-18;REATIVADO
21229275;1;1;2026-05-28;2026-05-07;REATIVADO
21233028;1;1;2026-05-30;2026-05-29;REATIVADO
21233932;1;1;2026-04-12;2026-04-06;REATIVADO
21236636;1;1;2026-04-29;2025-11-14;REATIVADO
21247025;1;1;2026-03-13;2026-05-26;REATIVADO
21251437;1;1;2026-06-07;2026-06-10;REATIVADO
21256349;1;1;2026-03-09;2026-05-19;REATIVADO
21256917;1;1;2026-04-06;2026-02-05;REATIVADO
21259335;1;1;2026-02-23;2025-12-09;REATIVADO
21263174;1;1;2026-04-09;2026-05-29;REATIVADO
21263893;1;1;2026-05-09;2026-05-06;REATIVADO
21280651;1;1;2026-02-06;2026-05-29;REATIVADO
21280865;1;1;2026-03-12;2026-03-30;REATIVADO
21289294;1;1;2026-06-24;2026-07-17;REATIVADO
21291549;1;1;2026-02-12;2026-06-12;REATIVADO
21293118;1;1;2026-06-15;2026-05-29;REATIVADO
21295480;1;1;2026-04-15;2026-06-26;REATIVADO
21296193;1;1;2026-05-29;2026-07-13;REATIVADO
21296341;1;1;2026-05-17;2026-07-16;REATIVADO
21299097;1;1;2026-01-13;2026-01-13;REATIVADO
2130;1;1;2026-02-04;2026-05-26;REATIVADO
21303740;1;1;2026-02-09;2026-02-06;REATIVADO
21303984;1;1;2026-03-16;2026-04-29;REATIVADO
21306501;1;1;2026-02-23;2026-05-13;REATIVADO
21307047;1;1;2026-03-24;2026-04-06;REATIVADO
21314177;1;1;2026-04-03;;REATIVADO
21314222;1;1;2026-05-11;2026-03-20;REATIVADO
21321363;1;1;2026-02-25;2026-03-23;REATIVADO
21330104;1;1;2026-04-14;2026-06-22;REATIVADO
21339699;1;1;2026-04-16;2025-09-02;REATIVADO
21341178;1;1;2026-05-21;2026-06-01;REATIVADO
21348031;1;1;2026-05-28;2026-06-19;REATIVADO
21348883;1;1;2026-06-27;2026-06-05;REATIVADO
21353155;1;1;2026-03-03;2026-07-07;REATIVADO
21357161;1;1;2026-04-14;2025-09-11;REATIVADO
21357170;1;1;2026-05-20;2026-06-22;REATIVADO
21384732;1;1;2026-02-01;2026-06-17;REATIVADO
21392148;1;1;2026-03-23;2026-04-24;REATIVADO
21392662;1;1;2026-06-01;2026-07-03;REATIVADO
21393161;1;1;2026-02-23;2026-04-15;REATIVADO
21394370;1;1;2026-06-27;2026-04-24;REATIVADO
21396321;1;1;2026-06-16;2026-05-14;ATIVADO
21396708;1;1;2026-01-19;2026-05-26;REATIVADO
21399899;1;1;2026-03-11;2026-06-19;REATIVADO
21404122;1;1;2026-06-01;2026-07-09;REATIVADO
21408310;1;1;2026-02-06;2026-05-27;REATIVADO
21408365;1;1;2026-01-10;2026-04-22;REATIVADO
21409845;1;1;2026-03-24;2026-05-18;REATIVADO
21410179;1;1;2026-04-16;2026-04-14;REATIVADO
21410229;1;1;2026-04-14;2025-07-31;REATIVADO
21410607;1;1;2026-03-02;2026-02-26;REATIVADO
21411057;1;1;2026-06-15;;ATIVADO
21415525;1;1;2026-04-22;2025-09-22;REATIVADO
21417017;1;1;2026-06-01;2026-02-20;REATIVADO
2141858;1;1;2026-03-17;2026-07-10;REATIVADO
2141963;1;1;2026-05-26;2026-06-16;REATIVADO
21422984;1;1;2026-05-16;2026-07-16;REATIVADO
21424916;1;1;2026-04-07;2026-07-21;REATIVADO
21431776;1;1;2026-05-22;2026-07-16;REATIVADO
21434834;1;1;2026-02-20;2026-07-21;REATIVADO
21438605;1;1;2026-05-13;2026-05-27;REATIVADO
21439560;1;1;2026-03-30;2025-12-23;REATIVADO
21440841;1;1;2026-02-06;2026-05-15;REATIVADO
21442315;1;1;2026-04-08;2026-02-26;ATIVADO
21444429;1;1;2026-05-28;2026-05-12;REATIVADO
21445485;1;1;2026-05-04;2025-11-05;REATIVADO
21447087;1;1;2026-05-12;2026-05-15;REATIVADO
21449363;1;1;2026-03-28;2026-04-01;REATIVADO
21451085;1;1;2026-01-22;2026-05-06;REATIVADO
21453852;1;1;2026-06-03;2026-06-08;REATIVADO
21454021;1;1;2026-05-13;2026-05-13;ATIVADO
21465101;1;1;2026-03-12;2026-04-15;REATIVADO
21465999;1;1;2026-03-24;;REATIVADO
21466866;1;1;2026-05-06;2026-06-10;REATIVADO
21468162;1;1;2026-06-07;2026-07-01;REATIVADO
21468799;1;1;2026-05-03;2026-03-17;REATIVADO
21469053;1;1;2026-05-30;2026-03-11;REATIVADO
21470439;1;1;2026-01-19;2025-12-17;REATIVADO
21473635;1;1;2026-04-27;2026-07-10;REATIVADO
21473987;1;1;2026-06-22;;REATIVADO
21474814;1;1;2026-01-13;2026-03-11;REATIVADO
21475690;1;1;2026-01-26;2026-06-05;REATIVADO
21479187;1;1;2026-05-31;2026-06-29;ATIVADO
21479721;1;1;2026-01-05;;REATIVADO
21482861;1;1;2026-06-17;2025-11-26;REATIVADO
21485669;1;1;2026-05-18;2026-06-23;REATIVADO
21485722;1;1;2026-04-23;2026-06-17;ATIVADO
21486852;1;1;2026-06-23;2026-05-06;REATIVADO
21487006;1;1;2026-05-20;2026-05-11;REATIVADO
21488160;1;1;2026-06-29;2026-06-24;ATIVADO
21494140;1;1;2026-03-21;2026-05-15;REATIVADO
21495573;1;1;2026-03-16;;REATIVADO
21495825;1;1;2026-06-23;2026-07-15;REATIVADO
21496008;1;1;2026-02-26;2026-05-13;REATIVADO
21496173;1;1;2026-03-02;2026-04-16;REATIVADO
21496462;1;1;2026-03-27;2026-07-07;REATIVADO
21511693;1;1;2026-06-29;2026-06-15;REATIVADO
21514522;1;1;2026-01-02;2026-04-28;REATIVADO
21519175;1;1;2026-01-07;2026-07-10;ATIVADO
21520364;1;1;2026-02-27;2026-05-11;REATIVADO
2152083;1;1;2026-01-18;2026-01-12;REATIVADO
21522217;1;1;2026-01-14;2026-06-26;REATIVADO
21524579;1;1;2026-06-03;2025-09-01;REATIVADO
21525377;1;1;2026-01-12;2026-02-04;REATIVADO
21525597;1;1;2026-06-01;2025-11-12;REATIVADO
21526445;1;1;2026-06-09;2026-04-07;REATIVADO
21529549;1;1;2026-01-20;2026-05-21;REATIVADO
21539136;1;1;2026-06-08;2025-11-17;REATIVADO
21539214;1;1;2026-05-26;2026-07-08;REATIVADO
21539520;1;1;2026-01-22;2026-06-22;REATIVADO
21541938;1;1;2026-03-29;2026-07-17;REATIVADO
21555636;1;1;2026-04-27;2026-06-22;REATIVADO
21557386;1;1;2026-06-09;2026-02-26;REATIVADO
21563775;1;1;2026-03-03;2026-07-13;REATIVADO
21563954;1;1;2026-06-22;2026-06-10;REATIVADO
21565935;1;1;2026-03-24;2026-04-08;REATIVADO
21566123;1;1;2026-04-29;2026-04-15;REATIVADO
21569902;1;1;2026-01-26;2026-06-19;REATIVADO
21571914;1;1;2026-03-27;2026-06-12;ATIVADO
21575144;1;1;2026-02-25;2026-05-23;REATIVADO
21578445;1;1;2026-03-24;2026-06-12;REATIVADO
21579515;1;1;2026-02-12;2026-04-20;REATIVADO
21582716;1;1;2026-06-02;;ATIVADO
21583385;1;1;2026-01-20;2026-04-23;REATIVADO
21584316;1;1;2026-02-21;2026-05-18;REATIVADO
21584536;1;1;2026-04-14;2026-05-22;REATIVADO
21584870;1;1;2026-06-19;2026-04-08;REATIVADO
21587511;1;1;2026-03-10;2026-04-01;REATIVADO
21599259;1;1;2026-01-11;2026-06-12;REATIVADO
21601314;1;1;2026-03-03;2026-04-02;REATIVADO
21601645;1;1;2026-04-18;2026-05-14;REATIVADO
21601946;1;1;2026-05-21;2026-05-19;REATIVADO
21603358;1;1;2026-06-02;2026-06-05;REATIVADO
21606029;1;1;2026-05-11;2026-04-20;REATIVADO
21606206;1;1;2026-04-08;2026-04-02;ATIVADO
21606360;1;1;2026-06-24;2026-07-06;ATIVADO
21607478;1;1;2026-01-28;2026-06-30;REATIVADO
21609254;1;1;2026-01-22;2026-07-13;ATIVADO
21612930;1;1;2026-04-30;2026-04-22;ATIVADO
21615652;1;1;2026-01-05;2026-02-20;REATIVADO
21616292;1;1;2026-05-18;2026-04-08;REATIVADO
21616682;1;1;2026-02-16;2026-05-26;REATIVADO
21618329;1;1;2026-03-02;2026-06-15;REATIVADO
21619143;1;1;2026-04-20;2026-05-26;REATIVADO
21620101;1;1;2026-06-25;2026-06-23;REATIVADO
21621908;1;1;2026-05-12;2025-08-07;REATIVADO
21629435;1;1;2026-05-17;2026-05-13;ATIVADO
2163741;1;1;2026-01-21;2026-01-08;ATIVADO
21641125;1;1;2026-01-25;2026-07-08;REATIVADO
21641578;1;1;2026-03-02;2025-12-15;REATIVADO
21649858;1;1;2026-05-05;2026-02-23;REATIVADO
21650685;1;1;2026-01-14;2026-04-27;REATIVADO
21653382;1;1;2026-04-29;2026-04-29;REATIVADO
21654247;1;1;2026-03-29;2025-10-06;REATIVADO
21665010;1;1;2026-06-25;2026-05-27;REATIVADO
21678362;1;1;2026-03-09;2026-03-24;REATIVADO
21679023;1;1;2026-01-24;2026-05-04;REATIVADO
21679792;1;1;2026-04-01;2026-05-04;ATIVADO
21681869;1;1;2026-03-10;2026-05-20;REATIVADO
21681882;1;1;2026-04-29;2026-05-26;REATIVADO
21688045;1;1;2026-01-07;2026-06-25;REATIVADO
21688445;1;1;2026-06-17;2025-11-28;REATIVADO
21688478;1;1;2026-02-09;2026-05-28;REATIVADO
21689280;1;1;2026-02-27;2026-02-04;REATIVADO
21692797;1;1;2026-03-17;;REATIVADO
21693231;1;1;2026-02-03;2026-07-10;REATIVADO
21694689;1;1;2026-02-23;2026-06-08;REATIVADO
21694834;1;1;2026-06-11;2026-07-06;REATIVADO
21695279;1;1;2026-01-17;2026-05-21;ATIVADO
21695330;1;1;2026-04-23;2026-05-29;REATIVADO
21695768;1;1;2026-03-16;2026-07-07;REATIVADO
21696020;1;1;2026-03-25;;REATIVADO
21698773;1;1;2026-04-29;2026-07-06;REATIVADO
21704753;1;1;2026-05-25;2026-04-06;REATIVADO
21705388;1;1;2026-02-09;2026-06-30;REATIVADO
21705876;1;1;2026-06-01;2026-06-08;REATIVADO
21707145;1;1;2026-05-21;2025-07-29;REATIVADO
21722638;1;1;2026-06-25;2026-06-19;REATIVADO
21723438;1;1;2026-06-18;2026-07-17;REATIVADO
21723811;1;1;2026-05-19;2026-07-01;REATIVADO
21727709;1;1;2026-04-20;2026-05-07;REATIVADO
21729919;1;1;2026-02-22;2026-07-13;REATIVADO
21730547;1;1;2026-01-12;2026-02-20;REATIVADO
21731020;1;1;2026-02-13;2026-07-06;REATIVADO
21734538;1;1;2026-05-16;2026-07-17;REATIVADO
21735224;1;1;2026-03-06;2026-03-06;REATIVADO
21735385;1;1;2026-05-12;2025-12-18;REATIVADO
21737096;1;1;2026-03-13;2026-03-11;REATIVADO
21740271;1;1;2026-01-10;2026-05-21;REATIVADO
21741658;1;1;2026-05-11;2026-06-25;REATIVADO
21741973;1;1;2026-04-22;2026-05-19;REATIVADO
21742807;1;1;2026-03-10;2026-07-17;REATIVADO
21742918;1;1;2026-03-13;2026-03-19;REATIVADO
21743838;1;1;2026-04-05;2026-04-02;REATIVADO
21746298;1;1;2026-01-29;2026-06-18;ATIVADO
21761735;1;1;2026-05-18;2026-05-11;REATIVADO
21761835;1;1;2026-02-09;2026-03-30;REATIVADO
21762066;1;1;2026-01-31;2026-05-28;REATIVADO
21764269;1;1;2026-05-15;2026-06-17;ATIVADO
21765266;1;1;2026-04-27;2026-04-02;REATIVADO
21766355;1;1;2026-03-10;2026-04-08;REATIVADO
21769410;1;1;2026-06-09;2025-10-03;REATIVADO
21770546;1;1;2026-03-13;2026-03-23;REATIVADO
21771388;1;1;2026-01-27;2026-05-22;REATIVADO
21772095;1;1;2026-06-16;2026-06-05;REATIVADO
21772687;1;1;2026-05-25;2026-05-27;REATIVADO
21775325;1;1;2026-06-26;2026-06-30;ATIVADO
21775794;1;1;2026-01-19;2026-06-25;REATIVADO
21778671;1;1;2026-05-26;2025-09-10;REATIVADO
21778795;1;1;2026-05-11;2025-11-21;REATIVADO
21782649;1;1;2026-02-06;2026-05-26;ATIVADO
21783399;1;1;2026-03-10;2026-03-18;REATIVADO
21784495;1;1;2026-04-14;2026-06-30;REATIVADO
21789267;1;1;2026-05-26;2026-02-13;REATIVADO
21790041;1;1;2026-06-03;2026-07-20;REATIVADO
21791538;1;1;2026-06-16;2025-11-18;REATIVADO
21806460;1;1;2026-06-18;;REATIVADO
21806666;1;1;2026-02-03;2026-05-14;REATIVADO
21809390;1;1;2026-01-13;2026-01-21;REATIVADO
21811738;1;1;2026-02-13;2025-08-21;REATIVADO
21812747;1;1;2026-04-08;2026-07-02;REATIVADO
21814092;1;1;2026-04-30;2026-06-16;REATIVADO
21814746;1;1;2026-01-31;2026-05-28;REATIVADO
21814855;1;1;2026-06-25;2026-05-14;REATIVADO
21818438;1;1;2026-05-31;2026-04-29;REATIVADO
21819173;1;1;2026-02-25;2025-11-25;REATIVADO
21819603;1;1;2026-05-19;2026-06-17;REATIVADO
21820432;1;1;2026-05-28;2026-05-06;REATIVADO
21820474;1;1;2026-01-12;2026-02-20;ATIVADO
21822128;1;1;2026-02-11;2026-03-18;REATIVADO
21822501;1;1;2026-03-31;2026-05-29;REATIVADO
21825210;1;1;2026-04-25;2025-09-04;REATIVADO
21827347;1;1;2026-04-07;2025-12-15;REATIVADO
21827626;1;1;2026-06-18;2026-06-03;REATIVADO
21828062;1;1;2026-01-06;;REATIVADO
21828229;1;1;2026-04-06;2026-07-02;REATIVADO
21828377;1;1;2026-05-04;2026-05-13;REATIVADO
21828697;1;1;2026-02-09;2026-06-01;REATIVADO
21831432;1;1;2026-03-11;2026-05-12;REATIVADO
21835583;1;1;2026-03-10;2026-06-18;REATIVADO
21835822;1;1;2026-02-19;2026-01-29;REATIVADO
21835861;1;1;2026-06-15;2025-09-09;REATIVADO
21853456;1;1;2026-03-17;2026-04-30;REATIVADO
21856144;1;1;2026-03-30;2026-07-15;REATIVADO
21857859;1;1;2026-02-13;2025-10-29;REATIVADO
2185905;1;1;2026-02-07;;REATIVADO
21859585;1;1;2026-04-06;2026-07-21;REATIVADO
21867401;1;1;2026-01-15;2026-05-08;REATIVADO
21871400;1;1;2026-03-02;2026-06-10;REATIVADO
21872284;1;1;2026-05-27;2026-04-09;REATIVADO
21872434;1;1;2026-06-19;2026-06-19;REATIVADO
21875264;1;1;2026-01-08;2026-07-16;REATIVADO
21875968;1;1;2026-04-07;2026-07-06;REATIVADO
21876343;1;1;2026-03-02;2026-05-14;REATIVADO
21876625;1;1;2026-01-26;2026-05-14;REATIVADO
21893103;1;1;2026-05-28;2026-07-15;REATIVADO
21893557;1;1;2026-05-11;2026-05-11;REATIVADO
21895910;1;1;2026-06-03;2026-07-10;REATIVADO
21896501;1;1;2026-05-20;2025-12-22;REATIVADO
21899340;1;1;2026-05-08;2026-06-08;ATIVADO
21902339;1;1;2026-03-08;2026-06-15;REATIVADO
21903788;1;1;2026-05-21;2026-05-07;REATIVADO
21905934;1;1;2026-02-13;;REATIVADO
21905937;1;1;2026-01-10;2026-05-26;ATIVADO
21912991;1;1;2026-05-21;2026-07-17;REATIVADO
21913902;1;1;2026-06-19;;REATIVADO
21914299;1;1;2026-06-02;2026-07-15;REATIVADO
21914384;1;1;2026-05-27;2026-06-23;ATIVADO
21914885;1;1;2026-01-05;2026-01-02;REATIVADO
21915868;1;1;2026-04-23;2026-06-05;REATIVADO
21920219;1;1;2026-03-06;2026-06-25;ATIVADO
21920265;1;1;2026-01-14;2026-04-20;REATIVADO
21920926;1;1;2026-01-20;2026-05-20;REATIVADO
21921082;1;1;2026-04-28;2026-06-25;REATIVADO
21922992;1;1;2026-03-31;2026-04-02;REATIVADO
21938409;1;1;2026-01-13;2026-07-16;REATIVADO
21940626;1;1;2026-03-23;2026-04-20;REATIVADO
21940636;1;1;2026-06-01;2026-06-30;REATIVADO
21943563;1;1;2026-06-25;2026-06-22;REATIVADO
21943784;1;1;2026-05-16;2026-05-26;REATIVADO
21944019;1;1;2026-03-29;;REATIVADO
21951791;1;1;2026-06-03;2026-03-03;REATIVADO
21953526;1;1;2026-04-23;2026-05-14;REATIVADO
21953868;1;1;2026-01-19;2026-07-20;ATIVADO
21953942;1;1;2026-05-12;2026-06-24;REATIVADO
21954018;1;1;2026-03-17;2026-04-27;REATIVADO
21954055;1;1;2026-04-16;2026-05-07;REATIVADO
21957944;1;1;2026-05-15;2026-05-19;REATIVADO
21958651;1;1;2026-03-30;;ATIVADO
21959229;1;1;2026-02-02;2026-04-22;ATIVADO
21959540;1;1;2026-06-19;2026-07-15;REATIVADO
21964551;1;1;2026-03-10;;REATIVADO
21965348;1;1;2026-01-05;2025-07-24;REATIVADO
21966833;1;1;2026-03-04;2025-08-07;REATIVADO
21981988;1;1;2026-06-16;2026-05-29;REATIVADO
21982416;1;1;2026-04-16;2026-06-02;REATIVADO
21984072;1;1;2026-05-09;2026-07-15;REATIVADO
21985506;1;1;2026-03-24;2026-07-20;REATIVADO
21988247;1;1;2026-05-15;2026-05-20;REATIVADO
21989450;1;1;2026-03-24;2026-03-24;ATIVADO
21989941;1;1;2026-03-06;2026-03-12;REATIVADO
21992723;1;1;2026-02-26;2026-03-10;REATIVADO
21995144;1;1;2026-02-03;2026-02-06;REATIVADO
21995166;1;1;2026-01-07;2026-07-07;REATIVADO
21995618;1;1;2026-04-29;2026-05-19;REATIVADO
21997690;1;1;2026-05-06;2026-06-29;REATIVADO
21998431;1;1;2026-02-05;2026-06-11;REATIVADO
21998922;1;1;2026-04-27;2026-04-22;REATIVADO
22002690;1;1;2026-04-28;;REATIVADO
22002805;1;1;2026-01-29;2026-05-19;ATIVADO
22004802;1;1;2026-06-23;2025-10-14;REATIVADO
22005054;1;1;2026-04-07;;REATIVADO
22008875;1;1;2026-06-28;2026-05-25;REATIVADO
22009312;1;1;2026-01-20;2025-09-24;REATIVADO
22009711;1;1;2026-04-06;2026-07-02;ATIVADO
22011349;1;1;2026-01-19;2026-03-26;REATIVADO
22011608;1;1;2026-02-25;2025-09-15;REATIVADO
22011880;1;1;2026-03-12;2026-07-13;REATIVADO
22024368;1;1;2026-03-02;2026-06-30;REATIVADO
22027635;1;1;2026-06-05;2026-07-07;REATIVADO
22030122;1;1;2026-04-20;2026-05-26;REATIVADO
22031365;1;1;2026-04-22;2026-06-30;REATIVADO
22032060;1;1;2026-06-03;2026-05-28;REATIVADO
22033005;1;1;2026-03-18;2026-03-02;REATIVADO
22033624;1;1;2026-01-21;2026-01-08;REATIVADO
22033676;1;1;2026-03-02;2026-07-21;REATIVADO
22034251;1;1;2026-04-30;2026-06-29;ATIVADO
22034781;1;1;2026-04-17;2026-04-08;REATIVADO
22038303;1;1;2026-02-16;2026-04-20;REATIVADO
22038986;1;1;2026-01-11;2026-05-22;ATIVADO
22049176;1;1;2026-03-20;;REATIVADO
22049663;1;1;2026-03-24;2026-07-08;REATIVADO
22051641;1;1;2026-03-27;2026-06-18;REATIVADO
22052210;1;1;2026-03-12;2026-07-15;REATIVADO
22052242;1;1;2026-02-10;2026-07-17;REATIVADO
22053917;1;1;2026-06-22;2026-06-19;REATIVADO
22064376;1;1;2026-03-08;2026-05-04;REATIVADO
22064725;1;1;2026-06-26;2026-05-12;REATIVADO
22064793;1;1;2026-03-31;2026-04-29;REATIVADO
22065520;1;1;2026-02-25;2026-05-14;ATIVADO
22065596;1;1;2026-05-13;2026-06-15;REATIVADO
22066018;1;1;2026-03-18;2025-10-03;REATIVADO
22066161;1;1;2026-02-24;2026-07-21;ATIVADO
22066312;1;1;2026-05-29;2025-09-22;REATIVADO
22066637;1;1;2026-06-01;2026-06-29;REATIVADO
22067438;1;1;2026-05-19;2025-11-11;REATIVADO
22068226;1;1;2026-02-23;2026-04-30;REATIVADO
22070305;1;1;2026-03-21;2026-05-13;REATIVADO
22070581;1;1;2026-03-06;2025-09-17;REATIVADO
22071230;1;1;2026-05-12;2026-04-20;REATIVADO
22073085;1;1;2026-02-09;2026-03-12;REATIVADO
22073619;1;1;2026-04-25;2026-04-22;REATIVADO
22078004;1;1;2026-06-05;2026-06-08;REATIVADO
22078483;1;1;2026-04-27;2026-05-18;REATIVADO
22086739;1;1;2026-05-06;2026-03-24;REATIVADO
22086867;1;1;2026-03-18;2026-07-13;REATIVADO
22086893;1;1;2026-02-10;2026-06-08;REATIVADO
22087142;1;1;2026-02-23;2026-06-25;REATIVADO
22087199;1;1;2026-04-04;2026-07-20;REATIVADO
22087631;1;1;2026-01-29;2026-02-12;REATIVADO
22090891;1;1;2026-01-03;;REATIVADO
22091531;1;1;2026-01-10;2026-07-15;REATIVADO
22093459;1;1;2026-06-25;2026-06-30;REATIVADO
22094536;1;1;2026-06-13;2025-12-17;REATIVADO
22107409;1;1;2026-01-20;2026-06-25;REATIVADO
22111240;1;1;2026-02-25;2025-11-28;REATIVADO
22111272;1;1;2026-04-24;2025-08-14;REATIVADO
22113190;1;1;2026-01-05;2026-06-10;ATIVADO
22115931;1;1;2026-02-20;2026-06-24;REATIVADO
22116276;1;1;2026-06-01;2026-05-07;REATIVADO
22117018;1;1;2026-03-18;2026-07-13;REATIVADO
22119450;1;1;2026-02-03;2025-10-14;REATIVADO
22122854;1;1;2026-01-21;2025-12-01;REATIVADO
22124839;1;1;2026-02-11;2026-02-19;REATIVADO
22125065;1;1;2026-06-22;2026-06-19;REATIVADO
22126137;1;1;2026-03-31;2026-06-10;REATIVADO
22126356;1;1;2026-01-04;2026-03-18;REATIVADO
22128767;1;1;2026-02-02;2026-05-15;REATIVADO
22128792;1;1;2026-03-10;2025-08-06;REATIVADO
22129056;1;1;2026-01-27;2026-05-18;ATIVADO
22131010;1;1;2026-03-16;2026-05-27;REATIVADO
22131083;1;1;2026-04-22;2026-04-20;REATIVADO
22131472;1;1;2026-04-29;2026-05-21;REATIVADO
22131782;1;1;2026-06-15;2026-07-13;REATIVADO
22134815;1;1;2026-04-11;;REATIVADO
22136615;1;1;2026-04-27;2026-04-28;ATIVADO
22138638;1;1;2026-01-22;2026-04-14;REATIVADO
22152670;1;1;2026-01-14;2026-04-02;REATIVADO
22152828;1;1;2026-05-19;2025-12-01;REATIVADO
22153289;1;1;2026-01-05;2026-05-14;REATIVADO
22153331;1;1;2026-05-03;2026-06-11;REATIVADO
22154914;1;1;2026-05-20;2026-07-13;REATIVADO
22155053;1;1;2026-04-29;2026-05-25;ATIVADO
22155123;1;1;2026-05-13;;REATIVADO
22155147;1;1;2026-02-19;2026-06-17;REATIVADO
22155712;1;1;2026-06-29;2026-07-16;REATIVADO
22160668;1;1;2026-02-27;2025-10-13;REATIVADO
2216163;1;1;2026-05-03;2026-07-20;REATIVADO
22161988;1;1;2026-06-26;2026-03-04;REATIVADO
22163158;1;1;2026-02-12;2026-03-16;REATIVADO
22166479;1;1;2026-05-17;2026-03-27;REATIVADO
22166857;1;1;2026-03-05;2026-06-10;REATIVADO
22167001;1;1;2026-04-13;2026-07-08;REATIVADO
22167223;1;1;2026-03-30;2026-06-02;REATIVADO
22167598;1;1;2026-01-21;2026-02-23;REATIVADO
22169828;1;1;2026-04-20;2026-07-15;REATIVADO
22169907;1;1;2026-03-30;;REATIVADO
22172949;1;1;2026-05-14;2026-04-20;REATIVADO
22174026;1;1;2026-02-11;2026-03-25;REATIVADO
22174234;1;1;2026-01-04;2026-05-06;REATIVADO
22175914;1;1;2026-05-22;2026-04-16;REATIVADO
22177530;1;1;2026-03-04;;REATIVADO
22181859;1;1;2026-05-25;2026-07-13;REATIVADO
22183117;1;1;2026-06-06;2026-06-23;REATIVADO
22201258;1;1;2026-04-24;2026-05-20;REATIVADO
22204781;1;1;2026-04-30;2026-05-29;REATIVADO
22204889;1;1;2026-05-13;2025-10-14;REATIVADO
22205240;1;1;2026-06-16;2026-06-22;REATIVADO
22206567;1;1;2026-06-13;2026-06-25;REATIVADO
22206887;1;1;2026-06-01;2026-05-28;REATIVADO
22209022;1;1;2026-01-31;2026-06-17;REATIVADO
22210723;1;1;2026-02-10;2026-07-14;REATIVADO
22211379;1;1;2026-03-12;2026-07-21;ATIVADO
22211755;1;1;2026-01-22;2026-07-16;REATIVADO
22214261;1;1;2026-01-23;2026-06-24;REATIVADO
22217253;1;1;2026-03-02;2026-07-21;REATIVADO
22219061;1;1;2026-05-25;2026-05-22;REATIVADO
22219418;1;1;2026-05-01;2026-03-24;REATIVADO
22220964;1;1;2026-04-27;2026-05-22;REATIVADO
22221221;1;1;2026-03-11;2026-05-08;ATIVADO
22221238;1;1;2026-04-30;2026-06-19;REATIVADO
22222295;1;1;2026-02-03;2026-07-09;ATIVADO
22222342;1;1;2026-02-05;2026-07-01;REATIVADO
22227281;1;1;2026-06-26;2026-06-30;REATIVADO
22228335;1;1;2026-02-25;2026-04-22;REATIVADO
22229498;1;1;2026-02-18;2026-06-03;ATIVADO
22241419;1;1;2026-05-30;2026-06-10;REATIVADO
2224322;1;1;2026-04-12;2026-02-18;ATIVADO
22243482;1;1;2026-04-23;2026-06-03;REATIVADO
22244708;1;1;2026-01-11;2026-06-26;REATIVADO
22245185;1;1;2026-04-10;2026-06-01;REATIVADO
22245407;1;1;2026-01-15;2026-05-06;ATIVADO
22245864;1;1;2026-06-08;2026-03-23;REATIVADO
22246277;1;1;2026-01-18;2026-06-24;REATIVADO
22249073;1;1;2026-06-26;2026-04-28;REATIVADO
22250946;1;1;2026-02-18;2026-03-19;ATIVADO
22255847;1;1;2026-06-15;2026-06-30;REATIVADO
22256475;1;1;2026-02-14;2026-07-07;REATIVADO
22256879;1;1;2026-06-17;2026-07-21;ATIVADO
22258063;1;1;2026-05-02;2026-04-28;REATIVADO
22258838;1;1;2026-02-06;2026-06-15;REATIVADO
22258893;1;1;2026-01-05;2026-06-08;REATIVADO
22259383;1;1;2026-05-08;;ATIVADO
22259720;1;1;2026-03-27;2026-04-02;REATIVADO
22263346;1;1;2026-02-23;2026-03-09;ATIVADO
22264089;1;1;2026-01-28;2026-06-25;REATIVADO
22264128;1;1;2026-04-07;2026-04-10;ATIVADO
22264402;1;1;2026-01-15;2026-05-21;ATIVADO
22265043;1;1;2026-01-10;2026-05-25;REATIVADO
22265144;1;1;2026-05-31;2026-05-27;REATIVADO
22266022;1;1;2026-01-07;2026-04-28;REATIVADO
22266591;1;1;2026-04-24;2026-04-24;REATIVADO
22266848;1;1;2026-04-27;2026-05-06;REATIVADO
22270248;1;1;2026-06-20;2026-04-06;REATIVADO
22286890;1;1;2026-05-25;2026-07-07;REATIVADO
22289211;1;1;2026-05-14;2026-05-26;REATIVADO
22294831;1;1;2026-01-14;2025-10-21;REATIVADO
22295941;1;1;2026-04-13;2026-06-25;REATIVADO
22297096;1;1;2026-05-22;2026-07-02;ATIVADO
22302595;1;1;2026-02-02;2026-02-24;REATIVADO
22304619;1;1;2026-05-18;2026-07-16;REATIVADO
22307235;1;1;2026-02-09;2026-02-25;REATIVADO
22308146;1;1;2026-05-19;2025-11-18;REATIVADO
22308291;1;1;2026-02-24;2026-07-20;REATIVADO
22310634;1;1;2026-05-27;2026-06-10;ATIVADO
22316271;1;1;2026-02-03;2026-03-23;REATIVADO
22319028;1;1;2026-04-16;2026-04-20;REATIVADO
22332953;1;1;2026-04-10;2026-04-10;REATIVADO
2233458;1;1;2026-04-28;2026-07-20;REATIVADO
22338060;1;1;2026-05-06;2026-05-11;REATIVADO
22338336;1;1;2026-05-19;2026-07-20;REATIVADO
22342648;1;1;2026-03-09;2026-06-26;REATIVADO
22343023;1;1;2026-01-26;2026-05-26;ATIVADO
22346546;1;1;2026-05-02;2026-04-02;REATIVADO
22349542;1;1;2026-04-27;;REATIVADO
22352714;1;1;2026-04-09;2026-07-03;REATIVADO
22353955;1;1;2026-03-03;2026-05-21;REATIVADO
22360069;1;1;2026-01-12;2026-06-11;REATIVADO
22361295;1;1;2026-05-06;2026-05-06;ATIVADO
22382810;1;1;2026-06-14;2026-06-11;REATIVADO
22383128;1;1;2026-03-03;2026-04-30;REATIVADO
22383294;1;1;2026-06-22;2026-07-16;REATIVADO
22383339;1;1;2026-03-19;2026-06-01;REATIVADO
22383353;1;1;2026-01-07;2026-02-04;ATIVADO
22383367;1;1;2026-05-25;2026-06-29;REATIVADO
22383933;1;1;2026-04-12;2025-12-15;REATIVADO
22384018;1;1;2026-02-03;2026-06-30;REATIVADO
22387510;1;1;2026-02-13;2026-05-13;REATIVADO
22388586;1;1;2026-02-09;2026-06-02;REATIVADO
22389532;1;1;2026-05-13;2026-05-13;REATIVADO
22390373;1;1;2026-02-28;2026-07-14;REATIVADO
22390460;1;1;2026-05-23;2026-05-22;REATIVADO
22391442;1;1;2026-06-16;2026-07-01;REATIVADO
22392373;1;1;2026-06-22;2025-09-16;REATIVADO
22395224;1;1;2026-01-12;2026-06-25;ATIVADO
22395417;1;1;2026-04-20;2026-04-22;REATIVADO
22396358;1;1;2026-05-22;2026-07-08;REATIVADO
22398888;1;1;2026-04-13;2026-04-13;REATIVADO
22401937;1;1;2026-06-14;2026-02-26;REATIVADO
22402770;1;1;2026-03-16;2026-06-12;REATIVADO
22402925;1;1;2026-02-19;2026-04-22;REATIVADO
22403501;1;1;2026-06-08;2026-04-22;REATIVADO
22405290;1;1;2026-05-19;;REATIVADO
22409156;1;1;2026-03-16;2026-01-28;ATIVADO
22413549;1;1;2026-03-02;;REATIVADO
22426921;1;1;2026-04-06;2026-06-18;REATIVADO
22427144;1;1;2026-04-30;2026-05-11;REATIVADO
22428991;1;1;2026-06-25;2026-06-17;ATIVADO
22432281;1;1;2026-05-18;2026-05-18;REATIVADO
22433370;1;1;2026-01-09;2026-06-19;REATIVADO
22433486;1;1;2026-05-05;2026-07-20;REATIVADO
22434132;1;1;2026-06-03;2026-05-06;REATIVADO
22436310;1;1;2026-03-25;;REATIVADO
22436401;1;1;2026-03-26;2026-04-24;REATIVADO
22436470;1;1;2026-03-27;2026-03-27;ATIVADO
22436681;1;1;2026-06-08;2026-05-08;REATIVADO
22439744;1;1;2026-01-16;2026-06-24;REATIVADO
22450034;1;1;2026-06-06;2026-06-03;ATIVADO
22452752;1;1;2026-02-10;2026-06-25;REATIVADO
22453672;1;1;2026-05-15;2026-05-14;REATIVADO
2245423;1;1;2026-05-29;2026-06-26;REATIVADO
22455027;1;1;2026-04-02;2026-05-28;REATIVADO
22470077;1;1;2026-03-07;2026-03-09;ATIVADO
22470733;1;1;2026-06-14;2026-05-26;REATIVADO
22471863;1;1;2026-03-09;2026-05-08;REATIVADO
22479774;1;1;2026-06-15;2026-05-12;REATIVADO
22480395;1;1;2026-05-04;2026-06-11;REATIVADO
22482178;1;1;2026-05-12;2026-05-14;REATIVADO
22486539;1;1;2026-06-30;;ATIVADO
22489408;1;1;2026-03-04;2026-04-13;REATIVADO
22489977;1;1;2026-05-11;2026-05-18;REATIVADO
22496866;1;1;2026-02-10;2026-06-17;REATIVADO
22498576;1;1;2026-06-21;2026-05-29;REATIVADO
22500259;1;1;2026-06-24;2026-06-24;REATIVADO
2250956;1;1;2026-06-17;2026-06-30;REATIVADO
22517127;1;1;2026-03-11;2026-03-12;REATIVADO
22521211;1;1;2026-05-14;2026-05-12;ATIVADO
22522180;1;1;2026-06-24;2026-06-24;REATIVADO
22526198;1;1;2026-04-22;2026-07-20;ATIVADO
22526990;1;1;2026-05-09;2026-07-03;REATIVADO
22529717;1;1;2026-03-02;2025-09-11;REATIVADO
22533494;1;1;2026-04-16;2025-10-14;REATIVADO
22534070;1;1;2026-01-30;2026-06-11;REATIVADO
22535008;1;1;2026-02-01;2026-06-17;REATIVADO
22536063;1;1;2026-03-31;2026-04-06;REATIVADO
22536444;1;1;2026-03-17;2026-06-08;ATIVADO
22541352;1;1;2026-02-25;2026-05-08;REATIVADO
22541375;1;1;2026-03-06;2025-09-19;REATIVADO
22543791;1;1;2026-03-09;2026-07-14;REATIVADO
22543957;1;1;2026-02-03;2026-07-07;REATIVADO
22544304;1;1;2026-02-12;2026-07-10;REATIVADO
22546490;1;1;2026-01-28;2026-06-09;REATIVADO
22564797;1;1;2026-02-19;;REATIVADO
22565483;1;1;2026-04-06;;ATIVADO
22567028;1;1;2026-03-13;2026-04-20;REATIVADO
22568398;1;1;2026-05-22;2026-05-26;ATIVADO
22568606;1;1;2026-03-22;2026-07-08;REATIVADO
22571420;1;1;2026-05-27;2026-03-24;REATIVADO
22572097;1;1;2026-04-15;2026-04-15;REATIVADO
22572221;1;1;2026-05-19;2026-06-16;REATIVADO
22572332;1;1;2026-02-27;2026-06-22;REATIVADO
22572523;1;1;2026-01-08;2025-09-30;REATIVADO
22572706;1;1;2026-03-11;2026-03-11;REATIVADO
22574158;1;1;2026-01-13;;REATIVADO
22574904;1;1;2026-05-20;2026-04-23;REATIVADO
22574921;1;1;2026-02-03;2026-04-27;REATIVADO
22575198;1;1;2026-02-28;2026-07-08;REATIVADO
22579393;1;1;2026-05-03;2026-05-04;ATIVADO
22579445;1;1;2026-02-12;2025-07-29;REATIVADO
22580199;1;1;2026-01-28;2026-06-19;REATIVADO
22580913;1;1;2026-04-02;2026-05-04;REATIVADO
22582044;1;1;2026-05-27;2026-06-24;REATIVADO
22585743;1;1;2026-04-22;2026-07-15;REATIVADO
22587029;1;1;2026-06-23;2026-04-20;REATIVADO
22587758;1;1;2026-05-29;2026-07-13;REATIVADO
22588814;1;1;2026-03-17;2026-04-27;REATIVADO
22589235;1;1;2026-03-02;2026-04-29;REATIVADO
22592442;1;1;2026-03-02;2026-06-26;REATIVADO
22592816;1;1;2026-01-26;2026-07-13;REATIVADO
22594368;1;1;2026-04-01;2026-03-24;REATIVADO
22594475;1;1;2026-02-05;2026-07-01;ATIVADO
22595698;1;1;2026-03-07;2026-02-24;REATIVADO
22607150;1;1;2026-03-05;2026-03-03;ATIVADO
22607585;1;1;2026-03-17;2026-06-16;REATIVADO
22610120;1;1;2026-06-22;2026-07-21;ATIVADO
2261109;1;1;2026-02-20;2026-05-15;REATIVADO
22611352;1;1;2026-06-23;2026-05-19;REATIVADO
22611796;1;1;2026-04-15;2026-07-17;REATIVADO
22615562;1;1;2026-02-19;2026-03-16;REATIVADO
22616065;1;1;2026-01-20;;REATIVADO
22616128;1;1;2026-05-18;;REATIVADO
22617326;1;1;2026-06-21;2025-11-11;REATIVADO
22617591;1;1;2026-04-29;2026-06-18;REATIVADO
22618516;1;1;2026-05-06;2026-05-04;ATIVADO
22631037;1;1;2026-01-05;2026-01-05;REATIVADO
22635813;1;1;2026-04-09;2026-04-08;REATIVADO
22638444;1;1;2026-01-14;2026-06-29;ATIVADO
22638606;1;1;2026-02-06;2026-07-08;REATIVADO
22651448;1;1;2026-06-04;2026-07-09;REATIVADO
22651877;1;1;2026-01-28;2026-06-02;REATIVADO
22652560;1;1;2026-01-12;2025-10-02;REATIVADO
22652994;1;1;2026-01-26;2025-10-07;REATIVADO
22653161;1;1;2026-05-29;2026-05-25;REATIVADO
22653440;1;1;2026-05-29;2026-06-19;REATIVADO
22654082;1;1;2026-05-27;2026-05-06;ATIVADO
226571;1;1;2026-03-19;2025-09-15;REATIVADO
2265891;1;1;2026-03-26;2025-12-18;REATIVADO
22658923;1;1;2026-01-16;2026-04-01;REATIVADO
22659155;1;1;2026-01-13;2026-06-03;REATIVADO
22666153;1;1;2026-05-05;2026-02-13;REATIVADO
22667083;1;1;2026-03-25;2026-03-26;ATIVADO
22668646;1;1;2026-04-16;2026-05-28;REATIVADO
22668953;1;1;2026-01-20;2026-06-16;REATIVADO
22669610;1;1;2026-01-20;2026-07-13;REATIVADO
22670137;1;1;2026-03-13;2026-07-20;ATIVADO
22676763;1;1;2026-02-26;2025-10-22;REATIVADO
22679304;1;1;2026-04-22;2025-09-04;REATIVADO
22679973;1;1;2026-02-05;2026-05-15;ATIVADO
22680590;1;1;2026-06-15;2026-06-15;ATIVADO
22681581;1;1;2026-03-23;2026-04-28;ATIVADO
22681952;1;1;2026-06-06;2026-06-11;REATIVADO
22682609;1;1;2026-04-07;2026-05-15;REATIVADO
22684303;1;1;2026-03-30;2026-05-04;REATIVADO
22685244;1;1;2026-06-14;2026-07-17;REATIVADO
22687557;1;1;2026-04-11;2026-05-26;REATIVADO
2269051;1;1;2026-06-09;2025-12-09;REATIVADO
22697159;1;1;2026-06-17;2026-06-15;REATIVADO
22697160;1;1;2026-01-30;2026-04-16;REATIVADO
22700814;1;1;2026-05-18;2026-05-18;ATIVADO
22700855;1;1;2026-02-02;2026-06-22;REATIVADO
22700875;1;1;2026-06-08;2026-02-05;REATIVADO
22700929;1;1;2026-06-01;;REATIVADO
22701247;1;1;2026-01-24;2026-01-20;REATIVADO
22701457;1;1;2026-06-26;2025-09-17;REATIVADO
22706367;1;1;2026-05-25;2026-06-26;REATIVADO
22708523;1;1;2026-02-04;2026-07-14;REATIVADO
22709004;1;1;2026-05-16;2026-05-19;ATIVADO
22709194;1;1;2026-05-25;2025-11-11;ATIVADO
22723389;1;1;2026-04-27;2026-07-06;ATIVADO
22724051;1;1;2026-03-10;2026-06-02;REATIVADO
22724243;1;1;2026-03-11;2025-11-11;REATIVADO
22728024;1;1;2026-04-09;2026-04-09;ATIVADO
2272812;1;1;2026-01-05;2026-04-09;REATIVADO
22745747;1;1;2026-03-21;2026-06-19;ATIVADO
22746459;1;1;2026-02-12;2026-07-14;REATIVADO
22748235;1;1;2026-02-19;2025-11-14;REATIVADO
22749910;1;1;2026-02-24;2026-07-14;REATIVADO
22750037;1;1;2026-01-16;2026-06-30;REATIVADO
22751500;1;1;2026-01-22;2026-02-09;REATIVADO
22754622;1;1;2026-04-17;2026-04-16;REATIVADO
22756914;1;1;2026-02-04;2026-06-23;REATIVADO
22761343;1;1;2026-06-09;2025-12-10;REATIVADO
22762605;1;1;2026-03-01;2026-02-24;REATIVADO
22768641;1;1;2026-05-06;2026-03-11;REATIVADO
22770471;1;1;2026-04-04;2026-02-05;REATIVADO
22770570;1;1;2026-04-12;2026-02-11;REATIVADO
22770692;1;1;2026-05-18;2026-06-03;REATIVADO
22773774;1;1;2026-05-13;2026-04-06;REATIVADO
22774102;1;1;2026-03-13;2026-03-12;REATIVADO
22777367;1;1;2026-05-02;2026-05-06;REATIVADO
22777702;1;1;2026-03-01;2026-05-28;ATIVADO
22792036;1;1;2026-02-15;2026-07-08;REATIVADO
22793346;1;1;2026-02-09;2026-05-12;REATIVADO
22795263;1;1;2026-06-02;2026-07-13;REATIVADO
22802204;1;1;2026-03-19;2026-07-07;REATIVADO
22802700;1;1;2026-04-20;2026-05-28;REATIVADO
22803958;1;1;2026-04-07;2026-05-26;REATIVADO
22807388;1;1;2026-02-26;2026-06-23;REATIVADO
22808105;1;1;2026-02-10;2026-05-22;REATIVADO
22808604;1;1;2026-05-27;2026-05-27;REATIVADO
22810885;1;1;2026-01-27;2026-03-17;REATIVADO
22811583;1;1;2026-03-04;;REATIVADO
22812601;1;1;2026-04-11;2026-04-27;REATIVADO
22813816;1;1;2026-05-25;2026-07-10;REATIVADO
22814121;1;1;2026-01-13;2025-12-10;REATIVADO
22814322;1;1;2026-01-31;2026-05-28;REATIVADO
22814385;1;1;2026-04-10;2026-04-23;REATIVADO
22815358;1;1;2026-01-05;2026-04-24;REATIVADO
22815503;1;1;2026-03-30;2025-09-08;REATIVADO
22815778;1;1;2026-01-25;2026-02-05;REATIVADO
22816118;1;1;2026-01-27;2026-07-16;REATIVADO
22817239;1;1;2026-03-05;2026-06-18;REATIVADO
22820490;1;1;2026-02-27;2026-05-20;ATIVADO
22825781;1;1;2026-03-06;2026-03-17;REATIVADO
22838971;1;1;2026-05-14;2025-09-26;REATIVADO
22839368;1;1;2026-01-20;2026-07-21;REATIVADO
22839420;1;1;2026-05-21;2026-06-22;REATIVADO
22840235;1;1;2026-05-18;2026-07-13;REATIVADO
22843794;1;1;2026-06-29;2026-07-09;REATIVADO
22844205;1;1;2026-03-10;2026-03-10;REATIVADO
22844516;1;1;2026-02-04;2026-05-08;REATIVADO
22846856;1;1;2026-02-12;2026-01-27;ATIVADO
22850872;1;1;2026-05-22;2026-06-12;REATIVADO
22854245;1;1;2026-03-03;2026-06-11;REATIVADO
22863340;1;1;2026-03-03;2026-07-21;ATIVADO
22864439;1;1;2026-06-23;2026-06-17;REATIVADO
22865980;1;1;2026-02-16;2026-07-14;REATIVADO
22867480;1;1;2026-04-27;2026-05-06;REATIVADO
22871103;1;1;2026-03-30;2026-06-16;REATIVADO
22872008;1;1;2026-06-15;2026-07-14;ATIVADO
22873552;1;1;2026-01-21;2026-06-26;ATIVADO
22873905;1;1;2026-06-03;2026-06-10;REATIVADO
22883104;1;1;2026-03-02;2026-03-24;REATIVADO
22888409;1;1;2026-06-08;2026-06-08;ATIVADO
22891103;1;1;2026-06-02;2026-05-27;ATIVADO
22892402;1;1;2026-05-07;2026-05-14;REATIVADO
22892633;1;1;2026-05-12;2026-06-03;REATIVADO
22894345;1;1;2026-05-27;;REATIVADO
22896032;1;1;2026-05-28;2026-05-26;REATIVADO
22896626;1;1;2026-02-22;2026-04-16;ATIVADO
22897317;1;1;2026-04-08;2026-06-24;REATIVADO
22898355;1;1;2026-04-13;2026-07-14;REATIVADO
22898591;1;1;2026-05-11;2026-07-16;REATIVADO
22903809;1;1;2026-05-08;2026-05-07;REATIVADO
22904228;1;1;2026-02-25;2026-05-22;REATIVADO
22905015;1;1;2026-02-11;2026-05-14;ATIVADO
22905266;1;1;2026-05-13;2025-09-01;REATIVADO
22906907;1;1;2026-06-17;2026-05-27;REATIVADO
22907339;1;1;2026-03-25;2026-04-08;REATIVADO
22907470;1;1;2026-03-24;2026-04-17;REATIVADO
22913508;1;1;2026-02-01;2026-06-11;REATIVADO
22913655;1;1;2026-04-17;2026-04-30;REATIVADO
22915749;1;1;2026-02-09;2026-07-06;REATIVADO
22915783;1;1;2026-01-08;2026-06-19;REATIVADO
22918392;1;1;2026-06-02;2026-06-29;REATIVADO
22918966;1;1;2026-01-27;2025-07-22;REATIVADO
22919596;1;1;2026-05-25;2026-06-23;REATIVADO
22919743;1;1;2026-02-09;2026-03-11;REATIVADO
2292023;1;1;2026-04-06;2026-03-31;REATIVADO
22921663;1;1;2026-05-19;2026-05-05;REATIVADO
22934371;1;1;2026-05-10;2026-06-02;REATIVADO
22935350;1;1;2026-04-01;2026-07-17;REATIVADO
22935374;1;1;2026-06-11;2026-07-08;REATIVADO
22935975;1;1;2026-02-06;2026-06-17;ATIVADO
22944595;1;1;2026-04-06;2026-05-28;REATIVADO
22945491;1;1;2026-04-26;2025-08-01;REATIVADO
22946630;1;1;2026-04-23;;REATIVADO
22946966;1;1;2026-06-23;2026-05-26;ATIVADO
22950247;1;1;2026-05-25;2026-06-29;REATIVADO
2295057;1;1;2026-01-16;2026-06-23;REATIVADO
22954379;1;1;2026-04-07;2026-04-06;REATIVADO
22958228;1;1;2026-04-13;2026-06-23;REATIVADO
22960390;1;1;2026-05-26;2026-06-22;ATIVADO
22961438;1;1;2026-02-11;2026-05-21;REATIVADO
22961486;1;1;2026-05-15;2026-05-14;REATIVADO
22961721;1;1;2026-01-28;2026-03-02;REATIVADO
22969671;1;1;2026-06-03;2026-07-08;REATIVADO
22971046;1;1;2026-04-12;2026-07-14;REATIVADO
22980382;1;1;2026-05-10;2026-05-25;ATIVADO
22980960;1;1;2026-03-06;2026-06-15;REATIVADO
22982659;1;1;2026-03-12;;ATIVADO
22982783;1;1;2026-03-14;2026-05-28;REATIVADO
22991588;1;1;2026-02-09;2026-04-17;REATIVADO
22992735;1;1;2026-06-16;2026-06-16;ATIVADO
22992815;1;1;2026-04-07;2026-05-18;REATIVADO
22993061;1;1;2026-01-12;2026-04-14;REATIVADO
22993345;1;1;2026-04-24;2025-11-27;REATIVADO
22994282;1;1;2026-06-15;2026-07-21;REATIVADO
22998569;1;1;2026-06-04;2026-05-11;REATIVADO
22999867;1;1;2026-05-04;2025-10-06;REATIVADO
23001000;1;1;2026-03-08;2026-05-06;REATIVADO
23013246;1;1;2026-03-23;2025-09-30;REATIVADO
23014199;1;1;2026-04-25;2026-06-15;ATIVADO
23014574;1;1;2026-06-09;2026-07-17;REATIVADO
23014706;1;1;2026-03-02;2026-05-07;REATIVADO
2301535;1;1;2026-01-21;2026-02-26;REATIVADO
23021556;1;1;2026-05-29;2025-11-10;ATIVADO
23029401;1;1;2026-02-25;2026-04-02;REATIVADO
23030163;1;1;2026-06-30;2026-06-29;ATIVADO
23031199;1;1;2026-03-10;2026-03-12;REATIVADO
23032122;1;1;2026-05-04;2026-07-07;ATIVADO
23036887;1;1;2026-04-01;2026-06-08;REATIVADO
23037580;1;1;2026-03-20;2026-04-22;REATIVADO
23037738;1;1;2026-04-08;2026-03-09;REATIVADO
23039106;1;1;2026-03-22;2026-06-02;REATIVADO
23039370;1;1;2026-03-17;2026-06-02;REATIVADO
23043662;1;1;2026-06-17;2026-03-24;REATIVADO
23043922;1;1;2026-01-16;;ATIVADO
23052376;1;1;2026-04-08;2026-04-08;REATIVADO
23052437;1;1;2026-03-10;2026-06-08;REATIVADO
23053284;1;1;2026-06-09;2026-07-03;REATIVADO
23057775;1;1;2026-06-06;2026-06-15;REATIVADO
23066065;1;1;2026-03-08;2025-09-11;REATIVADO
23074841;1;1;2026-04-11;2026-07-15;REATIVADO
23076964;1;1;2026-04-17;2026-05-14;REATIVADO
23077236;1;1;2026-06-07;2026-06-15;REATIVADO
23078337;1;1;2026-03-13;2025-09-30;REATIVADO
23079258;1;1;2026-02-24;2026-06-09;REATIVADO
23079509;1;1;2026-04-07;2026-07-07;REATIVADO
23080817;1;1;2026-04-08;2026-04-06;REATIVADO
23081265;1;1;2026-05-28;2026-04-01;REATIVADO
23084712;1;1;2026-01-22;2026-04-13;ATIVADO
23085419;1;1;2026-03-11;2026-05-06;REATIVADO
23085935;1;1;2026-05-27;2026-06-18;REATIVADO
23087967;1;1;2026-03-16;2026-03-26;REATIVADO
23088220;1;1;2026-04-02;2026-04-02;REATIVADO
23088785;1;1;2026-03-05;2026-07-15;REATIVADO
23088980;1;1;2026-06-20;2026-07-13;REATIVADO
23089530;1;1;2026-04-26;2026-07-17;ATIVADO
23092675;1;1;2026-05-25;2026-04-30;REATIVADO
23093702;1;1;2026-01-12;2026-03-11;REATIVADO
23094698;1;1;2026-01-15;2025-07-25;REATIVADO
23096444;1;1;2026-02-10;2025-12-02;REATIVADO
23097846;1;1;2026-06-15;2025-12-18;REATIVADO
23102243;1;1;2026-04-27;2026-06-08;REATIVADO
23103218;1;1;2026-05-22;;REATIVADO
23104275;1;1;2026-02-17;2026-02-10;REATIVADO
23104815;1;1;2026-05-18;2026-05-26;REATIVADO
23111888;1;1;2026-04-13;2026-07-21;ATIVADO
23111934;1;1;2026-03-17;2026-02-23;REATIVADO
2311483;1;1;2026-03-22;2026-04-29;REATIVADO
23120421;1;1;2026-05-26;2026-06-16;REATIVADO
231243;1;1;2026-04-06;2026-07-17;REATIVADO
2312530;1;1;2026-06-14;2026-06-30;REATIVADO
23126850;1;1;2026-03-08;2026-06-22;REATIVADO
23127370;1;1;2026-01-19;2026-05-15;REATIVADO
23129121;1;1;2026-04-06;2026-04-09;REATIVADO
23130784;1;1;2026-02-02;2026-05-25;REATIVADO
23131484;1;1;2026-03-09;2026-04-28;REATIVADO
23132191;1;1;2026-01-17;2026-05-12;REATIVADO
23136554;1;1;2026-01-13;2025-12-04;REATIVADO
23136856;1;1;2026-04-16;2026-07-15;ATIVADO
23137457;1;1;2026-02-10;2026-05-22;REATIVADO
23137840;1;1;2026-03-24;2026-05-19;REATIVADO
23137934;1;1;2026-05-14;2026-05-29;REATIVADO
23138035;1;1;2026-04-13;2026-04-02;REATIVADO
23138164;1;1;2026-05-06;2026-06-08;REATIVADO
23139517;1;1;2026-03-28;2026-04-07;REATIVADO
23140266;1;1;2026-01-26;2026-03-30;REATIVADO
23145777;1;1;2026-04-12;2026-04-20;REATIVADO
23147113;1;1;2026-03-11;2025-10-09;REATIVADO
23147555;1;1;2026-06-04;2026-06-05;REATIVADO
23148554;1;1;2026-05-30;2026-06-26;REATIVADO
23156757;1;1;2026-06-01;2026-06-18;REATIVADO
23156835;1;1;2026-02-06;2026-05-06;REATIVADO
23157989;1;1;2026-01-05;2026-03-26;REATIVADO
23158249;1;1;2026-03-04;2026-02-25;REATIVADO
23158630;1;1;2026-03-11;2026-04-30;REATIVADO
23171544;1;1;2026-05-11;2026-05-11;REATIVADO
2317618;1;1;2026-05-07;2026-05-05;REATIVADO
23179767;1;1;2026-04-30;2025-10-23;REATIVADO
2317980;1;1;2026-04-23;2026-03-19;REATIVADO
23180505;1;1;2026-04-01;2025-10-29;REATIVADO
23181041;1;1;2026-04-22;2025-10-29;REATIVADO
23181156;1;1;2026-03-16;2026-07-15;REATIVADO
23182613;1;1;2026-03-17;2026-03-09;REATIVADO
23183080;1;1;2026-03-04;2026-07-07;REATIVADO
23183261;1;1;2026-03-02;2026-05-05;REATIVADO
23183766;1;1;2026-03-22;2026-03-19;REATIVADO
23184026;1;1;2026-03-01;2026-02-04;REATIVADO
2318828;1;1;2026-06-24;2026-05-27;REATIVADO
23189280;1;1;2026-06-15;2026-06-15;REATIVADO
23192442;1;1;2026-04-06;2026-05-22;REATIVADO
23193063;1;1;2026-06-17;2025-12-05;REATIVADO
23193312;1;1;2026-01-27;2026-05-14;REATIVADO
23197370;1;1;2026-05-20;2026-05-27;REATIVADO
23204999;1;1;2026-01-08;2025-09-10;REATIVADO
23205598;1;1;2026-05-25;2026-03-26;REATIVADO
23213867;1;1;2026-01-14;2026-07-06;REATIVADO
23215518;1;1;2026-05-14;2026-05-26;REATIVADO
23215519;1;1;2026-02-10;2026-06-25;ATIVADO
232163;1;1;2026-03-03;2026-07-20;REATIVADO
23223191;1;1;2026-04-26;2025-07-23;REATIVADO
23224104;1;1;2026-02-27;2026-05-21;REATIVADO
23231240;1;1;2026-03-04;2026-06-12;REATIVADO
23232693;1;1;2026-05-27;2025-12-29;REATIVADO
23234657;1;1;2026-05-14;2026-06-30;REATIVADO
23235698;1;1;2026-01-02;2026-01-02;REATIVADO
23241312;1;1;2026-04-08;2026-05-19;REATIVADO
23250846;1;1;2026-01-30;2026-03-03;REATIVADO
23251009;1;1;2026-05-06;2025-11-21;REATIVADO
23251355;1;1;2026-02-12;2026-03-12;REATIVADO
23251825;1;1;2026-01-29;2026-07-14;ATIVADO
23252258;1;1;2026-03-18;2026-06-15;ATIVADO
23253190;1;1;2026-03-07;2026-07-13;REATIVADO
23253551;1;1;2026-04-08;2026-04-06;REATIVADO
23253860;1;1;2026-05-15;2026-07-09;REATIVADO
23257991;1;1;2026-06-30;2026-06-26;ATIVADO
23260264;1;1;2026-06-24;2026-06-24;REATIVADO
23260867;1;1;2026-03-30;2026-04-23;REATIVADO
23260980;1;1;2026-03-08;2026-06-29;REATIVADO
23261970;1;1;2026-04-23;2026-04-22;REATIVADO
23267110;1;1;2026-03-23;2026-03-24;ATIVADO
23269578;1;1;2026-03-16;2026-04-10;REATIVADO
2328644;1;1;2026-03-20;2026-04-14;REATIVADO
2328968;1;1;2026-01-24;2026-01-28;REATIVADO
23290062;1;1;2026-04-07;;REATIVADO
23292658;1;1;2026-02-05;2026-07-21;REATIVADO
2329518;1;1;2026-06-30;2026-07-17;REATIVADO
23296453;1;1;2026-05-27;2026-06-26;REATIVADO
23296556;1;1;2026-05-02;2026-03-16;REATIVADO
23297301;1;1;2026-03-09;2026-07-16;REATIVADO
23304090;1;1;2026-02-27;2026-03-02;REATIVADO
23304144;1;1;2026-04-24;2026-02-13;REATIVADO
2330597;1;1;2026-01-27;2026-07-06;REATIVADO
23306023;1;1;2026-04-27;2025-09-22;REATIVADO
23306178;1;1;2026-01-31;2026-06-23;REATIVADO
23312724;1;1;2026-05-04;;ATIVADO
23313378;1;1;2026-04-29;2026-05-18;REATIVADO
23314393;1;1;2026-02-05;2026-02-11;REATIVADO
23315563;1;1;2026-05-09;2026-05-28;REATIVADO
23321244;1;1;2026-05-13;2026-05-28;REATIVADO
23324037;1;1;2026-06-29;2026-06-30;REATIVADO
23325408;1;1;2026-06-30;2026-06-18;REATIVADO
23326033;1;1;2026-05-28;2026-06-02;REATIVADO
2333737;1;1;2026-05-18;2026-05-22;REATIVADO
23343554;1;1;2026-04-27;2026-06-30;ATIVADO
23345370;1;1;2026-05-25;2026-07-16;ATIVADO
23348284;1;1;2026-03-27;2026-04-22;REATIVADO
23348838;1;1;2026-04-10;2026-07-02;REATIVADO
23352962;1;1;2026-05-26;2026-06-09;REATIVADO
23354026;1;1;2026-06-14;2026-06-12;REATIVADO
23355044;1;1;2026-05-22;2026-06-26;REATIVADO
23355152;1;1;2026-05-12;2025-12-11;REATIVADO
23355743;1;1;2026-02-27;2026-04-17;REATIVADO
23361767;1;1;2026-03-18;2026-07-21;REATIVADO
23362397;1;1;2026-03-04;2026-05-05;ATIVADO
23364370;1;1;2026-05-15;2026-05-13;REATIVADO
23370606;1;1;2026-05-26;2026-06-18;REATIVADO
23371006;1;1;2026-01-23;2026-07-14;REATIVADO
23373142;1;1;2026-06-09;2026-06-26;REATIVADO
23373955;1;1;2026-02-14;2026-02-13;REATIVADO
23374778;1;1;2026-01-29;2026-07-07;REATIVADO
23374969;1;1;2026-06-08;2026-07-10;ATIVADO
23376866;1;1;2026-03-13;2026-03-17;ATIVADO
23378703;1;1;2026-01-27;2026-06-17;REATIVADO
2337884;1;1;2026-04-06;2026-04-15;REATIVADO
23383093;1;1;2026-01-07;2026-06-19;REATIVADO
2339765;1;1;2026-06-20;2026-07-07;REATIVADO
23398257;1;1;2026-02-09;2026-02-24;REATIVADO
23399301;1;1;2026-03-23;2025-08-19;ATIVADO
23400398;1;1;2026-03-11;2026-05-26;ATIVADO
23400694;1;1;2026-06-21;2025-12-12;REATIVADO
23402120;1;1;2026-03-01;2026-06-16;REATIVADO
23411757;1;1;2026-06-19;2026-05-18;REATIVADO
23413074;1;1;2026-04-06;2026-04-10;REATIVADO
2341874;1;1;2026-05-12;2026-06-30;REATIVADO
23419849;1;1;2026-02-23;2026-05-28;REATIVADO
23419885;1;1;2026-03-09;2026-06-15;ATIVADO
23420017;1;1;2026-03-24;2026-07-20;REATIVADO
23420472;1;1;2026-06-23;2026-05-13;ATIVADO
23421284;1;1;2026-01-08;2026-07-17;REATIVADO
23425402;1;1;2026-01-12;2026-07-21;ATIVADO
23425674;1;1;2026-05-15;2026-06-26;REATIVADO
23425892;1;1;2026-03-06;2026-05-06;REATIVADO
23438348;1;1;2026-04-23;2026-07-09;REATIVADO
23442699;1;1;2026-04-17;2026-07-20;REATIVADO
23458465;1;1;2026-03-06;2026-03-13;REATIVADO
23478139;1;1;2026-05-10;2026-07-20;REATIVADO
23482980;1;1;2026-04-15;2026-04-23;REATIVADO
23490078;1;1;2026-05-29;2026-05-29;REATIVADO
23500738;1;1;2026-05-09;;REATIVADO
23515118;1;1;2026-01-29;2026-06-08;ATIVADO
23515501;1;1;2026-04-12;2026-05-22;REATIVADO
23516928;1;1;2026-03-19;2026-03-19;REATIVADO
23520464;1;1;2026-06-25;2026-06-19;REATIVADO
23524413;1;1;2026-03-08;2026-07-02;REATIVADO
23537140;1;1;2026-01-06;2026-05-07;REATIVADO
23537204;1;1;2026-01-30;2026-04-13;ATIVADO
23538388;1;1;2026-04-18;;REATIVADO
23538688;1;1;2026-03-30;2026-07-20;REATIVADO
23548767;1;1;2026-06-02;2026-02-27;REATIVADO
23552389;1;1;2026-02-04;2026-04-01;REATIVADO
23559197;1;1;2026-01-22;2025-07-28;REATIVADO
23571235;1;1;2026-05-16;2026-05-26;REATIVADO
23572557;1;1;2026-02-15;2026-07-03;ATIVADO
23572684;1;1;2026-05-17;2026-02-09;REATIVADO
23573342;1;1;2026-06-03;2026-06-01;ATIVADO
23573608;1;1;2026-01-01;2026-04-06;REATIVADO
23574311;1;1;2026-05-14;2026-07-14;REATIVADO
23576772;1;1;2026-04-29;2026-06-16;REATIVADO
23579264;1;1;2026-01-24;2026-07-10;ATIVADO
23584288;1;1;2026-03-17;2026-05-28;REATIVADO
23585654;1;1;2026-05-04;2026-03-24;REATIVADO
23586765;1;1;2026-02-06;2026-02-05;REATIVADO
23589577;1;1;2026-01-06;;REATIVADO
23590422;1;1;2026-04-26;2026-04-22;ATIVADO
23594045;1;1;2026-06-24;2026-07-13;REATIVADO
23595759;1;1;2026-05-05;2025-10-22;REATIVADO
23595973;1;1;2026-05-10;2026-04-08;REATIVADO
23596577;1;1;2026-01-13;2026-06-11;REATIVADO
23599242;1;1;2026-05-11;2026-07-14;REATIVADO
23603795;1;1;2026-05-17;2026-03-23;REATIVADO
23604339;1;1;2026-05-06;2026-06-30;ATIVADO
23604741;1;1;2026-05-11;;ATIVADO
23604812;1;1;2026-04-13;2026-03-25;ATIVADO
23607351;1;1;2026-03-26;2026-05-11;REATIVADO
23609097;1;1;2026-02-24;2026-07-20;REATIVADO
23613983;1;1;2026-02-18;2026-07-01;REATIVADO
23613989;1;1;2026-04-13;2026-04-10;REATIVADO
23614826;1;1;2026-06-08;2026-05-22;REATIVADO
23615230;1;1;2026-05-12;2026-05-13;ATIVADO
23617103;1;1;2026-05-21;2026-06-17;ATIVADO
2361858;1;1;2026-05-28;2026-04-07;REATIVADO
23635649;1;1;2026-04-22;2026-02-19;REATIVADO
23636575;1;1;2026-03-18;2026-03-12;REATIVADO
23639754;1;1;2026-06-01;2026-06-10;REATIVADO
23639755;1;1;2026-02-11;2026-02-10;REATIVADO
23640063;1;1;2026-04-01;2026-05-12;REATIVADO
23644385;1;1;2026-03-20;2026-07-10;ATIVADO
23644491;1;1;2026-03-09;2026-02-19;REATIVADO
23645531;1;1;2026-03-15;2025-10-27;REATIVADO
23645715;1;1;2026-02-26;2026-05-04;ATIVADO
23647170;1;1;2026-03-31;2026-05-05;REATIVADO
23647496;1;1;2026-05-05;2026-06-22;ATIVADO
23648889;1;1;2026-04-11;;ATIVADO
23651136;1;1;2026-05-12;2026-03-25;ATIVADO
23654002;1;1;2026-06-29;2026-07-20;REATIVADO
23656702;1;1;2026-02-22;2026-03-30;ATIVADO
23656999;1;1;2026-01-13;2026-06-08;ATIVADO
23658506;1;1;2026-06-29;2026-06-25;ATIVADO
23661691;1;1;2026-01-28;2026-05-26;REATIVADO
23662256;1;1;2026-02-27;2026-05-29;REATIVADO
23665589;1;1;2026-06-10;2026-07-15;REATIVADO
23665590;1;1;2026-01-24;2026-05-27;REATIVADO
23666151;1;1;2026-03-24;2026-07-06;REATIVADO
23670395;1;1;2026-03-16;2026-07-06;REATIVADO
23671189;1;1;2026-05-12;2026-06-18;REATIVADO
23671487;1;1;2026-03-07;2026-07-16;REATIVADO
23671631;1;1;2026-04-13;2026-04-22;REATIVADO
23671951;1;1;2026-04-02;2026-04-07;REATIVADO
23674828;1;1;2026-02-22;2026-07-21;REATIVADO
23674978;1;1;2026-02-19;2026-03-10;REATIVADO
23675928;1;1;2026-05-21;2026-06-24;REATIVADO
2367634;1;1;2026-06-08;2026-06-29;REATIVADO
23676609;1;1;2026-05-21;2026-07-10;REATIVADO
23696558;1;1;2026-02-20;2026-06-26;REATIVADO
23704665;1;1;2026-03-17;2026-05-22;REATIVADO
23705057;1;1;2026-05-04;2026-04-22;REATIVADO
23707517;1;1;2026-03-10;2026-07-17;REATIVADO
23711846;1;1;2026-03-23;2026-05-26;ATIVADO
23713759;1;1;2026-05-20;2026-05-29;REATIVADO
23714832;1;1;2026-06-16;2026-02-06;REATIVADO
23716036;1;1;2026-04-27;2026-05-27;REATIVADO
23716790;1;1;2026-06-16;2026-05-05;REATIVADO
23721967;1;1;2026-06-01;2026-07-03;REATIVADO
23724716;1;1;2026-06-11;2026-07-10;REATIVADO
23725156;1;1;2026-06-02;2026-05-20;REATIVADO
23725374;1;1;2026-03-05;2026-04-06;REATIVADO
23725377;1;1;2026-04-13;2026-04-14;REATIVADO
23725380;1;1;2026-04-13;2026-06-12;REATIVADO
23725484;1;1;2026-02-17;2026-04-06;REATIVADO
23725501;1;1;2026-04-22;2026-06-10;REATIVADO
23728208;1;1;2026-01-30;2026-07-08;ATIVADO
23730860;1;1;2026-03-02;2026-02-24;REATIVADO
23731113;1;1;2026-04-01;2026-04-30;REATIVADO
23732215;1;1;2026-03-17;2026-07-16;REATIVADO
23732748;1;1;2026-05-28;2026-01-13;ATIVADO
23733053;1;1;2026-05-12;2026-07-16;REATIVADO
23742934;1;1;2026-02-05;2026-02-04;ATIVADO
2374833;1;1;2026-05-24;2026-05-11;REATIVADO
23749732;1;1;2026-01-15;2026-05-19;REATIVADO
23752286;1;1;2026-02-03;2026-05-21;REATIVADO
23754349;1;1;2026-05-08;2026-06-05;REATIVADO
23756360;1;1;2026-06-22;2025-10-22;REATIVADO
23762477;1;1;2026-03-19;2026-05-22;REATIVADO
23762820;1;1;2026-04-24;2026-06-25;REATIVADO
23765394;1;1;2026-05-20;2026-07-20;ATIVADO
23767649;1;1;2026-06-20;2026-07-07;REATIVADO
23770609;1;1;2026-03-11;2026-04-29;REATIVADO
23771023;1;1;2026-04-23;2026-03-16;REATIVADO
23777376;1;1;2026-02-02;2025-09-23;REATIVADO
23783398;1;1;2026-01-12;;REATIVADO
23785776;1;1;2026-03-11;2026-02-12;REATIVADO
23785829;1;1;2026-02-09;2026-07-20;REATIVADO
23786024;1;1;2026-05-21;2026-06-19;ATIVADO
23786167;1;1;2026-03-05;2026-05-19;REATIVADO
23786314;1;1;2026-02-22;2026-07-20;ATIVADO
23786493;1;1;2026-01-11;2026-05-19;REATIVADO
23786666;1;1;2026-04-15;2026-04-20;REATIVADO
23786927;1;1;2026-05-27;2026-03-12;REATIVADO
2378756;1;1;2026-03-08;2026-03-30;REATIVADO
23787910;1;1;2026-02-19;2026-06-15;REATIVADO
23788398;1;1;2026-02-02;2026-07-06;ATIVADO
23788746;1;1;2026-02-12;2026-05-13;REATIVADO
23802415;1;1;2026-05-17;2026-06-17;ATIVADO
23802608;1;1;2026-06-01;2026-05-18;REATIVADO
23803634;1;1;2026-01-05;2026-04-27;REATIVADO
23803724;1;1;2026-06-02;2026-06-23;ATIVADO
23805385;1;1;2026-02-25;;REATIVADO
23806034;1;1;2026-06-25;2026-06-24;REATIVADO
23806670;1;1;2026-02-05;2026-04-23;REATIVADO
23808618;1;1;2026-06-02;2025-09-16;REATIVADO
23808895;1;1;2026-03-13;2026-07-08;REATIVADO
23812195;1;1;2026-05-07;2026-05-26;REATIVADO
23813231;1;1;2026-01-30;2026-01-29;REATIVADO
23813351;1;1;2026-06-23;2026-06-15;REATIVADO
2381381;1;1;2026-05-05;2026-06-19;REATIVADO
23816296;1;1;2026-06-12;2026-04-06;REATIVADO
23820304;1;1;2026-03-30;2026-02-06;REATIVADO
23821563;1;1;2026-01-19;2026-07-07;REATIVADO
23822643;1;1;2026-06-08;2026-07-20;ATIVADO
23823181;1;1;2026-02-07;2026-06-11;REATIVADO
23823889;1;1;2026-01-09;2026-05-11;REATIVADO
23823945;1;1;2026-04-25;2025-09-24;ATIVADO
23824146;1;1;2026-03-19;2026-07-16;REATIVADO
23824505;1;1;2026-01-03;2025-08-21;REATIVADO
23825451;1;1;2026-02-16;2026-02-23;REATIVADO
23825537;1;1;2026-03-02;2026-03-19;REATIVADO
23828699;1;1;2026-01-25;2026-02-03;REATIVADO
23830176;1;1;2026-02-09;2026-03-09;ATIVADO
23831868;1;1;2026-02-04;2026-05-13;ATIVADO
23832975;1;1;2026-06-08;2026-03-17;REATIVADO
23833076;1;1;2026-06-16;2026-04-09;REATIVADO
23839632;1;1;2026-02-04;2026-07-16;ATIVADO
23839857;1;1;2026-04-16;2026-05-25;REATIVADO
23840616;1;1;2026-04-24;2026-06-17;ATIVADO
23841505;1;1;2026-02-07;2026-02-09;REATIVADO
23841732;1;1;2026-02-05;2026-05-15;REATIVADO
23855839;1;1;2026-03-23;2026-04-14;ATIVADO
23857480;1;1;2026-02-10;2026-07-16;ATIVADO
23859873;1;1;2026-02-03;2026-07-03;REATIVADO
23859940;1;1;2026-03-24;2026-04-06;REATIVADO
23865228;1;1;2026-03-10;2026-02-25;REATIVADO
23866410;1;1;2026-02-07;2026-06-16;REATIVADO
23866798;1;1;2026-05-16;2026-05-11;REATIVADO
23867115;1;1;2026-02-13;2026-04-01;REATIVADO
23867392;1;1;2026-06-11;2026-06-30;REATIVADO
23867653;1;1;2026-03-27;2026-05-20;REATIVADO
23869326;1;1;2026-03-24;2026-07-13;REATIVADO
23869930;1;1;2026-03-10;2026-04-22;ATIVADO
23870629;1;1;2026-02-10;2026-04-17;REATIVADO
23873360;1;1;2026-05-03;2026-05-13;REATIVADO
23873769;1;1;2026-04-14;2026-03-12;REATIVADO
23874368;1;1;2026-06-11;2026-07-10;REATIVADO
23876168;1;1;2026-02-28;2025-10-16;REATIVADO
23880787;1;1;2026-04-02;2026-04-06;REATIVADO
23882406;1;1;2026-04-14;2026-06-08;REATIVADO
23882415;1;1;2026-03-23;2026-03-24;REATIVADO
23883169;1;1;2026-01-14;2026-03-30;REATIVADO
23883637;1;1;2026-01-14;2026-07-21;REATIVADO
23883694;1;1;2026-02-06;;ATIVADO
23883882;1;1;2026-05-25;2026-04-07;REATIVADO
23884600;1;1;2026-06-16;2026-06-15;REATIVADO
23884822;1;1;2026-05-12;2026-04-01;ATIVADO
23885361;1;1;2026-01-23;2026-03-11;REATIVADO
23892538;1;1;2026-01-21;2025-09-18;REATIVADO
23892615;1;1;2026-05-31;2026-06-22;ATIVADO
23892664;1;1;2026-04-06;2026-07-17;ATIVADO
23893627;1;1;2026-01-31;2026-06-17;ATIVADO
23894089;1;1;2026-02-12;2026-05-21;REATIVADO
23899987;1;1;2026-04-09;2026-04-28;REATIVADO
23909191;1;1;2026-03-30;;REATIVADO
2391123;1;1;2026-03-27;2026-04-16;REATIVADO
23911361;1;1;2026-04-13;2025-11-05;REATIVADO
23911419;1;1;2026-06-18;2026-07-03;ATIVADO
23911840;1;1;2026-05-08;2026-05-21;REATIVADO
23912793;1;1;2026-05-12;2025-07-21;REATIVADO
23914464;1;1;2026-02-14;2026-04-14;REATIVADO
23917676;1;1;2026-05-04;2026-02-11;REATIVADO
23918917;1;1;2026-05-26;2026-07-08;REATIVADO
23922073;1;1;2026-06-09;2026-06-10;REATIVADO
23929691;1;1;2026-03-18;2026-07-16;ATIVADO
23929694;1;1;2026-03-10;2026-07-16;ATIVADO
23929814;1;1;2026-02-22;2026-07-02;REATIVADO
23929992;1;1;2026-03-10;2025-09-05;REATIVADO
23930045;1;1;2026-03-10;2026-05-12;ATIVADO
23934101;1;1;2026-06-24;2026-04-13;REATIVADO
23936053;1;1;2026-03-02;2026-06-25;REATIVADO
23936344;1;1;2026-06-01;2026-06-19;REATIVADO
23937376;1;1;2026-05-09;2025-12-09;REATIVADO
23937534;1;1;2026-04-09;2026-07-07;REATIVADO
23939662;1;1;2026-06-16;2026-07-15;REATIVADO
23940101;1;1;2026-03-08;2026-03-25;REATIVADO
23942353;1;1;2026-03-17;2026-07-17;REATIVADO
23942407;1;1;2026-06-09;2026-03-24;REATIVADO
23944871;1;1;2026-03-29;2025-09-03;REATIVADO
23945184;1;1;2026-05-08;2026-05-06;REATIVADO
23945988;1;1;2026-02-02;2026-06-24;REATIVADO
23948852;1;1;2026-02-28;;REATIVADO
2394964;1;1;2026-03-16;;REATIVADO
23964035;1;1;2026-02-06;2026-05-22;ATIVADO
23964880;1;1;2026-01-24;2025-12-19;REATIVADO
23966225;1;1;2026-01-13;2026-02-05;ATIVADO
23966959;1;1;2026-06-15;2026-02-24;REATIVADO
23968;1;1;2026-05-25;2026-06-19;REATIVADO
23968264;1;1;2026-02-02;2025-11-24;REATIVADO
23969775;1;1;2026-05-06;2026-06-03;REATIVADO
23970259;1;1;2026-02-27;;REATIVADO
23971796;1;1;2026-04-29;2026-06-02;ATIVADO
23975354;1;1;2026-03-16;2026-05-18;REATIVADO
23975471;1;1;2026-05-25;2026-05-08;REATIVADO
23976203;1;1;2026-01-06;2026-06-11;REATIVADO
23976892;1;1;2026-02-27;2026-06-29;REATIVADO
23978679;1;1;2026-05-20;2026-06-25;REATIVADO
23978740;1;1;2026-03-19;2026-07-20;REATIVADO
23983802;1;1;2026-01-21;2026-07-21;REATIVADO
23984348;1;1;2026-04-03;2026-04-06;REATIVADO
23985746;1;1;2026-06-30;2026-07-14;REATIVADO
23988879;1;1;2026-03-31;2026-04-10;REATIVADO
23990648;1;1;2026-03-10;;REATIVADO
23991030;1;1;2026-01-09;2026-04-20;REATIVADO
23991837;1;1;2026-03-12;2026-04-28;REATIVADO
23991940;1;1;2026-04-15;2025-12-05;REATIVADO
23994610;1;1;2026-02-07;2026-06-08;REATIVADO
2399514;1;1;2026-03-03;2025-09-10;REATIVADO
23995911;1;1;2026-03-10;2026-07-10;REATIVADO
2400042;1;1;2026-01-31;2025-08-08;REATIVADO
24000591;1;1;2026-01-15;2026-01-14;REATIVADO
24001327;1;1;2026-03-03;2026-03-10;REATIVADO
2401087;1;1;2026-05-07;2026-07-07;REATIVADO
24031673;1;1;2026-04-05;2026-04-07;REATIVADO
24032556;1;1;2026-05-17;2026-05-15;REATIVADO
24032667;1;1;2026-02-13;2026-02-23;REATIVADO
24032859;1;1;2026-06-02;2026-06-08;REATIVADO
24033344;1;1;2026-02-20;2026-07-21;ATIVADO
24034761;1;1;2026-03-13;2026-04-10;REATIVADO
24035031;2;1;2026-03-18;2026-05-19;REATIVADO
24039581;1;1;2026-06-25;2026-06-25;REATIVADO
24039662;1;1;2026-04-28;2026-06-16;ATIVADO
24039746;1;1;2026-04-27;2026-05-19;REATIVADO
24041129;1;1;2026-05-20;2026-07-07;REATIVADO
24042676;1;1;2026-06-10;2025-09-09;REATIVADO
24042873;1;1;2026-06-18;2025-10-13;REATIVADO
24044401;1;1;2026-03-22;2025-12-11;REATIVADO
24044509;1;1;2026-05-22;2026-07-09;REATIVADO
24047606;1;1;2026-04-09;2026-03-24;REATIVADO
24048510;1;1;2026-05-12;2026-04-06;REATIVADO
24048622;1;1;2026-06-07;2025-10-10;REATIVADO
24049759;1;1;2026-01-27;2026-06-29;ATIVADO
24049855;1;1;2026-03-11;2026-03-10;ATIVADO
24050063;1;1;2026-05-12;2026-07-08;REATIVADO
24050066;1;1;2026-01-21;2026-06-16;REATIVADO
24050797;1;1;2026-01-08;2026-03-18;REATIVADO
24051657;1;1;2026-02-16;2026-07-13;REATIVADO
24053405;1;1;2026-05-29;2026-07-08;REATIVADO
24058070;1;1;2026-03-17;2026-06-25;ATIVADO
24064445;1;1;2026-01-26;;ATIVADO
24067104;1;1;2026-03-25;2026-07-01;REATIVADO
24067622;1;1;2026-02-23;2026-05-11;REATIVADO
24069245;1;1;2026-03-23;2026-05-06;REATIVADO
24070588;1;1;2026-04-10;2026-04-29;REATIVADO
24071695;1;1;2026-06-25;2026-04-06;REATIVADO
24076439;1;1;2026-03-09;2026-06-22;REATIVADO
24077513;1;1;2026-03-25;2026-05-27;REATIVADO
24078905;1;1;2026-01-12;2026-06-19;REATIVADO
24079869;1;1;2026-04-03;;REATIVADO
24080849;1;1;2026-05-11;;REATIVADO
24086100;1;1;2026-06-30;2026-03-24;REATIVADO
24087236;1;1;2026-06-16;2025-11-19;REATIVADO
24087238;1;1;2026-06-11;2026-06-05;ATIVADO
24087284;1;1;2026-02-26;2026-03-17;REATIVADO
24087304;1;1;2026-03-10;2026-06-17;REATIVADO
24087315;1;1;2026-03-11;2026-06-01;REATIVADO
24087368;1;1;2026-03-05;;ATIVADO
24088359;1;1;2026-06-13;2026-03-30;REATIVADO
24091577;1;1;2026-05-08;2026-06-23;REATIVADO
2409165;1;1;2026-02-23;2026-06-26;REATIVADO
24092069;1;1;2026-06-18;2026-05-14;REATIVADO
24093391;1;1;2026-03-20;2026-03-03;REATIVADO
24094251;1;1;2026-03-24;2025-10-23;REATIVADO
24095437;1;1;2026-02-18;2026-01-28;REATIVADO
24102746;1;1;2026-05-06;2026-07-16;REATIVADO
24102747;1;1;2026-04-15;2026-07-21;REATIVADO
24108130;1;1;2026-05-21;2026-05-21;REATIVADO
24111798;1;1;2026-01-16;2026-02-12;ATIVADO
24117009;1;1;2026-06-09;2026-06-09;REATIVADO
24117176;1;1;2026-01-17;2026-06-26;REATIVADO
24117616;1;1;2026-01-05;2026-02-13;REATIVADO
24118636;1;1;2026-01-16;2025-09-15;ATIVADO
24119186;1;1;2026-01-19;2026-06-16;REATIVADO
24120470;1;1;2026-01-10;2026-07-07;ATIVADO
24120629;1;1;2026-04-17;;REATIVADO
2412106;1;1;2026-03-31;2025-10-02;REATIVADO
24121143;1;1;2026-01-06;2026-03-26;REATIVADO
2412162;1;1;2026-05-11;2026-07-06;REATIVADO
24125;1;1;2026-05-19;2026-07-14;REATIVADO
24125427;1;1;2026-05-07;2026-04-07;REATIVADO
24125486;1;1;2026-06-02;2026-07-14;REATIVADO
24125765;1;1;2026-03-09;2026-05-04;REATIVADO
24126449;1;1;2026-05-07;2025-12-03;REATIVADO
24128749;1;1;2026-04-27;2026-02-11;REATIVADO
24128842;1;1;2026-04-24;;ATIVADO
24131996;1;1;2026-06-10;2026-06-10;ATIVADO
24132969;1;1;2026-05-29;2026-06-23;REATIVADO
24133471;1;1;2026-02-14;2026-07-15;REATIVADO
24134457;1;1;2026-05-10;2026-05-07;REATIVADO
24135152;1;1;2026-06-26;2026-03-23;REATIVADO
24135440;1;1;2026-05-22;2026-07-21;REATIVADO
24135974;1;1;2026-01-09;2026-07-01;ATIVADO
24137837;1;1;2026-05-11;2026-07-21;ATIVADO
24139680;1;1;2026-05-21;2026-07-07;REATIVADO
24140132;1;1;2026-05-29;2026-05-29;REATIVADO
24141081;1;1;2026-03-03;2026-07-16;REATIVADO
24142530;1;1;2026-05-08;2026-05-19;ATIVADO
24143750;1;1;2026-03-25;2026-04-07;REATIVADO
24145045;1;1;2026-06-17;2026-01-16;ATIVADO
24148607;1;1;2026-03-09;;ATIVADO
24148702;1;1;2026-05-26;2026-06-25;REATIVADO
24149445;1;1;2026-01-26;2026-07-10;REATIVADO
24149495;1;1;2026-03-31;2026-03-31;REATIVADO
24151000;1;1;2026-04-02;2026-05-27;ATIVADO
24151646;1;1;2026-04-30;;REATIVADO
2416648;1;1;2026-03-10;2026-03-23;REATIVADO
24166510;1;1;2026-01-09;;REATIVADO
24166743;1;1;2026-04-16;2026-07-21;REATIVADO
24168155;1;1;2026-04-02;2026-03-16;REATIVADO
24169101;1;1;2026-01-17;2026-04-07;ATIVADO
2417022;1;1;2026-05-19;2026-06-15;REATIVADO
24176308;1;1;2026-04-10;2026-06-17;ATIVADO
24176916;1;1;2026-03-16;2026-06-25;REATIVADO
24178432;1;1;2026-01-16;2026-07-16;ATIVADO
24179476;1;1;2026-04-22;2026-04-23;REATIVADO
24180055;1;1;2026-02-06;2026-04-23;REATIVADO
24180159;1;1;2026-01-22;2026-02-23;REATIVADO
24180542;1;1;2026-03-30;;ATIVADO
24182323;1;1;2026-04-06;2026-05-22;ATIVADO
24183366;1;1;2026-05-03;2026-06-01;REATIVADO
24183415;1;1;2026-03-10;2026-05-23;ATIVADO
24187435;1;1;2026-04-20;2026-05-27;REATIVADO
24189928;1;1;2026-06-08;2026-05-21;REATIVADO
24190026;1;1;2026-03-03;2026-06-25;REATIVADO
24191762;1;1;2026-03-20;2026-05-29;REATIVADO
24196641;1;1;2026-04-22;2025-07-28;REATIVADO
24197003;1;1;2026-06-01;2026-07-20;REATIVADO
24210854;1;1;2026-02-23;2026-05-13;REATIVADO
24211243;1;1;2026-02-02;2026-06-08;REATIVADO
24211345;1;1;2026-03-29;2026-06-26;ATIVADO
24211445;1;1;2026-06-05;2025-12-11;REATIVADO
24212178;1;1;2026-03-13;2026-04-14;ATIVADO
24212290;1;1;2026-06-23;2026-02-24;REATIVADO
24212975;1;1;2026-03-31;2026-04-09;REATIVADO
24213027;1;1;2026-05-02;2026-05-04;ATIVADO
24213786;1;1;2026-01-16;2026-06-19;REATIVADO
24213985;1;1;2026-02-11;2026-04-09;ATIVADO
24214950;1;1;2026-04-14;2026-06-11;ATIVADO
24217717;1;1;2026-04-24;2026-07-01;REATIVADO
24222751;1;1;2026-03-04;2026-05-18;REATIVADO
24222854;1;1;2026-01-19;2026-04-10;ATIVADO
24223349;1;1;2026-04-30;2026-05-25;REATIVADO
24223817;1;1;2026-04-13;2026-04-14;REATIVADO
24224754;1;1;2026-06-15;2026-05-13;REATIVADO
24227840;1;1;2026-03-13;2026-07-07;REATIVADO
24229838;1;1;2026-01-12;2026-07-07;ATIVADO
24230212;1;1;2026-01-19;2026-06-17;REATIVADO
24230720;1;1;2026-03-16;;REATIVADO
24234103;1;1;2026-02-18;2026-03-13;REATIVADO
24234544;1;1;2026-06-29;2026-06-26;REATIVADO
24234885;1;1;2026-03-30;2026-04-28;REATIVADO
24235836;1;1;2026-04-09;2025-09-29;REATIVADO
24237233;1;1;2026-06-03;2025-07-24;REATIVADO
24237321;1;1;2026-06-13;2026-06-22;REATIVADO
24237583;1;1;2026-04-06;2026-04-01;REATIVADO
24240421;1;1;2026-02-19;2026-05-18;ATIVADO
24244187;1;1;2026-03-16;2026-03-24;REATIVADO
24245479;1;1;2026-04-25;2026-05-11;ATIVADO
24253639;1;1;2026-02-19;2026-02-19;ATIVADO
24259466;1;1;2026-06-29;2026-06-17;REATIVADO
24260085;1;1;2026-04-25;2026-04-06;REATIVADO
24262028;1;1;2026-02-13;2026-07-16;REATIVADO
24263880;1;1;2026-03-11;2026-01-08;REATIVADO
24264023;1;1;2026-05-16;2026-05-19;REATIVADO
24264025;1;1;2026-01-07;2026-05-26;ATIVADO
24267447;1;1;2026-06-15;2026-05-26;REATIVADO
24267739;1;1;2026-05-12;2026-05-28;ATIVADO
24268859;1;1;2026-05-20;2026-04-29;ATIVADO
24269643;1;1;2026-01-25;2026-04-01;REATIVADO
24269694;1;1;2026-01-02;2026-05-25;REATIVADO
24270079;1;1;2026-04-30;2026-04-13;REATIVADO
24270436;1;1;2026-04-14;2026-02-11;REATIVADO
24271209;1;1;2026-05-12;2025-12-16;REATIVADO
24271210;1;1;2026-05-18;2026-05-11;REATIVADO
24271698;1;1;2026-02-11;2026-04-23;ATIVADO
24272054;1;1;2026-03-23;2026-07-14;REATIVADO
24275434;1;1;2026-06-18;2026-04-28;REATIVADO
24277220;1;1;2026-05-22;2026-05-23;ATIVADO
24278588;1;1;2026-04-22;2025-11-28;REATIVADO
24279070;1;1;2026-02-17;2026-07-21;REATIVADO
24279314;1;1;2026-03-16;2026-03-17;ATIVADO
24281832;1;1;2026-03-23;2026-06-10;REATIVADO
24285202;1;1;2026-05-07;2026-04-02;REATIVADO
24286688;1;1;2026-05-11;;REATIVADO
24286902;1;1;2026-01-21;2025-08-19;REATIVADO
24289646;1;1;2026-02-09;2026-01-14;ATIVADO
24289936;1;1;2026-03-09;2026-04-29;REATIVADO
24291509;1;1;2026-03-28;2026-04-09;REATIVADO
24292405;1;1;2026-04-08;2026-07-17;REATIVADO
24292855;1;1;2026-01-19;2026-06-16;REATIVADO
24293185;1;1;2026-06-20;2026-03-24;REATIVADO
24293331;1;1;2026-02-13;2026-07-16;ATIVADO
24293561;1;1;2026-04-11;2026-03-27;REATIVADO
2430003;1;1;2026-02-22;2026-05-18;REATIVADO
24300587;1;1;2026-03-31;2025-12-02;REATIVADO
24301298;1;1;2026-05-30;2026-04-06;REATIVADO
24307670;1;1;2026-04-29;2026-05-20;REATIVADO
24307781;1;1;2026-04-16;2026-04-06;REATIVADO
24307997;1;1;2026-05-11;2026-06-22;REATIVADO
24308139;1;1;2026-02-02;2026-04-27;ATIVADO
24311478;1;1;2026-05-29;2026-05-28;ATIVADO
24311941;1;1;2026-06-20;;REATIVADO
24312796;1;1;2026-05-21;2026-04-22;REATIVADO
24314395;1;1;2026-04-13;2026-05-19;REATIVADO
24318260;1;1;2026-06-04;2026-06-03;ATIVADO
24319451;1;1;2026-03-19;2026-05-11;REATIVADO
24319673;1;1;2026-06-15;2025-10-01;REATIVADO
24323917;1;1;2026-06-15;2026-02-23;REATIVADO
24325428;1;1;2026-04-25;2026-07-09;REATIVADO
24326653;1;1;2026-06-19;2026-07-13;ATIVADO
24327066;1;1;2026-01-29;2026-02-25;ATIVADO
24329323;1;1;2026-03-10;2026-03-26;REATIVADO
24331036;1;1;2026-05-14;2026-05-11;REATIVADO
24331796;1;1;2026-01-21;2026-06-03;REATIVADO
24332836;1;1;2026-06-15;2026-07-03;REATIVADO
24334099;1;1;2026-03-13;2026-06-24;REATIVADO
24358418;1;1;2026-05-27;2026-07-06;ATIVADO
24359333;1;1;2026-06-12;2026-06-03;REATIVADO
24359334;1;1;2026-04-24;2026-04-06;REATIVADO
24359587;1;1;2026-04-26;2026-05-21;ATIVADO
24360684;1;1;2026-05-18;2026-06-18;REATIVADO
24362363;1;1;2026-03-21;2025-09-10;REATIVADO
24362651;1;1;2026-05-27;2026-05-26;REATIVADO
24365329;1;1;2026-05-13;2026-05-13;REATIVADO
24366666;1;1;2026-02-26;2026-05-29;REATIVADO
24367874;1;1;2026-04-27;2026-06-11;REATIVADO
24368387;1;1;2026-05-18;2026-05-21;REATIVADO
24369132;1;1;2026-05-27;2026-04-13;REATIVADO
24369291;1;1;2026-04-06;2026-07-13;REATIVADO
24369295;1;1;2026-06-09;2025-11-06;REATIVADO
24370581;1;1;2026-01-31;2026-07-02;REATIVADO
24376276;1;1;2026-03-26;2026-04-24;REATIVADO
24377042;1;1;2026-03-08;2026-06-30;REATIVADO
24377143;1;1;2026-04-05;2026-03-30;REATIVADO
24380758;1;1;2026-06-19;2026-04-07;REATIVADO
24381116;1;1;2026-05-07;2025-08-11;REATIVADO
24382855;1;1;2026-02-02;2026-04-22;REATIVADO
24383029;1;1;2026-04-27;2026-04-17;REATIVADO
24383319;1;1;2026-06-16;2026-07-08;REATIVADO
2438773;1;1;2026-01-12;2026-06-15;REATIVADO
24389495;1;1;2026-02-08;2026-03-31;REATIVADO
24397479;1;1;2026-02-24;;ATIVADO
24398347;1;1;2026-02-26;2026-07-21;REATIVADO
24398486;1;1;2026-01-21;2025-08-13;REATIVADO
24401080;1;1;2026-06-14;2025-10-01;REATIVADO
24403691;1;1;2026-02-19;2026-06-24;ATIVADO
24403739;1;1;2026-02-10;2026-05-28;REATIVADO
24403779;1;1;2026-05-12;2026-05-06;REATIVADO
24404034;1;1;2026-05-01;2026-05-28;REATIVADO
2440425;1;1;2026-03-25;2026-02-20;REATIVADO
24406834;1;1;2026-04-06;2026-04-07;REATIVADO
2440743;1;1;2026-04-12;2026-04-07;REATIVADO
24407763;1;1;2026-04-12;2025-08-19;REATIVADO
24411164;1;1;2026-05-03;2025-09-18;REATIVADO
24411409;1;1;2026-03-30;2026-07-13;REATIVADO
24413764;1;1;2026-03-16;2026-04-14;ATIVADO
24414393;1;1;2026-01-31;2026-05-14;REATIVADO
24414506;1;1;2026-04-27;2026-07-02;ATIVADO
24414923;1;1;2026-06-01;2026-05-06;REATIVADO
24417000;1;1;2026-06-26;2026-03-09;REATIVADO
24424289;1;1;2026-05-06;2026-04-20;REATIVADO
24426358;1;1;2026-03-30;2026-03-31;REATIVADO
24430028;1;1;2026-05-14;2026-06-10;ATIVADO
24435357;1;1;2026-05-11;2026-04-30;REATIVADO
24438892;1;1;2026-05-05;2026-04-13;REATIVADO
24440407;1;1;2026-01-07;2026-07-17;REATIVADO
24440801;1;1;2026-04-23;2026-07-16;REATIVADO
24441368;1;1;2026-02-11;;ATIVADO
24441794;1;1;2026-06-22;2026-02-10;REATIVADO
24444313;1;1;2026-06-14;2026-07-09;ATIVADO
24457614;1;1;2026-05-05;2026-03-17;REATIVADO
24463535;1;1;2026-01-07;2026-05-08;ATIVADO
24463744;1;1;2026-06-11;;REATIVADO
24465054;1;1;2026-06-02;2026-07-15;REATIVADO
24465469;1;1;2026-03-01;2026-04-27;REATIVADO
24468307;1;1;2026-04-28;2026-05-25;REATIVADO
24469110;1;1;2026-02-03;2026-06-25;REATIVADO
24469861;1;1;2026-05-26;2026-06-17;REATIVADO
24471909;1;1;2026-01-29;2026-07-13;REATIVADO
24472331;1;1;2026-06-12;;REATIVADO
24472362;1;1;2026-01-22;2026-02-20;ATIVADO
24472664;1;1;2026-06-04;2026-07-01;REATIVADO
24473084;1;1;2026-06-08;2026-03-26;REATIVADO
2447635;1;1;2026-03-25;2026-07-06;REATIVADO
24476793;1;1;2026-02-26;2026-04-23;REATIVADO
24489921;1;1;2026-05-20;2026-06-18;ATIVADO
24494619;1;1;2026-06-17;2025-09-11;REATIVADO
24497815;1;1;2026-03-25;2026-07-21;ATIVADO
24498906;1;1;2026-05-11;;REATIVADO
24502328;1;1;2026-04-29;2026-07-06;REATIVADO
24504578;1;1;2026-05-22;2026-03-24;ATIVADO
24504758;1;1;2026-05-04;2026-05-27;REATIVADO
24522096;1;1;2026-05-28;2026-05-28;REATIVADO
2452262;1;1;2026-03-09;2026-06-30;REATIVADO
24522706;1;1;2026-02-19;2026-04-20;REATIVADO
24525084;1;1;2026-05-23;2026-06-22;REATIVADO
24526601;1;1;2026-04-25;2026-05-25;REATIVADO
2453068;1;1;2026-03-30;;REATIVADO
24557505;1;1;2026-05-19;2026-05-27;REATIVADO
24558375;1;1;2026-04-14;2026-05-25;ATIVADO
24568825;1;1;2026-02-19;2026-06-19;REATIVADO
24572182;1;1;2026-04-27;2026-05-26;ATIVADO
24572591;1;1;2026-03-06;2026-03-30;REATIVADO
24572737;1;1;2026-01-05;2025-12-15;REATIVADO
24574147;1;1;2026-06-25;2026-07-02;REATIVADO
24575610;1;1;2026-05-20;2026-06-03;REATIVADO
24575945;1;1;2026-04-12;2026-06-22;REATIVADO
24577050;1;1;2026-03-02;2026-06-01;REATIVADO
24577651;1;1;2026-02-24;2026-05-12;REATIVADO
24579102;1;1;2026-04-22;2026-05-20;REATIVADO
24580244;1;1;2026-04-14;2026-04-14;ATIVADO
24580338;1;1;2026-05-13;2026-05-26;ATIVADO
24582839;1;1;2026-02-24;2026-04-22;ATIVADO
24583799;1;1;2026-05-13;2026-06-17;REATIVADO
24584092;1;1;2026-04-08;2026-04-06;REATIVADO
24584471;1;1;2026-03-03;2026-06-30;REATIVADO
2458483;1;1;2026-05-22;2026-05-22;REATIVADO
24585080;1;1;2026-03-10;2026-04-16;REATIVADO
24586028;1;1;2026-02-26;;ATIVADO
2458702;1;1;2026-04-18;2026-04-17;REATIVADO
24588576;1;1;2026-05-23;2026-07-20;ATIVADO
24589895;1;1;2026-06-08;2026-06-05;ATIVADO
24590165;1;1;2026-05-27;2026-06-01;REATIVADO
24590906;1;1;2026-03-04;2026-07-09;REATIVADO
24592513;1;1;2026-06-17;2026-07-01;ATIVADO
24592765;1;1;2026-02-10;2026-04-23;ATIVADO
24595768;1;1;2026-04-30;2026-07-02;REATIVADO
24596088;1;1;2026-04-30;;REATIVADO
24597569;1;1;2026-03-24;2026-03-18;ATIVADO
24597809;1;1;2026-05-10;2026-02-10;REATIVADO
24598162;1;1;2026-03-24;2026-07-07;ATIVADO
24598950;1;1;2026-06-02;2026-02-19;REATIVADO
24599804;1;1;2026-03-18;2026-05-06;REATIVADO
24607009;1;1;2026-03-31;2026-05-18;ATIVADO
2461096;1;1;2026-03-10;2026-03-04;REATIVADO
24612672;1;1;2026-05-09;2026-05-29;REATIVADO
24613180;1;1;2026-05-06;2026-02-19;REATIVADO
24613182;1;1;2026-04-22;2026-05-18;ATIVADO
24613564;1;1;2026-01-01;2026-02-26;ATIVADO
24614781;1;1;2026-02-21;2026-02-12;REATIVADO
24615699;1;1;2026-05-26;2025-10-29;REATIVADO
24618410;1;1;2026-04-23;2026-05-20;REATIVADO
24618451;1;1;2026-03-14;2026-03-25;REATIVADO
24618921;1;1;2026-06-29;2026-01-02;REATIVADO
24620223;1;1;2026-03-24;2026-06-02;REATIVADO
24620733;1;1;2026-02-19;2026-06-09;REATIVADO
24621029;1;1;2026-04-10;2026-07-14;REATIVADO
24624812;1;1;2026-02-07;2025-11-24;REATIVADO
24625704;1;1;2026-06-24;2026-07-14;REATIVADO
24626745;1;1;2026-02-13;2026-06-08;REATIVADO
24627512;1;1;2026-06-30;2026-07-06;REATIVADO
24627761;1;1;2026-03-09;2026-07-06;ATIVADO
24628405;1;1;2026-06-07;2025-12-05;REATIVADO
24632406;1;1;2026-03-16;2026-07-14;REATIVADO
24632680;1;1;2026-04-09;;REATIVADO
24634013;1;1;2026-04-23;;REATIVADO
24637213;1;1;2026-05-13;2026-07-17;REATIVADO
24637343;1;1;2026-01-13;2026-06-03;REATIVADO
24637875;1;1;2026-06-07;2026-05-25;REATIVADO
24638826;1;1;2026-05-15;2026-06-24;ATIVADO
24654298;1;1;2026-03-25;2026-07-02;ATIVADO
24656222;1;1;2026-05-22;2026-05-26;REATIVADO
24657499;1;1;2026-06-04;2026-06-03;REATIVADO
24659685;1;1;2026-01-08;2026-04-24;ATIVADO
24661759;1;1;2026-01-26;2026-07-17;REATIVADO
24665981;1;1;2026-04-02;2026-07-13;ATIVADO
24667540;1;1;2026-05-04;2026-05-18;REATIVADO
24667704;1;1;2026-05-14;2026-05-14;ATIVADO
24668719;1;1;2026-05-06;2026-06-03;ATIVADO
24669116;1;1;2026-03-16;2026-05-27;REATIVADO
24669598;1;1;2026-05-11;2026-06-09;ATIVADO
24675102;1;1;2026-06-23;2026-06-23;REATIVADO
24675637;1;1;2026-02-09;2025-08-19;REATIVADO
24678088;1;1;2026-03-02;2026-07-14;REATIVADO
24682440;1;1;2026-03-22;2026-04-15;ATIVADO
24684726;1;1;2026-04-18;;REATIVADO
24685453;1;1;2026-02-13;2026-06-26;ATIVADO
24685613;1;1;2026-03-20;2026-03-19;ATIVADO
24685849;1;1;2026-05-15;2025-10-14;REATIVADO
24700508;1;1;2026-03-21;2025-10-29;REATIVADO
2470142;1;1;2026-01-26;2025-10-29;REATIVADO
24702176;1;1;2026-01-23;2026-04-23;REATIVADO
24702721;1;1;2026-04-30;2026-07-13;ATIVADO
24702723;1;1;2026-06-19;2026-07-13;REATIVADO
24703499;1;1;2026-06-10;2026-07-03;ATIVADO
24704106;1;1;2026-04-22;2026-06-24;ATIVADO
24707636;1;1;2026-01-19;;REATIVADO
24708404;1;1;2026-01-02;2026-06-26;ATIVADO
24709238;1;1;2026-05-12;2026-07-21;REATIVADO
24711079;1;1;2026-05-11;2026-04-28;ATIVADO
24716585;1;1;2026-03-02;2026-03-02;ATIVADO
24717682;1;1;2026-03-30;2026-07-20;REATIVADO
24718131;1;1;2026-05-04;2025-11-24;ATIVADO
24721623;1;1;2026-03-23;2026-06-05;ATIVADO
24722219;1;1;2026-05-06;2026-06-25;ATIVADO
24722424;1;1;2026-06-01;2026-06-18;REATIVADO
24724442;1;1;2026-03-17;2025-12-30;REATIVADO
24724819;1;1;2026-05-16;2026-07-17;REATIVADO
24724844;1;1;2026-04-18;2026-06-30;REATIVADO
24731474;1;1;2026-01-20;2026-04-13;ATIVADO
24731956;1;1;2026-04-25;2026-07-15;REATIVADO
24742105;1;1;2026-04-26;2026-04-27;ATIVADO
24742777;1;1;2026-03-23;2026-06-08;ATIVADO
24744594;1;1;2026-02-20;2026-04-24;ATIVADO
24746004;1;1;2026-05-04;2026-02-10;REATIVADO
24746584;1;1;2026-02-13;2026-07-13;REATIVADO
24746818;1;1;2026-01-29;2026-07-17;ATIVADO
24747283;1;1;2026-04-10;2026-07-21;REATIVADO
24747435;1;1;2026-01-12;2026-03-19;ATIVADO
24747894;1;1;2026-05-06;2026-06-15;REATIVADO
24748613;1;1;2026-05-05;2026-05-21;REATIVADO
24749503;1;1;2026-04-14;2026-05-21;REATIVADO
24753474;1;1;2026-05-25;2026-05-05;ATIVADO
24754282;1;1;2026-03-06;2025-12-29;REATIVADO
24754910;1;1;2026-03-02;2026-04-22;ATIVADO
24763261;1;1;2026-03-16;2026-06-15;REATIVADO
24764915;1;1;2026-02-24;2026-07-20;ATIVADO
24766134;1;1;2026-05-29;2026-05-28;REATIVADO
24776530;1;1;2026-02-26;2026-07-14;REATIVADO
24777504;1;1;2026-05-30;2026-06-03;REATIVADO
24780524;1;1;2026-05-15;2026-05-13;REATIVADO
24790740;1;1;2026-05-10;2026-07-17;ATIVADO
24793879;1;1;2026-05-25;2026-03-26;REATIVADO
24794850;1;1;2026-04-08;2026-04-20;REATIVADO
24794903;1;1;2026-05-19;2026-07-16;ATIVADO
24796982;1;1;2026-05-20;2026-07-07;REATIVADO
24797215;1;1;2026-04-13;2026-06-22;REATIVADO
24798129;1;1;2026-05-05;2026-06-12;REATIVADO
24804180;1;1;2026-01-08;2026-06-30;REATIVADO
24804224;1;1;2026-03-10;2026-05-15;REATIVADO
2480423;1;1;2026-02-06;2026-02-06;REATIVADO
24804734;1;1;2026-04-07;2026-07-16;REATIVADO
24804892;1;1;2026-04-27;2026-06-18;ATIVADO
24805775;1;1;2026-06-06;2026-07-08;REATIVADO
24808393;1;1;2026-05-25;2025-07-30;REATIVADO
24808614;1;1;2026-05-13;2026-06-11;ATIVADO
24809234;1;1;2026-04-20;2026-05-08;REATIVADO
24810091;1;1;2026-04-19;2026-05-21;REATIVADO
24812655;1;1;2026-01-14;2026-01-22;REATIVADO
24816402;1;1;2026-04-26;2026-04-28;REATIVADO
24817450;1;1;2026-04-28;2026-05-29;REATIVADO
248218;1;1;2026-05-26;2026-06-24;REATIVADO
24822704;1;1;2026-05-27;2026-06-24;REATIVADO
24822973;1;1;2026-04-10;2026-04-22;REATIVADO
24824388;1;1;2026-01-28;2026-06-26;REATIVADO
24826824;1;1;2026-03-10;2026-03-10;REATIVADO
24827129;1;1;2026-06-03;2026-05-07;ATIVADO
24840955;1;1;2026-03-02;2026-06-02;REATIVADO
24841549;1;1;2026-02-24;2026-05-22;ATIVADO
24842721;1;1;2026-06-14;2026-06-10;ATIVADO
24848065;1;1;2026-06-16;2026-06-16;REATIVADO
24849653;1;1;2026-04-26;2026-07-20;ATIVADO
24855539;1;1;2026-05-26;2026-07-17;REATIVADO
24858060;1;1;2026-05-18;2026-05-20;ATIVADO
24858666;1;1;2026-05-19;2026-05-19;REATIVADO
24863417;1;1;2026-02-23;2026-06-30;REATIVADO
24863858;1;1;2026-04-02;2026-04-24;REATIVADO
24866781;1;1;2026-05-04;2026-06-12;REATIVADO
24867226;1;1;2026-01-12;2026-04-27;ATIVADO
24867963;1;1;2026-05-13;2026-04-06;REATIVADO
24869670;1;1;2026-05-24;2025-10-31;REATIVADO
24871202;1;1;2026-06-30;2026-07-07;ATIVADO
24871574;1;1;2026-04-10;2026-07-13;REATIVADO
24872809;1;1;2026-02-20;2026-06-26;ATIVADO
24875183;1;1;2026-02-04;2026-06-01;REATIVADO
24875437;1;1;2026-05-26;2026-06-17;REATIVADO
2487634;1;1;2026-01-27;2026-04-27;REATIVADO
24890326;1;1;2026-05-06;2026-04-07;REATIVADO
2489357;1;1;2026-03-09;2026-03-23;REATIVADO
2489905;1;1;2026-06-19;2026-07-14;REATIVADO
24901665;1;1;2026-05-05;2025-12-30;REATIVADO
24902069;1;1;2026-04-22;2026-04-24;REATIVADO
24906646;1;1;2026-01-28;2025-10-13;REATIVADO
24906973;1;1;2026-01-23;2026-05-11;REATIVADO
24911702;1;1;2026-02-03;2026-03-25;REATIVADO
24912440;1;1;2026-03-12;;REATIVADO
24913285;1;1;2026-05-22;2026-05-19;ATIVADO
24916209;1;1;2026-05-11;2026-05-13;ATIVADO
24922404;1;1;2026-03-05;2026-05-06;REATIVADO
2493442;1;1;2026-01-04;2026-07-20;REATIVADO
24934702;1;1;2026-05-20;2026-06-26;REATIVADO
24940565;1;1;2026-04-07;2026-07-07;ATIVADO
24940745;1;1;2026-06-11;2026-03-13;REATIVADO
24940900;1;1;2026-04-03;2026-03-31;REATIVADO
24941657;1;1;2026-03-24;2026-07-15;REATIVADO
24942742;1;1;2026-06-01;2026-06-02;REATIVADO
24945923;1;1;2026-05-04;2026-05-28;ATIVADO
24946458;1;1;2026-01-26;2026-07-17;ATIVADO
24947399;1;1;2026-05-26;2026-04-07;REATIVADO
24948545;1;1;2026-01-25;2026-07-13;ATIVADO
24949361;1;1;2026-02-24;2026-07-09;ATIVADO
24953914;1;1;2026-06-28;2026-07-07;REATIVADO
24955219;1;1;2026-05-12;2026-05-11;REATIVADO
24955449;1;1;2026-03-24;2025-10-30;REATIVADO
24956415;1;1;2026-05-20;2026-04-01;REATIVADO
24961147;1;1;2026-03-29;2026-06-08;REATIVADO
24965059;1;1;2026-04-22;2026-07-16;REATIVADO
24969803;1;1;2026-05-17;2026-06-03;REATIVADO
24971924;1;1;2026-04-13;2026-04-14;ATIVADO
24972172;1;1;2026-05-19;2026-07-06;ATIVADO
2497965;1;1;2026-05-10;2026-02-19;REATIVADO
24988458;1;1;2026-01-31;2026-07-20;ATIVADO
24989382;1;1;2026-06-13;2026-05-07;REATIVADO
24989485;1;1;2026-05-15;2026-06-15;REATIVADO
24989814;1;1;2026-05-21;2026-07-06;ATIVADO
24991550;1;1;2026-05-11;2026-05-07;ATIVADO
24994917;1;1;2026-04-29;2026-05-25;REATIVADO
24996082;1;1;2026-06-11;2025-07-22;REATIVADO
25002666;1;1;2026-06-02;2026-06-09;ATIVADO
25003833;1;1;2026-04-08;2026-04-07;ATIVADO
25004452;1;1;2026-01-31;2026-04-02;ATIVADO
2500643;1;1;2026-05-09;2026-05-18;REATIVADO
2501269;1;1;2026-03-16;2026-07-17;REATIVADO
25013631;1;1;2026-04-18;2025-08-01;REATIVADO
25017356;1;1;2026-06-19;2026-06-19;REATIVADO
25018620;1;1;2026-05-18;2026-05-25;REATIVADO
25021808;1;1;2026-03-09;2025-12-05;REATIVADO
25023377;1;1;2026-02-11;2025-09-12;ATIVADO
25037278;1;1;2026-01-14;2026-02-05;ATIVADO
25038586;1;1;2026-03-16;2026-06-18;REATIVADO
25039799;1;1;2026-06-07;2026-05-13;ATIVADO
25041755;1;1;2026-03-05;2026-07-08;REATIVADO
25042834;1;1;2026-02-05;2026-04-20;ATIVADO
25045750;1;1;2026-03-18;2026-07-07;ATIVADO
25047354;1;1;2026-05-09;2026-06-12;ATIVADO
25048157;1;1;2026-04-27;2026-04-27;ATIVADO
25051654;1;1;2026-05-24;2026-07-02;REATIVADO
25053533;1;1;2026-03-30;2026-04-13;REATIVADO
25053694;1;1;2026-04-02;2026-04-29;REATIVADO
25057842;1;1;2026-01-23;2026-04-23;ATIVADO
2505874;1;1;2026-02-02;2026-07-21;REATIVADO
25062043;1;1;2026-05-08;2026-05-14;REATIVADO
25062174;1;1;2026-03-19;2026-07-16;ATIVADO
25066279;1;1;2026-04-11;2026-06-09;REATIVADO
25067463;1;1;2026-03-18;2026-03-17;ATIVADO
25067714;1;1;2026-04-08;2026-07-08;ATIVADO
25067717;1;1;2026-06-10;2025-08-13;ATIVADO
25068480;1;1;2026-06-01;2025-12-16;REATIVADO
25077779;1;1;2026-06-15;2026-05-06;REATIVADO
2508355;1;1;2026-03-17;2026-03-17;REATIVADO
25090255;1;1;2026-03-30;2026-05-11;ATIVADO
2509217;1;1;2026-02-04;2026-04-16;ATIVADO
25095564;1;1;2026-05-25;2026-07-20;REATIVADO
25097707;1;1;2026-02-02;2026-04-23;ATIVADO
25106730;1;1;2026-05-08;2026-05-08;REATIVADO
25107561;1;1;2026-04-30;2026-06-01;REATIVADO
25118698;1;1;2026-04-06;2026-04-06;ATIVADO
25118699;1;1;2026-01-12;2026-06-17;ATIVADO
25120154;1;1;2026-06-22;2026-06-24;ATIVADO
25134517;1;1;2026-03-28;2026-06-26;ATIVADO
25138768;1;1;2026-02-25;2026-06-30;ATIVADO
25138818;1;1;2026-03-16;2026-06-17;REATIVADO
25139434;1;1;2026-06-09;2026-06-08;REATIVADO
25141808;1;1;2026-04-11;2026-05-14;ATIVADO
25142550;1;1;2026-04-27;2026-05-19;ATIVADO
25146154;1;1;2026-04-25;2026-04-27;REATIVADO
25146408;1;1;2026-04-23;2026-06-01;ATIVADO
25146806;1;1;2026-03-22;2026-06-16;REATIVADO
25147839;1;1;2026-06-02;2026-06-01;ATIVADO
25148800;1;1;2026-05-10;2026-06-08;ATIVADO
25148915;1;1;2026-05-04;2026-05-14;REATIVADO
25151110;1;1;2026-06-12;2026-07-09;REATIVADO
2515180;1;1;2026-05-08;2025-10-07;REATIVADO
25151929;1;1;2026-03-02;2026-06-22;ATIVADO
25155183;1;1;2026-04-09;2025-12-15;REATIVADO
25155237;1;1;2026-03-21;2026-04-15;REATIVADO
25155586;1;1;2026-03-09;2026-07-14;REATIVADO
25156169;1;1;2026-05-05;2026-05-15;REATIVADO
25156442;1;1;2026-05-25;2026-05-25;REATIVADO
25157490;1;1;2026-06-12;2026-07-21;REATIVADO
25158787;1;1;2026-05-04;2025-09-30;ATIVADO
25163908;1;1;2026-04-24;2025-10-02;REATIVADO
25164223;1;1;2026-05-04;2025-09-12;ATIVADO
25167542;1;1;2026-01-13;2025-09-02;ATIVADO
25175392;1;1;2026-02-08;2026-05-15;ATIVADO
251815;1;1;2026-05-26;2026-07-08;REATIVADO
25188347;1;1;2026-05-15;2026-05-15;REATIVADO
25191217;1;1;2026-03-01;2026-01-13;REATIVADO
25193097;1;1;2026-04-03;2026-05-21;ATIVADO
25193671;1;1;2026-01-05;2025-12-30;ATIVADO
25193827;1;1;2026-06-22;2026-06-02;REATIVADO
25198192;1;1;2026-05-09;2026-03-26;REATIVADO
25199252;1;1;2026-06-11;2026-07-16;REATIVADO
25199517;1;1;2026-05-13;2026-05-27;REATIVADO
25199910;1;1;2026-05-12;2026-06-24;REATIVADO
25203214;1;1;2026-05-12;2026-07-14;REATIVADO
25209573;1;1;2026-05-01;2026-06-25;REATIVADO
25210070;1;1;2026-06-09;2026-07-06;ATIVADO
2521129;1;1;2026-04-22;2026-03-18;REATIVADO
25211652;1;1;2026-04-27;2026-04-28;ATIVADO
25212830;1;1;2026-03-30;2026-04-27;ATIVADO
25213770;1;1;2026-03-10;2026-07-14;ATIVADO
25215303;1;1;2026-03-21;2025-10-30;ATIVADO
25216507;1;1;2026-02-09;2026-07-09;ATIVADO
25217175;1;1;2026-05-20;2026-06-22;REATIVADO
2522183;1;1;2026-04-30;2026-04-02;REATIVADO
25223419;1;1;2026-03-11;2025-08-26;ATIVADO
25226120;1;1;2026-04-07;2025-09-09;REATIVADO
25231553;1;1;2026-04-28;;ATIVADO
25241687;1;1;2026-05-14;2026-05-18;REATIVADO
25242104;1;1;2026-04-06;2026-07-15;REATIVADO
25242397;1;1;2026-02-24;2026-02-27;ATIVADO
25244407;1;1;2026-03-20;2025-09-01;REATIVADO
25244556;1;1;2026-01-15;2026-04-02;ATIVADO
25245493;1;1;2026-02-18;2026-03-27;ATIVADO
25246502;1;1;2026-05-08;2026-02-12;ATIVADO
25246794;1;1;2026-01-19;2026-01-19;ATIVADO
25246871;1;1;2026-04-21;2026-06-30;REATIVADO
25251537;1;1;2026-05-26;2026-06-26;ATIVADO
25251644;1;1;2026-03-30;2026-05-13;REATIVADO
2525226;1;1;2026-03-24;2026-06-25;REATIVADO
25252807;1;1;2026-02-05;2026-07-21;ATIVADO
25253813;1;1;2026-04-03;2026-06-26;ATIVADO
25255981;1;1;2026-05-05;2026-06-09;ATIVADO
25257455;1;1;2026-03-29;2026-07-15;REATIVADO
25257739;1;1;2026-04-11;2026-04-27;REATIVADO
25259757;1;1;2026-05-07;2026-07-07;ATIVADO
25261371;1;1;2026-06-02;2026-05-25;REATIVADO
25268741;1;1;2026-03-25;2026-04-13;ATIVADO
25272355;1;1;2026-06-18;2026-06-30;REATIVADO
25273678;1;1;2026-02-11;2026-02-02;ATIVADO
25274440;1;1;2026-05-25;2026-02-25;REATIVADO
25277244;1;1;2026-05-06;2025-09-01;REATIVADO
25281006;1;1;2026-04-22;2026-05-27;REATIVADO
25290930;1;1;2026-04-30;2026-06-02;ATIVADO
25291962;1;1;2026-05-06;2026-07-21;ATIVADO
25298376;1;1;2026-05-18;2026-05-15;REATIVADO
25301584;1;1;2026-03-17;2026-05-21;ATIVADO
2530193;1;1;2026-02-03;;REATIVADO
25304498;1;1;2026-05-18;2026-07-21;REATIVADO
25306668;1;1;2026-06-22;2026-06-22;ATIVADO
25306936;1;1;2026-05-22;2026-07-15;REATIVADO
2530888;1;1;2026-05-17;2025-09-17;REATIVADO
25311332;1;1;2026-01-23;2026-05-27;ATIVADO
25311861;1;1;2026-04-17;2026-03-27;REATIVADO
25317036;1;1;2026-02-16;2026-03-12;ATIVADO
25317599;1;1;2026-01-19;2026-06-19;ATIVADO
25318778;1;1;2026-06-14;2026-06-10;ATIVADO
25320230;1;1;2026-01-05;2026-04-02;ATIVADO
2532169;1;1;2026-02-02;2026-07-17;REATIVADO
25324731;1;1;2026-06-12;2026-07-01;REATIVADO
25326647;1;1;2026-01-10;2026-02-09;ATIVADO
25326859;1;1;2026-02-04;2026-03-19;ATIVADO
25327284;1;1;2026-04-06;2026-06-11;ATIVADO
25332217;1;1;2026-03-27;2026-03-31;ATIVADO
25340766;1;1;2026-04-06;2026-04-08;REATIVADO
25341015;1;1;2026-04-22;2026-04-30;REATIVADO
25343143;1;1;2026-04-20;2026-04-20;ATIVADO
25344101;1;1;2026-01-09;2026-07-10;ATIVADO
25346044;1;1;2026-04-10;2026-04-09;REATIVADO
25348537;1;1;2026-06-20;2026-07-14;ATIVADO
25351379;1;1;2026-04-13;2026-04-10;ATIVADO
25352900;1;1;2026-02-03;2026-07-17;ATIVADO
25362486;1;1;2026-05-25;;REATIVADO
25362898;1;1;2026-05-12;2026-06-24;ATIVADO
25366926;1;1;2026-04-14;2025-09-11;REATIVADO
25367306;1;1;2026-06-12;2026-04-27;REATIVADO
25369601;1;1;2026-01-17;2026-01-26;ATIVADO
2537165;1;1;2026-01-06;2025-12-30;REATIVADO
25375397;1;1;2026-01-06;2026-07-21;ATIVADO
25375529;1;1;2026-04-13;2026-05-28;ATIVADO
25376269;1;1;2026-04-02;2026-04-17;REATIVADO
25377544;1;1;2026-05-27;2026-06-30;REATIVADO
25377546;1;1;2026-04-17;2026-07-21;ATIVADO
25379139;1;1;2026-06-17;2026-04-02;REATIVADO
25393017;1;1;2026-01-05;2026-03-03;ATIVADO
25393789;1;1;2026-01-13;2025-09-15;ATIVADO
25395029;1;1;2026-01-18;2025-09-15;ATIVADO
25398090;1;1;2026-02-02;2026-06-26;ATIVADO
25402311;1;1;2026-05-29;2025-10-24;REATIVADO
25404369;1;1;2026-06-24;2026-06-24;ATIVADO
25405798;1;1;2026-01-15;2026-01-14;ATIVADO
25405857;1;1;2026-01-16;2026-03-23;ATIVADO
25405858;1;1;2026-02-28;2026-07-14;ATIVADO
25406150;1;1;2026-03-24;2026-07-13;REATIVADO
25406188;1;1;2026-06-18;2026-04-17;ATIVADO
25406189;1;1;2026-05-29;2026-07-13;ATIVADO
25415215;1;1;2026-06-06;2026-06-16;REATIVADO
25418308;1;1;2026-06-23;2026-06-23;ATIVADO
25420535;1;1;2026-01-19;2026-05-21;ATIVADO
25421593;1;1;2026-03-15;2026-05-07;ATIVADO
25422828;1;1;2026-01-29;2026-04-02;ATIVADO
25426830;1;1;2026-05-06;2026-06-09;ATIVADO
25430853;1;1;2026-06-06;2025-09-23;ATIVADO
25441932;1;1;2026-05-17;2026-05-08;ATIVADO
25444361;1;1;2026-04-23;2025-09-23;REATIVADO
25445013;1;1;2026-06-09;2025-09-22;ATIVADO
25445446;1;1;2026-01-19;2026-02-27;ATIVADO
25446036;1;1;2026-06-26;2026-07-21;ATIVADO
25448117;1;1;2026-02-25;2026-06-18;ATIVADO
25454463;1;1;2026-03-15;2026-04-09;ATIVADO
25454543;1;1;2026-04-02;2026-03-24;ATIVADO
25458489;1;1;2026-03-31;2026-04-23;ATIVADO
25459079;1;1;2026-01-23;2026-04-16;ATIVADO
25459399;1;1;2026-05-06;2026-06-17;ATIVADO
25459488;1;1;2026-05-06;2026-06-08;ATIVADO
25463048;1;1;2026-03-30;2026-07-01;ATIVADO
25466921;1;1;2026-01-12;2026-02-06;ATIVADO
25467790;1;1;2026-02-22;2026-05-25;ATIVADO
25475111;1;1;2026-02-05;2026-05-05;ATIVADO
25475343;1;1;2026-05-14;2026-06-03;ATIVADO
25477766;1;1;2026-05-05;2026-02-04;REATIVADO
25478057;1;1;2026-01-05;2026-04-14;ATIVADO
25478242;1;1;2026-05-08;2026-07-17;REATIVADO
25483212;1;1;2026-06-04;2026-02-20;REATIVADO
25493576;1;1;2026-06-17;2026-07-07;ATIVADO
25497086;1;1;2026-02-20;2025-09-30;ATIVADO
25501064;1;1;2026-02-24;2026-07-21;ATIVADO
25502949;1;1;2026-04-10;2026-03-03;REATIVADO
25503183;1;1;2026-03-30;2026-03-18;ATIVADO
25511386;1;1;2026-05-25;2026-05-13;REATIVADO
25515640;1;1;2026-01-15;2026-07-08;ATIVADO
25516327;1;1;2026-02-20;2026-06-25;ATIVADO
25517369;1;1;2026-02-22;2026-05-20;ATIVADO
25518715;1;1;2026-03-14;2026-05-22;ATIVADO
25518751;1;1;2026-06-30;2026-03-31;ATIVADO
25519216;1;1;2026-01-06;2026-07-16;ATIVADO
25521969;1;1;2026-01-06;2026-05-15;ATIVADO
25524486;1;1;2026-01-23;2026-06-26;ATIVADO
25524489;1;1;2026-06-08;2026-06-26;REATIVADO
25525560;1;1;2026-04-10;2026-07-02;ATIVADO
25531544;1;1;2026-04-11;2025-10-06;ATIVADO
25533744;1;1;2026-01-23;2026-02-26;ATIVADO
25543234;1;1;2026-06-16;2026-06-19;REATIVADO
25545687;1;1;2026-06-22;2026-06-30;ATIVADO
25546789;1;1;2026-05-20;2026-07-21;ATIVADO
25550837;1;1;2026-06-12;2026-07-06;REATIVADO
25553549;1;1;2026-06-02;2026-07-16;ATIVADO
25555533;1;1;2026-05-21;2026-06-18;ATIVADO
25561153;1;1;2026-06-15;2026-02-13;REATIVADO
25566066;1;1;2026-04-02;2025-10-13;ATIVADO
25568347;1;1;2026-06-29;2026-06-25;REATIVADO
25570162;1;1;2026-03-05;2026-04-20;ATIVADO
25572602;1;1;2026-03-01;2026-07-14;ATIVADO
25577269;1;1;2026-02-06;2025-10-10;ATIVADO
25577270;1;1;2026-04-17;2026-04-17;ATIVADO
25595097;1;1;2026-05-28;2025-10-29;ATIVADO
25595523;1;1;2026-02-03;2025-10-13;ATIVADO
25597138;1;1;2026-06-18;2026-06-18;ATIVADO
25597832;1;1;2026-05-20;2026-06-18;ATIVADO
25598314;1;1;2026-05-16;2026-04-09;ATIVADO
25603408;1;1;2026-02-20;2026-03-16;ATIVADO
25604026;1;1;2026-05-28;2026-05-27;REATIVADO
25605970;1;1;2026-01-17;2026-07-02;ATIVADO
25608010;1;1;2026-06-01;2025-10-23;REATIVADO
25612266;1;1;2026-01-28;2026-02-06;ATIVADO
25614650;1;1;2026-06-22;2026-07-01;REATIVADO
25615348;1;1;2026-03-25;2026-04-01;ATIVADO
25615875;1;1;2026-03-04;2026-05-26;ATIVADO
25621963;1;1;2026-01-21;2026-04-16;ATIVADO
25622290;1;1;2026-01-09;2026-03-20;ATIVADO
25622980;1;1;2026-06-24;2026-06-23;ATIVADO
25629898;1;1;2026-05-27;2026-06-03;REATIVADO
25631955;1;1;2026-02-03;2025-10-30;ATIVADO
25646760;1;1;2026-05-11;2026-06-16;REATIVADO
25647829;1;1;2026-04-26;2025-11-06;ATIVADO
25656210;1;1;2026-02-03;2026-04-09;ATIVADO
25656348;1;1;2026-05-26;2026-07-13;REATIVADO
25661550;1;1;2026-01-13;2026-06-24;ATIVADO
25662899;1;1;2026-03-18;2025-10-22;ATIVADO
25665216;1;1;2026-03-23;2025-11-18;ATIVADO
25665476;1;1;2026-06-28;2026-06-30;ATIVADO
25665997;1;1;2026-03-17;2026-04-15;ATIVADO
2566968;1;1;2026-03-10;2026-07-14;REATIVADO
25670722;1;1;2026-04-14;2026-03-17;ATIVADO
25671285;1;1;2026-04-27;2025-10-23;ATIVADO
2567574;1;1;2026-06-22;;REATIVADO
25675826;1;1;2026-02-18;2026-03-25;ATIVADO
25678282;1;1;2026-04-29;2026-07-10;ATIVADO
25678697;1;1;2026-06-05;2026-03-31;REATIVADO
25680676;1;1;2026-06-14;2026-06-09;REATIVADO
25683209;1;1;2026-01-08;2026-07-17;ATIVADO
25694383;1;1;2026-01-28;2026-02-24;ATIVADO
25695677;1;1;2026-06-22;2026-04-16;ATIVADO
25695678;1;1;2026-01-27;2026-02-19;ATIVADO
25698325;1;1;2026-05-12;2026-07-16;ATIVADO
25700788;1;1;2026-06-29;2026-06-26;REATIVADO
25701044;1;1;2026-06-26;2026-07-16;REATIVADO
25701497;1;1;2026-05-18;2025-10-28;REATIVADO
25701999;1;1;2026-03-26;2026-06-23;ATIVADO
25703453;1;1;2026-06-30;2026-03-17;ATIVADO
25706193;1;1;2026-01-25;2026-04-14;ATIVADO
25709304;1;1;2026-05-18;2026-06-03;REATIVADO
25715103;1;1;2026-03-18;2026-04-08;ATIVADO
25715632;1;1;2026-02-04;2026-03-23;ATIVADO
25724375;1;1;2026-05-04;2026-06-16;ATIVADO
25724517;1;1;2026-01-23;2026-07-15;ATIVADO
25726340;1;1;2026-01-27;2026-02-20;ATIVADO
25731059;1;1;2026-06-11;2026-07-13;ATIVADO
25744488;1;1;2026-02-12;2026-06-09;ATIVADO
25745366;1;1;2026-01-12;2026-02-24;ATIVADO
25745864;1;1;2026-03-25;2026-07-16;ATIVADO
25746899;1;1;2026-01-06;2026-06-25;ATIVADO
25747249;1;1;2026-01-02;2026-06-19;ATIVADO
25748791;1;1;2026-06-03;2026-05-27;ATIVADO
25750938;1;1;2026-05-11;2026-06-30;ATIVADO
25752279;1;1;2026-06-12;2026-04-17;ATIVADO
25752966;1;1;2026-06-03;;ATIVADO
25754061;1;1;2026-01-29;2026-07-10;ATIVADO
25754454;1;1;2026-01-02;2026-04-17;ATIVADO
25762341;1;1;2026-01-30;2026-03-17;ATIVADO
25763003;1;1;2026-05-30;2026-04-24;ATIVADO
25763136;1;1;2026-04-24;2026-07-20;ATIVADO
25764434;1;1;2026-05-02;2026-07-01;ATIVADO
25765423;1;1;2026-01-20;2026-03-02;ATIVADO
25769049;1;1;2026-03-31;2026-06-30;ATIVADO
25769701;1;1;2026-06-01;2026-06-01;ATIVADO
25769739;1;1;2026-06-02;2026-06-02;ATIVADO
25770715;1;1;2026-04-30;2026-04-24;ATIVADO
25771731;1;1;2026-03-05;2026-04-17;ATIVADO
25776326;1;1;2026-06-30;;REATIVADO
25776976;1;1;2026-02-28;2026-03-11;ATIVADO
25779919;1;1;2026-01-28;2026-07-07;ATIVADO
2578038;1;1;2026-06-08;2026-06-08;REATIVADO
25780957;1;1;2026-01-23;2026-03-17;ATIVADO
25784412;1;1;2026-03-19;2026-01-08;ATIVADO
2579107;1;1;2026-03-20;2026-03-20;REATIVADO
25795977;1;1;2026-01-10;2026-06-15;ATIVADO
25796631;1;1;2026-02-22;2026-07-15;ATIVADO
25797587;1;1;2026-01-31;2026-06-18;ATIVADO
25798235;1;1;2026-05-15;2026-04-15;ATIVADO
25805711;1;1;2026-05-27;2026-06-01;REATIVADO
25808668;1;1;2026-03-27;2026-05-14;ATIVADO
25810957;1;1;2026-05-06;2026-07-15;ATIVADO
25812839;1;1;2026-06-25;2025-11-12;ATIVADO
25814021;1;1;2026-01-12;2026-05-12;ATIVADO
25814064;1;1;2026-06-26;2026-06-24;REATIVADO
25816425;1;1;2026-01-29;2026-04-29;ATIVADO
25816604;1;1;2026-02-24;2026-03-03;ATIVADO
25822688;1;1;2026-02-16;2026-05-22;ATIVADO
25822721;1;1;2026-01-31;2026-05-22;ATIVADO
25823682;1;1;2026-02-11;2026-07-08;ATIVADO
25824815;1;1;2026-04-28;2026-05-15;ATIVADO
25826153;1;1;2026-05-19;2026-07-17;ATIVADO
25827714;1;1;2026-03-25;2026-07-01;ATIVADO
25829335;1;1;2026-01-12;2026-01-07;ATIVADO
25829423;1;1;2026-05-19;2025-11-14;ATIVADO
25829976;1;1;2026-01-05;2026-03-03;ATIVADO
2583135;1;1;2026-03-23;2026-07-16;REATIVADO
25831709;1;1;2026-04-02;2026-02-19;ATIVADO
25833214;1;1;2026-01-20;2026-05-19;ATIVADO
2583505;1;1;2026-04-09;2026-07-15;REATIVADO
2584465;1;1;2026-02-10;2026-06-17;REATIVADO
25845521;1;1;2026-02-18;2026-06-30;ATIVADO
25849394;1;1;2026-02-15;2026-06-23;ATIVADO
25849512;1;1;2026-06-05;2026-02-05;ATIVADO
25849703;1;1;2026-01-03;2026-01-05;ATIVADO
25851400;1;1;2026-01-26;2026-06-03;ATIVADO
25853808;1;1;2026-02-09;2026-07-06;ATIVADO
25854222;1;1;2026-04-07;2026-04-02;ATIVADO
25862508;1;1;2026-06-09;2026-07-20;ATIVADO
25867346;1;1;2026-01-14;2026-06-11;ATIVADO
25867791;1;1;2026-06-16;2026-07-01;ATIVADO
25870706;1;1;2026-01-10;2026-02-05;ATIVADO
25871941;1;1;2026-06-18;2026-07-02;REATIVADO
25884713;1;1;2026-03-27;2026-07-13;ATIVADO
25885598;1;1;2026-05-01;2026-04-13;ATIVADO
25887090;1;1;2026-06-26;2026-06-26;ATIVADO
25887258;1;1;2026-01-07;2025-12-02;ATIVADO
25903225;1;1;2026-04-25;2026-04-22;ATIVADO
25910032;1;1;2026-05-13;2026-04-08;ATIVADO
25910189;1;1;2026-04-23;2026-05-13;ATIVADO
25911048;1;1;2026-01-27;2026-01-27;ATIVADO
25912409;1;1;2026-01-23;2026-04-10;ATIVADO
25913174;1;1;2026-01-16;2026-06-19;ATIVADO
25914567;1;1;2026-03-19;;ATIVADO
25915458;1;1;2026-05-01;2026-07-10;ATIVADO
2591587;1;1;2026-03-03;2025-09-24;REATIVADO
25916993;1;1;2026-02-12;2026-03-17;ATIVADO
25917481;1;1;2026-02-11;2026-05-15;ATIVADO
25918017;1;1;2026-01-31;2026-05-15;ATIVADO
25918519;1;1;2026-06-23;2026-04-14;ATIVADO
25919368;1;1;2026-02-18;2026-07-07;ATIVADO
25919553;1;1;2026-02-27;2026-04-28;ATIVADO
25921044;1;1;2026-04-24;;ATIVADO
25922340;1;1;2026-06-23;2025-11-26;ATIVADO
25923887;1;1;2026-06-16;2026-07-20;ATIVADO
25926484;1;1;2026-01-14;2026-05-20;ATIVADO
25926816;1;1;2026-01-05;2026-06-02;ATIVADO
25927133;1;1;2026-05-12;2026-06-18;ATIVADO
25928051;1;1;2026-01-03;2026-02-11;ATIVADO
25932097;1;1;2026-01-16;2026-07-16;ATIVADO
25932223;1;1;2026-02-19;2026-07-01;ATIVADO
25932224;1;1;2026-01-22;2026-01-15;ATIVADO
25932750;1;1;2026-01-30;2026-03-03;ATIVADO
25935078;1;1;2026-05-18;2026-07-16;ATIVADO
25935353;1;1;2026-01-22;2026-07-06;ATIVADO
25935609;1;1;2026-05-11;2026-06-11;ATIVADO
25935988;1;1;2026-01-02;2026-07-01;ATIVADO
25944103;1;1;2026-05-05;2026-05-28;ATIVADO
25944164;1;1;2026-01-07;2026-05-06;ATIVADO
25944421;1;1;2026-01-06;2026-02-04;ATIVADO
25944469;1;1;2026-01-19;2026-07-07;ATIVADO
25964082;1;1;2026-05-03;2026-04-14;ATIVADO
25967298;1;1;2026-02-02;2026-07-20;ATIVADO
25967691;1;1;2026-03-03;2026-06-10;ATIVADO
25968069;1;1;2026-01-09;2026-07-14;ATIVADO
25968678;1;1;2026-01-08;2026-07-02;ATIVADO
25968680;1;1;2026-02-01;2026-07-02;ATIVADO
25969066;1;1;2026-01-26;2026-07-15;ATIVADO
25973352;1;1;2026-01-12;2026-05-12;ATIVADO
25975039;1;1;2026-01-13;2026-05-14;ATIVADO
25977335;1;1;2026-01-28;2026-07-03;ATIVADO
25981394;1;1;2026-06-23;2025-12-30;ATIVADO
25982648;1;1;2026-01-25;2025-12-03;ATIVADO
25983582;1;1;2026-05-26;2026-04-23;ATIVADO
25983935;1;1;2026-05-26;2026-06-10;ATIVADO
25984060;1;1;2026-01-06;2026-05-07;ATIVADO
25985764;1;1;2026-06-12;2026-06-11;ATIVADO
25987803;1;1;2026-01-05;2026-07-08;ATIVADO
25988493;1;1;2026-02-19;2025-12-03;ATIVADO
25988634;1;1;2026-05-14;2025-12-05;ATIVADO
25988842;1;1;2026-03-02;2026-07-20;ATIVADO
25989408;1;1;2026-05-05;2026-06-18;ATIVADO
25994554;1;1;2026-02-19;2026-04-14;ATIVADO
25996981;1;1;2026-06-27;2026-06-03;ATIVADO
25997860;1;1;2026-02-06;2026-02-05;ATIVADO
26001476;1;1;2026-01-03;2026-04-14;ATIVADO
26001560;1;1;2026-03-23;2026-02-09;ATIVADO
26005570;1;1;2026-02-06;2026-07-01;ATIVADO
26005798;1;1;2026-02-08;2026-04-07;ATIVADO
26006860;1;1;2026-01-19;2026-04-09;ATIVADO
26007283;1;1;2026-01-26;2026-04-16;ATIVADO
2600832;1;1;2026-04-30;2026-07-10;REATIVADO
26010649;1;1;2026-06-19;2026-07-16;ATIVADO
26015798;1;1;2026-02-10;2026-07-10;ATIVADO
26025989;1;1;2026-01-16;2025-12-15;ATIVADO
26026057;1;1;2026-02-10;2026-06-11;ATIVADO
26026673;1;1;2026-01-06;2025-12-12;ATIVADO
26029112;1;1;2026-02-24;2026-07-02;ATIVADO
26029206;1;1;2026-01-02;2026-04-27;ATIVADO
26030029;1;1;2026-05-08;2026-01-09;ATIVADO
26030619;1;1;2026-02-11;2026-07-07;ATIVADO
26034120;1;1;2026-01-14;2026-03-12;ATIVADO
26035479;1;1;2026-01-11;2026-04-20;ATIVADO
26038006;1;1;2026-01-25;2025-12-10;ATIVADO
26038445;1;1;2026-02-07;2026-04-17;ATIVADO
26038611;1;1;2026-01-27;2026-04-15;ATIVADO
26039968;1;1;2026-01-31;2026-07-06;ATIVADO
26042196;1;1;2026-01-05;2026-07-14;ATIVADO
26042332;1;1;2026-01-02;2026-03-26;ATIVADO
26042889;1;1;2026-01-26;2026-06-03;ATIVADO
26043254;1;1;2026-01-08;2026-05-22;ATIVADO
26043639;1;1;2026-01-09;2026-06-29;ATIVADO
26045411;1;1;2026-02-11;2026-05-08;ATIVADO
26045686;1;1;2026-02-22;2026-06-08;ATIVADO
26046386;1;1;2026-05-07;2026-04-07;ATIVADO
26046440;1;1;2026-01-06;2026-02-09;ATIVADO
26046441;1;1;2026-02-09;2026-04-23;ATIVADO
26046539;1;1;2026-03-18;2026-04-06;ATIVADO
26051064;1;1;2026-01-05;2026-06-10;ATIVADO
26051624;1;1;2026-01-17;2026-04-15;ATIVADO
26053008;1;1;2026-06-10;2026-06-30;ATIVADO
26053772;1;1;2026-01-05;2026-05-15;ATIVADO
26053833;1;1;2026-01-06;2026-07-07;ATIVADO
26054088;1;1;2026-04-06;2026-07-01;ATIVADO
26054336;1;1;2026-05-18;2026-07-21;ATIVADO
26054412;1;1;2026-03-10;2026-03-10;ATIVADO
26054426;1;1;2026-03-24;2026-04-27;ATIVADO
26055117;1;1;2026-02-18;2026-06-03;ATIVADO
26056344;1;1;2026-05-04;2026-07-07;ATIVADO
2605800;1;1;2026-01-26;2026-03-24;REATIVADO
26060478;1;1;2026-01-05;2026-04-07;ATIVADO
26062448;1;1;2026-04-06;2026-07-16;ATIVADO
26062450;1;1;2026-02-03;2026-07-16;ATIVADO
26064313;1;1;2026-01-04;2025-12-15;ATIVADO
26064771;1;1;2026-02-11;2026-07-21;ATIVADO
26065050;1;1;2026-02-24;2026-03-26;ATIVADO
26072076;1;1;2026-02-24;2026-07-01;ATIVADO
26078220;1;1;2026-01-26;2026-07-17;ATIVADO
26082453;1;1;2026-06-05;2025-12-15;ATIVADO
26082909;1;1;2026-01-09;2026-04-28;ATIVADO
26084888;1;1;2026-02-10;2026-06-30;ATIVADO
26085319;1;1;2026-01-13;2026-05-12;ATIVADO
26085398;1;1;2026-01-05;2026-03-02;ATIVADO
26085620;1;1;2026-01-12;2025-12-15;ATIVADO
26086177;1;1;2026-01-06;2026-03-02;ATIVADO
26086791;1;1;2026-06-22;2025-12-18;REATIVADO
26087121;1;1;2026-01-29;2026-07-06;ATIVADO
26087866;1;1;2026-04-15;2026-07-14;ATIVADO
2609211;1;1;2026-03-03;2025-09-08;REATIVADO
26092281;1;1;2026-01-07;2026-05-22;ATIVADO
26093655;1;1;2026-05-11;2026-05-18;ATIVADO
26094317;1;1;2026-03-29;2026-05-21;ATIVADO
26096154;1;1;2026-06-30;2026-06-11;ATIVADO
26096196;1;1;2026-01-14;2026-07-06;ATIVADO
26099026;1;1;2026-05-03;2026-07-20;ATIVADO
26100270;1;1;2026-01-05;2026-07-16;ATIVADO
26100800;1;1;2026-05-29;2026-05-28;ATIVADO
26100889;1;1;2026-01-05;2026-05-07;ATIVADO
26101233;1;1;2026-01-14;2026-05-06;ATIVADO
26101332;1;1;2026-02-13;2026-05-14;ATIVADO
26101417;1;1;2026-01-05;2026-05-11;ATIVADO
26101592;1;1;2026-01-03;2026-05-22;ATIVADO
26101737;1;1;2026-01-06;2026-05-25;ATIVADO
26103303;1;1;2026-01-01;2025-12-18;ATIVADO
26103446;1;1;2026-01-07;2026-07-21;ATIVADO
26104277;1;1;2026-01-13;2026-05-05;ATIVADO
26105036;1;1;2026-01-06;2026-05-19;ATIVADO
26105166;1;1;2026-01-02;2026-07-15;ATIVADO
26108270;1;1;2026-01-12;2026-06-09;ATIVADO
26108759;1;1;2026-01-19;2026-06-15;ATIVADO
26109110;1;1;2026-01-14;2026-04-06;ATIVADO
26111000;1;1;2026-01-05;2026-07-02;ATIVADO
26112057;1;1;2026-03-30;2026-04-07;ATIVADO
26112604;1;1;2026-02-03;2026-07-13;ATIVADO
26112730;1;1;2026-03-14;2026-06-09;ATIVADO
26113015;1;1;2026-01-06;2026-01-09;ATIVADO
26114452;1;1;2026-02-04;2026-03-23;ATIVADO
26118432;1;1;2026-01-12;;ATIVADO
26118609;1;1;2026-01-07;2026-04-14;ATIVADO
26119202;1;1;2026-01-04;2026-04-06;ATIVADO
26121044;1;1;2026-01-07;2026-07-13;ATIVADO
26122407;1;1;2026-01-16;2025-12-19;ATIVADO
26122666;1;1;2026-01-23;2026-02-27;ATIVADO
26123033;1;1;2026-01-03;;ATIVADO
26128749;1;1;2026-01-05;2026-07-15;ATIVADO
26138347;1;1;2026-01-02;2026-06-30;ATIVADO
26139561;1;1;2026-01-05;;ATIVADO
26141456;1;1;2026-01-08;2026-07-03;ATIVADO
26145266;1;1;2026-01-02;2026-05-13;ATIVADO
26150762;1;1;2026-01-15;2026-04-09;ATIVADO
26150780;1;1;2026-01-05;2026-06-24;ATIVADO
2615101;1;1;2026-03-11;2026-05-19;REATIVADO
26151323;1;1;2026-01-05;;ATIVADO
26151397;1;1;2026-03-06;2026-06-25;ATIVADO
26152736;1;1;2026-01-05;2026-07-21;ATIVADO
26152739;1;1;2026-01-05;2026-07-21;ATIVADO
26152807;1;1;2026-01-05;2026-07-21;ATIVADO
26152884;1;1;2026-02-05;2026-06-22;ATIVADO
26153328;1;1;2026-01-13;2026-07-22;ATIVADO
26154427;1;1;2026-03-04;2026-02-26;ATIVADO
26154559;1;1;2026-02-21;2026-03-10;ATIVADO
26155515;1;1;2026-01-31;2026-01-26;ATIVADO
26155999;1;1;2026-01-08;2026-07-15;ATIVADO
26156106;1;1;2026-01-05;2026-04-30;ATIVADO
26156457;1;1;2026-01-06;2026-04-09;ATIVADO
26157142;1;1;2026-01-05;2026-03-31;ATIVADO
26157987;1;1;2026-01-28;2026-03-11;ATIVADO
26159098;1;1;2026-01-05;2026-05-18;ATIVADO
26159654;1;1;2026-02-06;2026-05-26;ATIVADO
26162687;1;1;2026-01-15;2026-04-23;ATIVADO
26165777;1;1;2026-01-28;2026-07-21;ATIVADO
26166937;1;1;2026-01-12;2025-12-30;ATIVADO
26167271;1;1;2026-01-12;2026-07-02;ATIVADO
26177154;1;1;2026-01-05;2026-05-20;ATIVADO
26179399;1;1;2026-01-08;2026-02-09;ATIVADO
26179458;1;1;2026-01-07;2026-07-14;ATIVADO
26179949;1;1;2026-03-12;2026-04-23;ATIVADO
26181348;1;1;2026-01-10;2026-02-13;ATIVADO
26181462;1;1;2026-02-07;2026-04-24;ATIVADO
26183983;1;1;2026-03-03;2026-05-18;ATIVADO
26185863;1;1;2026-04-10;;ATIVADO
26204249;1;1;2026-01-06;2026-06-17;ATIVADO
26204503;1;1;2026-01-05;2026-07-15;ATIVADO
26204689;1;1;2026-03-04;2026-06-26;ATIVADO
26205081;1;1;2026-01-06;2026-05-29;ATIVADO
26205518;1;1;2026-02-18;2026-05-27;ATIVADO
26205996;1;1;2026-01-02;;ATIVADO
26206020;1;1;2026-02-06;2026-06-10;ATIVADO
26206022;1;1;2026-01-07;2026-05-08;ATIVADO
26206115;1;1;2026-01-06;2026-05-15;ATIVADO
26207017;1;1;2026-01-05;2026-06-05;ATIVADO
26207406;1;1;2026-01-05;;ATIVADO
26208274;1;1;2026-01-02;2026-04-15;ATIVADO
26208421;1;1;2026-01-04;2026-07-13;ATIVADO
26209226;1;1;2026-02-02;2026-03-27;ATIVADO
26209692;1;1;2026-01-02;2026-01-02;ATIVADO
26209696;1;1;2026-01-05;2026-07-02;ATIVADO
26209811;1;1;2026-01-06;2026-05-07;ATIVADO
26209812;1;1;2026-01-08;2026-07-21;ATIVADO
26210001;1;1;2026-01-17;2026-05-26;ATIVADO
26210342;1;1;2026-01-02;2026-05-19;ATIVADO
26210411;1;1;2026-01-04;2026-07-20;ATIVADO
26210864;1;1;2026-01-16;;ATIVADO
26214519;1;1;2026-01-02;2026-07-09;ATIVADO
26214533;1;1;2026-01-03;2026-05-04;ATIVADO
26215175;1;1;2026-01-13;2026-01-12;ATIVADO
26215422;1;1;2026-04-25;2026-04-20;ATIVADO
26215759;1;1;2026-03-06;2026-06-24;ATIVADO
26216508;1;1;2026-01-03;2026-03-04;ATIVADO
26216563;1;1;2026-01-06;2026-06-15;ATIVADO
26218290;1;1;2026-01-06;2026-06-17;ATIVADO
26219528;1;1;2026-01-16;2026-02-09;ATIVADO
26219682;1;1;2026-01-06;2026-07-10;ATIVADO
26221210;1;1;2026-01-29;2026-04-15;ATIVADO
26222012;1;1;2026-01-06;2026-02-04;ATIVADO
26222502;1;1;2026-01-07;2026-02-12;ATIVADO
26224971;1;1;2026-01-12;2026-04-28;ATIVADO
26225031;1;1;2026-01-06;;ATIVADO
2622549;1;1;2026-05-24;;REATIVADO
26225816;1;1;2026-01-19;2026-06-23;ATIVADO
26225937;1;1;2026-01-05;;ATIVADO
26226034;1;1;2026-01-09;2026-04-07;ATIVADO
26229818;1;1;2026-01-05;2026-07-06;ATIVADO
26235498;1;1;2026-01-02;2026-07-21;ATIVADO
26236879;1;1;2026-01-02;2026-05-26;ATIVADO
26237098;1;1;2026-01-07;2026-02-23;ATIVADO
26237288;1;1;2026-01-30;2026-06-16;ATIVADO
26237320;1;1;2026-01-02;2026-06-09;ATIVADO
26237925;1;1;2026-03-24;2026-07-20;ATIVADO
26237927;1;1;2026-02-03;2026-06-17;ATIVADO
26238230;1;1;2026-01-05;2026-01-02;ATIVADO
26238494;1;1;2026-01-25;2026-03-11;ATIVADO
26239213;1;1;2026-02-25;2026-05-27;ATIVADO
26239738;1;1;2026-01-06;2026-06-19;ATIVADO
26239820;1;1;2026-01-05;2026-04-28;ATIVADO
26239920;1;1;2026-01-07;2026-06-18;ATIVADO
26240551;1;1;2026-02-03;2026-06-12;ATIVADO
26241552;1;1;2026-01-03;2026-03-09;ATIVADO
26241720;1;1;2026-01-04;2026-02-23;ATIVADO
26242387;1;1;2026-01-07;2026-05-04;ATIVADO
26242850;1;1;2026-01-09;2026-05-11;ATIVADO
26243862;1;1;2026-01-05;2026-02-23;ATIVADO
26245790;1;1;2026-01-19;2026-01-12;ATIVADO
26248150;1;1;2026-01-26;2026-01-07;ATIVADO
26257103;1;1;2026-01-29;2026-07-09;ATIVADO
26260764;1;1;2026-01-21;2026-04-24;ATIVADO
26260916;1;1;2026-01-07;2026-07-08;ATIVADO
26261191;1;1;2026-01-05;2026-05-11;ATIVADO
26261477;1;1;2026-01-07;;ATIVADO
26261664;1;1;2026-01-13;2026-07-13;ATIVADO
26261865;1;1;2026-01-12;2026-05-06;ATIVADO
26262082;1;1;2026-02-12;2026-02-12;ATIVADO
26262252;1;1;2026-01-06;2026-04-27;ATIVADO
26262332;1;1;2026-01-06;2026-07-13;ATIVADO
26262951;1;1;2026-01-07;2026-05-11;ATIVADO
26263059;1;1;2026-03-09;2026-07-20;ATIVADO
26263185;1;1;2026-01-08;2026-03-18;ATIVADO
26263588;1;1;2026-01-06;2026-06-19;ATIVADO
26263672;1;1;2026-01-06;2026-05-11;ATIVADO
26263768;1;1;2026-03-11;2026-07-13;ATIVADO
26263821;1;1;2026-01-06;2026-06-23;ATIVADO
26263891;1;1;2026-01-05;2026-05-25;ATIVADO
26263964;1;1;2026-01-05;2026-02-25;ATIVADO
26265388;1;1;2026-01-07;2026-06-18;ATIVADO
26265391;1;1;2026-01-12;2026-05-12;ATIVADO
26265398;1;1;2026-01-16;2026-07-15;ATIVADO
26265887;1;1;2026-01-06;2026-06-23;ATIVADO
26266630;1;1;2026-03-02;2026-03-03;ATIVADO
26266834;1;1;2026-01-08;2026-06-03;ATIVADO
26267304;1;1;2026-01-06;2026-03-10;ATIVADO
26267306;1;1;2026-06-26;2026-06-25;ATIVADO
26267506;1;1;2026-01-08;2026-01-06;ATIVADO
26268518;1;1;2026-01-14;2026-01-14;ATIVADO
26271565;1;1;2026-01-06;2026-01-06;ATIVADO
26272859;1;1;2026-01-19;2026-05-12;ATIVADO
2627295;1;1;2026-04-16;2026-04-13;REATIVADO
26273447;1;1;2026-01-07;2026-07-08;ATIVADO
26273585;1;1;2026-01-07;2026-05-27;ATIVADO
26273586;1;1;2026-01-07;2026-01-29;ATIVADO
26273992;1;1;2026-02-05;2026-06-11;ATIVADO
26274266;1;1;2026-01-08;2026-05-11;ATIVADO
26274325;1;1;2026-03-07;2026-06-11;ATIVADO
26274548;1;1;2026-06-19;2026-06-18;ATIVADO
26275223;1;1;2026-01-09;2026-04-28;ATIVADO
26275926;1;1;2026-01-07;2026-01-08;ATIVADO
26275927;1;1;2026-01-09;2026-07-14;ATIVADO
26276120;1;1;2026-03-24;2026-07-17;ATIVADO
26276945;1;1;2026-01-15;2026-06-09;ATIVADO
26276992;1;1;2026-01-07;2026-03-31;ATIVADO
26277236;1;1;2026-01-30;2026-06-30;ATIVADO
26277379;1;1;2026-01-08;2026-07-21;ATIVADO
26277577;1;1;2026-01-06;2026-06-10;ATIVADO
26277759;1;1;2026-03-12;2026-04-16;ATIVADO
26277760;1;1;2026-01-08;2026-06-25;ATIVADO
26277943;1;1;2026-02-02;2026-01-06;ATIVADO
26277993;1;1;2026-01-07;2026-05-29;ATIVADO
26278167;1;1;2026-01-07;2026-05-13;ATIVADO
26278410;1;1;2026-01-13;2026-06-12;ATIVADO
26278562;1;1;2026-01-07;2026-01-07;ATIVADO
26278616;1;1;2026-02-24;2026-05-18;ATIVADO
26279213;1;1;2026-01-19;2026-07-02;ATIVADO
26279389;1;1;2026-01-12;2026-05-20;ATIVADO
26280043;1;1;2026-01-07;2026-06-18;ATIVADO
26280509;1;1;2026-01-09;2026-07-07;ATIVADO
26281784;1;1;2026-02-16;2026-05-27;ATIVADO
26283187;1;1;2026-01-14;2026-05-06;ATIVADO
26283525;1;1;2026-02-23;2026-05-22;ATIVADO
26283725;1;1;2026-01-15;2026-05-28;ATIVADO
26284033;1;1;2026-01-09;;ATIVADO
26284739;1;1;2026-01-07;2026-02-05;ATIVADO
26285791;1;1;2026-01-11;2026-07-02;ATIVADO
26285855;1;1;2026-01-16;2026-07-16;ATIVADO
26286207;1;1;2026-01-09;2026-05-22;ATIVADO
26286297;1;1;2026-03-02;2026-07-13;ATIVADO
26286308;1;1;2026-01-09;2026-06-08;ATIVADO
26286784;1;1;2026-01-07;2026-01-19;ATIVADO
26286894;1;1;2026-01-10;2026-01-07;ATIVADO
26286953;1;1;2026-01-08;2026-05-06;ATIVADO
26287544;1;1;2026-01-11;2026-02-24;ATIVADO
26287546;1;1;2026-01-16;2026-07-21;ATIVADO
26287609;1;1;2026-01-09;2026-06-05;ATIVADO
26287665;1;1;2026-02-18;2026-07-08;ATIVADO
26287786;1;1;2026-01-29;2026-05-21;ATIVADO
26287947;1;1;2026-01-13;2026-06-24;ATIVADO
26288540;1;1;2026-01-12;2026-06-16;ATIVADO
26293036;1;1;2026-01-09;;ATIVADO
26293748;1;1;2026-01-12;2026-06-22;ATIVADO
26293903;1;1;2026-01-09;2026-05-27;ATIVADO
26294341;1;1;2026-01-11;2026-01-08;ATIVADO
26294767;1;1;2026-01-12;2026-03-19;ATIVADO
26294769;1;1;2026-01-13;2026-07-20;ATIVADO
26294834;1;1;2026-01-30;2026-06-23;ATIVADO
26294887;1;1;2026-01-09;2026-06-15;ATIVADO
26295002;1;1;2026-04-14;2026-02-03;ATIVADO
26295614;1;1;2026-01-26;2026-06-24;ATIVADO
26295738;1;1;2026-01-27;2026-01-26;ATIVADO
26296035;1;1;2026-01-10;2026-05-12;ATIVADO
26296142;1;1;2026-03-16;2026-05-25;ATIVADO
26296509;1;1;2026-01-17;2026-01-12;ATIVADO
26296744;1;1;2026-01-13;2026-05-27;ATIVADO
26297363;1;1;2026-01-12;;ATIVADO
26297462;1;1;2026-01-12;2026-05-20;ATIVADO
26298228;1;1;2026-01-12;2026-02-09;ATIVADO
26298855;1;1;2026-01-09;2026-02-03;ATIVADO
26299074;1;1;2026-01-16;2026-01-28;ATIVADO
26299880;1;1;2026-01-09;2026-04-23;ATIVADO
26302811;1;1;2026-01-12;;ATIVADO
26302827;1;1;2026-01-12;;ATIVADO
2630283;1;1;2026-06-09;2026-06-03;REATIVADO
26302859;1;1;2026-01-19;2026-05-21;ATIVADO
26302862;1;1;2026-01-09;2026-05-25;ATIVADO
26303302;1;1;2026-01-19;2026-07-10;ATIVADO
26303725;1;1;2026-02-21;2026-03-02;ATIVADO
26304096;1;1;2026-03-12;2026-03-12;ATIVADO
26304221;1;1;2026-01-13;2026-03-18;ATIVADO
26304222;1;1;2026-01-10;2026-07-14;ATIVADO
26304320;1;1;2026-01-12;2026-03-20;ATIVADO
26304569;1;1;2026-01-12;;ATIVADO
26305593;1;1;2026-01-14;2026-02-25;ATIVADO
26305776;1;1;2026-01-15;2026-06-24;ATIVADO
26305949;1;1;2026-06-30;2026-06-30;ATIVADO
26306317;1;1;2026-02-02;2026-05-05;ATIVADO
26306363;1;1;2026-01-13;2026-01-09;ATIVADO
26306417;1;1;2026-01-12;2026-06-19;ATIVADO
26306548;1;1;2026-01-13;2026-04-30;ATIVADO
26306550;1;1;2026-01-10;2026-04-28;ATIVADO
26306551;1;1;2026-01-10;2026-01-09;ATIVADO
26306605;1;1;2026-06-10;2026-07-09;ATIVADO
26306812;1;1;2026-02-02;2026-06-29;ATIVADO
26307038;1;1;2026-01-09;2026-04-14;ATIVADO
26307157;1;1;2026-02-26;2026-06-12;ATIVADO
26307206;1;1;2026-01-12;2026-07-10;ATIVADO
26307301;1;1;2026-03-31;2026-01-14;ATIVADO
26307400;1;1;2026-01-12;2026-07-09;ATIVADO
26307612;1;1;2026-01-17;2026-02-19;ATIVADO
26307665;1;1;2026-02-28;2026-07-02;ATIVADO
26307749;1;1;2026-01-12;2026-07-16;ATIVADO
26307914;1;1;2026-01-12;2026-06-16;ATIVADO
26307986;1;1;2026-01-19;2026-07-01;ATIVADO
26308133;1;1;2026-04-02;2026-04-02;ATIVADO
26308287;1;1;2026-01-12;2026-06-05;ATIVADO
26308336;1;1;2026-02-21;2026-05-18;ATIVADO
26308464;1;1;2026-01-12;2026-07-15;ATIVADO
26316355;1;1;2026-01-19;2026-07-06;ATIVADO
26317152;1;1;2026-01-12;2026-05-14;ATIVADO
26320018;1;1;2026-02-13;2026-07-21;ATIVADO
26322713;1;1;2026-01-12;2026-06-18;ATIVADO
26324441;1;1;2026-01-14;2026-04-23;ATIVADO
26324516;1;1;2026-01-12;2026-07-20;ATIVADO
26324626;1;1;2026-01-12;2026-02-04;ATIVADO
26325817;1;1;2026-03-02;2026-03-03;ATIVADO
26326703;1;1;2026-01-12;2026-01-12;ATIVADO
26326887;1;1;2026-01-13;2026-06-15;ATIVADO
26327044;1;1;2026-01-15;2026-01-14;ATIVADO
26327091;1;1;2026-01-16;2026-06-15;ATIVADO
26327254;1;1;2026-02-12;2026-07-17;ATIVADO
26327604;1;1;2026-01-28;2026-03-30;ATIVADO
26327681;1;1;2026-01-12;2026-01-12;ATIVADO
26327682;1;1;2026-01-12;2026-07-16;ATIVADO
26327737;1;1;2026-01-12;2026-05-26;ATIVADO
26328226;1;1;2026-06-17;2026-06-30;ATIVADO
26330199;1;1;2026-01-13;2026-06-12;ATIVADO
26330262;1;1;2026-01-13;2026-06-22;ATIVADO
26330263;1;1;2026-02-23;2026-06-16;ATIVADO
26330318;1;1;2026-01-28;2026-07-16;ATIVADO
26330408;1;1;2026-01-15;2026-06-10;ATIVADO
26330440;1;1;2026-01-26;2026-05-14;ATIVADO
26330743;1;1;2026-01-15;2026-02-27;ATIVADO
26330861;1;1;2026-03-21;2026-03-30;ATIVADO
26330982;1;1;2026-01-12;2026-01-12;ATIVADO
26331035;1;1;2026-01-14;2026-07-07;ATIVADO
26331036;1;1;2026-01-13;2026-07-03;ATIVADO
26331451;1;1;2026-01-13;2026-07-15;ATIVADO
26331719;1;1;2026-02-04;2026-07-21;ATIVADO
26332470;1;1;2026-02-02;2026-05-25;ATIVADO
26333056;1;1;2026-02-10;2026-05-15;ATIVADO
26334015;1;1;2026-01-13;2026-01-13;ATIVADO
26335088;1;1;2026-01-16;2026-03-19;ATIVADO
26335180;1;1;2026-02-11;2026-02-10;ATIVADO
26335202;1;1;2026-01-19;2026-03-12;ATIVADO
26335643;1;1;2026-03-15;2026-03-23;ATIVADO
26336095;1;1;2026-01-14;2026-02-04;ATIVADO
26336106;1;1;2026-01-14;2026-05-22;ATIVADO
26336169;1;1;2026-01-15;2026-01-15;ATIVADO
26336240;1;1;2026-01-14;2026-04-20;ATIVADO
26336343;1;1;2026-01-20;2026-06-19;ATIVADO
26336349;1;1;2026-01-23;2026-06-29;ATIVADO
26336353;1;1;2026-01-13;2026-07-09;ATIVADO
26336355;1;1;2026-01-14;2026-02-06;ATIVADO
26336593;1;1;2026-01-13;2026-04-22;ATIVADO
26336698;1;1;2026-01-16;2026-05-19;ATIVADO
26336919;1;1;2026-01-13;2026-01-14;ATIVADO
26337356;1;1;2026-01-15;2026-02-10;ATIVADO
26337408;1;1;2026-01-20;2026-05-07;ATIVADO
26337410;1;1;2026-01-26;2026-04-09;ATIVADO
26337550;1;1;2026-01-14;2026-06-24;ATIVADO
26337551;1;1;2026-01-20;2026-05-06;ATIVADO
26337609;1;1;2026-01-13;2026-07-16;ATIVADO
26337672;1;1;2026-01-19;2026-02-24;ATIVADO
26338039;1;1;2026-01-14;2026-04-22;ATIVADO
26338156;1;1;2026-01-14;2026-06-25;ATIVADO
26338235;1;1;2026-03-04;2026-07-10;ATIVADO
26338275;1;1;2026-01-26;2026-07-16;ATIVADO
26338717;1;1;2026-01-15;2026-06-17;ATIVADO
26338812;1;1;2026-03-05;2026-07-06;ATIVADO
26338905;1;1;2026-01-14;2026-02-25;ATIVADO
26339069;1;1;2026-01-28;2026-06-05;ATIVADO
26339122;1;1;2026-06-13;2026-06-12;ATIVADO
26339334;1;1;2026-01-20;2026-06-23;ATIVADO
26339335;1;1;2026-04-14;2026-05-14;ATIVADO
26339375;1;1;2026-01-15;2026-04-27;ATIVADO
26339433;1;1;2026-01-22;2026-07-17;ATIVADO
26339478;1;1;2026-01-14;2026-05-21;ATIVADO
26339641;1;1;2026-01-18;2026-06-10;ATIVADO
26339784;1;1;2026-01-19;2026-05-15;ATIVADO
26340038;1;1;2026-01-14;2026-07-21;ATIVADO
26340490;1;1;2026-05-12;2026-06-29;ATIVADO
26340579;1;1;2026-01-23;2026-06-23;ATIVADO
26340678;1;1;2026-05-12;2026-05-13;ATIVADO
26340740;1;1;2026-01-22;2026-02-24;ATIVADO
26341110;1;1;2026-05-18;2026-07-20;ATIVADO
26341153;1;1;2026-01-18;2026-07-14;ATIVADO
26343414;1;1;2026-01-19;2026-06-16;ATIVADO
26344547;1;1;2026-01-16;2026-07-17;ATIVADO
26344678;1;1;2026-01-19;2026-06-19;ATIVADO
26344815;1;1;2026-01-19;2026-02-05;ATIVADO
26344863;1;1;2026-01-15;2026-07-17;ATIVADO
26344957;1;1;2026-01-15;2026-06-19;ATIVADO
26345356;1;1;2026-02-04;2026-06-16;ATIVADO
26345409;1;1;2026-03-05;2026-06-19;ATIVADO
26345665;1;1;2026-01-14;2026-01-28;ATIVADO
26346317;1;1;2026-03-31;2026-05-12;ATIVADO
26346319;1;1;2026-01-30;2026-05-25;ATIVADO
26346484;1;1;2026-01-16;;ATIVADO
26346770;1;1;2026-01-16;2026-06-23;ATIVADO
26347316;1;1;2026-01-15;2026-01-15;ATIVADO
26347448;1;1;2026-02-14;2026-03-09;ATIVADO
26347450;1;1;2026-01-16;2026-06-11;ATIVADO
26347591;1;1;2026-01-14;2026-01-14;ATIVADO
26348186;1;1;2026-03-12;2026-06-25;ATIVADO
26348337;1;1;2026-02-02;2026-07-09;ATIVADO
26348377;1;1;2026-01-15;2026-06-29;ATIVADO
26348478;1;1;2026-02-02;2026-01-26;ATIVADO
26348530;1;1;2026-03-04;2026-06-24;ATIVADO
26348624;1;1;2026-05-08;2026-03-16;ATIVADO
26348715;1;1;2026-01-17;2026-02-09;ATIVADO
26348985;1;1;2026-06-08;2026-01-14;ATIVADO
26349071;1;1;2026-01-19;2026-07-07;ATIVADO
26349075;1;1;2026-01-16;2026-01-29;ATIVADO
26349113;1;1;2026-03-11;2026-06-26;ATIVADO
26349541;1;1;2026-01-21;2026-02-05;ATIVADO
26349921;1;1;2026-06-05;2026-04-29;ATIVADO
26350047;1;1;2026-04-28;2026-07-14;ATIVADO
26350137;1;1;2026-01-19;2026-04-22;ATIVADO
26350244;1;1;2026-04-14;2026-02-12;ATIVADO
26351288;1;1;2026-01-31;2026-07-06;ATIVADO
26353034;1;1;2026-01-15;2026-06-16;ATIVADO
26353779;1;1;2026-01-19;2026-06-24;ATIVADO
26353872;1;1;2026-01-15;2026-01-15;ATIVADO
26353895;1;1;2026-01-20;2026-06-10;ATIVADO
26354326;1;1;2026-01-27;2026-04-15;ATIVADO
26355461;1;1;2026-01-19;;ATIVADO
26355816;1;1;2026-01-19;;ATIVADO
26355849;1;1;2026-01-18;2026-06-18;ATIVADO
26355852;1;1;2026-01-20;2026-04-30;ATIVADO
26356016;1;1;2026-01-16;;ATIVADO
26356852;1;1;2026-01-17;2026-06-10;ATIVADO
26356999;1;1;2026-01-29;;ATIVADO
26357115;1;1;2026-01-16;2026-01-15;ATIVADO
26357177;1;1;2026-05-28;2026-05-27;ATIVADO
26357261;1;1;2026-01-22;2026-03-17;ATIVADO
26357358;1;1;2026-01-15;2026-05-06;ATIVADO
26357449;1;1;2026-01-16;2026-02-12;ATIVADO
26357906;1;1;2026-01-16;2026-01-15;ATIVADO
26358045;1;1;2026-03-17;2026-06-24;ATIVADO
26358371;1;1;2026-01-19;2026-05-25;ATIVADO
26358423;1;1;2026-01-16;2026-01-15;ATIVADO
26358742;1;1;2026-01-27;2026-02-03;ATIVADO
26359334;1;1;2026-01-17;2026-02-10;ATIVADO
26359613;1;1;2026-01-26;2026-06-24;ATIVADO
26361516;1;1;2026-01-19;;ATIVADO
26361519;1;1;2026-02-25;2026-06-30;ATIVADO
26361718;1;1;2026-01-21;2026-07-02;ATIVADO
26361771;1;1;2026-01-29;2026-07-01;ATIVADO
26361814;1;1;2026-02-06;2026-06-24;ATIVADO
26361830;1;1;2026-01-21;2026-06-09;ATIVADO
26361854;1;1;2026-01-16;2026-05-11;ATIVADO
26362405;1;1;2026-01-19;2026-06-30;ATIVADO
26362524;1;1;2026-01-16;2026-01-16;ATIVADO
26362525;1;1;2026-01-19;2026-03-23;ATIVADO
26362646;1;1;2026-05-22;2026-04-30;ATIVADO
26363337;1;1;2026-01-17;2026-07-08;ATIVADO
26363510;1;1;2026-01-27;2026-01-21;ATIVADO
26363511;1;1;2026-02-09;2026-07-16;ATIVADO
26363572;1;1;2026-02-19;2026-07-01;ATIVADO
26363955;1;1;2026-01-17;2026-06-18;ATIVADO
26364059;1;1;2026-01-16;2026-01-16;ATIVADO
26364521;1;1;2026-01-22;2026-06-12;ATIVADO
26365306;1;1;2026-01-17;2026-01-16;ATIVADO
26366061;1;1;2026-02-09;2026-06-30;ATIVADO
26366112;1;1;2026-01-17;2026-07-02;ATIVADO
26366193;1;1;2026-01-19;;ATIVADO
26366300;1;1;2026-01-21;2026-06-11;ATIVADO
26366417;1;1;2026-03-16;2026-04-02;ATIVADO
26366440;1;1;2026-01-19;2026-07-20;ATIVADO
26366540;1;1;2026-02-14;2026-01-20;ATIVADO
26366598;1;1;2026-01-26;2026-02-06;ATIVADO
26367326;1;1;2026-01-26;2026-05-19;ATIVADO
26367373;1;1;2026-02-02;2026-02-03;ATIVADO
26373502;1;1;2026-01-21;2026-06-25;ATIVADO
26373904;1;1;2026-02-07;2026-05-04;ATIVADO
26374245;1;1;2026-02-22;2026-02-10;ATIVADO
26375999;1;1;2026-01-31;2026-02-24;ATIVADO
26381796;1;1;2026-01-19;;ATIVADO
26382175;1;1;2026-03-02;2026-06-25;ATIVADO
26382706;1;1;2026-01-22;2026-06-17;ATIVADO
26382742;1;1;2026-01-19;2026-01-19;ATIVADO
26383088;1;1;2026-01-27;2026-06-19;ATIVADO
26383218;1;1;2026-01-20;2026-02-10;ATIVADO
26383492;1;1;2026-01-20;2026-04-02;ATIVADO
2638363;1;1;2026-05-21;2026-06-02;REATIVADO
26384224;1;1;2026-01-27;2026-06-22;ATIVADO
26384502;1;1;2026-02-19;2026-01-20;ATIVADO
26384686;1;1;2026-01-21;2026-05-22;ATIVADO
26385003;1;1;2026-01-22;2026-02-04;ATIVADO
26385643;1;1;2026-01-21;2026-05-04;ATIVADO
26386198;1;1;2026-01-21;2026-06-29;ATIVADO
26386749;1;1;2026-01-20;2026-07-20;ATIVADO
26386875;1;1;2026-01-20;2026-06-25;ATIVADO
26386974;1;1;2026-02-03;2026-01-19;ATIVADO
26387090;1;1;2026-02-02;2026-04-27;ATIVADO
26387281;1;1;2026-04-15;2026-05-18;ATIVADO
26387393;1;1;2026-01-28;2026-06-18;ATIVADO
26387503;1;1;2026-02-02;2026-02-05;ATIVADO
26387917;1;1;2026-01-23;2026-07-13;ATIVADO
26388466;1;1;2026-01-20;2026-05-19;ATIVADO
26388706;1;1;2026-01-29;2026-04-06;ATIVADO
26388826;1;1;2026-02-05;2026-07-20;ATIVADO
26389495;1;1;2026-02-20;2026-07-15;ATIVADO
26389594;1;1;2026-05-21;2026-05-14;ATIVADO
26390626;1;1;2026-01-25;2026-05-22;ATIVADO
26391324;1;1;2026-01-26;2026-04-29;ATIVADO
26391516;1;1;2026-03-03;2026-03-30;ATIVADO
26391552;1;1;2026-05-26;2026-01-22;ATIVADO
26391999;1;1;2026-01-28;2026-06-15;ATIVADO
26392413;1;1;2026-01-21;;ATIVADO
26392636;1;1;2026-02-02;2026-03-09;ATIVADO
26393185;1;1;2026-01-26;2026-02-04;ATIVADO
26393690;1;1;2026-01-26;2026-02-09;ATIVADO
26393738;1;1;2026-01-26;;ATIVADO
26394152;1;1;2026-01-28;2026-07-01;ATIVADO
26394291;1;1;2026-01-22;2026-06-24;ATIVADO
26394344;1;1;2026-02-22;2026-01-20;ATIVADO
26394396;1;1;2026-01-23;2026-02-06;ATIVADO
26394491;1;1;2026-03-21;2026-05-27;ATIVADO
26394891;1;1;2026-01-26;2026-04-08;ATIVADO
26394892;1;1;2026-02-02;2026-07-20;ATIVADO
26395348;1;1;2026-02-02;2026-03-17;ATIVADO
26395420;1;1;2026-02-02;2026-05-04;ATIVADO
26395702;1;1;2026-02-02;;ATIVADO
26395740;1;1;2026-01-26;2026-03-25;ATIVADO
26395975;1;1;2026-03-28;2026-07-13;ATIVADO
26396186;1;1;2026-02-13;2026-03-09;ATIVADO
26396223;1;1;2026-01-20;2026-05-25;ATIVADO
26396485;1;1;2026-05-18;2026-07-16;ATIVADO
26396570;1;1;2026-01-21;2026-01-26;ATIVADO
26397488;1;1;2026-01-21;2026-03-13;ATIVADO
26399317;1;1;2026-01-21;2026-06-17;ATIVADO
26399593;1;1;2026-01-27;;ATIVADO
26399705;1;1;2026-01-23;2026-01-23;ATIVADO
26400107;1;1;2026-01-24;2026-06-30;ATIVADO
26400486;1;1;2026-01-22;2026-01-22;ATIVADO
26400583;1;1;2026-06-27;2026-06-26;ATIVADO
26400691;1;1;2026-02-01;2026-02-11;ATIVADO
26400905;1;1;2026-01-21;2026-06-22;ATIVADO
26401043;1;1;2026-03-20;2026-03-31;ATIVADO
26401138;1;1;2026-01-22;2026-05-20;ATIVADO
26401480;1;1;2026-02-07;2026-06-25;ATIVADO
26401746;1;1;2026-02-12;2026-06-26;ATIVADO
26401773;1;1;2026-01-24;2026-04-27;ATIVADO
26401953;1;1;2026-02-24;2026-06-05;ATIVADO
26402778;1;1;2026-01-26;2026-06-09;ATIVADO
26402780;1;1;2026-01-22;2026-01-27;ATIVADO
26402822;1;1;2026-01-21;2026-04-29;ATIVADO
26403109;1;1;2026-02-03;2026-01-21;ATIVADO
26403341;1;1;2026-02-01;2026-07-20;ATIVADO
26403458;1;1;2026-01-28;2026-07-17;ATIVADO
26403736;1;1;2026-03-12;2026-01-21;ATIVADO
26403740;1;1;2026-01-22;2026-05-12;ATIVADO
26403741;1;1;2026-06-08;2026-07-01;ATIVADO
26404167;1;1;2026-02-02;2026-07-08;ATIVADO
26404377;1;1;2026-01-22;2026-05-05;ATIVADO
26404417;1;1;2026-03-02;2026-06-11;ATIVADO
26404459;1;1;2026-01-23;2026-07-07;ATIVADO
26404933;1;1;2026-02-05;2026-06-03;ATIVADO
26407241;1;1;2026-03-04;2026-07-20;ATIVADO
26407482;1;1;2026-01-27;2026-07-10;ATIVADO
26407559;1;1;2026-01-26;2026-02-23;ATIVADO
26407675;1;1;2026-02-06;2026-01-22;ATIVADO
26407723;1;1;2026-01-26;;ATIVADO
26407742;1;1;2026-02-23;2026-04-20;ATIVADO
26408628;1;1;2026-01-22;2026-04-13;ATIVADO
26408796;1;1;2026-03-04;2026-02-04;ATIVADO
26409000;1;1;2026-01-27;2026-04-28;ATIVADO
26409006;1;1;2026-02-12;2026-01-26;ATIVADO
26409009;1;1;2026-04-06;2026-05-26;ATIVADO
26409101;1;1;2026-04-01;2026-06-08;ATIVADO
26409324;1;1;2026-02-02;2026-05-08;ATIVADO
26409419;1;1;2026-01-25;2026-03-09;ATIVADO
26409665;1;1;2026-03-27;2026-06-29;ATIVADO
26409805;1;1;2026-01-22;2026-01-22;ATIVADO
26410004;1;1;2026-01-22;2026-05-05;ATIVADO
26410965;1;1;2026-01-26;2026-05-13;ATIVADO
26411005;1;1;2026-06-26;2026-06-30;ATIVADO
26411093;1;1;2026-04-13;2026-05-12;ATIVADO
26411138;1;1;2026-01-25;2026-06-01;ATIVADO
26411299;1;1;2026-02-02;2026-05-15;ATIVADO
26411606;1;1;2026-02-13;2026-05-27;ATIVADO
26411607;1;1;2026-01-26;2026-05-26;ATIVADO
26411678;1;1;2026-01-27;2026-04-23;ATIVADO
26411715;1;1;2026-02-23;2026-07-20;ATIVADO
26411920;1;1;2026-01-22;2026-06-25;ATIVADO
26412138;1;1;2026-01-24;2026-02-12;ATIVADO
26412688;1;1;2026-03-26;2026-06-26;ATIVADO
26413009;1;1;2026-03-21;2026-01-29;ATIVADO
26415210;1;1;2026-01-30;;ATIVADO
26415416;1;1;2026-01-24;2026-04-14;ATIVADO
26415693;1;1;2026-05-15;2026-05-26;ATIVADO
26415844;1;1;2026-01-24;2026-06-09;ATIVADO
26415998;1;1;2026-01-28;2026-02-03;ATIVADO
26416245;1;1;2026-02-03;2026-05-27;ATIVADO
26416685;1;1;2026-01-29;2026-07-17;ATIVADO
26416686;1;1;2026-01-27;2026-07-13;ATIVADO
26417076;1;1;2026-01-23;2026-07-15;ATIVADO
26417808;1;1;2026-01-23;2026-02-10;ATIVADO
26417902;1;1;2026-05-28;2026-05-25;ATIVADO
26418290;1;1;2026-01-23;2026-02-09;ATIVADO
26418489;1;1;2026-02-09;2026-07-17;ATIVADO
26418801;1;1;2026-01-26;2026-03-04;ATIVADO
26419017;1;1;2026-01-26;2026-03-26;ATIVADO
26419100;1;1;2026-02-14;2026-07-15;ATIVADO
26419415;1;1;2026-02-05;2026-05-26;ATIVADO
26419416;1;1;2026-01-24;2026-07-21;ATIVADO
26419464;1;1;2026-02-07;2026-07-01;ATIVADO
26420863;1;1;2026-01-26;2026-06-02;ATIVADO
26424512;1;1;2026-01-29;2026-06-18;ATIVADO
26429625;1;1;2026-01-27;2026-05-18;ATIVADO
26433741;1;1;2026-01-27;2026-05-07;ATIVADO
26433742;1;1;2026-01-27;2026-05-28;ATIVADO
26434140;1;1;2026-01-26;2026-07-14;ATIVADO
26434194;1;1;2026-01-29;2026-07-09;ATIVADO
26434253;1;1;2026-01-26;2026-07-09;ATIVADO
26434254;1;1;2026-01-27;2026-06-16;ATIVADO
26434822;1;1;2026-01-28;2026-06-18;ATIVADO
26435174;1;1;2026-01-27;2026-02-02;ATIVADO
26435234;1;1;2026-01-26;2026-02-05;ATIVADO
26435412;1;1;2026-01-26;2026-05-14;ATIVADO
26435466;1;1;2026-01-26;2026-05-08;ATIVADO
26435634;1;1;2026-01-28;2026-06-03;ATIVADO
26435865;1;1;2026-02-24;2026-04-10;ATIVADO
26436336;1;1;2026-01-28;;ATIVADO
26436513;1;1;2026-01-30;2026-04-17;ATIVADO
26436774;1;1;2026-03-03;2026-04-30;ATIVADO
26437215;1;1;2026-01-27;2026-05-12;ATIVADO
26437476;1;1;2026-01-29;2026-07-14;ATIVADO
26437883;1;1;2026-02-06;2026-05-05;ATIVADO
26438330;1;1;2026-02-01;2026-05-18;ATIVADO
26438510;1;1;2026-01-27;2026-06-19;ATIVADO
26438689;1;1;2026-01-29;2026-06-17;ATIVADO
26438752;1;1;2026-01-29;2026-05-13;ATIVADO
26438756;1;1;2026-01-27;2026-03-03;ATIVADO
26438850;1;1;2026-06-05;2026-06-30;ATIVADO
26439011;1;1;2026-01-28;2026-05-19;ATIVADO
26439151;1;1;2026-01-31;2026-01-26;ATIVADO
26439254;1;1;2026-01-28;2026-07-07;ATIVADO
26439648;1;1;2026-02-25;2026-06-11;ATIVADO
26442230;1;1;2026-02-03;2026-07-13;ATIVADO
26442231;1;1;2026-01-28;2026-04-09;ATIVADO
26442433;1;1;2026-01-28;;ATIVADO
26442540;1;1;2026-01-27;2026-06-12;ATIVADO
26442713;1;1;2026-02-18;2026-04-24;ATIVADO
26443081;1;1;2026-01-28;2026-05-26;ATIVADO
26443301;1;1;2026-01-27;2026-01-28;ATIVADO
26443384;1;1;2026-01-27;2026-04-09;ATIVADO
26443461;1;1;2026-01-30;2026-04-20;ATIVADO
26443898;1;1;2026-01-27;2026-04-27;ATIVADO
26443919;1;1;2026-03-20;2026-06-10;ATIVADO
26443920;1;1;2026-01-28;2026-05-12;ATIVADO
26444088;1;1;2026-01-27;2026-04-27;ATIVADO
26444089;1;1;2026-02-13;2026-05-04;ATIVADO
26444181;1;1;2026-01-29;2026-06-12;ATIVADO
26444237;1;1;2026-02-03;2026-02-03;ATIVADO
26444352;1;1;2026-05-11;2026-05-11;ATIVADO
26444634;1;1;2026-05-16;2026-05-18;ATIVADO
26444926;1;1;2026-04-25;;ATIVADO
26445210;1;1;2026-01-27;2026-03-18;ATIVADO
26445490;1;1;2026-02-02;2026-06-08;ATIVADO
26445582;1;1;2026-05-17;2026-01-27;ATIVADO
26445671;1;1;2026-01-28;2026-05-27;ATIVADO
26445672;1;1;2026-02-03;2026-05-18;ATIVADO
26445828;1;1;2026-03-08;2026-01-27;ATIVADO
26445829;1;1;2026-01-29;2026-07-09;ATIVADO
26446723;1;1;2026-03-01;2026-07-07;ATIVADO
26447162;1;1;2026-01-30;2026-07-14;ATIVADO
26447205;1;1;2026-02-02;2026-06-22;ATIVADO
26447284;1;1;2026-02-02;2026-05-18;ATIVADO
26447628;1;1;2026-04-07;2026-07-13;ATIVADO
26448055;1;1;2026-02-25;2026-07-14;ATIVADO
26449992;1;1;2026-02-12;2026-04-23;ATIVADO
26450230;1;1;2026-03-08;2026-06-19;ATIVADO
26450265;1;1;2026-02-04;2026-06-19;ATIVADO
26450588;1;1;2026-02-02;2026-01-28;ATIVADO
26450714;1;1;2026-02-04;2026-07-21;ATIVADO
26451048;1;1;2026-02-06;2026-02-06;ATIVADO
26451098;1;1;2026-02-09;2026-05-15;ATIVADO
26451296;1;1;2026-02-02;2026-06-25;ATIVADO
26451669;1;1;2026-02-02;2026-03-04;ATIVADO
26452011;1;1;2026-03-02;2026-05-12;ATIVADO
26452192;1;1;2026-02-05;2026-06-30;ATIVADO
26452413;1;1;2026-03-05;2026-07-10;ATIVADO
26452786;1;1;2026-03-21;2026-03-23;ATIVADO
26452838;1;1;2026-02-03;2026-06-11;ATIVADO
26453481;1;1;2026-01-29;;ATIVADO
26453756;1;1;2026-02-01;2026-02-25;ATIVADO
26454127;1;1;2026-01-30;2026-05-27;ATIVADO
26454128;1;1;2026-05-06;2026-01-28;ATIVADO
26454155;1;1;2026-03-30;2026-05-11;ATIVADO
26454395;1;1;2026-02-14;2026-05-06;ATIVADO
26454396;1;1;2026-02-02;2026-06-17;ATIVADO
26454397;1;1;2026-03-08;2026-04-30;ATIVADO
26454452;1;1;2026-02-19;2026-04-27;ATIVADO
26454545;1;1;2026-01-30;2026-05-13;ATIVADO
26455020;1;1;2026-02-01;2026-05-25;ATIVADO
26455050;1;1;2026-02-02;2026-07-08;ATIVADO
26455146;1;1;2026-02-20;2026-06-15;ATIVADO
26455972;1;1;2026-01-29;2026-03-24;ATIVADO
26456487;1;1;2026-02-18;2026-03-10;ATIVADO
26457191;1;1;2026-03-18;2026-04-01;ATIVADO
26457486;1;1;2026-02-04;2026-06-29;ATIVADO
26457522;1;1;2026-03-16;2026-04-27;ATIVADO
26457559;1;1;2026-02-05;2026-06-24;ATIVADO
26457769;1;1;2026-02-02;;ATIVADO
26457805;1;1;2026-02-26;2026-02-27;ATIVADO
26458064;1;1;2026-02-02;2026-04-27;ATIVADO
26458112;1;1;2026-01-30;2026-04-24;ATIVADO
26458312;1;1;2026-02-02;2026-06-26;ATIVADO
26458414;1;1;2026-01-30;2026-04-29;ATIVADO
26458472;1;1;2026-03-25;2026-07-15;ATIVADO
26458512;1;1;2026-02-02;2026-02-09;ATIVADO
26458890;1;1;2026-02-13;2026-07-16;ATIVADO
26459057;1;1;2026-06-18;2026-07-20;ATIVADO
26459483;1;1;2026-05-02;2026-07-21;ATIVADO
26459937;1;1;2026-01-30;2026-06-29;ATIVADO
26460015;1;1;2026-02-04;2026-03-11;ATIVADO
26460141;1;1;2026-01-30;2026-06-25;ATIVADO
26460142;1;1;2026-02-10;2026-07-07;ATIVADO
26460179;1;1;2026-02-02;2026-01-29;ATIVADO
26460182;1;1;2026-02-03;2026-06-22;ATIVADO
26460290;1;1;2026-01-29;2026-06-23;ATIVADO
26460689;1;1;2026-01-31;2026-03-19;ATIVADO
26460690;1;1;2026-01-29;2026-06-19;ATIVADO
26460976;1;1;2026-02-01;2026-03-31;ATIVADO
26461009;1;1;2026-01-30;2026-06-19;ATIVADO
26461120;1;1;2026-02-05;2026-07-01;ATIVADO
26461156;1;1;2026-03-18;2026-06-22;ATIVADO
26461158;1;1;2026-01-30;2026-05-22;ATIVADO
26461845;1;1;2026-02-08;2026-01-30;ATIVADO
26462417;1;1;2026-02-05;2026-02-02;ATIVADO
26464416;1;1;2026-02-06;2026-05-21;ATIVADO
26464527;1;1;2026-02-02;2026-01-30;ATIVADO
26464648;1;1;2026-03-04;2026-04-23;ATIVADO
26464918;1;1;2026-02-02;2026-05-06;ATIVADO
26465443;1;1;2026-02-02;2026-05-06;ATIVADO
26465640;1;1;2026-01-30;2026-04-08;ATIVADO
26465847;1;1;2026-02-03;2026-07-13;ATIVADO
26466058;1;1;2026-02-04;2026-06-23;ATIVADO
2646633;1;1;2026-03-23;2025-12-15;REATIVADO
26466611;1;1;2026-02-09;2026-06-25;ATIVADO
26466730;1;1;2026-01-30;2026-07-08;ATIVADO
26467027;1;1;2026-02-03;2026-07-13;ATIVADO
26467513;1;1;2026-02-01;2026-05-15;ATIVADO
26467653;1;1;2026-02-24;2026-02-03;ATIVADO
26467857;1;1;2026-02-04;2026-06-10;ATIVADO
26467890;1;1;2026-02-11;2026-07-02;ATIVADO
26468304;1;1;2026-02-05;2026-03-18;ATIVADO
26468681;1;1;2026-02-02;2026-03-26;ATIVADO
26468784;1;1;2026-02-17;2026-06-02;ATIVADO
26469034;1;1;2026-02-02;2026-05-13;ATIVADO
26469444;1;1;2026-02-03;2026-07-16;ATIVADO
26471542;1;1;2026-03-28;2026-06-29;ATIVADO
26473569;1;1;2026-02-06;2026-06-02;ATIVADO
26473973;1;1;2026-02-16;2026-07-16;ATIVADO
26474327;1;1;2026-03-07;2026-06-02;ATIVADO
26474728;1;1;2026-02-04;2026-05-18;ATIVADO
26475129;1;1;2026-02-11;2026-06-16;ATIVADO
26477159;1;1;2026-02-02;2026-06-03;ATIVADO
26482064;1;1;2026-02-06;2026-04-07;ATIVADO
26482134;1;1;2026-02-03;;ATIVADO
26482262;1;1;2026-02-04;2026-07-01;ATIVADO
26482502;1;1;2026-04-06;2026-03-27;ATIVADO
26482724;1;1;2026-02-04;2026-06-02;ATIVADO
26482903;1;1;2026-02-05;2026-05-26;ATIVADO
26483056;1;1;2026-02-05;2026-02-03;ATIVADO
26483134;1;1;2026-02-04;2026-07-20;ATIVADO
26483264;1;1;2026-02-04;2026-07-21;ATIVADO
26483504;1;1;2026-02-05;2026-03-02;ATIVADO
26483738;1;1;2026-02-02;2026-06-11;ATIVADO
26484079;1;1;2026-02-02;2026-06-03;ATIVADO
26484269;1;1;2026-02-09;;ATIVADO
26484398;1;1;2026-02-05;2026-04-23;ATIVADO
26485330;1;1;2026-02-04;2026-07-14;ATIVADO
26485515;1;1;2026-02-24;2026-06-09;ATIVADO
26485785;1;1;2026-03-10;2026-05-04;ATIVADO
26485970;1;1;2026-03-23;2026-06-02;ATIVADO
26486003;1;1;2026-05-06;2026-06-26;ATIVADO
26486107;1;1;2026-02-18;2026-05-05;ATIVADO
26486153;1;1;2026-03-04;2026-07-16;ATIVADO
26486154;1;1;2026-02-09;2026-04-16;ATIVADO
26486284;1;1;2026-02-02;2026-07-13;ATIVADO
26486285;1;1;2026-05-04;2026-04-29;ATIVADO
26486405;1;1;2026-05-21;2026-06-26;ATIVADO
26486486;1;1;2026-02-04;2026-04-13;ATIVADO
26486693;1;1;2026-03-02;2026-07-21;ATIVADO
26486763;1;1;2026-02-09;2026-02-25;ATIVADO
26486945;1;1;2026-05-08;2026-06-02;ATIVADO
26487177;1;1;2026-03-25;2026-06-03;ATIVADO
26487408;1;1;2026-02-05;2026-05-26;ATIVADO
26487463;1;1;2026-02-04;2026-04-07;ATIVADO
26487504;1;1;2026-03-06;2026-06-02;ATIVADO
26487591;1;1;2026-02-23;2026-07-07;ATIVADO
26488277;1;1;2026-02-04;2026-05-21;ATIVADO
26489128;1;1;2026-02-23;2026-06-10;ATIVADO
26490362;1;1;2026-02-05;2026-02-03;ATIVADO
26490920;1;1;2026-02-05;2026-02-03;ATIVADO
26491050;1;1;2026-02-04;2026-06-03;ATIVADO
26491120;1;1;2026-02-05;2026-05-20;ATIVADO
26491412;1;1;2026-04-13;2026-06-25;ATIVADO
26491653;1;1;2026-02-10;2026-06-02;ATIVADO
26491654;1;1;2026-02-03;2026-06-05;ATIVADO
26492325;1;1;2026-03-04;2026-02-10;ATIVADO
26492357;1;1;2026-02-09;2026-07-08;ATIVADO
26492364;1;1;2026-02-07;2026-06-01;ATIVADO
26492503;1;1;2026-02-05;2026-04-23;ATIVADO
26492719;1;1;2026-02-06;2026-04-24;ATIVADO
26493056;1;1;2026-02-06;2026-05-15;ATIVADO
26493398;1;1;2026-03-04;2026-04-09;ATIVADO
26493535;1;1;2026-02-11;2026-03-17;ATIVADO
26493840;1;1;2026-02-10;2026-04-02;ATIVADO
26494068;1;1;2026-02-03;2026-03-11;ATIVADO
26494409;1;1;2026-02-04;2026-06-12;ATIVADO
26494869;1;1;2026-02-04;2026-07-08;ATIVADO
26495047;1;1;2026-05-17;2026-03-18;ATIVADO
26495296;1;1;2026-03-16;2026-06-08;ATIVADO
26496554;1;1;2026-02-13;2026-03-12;ATIVADO
26497497;1;1;2026-02-19;2026-05-18;ATIVADO
26497826;1;1;2026-02-05;2026-02-04;ATIVADO
26497954;1;1;2026-02-06;;ATIVADO
26497963;1;1;2026-02-04;2026-06-16;ATIVADO
26498046;1;1;2026-02-06;2026-05-20;ATIVADO
26498481;1;1;2026-02-04;2026-03-24;ATIVADO
26499105;1;1;2026-02-16;2026-07-14;ATIVADO
26499245;1;1;2026-02-09;2026-06-08;ATIVADO
26499453;1;1;2026-05-11;2026-06-03;ATIVADO
26500257;1;1;2026-02-05;2026-03-16;ATIVADO
26500283;1;1;2026-02-08;2026-06-10;ATIVADO
26500676;1;1;2026-05-02;2026-04-01;ATIVADO
26500788;1;1;2026-02-06;;ATIVADO
26501792;1;1;2026-02-28;2026-02-05;ATIVADO
26501845;1;1;2026-02-11;2026-03-24;ATIVADO
26501868;1;1;2026-02-17;2026-03-03;ATIVADO
26501967;1;1;2026-02-18;2026-06-03;ATIVADO
26502010;1;1;2026-02-07;2026-05-14;ATIVADO
26502325;1;1;2026-02-06;2026-05-25;ATIVADO
26502364;1;1;2026-04-07;2026-04-07;ATIVADO
26502476;1;1;2026-02-12;2026-06-03;ATIVADO
26502572;1;1;2026-02-05;2026-02-04;ATIVADO
26503188;1;1;2026-02-11;2026-06-22;ATIVADO
26504696;1;1;2026-02-05;2026-07-07;ATIVADO
26505043;1;1;2026-04-23;2026-07-13;ATIVADO
26505065;1;1;2026-02-09;2026-07-15;ATIVADO
26505235;1;1;2026-02-06;2026-07-21;ATIVADO
26505500;1;1;2026-04-03;2026-04-02;ATIVADO
26505502;1;1;2026-02-05;2026-04-06;ATIVADO
26505738;1;1;2026-02-06;2026-07-21;ATIVADO
26505928;1;1;2026-03-03;2026-06-08;ATIVADO
26506017;1;1;2026-02-09;2026-02-05;ATIVADO
26506054;1;1;2026-04-01;2026-05-20;ATIVADO
26506437;1;1;2026-02-22;2026-07-14;ATIVADO
26506438;1;1;2026-03-02;2026-03-02;ATIVADO
26506486;1;1;2026-02-13;2026-06-15;ATIVADO
26506582;1;1;2026-02-06;2026-06-11;ATIVADO
26506781;1;1;2026-06-01;2026-06-09;ATIVADO
26507093;1;1;2026-02-07;2026-03-23;ATIVADO
26507313;1;1;2026-02-10;2026-06-19;ATIVADO
26507357;1;1;2026-02-09;2026-06-18;ATIVADO
26507513;1;1;2026-03-12;2026-04-08;ATIVADO
26507743;1;1;2026-03-13;2026-06-09;ATIVADO
26508153;1;1;2026-03-09;2026-07-01;ATIVADO
26508184;1;1;2026-02-26;2026-06-17;ATIVADO
26508220;1;1;2026-02-09;2026-02-25;ATIVADO
26508271;1;1;2026-02-10;2026-02-05;ATIVADO
26508322;1;1;2026-02-27;2026-06-15;ATIVADO
26508798;1;1;2026-02-22;2026-07-16;ATIVADO
26509162;1;1;2026-02-11;2026-06-19;ATIVADO
26509323;1;1;2026-02-09;2026-05-15;ATIVADO
26509410;1;1;2026-02-07;2026-07-02;ATIVADO
26509762;1;1;2026-02-07;2026-07-21;ATIVADO
26511835;1;1;2026-02-09;2026-03-10;ATIVADO
26512332;1;1;2026-02-06;2026-05-20;ATIVADO
26512487;1;1;2026-02-16;2026-05-04;ATIVADO
26512643;1;1;2026-04-18;2026-04-17;ATIVADO
26512826;1;1;2026-04-17;2026-04-10;ATIVADO
26513347;1;1;2026-05-13;2026-06-11;ATIVADO
26513640;1;1;2026-02-12;2026-02-13;ATIVADO
26513704;1;1;2026-02-09;2026-06-23;ATIVADO
26513821;1;1;2026-05-15;2026-05-15;ATIVADO
26513841;1;1;2026-04-15;2026-05-07;ATIVADO
26514032;1;1;2026-02-09;2026-02-06;ATIVADO
26514082;1;1;2026-03-10;2026-07-13;ATIVADO
26514162;1;1;2026-02-19;2026-04-07;ATIVADO
26514647;1;1;2026-02-23;2026-06-17;ATIVADO
26514719;1;1;2026-04-10;2026-04-23;ATIVADO
26515216;1;1;2026-05-27;2026-05-27;ATIVADO
26515270;1;1;2026-02-13;2026-02-06;ATIVADO
26515346;1;1;2026-02-13;2026-06-08;ATIVADO
26515650;1;1;2026-03-16;2026-04-22;ATIVADO
26515689;1;1;2026-02-10;2026-06-24;ATIVADO
26515774;1;1;2026-02-09;2026-06-30;ATIVADO
26515963;1;1;2026-02-09;2026-06-08;ATIVADO
26515966;1;1;2026-05-24;2026-06-09;ATIVADO
26516023;1;1;2026-02-11;2026-06-17;ATIVADO
26516061;1;1;2026-02-12;2026-04-02;ATIVADO
26516426;1;1;2026-02-20;2026-06-16;ATIVADO
26516466;1;1;2026-04-07;2026-05-04;ATIVADO
26516607;1;1;2026-02-09;2026-03-13;ATIVADO
26516865;1;1;2026-04-22;2026-07-14;ATIVADO
26517044;1;1;2026-03-19;2026-04-28;ATIVADO
26517367;1;1;2026-02-06;2026-02-18;ATIVADO
26527585;1;1;2026-02-28;2026-02-09;ATIVADO
26527980;1;1;2026-02-17;2026-05-20;ATIVADO
26529205;1;1;2026-02-09;;ATIVADO
26529448;1;1;2026-02-09;2026-04-17;ATIVADO
26529520;1;1;2026-02-10;2026-05-27;ATIVADO
26529780;1;1;2026-02-11;2026-04-09;ATIVADO
26530177;1;1;2026-02-11;2026-06-08;ATIVADO
26530287;1;1;2026-02-16;2026-04-10;ATIVADO
26530442;1;1;2026-02-09;2026-02-13;ATIVADO
26530800;1;1;2026-02-09;2026-02-11;ATIVADO
26530988;1;1;2026-02-16;2026-02-12;ATIVADO
26531393;1;1;2026-02-09;2026-06-16;ATIVADO
26531502;1;1;2026-04-01;2026-03-19;ATIVADO
26531675;1;1;2026-02-12;2026-05-20;ATIVADO
26531873;1;1;2026-02-09;2026-02-09;ATIVADO
26532030;1;1;2026-02-09;2026-06-18;ATIVADO
26532583;1;1;2026-02-18;2026-07-14;ATIVADO
26532584;1;1;2026-02-11;2026-02-09;ATIVADO
26532630;1;1;2026-02-11;2026-04-16;ATIVADO
26532631;1;1;2026-03-22;2026-03-27;ATIVADO
26532632;1;1;2026-05-15;2026-06-15;ATIVADO
26533239;1;1;2026-03-09;2026-06-02;ATIVADO
26533315;1;1;2026-05-23;2026-07-02;ATIVADO
26533823;1;1;2026-02-12;2026-06-03;ATIVADO
26533858;1;1;2026-03-23;2026-06-05;ATIVADO
26533897;1;1;2026-02-09;2026-07-08;ATIVADO
26534127;1;1;2026-02-17;2026-06-08;ATIVADO
26534173;1;1;2026-02-10;2026-06-09;ATIVADO
26534208;1;1;2026-03-06;2026-06-17;ATIVADO
26534326;1;1;2026-03-12;2026-02-09;ATIVADO
26534370;1;1;2026-03-02;2026-04-08;ATIVADO
26534914;1;1;2026-03-26;2026-05-26;ATIVADO
26537636;1;1;2026-02-10;2026-06-05;ATIVADO
26537705;1;1;2026-02-24;2026-06-23;ATIVADO
26537754;1;1;2026-05-06;2026-04-22;ATIVADO
26537966;1;1;2026-02-23;2026-06-01;ATIVADO
26538029;1;1;2026-02-20;2026-06-08;ATIVADO
26538133;1;1;2026-03-14;2026-04-10;ATIVADO
26538945;1;1;2026-02-19;2026-02-11;ATIVADO
26539196;1;1;2026-02-20;2026-02-10;ATIVADO
26539274;1;1;2026-04-29;2026-06-11;ATIVADO
26539527;1;1;2026-02-11;2026-03-09;ATIVADO
26539594;1;1;2026-02-13;;ATIVADO
26540182;1;1;2026-02-12;2026-06-23;ATIVADO
26540382;1;1;2026-03-01;2026-06-22;ATIVADO
26540479;1;1;2026-02-19;2026-06-30;ATIVADO
26540579;1;1;2026-02-12;2026-05-05;ATIVADO
26540627;1;1;2026-02-27;2026-02-12;ATIVADO
26540916;1;1;2026-02-13;2026-03-16;ATIVADO
26541070;1;1;2026-03-09;2026-06-29;ATIVADO
26541071;1;1;2026-04-28;2026-06-11;ATIVADO
26541484;1;1;2026-02-11;2026-02-10;ATIVADO
26541837;1;1;2026-02-18;2026-06-02;ATIVADO
26542313;1;1;2026-03-04;2026-05-20;ATIVADO
26542612;1;1;2026-04-27;2026-03-17;ATIVADO
26543384;1;1;2026-02-12;2026-04-14;ATIVADO
26544474;1;1;2026-02-16;2026-04-13;ATIVADO
26544555;1;1;2026-02-21;2026-07-14;ATIVADO
26545249;1;1;2026-02-12;2026-07-16;ATIVADO
26545333;1;1;2026-02-11;2026-07-13;ATIVADO
26545709;1;1;2026-02-12;2026-07-14;ATIVADO
26546125;1;1;2026-02-15;2026-06-16;ATIVADO
26546325;1;1;2026-02-19;2026-04-06;ATIVADO
26546828;1;1;2026-02-12;2026-05-13;ATIVADO
26546908;1;1;2026-02-13;2026-06-17;ATIVADO
26546909;1;1;2026-02-18;;ATIVADO
26547284;1;1;2026-02-12;2026-06-01;ATIVADO
26547533;1;1;2026-02-17;2026-03-03;ATIVADO
26547997;1;1;2026-02-20;2026-06-15;ATIVADO
26548247;1;1;2026-03-04;2026-03-17;ATIVADO
26548474;1;1;2026-04-06;2026-05-27;ATIVADO
26548510;1;1;2026-02-12;2026-06-29;ATIVADO
26549279;1;1;2026-03-09;2026-05-27;ATIVADO
26549346;1;1;2026-03-17;2026-03-13;ATIVADO
26549611;1;1;2026-06-15;2026-07-13;ATIVADO
26549939;1;1;2026-04-17;2026-07-08;ATIVADO
26550543;1;1;2026-02-25;2026-06-15;ATIVADO
26551635;1;1;2026-02-12;2026-03-02;ATIVADO
26551639;1;1;2026-02-20;2026-05-15;ATIVADO
26551817;1;1;2026-04-04;2026-06-16;ATIVADO
26551872;1;1;2026-02-13;2026-02-12;ATIVADO
26551952;1;1;2026-02-12;2026-07-01;ATIVADO
26552008;1;1;2026-02-21;2026-05-20;ATIVADO
26552206;1;1;2026-02-23;2026-02-12;ATIVADO
26552256;1;1;2026-04-08;2026-02-12;ATIVADO
26552356;1;1;2026-02-16;2026-02-13;ATIVADO
26552658;1;1;2026-02-16;2026-07-03;ATIVADO
26552743;1;1;2026-02-16;2026-03-25;ATIVADO
26552791;1;1;2026-04-13;2026-06-22;ATIVADO
26552812;1;1;2026-03-13;2026-04-10;ATIVADO
26552902;1;1;2026-04-08;2026-07-13;ATIVADO
26553003;1;1;2026-02-23;2026-04-13;ATIVADO
26553142;1;1;2026-02-23;2026-04-24;ATIVADO
26553160;1;1;2026-03-30;2026-07-06;ATIVADO
26553490;1;1;2026-02-12;2026-02-13;ATIVADO
26553698;1;1;2026-02-28;2026-02-25;ATIVADO
26554036;1;1;2026-02-25;2026-06-18;ATIVADO
26554607;1;1;2026-03-02;2026-03-17;ATIVADO
26554873;1;1;2026-02-14;2026-04-28;ATIVADO
26555036;1;1;2026-02-24;2026-05-07;ATIVADO
26555397;1;1;2026-03-13;2026-07-09;ATIVADO
26555705;1;1;2026-02-23;2026-07-08;ATIVADO
26555778;1;1;2026-02-14;2026-06-05;ATIVADO
26556103;1;1;2026-02-20;2026-07-03;ATIVADO
26556174;1;1;2026-02-13;2026-07-14;ATIVADO
26556425;1;1;2026-02-25;2026-07-06;ATIVADO
26557293;1;1;2026-03-14;2026-06-22;ATIVADO
26559175;1;1;2026-02-17;2026-07-06;ATIVADO
26559185;1;1;2026-02-26;2026-05-12;ATIVADO
26559462;1;1;2026-02-13;2026-03-04;ATIVADO
26559851;1;1;2026-02-20;2026-02-13;ATIVADO
26560119;1;1;2026-02-18;2026-07-16;ATIVADO
26560640;1;1;2026-04-13;2026-07-07;ATIVADO
26560688;1;1;2026-03-02;2026-04-20;ATIVADO
26561046;1;1;2026-04-17;2026-05-20;ATIVADO
26561093;1;1;2026-02-23;2026-06-11;ATIVADO
26561387;1;1;2026-02-14;2026-05-11;ATIVADO
26561701;1;1;2026-03-09;2026-05-26;ATIVADO
26562355;1;1;2026-05-12;2026-06-26;ATIVADO
26563397;1;1;2026-02-20;;ATIVADO
26563616;1;1;2026-03-18;2026-07-06;ATIVADO
26563703;1;1;2026-02-13;2026-04-10;ATIVADO
26565341;1;1;2026-05-04;2026-06-15;ATIVADO
26573843;1;1;2026-03-07;2026-04-06;ATIVADO
26574581;1;1;2026-04-23;2026-05-26;ATIVADO
26577144;1;1;2026-02-22;2026-06-17;ATIVADO
26577772;1;1;2026-05-23;2026-03-02;ATIVADO
26578586;1;1;2026-02-19;2026-05-06;ATIVADO
26579230;1;1;2026-02-20;2026-07-21;ATIVADO
26580743;1;1;2026-03-13;2026-02-19;ATIVADO
26583290;1;1;2026-02-19;2026-03-26;ATIVADO
26586090;1;1;2026-02-18;2026-05-19;ATIVADO
26586917;1;1;2026-06-05;2026-06-05;ATIVADO
26587634;1;1;2026-02-23;2026-04-28;ATIVADO
26587902;1;1;2026-02-21;2026-07-07;ATIVADO
26588247;1;1;2026-02-21;2026-07-02;ATIVADO
2658842;1;1;2026-06-18;2026-07-17;REATIVADO
26588638;1;1;2026-02-27;2026-04-17;ATIVADO
26588870;1;1;2026-03-20;2026-03-20;ATIVADO
26589207;1;1;2026-02-23;2026-06-10;ATIVADO
26589294;1;1;2026-02-19;2026-06-17;ATIVADO
26589406;1;1;2026-02-21;2026-07-20;ATIVADO
26589905;1;1;2026-02-19;;ATIVADO
26589942;1;1;2026-03-02;2026-05-08;ATIVADO
26590264;1;1;2026-03-01;2026-02-19;ATIVADO
26590389;1;1;2026-02-23;2026-05-12;ATIVADO
26590611;1;1;2026-02-24;2026-06-09;ATIVADO
26591322;1;1;2026-03-11;2026-04-01;ATIVADO
26591367;1;1;2026-02-20;2026-06-02;ATIVADO
26591554;1;1;2026-03-31;2026-06-24;ATIVADO
26592095;1;1;2026-02-20;2026-04-22;ATIVADO
26593692;1;1;2026-03-10;2026-03-10;ATIVADO
26595172;1;1;2026-02-23;2026-04-17;ATIVADO
26595294;1;1;2026-02-24;2026-07-06;ATIVADO
26595514;1;1;2026-03-01;2026-02-19;ATIVADO
26595638;1;1;2026-02-20;2026-04-09;ATIVADO
26595761;1;1;2026-03-10;2026-06-10;ATIVADO
26595975;1;1;2026-03-02;2026-04-07;ATIVADO
26596482;1;1;2026-02-20;2026-03-10;ATIVADO
26596806;1;1;2026-02-23;2026-06-15;ATIVADO
26596890;1;1;2026-03-02;2026-03-02;ATIVADO
26597335;1;1;2026-02-23;2026-07-16;ATIVADO
26597372;1;1;2026-02-20;2026-03-30;ATIVADO
26597520;1;1;2026-02-21;2026-04-14;ATIVADO
26598153;1;1;2026-03-10;2026-06-05;ATIVADO
26598289;1;1;2026-04-23;2026-06-01;ATIVADO
26598614;1;1;2026-03-09;2026-07-16;ATIVADO
26599110;1;1;2026-02-19;2026-07-02;ATIVADO
26599227;1;1;2026-03-04;2026-07-20;ATIVADO
26599295;1;1;2026-02-23;2026-03-16;ATIVADO
26599456;1;1;2026-02-20;2026-04-06;ATIVADO
26599486;1;1;2026-02-26;2026-05-26;ATIVADO
26599511;1;1;2026-05-19;2026-06-22;ATIVADO
26599842;1;1;2026-04-30;2026-05-07;ATIVADO
26601872;1;1;2026-02-20;2026-04-10;ATIVADO
26601904;1;1;2026-02-24;2026-04-22;ATIVADO
26601976;1;1;2026-02-20;2026-05-25;ATIVADO
26602370;1;1;2026-02-20;2026-05-15;ATIVADO
26602416;1;1;2026-06-13;;ATIVADO
26602456;1;1;2026-02-21;2026-03-31;ATIVADO
26602457;1;1;2026-03-02;2026-02-20;ATIVADO
26602474;1;1;2026-02-21;2026-06-09;ATIVADO
26602539;1;1;2026-05-05;2026-07-03;ATIVADO
26602602;1;1;2026-04-11;2026-04-16;ATIVADO
26602898;1;1;2026-05-28;2026-07-21;ATIVADO
26602949;1;1;2026-02-27;2026-06-09;ATIVADO
26602977;1;1;2026-03-12;2026-06-17;ATIVADO
26603538;1;1;2026-02-27;2026-04-13;ATIVADO
26604251;1;1;2026-02-22;2026-04-09;ATIVADO
26604272;1;1;2026-03-10;;ATIVADO
26604449;1;1;2026-02-23;2026-06-11;ATIVADO
26604565;1;1;2026-03-30;2026-05-27;ATIVADO
26604612;1;1;2026-02-21;2026-04-16;ATIVADO
26604779;1;1;2026-02-20;2026-05-06;ATIVADO
26605003;1;1;2026-02-25;2026-05-15;ATIVADO
26605819;1;1;2026-03-24;2026-06-19;ATIVADO
26606182;1;1;2026-02-23;2026-04-01;ATIVADO
26606269;1;1;2026-02-24;2026-05-25;ATIVADO
26606641;1;1;2026-02-25;2026-05-26;ATIVADO
26606704;1;1;2026-03-05;2026-06-24;ATIVADO
26606768;1;1;2026-02-23;2026-06-26;ATIVADO
26606769;1;1;2026-03-16;;ATIVADO
26611702;1;1;2026-03-24;2026-05-22;ATIVADO
26612241;1;1;2026-02-27;2026-02-27;ATIVADO
26613478;1;1;2026-05-02;2026-05-14;ATIVADO
26618386;1;1;2026-03-13;2026-05-15;ATIVADO
26618511;1;1;2026-02-23;2026-06-25;ATIVADO
26618708;1;1;2026-03-02;2026-03-12;ATIVADO
26618835;1;1;2026-03-02;;ATIVADO
26619152;1;1;2026-02-25;2026-06-24;ATIVADO
26619156;1;1;2026-02-23;2026-06-22;ATIVADO
26619286;1;1;2026-02-25;2026-03-12;ATIVADO
26619288;1;1;2026-03-14;;ATIVADO
26619471;1;1;2026-02-25;2026-06-10;ATIVADO
26619677;1;1;2026-03-03;2026-02-23;ATIVADO
26619685;1;1;2026-03-03;2026-05-12;ATIVADO
26620076;1;1;2026-03-02;2026-04-29;ATIVADO
26620077;1;1;2026-02-23;2026-06-05;ATIVADO
26620128;1;1;2026-05-05;2026-03-19;ATIVADO
26620379;1;1;2026-05-11;;ATIVADO
26620480;1;1;2026-03-30;2026-06-23;ATIVADO
26620532;1;1;2026-03-02;2026-06-19;ATIVADO
26620628;1;1;2026-02-23;2026-05-29;ATIVADO
26620829;1;1;2026-03-01;2026-07-01;ATIVADO
26621163;1;1;2026-04-15;2026-06-15;ATIVADO
26621252;1;1;2026-03-02;2026-06-23;ATIVADO
26621503;1;1;2026-03-16;2026-06-11;ATIVADO
26621866;1;1;2026-02-27;2026-02-27;ATIVADO
26622047;1;1;2026-02-25;2026-06-11;ATIVADO
26622456;1;1;2026-03-25;2026-06-24;ATIVADO
26622649;1;1;2026-04-27;2026-06-03;ATIVADO
26622685;1;1;2026-02-25;2026-06-23;ATIVADO
26622699;1;1;2026-04-11;2026-07-02;ATIVADO
26623135;1;1;2026-03-12;2026-06-10;ATIVADO
26623474;1;1;2026-02-28;2026-06-25;ATIVADO
26623508;1;1;2026-02-25;2026-03-09;ATIVADO
26623982;1;1;2026-03-02;2026-04-02;ATIVADO
26624046;1;1;2026-02-24;2026-07-15;ATIVADO
26624047;1;1;2026-02-24;2026-07-13;ATIVADO
26624085;1;1;2026-03-04;2026-07-14;ATIVADO
26624301;1;1;2026-03-14;2026-07-20;ATIVADO
26624635;1;1;2026-03-02;2026-07-20;ATIVADO
26626222;1;1;2026-02-25;2026-05-28;ATIVADO
26626448;1;1;2026-02-25;2026-07-13;ATIVADO
26626539;1;1;2026-02-25;2026-04-07;ATIVADO
26626573;1;1;2026-02-26;2026-06-25;ATIVADO
26626667;1;1;2026-02-24;2026-02-24;ATIVADO
26626726;1;1;2026-02-26;2026-04-13;ATIVADO
26626743;1;1;2026-03-07;2026-04-02;ATIVADO
26627504;1;1;2026-02-24;2026-06-23;ATIVADO
26627505;1;1;2026-02-26;2026-02-25;ATIVADO
26627684;1;1;2026-02-25;2026-07-16;ATIVADO
26627792;1;1;2026-02-27;;ATIVADO
26627959;1;1;2026-02-24;2026-03-10;ATIVADO
26628361;1;1;2026-03-03;2026-04-29;ATIVADO
26628601;1;1;2026-02-25;;ATIVADO
26628661;1;1;2026-02-27;2026-06-15;ATIVADO
26628662;1;1;2026-02-24;2026-05-20;ATIVADO
26628762;1;1;2026-03-03;2026-06-19;ATIVADO
26628874;1;1;2026-02-24;2026-03-10;ATIVADO
26628956;1;1;2026-02-24;2026-03-16;ATIVADO
26628995;1;1;2026-02-25;2026-05-29;ATIVADO
26628996;1;1;2026-03-03;2026-03-02;ATIVADO
26629038;1;1;2026-02-26;2026-04-08;ATIVADO
26629826;1;1;2026-02-26;2026-03-13;ATIVADO
26629873;1;1;2026-05-19;2026-05-19;ATIVADO
26630046;1;1;2026-02-26;2026-06-23;ATIVADO
26630152;1;1;2026-05-15;2026-07-08;ATIVADO
26630232;1;1;2026-03-30;2026-06-25;ATIVADO
26630234;1;1;2026-04-01;2026-05-29;ATIVADO
26630274;1;1;2026-03-07;2026-07-21;ATIVADO
26630515;1;1;2026-02-27;2026-04-13;ATIVADO
26630516;1;1;2026-03-02;2026-06-18;ATIVADO
26630572;1;1;2026-03-03;2026-03-31;ATIVADO
26630787;1;1;2026-04-01;2026-06-25;ATIVADO
26630861;1;1;2026-02-25;2026-06-24;ATIVADO
26631217;1;1;2026-02-25;2026-06-19;ATIVADO
26631256;1;1;2026-03-04;2026-06-24;ATIVADO
26631257;1;1;2026-03-02;2026-06-22;ATIVADO
26632054;1;1;2026-02-25;2026-07-21;ATIVADO
26632351;1;1;2026-02-27;2026-04-01;ATIVADO
26632551;1;1;2026-03-10;2026-06-11;ATIVADO
26632855;1;1;2026-05-08;2026-02-27;ATIVADO
26632898;1;1;2026-03-11;2026-06-03;ATIVADO
26633423;1;1;2026-02-25;;ATIVADO
26633546;1;1;2026-04-05;2026-07-17;ATIVADO
26633586;1;1;2026-03-02;2026-02-25;ATIVADO
26633781;1;1;2026-03-03;2026-02-25;ATIVADO
26633888;1;1;2026-03-03;2026-03-04;ATIVADO
26634092;1;1;2026-03-05;2026-04-10;ATIVADO
26634195;1;1;2026-02-25;2026-06-05;ATIVADO
26634294;1;1;2026-03-02;2026-03-02;ATIVADO
26634332;1;1;2026-04-10;2026-07-17;ATIVADO
26634352;1;1;2026-03-04;2026-05-06;ATIVADO
26634551;1;1;2026-03-11;2026-06-03;ATIVADO
26634554;1;1;2026-03-03;2026-06-19;ATIVADO
26634601;1;1;2026-03-02;2026-03-02;ATIVADO
26634917;1;1;2026-02-27;2026-02-27;ATIVADO
26634970;1;1;2026-03-19;2026-04-23;ATIVADO
26635044;1;1;2026-03-06;2026-07-17;ATIVADO
26635528;1;1;2026-03-05;2026-03-11;ATIVADO
26635591;1;1;2026-03-05;2026-03-03;ATIVADO
26635628;1;1;2026-03-01;2026-06-15;ATIVADO
26635638;1;1;2026-03-05;2026-04-01;ATIVADO
26635722;1;1;2026-04-25;2026-02-25;ATIVADO
26635994;1;1;2026-05-30;2026-06-12;ATIVADO
26636291;1;1;2026-03-03;2026-07-20;ATIVADO
26636514;1;1;2026-03-30;2026-07-14;ATIVADO
26636662;1;1;2026-02-28;2026-03-03;ATIVADO
26636699;1;1;2026-03-16;;ATIVADO
26636747;1;1;2026-03-06;2026-05-14;ATIVADO
26636748;1;1;2026-03-01;2026-06-18;ATIVADO
26636854;1;1;2026-03-22;2026-04-28;ATIVADO
2663698;1;1;2026-02-02;2026-06-24;REATIVADO
26637052;1;1;2026-03-04;2026-03-09;ATIVADO
26637092;1;1;2026-02-27;2026-04-08;ATIVADO
26637202;1;1;2026-03-03;2026-06-02;ATIVADO
26637234;1;1;2026-03-22;2026-06-02;ATIVADO
26637413;1;1;2026-04-13;2026-07-21;ATIVADO
26637562;1;1;2026-03-16;2026-03-16;ATIVADO
26637564;1;1;2026-02-27;2026-06-17;ATIVADO
26637603;1;1;2026-03-02;;ATIVADO
26637643;1;1;2026-04-07;2026-03-12;ATIVADO
26637644;1;1;2026-03-09;2026-04-07;ATIVADO
26637931;1;1;2026-06-22;2026-04-07;ATIVADO
26637957;1;1;2026-03-02;2026-07-06;ATIVADO
26638782;1;1;2026-03-17;2026-07-15;ATIVADO
26638850;1;1;2026-03-03;2026-07-10;ATIVADO
26638926;1;1;2026-03-19;2026-02-27;ATIVADO
26639112;1;1;2026-03-06;2026-07-20;ATIVADO
26640520;1;1;2026-03-06;2026-06-24;ATIVADO
26640764;1;1;2026-03-03;2026-03-20;ATIVADO
26640770;1;1;2026-03-02;2026-05-27;ATIVADO
26640771;1;1;2026-03-04;2026-06-26;ATIVADO
26640822;1;1;2026-03-15;2026-07-15;ATIVADO
26640994;1;1;2026-03-02;2026-03-02;ATIVADO
26641038;1;1;2026-02-27;2026-06-17;ATIVADO
2664139;1;1;2026-05-28;2025-09-16;REATIVADO
26641584;1;1;2026-03-30;2026-03-30;ATIVADO
26641698;1;1;2026-03-03;2026-05-04;ATIVADO
26641823;1;1;2026-06-01;2026-07-16;ATIVADO
26641859;1;1;2026-03-04;2026-06-25;ATIVADO
26642043;1;1;2026-03-04;2026-06-30;ATIVADO
26643460;1;1;2026-02-27;2026-02-27;ATIVADO
26643546;1;1;2026-04-06;2026-04-06;ATIVADO
26643587;1;1;2026-04-25;2026-03-26;ATIVADO
26643716;1;1;2026-02-27;2026-07-08;ATIVADO
26644024;1;1;2026-03-25;2026-03-25;ATIVADO
26644221;1;1;2026-03-02;2026-07-21;ATIVADO
26645959;1;1;2026-02-27;2026-06-30;ATIVADO
26646150;1;1;2026-03-03;2026-07-21;ATIVADO
26646284;1;1;2026-02-27;;ATIVADO
26646351;1;1;2026-02-28;2026-07-14;ATIVADO
26646505;1;1;2026-03-06;2026-06-18;ATIVADO
26646538;1;1;2026-03-03;2026-07-07;ATIVADO
26646725;1;1;2026-03-03;2026-06-26;ATIVADO
26647015;1;1;2026-03-05;2026-04-17;ATIVADO
26647165;1;1;2026-03-03;2026-04-23;ATIVADO
26647497;1;1;2026-03-04;2026-05-12;ATIVADO
26647627;1;1;2026-02-27;2026-06-29;ATIVADO
26647700;1;1;2026-03-02;;ATIVADO
26647702;1;1;2026-03-03;2026-03-03;ATIVADO
26647899;1;1;2026-03-03;2026-07-02;ATIVADO
26648213;1;1;2026-02-27;2026-02-27;ATIVADO
26648311;1;1;2026-03-11;2026-06-09;ATIVADO
26648594;1;1;2026-03-18;2026-07-21;ATIVADO
26648790;1;1;2026-03-18;2026-07-16;ATIVADO
26649044;1;1;2026-03-10;2026-05-14;ATIVADO
26649326;1;1;2026-02-27;2026-04-14;ATIVADO
26649502;1;1;2026-03-03;2026-03-09;ATIVADO
26649989;1;1;2026-02-27;2026-03-03;ATIVADO
26650097;1;1;2026-05-11;2026-04-15;ATIVADO
26650181;1;1;2026-03-02;2026-06-01;ATIVADO
26650791;1;1;2026-04-20;2026-07-10;ATIVADO
26651587;1;1;2026-03-14;2026-06-24;ATIVADO
26662333;1;1;2026-03-31;2026-07-02;ATIVADO
26662469;1;1;2026-03-13;2026-05-18;ATIVADO
26662635;1;1;2026-03-02;2026-03-24;ATIVADO
26662902;1;1;2026-03-05;2026-07-10;ATIVADO
26663013;1;1;2026-03-03;2026-03-03;ATIVADO
26663066;1;1;2026-03-03;2026-06-08;ATIVADO
26663236;1;1;2026-03-03;2026-06-23;ATIVADO
26663247;1;1;2026-03-04;;ATIVADO
26663387;1;1;2026-03-11;2026-05-14;ATIVADO
26663713;1;1;2026-03-28;2026-07-15;ATIVADO
26663908;1;1;2026-03-04;;ATIVADO
26664068;1;1;2026-03-13;2026-05-27;ATIVADO
26664228;1;1;2026-03-02;2026-07-15;ATIVADO
26664231;1;1;2026-03-02;2026-03-03;ATIVADO
26664291;1;1;2026-03-02;2026-03-02;ATIVADO
26664344;1;1;2026-03-03;2026-05-12;ATIVADO
26664449;1;1;2026-03-02;2026-04-23;ATIVADO
26664513;1;1;2026-03-09;2026-03-09;ATIVADO
26664567;1;1;2026-03-03;2026-06-26;ATIVADO
26664883;1;1;2026-03-04;2026-07-07;ATIVADO
26665118;1;1;2026-03-03;2026-03-03;ATIVADO
26665224;1;1;2026-03-04;2026-04-13;ATIVADO
26665402;1;1;2026-03-05;2026-06-22;ATIVADO
26665483;1;1;2026-03-05;2026-06-23;ATIVADO
26665667;1;1;2026-03-03;2026-05-29;ATIVADO
26666165;1;1;2026-03-06;2026-05-25;ATIVADO
26666440;1;1;2026-04-30;2026-07-17;ATIVADO
26666539;1;1;2026-03-25;2026-03-02;ATIVADO
26666760;1;1;2026-03-13;;ATIVADO
26666952;1;1;2026-03-07;2026-03-02;ATIVADO
26666998;1;1;2026-03-12;2026-06-11;ATIVADO
26667187;1;1;2026-03-04;2026-05-12;ATIVADO
26667370;1;1;2026-04-02;2026-07-01;ATIVADO
26667411;1;1;2026-05-24;2026-07-14;ATIVADO
26667742;1;1;2026-03-04;2026-07-16;ATIVADO
26667777;1;1;2026-04-05;2026-03-17;ATIVADO
26667872;1;1;2026-03-03;2026-06-25;ATIVADO
26667909;1;1;2026-03-20;2026-03-20;ATIVADO
26667984;1;1;2026-03-06;2026-03-03;ATIVADO
26668124;1;1;2026-03-11;2026-03-04;ATIVADO
26668464;1;1;2026-03-03;2026-04-13;ATIVADO
26670369;1;1;2026-03-13;2026-04-22;ATIVADO
26670370;1;1;2026-03-07;2026-03-09;ATIVADO
26670679;1;1;2026-03-05;2026-07-02;ATIVADO
26670791;1;1;2026-05-27;2026-03-09;ATIVADO
26670792;1;1;2026-03-09;2026-07-10;ATIVADO
26670924;1;1;2026-03-16;2026-06-24;ATIVADO
26671107;1;1;2026-03-07;2026-03-03;ATIVADO
26671220;1;1;2026-03-09;;ATIVADO
26671433;1;1;2026-03-05;2026-03-03;ATIVADO
26671477;1;1;2026-03-09;2026-07-03;ATIVADO
26671479;1;1;2026-03-14;2026-07-17;ATIVADO
26671516;1;1;2026-04-06;2026-04-10;ATIVADO
26671767;1;1;2026-03-06;2026-04-24;ATIVADO
26671961;1;1;2026-03-05;2026-04-22;ATIVADO
26672653;1;1;2026-03-11;2026-03-27;ATIVADO
26672732;1;1;2026-03-09;2026-06-10;ATIVADO
26672849;1;1;2026-03-04;;ATIVADO
26673065;1;1;2026-03-09;2026-07-09;ATIVADO
26673102;1;1;2026-03-20;2026-06-30;ATIVADO
26673147;1;1;2026-03-20;2026-03-18;ATIVADO
26673224;1;1;2026-03-05;2026-07-21;ATIVADO
26673302;1;1;2026-03-04;2026-05-22;ATIVADO
26673388;1;1;2026-03-04;2026-04-01;ATIVADO
26673391;1;1;2026-03-23;2026-07-02;ATIVADO
26673796;1;1;2026-03-10;2026-07-15;ATIVADO
26673828;1;1;2026-06-25;2026-07-20;ATIVADO
26673829;1;1;2026-03-09;2026-07-21;ATIVADO
26673899;1;1;2026-03-07;2026-03-03;ATIVADO
26673944;1;1;2026-03-17;2026-03-25;ATIVADO
26674450;1;1;2026-03-11;2026-07-09;ATIVADO
26674686;1;1;2026-03-03;2026-07-01;ATIVADO
26674781;1;1;2026-03-13;2026-07-15;ATIVADO
26674888;1;1;2026-03-10;2026-05-26;ATIVADO
26675339;1;1;2026-03-20;2026-04-06;ATIVADO
26675458;1;1;2026-04-04;2026-04-30;ATIVADO
26677184;1;1;2026-03-06;2026-05-08;ATIVADO
26677588;1;1;2026-03-06;2026-07-21;ATIVADO
26677673;1;1;2026-03-04;2026-07-02;ATIVADO
26677879;1;1;2026-03-05;2026-06-22;ATIVADO
26678019;1;1;2026-03-06;2026-03-09;ATIVADO
26678181;1;1;2026-03-07;2026-06-10;ATIVADO
26678235;1;1;2026-03-06;2026-06-25;ATIVADO
26678514;1;1;2026-04-01;2026-05-26;ATIVADO
26678546;1;1;2026-03-16;2026-03-24;ATIVADO
26678557;1;1;2026-03-30;2026-05-18;ATIVADO
26678869;1;1;2026-05-14;2026-04-27;ATIVADO
26678905;1;1;2026-03-09;2026-04-28;ATIVADO
26678906;1;1;2026-03-22;2026-03-04;ATIVADO
26678982;1;1;2026-05-26;2026-03-10;ATIVADO
26679058;1;1;2026-04-09;2026-04-20;ATIVADO
26679821;1;1;2026-03-09;2026-03-04;ATIVADO
26679896;1;1;2026-06-21;2026-03-10;ATIVADO
26679899;1;1;2026-04-01;2026-05-15;ATIVADO
26680221;1;1;2026-03-05;2026-04-22;ATIVADO
26680257;1;1;2026-03-04;2026-03-04;ATIVADO
26680469;1;1;2026-03-05;2026-04-30;ATIVADO
26681022;1;1;2026-05-05;2026-05-20;ATIVADO
26681023;1;1;2026-03-05;2026-04-09;ATIVADO
26681097;1;1;2026-03-05;2026-06-22;ATIVADO
26681098;1;1;2026-04-05;2026-04-28;ATIVADO
26681238;1;1;2026-03-18;2026-04-09;ATIVADO
26681306;1;1;2026-06-20;2026-06-09;ATIVADO
26681337;1;1;2026-03-11;2026-04-22;ATIVADO
26682460;1;1;2026-03-09;2026-05-12;ATIVADO
26682524;1;1;2026-03-05;2026-05-28;ATIVADO
26683696;1;1;2026-03-12;2026-05-07;ATIVADO
26683881;1;1;2026-03-25;2026-07-07;ATIVADO
26683969;1;1;2026-03-06;2026-06-03;ATIVADO
26684050;1;1;2026-03-10;2026-04-13;ATIVADO
26684225;1;1;2026-03-07;2026-07-07;ATIVADO
26684228;1;1;2026-03-10;2026-07-13;ATIVADO
26684393;1;1;2026-03-11;2026-03-10;ATIVADO
26684612;1;1;2026-04-15;2026-03-18;ATIVADO
26684693;1;1;2026-03-06;;ATIVADO
26684716;1;1;2026-05-08;2026-06-15;ATIVADO
26684774;1;1;2026-03-09;2026-03-05;ATIVADO
26684817;1;1;2026-03-16;2026-07-07;ATIVADO
26684980;1;1;2026-03-07;2026-06-30;ATIVADO
26684982;1;1;2026-04-14;2026-05-11;ATIVADO
26685032;1;1;2026-04-01;2026-06-15;ATIVADO
26685089;1;1;2026-03-12;2026-07-08;ATIVADO
26685171;2;1;2026-03-27;2026-03-05;ATIVADO
26685380;1;1;2026-03-09;2026-07-16;ATIVADO
26686128;1;1;2026-03-16;2026-06-22;ATIVADO
26686270;1;1;2026-03-10;2026-06-24;ATIVADO
26686338;1;1;2026-03-08;2026-07-14;ATIVADO
26686475;1;1;2026-03-09;2026-04-24;ATIVADO
26686845;1;1;2026-03-10;;ATIVADO
26687081;1;1;2026-06-17;2026-06-16;ATIVADO
26687357;1;1;2026-03-10;2026-07-07;ATIVADO
26687614;1;1;2026-05-07;2026-07-21;ATIVADO
26687648;1;1;2026-03-06;2026-04-20;ATIVADO
26687723;1;1;2026-04-06;2026-05-05;ATIVADO
26687958;1;1;2026-05-06;2026-06-22;ATIVADO
26688256;1;1;2026-03-09;2026-05-21;ATIVADO
26689877;1;1;2026-03-13;2026-04-16;ATIVADO
26689967;1;1;2026-03-10;2026-04-20;ATIVADO
26690131;1;1;2026-03-06;2026-05-14;ATIVADO
26690337;1;1;2026-03-10;2026-04-14;ATIVADO
26690338;1;1;2026-03-13;2026-03-17;ATIVADO
26690692;1;1;2026-03-17;2026-04-28;ATIVADO
26690823;1;1;2026-03-12;2026-03-10;ATIVADO
26691227;1;1;2026-03-11;2026-07-08;ATIVADO
26691286;1;1;2026-03-11;2026-03-11;ATIVADO
26691331;1;1;2026-03-06;2026-06-12;ATIVADO
26691474;1;1;2026-03-13;2026-05-07;ATIVADO
26691618;1;1;2026-03-11;2026-04-02;ATIVADO
26691662;1;1;2026-03-07;2026-03-10;ATIVADO
26691785;1;1;2026-03-06;2026-06-24;ATIVADO
26691824;1;1;2026-03-13;2026-03-09;ATIVADO
26691942;1;1;2026-03-10;2026-04-24;ATIVADO
26692043;1;1;2026-03-12;2026-03-16;ATIVADO
26692424;1;1;2026-03-08;2026-07-20;ATIVADO
26692620;1;1;2026-03-12;2026-04-07;ATIVADO
26693119;1;1;2026-03-17;2026-03-18;ATIVADO
26693488;1;1;2026-03-10;2026-03-11;ATIVADO
26693805;1;1;2026-03-10;2026-04-01;ATIVADO
26693842;1;1;2026-04-13;2026-05-13;ATIVADO
26693992;1;1;2026-03-21;2026-04-30;ATIVADO
26694214;1;1;2026-03-10;2026-05-18;ATIVADO
26694571;1;1;2026-04-01;2026-07-01;ATIVADO
26701499;1;1;2026-03-25;2026-06-30;ATIVADO
26703790;1;1;2026-03-09;2026-04-02;ATIVADO
26705884;1;1;2026-03-09;2026-06-22;ATIVADO
26705933;1;1;2026-03-16;2026-03-11;ATIVADO
26706212;1;1;2026-06-04;2026-03-10;ATIVADO
26706262;1;1;2026-03-09;2026-06-22;ATIVADO
26706515;1;1;2026-03-09;2026-07-21;ATIVADO
26706575;1;1;2026-03-17;2026-03-09;ATIVADO
26706627;1;1;2026-03-10;2026-03-27;ATIVADO
26706742;1;1;2026-03-09;2026-03-09;ATIVADO
26707084;1;1;2026-03-10;2026-05-26;ATIVADO
26707136;1;1;2026-05-12;2026-07-21;ATIVADO
26707239;1;1;2026-03-10;2026-06-17;ATIVADO
26707559;1;1;2026-03-10;2026-06-11;ATIVADO
26707654;1;1;2026-03-09;2026-05-19;ATIVADO
26708250;1;1;2026-03-10;2026-07-14;ATIVADO
26708596;1;1;2026-03-10;2026-07-02;ATIVADO
26708858;1;1;2026-05-04;2026-05-20;ATIVADO
26708860;1;1;2026-03-10;2026-03-10;ATIVADO
26708861;2;1;2026-03-12;2026-04-14;ATIVADO
26709035;1;1;2026-03-13;2026-04-01;ATIVADO
26709107;1;1;2026-03-16;2026-03-11;ATIVADO
26709287;1;1;2026-03-09;2026-03-13;ATIVADO
26709493;1;1;2026-03-12;2026-07-08;ATIVADO
26709942;1;1;2026-04-25;2026-04-14;ATIVADO
26709943;1;1;2026-03-12;2026-07-06;ATIVADO
26710123;1;1;2026-04-13;2026-05-13;ATIVADO
26710305;1;1;2026-03-10;2026-07-20;ATIVADO
26710348;1;1;2026-03-16;2026-04-28;ATIVADO
26710493;1;1;2026-03-24;2026-04-09;ATIVADO
26711054;1;1;2026-06-09;2026-03-11;ATIVADO
26711376;1;1;2026-03-15;2026-04-06;ATIVADO
26713224;1;1;2026-03-17;2026-06-16;ATIVADO
26713311;1;1;2026-03-30;2026-03-27;ATIVADO
26713473;1;1;2026-04-03;2026-05-19;ATIVADO
26713523;1;1;2026-03-10;2026-03-26;ATIVADO
26713572;1;1;2026-03-13;2026-05-22;ATIVADO
26713731;1;1;2026-03-12;2026-03-12;ATIVADO
26713967;1;1;2026-03-11;2026-06-12;ATIVADO
26714053;1;1;2026-03-13;2026-04-08;ATIVADO
26714114;1;1;2026-03-14;2026-03-12;ATIVADO
26714144;1;1;2026-04-14;2026-04-13;ATIVADO
26714199;1;1;2026-03-28;2026-07-07;ATIVADO
26714292;1;1;2026-03-13;2026-05-29;ATIVADO
26714296;1;1;2026-03-15;2026-07-21;ATIVADO
26714337;1;1;2026-05-31;2026-03-13;ATIVADO
26714466;1;1;2026-04-03;2026-07-16;ATIVADO
26714487;1;1;2026-03-10;2026-04-15;ATIVADO
26714602;1;1;2026-03-12;2026-05-29;ATIVADO
26714624;1;1;2026-03-10;2026-07-15;ATIVADO
26714660;1;1;2026-03-10;2026-07-16;ATIVADO
26714899;1;1;2026-05-11;2026-06-09;ATIVADO
26715255;1;1;2026-03-11;2026-03-16;ATIVADO
26715256;1;1;2026-03-22;2026-03-10;ATIVADO
26715746;1;1;2026-03-24;2026-03-24;ATIVADO
26715843;1;1;2026-03-10;2026-03-19;ATIVADO
26716073;1;1;2026-03-14;2026-04-16;ATIVADO
26716199;1;1;2026-04-14;2026-07-20;ATIVADO
26716400;1;1;2026-03-12;2026-05-22;ATIVADO
26716462;1;1;2026-03-30;2026-04-10;ATIVADO
26716543;1;1;2026-03-12;2026-03-17;ATIVADO
26716544;1;1;2026-03-12;2026-04-29;ATIVADO
26716655;1;1;2026-05-02;2026-05-21;ATIVADO
26716683;1;1;2026-04-15;2026-07-14;ATIVADO
26716836;1;1;2026-03-20;2026-07-02;ATIVADO
26716985;1;1;2026-03-17;2026-03-20;ATIVADO
26717154;1;1;2026-03-10;2026-04-07;ATIVADO
26717274;1;1;2026-03-16;2026-06-24;ATIVADO
26717313;1;1;2026-03-13;2026-03-13;ATIVADO
26717314;1;1;2026-03-19;2026-07-01;ATIVADO
26717460;1;1;2026-03-12;2026-03-11;ATIVADO
26717680;1;1;2026-03-12;2026-06-30;ATIVADO
26717902;1;1;2026-06-01;2026-04-13;ATIVADO
26717934;1;1;2026-04-16;2026-05-05;ATIVADO
26718859;1;1;2026-03-18;2026-07-14;ATIVADO
26719724;1;1;2026-03-14;2026-03-24;ATIVADO
267200;1;1;2026-06-17;2026-04-06;REATIVADO
26720151;1;1;2026-03-13;2026-03-13;ATIVADO
26720197;1;1;2026-03-12;2026-07-08;ATIVADO
26720344;1;1;2026-03-20;2026-06-15;ATIVADO
26720404;1;1;2026-03-18;2026-06-24;ATIVADO
26720628;1;1;2026-03-12;2026-03-11;ATIVADO
26720780;1;1;2026-03-18;;ATIVADO
26720872;1;1;2026-03-18;;ATIVADO
26721300;1;1;2026-04-09;2026-07-14;ATIVADO
26721337;1;1;2026-03-13;2026-04-30;ATIVADO
26721391;1;1;2026-03-16;2026-07-06;ATIVADO
26721695;1;1;2026-03-20;2026-07-08;ATIVADO
26721872;1;1;2026-03-16;2026-05-25;ATIVADO
26721992;1;1;2026-03-16;2026-03-11;ATIVADO
26722432;1;1;2026-03-15;2026-06-29;ATIVADO
26722476;1;1;2026-03-13;2026-07-06;ATIVADO
26722912;1;1;2026-03-19;2026-07-17;ATIVADO
26723024;1;1;2026-03-15;2026-06-22;ATIVADO
26723061;1;1;2026-03-31;2026-07-13;ATIVADO
26723169;1;1;2026-03-18;2026-07-21;ATIVADO
26723238;1;1;2026-03-12;2026-07-02;ATIVADO
26723365;1;1;2026-03-12;2026-06-17;ATIVADO
26723581;1;1;2026-04-11;2026-06-30;ATIVADO
26723718;1;1;2026-03-13;2026-04-08;ATIVADO
26723956;1;1;2026-06-29;2026-03-12;ATIVADO
26724119;1;1;2026-05-21;2026-03-12;ATIVADO
26724237;1;1;2026-03-12;2026-03-13;ATIVADO
26724465;1;1;2026-03-13;2026-03-12;ATIVADO
26725327;1;1;2026-03-26;2026-05-22;ATIVADO
26725658;1;1;2026-03-14;2026-03-12;ATIVADO
26726032;1;1;2026-03-12;2026-06-01;ATIVADO
26726138;1;1;2026-03-15;2026-07-06;ATIVADO
26726290;1;1;2026-03-16;2026-05-11;ATIVADO
26726353;1;1;2026-03-16;2026-03-12;ATIVADO
26726456;1;1;2026-03-16;2026-03-19;ATIVADO
26726521;1;1;2026-03-13;2026-05-06;ATIVADO
26726672;1;1;2026-06-12;2026-06-16;ATIVADO
26726737;1;1;2026-03-16;2026-06-22;ATIVADO
26726832;1;1;2026-03-13;2026-03-16;ATIVADO
26726955;1;1;2026-03-12;2026-03-12;ATIVADO
26727101;1;1;2026-03-17;2026-04-17;ATIVADO
26727319;1;1;2026-03-13;2026-05-26;ATIVADO
26727689;1;1;2026-03-17;2026-03-16;ATIVADO
26727771;1;1;2026-03-13;2026-05-25;ATIVADO
26727905;1;1;2026-03-23;2026-03-13;ATIVADO
26728470;1;1;2026-03-12;2026-06-10;ATIVADO
26728705;1;1;2026-03-16;2026-03-17;ATIVADO
26729027;1;1;2026-03-17;2026-07-09;ATIVADO
26729415;1;1;2026-03-14;2026-04-13;ATIVADO
26729489;1;1;2026-03-24;2026-03-12;ATIVADO
26729530;1;1;2026-03-12;2026-07-17;ATIVADO
26729532;1;1;2026-03-16;2026-07-15;ATIVADO
26730001;1;1;2026-03-23;2026-07-20;ATIVADO
26730074;1;1;2026-03-16;2026-04-06;ATIVADO
26730315;1;1;2026-04-19;2026-03-13;ATIVADO
26730491;1;1;2026-03-18;2026-07-17;ATIVADO
26730598;1;1;2026-03-19;2026-04-14;ATIVADO
26730873;1;1;2026-04-06;2026-03-16;ATIVADO
26731399;1;1;2026-03-19;2026-06-16;ATIVADO
26732736;1;1;2026-03-18;2026-05-28;ATIVADO
26732753;1;1;2026-03-16;2026-04-08;ATIVADO
26733082;1;1;2026-03-13;2026-07-09;ATIVADO
26733525;1;1;2026-03-16;2026-06-02;ATIVADO
26733649;1;1;2026-03-17;;ATIVADO
26733667;1;1;2026-03-15;2026-03-16;ATIVADO
26733793;1;1;2026-03-31;2026-06-30;ATIVADO
26733882;1;1;2026-03-23;2026-06-01;ATIVADO
26734012;1;1;2026-03-19;2026-04-23;ATIVADO
26734014;1;1;2026-03-13;2026-06-12;ATIVADO
26734130;1;1;2026-03-18;2026-03-25;ATIVADO
26734350;1;1;2026-04-02;2026-07-21;ATIVADO
26734351;1;1;2026-04-01;2026-03-23;ATIVADO
26734513;1;1;2026-03-16;2026-04-07;ATIVADO
26734579;1;1;2026-03-19;2026-04-22;ATIVADO
26734724;1;1;2026-03-14;2026-05-13;ATIVADO
26735192;1;1;2026-03-20;2026-07-13;ATIVADO
26735435;1;1;2026-03-27;2026-05-05;ATIVADO
26735539;1;1;2026-03-13;2026-07-14;ATIVADO
26735761;1;1;2026-03-17;2026-04-27;ATIVADO
26735807;1;1;2026-04-22;2026-03-23;ATIVADO
26735808;1;1;2026-04-09;2026-07-01;ATIVADO
26735910;1;1;2026-05-03;2026-05-04;ATIVADO
26735942;1;1;2026-03-16;2026-07-13;ATIVADO
26736156;1;1;2026-03-30;2026-06-22;ATIVADO
26736251;1;1;2026-03-18;2026-07-15;ATIVADO
26736386;1;1;2026-03-20;2026-03-20;ATIVADO
26736469;1;1;2026-04-02;2026-07-22;ATIVADO
26737128;1;1;2026-03-26;2026-07-21;ATIVADO
26737317;1;1;2026-03-14;2026-04-13;ATIVADO
26740530;1;1;2026-05-27;2026-07-07;ATIVADO
26747036;1;1;2026-03-20;2026-07-21;ATIVADO
26747930;1;1;2026-03-16;2026-03-16;ATIVADO
26747931;1;1;2026-04-11;;ATIVADO
26747999;1;1;2026-03-18;2026-07-01;ATIVADO
26748273;1;1;2026-03-17;2026-06-26;ATIVADO
26748369;1;1;2026-03-25;2026-03-17;ATIVADO
26748372;1;1;2026-03-17;2026-05-21;ATIVADO
26748923;1;1;2026-03-16;2026-07-09;ATIVADO
26749116;1;1;2026-03-26;2026-04-06;ATIVADO
26749117;1;1;2026-03-23;2026-05-14;ATIVADO
26749172;1;1;2026-03-16;2026-04-28;ATIVADO
26749277;1;1;2026-06-19;2026-03-16;ATIVADO
26749324;1;1;2026-04-06;2026-05-28;ATIVADO
26749376;1;1;2026-03-25;2026-07-15;ATIVADO
26749590;1;1;2026-03-16;2026-04-08;ATIVADO
26749634;1;1;2026-03-16;2026-04-17;ATIVADO
26750214;1;1;2026-03-20;2026-07-03;ATIVADO
26750265;1;1;2026-03-17;2026-03-16;ATIVADO
26750827;1;1;2026-03-18;;ATIVADO
26751091;1;1;2026-04-06;2026-03-18;ATIVADO
26751811;1;1;2026-03-23;2026-07-10;ATIVADO
26751869;1;1;2026-03-17;2026-07-10;ATIVADO
26752084;1;1;2026-04-09;2026-05-29;ATIVADO
26752207;1;1;2026-03-24;2026-07-13;ATIVADO
26752209;1;1;2026-03-17;2026-07-02;ATIVADO
26752286;1;1;2026-03-18;2026-03-16;ATIVADO
26752300;1;1;2026-03-18;2026-03-16;ATIVADO
26752344;1;1;2026-04-01;2026-04-23;ATIVADO
26752579;1;1;2026-06-01;2026-06-01;ATIVADO
26752747;1;1;2026-03-19;2026-07-17;ATIVADO
26752942;1;1;2026-05-18;2026-07-07;ATIVADO
26755829;1;1;2026-03-19;2026-03-17;ATIVADO
26755878;1;1;2026-03-25;2026-05-04;ATIVADO
26755899;1;1;2026-03-18;2026-04-27;ATIVADO
26755905;1;1;2026-03-18;2026-05-27;ATIVADO
26756134;1;1;2026-03-17;2026-04-16;ATIVADO
26756238;1;1;2026-03-19;2026-03-18;ATIVADO
26756514;1;1;2026-03-20;2026-05-25;ATIVADO
26757019;1;1;2026-03-19;2026-04-08;ATIVADO
26757020;1;1;2026-03-20;2026-03-18;ATIVADO
26757147;1;1;2026-03-31;2026-05-25;ATIVADO
26757378;1;1;2026-03-20;2026-05-18;ATIVADO
26757641;1;1;2026-04-13;2026-04-13;ATIVADO
26758177;1;1;2026-03-17;2026-06-05;ATIVADO
26758476;1;1;2026-03-23;2026-04-27;ATIVADO
26758599;1;1;2026-03-17;2026-07-21;ATIVADO
26758719;1;1;2026-04-05;2026-07-07;ATIVADO
26758752;1;1;2026-03-21;2026-03-19;ATIVADO
26758896;1;1;2026-03-19;;ATIVADO
26759001;1;1;2026-03-18;2026-03-18;ATIVADO
26759230;1;1;2026-03-18;2026-07-16;ATIVADO
26759424;1;1;2026-03-19;2026-03-19;ATIVADO
26760163;1;1;2026-03-22;2026-03-19;ATIVADO
26760166;1;1;2026-03-22;2026-04-10;ATIVADO
26760171;1;1;2026-03-24;2026-07-21;ATIVADO
26762129;1;1;2026-03-23;2026-07-13;ATIVADO
26762290;1;1;2026-04-04;2026-03-18;ATIVADO
26762435;1;1;2026-03-23;2026-04-15;ATIVADO
26762523;1;1;2026-03-30;2026-03-23;ATIVADO
26762637;1;1;2026-03-20;2026-03-18;ATIVADO
26762766;1;1;2026-03-19;2026-03-23;ATIVADO
26762884;1;1;2026-03-24;2026-07-20;ATIVADO
26762942;1;1;2026-03-18;2026-05-06;ATIVADO
26762944;1;1;2026-03-18;2026-03-27;ATIVADO
26763028;1;1;2026-03-19;2026-07-03;ATIVADO
26763029;1;1;2026-03-24;2026-04-15;ATIVADO
26763078;1;1;2026-03-23;2026-03-23;ATIVADO
26763356;1;1;2026-06-11;2026-06-11;ATIVADO
26763390;1;1;2026-03-26;2026-03-18;ATIVADO
26763461;1;1;2026-04-09;2026-06-05;ATIVADO
26764176;1;1;2026-03-23;;ATIVADO
26764178;1;1;2026-04-28;2026-04-17;ATIVADO
26764370;1;1;2026-03-28;2026-05-19;ATIVADO
26764422;1;1;2026-04-24;2026-05-27;ATIVADO
26764531;1;1;2026-03-23;2026-07-16;ATIVADO
26764781;1;1;2026-03-20;2026-07-07;ATIVADO
26764882;1;1;2026-04-07;2026-04-07;ATIVADO
26764883;1;1;2026-03-23;2026-07-08;ATIVADO
26764885;1;1;2026-03-21;2026-06-30;ATIVADO
26765049;1;1;2026-03-23;2026-06-03;ATIVADO
26765110;1;1;2026-03-27;2026-03-18;ATIVADO
26765258;1;1;2026-03-24;2026-03-19;ATIVADO
26765260;1;1;2026-03-20;2026-03-19;ATIVADO
26765329;1;1;2026-03-25;2026-03-23;ATIVADO
26765330;1;1;2026-04-15;2026-07-21;ATIVADO
26766095;1;1;2026-03-25;2026-03-25;ATIVADO
26766573;1;1;2026-04-10;2026-07-06;ATIVADO
26767067;1;1;2026-04-07;2026-07-10;ATIVADO
26767250;1;1;2026-03-26;2026-04-09;ATIVADO
26767477;1;1;2026-03-23;2026-05-26;ATIVADO
26768185;1;1;2026-05-15;2026-06-08;ATIVADO
26768186;1;1;2026-04-01;2026-05-20;ATIVADO
26768572;1;1;2026-03-19;2026-07-17;ATIVADO
26768898;1;1;2026-03-19;2026-05-14;ATIVADO
26768934;1;1;2026-03-23;2026-03-23;ATIVADO
26769091;1;1;2026-03-23;2026-07-13;ATIVADO
26769160;1;1;2026-03-23;2026-03-23;ATIVADO
26769260;1;1;2026-03-21;2026-07-13;ATIVADO
26769562;1;1;2026-04-07;2026-07-06;ATIVADO
26769830;1;1;2026-05-11;2026-07-16;ATIVADO
26770399;1;1;2026-03-20;;ATIVADO
26770610;1;1;2026-03-25;2026-03-20;ATIVADO
26770613;1;1;2026-04-08;2026-04-16;ATIVADO
26770676;1;1;2026-03-31;2026-04-02;ATIVADO
26770789;1;1;2026-03-22;2026-06-15;ATIVADO
26770961;1;1;2026-04-15;2026-03-20;ATIVADO
26771184;1;1;2026-04-22;2026-07-20;ATIVADO
26771249;1;1;2026-03-23;2026-04-15;ATIVADO
26771250;1;1;2026-03-23;2026-03-20;ATIVADO
26771251;1;1;2026-04-17;2026-04-01;ATIVADO
26771252;1;1;2026-05-04;2026-07-03;ATIVADO
26771253;1;1;2026-03-24;2026-03-20;ATIVADO
26771256;1;1;2026-03-25;2026-07-02;ATIVADO
26771426;1;1;2026-03-27;2026-03-24;ATIVADO
26773381;1;1;2026-06-09;2026-07-21;ATIVADO
26774004;1;1;2026-03-23;2026-06-16;ATIVADO
26774078;1;1;2026-06-20;2026-07-17;ATIVADO
26775191;1;1;2026-03-30;2026-05-08;ATIVADO
26775207;1;1;2026-04-01;2026-05-27;ATIVADO
26775626;1;1;2026-03-20;2026-07-14;ATIVADO
26775731;1;1;2026-03-23;2026-07-02;ATIVADO
26775887;1;1;2026-05-01;2026-06-10;ATIVADO
26775919;1;1;2026-03-23;2026-05-20;ATIVADO
26776263;1;1;2026-04-06;2026-04-09;ATIVADO
26776605;1;1;2026-06-30;2026-03-23;ATIVADO
26776735;1;1;2026-03-28;2026-07-08;ATIVADO
26776803;1;1;2026-04-27;2026-04-27;ATIVADO
26776952;1;1;2026-03-24;2026-07-20;ATIVADO
26777235;1;1;2026-04-08;2026-03-25;ATIVADO
26777261;1;1;2026-04-01;2026-07-09;ATIVADO
26777338;1;1;2026-03-25;2026-03-23;ATIVADO
26777362;1;1;2026-04-04;2026-03-24;ATIVADO
26777646;1;1;2026-04-10;2026-04-29;ATIVADO
26777684;1;1;2026-04-08;2026-04-10;ATIVADO
26778410;1;1;2026-03-23;2026-06-01;ATIVADO
26782510;1;1;2026-03-27;2026-07-17;ATIVADO
26785766;1;1;2026-05-26;2026-06-09;ATIVADO
26786125;1;1;2026-04-10;2026-05-19;ATIVADO
26788745;1;1;2026-03-24;;ATIVADO
26788824;1;1;2026-03-24;2026-07-21;ATIVADO
26789017;1;1;2026-03-23;2026-04-01;ATIVADO
26789997;1;1;2026-03-23;2026-05-27;ATIVADO
26790435;1;1;2026-03-24;2026-07-13;ATIVADO
26790529;1;1;2026-03-25;2026-05-28;ATIVADO
26790946;1;1;2026-03-30;2026-03-23;ATIVADO
26791142;1;1;2026-03-28;2026-04-20;ATIVADO
26791143;1;1;2026-04-20;2026-03-23;ATIVADO
26791346;1;1;2026-05-02;2026-04-08;ATIVADO
26791563;1;1;2026-04-06;2026-07-21;ATIVADO
26791978;1;1;2026-03-23;2026-07-16;ATIVADO
26792019;1;1;2026-04-01;2026-07-07;ATIVADO
26792177;1;1;2026-03-24;2026-07-21;ATIVADO
26792224;1;1;2026-04-05;2026-03-26;ATIVADO
26792258;1;1;2026-03-25;2026-05-20;ATIVADO
26792632;1;1;2026-03-23;2026-07-13;ATIVADO
26792633;1;1;2026-05-11;2026-03-26;ATIVADO
26793032;1;1;2026-03-24;2026-03-30;ATIVADO
26793073;1;1;2026-03-30;2026-04-01;ATIVADO
26793223;1;1;2026-06-29;2026-07-09;ATIVADO
267933;1;1;2026-05-19;2026-05-19;REATIVADO
26793518;1;1;2026-04-10;2026-04-06;ATIVADO
26793919;1;1;2026-05-27;2026-07-02;ATIVADO
26794029;1;1;2026-03-25;2026-06-18;ATIVADO
26795590;1;1;2026-03-30;2026-07-03;ATIVADO
26795791;1;1;2026-03-27;;ATIVADO
26795963;1;1;2026-03-30;2026-07-16;ATIVADO
26796080;1;1;2026-05-29;2026-07-07;ATIVADO
26796211;1;1;2026-04-13;2026-04-13;ATIVADO
26796298;1;1;2026-03-24;2026-07-20;ATIVADO
26796510;1;1;2026-03-24;2026-07-10;ATIVADO
26797379;1;1;2026-04-27;2026-04-27;ATIVADO
26797875;1;1;2026-04-06;2026-04-06;ATIVADO
26798164;1;1;2026-03-25;2026-06-05;ATIVADO
26798278;1;1;2026-05-11;2026-04-20;ATIVADO
26798281;1;1;2026-04-02;2026-07-13;ATIVADO
26798312;1;1;2026-03-31;2026-06-08;ATIVADO
26798437;1;1;2026-03-25;2026-05-08;ATIVADO
26798856;1;1;2026-06-08;2026-07-21;ATIVADO
26798923;1;1;2026-03-26;2026-04-07;ATIVADO
26799516;1;1;2026-03-27;2026-05-28;ATIVADO
26799592;1;1;2026-04-08;2026-07-02;ATIVADO
26800106;1;1;2026-03-25;2026-05-14;ATIVADO
26800222;1;1;2026-03-25;2026-03-25;ATIVADO
26800363;1;1;2026-04-29;2026-07-07;ATIVADO
26800803;1;1;2026-03-30;2026-06-10;ATIVADO
26801008;1;1;2026-03-28;2026-04-28;ATIVADO
26801752;1;1;2026-03-31;2026-04-02;ATIVADO
26802099;1;1;2026-04-30;2026-07-08;ATIVADO
26802440;1;1;2026-03-27;2026-05-27;ATIVADO
26802574;1;1;2026-06-16;2026-06-03;ATIVADO
26803145;1;1;2026-03-27;2026-04-17;ATIVADO
26803210;1;1;2026-04-01;2026-06-18;ATIVADO
26803281;1;1;2026-03-26;2026-04-20;ATIVADO
26803284;1;1;2026-03-26;2026-07-01;ATIVADO
26803352;1;1;2026-03-25;2026-03-25;ATIVADO
26803460;1;1;2026-03-27;2026-03-31;ATIVADO
26803508;1;1;2026-04-01;2026-04-30;ATIVADO
26803793;1;1;2026-03-25;2026-03-26;ATIVADO
26803924;1;1;2026-04-06;2026-03-31;ATIVADO
26804214;1;1;2026-03-27;;ATIVADO
26804215;1;1;2026-03-26;2026-03-26;ATIVADO
26804317;1;1;2026-03-25;2026-03-25;ATIVADO
26804636;1;1;2026-03-26;2026-05-22;ATIVADO
26804936;1;1;2026-04-26;2026-05-20;ATIVADO
26804965;1;1;2026-03-26;2026-04-07;ATIVADO
26805511;1;1;2026-03-26;2026-04-13;ATIVADO
26805581;1;1;2026-03-30;2026-07-16;ATIVADO
26805850;1;1;2026-03-26;2026-03-26;ATIVADO
26806043;1;1;2026-03-30;2026-05-15;ATIVADO
26806755;1;1;2026-04-02;2026-07-15;ATIVADO
26806829;1;1;2026-03-29;2026-07-21;ATIVADO
26808219;1;1;2026-03-31;;ATIVADO
26809311;1;1;2026-03-30;2026-04-20;ATIVADO
26809561;1;1;2026-04-14;2026-05-14;ATIVADO
26809604;1;1;2026-03-27;2026-04-08;ATIVADO
26809757;1;1;2026-05-12;2026-05-12;ATIVADO
26809919;1;1;2026-03-27;2026-04-30;ATIVADO
26810098;1;1;2026-03-28;2026-06-18;ATIVADO
26810342;1;1;2026-05-09;2026-05-11;ATIVADO
26810459;1;1;2026-04-14;2026-05-21;ATIVADO
26810563;1;1;2026-03-28;2026-07-21;ATIVADO
26810565;1;1;2026-03-30;2026-04-01;ATIVADO
26810654;1;1;2026-03-27;2026-07-16;ATIVADO
26810850;1;1;2026-06-06;2026-04-01;ATIVADO
26811236;1;1;2026-03-27;2026-07-14;ATIVADO
26811951;1;1;2026-03-31;2026-05-28;ATIVADO
26812023;1;1;2026-03-28;2026-06-18;ATIVADO
26814110;1;1;2026-03-28;2026-07-14;ATIVADO
26814259;1;1;2026-03-29;2026-04-20;ATIVADO
26814600;1;1;2026-06-16;2026-04-09;ATIVADO
26814988;1;1;2026-03-30;2026-07-07;ATIVADO
26815046;1;1;2026-03-28;2026-04-02;ATIVADO
26815132;1;1;2026-04-01;2026-06-17;ATIVADO
26815576;1;1;2026-04-02;2026-06-10;ATIVADO
26815712;1;1;2026-03-28;2026-06-15;ATIVADO
26816019;1;1;2026-06-05;2026-06-03;ATIVADO
26816058;1;1;2026-04-16;2026-05-04;ATIVADO
26816288;1;1;2026-03-27;;ATIVADO
26816778;1;1;2026-04-20;2026-07-16;ATIVADO
26816973;1;1;2026-04-27;2026-06-15;ATIVADO
26817025;1;1;2026-05-18;2026-05-18;ATIVADO
26817102;1;1;2026-03-28;2026-03-27;ATIVADO
26817178;1;1;2026-04-02;2026-04-10;ATIVADO
26817514;1;1;2026-04-01;2026-03-30;ATIVADO
26817623;1;1;2026-03-31;2026-03-30;ATIVADO
26817777;1;1;2026-03-28;2026-04-14;ATIVADO
26818114;1;1;2026-03-30;2026-06-26;ATIVADO
26818641;1;1;2026-05-28;2026-07-16;ATIVADO
2681961;1;1;2026-03-23;2026-04-02;ATIVADO
26822879;1;1;2026-04-06;2026-04-07;ATIVADO
26823406;1;1;2026-04-04;2026-07-06;ATIVADO
26825968;1;1;2026-03-30;2026-06-27;ATIVADO
26826751;1;1;2026-05-23;2026-07-22;ATIVADO
26830668;1;1;2026-03-30;2026-07-10;ATIVADO
2683085;1;1;2026-04-06;2026-06-16;REATIVADO
26831019;1;1;2026-04-06;2026-03-30;ATIVADO
26831265;1;1;2026-03-30;2026-04-08;ATIVADO
26831316;1;1;2026-03-30;2026-04-29;ATIVADO
26831378;1;1;2026-04-01;2026-05-05;ATIVADO
26831476;1;1;2026-03-30;2026-03-30;ATIVADO
26831960;1;1;2026-03-31;2026-05-11;ATIVADO
26832160;1;1;2026-04-13;2026-06-12;ATIVADO
26832282;1;1;2026-04-06;2026-03-30;ATIVADO
26832326;1;1;2026-04-20;2026-04-08;ATIVADO
26832473;1;1;2026-04-14;2026-04-17;ATIVADO
26832945;1;1;2026-04-06;2026-04-16;ATIVADO
2683303;1;1;2026-05-29;;REATIVADO
26833338;1;1;2026-06-02;2026-06-23;ATIVADO
26833718;1;1;2026-04-08;2026-03-30;ATIVADO
26834713;1;1;2026-04-06;2026-04-01;ATIVADO
26834756;1;1;2026-04-22;2026-06-10;ATIVADO
26834846;1;1;2026-04-22;2026-05-19;ATIVADO
26834947;1;1;2026-04-26;2026-07-17;ATIVADO
26835029;1;1;2026-05-05;2026-04-14;ATIVADO
26835084;1;1;2026-04-21;2026-07-07;ATIVADO
26835089;1;1;2026-04-06;2026-07-07;ATIVADO
26835354;1;1;2026-03-31;2026-03-31;ATIVADO
26835532;1;1;2026-04-13;2026-06-29;ATIVADO
26835535;1;1;2026-04-01;2026-03-31;ATIVADO
26835770;1;1;2026-04-19;2026-03-31;ATIVADO
26835938;1;1;2026-03-31;2026-07-13;ATIVADO
26837762;1;1;2026-03-31;2026-07-21;ATIVADO
26837819;1;1;2026-03-31;;ATIVADO
26838336;1;1;2026-04-08;2026-05-12;ATIVADO
26838597;1;1;2026-03-31;2026-07-20;ATIVADO
26838735;1;1;2026-05-20;2026-05-11;ATIVADO
26839406;1;1;2026-04-07;2026-05-25;ATIVADO
26839461;1;1;2026-04-07;2026-06-25;ATIVADO
26839724;1;1;2026-04-01;2026-07-03;ATIVADO
26840356;1;1;2026-04-06;2026-04-06;ATIVADO
26840641;1;1;2026-04-06;2026-05-04;ATIVADO
26841048;1;1;2026-04-02;2026-07-09;ATIVADO
26841088;1;1;2026-03-31;2026-04-13;ATIVADO
26841794;1;1;2026-04-06;2026-04-01;ATIVADO
26843010;1;1;2026-04-10;2026-04-14;ATIVADO
26843011;1;1;2026-04-02;2026-06-24;ATIVADO
26843119;1;1;2026-04-01;2026-05-06;ATIVADO
26844909;1;1;2026-04-01;2026-04-01;ATIVADO
26845160;1;1;2026-04-07;2026-04-01;ATIVADO
26845499;1;1;2026-04-05;2026-05-18;ATIVADO
26845511;1;1;2026-04-14;2026-05-14;ATIVADO
26845674;1;1;2026-04-06;2026-05-15;ATIVADO
26845971;1;1;2026-04-02;2026-04-01;ATIVADO
26846056;1;1;2026-04-17;2026-05-26;ATIVADO
26846176;1;1;2026-04-02;2026-05-28;ATIVADO
26846399;1;1;2026-04-22;2026-04-02;ATIVADO
26846713;1;1;2026-04-08;2026-04-14;ATIVADO
26847743;1;1;2026-04-02;2026-04-01;ATIVADO
26847778;1;1;2026-04-07;2026-05-07;ATIVADO
26847823;1;1;2026-04-06;2026-07-07;ATIVADO
26848149;1;1;2026-04-02;2026-04-02;ATIVADO
26848231;1;1;2026-04-02;2026-07-21;ATIVADO
2684874;1;1;2026-05-25;2026-05-28;REATIVADO
26849124;1;1;2026-06-05;2026-07-13;ATIVADO
26850650;1;1;2026-05-27;2026-06-09;ATIVADO
26850889;1;1;2026-04-02;2026-05-22;ATIVADO
26851809;1;1;2026-04-06;2026-04-02;ATIVADO
26851899;1;1;2026-05-03;2026-06-12;ATIVADO
26851937;1;1;2026-04-08;2026-04-02;ATIVADO
26852209;1;1;2026-04-06;;ATIVADO
26852613;1;1;2026-04-06;;ATIVADO
26852761;1;1;2026-04-03;2026-06-09;ATIVADO
26852856;1;1;2026-04-06;2026-04-16;ATIVADO
26853344;1;1;2026-04-06;2026-04-06;ATIVADO
26853881;1;1;2026-04-06;2026-05-28;ATIVADO
26855066;1;1;2026-04-15;2026-04-07;ATIVADO
26855204;1;1;2026-05-03;2026-07-21;ATIVADO
26855436;1;1;2026-04-02;2026-07-10;ATIVADO
26855560;1;1;2026-04-17;2026-05-19;ATIVADO
26856265;1;1;2026-05-19;2026-04-27;ATIVADO
2685650;1;1;2026-03-16;2026-03-10;REATIVADO
26856954;1;1;2026-04-10;2026-05-05;ATIVADO
26857001;1;1;2026-04-06;2026-05-14;ATIVADO
26857078;1;1;2026-04-04;2026-05-22;ATIVADO
26858561;1;1;2026-05-04;2026-07-14;ATIVADO
26869815;1;1;2026-04-15;2026-07-20;ATIVADO
26871215;1;1;2026-04-15;2026-07-13;ATIVADO
26871217;1;1;2026-04-06;2026-06-02;ATIVADO
26871218;1;1;2026-05-27;2026-04-06;ATIVADO
26871246;1;1;2026-04-07;2026-04-14;ATIVADO
26871352;1;1;2026-04-07;2026-04-06;ATIVADO
26871636;1;1;2026-04-06;2026-04-06;ATIVADO
26871816;1;1;2026-04-09;2026-04-08;ATIVADO
26871969;1;1;2026-04-11;2026-05-19;ATIVADO
26872701;1;1;2026-04-28;2026-07-21;ATIVADO
26872886;1;1;2026-04-13;2026-05-14;ATIVADO
26872934;1;1;2026-04-07;2026-07-17;ATIVADO
26872984;1;1;2026-04-09;2026-04-06;ATIVADO
26873027;1;1;2026-04-07;2026-04-06;ATIVADO
26873114;1;1;2026-04-13;;ATIVADO
26873145;1;1;2026-05-25;2026-05-15;ATIVADO
26873380;1;1;2026-04-08;2026-06-30;ATIVADO
26873873;1;1;2026-04-14;2026-04-14;ATIVADO
26873922;1;1;2026-04-07;2026-04-06;ATIVADO
26874527;1;1;2026-04-13;2026-04-08;ATIVADO
26874528;1;1;2026-04-08;2026-05-12;ATIVADO
26874578;1;1;2026-04-20;2026-07-08;ATIVADO
26875338;1;1;2026-04-07;2026-07-21;ATIVADO
26875808;1;1;2026-04-07;2026-05-26;ATIVADO
26875949;1;1;2026-04-11;2026-06-02;ATIVADO
26876361;1;1;2026-05-23;2026-07-02;ATIVADO
26876366;1;1;2026-04-08;2026-05-29;ATIVADO
26876769;1;1;2026-04-08;2026-04-07;ATIVADO
26876914;1;1;2026-04-13;2026-04-07;ATIVADO
26878371;1;1;2026-04-21;2026-04-10;ATIVADO
26879093;1;1;2026-04-13;2026-05-06;ATIVADO
26879176;1;1;2026-05-08;2026-07-01;ATIVADO
26879344;1;1;2026-04-08;2026-04-07;ATIVADO
26879701;1;1;2026-04-08;2026-06-10;ATIVADO
26879807;1;1;2026-05-02;2026-07-02;ATIVADO
26879912;1;1;2026-04-09;2026-07-21;ATIVADO
26880608;1;1;2026-04-11;2026-05-25;ATIVADO
26880810;1;1;2026-04-11;2026-07-15;ATIVADO
26880851;1;1;2026-04-08;2026-04-13;ATIVADO
26880852;1;1;2026-04-08;2026-04-08;ATIVADO
26881884;1;1;2026-06-03;2026-05-07;ATIVADO
26882827;1;1;2026-05-12;2026-05-25;ATIVADO
26882915;1;1;2026-04-10;2026-04-20;ATIVADO
26883057;1;1;2026-04-30;2026-06-10;ATIVADO
26883097;1;1;2026-04-08;2026-04-22;ATIVADO
26883189;1;1;2026-06-22;2026-06-22;ATIVADO
26883516;1;1;2026-04-09;2026-05-11;ATIVADO
26883561;1;1;2026-04-13;2026-05-22;ATIVADO
26883870;1;1;2026-06-25;2026-07-21;ATIVADO
26885776;1;1;2026-04-08;2026-04-08;ATIVADO
26885804;1;1;2026-04-08;2026-04-08;ATIVADO
26885822;1;1;2026-04-16;2026-04-15;ATIVADO
26885857;1;1;2026-04-11;2026-04-10;ATIVADO
26886100;1;1;2026-04-10;;ATIVADO
26886401;1;1;2026-04-09;;ATIVADO
26886507;1;1;2026-04-08;2026-05-25;ATIVADO
26887136;1;1;2026-04-09;;ATIVADO
26887380;1;1;2026-04-08;2026-04-10;ATIVADO
26887382;1;1;2026-04-12;2026-04-08;ATIVADO
26887430;1;1;2026-04-08;2026-05-14;ATIVADO
26887617;1;1;2026-04-13;2026-06-30;ATIVADO
26887652;1;1;2026-04-21;2026-07-16;ATIVADO
26887755;1;1;2026-04-11;2026-04-24;ATIVADO
26887919;1;1;2026-06-01;2026-07-03;ATIVADO
26887987;1;1;2026-04-09;2026-06-17;ATIVADO
26888021;1;1;2026-04-18;2026-05-25;ATIVADO
26888258;1;1;2026-04-10;2026-04-08;ATIVADO
26888260;1;1;2026-06-11;2026-07-17;ATIVADO
26888674;1;1;2026-04-14;2026-07-10;ATIVADO
26888676;1;1;2026-04-15;2026-04-09;ATIVADO
26888712;1;1;2026-04-10;2026-07-14;ATIVADO
26889072;1;1;2026-04-10;2026-04-14;ATIVADO
26889073;1;1;2026-05-12;2026-06-17;ATIVADO
26889113;1;1;2026-04-10;2026-06-03;ATIVADO
26889114;1;1;2026-04-18;2026-04-17;ATIVADO
26889490;1;1;2026-04-12;2026-06-16;ATIVADO
26889814;1;1;2026-04-13;2026-04-09;ATIVADO
26889844;1;1;2026-04-17;2026-07-20;ATIVADO
26890239;1;1;2026-04-13;2026-05-15;ATIVADO
26891536;1;1;2026-04-10;2026-05-18;ATIVADO
26892079;1;1;2026-04-14;2026-07-20;ATIVADO
26892591;1;1;2026-05-15;2026-07-15;ATIVADO
26892894;1;1;2026-04-09;2026-04-16;ATIVADO
26893145;1;1;2026-04-22;2026-05-14;ATIVADO
26893285;1;1;2026-04-13;2026-04-17;ATIVADO
26893287;1;1;2026-04-11;2026-06-15;ATIVADO
26893367;1;1;2026-04-16;2026-04-16;ATIVADO
26893377;1;1;2026-04-13;2026-05-26;ATIVADO
26893534;1;1;2026-04-14;2026-05-26;ATIVADO
26893666;1;1;2026-04-22;2026-04-15;ATIVADO
26893903;1;1;2026-05-10;2026-05-21;ATIVADO
26893904;1;1;2026-04-29;2026-06-10;ATIVADO
26894152;1;1;2026-04-14;2026-05-21;ATIVADO
26895278;1;1;2026-04-10;2026-04-10;ATIVADO
26895331;1;1;2026-04-11;2026-04-10;ATIVADO
26895637;1;1;2026-04-13;2026-06-24;ATIVADO
26895976;1;1;2026-06-02;2026-06-02;ATIVADO
26896125;1;1;2026-04-13;2026-07-13;ATIVADO
26896415;1;1;2026-04-10;2026-04-09;ATIVADO
26897338;1;1;2026-05-04;2026-07-14;ATIVADO
26899004;1;1;2026-04-10;2026-05-12;ATIVADO
26899190;1;1;2026-04-10;2026-07-08;ATIVADO
26899224;1;1;2026-04-13;2026-05-07;ATIVADO
26899917;1;1;2026-04-22;2026-06-23;ATIVADO
26900036;1;1;2026-04-14;2026-07-15;ATIVADO
26900242;1;1;2026-04-13;2026-04-24;ATIVADO
26900703;1;1;2026-04-11;2026-05-06;ATIVADO
26901032;1;1;2026-05-07;2026-04-30;ATIVADO
26901129;1;1;2026-04-12;2026-05-28;ATIVADO
26901201;1;1;2026-04-15;2026-06-30;ATIVADO
26901421;1;1;2026-04-15;2026-07-01;ATIVADO
26901623;1;1;2026-04-11;2026-04-13;ATIVADO
26901653;1;1;2026-04-10;2026-05-20;ATIVADO
26901656;1;1;2026-05-04;2026-04-30;ATIVADO
26901657;1;1;2026-04-15;2026-04-14;ATIVADO
26901790;1;1;2026-04-29;2026-05-19;ATIVADO
26901990;1;1;2026-05-18;2026-07-14;ATIVADO
26902273;1;1;2026-04-15;2026-05-20;ATIVADO
26902356;1;1;2026-04-13;2026-07-17;ATIVADO
26902550;1;1;2026-04-13;2026-07-02;ATIVADO
26902764;1;1;2026-05-20;2026-04-14;ATIVADO
26902805;1;1;2026-05-04;2026-06-19;ATIVADO
26902840;1;1;2026-04-15;2026-05-25;ATIVADO
26903059;1;1;2026-04-13;2026-06-23;ATIVADO
26903087;1;1;2026-04-13;2026-07-21;ATIVADO
26903487;1;1;2026-04-13;2026-04-15;ATIVADO
26904972;1;1;2026-04-18;2026-05-25;ATIVADO
26905105;1;1;2026-04-12;2026-04-28;ATIVADO
26906439;1;1;2026-04-14;2026-05-13;ATIVADO
26907828;1;1;2026-04-30;2026-04-20;ATIVADO
26911052;1;1;2026-04-15;2026-04-14;ATIVADO
26911303;1;1;2026-06-08;2026-07-17;ATIVADO
26913588;1;1;2026-04-22;;ATIVADO
26913916;1;1;2026-04-13;2026-05-15;ATIVADO
26914034;1;1;2026-04-14;;ATIVADO
26914196;1;1;2026-04-16;2026-04-15;ATIVADO
26914786;1;1;2026-04-16;2026-04-14;ATIVADO
26914792;1;1;2026-04-13;2026-04-29;ATIVADO
26914872;1;1;2026-04-14;2026-05-27;ATIVADO
26914940;1;1;2026-06-18;2026-07-16;ATIVADO
26915052;1;1;2026-04-30;2026-07-13;ATIVADO
26915083;1;1;2026-04-17;2026-04-13;ATIVADO
26915393;1;1;2026-04-15;2026-04-14;ATIVADO
26915586;1;1;2026-04-13;2026-04-13;ATIVADO
26915685;1;1;2026-04-15;;ATIVADO
26916322;1;1;2026-04-14;2026-07-21;ATIVADO
26916738;1;1;2026-04-15;;ATIVADO
26916788;1;1;2026-04-22;2026-04-22;ATIVADO
26916887;1;1;2026-04-15;2026-04-20;ATIVADO
26917104;1;1;2026-04-14;2026-04-14;ATIVADO
26917107;1;1;2026-04-15;2026-04-20;ATIVADO
26917470;1;1;2026-04-16;2026-07-20;ATIVADO
26917519;1;1;2026-04-15;2026-04-17;ATIVADO
26917553;1;1;2026-04-15;;ATIVADO
26918194;1;1;2026-04-16;2026-04-28;ATIVADO
26918555;1;1;2026-04-20;2026-04-15;ATIVADO
26918661;1;1;2026-04-22;2026-06-30;ATIVADO
26918714;1;1;2026-05-13;2026-05-13;ATIVADO
26918991;1;1;2026-04-17;2026-06-16;ATIVADO
26919182;1;1;2026-04-14;2026-05-22;ATIVADO
26919419;1;1;2026-04-14;2026-04-22;ATIVADO
26919694;1;1;2026-04-16;2026-06-26;ATIVADO
26919911;1;1;2026-05-12;2026-04-14;ATIVADO
26920623;1;1;2026-04-14;2026-07-07;ATIVADO
26920763;1;1;2026-04-16;2026-07-08;ATIVADO
26921746;1;1;2026-04-15;2026-05-11;ATIVADO
26922258;1;1;2026-04-14;2026-07-13;ATIVADO
26922358;1;1;2026-05-29;2026-05-12;ATIVADO
26922363;1;1;2026-04-16;;ATIVADO
26923038;1;1;2026-06-26;2026-06-25;ATIVADO
26923545;1;1;2026-04-25;2026-07-02;ATIVADO
26923723;1;1;2026-04-26;2026-06-25;ATIVADO
26923932;1;1;2026-04-20;2026-04-20;ATIVADO
26924123;1;1;2026-04-15;2026-04-15;ATIVADO
26924212;1;1;2026-05-25;2026-07-21;ATIVADO
26924214;1;1;2026-04-15;2026-04-15;ATIVADO
26924247;1;1;2026-04-21;2026-04-14;ATIVADO
26924621;1;1;2026-04-15;2026-05-15;ATIVADO
26924697;1;1;2026-04-14;2026-07-13;ATIVADO
26924782;1;1;2026-04-15;2026-06-30;ATIVADO
26924905;1;1;2026-05-07;2026-06-15;ATIVADO
26925045;1;1;2026-05-15;2026-07-21;ATIVADO
26925091;1;1;2026-04-16;2026-04-14;ATIVADO
26925222;1;1;2026-04-27;2026-05-21;ATIVADO
26925318;1;1;2026-04-15;2026-04-14;ATIVADO
26925505;1;1;2026-04-16;2026-06-25;ATIVADO
26925533;1;1;2026-04-16;2026-05-28;ATIVADO
26925629;1;1;2026-05-02;2026-07-09;ATIVADO
26926170;1;1;2026-05-11;2026-06-30;ATIVADO
26927252;1;1;2026-05-19;;ATIVADO
26927394;1;1;2026-06-26;2026-07-14;ATIVADO
2692754;1;1;2026-05-11;2026-03-25;REATIVADO
26927937;1;1;2026-05-06;2026-06-19;ATIVADO
26928424;1;1;2026-05-25;2026-07-01;ATIVADO
26928468;1;1;2026-05-02;2026-05-12;ATIVADO
26928555;1;1;2026-04-17;2026-06-19;ATIVADO
26928805;1;1;2026-04-27;2026-07-06;ATIVADO
26929170;1;1;2026-04-15;2026-04-15;ATIVADO
26929259;1;1;2026-05-04;2026-07-16;ATIVADO
26929260;1;1;2026-04-15;2026-05-26;ATIVADO
26929361;1;1;2026-06-18;2026-04-15;ATIVADO
26929401;1;1;2026-04-15;2026-05-14;ATIVADO
26929480;1;1;2026-05-02;2026-04-24;ATIVADO
26929951;1;1;2026-04-22;2026-04-22;ATIVADO
26930269;1;1;2026-04-15;2026-04-15;ATIVADO
26930359;1;1;2026-04-15;2026-04-16;ATIVADO
26930442;1;1;2026-04-18;2026-05-14;ATIVADO
26930443;1;1;2026-04-16;2026-06-16;ATIVADO
26930507;1;1;2026-06-02;2026-04-15;ATIVADO
26930511;1;1;2026-04-17;2026-05-25;ATIVADO
26930806;1;1;2026-04-17;2026-04-16;ATIVADO
26930853;1;1;2026-04-22;2026-07-16;ATIVADO
26931110;1;1;2026-04-27;2026-05-22;ATIVADO
26931179;1;1;2026-04-20;2026-04-16;ATIVADO
26931216;1;1;2026-04-15;2026-06-01;ATIVADO
26931217;1;1;2026-06-27;2026-05-12;ATIVADO
26931398;1;1;2026-04-22;2026-06-01;ATIVADO
26931759;1;1;2026-04-15;2026-04-15;ATIVADO
26931794;1;1;2026-04-17;2026-07-10;ATIVADO
26932022;1;1;2026-04-16;2026-07-14;ATIVADO
26932219;1;1;2026-04-16;2026-04-20;ATIVADO
26932264;1;1;2026-04-17;2026-06-18;ATIVADO
26932265;1;1;2026-05-13;2026-06-01;ATIVADO
26932343;1;1;2026-05-27;2026-04-16;ATIVADO
26932382;1;1;2026-05-05;2026-04-27;ATIVADO
26932496;1;1;2026-05-13;2026-06-16;ATIVADO
26934638;1;1;2026-04-25;2026-04-16;ATIVADO
26934696;1;1;2026-04-16;2026-04-16;ATIVADO
26935015;1;1;2026-04-17;2026-04-16;ATIVADO
26935082;1;1;2026-04-16;2026-06-25;ATIVADO
26935227;1;1;2026-04-17;2026-04-30;ATIVADO
26935329;1;1;2026-04-28;2026-06-01;ATIVADO
26935862;1;1;2026-04-22;;ATIVADO
26936028;1;1;2026-04-23;2026-07-15;ATIVADO
26936129;1;1;2026-04-21;2026-05-04;ATIVADO
26936980;1;1;2026-04-22;2026-05-18;ATIVADO
26937039;1;1;2026-04-20;2026-05-27;ATIVADO
26937175;1;1;2026-04-17;2026-04-16;ATIVADO
26937619;1;1;2026-06-22;2026-07-10;ATIVADO
26937841;1;1;2026-05-23;2026-04-16;ATIVADO
26937920;1;1;2026-06-13;2026-05-06;ATIVADO
26938132;1;1;2026-04-16;2026-04-20;ATIVADO
26938175;1;1;2026-04-20;2026-07-14;ATIVADO
26938228;1;1;2026-05-12;2026-05-11;ATIVADO
26938406;1;1;2026-05-11;2026-05-06;ATIVADO
26938442;1;1;2026-05-07;2026-04-17;ATIVADO
26938443;1;1;2026-04-17;2026-05-21;ATIVADO
26938669;1;1;2026-04-27;2026-04-29;ATIVADO
26938705;1;1;2026-04-21;2026-07-09;ATIVADO
26938706;1;1;2026-04-18;2026-06-19;ATIVADO
26938829;1;1;2026-04-29;2026-05-15;ATIVADO
26938947;1;1;2026-04-19;2026-05-19;ATIVADO
26939004;1;1;2026-04-17;2026-07-10;ATIVADO
26939053;1;1;2026-04-29;2026-06-25;ATIVADO
26939055;1;1;2026-05-06;2026-04-24;ATIVADO
26939131;1;1;2026-05-27;2026-06-25;ATIVADO
26939253;1;1;2026-04-20;2026-06-18;ATIVADO
26939371;1;1;2026-04-27;2026-07-14;ATIVADO
26939565;1;1;2026-04-17;2026-06-05;ATIVADO
2693997;1;1;2026-03-02;2026-05-27;REATIVADO
26940459;1;1;2026-04-20;2026-07-10;ATIVADO
26940673;1;1;2026-06-20;2026-07-20;ATIVADO
26940918;1;1;2026-04-20;2026-06-17;ATIVADO
26942484;1;1;2026-04-22;2026-05-05;ATIVADO
26942713;1;1;2026-04-20;2026-07-08;ATIVADO
26942800;1;1;2026-04-17;2026-06-08;ATIVADO
26943249;1;1;2026-04-27;2026-07-03;ATIVADO
26943515;1;1;2026-04-19;2026-05-19;ATIVADO
26943690;1;1;2026-04-22;2026-06-24;ATIVADO
26943794;1;1;2026-04-17;2026-04-23;ATIVADO
26944203;1;1;2026-04-28;2026-05-27;ATIVADO
26944293;1;1;2026-04-17;2026-07-07;ATIVADO
26944602;1;1;2026-04-22;2026-04-23;ATIVADO
26944880;1;1;2026-04-28;2026-04-20;ATIVADO
26945286;1;1;2026-04-29;2026-05-25;ATIVADO
26945287;1;1;2026-05-19;2026-04-17;ATIVADO
26945535;1;1;2026-04-20;2026-07-10;ATIVADO
26945536;1;1;2026-04-22;2026-07-08;ATIVADO
26945595;1;1;2026-04-21;2026-06-18;ATIVADO
26946599;1;1;2026-04-30;2026-04-10;ATIVADO
26947107;1;1;2026-04-27;2026-06-23;ATIVADO
26953356;1;1;2026-04-29;2026-07-07;ATIVADO
26955411;1;1;2026-04-20;2026-04-20;ATIVADO
26958116;1;1;2026-04-21;2026-04-20;ATIVADO
26958226;1;1;2026-04-22;2026-04-22;ATIVADO
26958227;1;1;2026-05-05;2026-05-18;ATIVADO
26958313;1;1;2026-04-21;2026-07-06;ATIVADO
26958491;1;1;2026-04-30;2026-05-11;ATIVADO
26958827;1;1;2026-04-23;2026-07-10;ATIVADO
26958991;1;1;2026-04-20;2026-07-17;ATIVADO
26959360;1;1;2026-05-04;2026-06-05;ATIVADO
26959544;1;1;2026-04-20;2026-07-03;ATIVADO
26959792;1;1;2026-04-21;2026-05-11;ATIVADO
26959872;1;1;2026-04-23;2026-04-22;ATIVADO
26959958;1;1;2026-04-20;2026-06-16;ATIVADO
26960044;1;1;2026-04-27;2026-07-10;ATIVADO
26960190;1;1;2026-06-22;2026-04-24;ATIVADO
26960606;1;1;2026-05-08;2026-06-30;ATIVADO
26961357;1;1;2026-05-06;2026-04-22;ATIVADO
26961684;1;1;2026-04-22;2026-04-20;ATIVADO
26961752;1;1;2026-04-22;2026-07-14;ATIVADO
26961826;1;1;2026-04-22;2026-05-27;ATIVADO
26961828;1;1;2026-05-19;2026-07-08;ATIVADO
26962214;1;1;2026-04-22;2026-07-16;ATIVADO
26963069;1;1;2026-06-20;2026-06-29;ATIVADO
26964420;1;1;2026-04-28;2026-05-25;ATIVADO
26964861;1;1;2026-04-21;2026-06-09;ATIVADO
26968240;1;1;2026-05-02;2026-06-02;ATIVADO
26968410;1;1;2026-04-24;;ATIVADO
26968750;1;1;2026-04-28;2026-05-27;ATIVADO
26969045;1;1;2026-04-24;2026-04-22;ATIVADO
26969260;1;1;2026-04-23;;ATIVADO
26969311;1;1;2026-04-29;2026-07-17;ATIVADO
26969357;1;1;2026-05-11;2026-04-30;ATIVADO
26969925;1;1;2026-04-23;2026-05-21;ATIVADO
26969930;1;1;2026-04-27;;ATIVADO
26970115;1;1;2026-05-17;2026-05-20;ATIVADO
26970169;1;1;2026-04-27;2026-06-01;ATIVADO
26970262;1;1;2026-04-24;2026-04-23;ATIVADO
26970440;1;1;2026-06-19;2026-07-07;ATIVADO
26970457;1;1;2026-05-21;;ATIVADO
26970566;1;1;2026-04-28;2026-07-10;ATIVADO
26970917;1;1;2026-05-17;2026-05-20;ATIVADO
26971241;1;1;2026-04-27;2026-05-25;ATIVADO
26971354;1;1;2026-04-27;2026-04-23;ATIVADO
26971355;1;1;2026-04-23;2026-04-23;ATIVADO
26971526;1;1;2026-04-24;2026-07-08;ATIVADO
26971685;1;1;2026-04-24;2026-05-05;ATIVADO
26971729;1;1;2026-04-24;2026-07-20;ATIVADO
26971770;1;1;2026-04-23;2026-04-22;ATIVADO
26971888;1;1;2026-04-23;2026-04-22;ATIVADO
26972113;1;1;2026-04-29;2026-04-22;ATIVADO
26972435;1;1;2026-04-24;2026-05-08;ATIVADO
26972497;1;1;2026-05-04;2026-04-24;ATIVADO
26972539;1;1;2026-04-24;2026-07-17;ATIVADO
26972691;1;1;2026-04-24;2026-04-23;ATIVADO
26972951;1;1;2026-06-29;2026-04-23;ATIVADO
26973146;1;1;2026-04-23;2026-05-18;ATIVADO
26973412;1;1;2026-05-11;2026-05-11;ATIVADO
26973493;1;1;2026-04-24;2026-04-23;ATIVADO
26973683;1;1;2026-04-24;2026-07-21;ATIVADO
26974734;1;1;2026-04-23;2026-04-23;ATIVADO
26975723;1;1;2026-04-24;2026-05-25;ATIVADO
26975959;1;1;2026-04-27;2026-04-24;ATIVADO
26976187;1;1;2026-04-23;2026-05-30;ATIVADO
26976248;1;1;2026-04-24;2026-07-15;ATIVADO
26976833;1;1;2026-05-13;2026-05-18;ATIVADO
26977019;1;1;2026-04-28;2026-05-05;ATIVADO
26977264;1;1;2026-05-10;2026-04-23;ATIVADO
26977342;1;1;2026-04-30;2026-07-02;ATIVADO
26977597;1;1;2026-05-29;2026-04-23;ATIVADO
26977598;1;1;2026-04-24;2026-05-25;ATIVADO
26978067;1;1;2026-04-28;;ATIVADO
26978092;1;1;2026-04-27;2026-05-04;ATIVADO
26978123;1;1;2026-04-24;2026-04-24;ATIVADO
26978260;1;1;2026-05-12;2026-04-24;ATIVADO
26978877;1;1;2026-05-03;2026-04-23;ATIVADO
26978923;1;1;2026-05-04;2026-06-30;ATIVADO
26978950;1;1;2026-04-24;2026-05-07;ATIVADO
26979284;1;1;2026-06-12;2026-07-16;ATIVADO
26980053;1;1;2026-04-24;2026-04-24;ATIVADO
26980139;1;1;2026-05-12;2026-04-23;ATIVADO
26982893;1;1;2026-05-05;2026-07-07;ATIVADO
26983146;1;1;2026-05-01;2026-06-30;ATIVADO
26983246;1;1;2026-04-24;2026-05-08;ATIVADO
26983247;1;1;2026-04-27;2026-05-27;ATIVADO
26983295;1;1;2026-04-25;2026-05-13;ATIVADO
26983389;1;1;2026-04-28;2026-07-01;ATIVADO
26983647;1;1;2026-05-02;2026-05-18;ATIVADO
26984025;1;1;2026-05-12;2026-06-08;ATIVADO
26984192;1;1;2026-05-07;2026-05-22;ATIVADO
26984279;1;1;2026-05-01;2026-07-20;ATIVADO
26984366;1;1;2026-05-08;2026-04-24;ATIVADO
26984418;1;1;2026-04-28;2026-04-24;ATIVADO
26984534;1;1;2026-04-28;2026-05-26;ATIVADO
26984794;1;1;2026-04-26;2026-07-21;ATIVADO
26985008;1;1;2026-04-29;2026-07-13;ATIVADO
26985044;1;1;2026-05-25;2026-06-02;ATIVADO
26985306;1;1;2026-05-04;2026-06-15;ATIVADO
26985691;1;1;2026-04-24;2026-05-05;ATIVADO
26985772;1;1;2026-04-27;2026-04-27;ATIVADO
26986540;1;1;2026-05-16;2026-07-10;ATIVADO
26986897;1;1;2026-05-12;2026-07-15;ATIVADO
26986936;1;1;2026-04-28;2026-04-28;ATIVADO
26987082;1;1;2026-04-25;2026-04-24;ATIVADO
26987604;1;1;2026-05-11;2026-07-21;ATIVADO
26989498;1;1;2026-05-08;2026-07-13;ATIVADO
26989652;1;1;2026-04-30;2026-05-18;ATIVADO
26989744;1;1;2026-05-11;2026-06-03;ATIVADO
26990086;1;1;2026-04-27;2026-05-18;ATIVADO
26990219;1;1;2026-05-04;2026-07-14;ATIVADO
26992639;1;1;2026-04-28;2026-04-29;ATIVADO
26994433;1;1;2026-04-27;2026-05-25;ATIVADO
26997831;1;1;2026-04-30;2026-07-15;ATIVADO
26998140;1;1;2026-05-17;2026-07-02;ATIVADO
26998186;1;1;2026-04-29;2026-07-01;ATIVADO
26998660;1;1;2026-05-02;2026-04-30;ATIVADO
26998788;1;1;2026-04-30;;ATIVADO
26999009;1;1;2026-05-06;2026-06-10;ATIVADO
26999134;1;1;2026-04-28;2026-05-26;ATIVADO
26999356;1;1;2026-04-29;2026-05-29;ATIVADO
26999410;1;1;2026-05-19;2026-04-27;ATIVADO
26999473;1;1;2026-04-27;2026-05-13;ATIVADO
26999751;1;1;2026-04-28;2026-06-24;ATIVADO
27000134;1;1;2026-04-28;2026-05-22;ATIVADO
27000269;1;1;2026-04-30;2026-04-27;ATIVADO
27000276;1;1;2026-04-29;2026-07-14;ATIVADO
27000590;1;1;2026-06-02;2026-05-05;ATIVADO
27000997;1;1;2026-04-27;2026-05-04;ATIVADO
27001093;1;1;2026-05-13;2026-07-15;ATIVADO
27001356;1;1;2026-04-28;2026-04-29;ATIVADO
27001540;1;1;2026-05-12;2026-05-22;ATIVADO
27001696;1;1;2026-05-27;2026-06-26;ATIVADO
27001730;1;1;2026-04-30;2026-05-19;ATIVADO
27001771;1;1;2026-05-29;2026-06-15;ATIVADO
27001772;1;1;2026-04-28;2026-04-27;ATIVADO
27001971;1;1;2026-05-26;2026-05-06;ATIVADO
27001972;1;1;2026-06-08;2026-06-05;ATIVADO
27002349;1;1;2026-04-27;2026-07-21;ATIVADO
27002350;1;1;2026-05-24;2026-06-05;ATIVADO
27002351;1;1;2026-06-13;2026-06-08;ATIVADO
27002450;1;1;2026-04-27;2026-05-12;ATIVADO
27002948;1;1;2026-04-29;2026-06-08;ATIVADO
27002976;1;1;2026-04-28;2026-04-29;ATIVADO
27003686;1;1;2026-05-01;2026-06-17;ATIVADO
27004884;1;1;2026-05-14;2026-04-28;ATIVADO
27005553;1;1;2026-04-29;2026-07-07;ATIVADO
27005729;1;1;2026-04-29;2026-04-29;ATIVADO
27005768;1;1;2026-04-29;2026-05-05;ATIVADO
27005938;1;1;2026-04-29;2026-06-18;ATIVADO
27005939;1;1;2026-06-29;2026-07-03;ATIVADO
27006049;1;1;2026-04-30;2026-05-28;ATIVADO
27006117;1;1;2026-05-04;2026-06-30;ATIVADO
27006427;1;1;2026-04-29;2026-04-28;ATIVADO
27006433;1;1;2026-06-29;2026-07-21;ATIVADO
27006632;1;1;2026-05-04;2026-05-13;ATIVADO
27006721;1;1;2026-05-12;2026-06-08;ATIVADO
27006760;1;1;2026-05-02;2026-04-28;ATIVADO
27007221;1;1;2026-04-29;2026-05-26;ATIVADO
27007399;1;1;2026-05-04;2026-06-25;ATIVADO
27007795;1;1;2026-04-28;2026-07-20;ATIVADO
27008006;1;1;2026-04-29;2026-06-26;ATIVADO
27008212;1;1;2026-04-29;2026-07-15;ATIVADO
27008213;1;1;2026-04-28;2026-04-28;ATIVADO
27008297;1;1;2026-04-29;2026-04-29;ATIVADO
27008340;1;1;2026-04-29;2026-07-20;ATIVADO
27008393;1;1;2026-05-05;2026-05-19;ATIVADO
27008500;1;1;2026-04-29;2026-07-01;ATIVADO
27008501;1;1;2026-04-30;2026-05-28;ATIVADO
27008506;1;1;2026-05-21;2026-06-24;ATIVADO
27008557;1;1;2026-05-15;2026-04-28;ATIVADO
27008698;1;1;2026-04-29;2026-05-29;ATIVADO
27009040;1;1;2026-05-04;2026-06-23;ATIVADO
27009801;1;1;2026-05-18;2026-07-20;ATIVADO
27011349;1;1;2026-06-24;2026-07-21;ATIVADO
27011653;1;1;2026-05-08;2026-04-29;ATIVADO
27011762;1;1;2026-05-19;2026-07-09;ATIVADO
27011763;1;1;2026-05-08;2026-06-30;ATIVADO
27011833;1;1;2026-06-22;2026-05-07;ATIVADO
27011969;1;1;2026-05-10;2026-05-05;ATIVADO
27011970;1;1;2026-04-30;2026-04-29;ATIVADO
27012042;1;1;2026-05-07;2026-05-07;ATIVADO
27012621;1;1;2026-05-19;2026-05-19;ATIVADO
27012752;1;1;2026-05-11;2026-06-15;ATIVADO
27012872;1;1;2026-05-05;;ATIVADO
27013488;1;1;2026-04-30;;ATIVADO
27013672;1;1;2026-04-30;2026-06-09;ATIVADO
27013853;1;1;2026-05-05;2026-05-27;ATIVADO
27014048;1;1;2026-05-08;2026-06-19;ATIVADO
27014418;1;1;2026-05-11;2026-05-05;ATIVADO
27014498;1;1;2026-05-16;2026-05-22;ATIVADO
27014571;1;1;2026-06-13;2026-05-18;ATIVADO
27014607;1;1;2026-05-04;2026-04-28;ATIVADO
27014641;1;1;2026-04-30;2026-06-25;ATIVADO
27014642;1;1;2026-05-01;2026-06-24;ATIVADO
27014714;1;1;2026-05-01;2026-04-30;ATIVADO
27014797;1;1;2026-06-12;2026-07-14;ATIVADO
27015061;1;1;2026-04-30;2026-05-18;ATIVADO
27017671;1;1;2026-05-11;2026-07-10;ATIVADO
27018000;1;1;2026-04-30;2026-05-06;ATIVADO
27018119;1;1;2026-04-30;2026-05-25;ATIVADO
27018545;1;1;2026-05-04;;ATIVADO
27018565;1;1;2026-05-06;2026-07-20;ATIVADO
27018745;1;1;2026-05-11;2026-07-15;ATIVADO
27018850;1;1;2026-05-17;2026-06-18;ATIVADO
27018926;1;1;2026-05-04;2026-07-08;ATIVADO
27018942;1;1;2026-04-30;2026-06-09;ATIVADO
27019216;1;1;2026-05-25;2026-06-22;ATIVADO
27019353;1;1;2026-06-01;2026-06-15;ATIVADO
27019393;1;1;2026-05-17;2026-05-18;ATIVADO
27019441;1;1;2026-04-30;2026-06-01;ATIVADO
27019490;1;1;2026-05-22;2026-06-23;ATIVADO
27019567;1;1;2026-05-18;2026-06-17;ATIVADO
27019569;1;1;2026-04-30;2026-07-15;ATIVADO
27019728;1;1;2026-05-04;2026-05-06;ATIVADO
27019730;1;1;2026-06-15;2026-04-30;ATIVADO
27020262;1;1;2026-05-02;2026-06-30;ATIVADO
27020263;1;1;2026-05-19;2026-05-21;ATIVADO
27020429;1;1;2026-04-30;2026-05-04;ATIVADO
27020705;1;1;2026-04-30;2026-06-05;ATIVADO
27021103;1;1;2026-05-17;2026-06-29;ATIVADO
27021289;1;1;2026-06-16;2026-06-15;ATIVADO
27021562;1;1;2026-05-05;2026-07-14;ATIVADO
27021911;1;1;2026-05-28;2026-04-30;ATIVADO
27021996;1;1;2026-06-10;2026-05-12;ATIVADO
27022037;1;1;2026-05-15;2026-05-14;ATIVADO
27022785;1;1;2026-05-18;2026-05-13;ATIVADO
27023261;1;1;2026-05-04;2026-05-04;ATIVADO
27023339;1;1;2026-05-06;2026-07-09;ATIVADO
27023427;1;1;2026-05-11;2026-06-18;ATIVADO
27026596;1;1;2026-05-12;2026-05-05;ATIVADO
27028431;1;1;2026-05-12;2026-06-30;ATIVADO
27041996;1;1;2026-05-04;2026-06-11;ATIVADO
27043984;1;1;2026-05-06;2026-05-15;ATIVADO
27044614;1;1;2026-05-05;;ATIVADO
27044729;1;1;2026-05-07;;ATIVADO
27044771;1;1;2026-05-05;2026-05-11;ATIVADO
27044864;1;1;2026-05-20;2026-06-16;ATIVADO
27045170;1;1;2026-05-08;2026-07-16;ATIVADO
27045330;1;1;2026-05-06;2026-07-15;ATIVADO
2704545;1;1;2026-06-25;2026-04-28;REATIVADO
27045503;1;1;2026-05-14;2026-05-04;ATIVADO
27045595;1;1;2026-05-04;2026-05-05;ATIVADO
27045963;1;1;2026-05-08;2026-07-16;ATIVADO
27045964;1;1;2026-05-28;2026-06-29;ATIVADO
27046305;1;1;2026-05-24;2026-05-04;ATIVADO
27046533;1;1;2026-05-05;2026-05-04;ATIVADO
27046685;1;1;2026-05-04;2026-06-16;ATIVADO
27047449;1;1;2026-06-19;2026-06-23;ATIVADO
27047499;1;1;2026-05-04;;ATIVADO
27047713;1;1;2026-05-06;2026-06-08;ATIVADO
27047959;1;1;2026-05-26;2026-05-27;ATIVADO
27048513;1;1;2026-05-05;2026-05-05;ATIVADO
27048851;1;1;2026-05-04;2026-07-10;ATIVADO
27048897;1;1;2026-05-05;2026-05-27;ATIVADO
27049018;1;1;2026-05-26;2026-05-25;ATIVADO
27049169;1;1;2026-05-14;2026-05-04;ATIVADO
27049216;1;1;2026-05-04;2026-05-12;ATIVADO
27049274;1;1;2026-05-04;2026-07-21;ATIVADO
27049437;1;1;2026-05-06;2026-05-05;ATIVADO
27049589;1;1;2026-05-16;2026-07-06;ATIVADO
27053316;1;1;2026-05-13;2026-05-07;ATIVADO
27053351;1;1;2026-05-05;;ATIVADO
27053366;1;1;2026-06-24;2026-06-16;ATIVADO
27053487;1;1;2026-05-14;2026-05-29;ATIVADO
27053925;1;1;2026-06-11;2026-07-15;ATIVADO
27054188;1;1;2026-05-05;2026-07-15;ATIVADO
27054430;1;1;2026-05-09;2026-06-18;ATIVADO
27054432;1;1;2026-05-18;2026-07-20;ATIVADO
27054532;1;1;2026-05-11;2026-07-13;ATIVADO
27054642;1;1;2026-06-01;2026-07-03;ATIVADO
27054688;1;1;2026-05-10;2026-06-30;ATIVADO
27054790;1;1;2026-06-03;2026-07-03;ATIVADO
27054848;1;1;2026-05-08;2026-06-01;ATIVADO
27055025;1;1;2026-05-11;2026-06-30;ATIVADO
27055033;1;1;2026-05-09;2026-05-05;ATIVADO
27055402;1;1;2026-05-14;2026-07-02;ATIVADO
27055639;1;1;2026-05-19;2026-05-18;ATIVADO
27056013;1;1;2026-05-07;2026-05-21;ATIVADO
27056154;1;1;2026-05-12;2026-06-19;ATIVADO
27056487;1;1;2026-05-25;2026-06-03;ATIVADO
27056488;1;1;2026-05-09;2026-05-25;ATIVADO
27057112;1;1;2026-05-08;2026-06-30;ATIVADO
27057289;1;1;2026-05-06;2026-05-14;ATIVADO
27057382;1;1;2026-05-06;2026-06-05;ATIVADO
2705746;1;1;2026-02-25;2026-05-14;REATIVADO
27057604;1;1;2026-05-06;2026-07-08;ATIVADO
27058125;1;1;2026-05-06;2026-05-06;ATIVADO
27058205;1;1;2026-05-09;2026-05-13;ATIVADO
27058264;1;1;2026-05-13;2026-05-14;ATIVADO
27058391;1;1;2026-05-23;2026-06-30;ATIVADO
27058688;1;1;2026-05-15;2026-05-07;ATIVADO
27059174;1;1;2026-05-07;2026-06-12;ATIVADO
27059608;1;1;2026-05-09;2026-05-06;ATIVADO
27060163;1;1;2026-05-11;2026-05-14;ATIVADO
27060427;1;1;2026-05-08;2026-06-11;ATIVADO
27062283;1;1;2026-05-13;2026-05-06;ATIVADO
27062329;1;1;2026-05-08;2026-06-02;ATIVADO
27062586;1;1;2026-05-06;2026-05-11;ATIVADO
27062605;1;1;2026-06-01;2026-06-30;ATIVADO
27063016;1;1;2026-05-14;;ATIVADO
27063188;1;1;2026-06-27;2026-06-05;ATIVADO
27063325;1;1;2026-05-08;2026-06-29;ATIVADO
27063463;1;1;2026-05-07;2026-06-03;ATIVADO
27063750;1;1;2026-05-28;2026-05-27;ATIVADO
27063849;1;1;2026-05-06;2026-05-06;ATIVADO
27064284;1;1;2026-05-08;2026-05-13;ATIVADO
27064430;1;1;2026-05-06;2026-05-06;ATIVADO
27065297;1;1;2026-06-23;2026-07-01;ATIVADO
27065369;1;1;2026-05-06;2026-07-08;ATIVADO
27065559;1;1;2026-05-11;2026-07-13;ATIVADO
27065607;1;1;2026-05-06;2026-07-21;ATIVADO
27065885;1;1;2026-05-20;2026-06-19;ATIVADO
27065942;1;1;2026-05-14;2026-07-06;ATIVADO
27066069;1;1;2026-05-15;2026-07-07;ATIVADO
27066100;1;1;2026-06-23;2026-07-16;ATIVADO
27066122;1;1;2026-05-07;;ATIVADO
27066187;1;1;2026-05-13;2026-07-15;ATIVADO
27066253;1;1;2026-05-08;2026-07-06;ATIVADO
27066449;1;1;2026-05-10;2026-05-07;ATIVADO
27069813;1;1;2026-05-09;2026-05-08;ATIVADO
27070322;1;1;2026-05-12;2026-05-18;ATIVADO
27070531;1;1;2026-05-14;2026-06-15;ATIVADO
27070536;1;1;2026-05-08;2026-06-03;ATIVADO
27070789;1;1;2026-05-31;2026-05-11;ATIVADO
27071023;1;1;2026-05-08;2026-06-19;ATIVADO
27071271;1;1;2026-05-08;2026-05-07;ATIVADO
27071720;1;1;2026-05-08;2026-06-18;ATIVADO
27071732;1;1;2026-06-09;2026-06-17;ATIVADO
27071818;1;1;2026-05-07;2026-06-23;ATIVADO
27071907;1;1;2026-05-11;2026-06-10;ATIVADO
27072366;1;1;2026-05-14;;ATIVADO
27072422;1;1;2026-05-08;2026-05-07;ATIVADO
27073010;1;1;2026-05-11;2026-05-07;ATIVADO
2707336;1;1;2026-03-17;2026-05-04;REATIVADO
27073427;1;1;2026-06-16;2026-05-08;ATIVADO
27073824;1;1;2026-05-18;2026-05-18;ATIVADO
27074164;1;1;2026-05-09;2026-05-07;ATIVADO
27074232;1;1;2026-05-08;2026-07-02;ATIVADO
27074289;1;1;2026-05-08;2026-06-03;ATIVADO
27074320;1;1;2026-05-07;2026-05-08;ATIVADO
27074343;1;1;2026-05-08;2026-06-11;ATIVADO
27074522;1;1;2026-05-10;2026-05-08;ATIVADO
27074953;1;1;2026-05-12;2026-07-22;ATIVADO
2707549;1;1;2026-02-02;;REATIVADO
27077828;1;1;2026-05-08;2026-05-08;ATIVADO
27077917;1;1;2026-05-12;2026-06-22;ATIVADO
27078186;1;1;2026-05-12;2026-05-11;ATIVADO
27078391;1;1;2026-05-12;;ATIVADO
27078644;1;1;2026-05-20;2026-05-11;ATIVADO
27079342;1;1;2026-06-05;2026-07-20;ATIVADO
27079356;1;1;2026-06-13;2026-07-07;ATIVADO
27079499;1;1;2026-06-12;2026-06-17;ATIVADO
27080088;1;1;2026-06-08;2026-06-08;ATIVADO
27080146;1;1;2026-05-11;2026-06-17;ATIVADO
27080192;1;1;2026-05-13;2026-06-12;ATIVADO
27080316;1;1;2026-05-19;2026-07-02;ATIVADO
27080353;1;1;2026-05-13;2026-06-10;ATIVADO
27080568;1;1;2026-06-12;2026-07-09;ATIVADO
27080622;1;1;2026-05-28;2026-06-17;ATIVADO
27081360;1;1;2026-05-12;2026-06-30;ATIVADO
27081675;1;1;2026-05-11;2026-06-09;ATIVADO
27081738;1;1;2026-05-20;2026-07-17;ATIVADO
27082015;1;1;2026-05-29;2026-07-14;ATIVADO
27082045;1;1;2026-05-19;2026-05-11;ATIVADO
27082100;1;1;2026-05-12;2026-06-10;ATIVADO
27082684;1;1;2026-05-13;2026-06-16;ATIVADO
27082767;1;1;2026-05-19;2026-07-07;ATIVADO
27082827;1;1;2026-05-11;2026-07-20;ATIVADO
27082974;1;1;2026-05-11;2026-05-11;ATIVADO
27083151;1;1;2026-06-11;2026-05-11;ATIVADO
27083153;1;1;2026-05-21;2026-07-09;ATIVADO
27083251;1;1;2026-05-12;2026-06-10;ATIVADO
27083350;1;1;2026-05-16;2026-06-23;ATIVADO
27083465;1;1;2026-05-11;2026-05-11;ATIVADO
27083701;1;1;2026-05-13;2026-07-21;ATIVADO
27084055;1;1;2026-05-18;2026-07-16;ATIVADO
27084073;1;1;2026-06-03;2026-06-16;ATIVADO
27098444;1;1;2026-05-11;2026-07-10;ATIVADO
27098665;1;1;2026-06-01;2026-05-29;ATIVADO
27098713;1;1;2026-06-02;2026-05-15;ATIVADO
27099196;1;1;2026-05-25;2026-06-10;ATIVADO
27099510;1;1;2026-05-15;2026-06-18;ATIVADO
27099813;1;1;2026-06-25;2026-06-26;ATIVADO
27099881;1;1;2026-05-12;2026-07-01;ATIVADO
27099882;1;1;2026-05-13;2026-06-10;ATIVADO
27100097;1;1;2026-05-15;2026-06-09;ATIVADO
27100148;1;1;2026-05-30;2026-06-23;ATIVADO
27100354;1;1;2026-05-20;2026-05-11;ATIVADO
27100891;1;1;2026-06-14;2026-06-12;ATIVADO
27101416;1;1;2026-05-14;2026-06-05;ATIVADO
27101814;1;1;2026-05-20;2026-06-24;ATIVADO
27101874;1;1;2026-05-25;2026-07-20;ATIVADO
27102041;1;1;2026-05-13;2026-07-16;ATIVADO
27102425;1;1;2026-05-13;2026-06-12;ATIVADO
27103177;1;1;2026-05-21;2026-07-17;ATIVADO
27103217;1;1;2026-05-24;2026-06-15;ATIVADO
27103330;1;1;2026-05-15;2026-07-20;ATIVADO
27103471;1;1;2026-06-24;2026-05-11;ATIVADO
27103514;1;1;2026-05-20;2026-06-02;ATIVADO
27103654;1;1;2026-05-30;2026-07-06;ATIVADO
27103684;1;1;2026-05-11;2026-05-12;ATIVADO
27103910;1;1;2026-06-25;2026-06-22;ATIVADO
27104010;1;1;2026-05-16;2026-07-06;ATIVADO
27104103;1;1;2026-06-16;2026-06-16;ATIVADO
27108099;1;1;2026-05-27;2026-07-20;ATIVADO
27108376;1;1;2026-05-21;2026-06-22;ATIVADO
27108743;1;1;2026-05-18;2026-06-11;ATIVADO
27109022;1;1;2026-05-12;2026-05-12;ATIVADO
27109188;1;1;2026-05-17;2026-05-14;ATIVADO
27109282;1;1;2026-05-19;2026-05-12;ATIVADO
27109368;1;1;2026-05-19;2026-05-28;ATIVADO
27109369;1;1;2026-05-18;2026-05-12;ATIVADO
27109407;1;1;2026-05-26;2026-06-29;ATIVADO
27109521;1;1;2026-06-22;2026-06-09;ATIVADO
27109661;1;1;2026-05-20;2026-06-23;ATIVADO
27109711;1;1;2026-05-14;2026-07-20;ATIVADO
27109759;1;1;2026-05-13;2026-05-22;ATIVADO
27110243;1;1;2026-05-13;2026-07-13;ATIVADO
27110375;1;1;2026-05-29;2026-06-02;ATIVADO
27110606;1;1;2026-05-12;2026-06-19;ATIVADO
27110782;1;1;2026-05-16;2026-06-30;ATIVADO
27111548;1;1;2026-05-14;2026-05-12;ATIVADO
27111549;1;1;2026-05-13;2026-07-14;ATIVADO
27111550;1;1;2026-05-14;2026-06-15;ATIVADO
27111551;1;1;2026-05-28;2026-06-09;ATIVADO
27111681;1;1;2026-06-23;2026-05-27;ATIVADO
27111682;1;1;2026-05-13;2026-07-16;ATIVADO
27111683;1;1;2026-06-09;2026-07-17;ATIVADO
27111901;1;1;2026-06-27;2026-05-13;ATIVADO
27111962;1;1;2026-05-13;2026-05-14;ATIVADO
27111989;1;1;2026-05-12;2026-07-17;ATIVADO
27112211;1;1;2026-06-08;2026-05-12;ATIVADO
27112600;1;1;2026-06-25;2026-07-13;ATIVADO
27113301;1;1;2026-06-15;2026-06-17;ATIVADO
27113486;1;1;2026-05-30;2026-07-20;ATIVADO
27114393;1;1;2026-05-14;2026-05-14;ATIVADO
27116022;1;1;2026-05-21;;ATIVADO
27116450;1;1;2026-05-15;2026-06-15;ATIVADO
27116608;1;1;2026-05-20;2026-06-16;ATIVADO
27116851;1;1;2026-05-18;2026-05-13;ATIVADO
27117407;1;1;2026-05-14;2026-05-14;ATIVADO
27117505;1;1;2026-05-26;2026-07-16;ATIVADO
27117767;1;1;2026-05-21;2026-06-19;ATIVADO
27117858;1;1;2026-05-13;2026-07-09;ATIVADO
27118107;1;1;2026-06-16;2026-06-16;ATIVADO
27118234;1;1;2026-05-14;2026-06-29;ATIVADO
27118572;1;1;2026-05-29;;ATIVADO
27118776;1;1;2026-05-28;2026-05-28;ATIVADO
27119490;1;1;2026-06-13;2026-06-30;ATIVADO
27119787;1;1;2026-05-18;2026-05-13;ATIVADO
27119826;1;1;2026-05-21;2026-06-22;ATIVADO
27120150;1;1;2026-05-19;2026-07-03;ATIVADO
27120714;1;1;2026-05-18;2026-07-09;ATIVADO
27121067;1;1;2026-05-15;2026-06-11;ATIVADO
27121135;1;1;2026-06-08;2026-06-17;ATIVADO
27121320;1;1;2026-06-06;2026-07-08;ATIVADO
27121928;1;1;2026-05-14;2026-05-19;ATIVADO
2712277;1;1;2026-06-03;2026-06-10;REATIVADO
27123965;1;1;2026-05-22;2026-06-02;ATIVADO
27124222;1;1;2026-05-25;2026-05-14;ATIVADO
27124321;1;1;2026-05-22;2026-07-13;ATIVADO
27124715;1;1;2026-05-14;2026-06-18;ATIVADO
27125156;1;1;2026-05-20;2026-06-30;ATIVADO
27125471;1;1;2026-05-16;2026-05-14;ATIVADO
27125673;1;1;2026-06-05;2026-05-28;ATIVADO
27126016;1;1;2026-05-19;2026-05-14;ATIVADO
27126060;1;1;2026-05-19;2026-06-15;ATIVADO
27126242;1;1;2026-05-15;2026-06-25;ATIVADO
27126244;1;1;2026-05-14;2026-05-15;ATIVADO
27126507;1;1;2026-06-01;2026-06-30;ATIVADO
27126515;1;1;2026-05-18;2026-06-15;ATIVADO
27126809;1;1;2026-05-18;2026-05-19;ATIVADO
27127394;1;1;2026-05-20;2026-07-03;ATIVADO
27127590;1;1;2026-05-16;2026-05-20;ATIVADO
27127678;1;1;2026-05-23;2026-06-26;ATIVADO
27127823;1;1;2026-06-19;2026-05-14;ATIVADO
27128069;1;1;2026-05-17;2026-05-15;ATIVADO
27128187;1;1;2026-05-16;2026-07-13;ATIVADO
27128314;1;1;2026-06-18;2026-06-16;ATIVADO
27128399;1;1;2026-05-18;2026-06-22;ATIVADO
27128596;1;1;2026-05-23;2026-06-15;ATIVADO
27128650;1;1;2026-05-19;2026-07-03;ATIVADO
27128887;1;1;2026-05-17;2026-05-15;ATIVADO
27129032;1;1;2026-05-18;2026-05-15;ATIVADO
27129122;1;1;2026-05-28;2026-06-18;ATIVADO
27129536;1;1;2026-05-16;2026-06-01;ATIVADO
27132402;1;1;2026-05-22;2026-06-23;ATIVADO
27132459;1;1;2026-05-18;2026-05-15;ATIVADO
27132720;1;1;2026-05-25;2026-05-13;ATIVADO
27132761;1;1;2026-05-19;2026-06-22;ATIVADO
27132943;1;1;2026-05-28;2026-07-07;ATIVADO
27133217;1;1;2026-05-20;2026-06-29;ATIVADO
27133225;1;1;2026-05-15;2026-05-15;ATIVADO
27133739;1;1;2026-06-08;2026-06-03;ATIVADO
27133893;1;1;2026-05-15;2026-06-05;ATIVADO
27134557;1;1;2026-05-16;2026-06-18;ATIVADO
27134675;1;1;2026-05-18;;ATIVADO
27134950;1;1;2026-05-19;;ATIVADO
27135370;1;1;2026-05-18;;ATIVADO
27135715;1;1;2026-05-15;2026-06-01;ATIVADO
27135801;1;1;2026-05-17;2026-06-23;ATIVADO
27136019;1;1;2026-06-02;2026-07-02;ATIVADO
27136050;1;1;2026-05-18;2026-05-19;ATIVADO
27136239;1;1;2026-05-28;2026-05-15;ATIVADO
27136307;1;1;2026-05-16;2026-07-20;ATIVADO
27136336;1;1;2026-05-19;2026-05-15;ATIVADO
27136400;1;1;2026-05-25;2026-05-18;ATIVADO
27136499;1;1;2026-06-05;2026-06-10;ATIVADO
27136674;1;1;2026-05-19;2026-07-10;ATIVADO
27136828;1;1;2026-05-16;2026-05-21;ATIVADO
27137256;1;1;2026-05-30;2026-05-18;ATIVADO
27137780;1;1;2026-06-03;2026-05-20;ATIVADO
27138558;1;1;2026-06-01;2026-07-20;ATIVADO
27141789;1;1;2026-05-27;2026-05-27;ATIVADO
27142386;1;1;2026-05-22;2026-07-17;ATIVADO
27145567;1;1;2026-06-24;2026-06-12;ATIVADO
27150964;1;1;2026-05-25;2026-06-25;ATIVADO
27153065;1;1;2026-05-24;2026-07-14;ATIVADO
27153066;1;1;2026-05-20;2026-07-14;ATIVADO
27153108;1;1;2026-05-21;2026-07-03;ATIVADO
27153926;1;1;2026-06-03;2026-06-05;ATIVADO
27153979;1;1;2026-05-18;2026-05-26;ATIVADO
27154206;1;1;2026-06-16;2026-06-01;ATIVADO
27154678;1;1;2026-05-20;2026-07-16;ATIVADO
27154700;1;1;2026-05-21;;ATIVADO
27154775;1;1;2026-05-20;2026-05-18;ATIVADO
27154894;1;1;2026-05-19;2026-07-15;ATIVADO
27154985;1;1;2026-05-25;2026-05-18;ATIVADO
27155063;1;1;2026-05-18;2026-05-19;ATIVADO
27155252;1;1;2026-05-18;2026-05-18;ATIVADO
27156064;1;1;2026-05-19;2026-07-15;ATIVADO
27156358;1;1;2026-05-20;2026-05-21;ATIVADO
27156840;1;1;2026-06-26;2026-07-15;ATIVADO
27157004;1;1;2026-05-21;2026-06-17;ATIVADO
27157174;1;1;2026-05-22;2026-05-22;ATIVADO
27157991;1;1;2026-06-05;2026-05-20;ATIVADO
27158135;1;1;2026-05-19;2026-07-17;ATIVADO
27158174;1;1;2026-05-21;2026-06-29;ATIVADO
27158750;1;1;2026-05-19;2026-07-07;ATIVADO
27160058;1;1;2026-05-30;2026-05-19;ATIVADO
27161714;1;1;2026-06-08;2026-06-08;ATIVADO
27161903;1;1;2026-05-22;2026-06-25;ATIVADO
27161932;1;1;2026-05-25;2026-06-01;ATIVADO
27162320;1;1;2026-06-26;2026-06-15;ATIVADO
27162398;1;1;2026-05-22;2026-06-03;ATIVADO
27162522;1;1;2026-05-30;2026-07-21;ATIVADO
27162860;1;1;2026-05-19;2026-06-18;ATIVADO
27163381;1;1;2026-05-25;2026-06-30;ATIVADO
27163477;1;1;2026-05-21;2026-06-22;ATIVADO
27163609;1;1;2026-05-24;2026-05-21;ATIVADO
27163703;1;1;2026-05-23;2026-05-22;ATIVADO
27163797;1;1;2026-06-03;2026-07-21;ATIVADO
27163812;1;1;2026-06-15;2026-07-15;ATIVADO
27163897;1;1;2026-05-22;2026-07-21;ATIVADO
27164008;1;1;2026-05-22;2026-05-22;ATIVADO
27164032;1;1;2026-05-21;2026-05-19;ATIVADO
27164398;1;1;2026-05-20;2026-07-13;ATIVADO
27164739;1;1;2026-05-25;2026-07-07;ATIVADO
27165021;1;1;2026-05-19;2026-05-21;ATIVADO
27165238;1;1;2026-06-02;2026-06-02;ATIVADO
27165308;1;1;2026-05-21;2026-05-21;ATIVADO
27165344;1;1;2026-05-22;2026-06-09;ATIVADO
27165345;1;1;2026-05-20;2026-07-03;ATIVADO
27165400;1;1;2026-05-25;2026-06-05;ATIVADO
27165688;1;1;2026-05-27;2026-07-16;ATIVADO
27166410;1;1;2026-05-26;2026-07-21;ATIVADO
27167976;1;1;2026-05-28;2026-06-09;ATIVADO
27168108;1;1;2026-05-26;2026-07-07;ATIVADO
27168516;1;1;2026-06-09;2026-06-05;ATIVADO
27170083;1;1;2026-05-20;2026-06-08;ATIVADO
27170231;1;1;2026-05-22;2026-05-28;ATIVADO
27170235;1;1;2026-05-20;2026-06-03;ATIVADO
27170309;1;1;2026-06-06;2026-05-20;ATIVADO
27170310;1;1;2026-05-26;2026-07-09;ATIVADO
27170344;1;1;2026-05-31;2026-07-07;ATIVADO
27170399;1;1;2026-05-25;2026-05-21;ATIVADO
27170506;1;1;2026-05-25;2026-06-25;ATIVADO
27170587;1;1;2026-06-18;2026-07-21;ATIVADO
27170596;1;1;2026-05-21;2026-07-21;ATIVADO
27170703;1;1;2026-05-26;2026-06-08;ATIVADO
27170951;1;1;2026-05-29;2026-06-24;ATIVADO
27171024;1;1;2026-06-26;2026-06-25;ATIVADO
27171124;1;1;2026-05-26;2026-07-13;ATIVADO
27171588;1;1;2026-05-22;;ATIVADO
27171673;1;1;2026-05-21;2026-06-23;ATIVADO
27172507;1;1;2026-06-29;2026-05-20;ATIVADO
27172722;1;1;2026-06-03;2026-06-03;ATIVADO
27173183;1;1;2026-05-25;2026-06-09;ATIVADO
27173230;1;1;2026-05-24;2026-06-30;ATIVADO
27173633;1;1;2026-06-19;2026-06-19;ATIVADO
27174072;1;1;2026-05-27;2026-05-21;ATIVADO
27174099;1;1;2026-05-24;2026-05-25;ATIVADO
27174135;1;1;2026-06-17;2026-06-16;ATIVADO
27174136;1;1;2026-06-02;2026-05-21;ATIVADO
27174570;1;1;2026-05-25;2026-06-23;ATIVADO
27174751;1;1;2026-05-20;2026-06-19;ATIVADO
27174976;1;1;2026-06-19;2026-07-17;ATIVADO
27176157;1;1;2026-06-02;2026-05-21;ATIVADO
27176256;1;1;2026-05-26;2026-06-25;ATIVADO
27176386;1;1;2026-05-27;;ATIVADO
27176424;1;1;2026-05-21;2026-07-21;ATIVADO
27176436;1;1;2026-06-25;2026-05-21;ATIVADO
27176552;1;1;2026-05-26;2026-06-24;ATIVADO
27176656;1;1;2026-06-26;2026-06-29;ATIVADO
27177012;1;1;2026-06-14;2026-07-13;ATIVADO
27177013;1;1;2026-06-02;2026-06-01;ATIVADO
27177223;1;1;2026-06-15;2026-07-17;ATIVADO
27177741;1;1;2026-06-01;2026-06-01;ATIVADO
27177767;1;1;2026-05-26;;ATIVADO
27178097;1;1;2026-05-23;2026-06-03;ATIVADO
27178412;1;1;2026-05-25;2026-07-03;ATIVADO
27178737;1;1;2026-05-23;2026-05-21;ATIVADO
27179373;1;1;2026-05-25;2026-05-21;ATIVADO
27179888;1;1;2026-05-23;2026-06-03;ATIVADO
27179952;1;1;2026-05-30;2026-05-29;ATIVADO
27180174;1;1;2026-05-29;2026-06-17;ATIVADO
27180234;1;1;2026-06-01;2026-07-21;ATIVADO
27182846;1;1;2026-05-27;2026-05-27;ATIVADO
27183045;1;1;2026-05-26;2026-06-24;ATIVADO
27183228;1;1;2026-05-29;2026-07-15;ATIVADO
27183320;1;1;2026-05-22;2026-05-19;ATIVADO
27183534;1;1;2026-05-25;2026-06-23;ATIVADO
27183833;1;1;2026-06-16;2026-06-16;ATIVADO
27184025;1;1;2026-05-29;2026-06-23;ATIVADO
27184075;1;1;2026-05-28;2026-07-07;ATIVADO
27184269;1;1;2026-05-22;2026-05-22;ATIVADO
27184313;1;1;2026-06-15;2026-06-01;ATIVADO
27184470;1;1;2026-06-26;2026-06-23;ATIVADO
27185131;1;1;2026-06-23;2026-05-25;ATIVADO
27185134;1;1;2026-05-25;2026-07-15;ATIVADO
27185180;1;1;2026-05-23;2026-05-25;ATIVADO
27185866;1;1;2026-05-22;2026-06-03;ATIVADO
27186511;1;1;2026-06-01;2026-05-25;ATIVADO
27186563;1;1;2026-05-30;2026-06-15;ATIVADO
27186978;1;1;2026-06-08;2026-06-23;ATIVADO
27187219;1;1;2026-05-24;2026-05-22;ATIVADO
27187548;1;1;2026-06-02;2026-06-10;ATIVADO
27187567;1;1;2026-06-02;2026-06-05;ATIVADO
27187811;1;1;2026-05-26;2026-06-18;ATIVADO
27187897;1;1;2026-06-08;2026-05-26;ATIVADO
27194852;1;1;2026-05-27;2026-05-27;ATIVADO
27195480;1;1;2026-05-25;;ATIVADO
27196757;1;1;2026-06-01;2026-07-01;ATIVADO
27197831;1;1;2026-06-07;2026-05-25;ATIVADO
27201900;1;1;2026-05-26;2026-05-25;ATIVADO
27202813;1;1;2026-05-27;2026-06-26;ATIVADO
27203647;1;1;2026-05-26;2026-07-16;ATIVADO
27203648;1;1;2026-05-27;2026-06-26;ATIVADO
27203820;1;1;2026-06-10;2026-06-29;ATIVADO
27203824;1;1;2026-05-27;2026-06-16;ATIVADO
27203998;1;1;2026-05-27;2026-06-17;ATIVADO
27204109;1;1;2026-05-25;2026-05-25;ATIVADO
27204547;1;1;2026-05-26;2026-05-25;ATIVADO
27204548;1;1;2026-05-26;2026-07-21;ATIVADO
27204596;1;1;2026-05-26;2026-05-25;ATIVADO
27205409;1;1;2026-05-25;2026-06-22;ATIVADO
27205449;1;1;2026-05-28;2026-06-17;ATIVADO
27205561;1;1;2026-05-25;2026-07-20;ATIVADO
27205601;1;1;2026-06-03;2026-06-01;ATIVADO
27205816;1;1;2026-05-27;2026-07-20;ATIVADO
27205819;1;1;2026-05-25;2026-06-30;ATIVADO
27206208;1;1;2026-05-28;2026-06-30;ATIVADO
27206402;1;1;2026-05-26;2026-05-25;ATIVADO
27206620;1;1;2026-05-27;2026-06-23;ATIVADO
27206657;1;1;2026-05-26;2026-06-15;ATIVADO
27206806;1;1;2026-06-15;2026-05-25;ATIVADO
27206967;1;1;2026-05-29;2026-06-22;ATIVADO
27207010;1;1;2026-06-15;2026-06-16;ATIVADO
27207080;1;1;2026-05-28;2026-06-18;ATIVADO
27207222;1;1;2026-06-04;2026-07-02;ATIVADO
27207844;1;1;2026-05-26;2026-06-08;ATIVADO
27208120;1;1;2026-06-06;2026-06-23;ATIVADO
27208682;1;1;2026-05-29;2026-07-16;ATIVADO
27209588;1;1;2026-06-03;2026-05-27;ATIVADO
27211734;1;1;2026-06-23;2026-06-15;ATIVADO
27212027;1;1;2026-05-31;2026-06-16;ATIVADO
27212109;1;1;2026-06-26;2026-06-08;ATIVADO
27212244;1;1;2026-06-18;2026-07-17;ATIVADO
27212662;1;1;2026-05-28;2026-06-08;ATIVADO
27213396;1;1;2026-06-22;2026-07-03;ATIVADO
27213671;1;1;2026-06-16;2026-06-09;ATIVADO
27213787;1;1;2026-05-27;2026-06-15;ATIVADO
27214180;1;1;2026-05-29;2026-07-20;ATIVADO
27214341;1;1;2026-05-27;2026-07-17;ATIVADO
27214670;1;1;2026-06-17;2026-07-07;ATIVADO
27214713;1;1;2026-05-27;2026-06-25;ATIVADO
27215238;1;1;2026-05-30;2026-07-13;ATIVADO
27215468;1;1;2026-05-26;2026-06-25;ATIVADO
27215469;1;1;2026-05-28;2026-06-11;ATIVADO
27215586;1;1;2026-05-29;2026-06-05;ATIVADO
27215628;1;1;2026-06-19;2026-06-18;ATIVADO
27218140;1;1;2026-06-01;2026-06-02;ATIVADO
27218183;1;1;2026-06-01;2026-05-27;ATIVADO
27218191;1;1;2026-06-01;2026-06-17;ATIVADO
27218326;1;1;2026-06-08;2026-07-13;ATIVADO
27218408;1;1;2026-06-03;2026-07-13;ATIVADO
27218440;1;1;2026-06-05;2026-06-25;ATIVADO
27218557;1;1;2026-05-29;2026-05-27;ATIVADO
27218853;1;1;2026-05-29;2026-06-25;ATIVADO
27219011;1;1;2026-05-28;2026-06-29;ATIVADO
27219012;1;1;2026-06-01;2026-07-02;ATIVADO
27219239;1;1;2026-05-27;2026-06-05;ATIVADO
27219386;1;1;2026-05-30;2026-07-14;ATIVADO
27219779;1;1;2026-06-16;;ATIVADO
27220268;1;1;2026-06-03;2026-07-14;ATIVADO
27220586;1;1;2026-06-01;2026-07-03;ATIVADO
27220612;1;1;2026-06-15;2026-07-02;ATIVADO
27220728;1;1;2026-05-28;2026-06-08;ATIVADO
27221226;1;1;2026-06-01;2026-06-22;ATIVADO
27221710;1;1;2026-05-30;2026-06-12;ATIVADO
27221844;1;1;2026-05-28;2026-06-24;ATIVADO
27221976;1;1;2026-06-22;2026-07-20;ATIVADO
27222794;1;1;2026-06-01;2026-06-16;ATIVADO
27224004;1;1;2026-06-01;2026-05-15;ATIVADO
27224121;1;1;2026-06-27;2026-06-19;ATIVADO
27224148;1;1;2026-05-28;2026-06-08;ATIVADO
27224178;1;1;2026-05-28;2026-07-08;ATIVADO
27224204;1;1;2026-06-02;;ATIVADO
27224797;1;1;2026-06-01;2026-06-01;ATIVADO
27225077;1;1;2026-06-01;2026-06-01;ATIVADO
27225260;1;1;2026-06-10;2026-06-05;ATIVADO
27225379;1;1;2026-05-28;2026-05-28;ATIVADO
27225671;1;1;2026-05-29;2026-06-29;ATIVADO
27225765;1;1;2026-06-07;2026-06-29;ATIVADO
27226042;1;1;2026-06-18;2026-07-17;ATIVADO
27226044;1;1;2026-06-02;2026-07-09;ATIVADO
27226258;1;1;2026-06-01;2026-07-01;ATIVADO
27226283;1;1;2026-06-04;2026-05-28;ATIVADO
27226499;1;1;2026-05-29;2026-05-28;ATIVADO
27226686;1;1;2026-06-16;2026-06-18;ATIVADO
27226928;1;1;2026-06-01;2026-06-05;ATIVADO
27227028;1;1;2026-05-29;;ATIVADO
27227040;1;1;2026-05-29;2026-05-28;ATIVADO
27227564;1;1;2026-06-22;2026-07-21;ATIVADO
27227813;1;1;2026-05-29;;ATIVADO
27229021;1;1;2026-06-01;2026-07-03;ATIVADO
27230208;1;1;2026-05-29;2026-05-29;ATIVADO
27230644;1;1;2026-06-01;2026-07-14;ATIVADO
27230847;1;1;2026-06-16;2026-06-15;ATIVADO
27230999;1;1;2026-06-01;2026-07-06;ATIVADO
27231313;1;1;2026-06-04;2026-05-29;ATIVADO
27231723;1;1;2026-05-29;2026-07-21;ATIVADO
27231832;1;1;2026-06-02;;ATIVADO
27232603;1;1;2026-06-08;2026-07-14;ATIVADO
27232645;1;1;2026-06-23;2026-07-15;ATIVADO
27232918;1;1;2026-06-22;2026-06-01;ATIVADO
27233119;1;1;2026-06-02;2026-05-29;ATIVADO
27233551;1;1;2026-06-01;2026-07-02;ATIVADO
27233552;1;1;2026-05-30;2026-07-06;ATIVADO
27233553;1;1;2026-05-31;2026-05-29;ATIVADO
27233620;1;1;2026-06-22;2026-07-16;ATIVADO
27233752;1;1;2026-06-05;2026-06-02;ATIVADO
27233796;1;1;2026-06-01;2026-07-16;ATIVADO
27236147;1;1;2026-06-01;2026-06-23;ATIVADO
27238247;1;1;2026-06-03;2026-06-05;ATIVADO
27238412;1;1;2026-06-03;2026-07-03;ATIVADO
27238724;1;1;2026-06-17;2026-06-15;ATIVADO
27242631;1;1;2026-06-14;2026-06-01;ATIVADO
27243618;1;1;2026-06-08;2026-06-30;ATIVADO
27244325;1;1;2026-06-01;2026-06-16;ATIVADO
27244479;1;1;2026-06-02;2026-06-09;ATIVADO
27244852;1;1;2026-06-01;2026-07-01;ATIVADO
27245126;1;1;2026-06-05;;ATIVADO
27245133;1;1;2026-06-06;2026-06-01;ATIVADO
27245440;1;1;2026-06-06;2026-07-03;ATIVADO
27245444;1;1;2026-06-14;2026-06-15;ATIVADO
27245632;1;1;2026-06-09;;ATIVADO
27245723;1;1;2026-06-02;2026-06-25;ATIVADO
27246140;1;1;2026-06-08;2026-06-02;ATIVADO
27246237;1;1;2026-06-12;2026-06-03;ATIVADO
27246645;1;1;2026-06-03;;ATIVADO
27246846;1;1;2026-06-02;2026-06-03;ATIVADO
27247178;1;1;2026-06-25;2026-06-01;ATIVADO
27247224;1;1;2026-06-02;2026-06-01;ATIVADO
27247226;1;1;2026-06-16;2026-06-02;ATIVADO
27247725;1;1;2026-06-02;2026-07-06;ATIVADO
27247813;1;1;2026-06-05;2026-07-16;ATIVADO
27247878;1;1;2026-06-03;2026-07-06;ATIVADO
27247947;1;1;2026-06-08;2026-06-01;ATIVADO
27248100;1;1;2026-06-01;2026-07-03;ATIVADO
27248412;1;1;2026-06-02;2026-07-15;ATIVADO
27248444;1;1;2026-06-02;2026-07-09;ATIVADO
27248648;1;1;2026-06-03;;ATIVADO
27248732;1;1;2026-06-02;2026-06-01;ATIVADO
27248779;1;1;2026-06-07;2026-06-02;ATIVADO
27248922;1;1;2026-06-09;2026-06-02;ATIVADO
27249528;1;1;2026-06-12;2026-07-03;ATIVADO
27251262;1;1;2026-06-03;2026-06-05;ATIVADO
27251332;1;1;2026-06-02;2026-06-02;ATIVADO
27251609;1;1;2026-06-30;2026-07-07;ATIVADO
27251888;1;1;2026-06-05;2026-06-08;ATIVADO
27251930;1;1;2026-06-03;2026-06-02;ATIVADO
27252622;1;1;2026-06-07;2026-06-02;ATIVADO
27252772;1;1;2026-06-03;2026-06-02;ATIVADO
27253333;1;1;2026-06-03;2026-06-18;ATIVADO
27253698;1;1;2026-06-05;2026-07-08;ATIVADO
27254306;1;1;2026-06-08;2026-06-02;ATIVADO
27254429;1;1;2026-06-02;;ATIVADO
27254526;1;1;2026-06-22;2026-07-02;ATIVADO
27254684;1;1;2026-06-03;2026-06-02;ATIVADO
27254908;1;1;2026-06-04;2026-06-08;ATIVADO
27255023;1;1;2026-06-06;2026-07-20;ATIVADO
27255168;1;1;2026-06-26;2026-07-02;ATIVADO
27255340;1;1;2026-06-08;;ATIVADO
27255403;1;1;2026-06-09;2026-06-08;ATIVADO
27255493;1;1;2026-06-05;2026-06-08;ATIVADO
27255687;1;1;2026-06-05;2026-07-08;ATIVADO
27255734;1;1;2026-06-17;2026-07-21;ATIVADO
27255905;1;1;2026-06-17;2026-06-10;ATIVADO
27258090;1;1;2026-06-05;2026-06-03;ATIVADO
27258418;1;1;2026-06-10;;ATIVADO
27258512;1;1;2026-06-26;2026-06-24;ATIVADO
27258774;1;1;2026-06-03;2026-06-03;ATIVADO
27259240;1;1;2026-06-03;2026-07-13;ATIVADO
27259565;1;1;2026-06-12;2026-06-26;ATIVADO
27259866;1;1;2026-06-17;2026-07-17;ATIVADO
27259948;1;1;2026-06-18;2026-06-03;ATIVADO
27259977;1;1;2026-06-11;2026-07-16;ATIVADO
27260145;1;1;2026-06-23;2026-06-09;ATIVADO
27260634;1;1;2026-06-08;2026-06-03;ATIVADO
27260847;1;1;2026-06-08;2026-07-10;ATIVADO
27261169;1;1;2026-06-05;2026-07-06;ATIVADO
27261220;1;1;2026-06-06;2026-07-07;ATIVADO
27261313;1;1;2026-06-08;2026-06-19;ATIVADO
27261375;1;1;2026-06-10;2026-07-13;ATIVADO
27261564;1;1;2026-06-06;2026-07-07;ATIVADO
27261663;1;1;2026-06-08;2026-06-23;ATIVADO
27261834;1;1;2026-06-25;2026-06-03;ATIVADO
27262017;1;1;2026-06-23;2026-07-20;ATIVADO
27262178;1;1;2026-06-05;2026-06-05;ATIVADO
27262216;1;1;2026-06-04;2026-06-05;ATIVADO
27262397;1;1;2026-06-10;2026-06-03;ATIVADO
27262889;1;1;2026-06-05;2026-07-20;ATIVADO
27262983;1;1;2026-06-08;2026-06-03;ATIVADO
27263611;1;1;2026-06-19;2026-06-10;ATIVADO
27269852;1;1;2026-06-10;2026-06-09;ATIVADO
27269916;1;1;2026-06-09;;ATIVADO
27270077;1;1;2026-06-09;;ATIVADO
27270147;1;1;2026-06-06;2026-07-17;ATIVADO
27270181;1;1;2026-06-09;;ATIVADO
27270235;1;1;2026-06-05;2026-06-16;ATIVADO
27270237;1;1;2026-06-08;2026-06-30;ATIVADO
27271370;1;1;2026-06-09;2026-07-21;ATIVADO
27271580;1;1;2026-06-06;2026-06-09;ATIVADO
27272010;1;1;2026-06-19;2026-06-05;ATIVADO
27272259;1;1;2026-06-08;2026-06-05;ATIVADO
27272285;1;1;2026-06-05;2026-07-09;ATIVADO
27272429;1;1;2026-06-09;2026-07-09;ATIVADO
27272961;1;1;2026-06-08;2026-07-09;ATIVADO
27273465;1;1;2026-06-13;2026-06-23;ATIVADO
27273614;1;1;2026-06-06;2026-06-23;ATIVADO
27273615;1;1;2026-06-10;2026-06-15;ATIVADO
27273658;1;1;2026-06-30;2026-06-08;ATIVADO
27274048;1;1;2026-06-09;2026-06-05;ATIVADO
27274220;1;1;2026-06-23;2026-07-03;ATIVADO
27278765;1;1;2026-06-06;2026-07-06;ATIVADO
27284206;1;1;2026-06-10;2026-06-08;ATIVADO
27284209;1;1;2026-06-20;2026-06-08;ATIVADO
27284749;1;1;2026-06-11;;ATIVADO
27285208;1;1;2026-06-19;2026-07-20;ATIVADO
27285347;1;1;2026-06-12;2026-06-08;ATIVADO
27285354;1;1;2026-06-16;2026-06-16;ATIVADO
27285724;1;1;2026-06-10;;ATIVADO
27285738;1;1;2026-06-15;2026-07-16;ATIVADO
27286398;1;1;2026-06-08;2026-07-13;ATIVADO
27286543;1;1;2026-06-16;2026-06-16;ATIVADO
27286921;1;1;2026-06-10;2026-06-10;ATIVADO
27287117;1;1;2026-06-09;;ATIVADO
27287199;1;1;2026-06-11;;ATIVADO
27287422;1;1;2026-06-12;2026-07-20;ATIVADO
27287671;1;1;2026-06-09;2026-06-08;ATIVADO
27287882;1;1;2026-06-10;;ATIVADO
27288117;1;1;2026-06-09;2026-06-10;ATIVADO
27288292;1;1;2026-06-14;2026-06-09;ATIVADO
27288392;1;1;2026-06-09;2026-06-08;ATIVADO
27288496;1;1;2026-06-22;2026-07-15;ATIVADO
27288497;1;1;2026-06-12;2026-06-08;ATIVADO
27288710;1;1;2026-06-09;2026-07-10;ATIVADO
27288912;1;1;2026-06-17;2026-06-17;ATIVADO
27289179;1;1;2026-06-09;2026-06-09;ATIVADO
27289383;1;1;2026-06-09;2026-07-02;ATIVADO
27290659;1;1;2026-06-09;;ATIVADO
27291056;1;1;2026-06-10;2026-06-10;ATIVADO
27291303;1;1;2026-06-11;;ATIVADO
27291433;1;1;2026-06-11;2026-07-07;ATIVADO
27291522;1;1;2026-06-09;2026-06-29;ATIVADO
27291629;1;1;2026-06-11;2026-07-09;ATIVADO
27291692;1;1;2026-06-20;2026-06-09;ATIVADO
27291830;1;1;2026-06-19;2026-06-09;ATIVADO
27291859;1;1;2026-06-09;2026-06-09;ATIVADO
27292059;1;1;2026-06-15;2026-07-14;ATIVADO
27292184;1;1;2026-06-09;2026-07-21;ATIVADO
27292278;1;1;2026-06-17;2026-06-16;ATIVADO
27292377;1;1;2026-06-10;2026-07-13;ATIVADO
27292518;1;1;2026-06-10;2026-06-09;ATIVADO
27292552;1;1;2026-06-10;2026-07-21;ATIVADO
27292753;1;1;2026-06-09;2026-06-10;ATIVADO
27292879;1;1;2026-06-10;2026-06-09;ATIVADO
27293241;1;1;2026-06-12;2026-06-10;ATIVADO
27294545;1;1;2026-06-10;2026-07-08;ATIVADO
27294561;1;1;2026-06-09;2026-07-14;ATIVADO
27294595;1;1;2026-06-09;2026-06-09;ATIVADO
27294751;1;1;2026-06-20;;ATIVADO
27295174;1;1;2026-06-12;2026-06-24;ATIVADO
27295210;1;1;2026-06-10;2026-06-11;ATIVADO
27295445;1;1;2026-06-10;2026-07-13;ATIVADO
27295761;1;1;2026-06-19;2026-07-03;ATIVADO
27296220;1;1;2026-06-10;2026-06-10;ATIVADO
27297308;1;1;2026-06-11;2026-06-10;ATIVADO
27297401;1;1;2026-06-15;2026-07-07;ATIVADO
27297747;1;1;2026-06-10;;ATIVADO
27297833;1;1;2026-06-22;2026-06-24;ATIVADO
27298172;1;1;2026-06-11;2026-07-13;ATIVADO
27298214;1;1;2026-06-24;2026-06-15;ATIVADO
27298518;1;1;2026-06-15;2026-06-10;ATIVADO
27298915;1;1;2026-06-19;2026-06-15;ATIVADO
27299074;1;1;2026-06-18;2026-06-18;ATIVADO
27299179;1;1;2026-06-12;2026-07-02;ATIVADO
27299481;1;1;2026-06-11;2026-07-08;ATIVADO
27299543;1;1;2026-06-12;2026-06-12;ATIVADO
27299598;1;1;2026-06-29;;ATIVADO
27299704;1;1;2026-06-15;2026-06-15;ATIVADO
27299895;1;1;2026-06-15;;ATIVADO
27299972;1;1;2026-06-20;2026-06-11;ATIVADO
27300411;1;1;2026-06-17;2026-06-16;ATIVADO
27300485;1;1;2026-06-10;2026-07-02;ATIVADO
27300664;1;1;2026-06-15;2026-07-16;ATIVADO
27300791;1;1;2026-06-11;2026-06-12;ATIVADO
27300971;1;1;2026-06-12;2026-07-01;ATIVADO
27301446;1;1;2026-06-16;2026-06-10;ATIVADO
27301649;1;1;2026-06-12;2026-06-11;ATIVADO
27301692;1;1;2026-06-11;2026-06-11;ATIVADO
27302664;1;1;2026-06-26;2026-06-11;ATIVADO
27304270;1;1;2026-06-18;2026-06-11;ATIVADO
27304285;1;1;2026-06-15;2026-06-11;ATIVADO
27304428;1;1;2026-06-15;;ATIVADO
27304979;1;1;2026-06-16;2026-06-17;ATIVADO
27305423;1;1;2026-06-16;;ATIVADO
27306118;1;1;2026-06-16;2026-06-15;ATIVADO
27306428;1;1;2026-06-22;2026-07-02;ATIVADO
27306543;1;1;2026-06-18;2026-06-15;ATIVADO
27306544;1;1;2026-06-16;2026-07-01;ATIVADO
27306581;1;1;2026-06-22;2026-06-11;ATIVADO
27306947;1;1;2026-06-12;2026-06-15;ATIVADO
27308431;1;1;2026-06-16;2026-07-16;ATIVADO
27308798;1;1;2026-06-17;2026-07-17;ATIVADO
27310045;1;1;2026-06-12;2026-06-16;ATIVADO
27310114;1;1;2026-06-15;2026-07-13;ATIVADO
27310146;1;1;2026-06-15;2026-06-15;ATIVADO
27310193;1;1;2026-06-16;2026-06-19;ATIVADO
27310926;1;1;2026-06-16;;ATIVADO
27310938;1;1;2026-06-15;2026-06-17;ATIVADO
27310987;1;1;2026-06-12;2026-06-12;ATIVADO
27311078;1;1;2026-06-15;;ATIVADO
27311422;1;1;2026-06-16;;ATIVADO
27311467;1;1;2026-06-22;2026-07-20;ATIVADO
27311906;1;1;2026-06-12;2026-06-12;ATIVADO
27312171;1;1;2026-06-15;2026-06-12;ATIVADO
27312886;1;1;2026-06-29;2026-06-29;ATIVADO
27313237;1;1;2026-06-19;2026-07-20;ATIVADO
27313281;1;1;2026-06-16;2026-07-01;ATIVADO
27314245;1;1;2026-06-18;2026-06-24;ATIVADO
27314460;1;1;2026-06-15;2026-06-15;ATIVADO
27319935;1;1;2026-06-17;2026-06-15;ATIVADO
2732447;1;1;2026-06-30;2026-06-26;REATIVADO
27324566;1;1;2026-06-28;2026-06-17;ATIVADO
27324776;1;1;2026-06-15;2026-06-15;ATIVADO
2732544;1;1;2026-05-14;2026-07-20;REATIVADO
27325537;1;1;2026-06-15;2026-06-17;ATIVADO
27325792;1;1;2026-06-19;;ATIVADO
27327337;1;1;2026-06-26;2026-06-17;ATIVADO
27327438;1;1;2026-06-20;;ATIVADO
27327735;1;1;2026-06-20;2026-06-30;ATIVADO
27327736;1;1;2026-06-16;2026-07-07;ATIVADO
27328039;1;1;2026-06-20;2026-06-16;ATIVADO
27328192;1;1;2026-06-30;2026-07-01;ATIVADO
27328699;1;1;2026-06-23;2026-06-23;ATIVADO
27328889;1;1;2026-06-22;2026-07-20;ATIVADO
27330757;1;1;2026-06-21;2026-07-14;ATIVADO
27330797;1;1;2026-06-16;2026-06-18;ATIVADO
27331082;1;1;2026-06-23;;ATIVADO
27331468;1;1;2026-06-19;2026-07-14;ATIVADO
27331469;1;1;2026-06-19;2026-07-20;ATIVADO
27331761;1;1;2026-06-16;;ATIVADO
27331908;1;1;2026-06-18;2026-06-23;ATIVADO
27331910;1;1;2026-06-18;2026-07-21;ATIVADO
27332645;1;1;2026-06-17;2026-06-16;ATIVADO
27333328;1;1;2026-06-19;2026-06-16;ATIVADO
27333437;1;1;2026-06-18;2026-07-13;ATIVADO
27333537;1;1;2026-06-19;2026-06-19;ATIVADO
27333895;1;1;2026-06-23;2026-06-17;ATIVADO
27333936;1;1;2026-06-19;2026-06-16;ATIVADO
27334176;1;1;2026-06-22;2026-06-19;ATIVADO
27334599;1;1;2026-06-19;;ATIVADO
27334648;1;1;2026-06-17;2026-06-16;ATIVADO
27334699;1;1;2026-06-22;2026-06-25;ATIVADO
27334767;1;1;2026-06-23;2026-07-01;ATIVADO
27334946;1;1;2026-06-17;2026-06-18;ATIVADO
27335188;1;1;2026-06-17;2026-06-17;ATIVADO
27337840;1;1;2026-06-24;2026-07-21;ATIVADO
27338007;1;1;2026-06-18;2026-07-08;ATIVADO
27338197;1;1;2026-06-22;2026-06-24;ATIVADO
27339374;1;1;2026-06-25;2026-06-22;ATIVADO
27340269;1;1;2026-06-22;;ATIVADO
27340378;1;1;2026-06-23;;ATIVADO
27340511;1;1;2026-06-18;2026-06-22;ATIVADO
27340665;1;1;2026-06-22;2026-06-17;ATIVADO
27340666;1;1;2026-06-22;2026-06-22;ATIVADO
27340925;1;1;2026-06-24;2026-07-13;ATIVADO
27340958;1;1;2026-06-18;2026-07-01;ATIVADO
27341627;1;1;2026-06-29;2026-07-20;ATIVADO
27343196;1;1;2026-06-27;2026-06-25;ATIVADO
27344133;1;1;2026-06-18;2026-07-07;ATIVADO
27344242;1;1;2026-06-22;;ATIVADO
27344504;1;1;2026-06-22;;ATIVADO
27344548;1;1;2026-06-22;2026-07-13;ATIVADO
27344614;1;1;2026-06-18;2026-06-18;ATIVADO
27344799;1;1;2026-06-30;2026-06-29;ATIVADO
27344848;1;1;2026-06-22;;ATIVADO
27344915;1;1;2026-06-26;2026-07-01;ATIVADO
27345668;1;1;2026-06-22;2026-07-02;ATIVADO
27346100;1;1;2026-06-29;2026-06-18;ATIVADO
27346464;1;1;2026-06-23;2026-06-23;ATIVADO
27346935;1;1;2026-06-19;2026-07-20;ATIVADO
27347049;1;1;2026-06-30;2026-07-02;ATIVADO
27347260;1;1;2026-06-30;2026-07-01;ATIVADO
27347750;1;1;2026-06-22;2026-07-20;ATIVADO
27349739;1;1;2026-06-23;2026-07-07;ATIVADO
27350806;1;1;2026-06-20;;ATIVADO
27351104;1;1;2026-06-25;2026-07-16;ATIVADO
27351601;1;1;2026-06-24;2026-07-08;ATIVADO
27352395;1;1;2026-06-19;2026-07-21;ATIVADO
27352920;1;1;2026-06-25;2026-06-23;ATIVADO
27353482;1;1;2026-06-22;2026-06-26;ATIVADO
27358317;1;1;2026-06-25;2026-06-30;ATIVADO
27358711;1;1;2026-06-26;2026-06-26;ATIVADO
27363873;1;1;2026-06-22;;ATIVADO
27364396;1;1;2026-06-24;2026-07-08;ATIVADO
27364883;1;1;2026-06-23;2026-07-14;ATIVADO
27364939;1;1;2026-06-23;2026-07-09;ATIVADO
27365100;1;1;2026-06-26;;ATIVADO
27365298;1;1;2026-06-24;2026-07-02;ATIVADO
27365730;1;1;2026-06-22;2026-06-23;ATIVADO
27366028;1;1;2026-06-23;2026-06-23;ATIVADO
27366105;1;1;2026-06-26;2026-06-19;ATIVADO
27366106;1;1;2026-06-23;2026-07-14;ATIVADO
27366330;1;1;2026-06-23;2026-06-22;ATIVADO
27367097;1;1;2026-06-26;;ATIVADO
27367560;1;1;2026-06-28;;ATIVADO
27367602;1;1;2026-06-23;2026-06-23;ATIVADO
27367985;1;1;2026-06-22;2026-07-20;ATIVADO
27368117;1;1;2026-06-25;2026-06-23;ATIVADO
27368467;1;1;2026-06-23;2026-07-01;ATIVADO
27368572;1;1;2026-06-26;2026-06-26;ATIVADO
27368893;1;1;2026-06-23;2026-06-23;ATIVADO
27369180;1;1;2026-06-23;2026-06-24;ATIVADO
27370375;1;1;2026-06-27;2026-06-25;ATIVADO
27372350;1;1;2026-06-25;2026-06-25;ATIVADO
27372574;1;1;2026-06-29;2026-06-25;ATIVADO
27372623;1;1;2026-06-30;2026-07-01;ATIVADO
27372665;1;1;2026-06-24;;ATIVADO
27372763;1;1;2026-06-25;2026-06-23;ATIVADO
27372831;1;1;2026-06-29;;ATIVADO
27373032;1;1;2026-06-24;2026-06-25;ATIVADO
27373034;1;1;2026-06-26;2026-07-03;ATIVADO
27373692;1;1;2026-06-29;2026-06-24;ATIVADO
27374547;1;1;2026-06-25;2026-06-26;ATIVADO
27374761;1;1;2026-06-27;2026-06-26;ATIVADO
27374879;1;1;2026-06-27;2026-06-23;ATIVADO
27378410;1;1;2026-06-26;2026-06-23;ATIVADO
27378727;1;1;2026-06-24;2026-06-25;ATIVADO
27379121;1;1;2026-06-30;2026-07-03;ATIVADO
27380160;1;1;2026-06-24;2026-06-24;ATIVADO
27380470;1;1;2026-06-25;2026-07-02;ATIVADO
27380690;1;1;2026-06-30;2026-07-20;ATIVADO
27380949;1;1;2026-06-25;2026-07-15;ATIVADO
27381006;1;1;2026-06-29;2026-06-24;ATIVADO
27381119;1;1;2026-06-29;2026-07-06;ATIVADO
27381133;1;1;2026-06-25;;ATIVADO
27381147;1;1;2026-06-29;2026-07-09;ATIVADO
27381167;1;1;2026-06-26;2026-06-26;ATIVADO
27381344;1;1;2026-06-26;2026-06-25;ATIVADO
27381372;1;1;2026-06-28;2026-07-20;ATIVADO
27381524;1;1;2026-06-26;2026-06-25;ATIVADO
27381605;1;1;2026-06-26;2026-06-24;ATIVADO
27383903;1;1;2026-06-30;;ATIVADO
27384028;1;1;2026-06-29;2026-06-30;ATIVADO
27384387;1;1;2026-06-25;2026-06-25;ATIVADO
27385432;1;1;2026-06-25;2026-07-01;ATIVADO
27386668;1;1;2026-06-25;2026-07-20;ATIVADO
27386791;1;1;2026-06-25;2026-07-21;ATIVADO
27389776;1;1;2026-06-29;2026-07-06;ATIVADO
27390268;1;1;2026-06-30;2026-07-06;ATIVADO
27391249;1;1;2026-06-27;2026-07-02;ATIVADO
27392136;1;1;2026-06-30;2026-06-29;ATIVADO
27392169;1;1;2026-06-30;2026-07-01;ATIVADO
27393053;1;1;2026-06-29;2026-07-06;ATIVADO
27394344;1;1;2026-06-27;2026-07-15;ATIVADO
27395253;1;1;2026-06-30;2026-07-02;ATIVADO
27405808;1;1;2026-06-30;2026-06-30;ATIVADO
27405905;1;1;2026-06-29;2026-06-30;ATIVADO
27406876;1;1;2026-06-30;2026-06-29;ATIVADO
27407054;1;1;2026-06-30;;ATIVADO
27407248;1;1;2026-06-30;2026-07-01;ATIVADO
27407521;1;1;2026-06-29;2026-06-30;ATIVADO
27408026;1;1;2026-06-30;2026-07-21;ATIVADO
27408634;1;1;2026-06-30;2026-07-07;ATIVADO
2740988;1;1;2026-03-26;;ATIVADO
27409896;1;1;2026-06-30;2026-07-21;ATIVADO
27411180;1;1;2026-06-30;2026-07-01;ATIVADO
27412453;1;1;2026-06-30;;ATIVADO
27414719;1;1;2026-06-30;2026-06-30;ATIVADO
2742076;1;1;2026-06-17;2026-06-01;REATIVADO
2743674;1;1;2026-06-01;2026-07-17;REATIVADO
2752729;1;1;2026-01-14;2026-06-15;REATIVADO
2765446;1;1;2026-05-27;2025-12-10;REATIVADO
2766575;1;1;2026-05-11;2026-05-08;REATIVADO
2767767;1;1;2026-05-11;2026-06-18;REATIVADO
2774733;1;1;2026-03-06;2026-07-15;REATIVADO
2775047;1;1;2026-02-04;2026-05-19;REATIVADO
2775963;1;1;2026-03-24;2026-05-05;REATIVADO
2781310;1;1;2026-04-17;2026-03-24;REATIVADO
2781921;1;1;2026-05-25;2026-07-20;REATIVADO
2783042;1;1;2026-04-01;2025-10-23;REATIVADO
2788119;1;1;2026-03-02;2026-04-16;REATIVADO
2789984;1;1;2026-02-27;2026-07-17;REATIVADO
2794247;1;1;2026-05-19;2026-06-18;REATIVADO
2798901;1;1;2026-04-27;2026-04-23;REATIVADO
2799362;1;1;2026-04-01;2026-03-31;REATIVADO
2807413;1;1;2026-03-19;2026-07-07;REATIVADO
2807934;1;1;2026-04-29;2026-07-09;REATIVADO
28080;1;1;2026-06-15;2026-06-26;REATIVADO
2816248;1;1;2026-04-27;2026-04-27;REATIVADO
2825494;1;1;2026-01-20;2026-05-20;REATIVADO
2832841;1;1;2026-06-02;2026-01-19;REATIVADO
283364;1;1;2026-05-04;2026-04-08;REATIVADO
2844157;1;1;2026-03-05;2026-07-16;REATIVADO
2849263;1;1;2026-03-17;2026-04-16;REATIVADO
2851862;1;1;2026-03-23;2026-06-22;REATIVADO
2856134;1;1;2026-04-26;2026-06-29;REATIVADO
2857806;1;1;2026-02-23;2026-04-22;REATIVADO
2858616;1;1;2026-03-26;2026-05-05;REATIVADO
2870067;1;1;2026-02-23;2026-07-09;REATIVADO
2870277;1;1;2026-05-08;2026-06-23;REATIVADO
2878109;1;1;2026-02-07;2026-05-22;REATIVADO
2878551;1;1;2026-04-22;2026-06-16;REATIVADO
2882878;1;1;2026-06-07;2026-05-19;REATIVADO
2883191;1;1;2026-04-06;2026-07-20;REATIVADO
2886303;1;1;2026-02-24;2026-07-21;REATIVADO
2893212;1;1;2026-03-23;2026-05-04;ATIVADO
2894279;1;1;2026-01-26;2026-05-05;REATIVADO
2910443;1;1;2026-06-24;2026-06-23;REATIVADO
2925506;1;1;2026-03-12;2026-03-12;REATIVADO
2926684;1;1;2026-06-15;2026-04-09;REATIVADO
2927596;1;1;2026-03-17;2026-07-15;REATIVADO
2931933;1;1;2026-03-10;;REATIVADO
2933234;1;1;2026-05-18;2025-07-23;REATIVADO
2935704;1;1;2026-04-24;2026-07-10;REATIVADO
2940415;1;1;2026-05-08;2026-05-28;REATIVADO
2940551;1;1;2026-03-18;2026-05-05;REATIVADO
2941620;1;1;2026-03-26;2026-04-28;ATIVADO
2956808;1;1;2026-03-22;2026-04-01;REATIVADO
2965943;1;1;2026-03-09;2026-04-24;REATIVADO
2972211;1;1;2026-03-12;2026-05-11;REATIVADO
2974406;1;1;2026-02-11;2026-04-15;REATIVADO
2979292;1;1;2026-03-25;2026-04-07;REATIVADO
2986328;1;1;2026-01-21;2026-07-17;REATIVADO
299105;1;1;2026-03-19;2026-06-09;REATIVADO
2993080;1;1;2026-01-19;2026-05-22;REATIVADO
3002693;1;1;2026-03-28;2026-06-15;REATIVADO
3007446;1;1;2026-06-15;2026-03-30;REATIVADO
3020423;1;1;2026-01-16;2026-05-04;REATIVADO
3025962;1;1;2026-03-18;2026-06-25;REATIVADO
3027849;1;1;2026-01-12;2026-06-30;REATIVADO
3031598;1;1;2026-04-27;2026-05-28;REATIVADO
3041646;1;1;2026-01-19;2026-07-15;REATIVADO
3050425;1;1;2026-05-06;2026-05-04;REATIVADO
3052034;1;1;2026-06-01;2026-07-06;REATIVADO
3065261;1;1;2026-03-03;2026-05-19;REATIVADO
3073323;1;1;2026-01-05;2026-03-19;REATIVADO
3074706;1;1;2026-06-29;2026-05-19;REATIVADO
3077567;1;1;2026-02-09;2026-06-02;REATIVADO
307820;1;1;2026-01-28;2026-05-26;REATIVADO
307930;1;1;2026-05-11;2026-06-15;ATIVADO
3083899;1;1;2026-03-23;2026-05-29;REATIVADO
3083904;1;1;2026-04-19;2026-07-07;REATIVADO
3084772;1;1;2026-04-23;2026-04-30;REATIVADO
3091321;1;1;2026-04-27;2026-05-06;REATIVADO
3092788;1;1;2026-01-21;2026-04-22;REATIVADO
3113236;1;1;2026-02-22;2026-07-21;REATIVADO
3116988;1;1;2026-05-05;2026-06-08;REATIVADO
3122960;1;1;2026-06-18;;ATIVADO
31239;1;1;2026-05-14;2026-05-26;REATIVADO
3125492;1;1;2026-04-24;;REATIVADO
3135638;1;1;2026-05-18;2026-05-14;REATIVADO
3145761;1;1;2026-04-11;2026-06-05;REATIVADO
3152791;1;1;2026-03-11;2026-05-29;REATIVADO
3155505;1;1;2026-06-08;2026-05-26;REATIVADO
3161276;1;1;2026-04-14;2026-04-16;REATIVADO
3168667;1;1;2026-02-11;2025-07-31;REATIVADO
3170192;1;1;2026-02-22;2026-05-27;REATIVADO
3176975;1;1;2026-06-26;2026-06-26;ATIVADO
3186474;1;1;2026-04-16;2025-12-02;REATIVADO
3189407;1;1;2026-03-05;2025-07-23;REATIVADO
3189523;1;1;2026-03-23;2026-05-18;ATIVADO
3190931;1;1;2026-02-09;;ATIVADO
3211799;1;1;2026-04-27;;REATIVADO
3215114;1;1;2026-03-11;2026-06-15;REATIVADO
321738;1;1;2026-04-07;2026-07-16;REATIVADO
3217858;1;1;2026-06-23;2026-06-30;REATIVADO
3220551;1;1;2026-05-12;2026-04-27;REATIVADO
3227596;1;1;2026-06-10;;REATIVADO
3239052;1;1;2026-05-12;;REATIVADO
3244664;1;1;2026-04-28;2026-04-28;REATIVADO
3246290;1;1;2026-04-27;2026-04-08;REATIVADO
3246324;1;1;2026-03-24;2026-04-08;REATIVADO
3250729;1;1;2026-06-07;2026-06-02;REATIVADO
325328;1;1;2026-05-19;2026-05-18;REATIVADO
325335;1;1;2026-02-11;2026-05-04;REATIVADO
325338;1;1;2026-05-22;;REATIVADO
3254889;1;1;2026-04-07;2026-04-28;REATIVADO
3261337;1;1;2026-04-13;2025-12-18;REATIVADO
3262706;1;1;2026-06-21;2025-07-28;REATIVADO
3266990;1;1;2026-05-29;2026-02-23;REATIVADO
3274239;1;1;2026-01-07;2026-06-22;ATIVADO
327455;1;1;2026-01-02;2026-05-26;REATIVADO
3275250;1;1;2026-01-13;2026-07-09;REATIVADO
3276996;1;1;2026-06-22;2026-06-26;REATIVADO
3277510;1;1;2026-02-03;2026-06-25;REATIVADO
3288974;1;1;2026-03-31;2026-06-30;REATIVADO
328905;1;1;2026-03-27;2026-04-30;REATIVADO
3289754;1;1;2026-06-30;2025-11-19;REATIVADO
3293686;1;1;2026-02-06;2026-06-09;REATIVADO
3295930;1;1;2026-02-22;2026-06-18;REATIVADO
3296409;1;1;2026-03-25;2025-08-08;REATIVADO
3314805;1;1;2026-06-21;2026-06-02;REATIVADO
3318724;1;1;2026-05-13;2026-07-21;REATIVADO
3319313;1;1;2026-06-23;2026-06-23;REATIVADO
3323361;1;1;2026-02-08;2026-05-26;REATIVADO
3329783;1;1;2026-01-12;2026-05-18;REATIVADO
3332303;1;1;2026-05-12;2025-12-10;REATIVADO
3340985;1;1;2026-03-11;2026-04-29;REATIVADO
3341506;1;1;2026-05-25;2025-10-31;REATIVADO
3343569;1;1;2026-01-11;2026-02-23;REATIVADO
3343967;1;1;2026-06-22;2026-04-30;REATIVADO
334816;1;1;2026-06-01;2025-10-22;REATIVADO
3351563;1;1;2026-02-14;2026-05-18;REATIVADO
3352527;1;1;2026-03-20;2025-10-06;REATIVADO
3359938;1;1;2026-02-06;2026-06-17;REATIVADO
3368298;1;1;2026-05-08;2026-04-09;REATIVADO
3370441;1;1;2026-03-30;2026-04-02;REATIVADO
337117;1;1;2026-03-09;2026-06-17;REATIVADO
3375599;1;1;2026-06-01;2026-07-03;REATIVADO
3379407;1;1;2026-02-23;2026-04-23;REATIVADO
3379489;1;1;2026-04-08;2026-03-09;REATIVADO
339258;1;1;2026-04-08;2026-05-20;ATIVADO
3396225;1;1;2026-06-10;2026-05-21;REATIVADO
3406776;1;1;2026-04-12;2025-07-25;REATIVADO
3409983;1;1;2026-04-02;2026-05-26;REATIVADO
3417732;1;1;2026-05-22;2026-06-30;REATIVADO
3421614;1;1;2026-03-17;2026-07-06;REATIVADO
3482839;1;1;2026-04-05;2026-05-04;REATIVADO
3489989;1;1;2026-05-21;2026-06-24;REATIVADO
3490534;1;1;2026-06-23;2026-06-11;REATIVADO
3491464;1;1;2026-05-29;2026-07-15;REATIVADO
3493374;1;1;2026-03-29;2026-04-09;REATIVADO
3499576;1;1;2026-04-13;2026-06-16;REATIVADO
3500740;1;1;2026-02-04;;REATIVADO
3506671;1;1;2026-01-15;2026-05-28;REATIVADO
3507457;1;1;2026-05-07;2026-05-06;REATIVADO
3507663;1;1;2026-02-03;2026-06-19;REATIVADO
3509674;1;1;2026-06-29;2026-06-23;REATIVADO
3509828;1;1;2026-05-14;2026-06-27;REATIVADO
3511509;1;1;2026-03-24;2026-06-26;REATIVADO
3530893;1;1;2026-04-09;2026-06-30;ATIVADO
3531975;1;1;2026-02-27;2026-07-07;REATIVADO
3544453;1;1;2026-02-09;2026-06-17;REATIVADO
3547788;1;1;2026-01-19;2026-05-21;REATIVADO
3548982;1;1;2026-06-18;2026-07-02;REATIVADO
3549838;1;1;2026-02-24;2026-03-13;REATIVADO
3550726;1;1;2026-04-20;2026-05-11;REATIVADO
3563337;1;1;2026-06-16;2026-06-15;REATIVADO
3563493;1;1;2026-06-17;2026-03-18;REATIVADO
356782;1;1;2026-05-11;2026-05-28;REATIVADO
3589352;1;1;2026-06-07;2026-06-08;REATIVADO
3589566;1;1;2026-02-13;2026-05-25;REATIVADO
3590223;1;1;2026-03-28;2026-04-10;REATIVADO
3590420;1;1;2026-03-26;2026-06-12;REATIVADO
3594875;1;1;2026-06-01;2026-06-17;REATIVADO
3601546;1;1;2026-05-30;2026-02-09;REATIVADO
3604988;1;1;2026-05-26;2026-07-07;REATIVADO
3607706;1;1;2026-04-19;2025-12-19;REATIVADO
361588;1;1;2026-04-09;2026-05-11;REATIVADO
3619379;1;1;2026-02-01;2026-02-18;REATIVADO
3619551;1;1;2026-04-02;;REATIVADO
362186;1;1;2026-03-09;2025-08-05;REATIVADO
3622553;1;1;2026-05-21;2026-05-20;REATIVADO
362311;1;1;2026-06-27;2025-09-17;REATIVADO
362623;1;1;2026-02-05;2025-10-09;REATIVADO
3627179;1;1;2026-06-16;2026-07-21;REATIVADO
3630402;1;1;2026-03-19;2026-05-13;REATIVADO
3636367;1;1;2026-03-25;;REATIVADO
3637596;1;1;2026-01-11;2026-04-06;REATIVADO
3638154;1;1;2026-04-22;2026-07-14;REATIVADO
363894;1;1;2026-03-11;2026-03-05;REATIVADO
3656832;1;1;2026-04-06;2026-05-19;REATIVADO
3666396;1;1;2026-05-26;2026-07-16;REATIVADO
3686245;1;1;2026-04-13;;REATIVADO
368684;1;1;2026-05-05;2026-07-09;REATIVADO
3701529;1;1;2026-04-15;2026-06-09;REATIVADO
3711596;1;1;2026-05-26;2026-07-17;REATIVADO
3721012;1;1;2026-04-20;2026-04-20;REATIVADO
3722420;1;1;2026-02-08;2026-07-08;REATIVADO
3724281;1;1;2026-04-21;2026-04-24;REATIVADO
3724560;1;1;2026-05-28;2026-03-16;REATIVADO
3729889;1;1;2026-03-24;;REATIVADO
3731555;1;1;2026-01-06;2026-02-12;REATIVADO
373356;1;1;2026-06-12;2026-06-16;ATIVADO
3736724;1;1;2026-02-09;2026-06-03;REATIVADO
3739349;1;1;2026-02-09;2026-06-26;REATIVADO
3750958;1;1;2026-06-29;2026-04-13;REATIVADO
3753547;1;1;2026-03-24;2026-03-25;REATIVADO
3755045;1;1;2026-05-27;;REATIVADO
3771353;1;1;2026-04-28;2026-06-19;REATIVADO
3772096;1;1;2026-02-16;2026-05-22;REATIVADO
3773248;1;1;2026-03-10;;REATIVADO
3776365;1;1;2026-01-06;2026-07-01;REATIVADO
3777851;1;1;2026-04-23;2026-07-20;REATIVADO
3785736;1;1;2026-04-24;;REATIVADO
3787561;1;1;2026-02-09;2026-07-21;REATIVADO
3787628;1;1;2026-02-09;2026-02-09;REATIVADO
3794445;1;1;2026-06-03;2026-06-03;REATIVADO
3809434;1;1;2026-02-02;2026-06-17;REATIVADO
3812635;1;1;2026-04-28;2026-05-26;REATIVADO
3816635;1;1;2026-05-05;2026-07-20;REATIVADO
3821987;1;1;2026-03-23;2026-04-22;REATIVADO
3824122;1;1;2026-02-26;2026-05-21;REATIVADO
3834965;1;1;2026-05-12;;REATIVADO
3842059;1;1;2026-05-18;2025-09-03;REATIVADO
3843204;1;1;2026-05-17;2026-05-19;REATIVADO
3843970;1;1;2026-02-05;2026-04-20;REATIVADO
3844477;1;1;2026-04-27;2026-03-13;REATIVADO
3845561;1;1;2026-05-21;2026-05-21;REATIVADO
385016;1;1;2026-03-02;2026-06-24;ATIVADO
385131;1;1;2026-06-30;2026-07-13;REATIVADO
3853454;1;1;2026-04-29;2026-05-23;REATIVADO
3855896;1;1;2026-03-04;;REATIVADO
3863169;1;1;2026-03-12;2026-03-16;REATIVADO
3876114;1;1;2026-04-30;2026-04-06;REATIVADO
3877393;1;1;2026-04-14;2026-07-15;REATIVADO
3883938;1;1;2026-06-01;2026-07-06;REATIVADO
3900437;1;1;2026-01-13;2026-02-23;REATIVADO
3901563;1;1;2026-05-06;2026-05-14;REATIVADO
3931866;1;1;2026-01-11;2026-05-08;REATIVADO
3933701;1;1;2026-06-01;2026-07-14;REATIVADO
3943071;1;1;2026-01-13;2026-07-02;REATIVADO
3943458;1;1;2026-05-05;;REATIVADO
3953862;1;1;2026-03-30;2026-03-26;REATIVADO
3954762;1;1;2026-04-18;2026-05-18;REATIVADO
3961005;1;1;2026-01-12;2026-05-22;REATIVADO
3966346;1;1;2026-02-18;2026-05-21;REATIVADO
3978584;1;1;2026-05-06;2026-05-05;REATIVADO
3979943;1;1;2026-04-27;2026-05-22;REATIVADO
3981320;1;1;2026-01-13;2026-06-03;REATIVADO
4041327;1;1;2026-05-17;2026-06-08;ATIVADO
4051009;1;1;2026-01-19;2026-02-03;REATIVADO
405165;1;1;2026-06-15;;REATIVADO
405227;1;1;2026-06-30;2026-05-13;REATIVADO
407860;1;1;2026-04-13;2026-04-13;ATIVADO
4082333;1;1;2026-03-26;2026-04-27;REATIVADO
4084290;1;1;2026-03-24;2026-06-11;REATIVADO
4088567;1;1;2026-06-30;;REATIVADO
4090378;1;1;2026-04-14;2026-04-28;REATIVADO
4094179;1;1;2026-02-11;2026-03-10;REATIVADO
4102176;1;1;2026-05-11;2026-04-28;REATIVADO
4102733;1;1;2026-05-18;2026-04-23;REATIVADO
4113849;1;1;2026-06-01;2026-04-28;REATIVADO
4117786;1;1;2026-05-28;2026-07-10;REATIVADO
4142799;1;1;2026-05-28;2025-12-10;REATIVADO
4143299;1;1;2026-05-30;2026-03-13;REATIVADO
4144387;1;1;2026-02-11;2026-01-07;REATIVADO
4153114;1;1;2026-01-12;2025-08-29;REATIVADO
4153126;1;1;2026-04-27;2026-06-26;REATIVADO
415319;1;1;2026-06-01;2026-05-07;REATIVADO
4154623;1;1;2026-06-17;2026-03-16;REATIVADO
4155490;1;1;2026-05-29;2026-06-03;REATIVADO
4166969;1;1;2026-03-10;2025-10-01;ATIVADO
4176206;1;1;2026-06-29;2025-11-05;REATIVADO
4186046;1;1;2026-02-08;2026-05-04;REATIVADO
418780;1;1;2026-05-04;2026-02-02;REATIVADO
419592;1;1;2026-06-30;2026-07-15;REATIVADO
4198165;1;1;2026-04-14;2026-04-10;ATIVADO
421065;1;1;2026-05-13;2026-06-15;REATIVADO
4212027;1;1;2026-04-27;2026-05-29;REATIVADO
4219163;1;1;2026-03-07;2026-07-17;REATIVADO
4225370;1;1;2026-05-13;2026-05-07;REATIVADO
4262751;1;1;2026-02-02;2026-03-27;REATIVADO
4269164;1;1;2026-04-15;2026-05-05;REATIVADO
4272260;1;1;2026-03-16;2026-05-29;REATIVADO
4273535;1;1;2026-04-08;2026-07-17;REATIVADO
4273789;1;1;2026-01-06;2026-05-28;REATIVADO
4276294;1;1;2026-03-09;2026-05-25;REATIVADO
4282280;1;1;2026-03-16;2026-05-05;REATIVADO
4293226;1;1;2026-06-25;2026-06-09;REATIVADO
4296813;1;1;2026-02-11;2026-07-17;REATIVADO
4296830;1;1;2026-02-02;2026-05-29;REATIVADO
4304383;1;1;2026-04-15;2026-05-06;REATIVADO
4306843;1;1;2026-01-18;2026-04-27;REATIVADO
4330514;1;1;2026-03-06;2026-07-03;REATIVADO
4333411;1;1;2026-03-30;2026-03-30;REATIVADO
4341303;1;1;2026-01-16;2026-02-10;REATIVADO
4353701;1;1;2026-05-04;2026-05-13;REATIVADO
4355688;1;1;2026-03-16;2026-04-02;REATIVADO
4370060;1;1;2026-05-18;2026-05-26;REATIVADO
4380183;1;1;2026-03-05;2026-06-30;REATIVADO
4392153;1;1;2026-02-24;2026-06-12;REATIVADO
4392972;1;1;2026-03-01;2026-06-16;REATIVADO
4398093;1;1;2026-03-01;;REATIVADO
4398924;1;1;2026-03-11;2026-07-09;REATIVADO
4399203;1;1;2026-01-18;2026-05-13;REATIVADO
4407947;1;1;2026-06-08;2026-06-10;REATIVADO
4408041;1;1;2026-01-16;2026-05-07;REATIVADO
4417423;1;1;2026-03-29;;REATIVADO
4419365;1;1;2026-03-05;2026-04-20;REATIVADO
4422057;1;1;2026-04-13;2026-04-07;REATIVADO
4422074;1;1;2026-01-27;;REATIVADO
4422567;1;1;2026-02-16;2026-03-23;REATIVADO
4422951;1;1;2026-03-31;2026-03-30;REATIVADO
4423469;1;1;2026-02-12;2026-07-02;REATIVADO
4424563;1;1;2026-05-21;2026-07-13;REATIVADO
4432198;1;1;2026-03-29;2026-04-22;REATIVADO
4442068;1;1;2026-06-01;2026-05-21;REATIVADO
4457429;1;1;2026-01-03;2026-05-04;REATIVADO
4458349;1;1;2026-04-24;2026-07-15;REATIVADO
4459055;1;1;2026-06-12;;REATIVADO
4464619;1;1;2026-05-18;2026-06-16;REATIVADO
4465990;1;1;2026-03-27;2026-03-27;REATIVADO
4466321;1;1;2026-06-05;;REATIVADO
4469685;1;1;2026-03-02;2026-03-31;REATIVADO
4477621;1;1;2026-02-24;2026-04-07;REATIVADO
4484087;1;1;2026-04-07;2026-07-08;REATIVADO
4487156;1;1;2026-05-18;2025-11-05;REATIVADO
4487706;1;1;2026-05-10;2026-05-07;REATIVADO
4489797;1;1;2026-01-12;2026-05-13;ATIVADO
4491645;1;1;2026-03-01;2026-06-10;REATIVADO
4492610;1;1;2026-06-12;2026-02-27;REATIVADO
4499987;1;1;2026-04-13;;REATIVADO
4502394;1;1;2026-03-23;2026-07-20;REATIVADO
4507927;1;1;2026-05-13;2026-07-01;REATIVADO
4512592;1;1;2026-01-29;2026-04-13;REATIVADO
4516136;1;1;2026-06-24;2026-07-08;REATIVADO
4516635;1;1;2026-04-17;2026-04-15;ATIVADO
4522129;1;1;2026-05-06;2026-04-23;REATIVADO
4530996;1;1;2026-03-27;2026-04-15;REATIVADO
4531149;1;1;2026-06-05;2026-07-15;REATIVADO
4531375;1;1;2026-04-10;2026-07-16;REATIVADO
4535325;1;1;2026-04-10;2026-06-08;REATIVADO
4540346;1;1;2026-05-24;2026-06-19;REATIVADO
4543067;1;1;2026-03-18;2026-06-23;REATIVADO
4549866;1;1;2026-05-05;2026-07-10;REATIVADO
4552935;1;1;2026-03-12;2026-02-27;REATIVADO
4553337;1;1;2026-04-27;2026-03-18;REATIVADO
4554778;1;1;2026-04-11;2026-05-11;REATIVADO
4555922;1;1;2026-04-21;2026-04-23;REATIVADO
4557176;1;1;2026-04-29;2026-06-03;REATIVADO
4569423;1;1;2026-05-05;2026-05-26;REATIVADO
4569444;1;1;2026-06-21;2026-07-20;REATIVADO
4580754;1;1;2026-02-20;2026-06-29;ATIVADO
4585008;1;1;2026-03-13;2026-03-19;REATIVADO
4592503;1;1;2026-03-09;2026-03-10;REATIVADO
4596720;1;1;2026-01-08;2026-01-27;ATIVADO
4596790;1;1;2026-04-07;2026-05-21;REATIVADO
4597642;1;1;2026-05-25;2026-03-18;REATIVADO
4607508;1;1;2026-01-26;2026-06-29;REATIVADO
4610062;1;1;2026-05-27;2026-06-26;REATIVADO
4618550;1;1;2026-06-08;2025-12-16;REATIVADO
4623008;1;1;2026-02-27;2026-03-30;REATIVADO
4624139;1;1;2026-03-02;2026-06-08;REATIVADO
4635333;1;1;2026-04-13;2025-11-04;REATIVADO
4640863;1;1;2026-01-20;2026-03-10;REATIVADO
4647814;1;1;2026-03-10;2026-07-21;ATIVADO
4677703;1;1;2026-04-29;2026-07-08;REATIVADO
4681575;1;1;2026-03-10;2026-05-29;REATIVADO
4684944;1;1;2026-05-12;2026-06-01;REATIVADO
4686338;1;1;2026-02-25;2026-05-04;REATIVADO
4699579;1;1;2026-02-02;2026-02-03;REATIVADO
4701016;1;1;2026-06-30;2026-01-14;REATIVADO
4711208;1;1;2026-02-20;2026-03-27;REATIVADO
4716052;1;1;2026-04-13;2026-04-23;REATIVADO
4727026;1;1;2026-05-20;2026-06-09;REATIVADO
4733733;1;1;2026-03-23;;REATIVADO
4741216;1;1;2026-05-18;2026-05-29;REATIVADO
4742069;1;1;2026-03-15;2026-04-01;REATIVADO
4744564;1;1;2026-01-14;2026-04-30;REATIVADO
4744913;1;1;2026-06-29;2026-06-24;REATIVADO
4746285;1;1;2026-06-22;2025-10-14;REATIVADO
4748106;1;1;2026-04-27;2026-05-06;REATIVADO
4774760;1;1;2026-01-22;2026-05-28;ATIVADO
4774850;1;1;2026-03-03;;ATIVADO
4776756;1;1;2026-02-25;2026-07-13;REATIVADO
4779467;1;1;2026-02-23;2026-07-17;REATIVADO
4780855;1;1;2026-06-09;2025-07-29;REATIVADO
4785097;1;1;2026-03-10;2026-04-16;ATIVADO
4788569;1;1;2026-05-10;2026-06-03;REATIVADO
4788697;1;1;2026-02-23;2026-05-11;REATIVADO
4792931;1;1;2026-05-28;2026-06-29;REATIVADO
4794072;1;1;2026-03-30;2026-05-19;REATIVADO
4802818;1;1;2026-05-18;2026-05-19;REATIVADO
4805374;1;1;2026-03-10;;REATIVADO
4811600;1;1;2026-05-09;2026-07-15;REATIVADO
4813813;1;1;2026-05-26;2026-06-26;REATIVADO
4818560;1;1;2026-02-03;2026-07-16;REATIVADO
4820166;1;1;2026-03-09;2026-07-20;REATIVADO
4828679;1;1;2026-03-04;2026-05-14;REATIVADO
4833078;1;1;2026-01-11;2026-02-06;REATIVADO
4833228;1;1;2026-06-11;;REATIVADO
4836169;1;1;2026-05-08;2026-06-05;REATIVADO
4839943;1;1;2026-01-13;2026-04-07;REATIVADO
4840124;1;1;2026-02-23;2026-05-06;ATIVADO
4840883;1;1;2026-01-12;2026-07-08;REATIVADO
4841667;1;1;2026-05-20;2025-10-24;REATIVADO
4845516;1;1;2026-05-01;2026-04-06;REATIVADO
4855563;1;1;2026-06-22;2026-03-24;REATIVADO
4855992;1;1;2026-05-25;2026-07-20;REATIVADO
4859780;1;1;2026-02-03;2026-02-03;REATIVADO
4872040;1;1;2026-05-20;2025-08-14;REATIVADO
4880778;1;1;2026-04-09;2026-07-20;REATIVADO
4891358;1;1;2026-04-14;2026-07-03;REATIVADO
4903878;1;1;2026-02-20;2026-01-22;REATIVADO
4908598;1;1;2026-06-05;2026-06-03;REATIVADO
4910697;1;1;2026-04-27;2026-05-22;REATIVADO
4910781;1;1;2026-04-08;2026-05-06;REATIVADO
4917220;1;1;2026-03-28;2026-05-19;REATIVADO
4919242;1;1;2026-05-27;2026-06-03;REATIVADO
4920817;1;1;2026-05-11;2026-05-29;REATIVADO
4921991;1;1;2026-06-15;2026-07-01;REATIVADO
4922709;1;1;2026-03-04;2025-12-22;REATIVADO
4924120;1;1;2026-03-25;;ATIVADO
4928209;1;1;2026-03-26;2026-06-30;REATIVADO
4928249;1;1;2026-03-23;2026-02-02;REATIVADO
4930533;1;1;2026-05-26;;ATIVADO
4930652;1;1;2026-01-09;2026-04-02;REATIVADO
4930785;1;1;2026-03-30;;REATIVADO
4934246;1;1;2026-04-14;2026-04-07;REATIVADO
4935513;1;1;2026-03-09;2026-05-04;REATIVADO
4935536;1;1;2026-03-12;2026-04-22;REATIVADO
4936012;1;1;2026-03-26;2026-03-31;REATIVADO
4965174;1;1;2026-04-08;;REATIVADO
4978715;1;1;2026-04-22;2026-05-20;REATIVADO
4980941;1;1;2026-01-12;2026-05-12;REATIVADO
4980985;1;1;2026-05-07;2026-05-13;REATIVADO
4982787;1;1;2026-06-01;2026-06-10;ATIVADO
4984215;1;1;2026-05-04;2026-07-10;REATIVADO
4992953;1;1;2026-01-26;2026-01-26;REATIVADO
5003256;1;1;2026-05-13;;REATIVADO
5005256;1;1;2026-03-03;2026-04-01;REATIVADO
5005685;1;1;2026-05-20;2026-06-15;REATIVADO
5006335;1;1;2026-06-25;;REATIVADO
5012219;1;1;2026-03-06;2025-08-18;REATIVADO
5017356;1;1;2026-01-02;;ATIVADO
5018295;1;1;2026-02-27;2026-02-26;REATIVADO
5018875;1;1;2026-03-02;2026-06-03;REATIVADO
5019101;1;1;2026-01-06;2026-05-15;REATIVADO
5021179;1;1;2026-06-22;2026-06-08;REATIVADO
5023240;1;1;2026-04-01;2026-07-14;REATIVADO
5023649;1;1;2026-03-12;2026-03-12;REATIVADO
5025398;1;1;2026-04-28;2026-04-15;REATIVADO
5034534;1;1;2026-01-30;2026-06-29;REATIVADO
5034821;1;1;2026-02-05;2026-03-16;REATIVADO
5040044;1;1;2026-04-01;2026-06-25;REATIVADO
5040255;1;1;2026-05-12;2025-12-19;REATIVADO
5047837;1;1;2026-05-18;2026-02-10;REATIVADO
5065270;1;1;2026-02-13;2026-05-29;ATIVADO
5071103;1;1;2026-05-24;2026-07-16;REATIVADO
5083394;1;1;2026-01-16;2026-04-13;REATIVADO
5084726;1;1;2026-02-03;2026-05-20;REATIVADO
5088256;1;1;2026-02-23;2026-02-24;REATIVADO
5088468;1;1;2026-01-16;;REATIVADO
5088805;1;1;2026-06-08;2026-03-13;REATIVADO
5091431;1;1;2026-04-28;2026-03-11;REATIVADO
5092167;1;1;2026-04-16;2026-04-13;REATIVADO
5096701;1;1;2026-06-02;2026-06-01;REATIVADO
5097705;1;1;2026-04-13;2026-07-21;REATIVADO
5101670;1;1;2026-03-26;;ATIVADO
5104564;1;1;2026-03-08;2026-06-10;REATIVADO
5115345;1;1;2026-02-21;2026-07-21;ATIVADO
5125222;1;1;2026-03-25;2026-05-19;REATIVADO
5127388;1;1;2026-03-03;2025-11-26;REATIVADO
5135580;1;1;2026-05-08;2026-04-16;REATIVADO
5135719;1;1;2026-04-30;2026-06-22;REATIVADO
5138535;1;1;2026-02-26;;REATIVADO
5150441;1;1;2026-03-15;2026-04-22;REATIVADO
5150593;1;1;2026-02-05;2026-06-12;REATIVADO
5161834;2;1;2026-01-28;2026-01-29;REATIVADO
5165143;1;1;2026-03-03;2026-06-25;REATIVADO
5191106;1;1;2026-03-16;2026-04-27;REATIVADO
5192591;1;1;2026-03-23;2026-05-06;REATIVADO
5195345;1;1;2026-03-26;2026-04-28;REATIVADO
5202758;1;1;2026-05-02;2026-04-30;ATIVADO
5204327;1;1;2026-03-10;2026-03-09;REATIVADO
5206111;1;1;2026-01-05;2026-05-21;REATIVADO
5206312;1;1;2026-04-02;;REATIVADO
5210943;1;1;2026-04-14;2026-03-19;REATIVADO
5218414;1;1;2026-05-18;2026-07-14;REATIVADO
5219201;1;1;2026-04-28;2026-06-17;REATIVADO
5219821;1;1;2026-03-25;2026-05-21;REATIVADO
5222129;1;1;2026-06-27;2026-06-29;REATIVADO
5229699;1;1;2026-01-19;;REATIVADO
5230336;1;1;2026-05-20;2026-06-17;REATIVADO
5231266;1;1;2026-04-14;2025-11-13;REATIVADO
5231762;1;1;2026-05-20;2026-04-23;REATIVADO
5237098;1;1;2026-01-26;2026-03-31;REATIVADO
5245305;1;1;2026-05-27;2026-06-23;REATIVADO
5260852;1;1;2026-05-05;2026-06-03;REATIVADO
5273804;1;1;2026-04-22;2026-07-01;REATIVADO
5276460;1;1;2026-03-31;2026-03-12;REATIVADO
5282761;1;1;2026-04-06;2026-03-20;REATIVADO
5295918;1;1;2026-04-08;2026-07-21;REATIVADO
5300611;1;1;2026-06-09;2026-05-25;REATIVADO
5302544;1;1;2026-06-17;;REATIVADO
5302607;1;1;2026-01-29;2026-03-23;REATIVADO
5303503;1;1;2026-05-26;2026-06-22;REATIVADO
5304346;1;1;2026-04-09;2026-07-20;REATIVADO
5308833;1;1;2026-05-01;2026-06-22;REATIVADO
5311567;1;1;2026-03-24;2026-04-06;REATIVADO
5314272;1;1;2026-01-31;2026-05-18;REATIVADO
5326253;1;1;2026-01-04;2026-01-06;REATIVADO
534997;1;1;2026-01-13;2026-07-06;REATIVADO
5375335;1;1;2026-06-08;2025-12-15;REATIVADO
5383994;1;1;2026-05-12;2026-06-30;REATIVADO
5391385;1;1;2026-05-13;;REATIVADO
5393351;1;1;2026-05-06;2025-09-22;REATIVADO
5394893;1;1;2026-01-20;2026-04-24;REATIVADO
5401021;1;1;2026-01-19;2025-11-11;REATIVADO
5406909;1;1;2026-03-12;2026-05-18;REATIVADO
5408200;1;1;2026-01-30;2025-08-28;REATIVADO
5408756;1;1;2026-04-29;2026-06-11;REATIVADO
5409967;1;1;2026-05-11;2026-03-11;REATIVADO
5415675;1;1;2026-03-18;2026-05-13;REATIVADO
5416945;1;1;2026-01-30;2026-07-15;REATIVADO
541746;1;1;2026-03-20;;REATIVADO
5426247;1;1;2026-02-03;2026-04-23;REATIVADO
5427329;1;1;2026-03-19;2025-08-28;REATIVADO
5429312;1;1;2026-02-19;2026-04-28;REATIVADO
5436991;1;1;2026-03-04;2026-03-04;REATIVADO
543769;1;1;2026-04-06;2026-07-21;REATIVADO
5454566;1;1;2026-06-22;2026-06-18;REATIVADO
5454908;1;1;2026-01-21;2026-05-18;REATIVADO
5455830;1;1;2026-03-04;2026-07-10;REATIVADO
54574;1;1;2026-03-02;2026-06-17;REATIVADO
5465665;1;1;2026-03-03;2026-04-15;REATIVADO
5481821;1;1;2026-06-29;2026-06-30;REATIVADO
5491078;1;1;2026-06-19;2025-12-11;REATIVADO
5491250;1;1;2026-06-01;2026-07-21;REATIVADO
5492164;1;1;2026-02-04;2026-02-06;REATIVADO
5492538;1;1;2026-02-02;;REATIVADO
5494724;1;1;2026-06-24;2026-06-24;REATIVADO
5498811;1;1;2026-05-04;2026-04-02;REATIVADO
5504663;1;1;2026-05-29;2026-07-21;REATIVADO
5505523;1;1;2026-03-04;2026-07-10;REATIVADO
5509524;1;1;2026-03-19;2026-03-19;REATIVADO
5510356;1;1;2026-01-27;2026-07-15;REATIVADO
5510563;1;1;2026-04-09;2026-06-01;REATIVADO
5511737;1;1;2026-02-25;2026-05-11;REATIVADO
5513399;1;1;2026-03-25;2026-04-28;REATIVADO
5514801;1;1;2026-03-31;;REATIVADO
5522198;1;1;2026-02-02;;REATIVADO
5523998;1;1;2026-01-13;2026-06-22;ATIVADO
5532801;1;1;2026-03-11;2025-11-14;REATIVADO
5538231;1;1;2026-03-22;2026-06-22;REATIVADO
5538238;1;1;2026-05-29;2026-07-16;REATIVADO
5548239;1;1;2026-05-04;2026-07-15;REATIVADO
5556267;1;1;2026-02-27;2026-04-10;REATIVADO
5567881;1;1;2026-03-16;2026-03-18;REATIVADO
5576483;1;1;2026-04-20;2026-07-09;REATIVADO
5576877;1;1;2026-06-16;2026-07-01;REATIVADO
5578862;1;1;2026-03-20;2026-03-11;REATIVADO
5585152;1;1;2026-05-01;2026-04-08;REATIVADO
5595202;1;1;2026-03-09;2026-07-02;REATIVADO
5596533;1;1;2026-02-27;2026-07-02;REATIVADO
5600151;1;1;2026-04-15;2026-05-29;REATIVADO
5602986;1;1;2026-05-12;2026-05-20;REATIVADO
5604043;1;1;2026-01-13;2026-01-12;REATIVADO
5609691;1;1;2026-02-19;2025-12-16;REATIVADO
5620023;1;1;2026-04-20;2026-06-25;REATIVADO
5622527;1;1;2026-06-15;;REATIVADO
5623740;1;1;2026-05-21;2026-03-30;REATIVADO
5624625;1;1;2026-03-17;2026-06-15;REATIVADO
5633986;1;1;2026-06-28;2026-06-26;REATIVADO
5637707;1;1;2026-05-24;2026-06-26;REATIVADO
563948;1;1;2026-01-16;2026-03-19;REATIVADO
5639778;1;1;2026-02-16;2026-04-20;REATIVADO
5647161;1;1;2026-05-13;;REATIVADO
565147;1;1;2026-01-26;2026-03-11;REATIVADO
5653412;1;1;2026-02-23;;REATIVADO
5658102;1;1;2026-01-22;2026-07-08;REATIVADO
5673762;1;1;2026-03-02;2026-05-05;REATIVADO
5677545;1;1;2026-05-28;2026-06-03;REATIVADO
5688624;1;1;2026-06-11;2025-10-15;REATIVADO
5698912;1;1;2026-05-04;2026-05-19;REATIVADO
5701577;1;1;2026-05-19;2026-05-26;REATIVADO
5702399;1;1;2026-03-26;2025-09-16;REATIVADO
5710036;1;1;2026-06-25;2026-05-29;REATIVADO
5711080;1;1;2026-03-15;2026-03-09;REATIVADO
5716015;1;1;2026-03-16;2026-06-24;REATIVADO
5726786;1;1;2026-05-24;2026-05-27;REATIVADO
5727105;1;1;2026-01-31;2026-06-08;REATIVADO
5728589;1;1;2026-06-15;2026-04-09;REATIVADO
5729551;1;1;2026-04-05;2025-11-27;REATIVADO
5736551;1;1;2026-03-25;2026-04-06;REATIVADO
5736930;1;1;2026-03-15;2026-06-23;ATIVADO
5737332;1;1;2026-02-09;2026-04-06;REATIVADO
5739467;1;1;2026-02-03;2026-03-26;REATIVADO
5744396;1;1;2026-05-11;2025-12-11;REATIVADO
5754021;1;1;2026-06-08;2026-06-02;REATIVADO
5754177;1;1;2026-06-15;2026-04-27;REATIVADO
5755186;1;1;2026-06-08;2026-06-08;REATIVADO
5763180;1;1;2026-05-17;2026-06-10;REATIVADO
5764650;1;1;2026-02-02;2026-02-03;REATIVADO
5765241;1;1;2026-02-04;2026-05-18;REATIVADO
5767917;1;1;2026-02-02;2026-06-02;REATIVADO
5768970;1;1;2026-04-01;2025-07-22;REATIVADO
5775483;1;1;2026-02-22;2026-04-07;REATIVADO
5776064;1;1;2026-06-15;2026-04-14;REATIVADO
5782893;1;1;2026-02-05;2026-02-18;REATIVADO
5790990;1;1;2026-04-28;2026-07-15;REATIVADO
5796430;1;1;2026-01-14;2026-07-03;REATIVADO
5797942;1;1;2026-06-24;2026-06-17;REATIVADO
5802752;1;1;2026-03-12;2026-03-19;REATIVADO
5807073;1;1;2026-05-12;2026-07-20;REATIVADO
5812749;1;1;2026-02-14;2026-06-30;REATIVADO
5813103;1;1;2026-05-20;2026-04-27;REATIVADO
5818083;1;1;2026-04-14;2026-07-21;REATIVADO
5820168;1;1;2026-01-26;2026-06-16;REATIVADO
5829524;1;1;2026-06-22;2026-07-20;REATIVADO
5833152;1;1;2026-05-27;2026-06-16;REATIVADO
5839972;1;1;2026-02-25;2026-04-27;REATIVADO
5841778;1;1;2026-06-26;2026-07-09;REATIVADO
5848529;1;1;2026-01-20;2026-05-06;REATIVADO
5853464;1;1;2026-04-22;2026-04-08;REATIVADO
5854014;1;1;2026-02-02;2026-05-14;REATIVADO
5858860;1;1;2026-02-25;2026-04-27;ATIVADO
5859912;1;1;2026-06-13;2026-07-09;REATIVADO
5870094;1;1;2026-06-15;2026-04-13;REATIVADO
5873919;1;1;2026-03-13;2026-03-12;REATIVADO
5881076;1;1;2026-03-06;;REATIVADO
5881839;1;1;2026-03-18;2026-05-21;REATIVADO
5897804;1;1;2026-05-10;2026-07-15;REATIVADO
5900703;1;1;2026-06-10;2025-12-15;REATIVADO
5902303;1;1;2026-05-21;2026-05-28;REATIVADO
5911869;1;1;2026-01-31;2026-01-29;REATIVADO
5915502;1;1;2026-03-26;2026-05-07;REATIVADO
5922097;1;1;2026-01-13;2026-07-15;REATIVADO
5924105;1;1;2026-01-22;2026-05-20;ATIVADO
5931434;1;1;2026-04-27;2026-07-21;REATIVADO
5936117;1;1;2026-05-05;2026-05-11;REATIVADO
5936909;1;1;2026-01-24;2026-04-22;REATIVADO
5938731;1;1;2026-01-19;2026-03-12;REATIVADO
5944311;1;1;2026-03-17;2026-05-06;REATIVADO
5970041;1;1;2026-02-01;2026-06-05;REATIVADO
5971555;1;1;2026-04-29;2025-08-25;REATIVADO
5973209;1;1;2026-05-18;2026-06-22;REATIVADO
5974088;1;1;2026-04-14;2026-07-20;REATIVADO
597627;1;1;2026-03-01;2026-07-21;REATIVADO
5976309;1;1;2026-03-29;2026-05-20;REATIVADO
5977213;1;1;2026-02-21;2026-05-05;REATIVADO
5977241;1;1;2026-03-03;2026-06-30;REATIVADO
5979977;1;1;2026-03-04;2026-05-27;REATIVADO
5991326;1;1;2026-06-28;2026-04-24;REATIVADO
5991392;1;1;2026-05-11;;REATIVADO
5992357;1;1;2026-03-12;2026-04-01;REATIVADO
6004829;1;1;2026-05-31;2026-06-18;REATIVADO
6004842;1;1;2026-06-30;2026-06-30;REATIVADO
6006117;1;1;2026-04-12;2025-08-19;REATIVADO
6007316;1;1;2026-02-23;2026-02-25;REATIVADO
6014765;1;1;2026-01-12;2026-07-15;REATIVADO
6020103;1;1;2026-04-30;2026-03-31;REATIVADO
6021382;1;1;2026-05-04;2026-03-12;REATIVADO
6069221;1;1;2026-03-23;2026-04-23;REATIVADO
6070605;1;1;2026-03-30;2026-04-01;REATIVADO
6073030;1;1;2026-04-30;2026-05-18;REATIVADO
6081972;1;1;2026-05-06;2026-06-30;REATIVADO
6082647;1;1;2026-05-29;2026-07-13;REATIVADO
6099513;1;1;2026-05-25;2026-05-14;REATIVADO
6111747;1;1;2026-01-22;;REATIVADO
6113284;1;1;2026-06-03;2026-06-08;ATIVADO
6113967;1;1;2026-04-01;2026-03-27;REATIVADO
6117123;1;1;2026-01-16;2026-04-17;REATIVADO
6125047;1;1;2026-01-07;2026-06-15;ATIVADO
612549;1;1;2026-03-25;2026-05-04;REATIVADO
6127270;1;1;2026-06-27;2026-03-02;REATIVADO
6129261;1;1;2026-05-30;2026-07-17;REATIVADO
6162027;1;1;2026-05-04;2026-05-19;ATIVADO
6163798;1;1;2026-04-22;2026-07-16;REATIVADO
6165127;1;1;2026-04-20;2026-07-15;REATIVADO
6166491;1;1;2026-05-28;2026-07-13;REATIVADO
6195710;1;1;2026-03-27;2026-04-14;REATIVADO
6195854;1;1;2026-05-05;2026-05-05;REATIVADO
6196902;1;1;2026-04-07;2026-04-06;REATIVADO
6206281;1;1;2026-04-13;2026-03-03;REATIVADO
6212138;1;1;2026-03-02;2026-05-06;REATIVADO
6217533;1;1;2026-03-09;2026-04-23;REATIVADO
6218300;1;1;2026-04-16;2026-04-23;REATIVADO
6219115;1;1;2026-02-11;2026-07-14;REATIVADO
6223238;1;1;2026-06-23;2026-03-10;REATIVADO
6233063;1;1;2026-01-13;2026-03-17;REATIVADO
6235598;1;1;2026-06-03;2026-06-03;REATIVADO
62376;1;1;2026-04-15;2026-05-05;REATIVADO
6243617;1;1;2026-01-26;2026-02-24;REATIVADO
6244899;1;1;2026-03-20;2026-07-17;REATIVADO
6245625;1;1;2026-06-01;2026-06-29;REATIVADO
6246855;1;1;2026-01-24;2026-04-23;REATIVADO
6250555;1;1;2026-05-06;2026-06-25;REATIVADO
6251591;1;1;2026-05-25;2026-06-19;REATIVADO
6253174;1;1;2026-02-21;2026-05-20;REATIVADO
6253264;1;1;2026-06-24;2026-07-06;REATIVADO
6253533;1;1;2026-06-01;2026-04-27;REATIVADO
6257022;1;1;2026-04-27;2026-04-22;REATIVADO
6260742;1;1;2026-03-02;;REATIVADO
626164;1;1;2026-01-19;2026-06-03;REATIVADO
6262560;1;1;2026-05-05;2026-07-17;REATIVADO
6279619;1;1;2026-02-10;2026-04-30;REATIVADO
6279742;1;1;2026-04-06;2026-03-19;REATIVADO
6279747;1;1;2026-06-19;2026-06-09;REATIVADO
6279908;1;1;2026-05-06;2026-04-23;REATIVADO
6285602;1;1;2026-02-13;2026-02-03;REATIVADO
6285921;1;1;2026-02-12;2026-06-23;REATIVADO
6287510;1;1;2026-02-10;2026-06-17;REATIVADO
6302882;1;1;2026-02-13;2025-10-15;REATIVADO
6312274;1;1;2026-04-17;;ATIVADO
6313274;1;1;2026-01-14;2026-07-13;REATIVADO
6313942;1;1;2026-04-07;2026-05-11;ATIVADO
6318721;1;1;2026-04-22;2026-04-16;REATIVADO
6318789;1;1;2026-03-03;2026-05-20;REATIVADO
6321556;1;1;2026-03-11;2026-06-25;REATIVADO
6324941;1;1;2026-04-14;2026-07-08;REATIVADO
6327477;1;1;2026-01-21;;REATIVADO
6327668;1;1;2026-05-27;2026-07-14;REATIVADO
6328901;1;1;2026-03-02;2026-07-17;REATIVADO
6330403;1;1;2026-04-14;2026-05-19;REATIVADO
6331565;1;1;2026-05-19;2026-07-17;REATIVADO
6333534;1;1;2026-06-27;2025-11-07;REATIVADO
6341101;1;1;2026-06-22;2026-06-19;REATIVADO
6342793;1;1;2026-03-04;2026-07-06;REATIVADO
6347429;1;1;2026-03-02;2026-05-13;REATIVADO
6348535;1;1;2026-02-26;2026-06-18;REATIVADO
6353518;1;1;2026-03-25;2026-04-10;REATIVADO
6357557;1;1;2026-04-06;2026-06-01;REATIVADO
635768;1;1;2026-06-16;2026-06-27;REATIVADO
6370633;1;1;2026-04-13;2026-03-18;REATIVADO
6377503;1;1;2026-02-23;2026-05-26;ATIVADO
6381952;1;1;2026-01-14;;REATIVADO
6383567;1;1;2026-05-11;2026-07-07;ATIVADO
6385740;1;1;2026-02-22;2025-12-30;REATIVADO
6386870;1;1;2026-05-07;2025-08-27;REATIVADO
6387190;1;1;2026-05-11;2026-05-08;REATIVADO
6389797;1;1;2026-03-16;2026-04-23;REATIVADO
6399544;1;1;2026-05-17;2026-04-06;REATIVADO
6406323;1;1;2026-03-30;2026-06-16;REATIVADO
6414483;1;1;2026-03-16;2026-03-23;REATIVADO
6420770;1;1;2026-05-08;2026-05-08;REATIVADO
6421691;1;1;2026-06-29;;REATIVADO
6424808;1;1;2026-02-28;2026-06-23;REATIVADO
6435932;1;1;2026-01-26;2026-02-04;REATIVADO
6442436;1;1;2026-01-16;2026-01-16;ATIVADO
6447833;1;1;2026-03-02;2026-04-09;REATIVADO
6455056;1;1;2026-04-29;2026-04-29;REATIVADO
6472064;1;1;2026-03-30;;REATIVADO
6473372;1;1;2026-04-21;2026-06-05;REATIVADO
6475378;1;1;2026-04-25;2026-04-14;REATIVADO
6476125;1;1;2026-01-23;2026-06-18;REATIVADO
6479160;1;1;2026-06-19;2026-07-17;REATIVADO
6486154;1;1;2026-05-26;2026-06-15;REATIVADO
6494091;1;1;2026-06-10;2026-07-21;REATIVADO
6500812;1;1;2026-01-16;2026-01-21;ATIVADO
6500997;1;1;2026-02-02;2026-06-10;REATIVADO
6501945;1;1;2026-03-02;2026-05-18;REATIVADO
6504315;1;1;2026-04-27;2026-07-09;REATIVADO
6506187;1;1;2026-05-30;2026-05-29;REATIVADO
6514111;1;1;2026-03-16;2026-06-25;REATIVADO
6514480;1;1;2026-03-02;2026-07-09;REATIVADO
6515482;1;1;2026-04-02;2026-05-20;REATIVADO
6515771;1;1;2026-04-30;2026-03-27;REATIVADO
6516737;1;1;2026-01-21;2026-06-19;REATIVADO
6520249;1;1;2026-01-28;2025-10-28;REATIVADO
6529773;1;1;2026-05-11;2026-03-30;REATIVADO
6532975;1;1;2026-01-28;2026-06-22;REATIVADO
6534383;1;1;2026-03-17;2026-04-23;REATIVADO
6534796;1;1;2026-01-13;2025-12-22;REATIVADO
6540770;1;1;2026-06-23;2026-02-05;REATIVADO
6541528;1;1;2026-03-25;2026-07-16;REATIVADO
6541762;1;1;2026-04-10;2026-06-29;REATIVADO
6541833;1;1;2026-05-29;2026-06-25;REATIVADO
6553412;1;1;2026-03-08;2026-03-16;REATIVADO
6555422;1;1;2026-06-29;2026-04-28;REATIVADO
6558255;1;1;2026-06-01;2026-05-26;REATIVADO
6559048;1;1;2026-05-19;2026-06-09;REATIVADO
6559511;1;1;2026-03-13;2025-12-16;REATIVADO
6566404;1;1;2026-06-09;2025-09-02;REATIVADO
6572014;1;1;2026-05-06;2025-08-21;REATIVADO
6578806;1;1;2026-04-26;2026-05-21;REATIVADO
6582303;1;1;2026-03-10;2026-02-12;ATIVADO
6582388;1;1;2026-06-16;2026-06-15;REATIVADO
6586793;1;1;2026-03-13;2026-06-16;ATIVADO
6592247;1;1;2026-05-19;2026-07-02;REATIVADO
6592385;1;1;2026-02-25;2026-07-08;ATIVADO
6595553;1;1;2026-04-14;2026-03-24;REATIVADO
6597367;1;1;2026-04-23;2026-05-18;REATIVADO
6600006;1;1;2026-03-20;2026-05-29;ATIVADO
6607317;1;1;2026-05-22;2026-05-29;REATIVADO
6610042;1;1;2026-06-22;2026-06-22;REATIVADO
6612458;1;1;2026-02-15;;REATIVADO
6619071;1;1;2026-06-30;2025-08-20;REATIVADO
6623734;1;1;2026-05-29;2025-12-18;REATIVADO
6623933;1;1;2026-04-28;2026-06-26;REATIVADO
6627148;1;1;2026-06-02;2026-03-10;REATIVADO
6636079;1;1;2026-05-05;2026-06-02;REATIVADO
663855;1;1;2026-02-27;2025-08-27;ATIVADO
6639732;1;1;2026-04-16;2025-08-26;REATIVADO
6645695;1;1;2026-05-29;2026-07-07;ATIVADO
6645820;1;1;2026-03-05;2026-05-28;REATIVADO
6646071;1;1;2026-04-10;2026-04-30;REATIVADO
6650928;1;1;2026-06-11;2026-07-16;ATIVADO
6652514;1;1;2026-01-27;2026-05-07;REATIVADO
6652609;1;1;2026-02-07;;REATIVADO
6653661;1;1;2026-03-22;2026-06-02;REATIVADO
6658231;1;1;2026-06-03;;REATIVADO
6661972;1;1;2026-04-18;2026-04-14;REATIVADO
6668249;1;1;2026-04-13;2026-06-15;REATIVADO
6676386;1;1;2026-03-17;2026-06-18;REATIVADO
6679160;1;1;2026-03-06;2026-07-06;ATIVADO
6689456;1;1;2026-06-11;2026-06-17;REATIVADO
6691416;1;1;2026-04-21;2025-07-29;REATIVADO
6695700;1;1;2026-06-12;2026-02-19;REATIVADO
669750;1;1;2026-04-16;2026-03-10;REATIVADO
6699755;1;1;2026-05-20;2026-05-25;REATIVADO
6704250;1;1;2026-05-18;2026-07-21;REATIVADO
6706456;1;1;2026-01-06;2026-07-13;REATIVADO
6707091;1;1;2026-04-24;2026-04-27;REATIVADO
6714538;1;1;2026-06-24;2026-04-20;REATIVADO
6716635;1;1;2026-03-27;2026-05-26;REATIVADO
6717008;1;1;2026-05-18;2026-06-15;REATIVADO
6719388;1;1;2026-04-07;2026-04-28;REATIVADO
6720497;1;1;2026-01-08;2026-02-02;REATIVADO
6721151;1;1;2026-01-20;2026-06-16;REATIVADO
6721892;1;1;2026-06-30;2026-02-11;REATIVADO
6748904;1;1;2026-05-05;2026-06-17;REATIVADO
6792723;1;1;2026-04-10;2026-06-09;REATIVADO
6793390;1;1;2026-04-19;2025-11-17;REATIVADO
6799219;1;1;2026-06-14;2026-06-08;REATIVADO
6803511;1;1;2026-02-09;2026-07-21;REATIVADO
6803988;1;1;2026-03-25;;REATIVADO
6807103;1;1;2026-03-30;2026-06-24;REATIVADO
6808110;1;1;2026-02-07;2026-06-18;REATIVADO
6814200;1;1;2026-02-17;2026-04-14;REATIVADO
6818948;1;1;2026-05-17;2026-07-20;REATIVADO
6823171;1;1;2026-06-15;2026-07-08;REATIVADO
6829820;1;1;2026-06-01;2026-06-24;REATIVADO
6831219;1;1;2026-04-13;2026-02-11;REATIVADO
6835647;1;1;2026-02-23;2026-06-10;REATIVADO
6836675;1;1;2026-01-31;2026-04-15;REATIVADO
6846545;1;1;2026-04-28;2026-07-14;REATIVADO
6855186;1;1;2026-04-08;2026-03-24;REATIVADO
6859302;1;1;2026-01-18;2026-05-13;REATIVADO
6873419;1;1;2026-02-18;2026-05-18;REATIVADO
6873883;1;1;2026-05-30;2026-07-09;REATIVADO
6875649;1;1;2026-06-02;;REATIVADO
6882264;1;1;2026-04-22;2026-07-15;REATIVADO
6883129;1;1;2026-02-07;2026-06-22;REATIVADO
6888304;1;1;2026-04-27;2026-07-14;REATIVADO
6888327;1;1;2026-02-08;2025-10-21;REATIVADO
6896827;1;1;2026-03-30;2026-06-02;REATIVADO
6898244;1;1;2026-04-27;2026-05-06;REATIVADO
6899962;1;1;2026-06-08;2026-03-26;REATIVADO
6903232;1;1;2026-06-29;2026-02-20;REATIVADO
6904784;1;1;2026-03-12;2026-05-07;REATIVADO
6909536;1;1;2026-05-15;2026-07-08;REATIVADO
6910702;1;1;2026-01-13;2026-05-15;REATIVADO
6912081;1;1;2026-05-08;2026-05-06;REATIVADO
6913703;1;1;2026-04-01;2026-04-02;REATIVADO
6922548;1;1;2026-04-27;2026-07-13;REATIVADO
6928897;1;1;2026-04-02;2026-03-31;ATIVADO
69319;1;1;2026-01-09;2026-07-16;REATIVADO
6936228;1;1;2026-03-26;2026-07-01;REATIVADO
6937709;1;1;2026-06-14;2026-04-08;REATIVADO
6937990;1;1;2026-02-28;2026-03-26;REATIVADO
69385;1;1;2026-05-04;2026-07-10;REATIVADO
6940817;1;1;2026-03-09;2026-06-12;REATIVADO
6943305;1;1;2026-02-23;2026-05-07;REATIVADO
6944475;1;1;2026-05-12;;REATIVADO
6948794;1;1;2026-04-13;2026-05-28;REATIVADO
6952272;1;1;2026-02-19;2026-07-01;REATIVADO
6967793;1;1;2026-05-31;2025-10-20;REATIVADO
6968141;1;1;2026-06-13;2026-07-09;REATIVADO
6968822;1;1;2026-01-30;2026-07-13;REATIVADO
6979634;1;1;2026-04-28;2026-05-15;REATIVADO
6981072;1;1;2026-03-23;2026-03-26;REATIVADO
6986365;1;1;2026-06-01;2026-02-26;REATIVADO
6994583;1;1;2026-05-20;2025-11-27;REATIVADO
6994924;1;1;2026-06-29;2025-11-03;REATIVADO
6999499;1;1;2026-03-14;2026-04-27;REATIVADO
6999975;1;1;2026-01-21;2026-04-15;REATIVADO
7004355;1;1;2026-06-11;2026-06-29;REATIVADO
7005060;1;1;2026-03-23;2026-03-23;REATIVADO
7005858;1;1;2026-03-23;;REATIVADO
700748;1;1;2026-05-09;2026-04-20;REATIVADO
7009455;1;1;2026-02-03;2026-07-21;REATIVADO
7011350;1;1;2026-05-25;2026-05-19;REATIVADO
7019974;1;1;2026-04-15;2026-04-15;REATIVADO
7022959;1;1;2026-03-09;2025-08-20;REATIVADO
7025740;1;1;2026-05-06;2025-10-29;REATIVADO
7030859;1;1;2026-03-08;2026-05-18;REATIVADO
7031178;1;1;2026-04-27;2026-05-25;REATIVADO
7031447;1;1;2026-02-13;2026-07-17;ATIVADO
7038795;1;1;2026-02-12;2026-04-14;REATIVADO
7040637;1;1;2026-04-07;2026-07-20;REATIVADO
7051691;1;1;2026-06-15;2026-06-15;REATIVADO
7053319;1;1;2026-02-23;2026-07-21;REATIVADO
7060031;1;1;2026-01-29;2025-12-23;REATIVADO
7062354;1;1;2026-02-06;2026-06-25;REATIVADO
7063053;1;1;2026-04-22;2026-04-22;REATIVADO
7063136;1;1;2026-03-02;2025-08-05;REATIVADO
706436;1;1;2026-03-19;2026-05-06;REATIVADO
7066918;1;1;2026-03-27;2026-04-15;REATIVADO
7072183;1;1;2026-04-06;2026-03-25;REATIVADO
707317;1;1;2026-05-25;2026-06-15;REATIVADO
707394;1;1;2026-01-19;2026-06-19;REATIVADO
7084733;1;1;2026-04-22;2026-01-27;REATIVADO
7084868;1;1;2026-06-17;2026-06-11;REATIVADO
7085981;1;1;2026-01-27;2026-04-28;REATIVADO
7086163;1;1;2026-02-05;2026-06-25;REATIVADO
7088301;1;1;2026-03-23;2026-07-21;REATIVADO
7090843;1;1;2026-06-18;2026-01-27;REATIVADO
7091023;1;1;2026-03-03;2026-04-22;REATIVADO
7098576;1;1;2026-03-24;2026-05-12;REATIVADO
7099115;1;1;2026-01-05;2026-01-05;REATIVADO
7100264;1;1;2026-06-24;2026-03-13;REATIVADO
7101192;1;1;2026-03-05;2025-10-22;REATIVADO
7103860;1;1;2026-03-09;2026-04-22;REATIVADO
7104769;1;1;2026-03-24;2026-04-14;REATIVADO
7117464;1;1;2026-04-09;2026-04-20;REATIVADO
711816;1;1;2026-04-13;2026-07-21;REATIVADO
7118758;1;1;2026-03-03;2026-03-03;REATIVADO
7121453;1;1;2026-02-18;2026-01-06;REATIVADO
7125031;1;1;2026-06-16;2025-10-27;REATIVADO
713521;1;1;2026-01-22;2026-03-24;REATIVADO
713701;1;1;2026-04-23;2026-05-21;REATIVADO
7138560;1;1;2026-02-02;2026-03-17;REATIVADO
7141509;1;1;2026-05-22;2026-06-22;REATIVADO
71463;1;1;2026-03-19;2026-04-22;REATIVADO
7149074;1;1;2026-05-25;2026-05-22;REATIVADO
7157652;1;1;2026-02-04;2026-06-30;REATIVADO
7157660;1;1;2026-05-12;2026-07-13;REATIVADO
7158041;1;1;2026-01-06;2026-06-15;REATIVADO
716073;1;1;2026-03-09;2026-03-10;REATIVADO
7163386;1;1;2026-05-05;2026-04-30;REATIVADO
7165147;1;1;2026-01-21;2026-04-29;REATIVADO
7177268;1;1;2026-04-16;2026-04-17;REATIVADO
7180226;1;1;2026-05-29;2026-06-01;REATIVADO
7181464;1;1;2026-04-15;2026-02-10;REATIVADO
7191345;1;1;2026-05-26;2026-01-09;REATIVADO
7195743;1;1;2026-03-25;2026-05-06;REATIVADO
7216083;1;1;2026-01-07;2026-06-08;REATIVADO
721633;1;1;2026-01-31;2026-06-03;REATIVADO
721637;1;1;2026-06-18;2025-12-05;REATIVADO
7219873;1;1;2026-06-25;2026-06-24;ATIVADO
7221636;1;1;2026-01-26;2026-07-21;REATIVADO
7222237;1;1;2026-01-19;2026-01-28;ATIVADO
7230529;1;1;2026-06-22;2026-05-28;REATIVADO
7230805;1;1;2026-06-04;2025-12-17;REATIVADO
7234933;1;1;2026-02-05;2026-07-08;REATIVADO
7235342;1;1;2026-02-23;2026-05-15;REATIVADO
724041;1;1;2026-06-11;2025-09-03;REATIVADO
7240576;1;1;2026-03-16;2025-10-03;REATIVADO
7240794;1;1;2026-05-05;2026-05-27;REATIVADO
7242871;1;1;2026-01-22;2026-06-30;ATIVADO
7243931;1;1;2026-01-28;2026-06-16;REATIVADO
7244546;1;1;2026-04-22;2026-04-20;REATIVADO
7245692;1;1;2026-03-29;2026-04-28;REATIVADO
7245839;1;1;2026-06-08;2026-07-01;REATIVADO
7247437;1;1;2026-05-17;2026-06-09;REATIVADO
7247593;1;1;2026-06-08;2026-07-16;ATIVADO
7248003;1;1;2026-05-27;2026-05-27;ATIVADO
7248015;1;1;2026-06-05;2026-07-21;REATIVADO
7248190;1;1;2026-02-10;2026-02-26;REATIVADO
7255659;1;1;2026-03-02;2026-03-16;REATIVADO
7259127;1;1;2026-01-15;2025-09-15;REATIVADO
7262502;1;1;2026-04-08;2026-07-15;REATIVADO
726357;1;1;2026-06-16;2025-08-07;REATIVADO
7264636;1;1;2026-05-05;2026-06-24;REATIVADO
7271951;1;1;2026-02-23;2026-07-06;REATIVADO
7274966;1;1;2026-06-24;;REATIVADO
7276227;1;1;2026-06-12;2026-04-27;REATIVADO
7280286;1;1;2026-06-15;2026-05-11;REATIVADO
7280316;1;1;2026-03-25;2026-05-11;REATIVADO
728283;1;1;2026-04-02;2026-05-04;REATIVADO
7285585;1;1;2026-04-09;2026-04-08;REATIVADO
7288276;1;1;2026-06-28;2026-06-19;REATIVADO
7288635;1;1;2026-03-25;2026-07-13;REATIVADO
7302953;1;1;2026-03-11;2026-03-23;REATIVADO
7303283;1;1;2026-01-05;2026-03-04;REATIVADO
7304481;1;1;2026-06-11;2026-07-20;ATIVADO
7305908;1;1;2026-05-19;2025-09-16;REATIVADO
7307419;1;1;2026-02-11;2026-03-02;REATIVADO
7308834;1;1;2026-04-29;;REATIVADO
7315256;1;1;2026-04-19;2025-10-06;REATIVADO
7315343;1;1;2026-06-18;2026-07-08;REATIVADO
7317956;1;1;2026-06-11;2026-07-10;REATIVADO
7323827;1;1;2026-06-18;2026-07-02;REATIVADO
732725;1;1;2026-01-26;2026-07-17;REATIVADO
7336521;1;1;2026-03-26;2026-04-06;REATIVADO
7336582;1;1;2026-04-13;;REATIVADO
7338837;1;1;2026-03-20;2026-03-26;ATIVADO
7348086;1;1;2026-04-14;2026-04-07;REATIVADO
7349288;1;1;2026-05-20;2026-06-26;REATIVADO
7349785;1;1;2026-06-09;2026-06-09;REATIVADO
7350392;1;1;2026-03-07;2025-10-22;REATIVADO
7354325;1;1;2026-01-19;2026-06-23;REATIVADO
7362077;1;1;2026-05-04;2026-07-20;ATIVADO
7362447;1;1;2026-01-21;2026-05-19;REATIVADO
7363583;1;1;2026-02-10;2026-07-17;REATIVADO
7367329;1;1;2026-06-11;2026-05-25;REATIVADO
7371177;1;1;2026-03-09;2026-05-26;REATIVADO
7376264;1;1;2026-06-23;2026-07-03;REATIVADO
7377132;1;1;2026-06-22;2026-07-02;REATIVADO
7381639;1;1;2026-01-19;2026-07-10;REATIVADO
7386161;1;1;2026-03-06;2025-11-07;REATIVADO
7398175;1;1;2026-03-11;2026-04-23;REATIVADO
7398559;1;1;2026-03-26;2026-05-22;ATIVADO
7407417;1;1;2026-06-01;2025-09-15;REATIVADO
7412011;1;1;2026-02-18;2026-05-18;REATIVADO
7412172;1;1;2026-05-01;2026-02-26;REATIVADO
7414240;1;1;2026-05-09;2026-04-01;REATIVADO
7414455;1;1;2026-06-27;2026-06-26;ATIVADO
7416976;1;1;2026-03-03;2026-06-22;ATIVADO
7417385;1;1;2026-03-04;2026-07-20;REATIVADO
7426361;1;1;2026-05-02;2026-05-25;REATIVADO
7427302;1;1;2026-02-23;2026-05-19;REATIVADO
7430303;1;1;2026-02-10;2026-06-17;REATIVADO
7441472;1;1;2026-06-30;;REATIVADO
7441746;1;1;2026-06-16;2026-06-18;REATIVADO
7442733;1;1;2026-04-25;2025-08-19;REATIVADO
7453607;1;1;2026-03-05;2026-04-16;ATIVADO
7454091;1;1;2026-03-20;2026-05-07;ATIVADO
7461120;1;1;2026-01-27;2026-04-07;REATIVADO
7462158;1;1;2026-04-25;2026-05-06;REATIVADO
7463344;1;1;2026-05-17;2026-07-09;REATIVADO
7463990;1;1;2026-03-16;2026-06-29;REATIVADO
7470996;1;1;2026-05-06;2026-04-28;REATIVADO
7479513;1;1;2026-05-09;2026-06-25;REATIVADO
7490546;1;1;2026-05-22;2025-11-25;REATIVADO
7492311;1;1;2026-04-25;2026-02-26;REATIVADO
7492333;1;1;2026-05-20;2026-05-27;REATIVADO
7492933;1;1;2026-06-10;2026-06-22;REATIVADO
7495088;1;1;2026-01-29;2026-07-21;REATIVADO
7495821;1;1;2026-02-23;2026-07-07;REATIVADO
749625;1;1;2026-01-21;2026-07-16;REATIVADO
7506979;1;1;2026-01-26;2026-06-11;REATIVADO
7510600;1;1;2026-04-17;2025-10-09;REATIVADO
753956;1;1;2026-04-17;2025-12-01;REATIVADO
7548531;1;1;2026-05-11;2026-07-15;REATIVADO
7551470;1;1;2026-02-25;2026-03-02;REATIVADO
7553137;1;1;2026-03-04;2026-04-23;REATIVADO
7564870;1;1;2026-02-23;2025-09-10;REATIVADO
7567231;1;1;2026-03-10;2026-04-28;REATIVADO
7571061;1;1;2026-03-19;2026-06-09;REATIVADO
7571243;1;1;2026-03-18;2026-05-21;REATIVADO
7572740;1;1;2026-01-05;2026-06-12;REATIVADO
7574594;1;1;2026-06-09;2026-05-25;REATIVADO
7575945;1;1;2026-05-06;2026-02-26;REATIVADO
7581753;1;1;2026-02-02;2026-05-21;REATIVADO
7585530;1;1;2026-06-15;2026-05-22;REATIVADO
7586692;1;1;2026-03-19;2026-07-17;REATIVADO
7590719;1;1;2026-04-30;2026-04-13;REATIVADO
759098;1;1;2026-04-01;2026-07-10;REATIVADO
7591626;1;1;2026-02-10;2026-06-16;REATIVADO
7593241;1;1;2026-06-22;2026-06-19;REATIVADO
759823;1;1;2026-02-27;2026-04-01;REATIVADO
7600724;1;1;2026-05-26;2026-06-16;REATIVADO
7604497;1;1;2026-03-10;2026-04-24;REATIVADO
7608642;1;1;2026-03-10;2026-06-25;REATIVADO
7609427;1;1;2026-06-26;2026-07-01;REATIVADO
761073;1;1;2026-05-18;2026-06-16;REATIVADO
7616472;1;1;2026-03-08;2025-10-03;REATIVADO
7617477;1;1;2026-03-24;2026-07-15;ATIVADO
7617504;1;1;2026-06-05;2026-07-01;REATIVADO
7619038;1;1;2026-05-16;2026-03-02;REATIVADO
7640679;1;1;2026-01-20;2026-04-14;REATIVADO
7641680;1;1;2026-06-12;2026-06-08;REATIVADO
7646235;1;1;2026-01-23;2026-05-29;REATIVADO
7647714;1;1;2026-02-06;2026-06-26;REATIVADO
7648427;1;1;2026-02-11;2026-02-24;REATIVADO
7648522;1;1;2026-05-13;2026-03-18;REATIVADO
7656014;1;1;2026-04-17;2026-07-14;REATIVADO
7663089;2;2;2026-05-21;2026-05-21;REATIVADO
7664279;1;1;2026-01-03;2025-09-11;REATIVADO
7665719;1;1;2026-05-22;;REATIVADO
7666280;1;1;2026-02-23;2026-06-29;REATIVADO
7667688;1;1;2026-03-04;2026-06-23;ATIVADO
7669249;1;1;2026-05-04;2026-05-28;REATIVADO
7669748;1;1;2026-06-19;2026-04-10;REATIVADO
7669980;1;1;2026-04-26;2026-06-16;REATIVADO
7671860;1;1;2026-01-06;2026-05-27;REATIVADO
7677808;1;1;2026-03-12;2026-04-16;REATIVADO
7678457;1;1;2026-04-23;2026-04-23;REATIVADO
7680799;1;1;2026-03-14;2026-05-13;REATIVADO
7684131;1;1;2026-05-22;2026-05-21;REATIVADO
7687476;1;1;2026-05-06;2026-06-02;ATIVADO
7694337;1;1;2026-06-27;2026-07-01;REATIVADO
7697536;1;1;2026-05-24;2026-07-08;REATIVADO
7698675;1;1;2026-06-26;2026-06-24;REATIVADO
7700787;1;1;2026-05-08;2026-05-29;REATIVADO
7702483;1;1;2026-02-11;2026-06-16;REATIVADO
7703692;1;1;2026-02-09;2026-07-16;REATIVADO
7704237;1;1;2026-06-24;2026-07-16;REATIVADO
7708220;1;1;2026-03-12;2026-05-20;REATIVADO
7708358;1;1;2026-02-23;2026-07-08;REATIVADO
7714041;1;1;2026-05-27;2026-06-16;REATIVADO
7716037;1;1;2026-06-24;2026-07-14;REATIVADO
7719300;1;1;2026-05-26;;REATIVADO
7725036;1;1;2026-04-18;2026-03-30;REATIVADO
7725163;1;1;2026-06-15;2026-07-13;REATIVADO
7725279;1;1;2026-06-22;2026-07-20;REATIVADO
7725455;1;1;2026-01-29;2026-04-15;REATIVADO
7729257;1;1;2026-03-04;2026-07-09;REATIVADO
7731764;1;1;2026-02-19;2026-06-05;ATIVADO
773408;1;1;2026-06-22;2026-06-19;REATIVADO
7739154;1;1;2026-02-23;2026-03-11;REATIVADO
773945;1;1;2026-04-28;2026-05-27;REATIVADO
7742882;1;1;2026-05-28;2026-07-08;REATIVADO
7743807;1;1;2026-04-09;2026-05-06;REATIVADO
7745724;1;1;2026-04-06;2026-06-11;ATIVADO
7748441;1;1;2026-01-04;2026-04-28;REATIVADO
7749781;1;1;2026-06-22;2026-05-04;REATIVADO
7753422;1;1;2026-05-07;2026-03-26;REATIVADO
7753613;1;1;2026-02-19;2026-06-24;REATIVADO
7760734;1;1;2026-01-17;2026-01-21;REATIVADO
7761170;1;1;2026-01-24;2026-05-08;REATIVADO
7764532;1;1;2026-03-09;2026-07-21;REATIVADO
7768688;1;1;2026-03-11;2026-03-20;REATIVADO
776923;1;1;2026-06-22;2026-06-10;REATIVADO
7770722;1;1;2026-02-12;2026-03-25;REATIVADO
777168;1;1;2026-06-16;2026-04-22;REATIVADO
7773157;1;1;2026-02-27;2025-09-26;REATIVADO
7774975;1;1;2026-03-27;2026-04-07;REATIVADO
7780500;1;1;2026-05-13;2025-10-23;REATIVADO
778587;1;1;2026-04-22;2026-06-26;REATIVADO
7787332;1;1;2026-01-07;2026-04-14;REATIVADO
7788909;1;1;2026-05-11;2026-06-02;REATIVADO
7789595;1;1;2026-05-13;2026-07-01;REATIVADO
7803371;1;1;2026-05-25;2025-08-19;REATIVADO
7804822;1;1;2026-05-10;2026-07-08;REATIVADO
7805054;1;1;2026-06-12;2026-06-16;REATIVADO
7807408;1;1;2026-04-15;2026-04-14;REATIVADO
7807538;1;1;2026-05-11;2026-05-26;REATIVADO
7808263;1;1;2026-05-22;2026-05-21;REATIVADO
7809361;1;1;2026-05-12;2026-03-26;REATIVADO
7810400;1;1;2026-04-06;2026-05-05;REATIVADO
7815263;1;1;2026-05-18;2026-04-14;REATIVADO
7822969;1;1;2026-04-28;2026-05-06;REATIVADO
782455;1;1;2026-03-17;2025-10-16;REATIVADO
7830858;1;1;2026-03-18;2026-06-18;REATIVADO
7833199;1;1;2026-02-09;2026-05-26;ATIVADO
7835928;1;1;2026-05-25;2026-04-02;REATIVADO
7836443;1;1;2026-06-08;;REATIVADO
7838513;1;1;2026-06-15;2026-06-12;ATIVADO
7839654;1;1;2026-01-05;2026-05-19;REATIVADO
7839811;1;1;2026-04-14;2026-05-21;REATIVADO
784151;1;1;2026-02-24;2026-04-10;REATIVADO
7845227;1;1;2026-02-21;2026-06-22;REATIVADO
784538;1;1;2026-03-28;2026-07-06;REATIVADO
7845642;1;1;2026-06-22;2026-03-18;REATIVADO
7848784;1;1;2026-06-02;2025-08-20;REATIVADO
7850489;1;1;2026-03-03;2026-04-10;REATIVADO
7852517;1;1;2026-05-22;2026-04-24;REATIVADO
7861395;1;1;2026-02-14;2026-05-18;REATIVADO
7863629;1;1;2026-04-26;2026-06-16;REATIVADO
7864201;1;1;2026-06-19;2026-07-13;REATIVADO
7870878;1;1;2026-04-22;2026-05-27;ATIVADO
7874309;1;1;2026-05-27;2026-07-21;REATIVADO
7877078;1;1;2026-03-24;2026-05-12;REATIVADO
7889638;1;1;2026-06-18;2026-06-22;REATIVADO
7891067;1;1;2026-02-09;2026-05-12;REATIVADO
7892643;1;1;2026-02-26;2026-03-16;REATIVADO
7893832;1;1;2026-03-23;2026-04-13;REATIVADO
7894478;1;1;2026-06-15;2026-06-03;REATIVADO
7895585;1;1;2026-03-03;2026-02-11;REATIVADO
7895957;1;1;2026-04-13;2026-06-01;REATIVADO
7897599;1;1;2026-01-26;2026-07-16;REATIVADO
7898735;1;1;2026-03-23;2026-06-26;REATIVADO
7905922;1;1;2026-06-01;2026-07-15;REATIVADO
7906682;1;1;2026-05-18;2026-06-08;REATIVADO
7909148;1;1;2026-06-09;;REATIVADO
7914549;1;1;2026-02-15;2026-02-11;REATIVADO
7917599;1;1;2026-04-28;;REATIVADO
7922993;1;1;2026-04-27;2026-05-21;REATIVADO
7925074;1;1;2026-02-10;2026-05-15;REATIVADO
7929777;1;1;2026-01-22;2026-06-30;REATIVADO
7934229;1;1;2026-02-02;2026-01-14;REATIVADO
7939548;1;1;2026-04-02;2026-06-03;REATIVADO
793965;1;1;2026-01-13;2026-06-29;REATIVADO
7941922;1;1;2026-05-14;2026-06-24;REATIVADO
7943628;1;1;2026-04-14;2026-06-12;REATIVADO
7944118;1;1;2026-04-10;2026-05-22;REATIVADO
7946292;1;1;2026-02-09;2026-06-30;ATIVADO
7947107;1;1;2026-06-11;2026-06-15;REATIVADO
7947341;1;1;2026-04-10;;REATIVADO
7947371;1;1;2026-06-18;2026-02-04;REATIVADO
7948440;1;1;2026-06-16;2026-07-15;REATIVADO
7956359;1;1;2026-01-28;2026-05-07;REATIVADO
7958727;1;1;2026-01-13;2026-05-21;REATIVADO
7960416;1;1;2026-04-06;2026-05-13;REATIVADO
7967329;1;1;2026-01-13;2026-07-16;REATIVADO
7973524;1;1;2026-01-17;2026-05-21;REATIVADO
7974863;1;1;2026-05-12;2026-06-15;REATIVADO
7975170;1;1;2026-05-08;2026-06-11;REATIVADO
7979943;1;1;2026-04-02;2026-04-27;REATIVADO
7979991;1;1;2026-03-23;2026-03-26;REATIVADO
7982866;1;1;2026-03-28;2026-03-24;ATIVADO
7984114;1;1;2026-02-05;2026-06-10;ATIVADO
7993042;1;1;2026-02-24;2026-06-30;REATIVADO
7995077;1;1;2026-01-31;2026-04-15;REATIVADO
7995722;1;1;2026-03-16;2026-03-12;REATIVADO
7998352;1;1;2026-03-03;2026-05-21;REATIVADO
7998794;1;1;2026-06-22;2026-06-16;REATIVADO
7999244;1;1;2026-05-19;2026-05-11;REATIVADO
7999262;1;1;2026-02-04;;ATIVADO
7999338;1;1;2026-05-17;2026-06-16;REATIVADO
8000028;1;1;2026-05-12;2026-05-12;REATIVADO
8000533;1;1;2026-06-30;2025-09-05;REATIVADO
8000906;1;1;2026-02-21;2026-05-27;REATIVADO
8001071;1;1;2026-03-16;2026-06-10;REATIVADO
8001903;1;1;2026-03-26;2026-07-15;REATIVADO
8010289;1;1;2026-02-23;2026-06-09;REATIVADO
8012199;1;1;2026-04-16;2026-04-16;REATIVADO
8013919;1;1;2026-01-30;2026-01-30;ATIVADO
8015710;1;1;2026-01-12;2026-07-20;ATIVADO
8016268;1;1;2026-03-03;2026-07-15;REATIVADO
8018437;1;1;2026-04-15;2026-07-21;REATIVADO
8019820;1;1;2026-05-15;2026-05-15;REATIVADO
8023733;1;1;2026-01-09;2026-05-19;REATIVADO
8026277;1;1;2026-01-14;2026-06-02;REATIVADO
8029466;1;1;2026-03-08;2026-02-20;ATIVADO
8031948;1;1;2026-03-17;;REATIVADO
8032375;1;1;2026-05-11;;REATIVADO
8033696;1;1;2026-04-27;2026-03-31;REATIVADO
8034309;1;1;2026-01-07;2026-01-06;REATIVADO
803621;1;1;2026-02-10;2026-06-26;REATIVADO
8041276;1;1;2026-04-10;2026-07-03;ATIVADO
8043634;1;1;2026-02-19;2026-07-17;REATIVADO
8044181;1;1;2026-03-19;2026-07-07;REATIVADO
8050734;1;1;2026-05-25;2026-07-17;REATIVADO
8051928;1;1;2026-01-24;;REATIVADO
8051941;1;1;2026-03-09;2026-03-30;REATIVADO
8052092;1;1;2026-04-17;2026-05-21;REATIVADO
8065018;1;1;2026-05-04;2025-10-10;REATIVADO
806846;1;1;2026-03-09;2025-07-25;REATIVADO
8068759;1;1;2026-03-22;2026-06-09;REATIVADO
8076531;1;1;2026-04-01;2025-07-29;REATIVADO
8077677;1;1;2026-02-13;2026-06-29;REATIVADO
8077772;1;1;2026-01-22;2026-07-14;REATIVADO
8079203;1;1;2026-02-07;2026-02-06;REATIVADO
8079517;1;1;2026-03-23;2026-05-06;REATIVADO
8079906;1;1;2026-02-11;2026-04-07;REATIVADO
8079967;1;1;2026-06-08;2026-03-03;REATIVADO
8081905;1;1;2026-06-29;2026-05-14;REATIVADO
8082173;1;1;2026-03-27;2026-04-09;REATIVADO
8083984;1;1;2026-04-22;2026-07-10;REATIVADO
8084765;1;1;2026-06-01;2026-06-01;ATIVADO
8085034;1;1;2026-05-09;2026-03-16;REATIVADO
8088370;1;1;2026-04-15;2026-03-26;REATIVADO
8089052;1;1;2026-04-10;2026-05-26;REATIVADO
8089241;1;1;2026-03-10;2026-07-14;REATIVADO
8091208;1;1;2026-06-16;2025-11-26;REATIVADO
8092291;1;1;2026-03-11;2026-03-27;REATIVADO
8096845;1;1;2026-01-19;2026-02-11;ATIVADO
8097011;1;1;2026-05-26;2026-04-13;REATIVADO
8100187;1;1;2026-02-20;2026-03-11;REATIVADO
8107117;1;1;2026-04-06;2026-05-08;REATIVADO
8108585;1;1;2026-06-18;2026-06-18;REATIVADO
8112290;1;1;2026-05-04;2026-06-29;REATIVADO
8123226;1;1;2026-05-21;2026-05-12;REATIVADO
8123602;1;1;2026-04-01;2026-06-15;REATIVADO
8124305;1;1;2026-02-18;2026-02-18;REATIVADO
8127814;1;1;2026-02-20;2026-03-11;REATIVADO
8128568;1;1;2026-05-21;2026-07-13;REATIVADO
8128764;1;1;2026-04-06;2026-04-07;REATIVADO
8129884;1;1;2026-03-20;2026-04-20;REATIVADO
8133884;1;1;2026-04-26;2025-09-26;REATIVADO
8134364;1;1;2026-01-15;2025-10-21;REATIVADO
8139151;1;1;2026-03-31;2026-05-25;REATIVADO
8140881;1;1;2026-06-25;2026-06-18;REATIVADO
8140950;1;1;2026-03-02;2026-01-30;REATIVADO
8143234;1;1;2026-01-21;2026-04-23;REATIVADO
8146071;1;1;2026-05-03;2026-05-25;REATIVADO
8148725;1;1;2026-03-17;2026-05-20;REATIVADO
8150259;1;1;2026-06-01;2026-06-03;REATIVADO
8157278;1;1;2026-05-04;2026-07-20;REATIVADO
8157443;1;1;2026-03-23;2026-03-24;ATIVADO
8162581;1;1;2026-06-22;;REATIVADO
8162631;1;1;2026-05-13;2025-09-04;REATIVADO
8162764;1;1;2026-01-17;2026-06-15;REATIVADO
8173890;1;1;2026-06-24;2026-05-11;REATIVADO
8175110;1;1;2026-06-15;2026-06-16;REATIVADO
8183639;1;1;2026-03-02;2026-02-20;REATIVADO
8184447;1;1;2026-03-10;2026-04-10;REATIVADO
8189609;1;1;2026-05-20;2026-06-08;REATIVADO
8191703;1;1;2026-06-30;;REATIVADO
8192994;1;1;2026-02-11;2025-10-24;REATIVADO
8198938;1;1;2026-01-26;2026-07-16;ATIVADO
8201372;1;1;2026-05-14;2026-05-15;REATIVADO
8207785;1;1;2026-01-13;2026-02-26;REATIVADO
8208002;1;1;2026-06-08;2026-07-16;REATIVADO
8208643;1;1;2026-03-27;;REATIVADO
8214672;1;1;2026-05-04;2026-05-05;ATIVADO
8218236;1;1;2026-01-13;2026-01-12;ATIVADO
8224764;1;1;2026-04-13;;REATIVADO
8225955;1;1;2026-04-15;2026-05-21;REATIVADO
8226015;1;1;2026-06-15;2026-06-12;REATIVADO
8227434;1;1;2026-01-28;2026-01-27;REATIVADO
8227587;1;1;2026-06-01;2026-06-24;REATIVADO
8230749;1;1;2026-04-07;2026-04-06;REATIVADO
8241912;1;1;2026-05-25;2026-05-25;REATIVADO
8242476;1;1;2026-06-13;2026-01-21;REATIVADO
8243603;1;1;2026-05-04;2026-07-13;REATIVADO
8243624;1;1;2026-05-07;2026-07-13;REATIVADO
8245113;1;1;2026-06-26;2026-06-03;REATIVADO
8248014;1;1;2026-01-20;2026-07-18;REATIVADO
8250204;1;1;2026-04-13;2026-04-28;REATIVADO
8257061;1;1;2026-04-08;2026-06-30;REATIVADO
82600;1;1;2026-05-19;2026-05-19;REATIVADO
826303;1;1;2026-02-24;2026-04-16;REATIVADO
8263193;1;1;2026-03-03;2026-05-29;ATIVADO
8266402;1;1;2026-02-06;2026-02-03;REATIVADO
8269896;1;1;2026-01-15;2026-02-18;REATIVADO
827359;1;1;2026-03-31;;REATIVADO
827747;1;1;2026-05-21;2026-06-23;REATIVADO
8280829;1;1;2026-06-24;2026-05-28;REATIVADO
8288248;1;1;2026-06-09;2026-06-23;REATIVADO
8293059;1;1;2026-01-30;2026-05-07;REATIVADO
8293227;1;1;2026-02-27;2026-01-26;REATIVADO
8295985;1;1;2026-03-17;2026-03-16;REATIVADO
8297398;1;1;2026-04-13;2026-06-25;REATIVADO
8297588;1;1;2026-05-18;2026-06-17;REATIVADO
8297636;1;1;2026-03-29;2026-06-23;REATIVADO
8297671;1;1;2026-03-25;2026-06-16;REATIVADO
8297796;1;1;2026-01-27;2026-05-20;REATIVADO
8301419;1;1;2026-04-12;2026-03-26;REATIVADO
8304325;1;1;2026-03-24;2026-06-09;REATIVADO
8304729;1;1;2026-01-26;2026-07-14;REATIVADO
8311567;1;1;2026-05-20;2026-04-06;REATIVADO
8312427;1;1;2026-04-15;2026-05-28;REATIVADO
8322773;1;1;2026-01-11;2026-06-22;REATIVADO
8322987;1;1;2026-03-16;2026-07-02;ATIVADO
8329782;1;1;2026-02-25;2026-07-07;REATIVADO
8333552;1;1;2026-02-04;2026-04-29;REATIVADO
8337272;1;1;2026-04-22;2026-05-26;REATIVADO
8337961;1;1;2026-03-20;2026-04-02;REATIVADO
8339509;1;1;2026-01-09;2026-01-13;ATIVADO
8346657;1;1;2026-02-23;2026-04-17;REATIVADO
8349220;1;1;2026-03-18;;REATIVADO
8352020;1;1;2026-01-28;2026-07-01;REATIVADO
8367864;1;1;2026-02-02;2026-06-30;REATIVADO
8369102;1;1;2026-03-02;2026-04-27;REATIVADO
8369865;1;1;2026-05-02;2026-05-13;ATIVADO
8371080;1;1;2026-03-25;2026-04-28;REATIVADO
837897;1;1;2026-03-21;;REATIVADO
839830;1;1;2026-04-24;2026-01-23;REATIVADO
8399050;1;1;2026-01-21;2026-02-04;REATIVADO
840591;1;1;2026-01-21;;REATIVADO
840899;1;1;2026-06-15;2026-07-08;REATIVADO
8417395;1;1;2026-01-08;2026-05-15;REATIVADO
843529;1;1;2026-05-16;2026-06-26;REATIVADO
8439983;1;1;2026-02-10;2025-10-13;REATIVADO
8443450;1;1;2026-04-07;2026-04-16;ATIVADO
845745;1;1;2026-06-12;2026-06-08;REATIVADO
8464721;1;1;2026-04-15;2026-04-10;ATIVADO
8470686;1;1;2026-03-13;2026-06-09;REATIVADO
847142;1;1;2026-03-02;2026-07-09;REATIVADO
8480825;1;1;2026-01-04;2025-09-19;REATIVADO
848283;1;1;2026-02-09;2026-07-14;REATIVADO
8483326;1;1;2026-02-09;2026-02-09;REATIVADO
8483505;1;1;2026-04-05;2026-05-07;REATIVADO
8490367;1;1;2026-02-11;2026-05-18;ATIVADO
849954;1;1;2026-02-09;2026-06-03;REATIVADO
8502970;1;1;2026-02-25;2026-06-18;REATIVADO
8504006;1;1;2026-06-15;2026-03-16;REATIVADO
8505431;1;1;2026-05-14;2026-05-29;REATIVADO
8506056;1;1;2026-04-16;2026-02-10;REATIVADO
8514059;1;1;2026-06-01;2026-07-09;ATIVADO
8514643;1;1;2026-06-11;;ATIVADO
8516954;1;1;2026-05-21;2026-05-21;REATIVADO
8517873;1;1;2026-02-20;2026-04-20;REATIVADO
8520045;1;1;2026-03-10;2026-04-28;REATIVADO
8531866;1;1;2026-01-17;2026-07-06;REATIVADO
8534853;1;1;2026-02-02;2025-11-24;REATIVADO
8535975;1;1;2026-03-10;2026-04-29;ATIVADO
8539378;1;1;2026-03-16;2026-05-05;REATIVADO
8540765;1;1;2026-02-23;2026-05-25;ATIVADO
8551540;1;1;2026-06-29;2026-05-20;REATIVADO
8571790;1;1;2026-03-24;;REATIVADO
8571941;1;1;2026-03-09;2026-06-17;ATIVADO
8573171;1;1;2026-06-22;2026-07-20;REATIVADO
8573705;1;1;2026-02-02;;REATIVADO
8574648;1;1;2026-05-08;2026-04-07;REATIVADO
8575911;1;1;2026-01-14;2026-06-15;REATIVADO
8577433;1;1;2026-03-02;2025-07-30;REATIVADO
8584282;1;1;2026-04-27;2026-04-30;REATIVADO
8584462;1;1;2026-03-06;2026-06-12;REATIVADO
8591163;1;1;2026-06-03;2026-05-04;REATIVADO
8592534;1;1;2026-03-24;2026-07-14;REATIVADO
8601745;1;1;2026-05-03;2026-07-14;REATIVADO
8606648;1;1;2026-03-26;2026-06-30;ATIVADO
8607174;1;1;2026-04-13;2025-09-04;REATIVADO
8620789;1;1;2026-06-21;2026-06-25;REATIVADO
8624916;1;1;2026-01-19;;REATIVADO
8624971;1;1;2026-02-23;2026-03-25;REATIVADO
8625252;1;1;2026-03-16;2026-06-18;REATIVADO
8626249;1;1;2026-05-18;2026-06-19;REATIVADO
8627581;1;1;2026-03-06;2026-05-14;REATIVADO
8636580;1;1;2026-01-19;2026-06-10;REATIVADO
8639732;1;1;2026-01-05;2026-07-16;REATIVADO
8641177;1;1;2026-04-20;2025-10-16;REATIVADO
8642773;1;1;2026-03-26;2026-07-17;REATIVADO
8643387;1;1;2026-05-06;2026-06-25;REATIVADO
8643773;1;1;2026-02-04;2026-05-18;REATIVADO
8651947;1;1;2026-03-09;2026-05-28;REATIVADO
8654414;1;1;2026-02-25;2025-09-25;REATIVADO
8655282;1;1;2026-03-23;2026-07-01;REATIVADO
8655971;1;1;2026-02-23;2025-07-24;REATIVADO
8662386;1;1;2026-03-14;2026-05-14;REATIVADO
8663476;1;1;2026-03-07;2026-04-16;REATIVADO
8669070;1;1;2026-03-20;2026-02-11;REATIVADO
8671425;1;1;2026-05-18;2026-07-15;REATIVADO
8672972;1;1;2026-05-11;2026-07-15;REATIVADO
8676416;1;1;2026-02-03;2026-06-17;REATIVADO
8677794;1;1;2026-05-05;;REATIVADO
8687220;1;1;2026-05-13;2026-07-16;REATIVADO
8687277;1;1;2026-04-28;2026-05-29;REATIVADO
8687423;1;1;2026-03-22;2026-01-19;REATIVADO
869354;1;1;2026-03-07;2026-05-22;REATIVADO
8693652;1;1;2026-05-21;2026-04-15;REATIVADO
8695171;1;1;2026-03-04;2026-03-16;REATIVADO
870425;1;1;2026-05-11;2026-04-23;REATIVADO
8704760;1;1;2026-04-08;2026-04-08;REATIVADO
8706686;1;1;2026-05-09;2026-06-08;REATIVADO
8707204;1;1;2026-06-30;2026-07-16;REATIVADO
8707324;1;1;2026-01-20;2026-06-12;REATIVADO
8708801;1;1;2026-06-09;2026-03-12;REATIVADO
8709820;1;1;2026-03-31;2026-04-09;REATIVADO
8721275;1;1;2026-03-04;2026-03-16;REATIVADO
872659;1;1;2026-02-26;2026-06-09;REATIVADO
8727217;1;1;2026-05-12;2026-05-27;REATIVADO
8730657;1;1;2026-04-06;2025-09-11;REATIVADO
8730726;1;1;2026-05-12;2025-12-30;REATIVADO
8730896;1;1;2026-01-30;2026-05-22;REATIVADO
8733757;1;1;2026-03-26;2026-05-22;REATIVADO
8735314;1;1;2026-04-24;;REATIVADO
8737946;1;1;2026-02-04;2026-06-22;REATIVADO
8739675;1;1;2026-01-27;2026-05-14;ATIVADO
8740645;1;1;2026-03-30;2026-04-06;REATIVADO
8742755;1;1;2026-04-13;2026-04-14;REATIVADO
8744945;1;1;2026-04-09;2026-04-08;REATIVADO
8745042;1;1;2026-06-08;2026-02-26;REATIVADO
8747830;1;1;2026-06-12;2026-07-21;REATIVADO
8748259;1;1;2026-01-11;2026-04-20;REATIVADO
8748399;1;1;2026-03-04;2026-05-28;REATIVADO
8749758;1;1;2026-03-18;2026-05-07;REATIVADO
8749918;1;1;2026-05-02;2026-06-26;REATIVADO
8758203;1;1;2026-05-26;2026-05-29;REATIVADO
8758532;1;1;2026-01-26;2026-07-20;REATIVADO
8760851;1;1;2026-03-25;2026-05-15;REATIVADO
8765245;1;1;2026-02-23;2026-03-13;REATIVADO
8766031;1;1;2026-04-26;2026-07-08;REATIVADO
8767790;1;1;2026-03-16;2025-09-10;REATIVADO
8767961;1;1;2026-05-31;2026-05-07;REATIVADO
8768766;1;1;2026-05-15;2026-02-11;REATIVADO
8769054;1;1;2026-05-26;2026-06-10;REATIVADO
8769184;1;1;2026-04-27;2026-05-20;REATIVADO
8779108;1;1;2026-05-26;2025-07-24;REATIVADO
8780872;1;1;2026-06-09;2026-07-08;ATIVADO
8781510;1;1;2026-04-21;2026-05-27;REATIVADO
8783965;1;1;2026-04-17;2026-04-30;REATIVADO
8787392;1;1;2026-06-08;2026-06-29;REATIVADO
8788175;1;1;2026-05-26;2025-07-28;REATIVADO
8792234;1;1;2026-04-17;2026-04-15;ATIVADO
8793498;1;1;2026-03-10;2026-07-20;REATIVADO
879733;1;1;2026-03-31;2026-04-08;REATIVADO
8797712;1;1;2026-06-15;2026-06-25;REATIVADO
8799145;1;1;2026-05-25;2026-03-25;REATIVADO
8801167;1;1;2026-04-16;2026-02-25;REATIVADO
8801291;1;1;2026-04-14;2025-09-18;REATIVADO
8802458;1;1;2026-02-03;;REATIVADO
8807997;1;1;2026-04-08;2026-04-13;REATIVADO
8808584;1;1;2026-01-25;2026-05-19;REATIVADO
8810173;1;1;2026-04-10;2026-03-27;REATIVADO
8811071;1;1;2026-04-02;2026-07-21;ATIVADO
8813102;1;1;2026-05-29;;REATIVADO
881775;1;1;2026-04-05;2026-05-14;REATIVADO
882029;1;1;2026-03-27;2026-07-17;REATIVADO
8821020;1;1;2026-03-31;2026-03-30;ATIVADO
8827098;1;1;2026-04-02;2026-05-18;REATIVADO
8827601;1;1;2026-05-26;2026-02-09;REATIVADO
8830295;1;1;2026-04-05;2025-12-10;REATIVADO
8833346;1;1;2026-06-09;2026-05-21;REATIVADO
8839322;1;1;2026-03-12;;REATIVADO
8839332;1;1;2026-03-10;2026-03-10;REATIVADO
8847680;1;1;2026-02-02;2025-10-23;REATIVADO
8848717;1;1;2026-05-29;2026-06-30;REATIVADO
8850254;1;1;2026-06-09;2026-06-09;REATIVADO
8851013;1;1;2026-06-23;2026-05-25;REATIVADO
8854758;1;1;2026-04-20;2026-05-12;REATIVADO
8857486;1;1;2026-02-22;2026-03-20;REATIVADO
8865332;1;1;2026-03-23;2026-07-10;REATIVADO
8866366;1;1;2026-03-30;2026-04-28;ATIVADO
8870096;1;1;2026-04-26;2026-01-19;REATIVADO
8874189;1;1;2026-01-15;2026-02-20;ATIVADO
8874818;1;1;2026-06-22;2025-12-12;REATIVADO
8874870;1;1;2026-06-03;2026-06-16;REATIVADO
8882748;1;1;2026-04-13;2026-05-08;ATIVADO
8883486;1;1;2026-02-24;2026-04-13;REATIVADO
8884751;1;1;2026-01-13;2026-05-26;REATIVADO
8886603;1;1;2026-02-24;2026-05-21;REATIVADO
8887560;1;1;2026-03-24;2026-06-15;REATIVADO
8892224;1;1;2026-05-13;2026-05-18;REATIVADO
8892642;1;1;2026-02-12;2026-06-30;REATIVADO
8895468;1;1;2026-03-02;2026-03-09;REATIVADO
8895848;1;1;2026-05-08;2026-05-11;REATIVADO
8906598;1;1;2026-04-07;2026-05-21;REATIVADO
8906922;1;1;2026-05-11;2026-07-06;REATIVADO
8913027;1;1;2026-02-28;2026-06-19;REATIVADO
8924895;1;1;2026-03-02;2025-10-20;REATIVADO
8928248;1;1;2026-04-08;2026-05-26;REATIVADO
8928354;1;1;2026-06-28;2026-06-25;REATIVADO
8928520;1;1;2026-04-18;2025-10-27;REATIVADO
8928604;1;1;2026-04-06;2026-03-31;REATIVADO
8928669;1;1;2026-04-16;2026-06-18;REATIVADO
8928694;1;1;2026-04-27;2026-07-13;REATIVADO
8928932;1;1;2026-04-01;2026-06-18;ATIVADO
8929005;1;1;2026-02-26;;REATIVADO
8929037;1;1;2026-03-09;2026-07-15;REATIVADO
8929194;1;1;2026-05-11;2026-04-28;REATIVADO
8929259;1;1;2026-04-30;2026-07-17;ATIVADO
8929310;1;1;2026-06-14;2025-11-12;REATIVADO
8929358;1;1;2026-06-07;2026-05-13;REATIVADO
8929422;1;1;2026-04-28;2026-04-28;REATIVADO
8929431;1;1;2026-01-07;2026-07-14;REATIVADO
8929567;1;1;2026-03-19;2026-05-19;ATIVADO
8929637;1;1;2026-04-27;2026-05-06;REATIVADO
8929892;1;1;2026-05-11;2026-07-16;REATIVADO
8929897;1;1;2026-05-26;2026-06-02;REATIVADO
8929928;1;1;2026-02-10;2026-06-03;REATIVADO
8929982;1;1;2026-06-05;2026-05-26;REATIVADO
8929991;1;1;2026-03-30;2026-06-22;REATIVADO
8930025;1;1;2026-05-13;2026-05-13;REATIVADO
8930188;1;1;2026-05-25;2026-06-02;ATIVADO
8930352;1;1;2026-01-05;2026-03-09;REATIVADO
893046;1;1;2026-03-16;2026-06-24;REATIVADO
8931034;1;1;2026-03-04;2026-07-16;REATIVADO
8931104;1;1;2026-03-22;2026-04-16;REATIVADO
8931355;1;1;2026-06-23;2026-06-19;REATIVADO
8931555;1;1;2026-03-09;2026-02-25;REATIVADO
8931850;1;1;2026-02-12;2026-05-18;REATIVADO
8931856;1;1;2026-04-26;;REATIVADO
8931860;1;1;2026-02-13;2026-05-15;ATIVADO
893720;1;1;2026-05-18;;REATIVADO
897569;1;1;2026-02-26;2026-05-06;REATIVADO
899344;1;1;2026-02-28;2026-05-06;REATIVADO
899909;1;1;2026-01-20;2026-06-17;REATIVADO
9038408;1;1;2026-05-27;2026-06-17;REATIVADO
904148;1;1;2026-04-28;2026-06-19;REATIVADO
904153;1;1;2026-04-12;2026-05-05;REATIVADO
9042791;1;1;2026-02-01;2026-01-29;ATIVADO
9042813;1;1;2026-05-03;2026-03-23;ATIVADO
9042922;1;1;2026-04-07;2026-05-22;ATIVADO
9044808;1;1;2026-01-26;2026-04-13;REATIVADO
9045985;1;1;2026-06-17;2026-06-24;REATIVADO
9047334;1;1;2026-06-03;;REATIVADO
9048007;1;1;2026-03-22;2026-06-23;REATIVADO
9048074;1;1;2026-05-02;2026-06-17;ATIVADO
9048476;1;1;2026-01-08;2026-01-07;ATIVADO
9048515;1;1;2026-01-12;2026-07-17;ATIVADO
9048874;1;1;2026-01-20;2026-04-14;REATIVADO
9049065;1;1;2026-04-07;;ATIVADO
9049071;1;1;2026-06-11;2026-07-02;REATIVADO
9049132;1;1;2026-02-04;2026-07-16;REATIVADO
9049604;1;1;2026-04-14;2026-07-06;ATIVADO
9049760;1;1;2026-06-14;2026-06-26;REATIVADO
9052515;1;1;2026-01-21;2026-05-21;REATIVADO
9053036;1;1;2026-04-26;2026-04-29;REATIVADO
912321;1;1;2026-04-13;2026-05-04;REATIVADO
912996;1;1;2026-06-01;2026-06-25;REATIVADO
913753;1;1;2026-03-16;2025-07-29;REATIVADO
915795;1;1;2026-04-06;2026-05-04;REATIVADO
917226;1;1;2026-02-14;2026-05-05;REATIVADO
917351;1;1;2026-05-18;2026-06-24;REATIVADO
920810;1;1;2026-06-22;2026-07-02;REATIVADO
921516;1;1;2026-03-03;2026-06-30;REATIVADO
9228875;1;1;2026-06-18;2026-06-22;REATIVADO
9229571;1;1;2026-06-09;;ATIVADO
9233997;1;1;2026-02-12;2026-01-28;REATIVADO
9236868;1;1;2026-05-11;2026-07-17;REATIVADO
923729;1;1;2026-06-23;;REATIVADO
9243558;1;1;2026-04-09;2026-05-07;REATIVADO
9247556;1;1;2026-03-09;2026-03-12;REATIVADO
9249086;1;1;2026-03-11;2026-07-09;REATIVADO
9250808;1;1;2026-04-17;2026-06-10;REATIVADO
9250858;1;1;2026-06-19;2026-05-22;REATIVADO
9256341;1;1;2026-01-26;2026-06-11;REATIVADO
9256587;1;1;2026-05-18;2026-06-16;REATIVADO
9266255;1;1;2026-06-08;2026-06-08;REATIVADO
9266300;1;1;2026-05-06;2026-04-29;REATIVADO
9267278;1;1;2026-06-19;2026-07-16;REATIVADO
9270746;1;1;2026-06-11;2026-06-11;REATIVADO
9270928;1;1;2026-03-18;;REATIVADO
927138;1;1;2026-05-13;2025-10-30;REATIVADO
9271417;1;1;2026-03-09;2026-05-08;REATIVADO
9271582;1;1;2026-01-09;2026-06-12;REATIVADO
9271985;1;1;2026-06-11;2026-06-24;REATIVADO
9272020;1;1;2026-01-26;2026-06-08;REATIVADO
9273789;1;1;2026-03-04;2026-07-08;REATIVADO
92803;1;1;2026-02-20;2026-02-11;REATIVADO
9282031;1;1;2026-04-20;2026-06-30;REATIVADO
9283622;1;1;2026-04-05;2026-07-22;REATIVADO
9285595;1;1;2026-02-02;2026-03-16;REATIVADO
9291404;1;1;2026-05-30;2026-07-06;REATIVADO
9293381;1;1;2026-06-05;2025-08-29;REATIVADO
9293935;1;1;2026-06-30;2026-06-18;ATIVADO
9294485;1;1;2026-06-02;2026-06-24;REATIVADO
9303802;1;1;2026-03-22;2026-03-31;REATIVADO
9305722;1;1;2026-01-12;2026-07-14;REATIVADO
9307429;1;1;2026-03-23;2026-04-22;REATIVADO
9308133;1;1;2026-06-17;2026-07-16;REATIVADO
9309340;1;1;2026-03-14;2026-07-15;REATIVADO
9313454;1;1;2026-03-23;2026-05-29;ATIVADO
9314704;1;1;2026-05-20;2026-06-11;REATIVADO
9315056;1;1;2026-05-27;2025-12-11;REATIVADO
9315634;1;1;2026-02-05;2026-05-27;REATIVADO
9321719;1;1;2026-03-21;2026-04-08;ATIVADO
9327985;1;1;2026-03-12;2026-04-02;REATIVADO
9332836;1;1;2026-05-18;2025-12-23;REATIVADO
9333949;1;1;2026-03-12;;ATIVADO
9334616;1;1;2026-06-07;2026-05-21;REATIVADO
9340352;1;1;2026-06-30;2026-07-15;REATIVADO
9340797;1;1;2026-01-25;2026-06-05;REATIVADO
9343060;1;1;2026-01-26;2026-04-22;ATIVADO
9343113;1;1;2026-06-30;2026-06-17;REATIVADO
9344554;1;1;2026-06-17;2026-07-02;REATIVADO
9345787;1;1;2026-03-01;2026-06-18;ATIVADO
9346788;1;1;2026-02-09;2026-07-10;REATIVADO
9352542;1;1;2026-04-12;2026-03-16;REATIVADO
9358919;1;1;2026-06-29;2026-06-23;REATIVADO
9361709;1;1;2026-03-11;2026-06-17;REATIVADO
9367565;1;1;2026-03-02;2026-07-17;REATIVADO
9373326;1;1;2026-05-04;2026-06-25;REATIVADO
9383297;1;1;2026-03-25;2026-02-12;REATIVADO
9384647;1;1;2026-03-05;2026-05-22;REATIVADO
9384716;1;1;2026-04-08;2026-05-12;REATIVADO
9392402;1;1;2026-04-13;2026-07-08;REATIVADO
9394168;1;1;2026-02-22;2026-02-24;REATIVADO
9394293;1;1;2026-03-01;2026-05-25;REATIVADO
9394377;1;1;2026-04-12;2026-04-27;REATIVADO
9395933;1;1;2026-02-08;;REATIVADO
9396211;1;1;2026-03-20;2026-05-19;REATIVADO
9404127;1;1;2026-03-03;2026-04-07;REATIVADO
9405871;1;1;2026-06-17;;REATIVADO
941025;1;1;2026-01-08;2026-04-23;REATIVADO
9415399;1;1;2026-01-30;2026-06-16;REATIVADO
941978;1;1;2026-06-26;2026-07-10;REATIVADO
9423151;1;1;2026-06-01;2025-12-03;REATIVADO
9429557;1;1;2026-02-25;2026-07-20;REATIVADO
9433587;1;1;2026-03-11;2026-04-15;REATIVADO
9433695;1;1;2026-04-27;2026-06-19;REATIVADO
9435199;1;1;2026-03-03;2026-03-24;REATIVADO
9441819;1;1;2026-04-26;2026-06-05;REATIVADO
944190;1;1;2026-06-03;2026-07-09;REATIVADO
9441923;1;1;2026-02-10;2026-07-17;REATIVADO
9446560;1;1;2026-06-29;2026-06-18;REATIVADO
9447593;1;1;2026-05-20;2026-04-15;REATIVADO
9449133;1;1;2026-02-28;2025-09-17;REATIVADO
9450384;1;1;2026-01-04;2026-06-30;REATIVADO
9451890;1;1;2026-03-02;2026-03-23;REATIVADO
945445;1;1;2026-02-04;2026-04-10;REATIVADO
9467768;1;1;2026-02-25;2026-04-07;REATIVADO
9469301;1;1;2026-05-09;2026-04-06;REATIVADO
9471064;1;1;2026-05-25;2026-07-20;REATIVADO
9472758;1;1;2026-01-26;2026-05-18;REATIVADO
9473638;1;1;2026-02-26;;REATIVADO
9474938;1;1;2026-05-25;2026-05-12;REATIVADO
947662;1;1;2026-06-15;2025-07-24;REATIVADO
9482317;1;1;2026-03-22;2026-03-20;REATIVADO
9490639;1;1;2026-04-06;;REATIVADO
9490680;1;1;2026-04-23;2026-02-04;REATIVADO
9492407;1;1;2026-04-20;2026-07-02;REATIVADO
9493056;1;1;2026-06-16;2026-07-08;REATIVADO
9496701;1;1;2026-06-14;2026-06-10;REATIVADO
9503824;1;1;2026-05-09;2026-05-06;REATIVADO
9504189;1;1;2026-05-21;2025-12-16;REATIVADO
959408;1;1;2026-06-29;2026-07-15;REATIVADO
9648185;1;1;2026-05-19;2026-07-15;REATIVADO
9649517;1;1;2026-01-27;2026-02-24;ATIVADO
9649926;1;1;2026-04-28;2026-06-18;REATIVADO
9653566;1;1;2026-04-27;2026-05-11;REATIVADO
9657781;1;1;2026-05-10;2026-05-05;REATIVADO
9668703;1;1;2026-04-18;2025-08-04;REATIVADO
9674727;1;1;2026-05-03;2026-07-15;REATIVADO
9690385;1;1;2026-03-27;2026-06-22;REATIVADO
9693797;1;1;2026-02-04;2026-03-26;ATIVADO
9694796;1;1;2026-03-04;2026-04-23;REATIVADO
9697364;1;1;2026-04-06;2026-05-28;ATIVADO
9701842;1;1;2026-06-06;;REATIVADO
970946;1;1;2026-03-04;2026-05-13;REATIVADO
9710678;1;1;2026-04-22;2026-04-27;REATIVADO
9712950;1;1;2026-04-07;2025-12-15;REATIVADO
9713098;1;1;2026-05-26;2026-07-20;REATIVADO
9717600;1;1;2026-03-12;2026-04-15;ATIVADO
9720307;1;1;2026-04-22;2026-06-19;ATIVADO
9722772;1;1;2026-05-27;2026-06-03;REATIVADO
9733221;1;1;2026-03-02;2026-07-02;REATIVADO
9733515;1;1;2026-03-16;2026-04-09;REATIVADO
9737255;1;1;2026-02-04;2026-05-06;REATIVADO
973880;1;1;2026-01-14;2026-06-03;ATIVADO
9738803;1;1;2026-02-11;2026-02-10;REATIVADO
9740778;1;1;2026-05-15;2026-05-22;REATIVADO
9742418;1;1;2026-06-19;2026-05-12;REATIVADO
9750251;1;1;2026-05-18;2026-07-13;REATIVADO
9751289;1;1;2026-04-10;2026-05-06;REATIVADO
9751409;1;1;2026-04-15;2026-04-09;REATIVADO
9752391;1;1;2026-02-02;2026-01-27;REATIVADO
9754045;1;1;2026-01-25;2026-06-15;REATIVADO
9757900;1;1;2026-06-15;2026-03-24;REATIVADO
9759802;1;1;2026-03-23;2026-05-14;REATIVADO
9761429;1;1;2026-02-23;2026-02-23;ATIVADO
9765211;1;1;2026-01-08;2026-05-25;ATIVADO
9773695;1;1;2026-04-28;2026-04-07;REATIVADO
9777682;1;1;2026-02-10;2026-07-01;REATIVADO
9784626;1;1;2026-06-21;2026-06-11;ATIVADO
9788671;1;1;2026-05-25;2026-06-18;REATIVADO
9802853;1;1;2026-06-11;2026-07-08;REATIVADO
9804422;1;1;2026-06-29;2026-06-23;REATIVADO
9805026;1;1;2026-04-24;2026-07-14;REATIVADO
9807668;1;1;2026-04-16;2026-04-16;REATIVADO
981245;1;1;2026-03-02;2026-07-16;REATIVADO
9831154;1;1;2026-02-11;2026-05-26;REATIVADO
9832375;1;1;2026-05-22;2026-06-16;REATIVADO
9838845;1;1;2026-03-19;2026-04-20;REATIVADO
9841082;1;1;2026-06-13;2026-07-07;REATIVADO
9842523;1;1;2026-06-01;2026-07-21;REATIVADO
9865302;1;1;2026-03-05;2026-07-13;REATIVADO
9885442;1;1;2026-02-25;2026-07-15;REATIVADO
9885651;1;1;2026-02-11;2025-12-16;REATIVADO
9885777;1;1;2026-05-15;2026-06-30;REATIVADO
9887313;1;1;2026-06-24;2026-04-06;REATIVADO
9888029;1;1;2026-04-08;2026-03-24;REATIVADO
9913901;1;1;2026-01-12;2026-07-06;REATIVADO
9918563;1;1;2026-03-02;2025-10-28;REATIVADO
9918841;1;1;2026-06-10;2026-06-16;REATIVADO
9919280;1;1;2026-01-06;2026-06-24;REATIVADO
9919565;1;1;2026-03-26;2026-07-14;REATIVADO
992172;1;1;2026-05-14;2026-03-10;REATIVADO
9922645;1;1;2026-06-30;2026-06-26;REATIVADO
9923388;1;1;2026-06-05;;REATIVADO
9923665;1;1;2026-06-11;2026-06-29;REATIVADO
9931355;1;1;2026-01-10;2026-04-10;REATIVADO
9942309;1;1;2026-02-22;2026-06-18;REATIVADO
995856;1;1;2026-04-13;2026-05-08;REATIVADO
9958747;1;1;2026-02-26;2026-05-06;REATIVADO
996152;1;1;2026-05-04;2025-10-22;REATIVADO
9961836;1;1;2026-04-02;2026-05-13;REATIVADO
9964797;1;1;2026-04-06;2026-04-02;REATIVADO
9965064;1;1;2026-05-11;2026-05-25;REATIVADO
9965961;1;1;2026-06-29;2026-06-26;REATIVADO
9968170;1;1;2026-04-20;2026-06-09;REATIVADO
9970231;1;1;2026-03-17;2026-06-12;REATIVADO
9973205;1;1;2026-04-16;2026-04-15;REATIVADO
9973652;1;1;2026-05-19;2026-05-18;REATIVADO
9973770;1;1;2026-06-15;2025-08-18;REATIVADO
9982290;1;1;2026-01-10;2026-05-19;REATIVADO
9984357;1;1;2026-02-24;2026-06-05;REATIVADO
9991320;1;1;2026-05-25;2026-04-07;REATIVADO
9992202;1;1;2026-06-01;2025-10-01;REATIVADO
9994862;1;1;2026-06-02;2026-05-12;REATIVADO
