CODIGO_CLIENTE;CONTRATOS_ABERTOS_COUNT;CONTRATOS_AM_COUNT;CONTRATOS_AD_COUNT;DIAS_ABERTURA_MEDIO;DIAS_ABERTURA_MAX;DATA_ABERTURA_MIN;DATA_ABERTURA_MAX;PCT_TELEMETRIA;VALOR_ADICIONAIS_TOTAL
10001979;1;1;0;132.0;132;2026-03-12;2026-03-12;0.0;388.8
10008102;1;1;0;1314.0;1314;2022-12-16;2022-12-16;0.0;687.0
10008602;2;2;0;391.0;469;2025-04-09;2025-09-12;0.0;537.6
10013496;1;1;0;296.0;296;2025-09-29;2025-09-29;0.0;268.8
10018198;1;1;0;13.0;13;2026-07-09;2026-07-09;0.0;438.75
10018224;2;2;0;379.5;716;2024-08-05;2026-06-09;0.0;1166.1
10032702;1;1;0;1526.0;1526;2022-05-18;2022-05-18;0.0;447.0
10033280;8;2;6;33.2;169;2026-02-03;2026-07-21;12.5;7546.75
10035058;1;1;0;478.0;478;2025-03-31;2025-03-31;0.0;1825.5
10035554;1;0;1;1.0;1;2026-07-21;2026-07-21;0.0;75.8
10038355;2;1;1;26.0;50;2026-06-02;2026-07-20;0.0;770.8499999999999
100413;2;0;2;1.5;2;2026-07-20;2026-07-21;0.0;742.65
10048574;1;1;0;99.0;99;2026-04-14;2026-04-14;0.0;917.4
10048645;1;1;0;1175.0;1175;2023-05-04;2023-05-04;0.0;685.5
1005573;1;1;0;2.0;2;2026-07-20;2026-07-20;100.0;462.0
10057878;1;0;1;3.0;3;2026-07-19;2026-07-19;0.0;648.7
10059516;2;2;0;138.0;190;2026-01-13;2026-04-27;100.0;1762.2
1006128;1;0;1;2.0;2;2026-07-20;2026-07-20;0.0;109.80000000000001
10062044;1;1;0;96.0;96;2026-04-17;2026-04-17;0.0;537.3
10068714;2;1;1;226.0;446;2025-05-02;2026-07-16;0.0;2408.4500000000003
10070364;1;1;0;182.0;182;2026-01-21;2026-01-21;0.0;388.8
10071601;3;3;0;226.7;520;2025-02-17;2026-06-17;0.0;1046.4
10072053;1;1;0;182.0;182;2026-01-21;2026-01-21;0.0;268.8
10073964;3;3;0;62.3;71;2026-05-12;2026-05-26;33.3;1449.3
10077767;3;3;0;698.7;1969;2021-03-01;2026-06-08;0.0;2121.6
10079517;1;1;0;35.0;35;2026-06-17;2026-06-17;0.0;835.5
10082835;1;1;0;128.0;128;2026-03-16;2026-03-16;0.0;955.5
10089081;1;1;0;412.0;412;2025-06-05;2025-06-05;0.0;507.0
10089208;1;1;0;477.0;477;2025-04-01;2025-04-01;0.0;268.8
10089933;1;0;1;2.0;2;2026-07-20;2026-07-20;0.0;199.6
10093580;1;1;0;44.0;44;2026-06-08;2026-06-08;0.0;328.8
1009593;2;0;2;9.0;9;2026-07-13;2026-07-13;0.0;878.0
10097345;1;1;0;261.0;261;2025-11-03;2025-11-03;0.0;268.8
10097806;3;0;3;9.7;11;2026-07-11;2026-07-13;0.0;3991.8500000000004
10098741;4;3;1;351.5;1286;2023-01-13;2026-07-21;0.0;1860.2
10099477;3;3;0;107.0;120;2026-03-24;2026-04-15;0.0;2121.6
10101969;3;3;0;39.0;65;2026-05-18;2026-07-10;0.0;1166.4
1010983;5;0;5;10.6;29;2026-06-23;2026-07-21;0.0;5678.7
10110371;1;1;0;15.0;15;2026-07-07;2026-07-07;0.0;1145.55
10112697;7;6;1;398.9;1443;2022-08-09;2026-07-06;0.0;7378.469999999999
1011889;1;1;0;26.0;26;2026-06-26;2026-06-26;0.0;715.5
10121262;1;0;1;2.0;2;2026-07-20;2026-07-20;0.0;418.5
10121360;2;2;0;123.0;189;2026-01-14;2026-05-26;0.0;657.6
10121866;1;0;1;1.0;1;2026-07-21;2026-07-21;0.0;75.8
10125075;1;0;1;1.0;1;2026-07-21;2026-07-21;0.0;449.15000000000003
10132907;2;2;0;2917.0;3022;2018-04-13;2018-11-09;0.0;1014.0
10135023;3;0;3;1.7;2;2026-07-20;2026-07-21;0.0;451.0
10138256;1;1;0;30.0;30;2026-06-22;2026-06-22;100.0;760.2
10140309;1;0;1;1.0;1;2026-07-21;2026-07-21;0.0;337.5
10140870;3;2;1;86.0;153;2026-02-19;2026-06-30;0.0;2111.8
10141453;1;1;0;1275.0;1275;2023-01-24;2023-01-24;0.0;567.0
10147884;1;1;0;216.0;216;2025-12-18;2025-12-18;0.0;268.8
10149145;1;0;1;9.0;9;2026-07-13;2026-07-13;0.0;454.8
10155990;1;0;1;1.0;1;2026-07-21;2026-07-21;0.0;113.7
1015651;1;1;0;414.0;414;2025-06-03;2025-06-03;0.0;955.5
10156645;1;1;0;379.0;379;2025-07-08;2025-07-08;0.0;268.8
10159242;1;0;1;3.0;3;2026-07-19;2026-07-19;0.0;559.25
10162525;1;1;0;105.0;105;2026-04-08;2026-04-08;0.0;897.3
10162860;2;2;0;29.5;44;2026-06-08;2026-07-07;0.0;1674.6
10163399;1;0;1;1.0;1;2026-07-21;2026-07-21;0.0;490.32000000000005
10166447;3;3;0;88.7;139;2026-03-05;2026-06-15;0.0;1134.9
10168429;1;1;0;357.0;357;2025-07-30;2025-07-30;0.0;388.8
10169047;1;1;0;62.0;62;2026-05-21;2026-05-21;0.0;897.3
10170131;1;1;0;105.0;105;2026-04-08;2026-04-08;0.0;388.8
10180746;1;0;1;2.0;2;2026-07-20;2026-07-20;0.0;149.7
10182518;1;0;1;4.0;4;2026-07-18;2026-07-18;0.0;2307.15
1018279;1;1;0;100.0;100;2026-04-13;2026-04-13;0.0;737.4
10183575;1;1;0;6.0;6;2026-07-16;2026-07-16;0.0;268.8
10192281;2;1;1;17.5;34;2026-06-18;2026-07-21;0.0;1405.8
10192834;2;2;0;626.0;851;2024-03-23;2025-06-16;0.0;1914.3
10202456;1;1;0;412.0;412;2025-06-05;2025-06-05;0.0;537.3
10202471;1;1;0;30.0;30;2026-06-22;2026-06-22;0.0;328.8
1020331;13;13;0;136.1;261;2025-11-03;2026-06-11;84.6;9198.0
10207702;1;1;0;1469.0;1469;2022-07-14;2022-07-14;0.0;298.5
1021609;1;1;0;912.0;912;2024-01-22;2024-01-22;0.0;478.5
10226451;2;0;2;1.5;2;2026-07-20;2026-07-21;0.0;310.4
10227694;1;1;0;2416.0;2416;2019-12-10;2019-12-10;0.0;298.5
10229947;4;4;0;44.5;109;2026-04-04;2026-07-03;0.0;1075.2
10230144;1;1;0;154.0;154;2026-02-18;2026-02-18;0.0;268.8
10230530;1;1;0;38.0;38;2026-06-14;2026-06-14;0.0;447.0
10231498;1;1;0;351.0;351;2025-08-05;2025-08-05;100.0;433.5
10231730;3;3;0;752.7;1455;2022-07-28;2026-05-14;0.0;1341.0
10237823;2;2;0;355.0;695;2024-08-26;2026-07-07;0.0;954.0
10238424;1;1;0;181.0;181;2026-01-22;2026-01-22;100.0;373.5
10243851;1;1;0;11.0;11;2026-07-11;2026-07-11;0.0;837.3
10245464;2;2;0;380.0;520;2025-02-17;2025-11-24;0.0;1184.4
1024847;5;2;3;54.0;175;2026-01-28;2026-07-17;0.0;8626.1
10252201;1;1;0;61.0;61;2026-05-22;2026-05-22;0.0;388.8
10259274;1;0;1;12.0;12;2026-07-10;2026-07-10;0.0;648.75
10259912;3;2;1;278.7;496;2025-03-13;2026-07-20;0.0;1020.8
10267301;2;1;1;210.0;411;2025-06-06;2026-07-13;0.0;843.6
10270960;1;1;0;190.0;190;2026-01-13;2026-01-13;0.0;775.5
10271116;3;3;0;134.3;141;2026-03-03;2026-03-17;0.0;1074.9
10274892;4;4;0;124.0;184;2026-01-19;2026-05-19;0.0;4632.0
10276801;1;0;1;2.0;2;2026-07-20;2026-07-20;0.0;289.6
10277586;1;1;0;57.0;57;2026-05-26;2026-05-26;0.0;567.0
10286728;2;2;0;57.5;114;2026-03-30;2026-07-21;0.0;1852.8
10288280;2;2;0;236.0;348;2025-08-08;2026-03-20;0.0;537.6
1029020;1;1;0;30.0;30;2026-06-22;2026-06-22;0.0;310.75
10290818;2;2;0;800.0;1339;2022-11-21;2025-11-03;0.0;687.3
10291020;4;4;0;72.2;84;2026-04-29;2026-06-09;0.0;1495.2
10291595;1;1;0;1259.0;1259;2023-02-09;2023-02-09;100.0;99.9
10294348;1;1;0;9.0;9;2026-07-13;2026-07-13;0.0;765.45
10296006;1;1;0;288.0;288;2025-10-07;2025-10-07;0.0;388.8
10312499;2;0;2;5.5;10;2026-07-12;2026-07-21;0.0;849.61
10315501;1;1;0;119.0;119;2026-03-25;2026-03-25;0.0;328.8
10315864;1;1;0;252.0;252;2025-11-12;2025-11-12;0.0;448.8
10322728;3;0;3;2.3;3;2026-07-19;2026-07-20;0.0;1809.35
10323018;1;0;1;4.0;4;2026-07-18;2026-07-18;0.0;399.2
10329780;1;1;0;42.0;42;2026-06-10;2026-06-10;0.0;268.8
10330354;1;1;0;50.0;50;2026-06-02;2026-06-02;0.0;617.4
10330534;1;0;1;7.0;7;2026-07-15;2026-07-15;0.0;319.12
10330996;1;1;0;27.0;27;2026-06-25;2026-06-25;0.0;430.75
1033357;1;0;1;1.0;1;2026-07-21;2026-07-21;0.0;155.70000000000002
10333685;1;0;1;5.0;5;2026-07-17;2026-07-17;0.0;1328.45
10337801;1;1;0;1.0;1;2026-07-21;2026-07-21;0.0;268.8
10338754;1;0;1;3.0;3;2026-07-19;2026-07-19;0.0;269.4
10339462;3;3;0;27.7;51;2026-06-01;2026-07-06;0.0;2611.8
10339471;1;0;1;7.0;7;2026-07-15;2026-07-15;0.0;265.3
10339939;2;0;2;12.0;16;2026-07-06;2026-07-14;0.0;2335.5
10340606;2;2;0;138.5;258;2025-11-06;2026-07-03;0.0;765.75
1034236;2;1;1;13.5;17;2026-07-05;2026-07-12;0.0;1446.8
10342403;1;1;0;1323.0;1323;2022-12-07;2022-12-07;0.0;507.0
10343564;3;3;0;49.3;56;2026-05-27;2026-06-09;0.0;1164.6
10344149;19;17;2;146.1;337;2025-08-19;2026-07-20;0.0;12841.05
10348731;3;3;0;115.0;135;2026-03-09;2026-04-27;0.0;1878.0
10351289;1;0;1;8.0;8;2026-07-14;2026-07-14;0.0;399.2
10352534;1;1;0;2133.0;2133;2020-09-18;2020-09-18;0.0;418.5
10353193;1;1;0;288.0;288;2025-10-07;2025-10-07;0.0;777.3
10357222;2;2;0;377.5;476;2025-04-02;2025-10-16;0.0;1582.5
10357618;3;3;0;167.0;208;2025-12-26;2026-03-12;0.0;1313.1
10363272;2;2;0;1307.5;2604;2019-06-05;2026-07-11;0.0;687.3
10365113;2;2;0;61.0;74;2026-05-09;2026-06-04;0.0;777.6
10365526;1;0;1;1.0;1;2026-07-21;2026-07-21;0.0;148.8
10366945;1;0;1;2.0;2;2026-07-20;2026-07-20;0.0;316.5
10368079;1;1;0;134.0;134;2026-03-10;2026-03-10;0.0;735.6
10372893;2;2;0;272.5;519;2025-02-18;2026-06-26;0.0;1104.3
10376522;1;0;1;1.0;1;2026-07-21;2026-07-21;0.0;433.35
10377409;11;11;0;257.5;322;2025-09-03;2026-06-26;0.0;6551.95
1038234;2;2;0;88.0;125;2026-03-19;2026-06-01;0.0;657.6
1038296;1;0;1;10.0;10;2026-07-12;2026-07-12;0.0;984.15
10384614;1;1;0;469.0;469;2025-04-09;2025-04-09;0.0;268.8
1038553;1;1;0;336.0;336;2025-08-20;2025-08-20;0.0;358.5
10385554;2;2;0;27.0;31;2026-06-21;2026-06-29;50.0;910.2
10387980;7;6;1;113.3;228;2025-12-06;2026-07-07;0.0;3205.4
10389805;2;1;1;233.5;453;2025-04-25;2026-07-08;0.0;829.1
10389837;1;0;1;22.0;22;2026-06-30;2026-06-30;0.0;833.8
10390899;2;2;0;570.5;580;2024-12-19;2025-01-07;0.0;687.0
10392357;4;4;0;320.2;666;2024-09-24;2026-05-19;50.0;2432.7
103924;1;0;1;4.0;4;2026-07-18;2026-07-18;0.0;608.8299999999999
10397348;1;1;0;1357.0;1357;2022-11-03;2022-11-03;0.0;298.5
10400088;1;1;0;40.0;40;2026-06-12;2026-06-12;0.0;897.3
10410597;1;1;0;95.0;95;2026-04-18;2026-04-18;0.0;735.6
10410833;1;1;0;2595.0;2595;2019-06-14;2019-06-14;0.0;447.0
10412802;1;1;0;722.0;722;2024-07-30;2024-07-30;0.0;388.8
10412806;1;0;1;7.0;7;2026-07-15;2026-07-15;0.0;691.9499999999999
10413194;5;5;0;1127.6;2231;2020-06-12;2026-01-07;0.0;1940.1
10413997;1;1;0;562.0;562;2025-01-06;2025-01-06;0.0;328.8
10417186;3;3;0;1183.0;2899;2018-08-14;2026-03-12;100.0;1173.6
10426869;2;2;0;1435.5;1443;2022-08-09;2022-08-24;0.0;597.0
10428077;1;1;0;135.0;135;2026-03-09;2026-03-09;0.0;537.3
10429650;1;1;0;107.0;107;2026-04-06;2026-04-06;100.0;313.5
10432561;1;1;0;76.0;76;2026-05-07;2026-05-07;0.0;328.8
10432814;1;1;0;517.0;517;2025-02-20;2025-02-20;0.0;268.8
10432945;1;0;1;2.0;2;2026-07-20;2026-07-20;0.0;151.6
10433088;1;1;0;30.0;30;2026-06-22;2026-06-22;0.0;775.5
10435839;1;0;1;1.0;1;2026-07-21;2026-07-21;0.0;213.70000000000002
10436350;1;0;1;4.0;4;2026-07-18;2026-07-18;0.0;2671.5899999999997
10440292;2;0;2;3.0;4;2026-07-18;2026-07-20;0.0;1961.3
10440582;2;2;0;149.5;150;2026-02-22;2026-02-23;0.0;537.6
10440690;2;0;2;2.0;2;2026-07-20;2026-07-20;0.0;404.1
10441121;1;1;0;36.0;36;2026-06-16;2026-06-16;0.0;388.8
10447880;6;5;1;41.3;51;2026-06-01;2026-07-20;0.0;2574.4
10450799;1;1;0;6.0;6;2026-07-16;2026-07-16;0.0;1016.7
10455384;1;1;0;16.0;16;2026-07-06;2026-07-06;0.0;507.0
10457145;1;1;0;632.0;632;2024-10-28;2024-10-28;0.0;268.8
10461692;5;5;0;85.6;184;2026-01-19;2026-07-14;0.0;1762.2
10479742;6;6;0;114.0;181;2026-01-22;2026-07-15;0.0;4003.2
104800;1;0;1;2.0;2;2026-07-20;2026-07-20;0.0;249.5
10485293;2;2;0;185.5;188;2026-01-15;2026-01-20;0.0;777.6
10493924;1;0;1;2.0;2;2026-07-20;2026-07-20;0.0;609.2
10495611;1;0;1;2.0;2;2026-07-20;2026-07-20;0.0;399.2
10496348;1;1;0;476.0;476;2025-04-02;2025-04-02;100.0;223.2
10498466;1;1;0;191.0;191;2026-01-12;2026-01-12;0.0;537.3
10500578;1;1;0;1324.0;1324;2022-12-06;2022-12-06;0.0;298.5
10501046;3;3;0;43.7;51;2026-06-01;2026-06-23;0.0;1256.95
10502461;3;0;3;5.7;14;2026-07-08;2026-07-21;0.0;884.8
10504607;1;0;1;7.0;7;2026-07-15;2026-07-15;0.0;303.2
10507227;1;1;0;5.0;5;2026-07-17;2026-07-17;0.0;1225.5
10508823;2;2;0;264.5;338;2025-08-18;2026-01-12;0.0;2031.0
10509116;1;1;0;41.0;41;2026-06-11;2026-06-11;0.0;268.8
1050936;3;3;0;130.3;163;2026-02-09;2026-05-18;0.0;806.4000000000001
10513578;3;3;0;131.3;162;2026-02-10;2026-05-11;0.0;1701.0
10513971;1;0;1;1.0;1;2026-07-21;2026-07-21;0.0;163.65
10521153;1;0;1;1.0;1;2026-07-21;2026-07-21;0.0;37.9
10522372;1;1;0;72.0;72;2026-05-11;2026-05-11;0.0;897.3
10522813;1;1;0;72.0;72;2026-05-11;2026-05-11;0.0;268.8
10525541;2;2;0;29.5;50;2026-06-02;2026-07-13;100.0;1481.85
10529060;8;0;8;3.9;9;2026-07-13;2026-07-21;0.0;3323.0
10529644;1;1;0;51.0;51;2026-06-01;2026-06-01;0.0;507.0
10531634;1;0;1;2.0;2;2026-07-20;2026-07-20;0.0;391.47
10531798;1;1;0;240.0;240;2025-11-24;2025-11-24;0.0;388.8
10533295;2;2;0;650.0;650;2024-10-10;2024-10-10;100.0;917.4000000000001
10534161;2;1;1;12.5;23;2026-06-29;2026-07-20;0.0;3588.0499999999997
10535780;1;1;0;247.0;247;2025-11-17;2025-11-17;0.0;567.0
10535865;1;1;0;189.0;189;2026-01-14;2026-01-14;0.0;537.3
1053727;3;3;0;394.3;580;2024-12-19;2025-09-24;66.7;2659.2
10537514;1;1;0;392.0;392;2025-06-25;2025-06-25;0.0;268.8
10547899;1;1;0;280.0;280;2025-10-15;2025-10-15;0.0;447.0
10547906;1;1;0;34.0;34;2026-06-18;2026-06-18;0.0;447.0
10551165;2;1;1;5.5;9;2026-07-13;2026-07-20;0.0;798.85
10551722;1;1;0;198.0;198;2026-01-05;2026-01-05;0.0;857.4
10556147;1;1;0;59.0;59;2026-05-24;2026-05-24;0.0;268.8
10559005;5;3;2;152.0;284;2025-10-11;2026-07-16;40.0;4750.95
10559306;1;1;0;1042.0;1042;2023-09-14;2023-09-14;0.0;358.5
1056117;1;1;0;1136.0;1136;2023-06-12;2023-06-12;0.0;447.0
1056284;1;0;1;23.0;23;2026-06-29;2026-06-29;0.0;1032.7
10566960;5;5;0;146.4;372;2025-07-15;2026-07-04;0.0;1584.0
10572132;1;0;1;9.0;9;2026-07-13;2026-07-13;0.0;397.29
10575497;1;1;0;306.0;306;2025-09-19;2025-09-19;100.0;642.0
10577;1;0;1;1.0;1;2026-07-21;2026-07-21;0.0;151.6
10579436;1;1;0;12.0;12;2026-07-10;2026-07-10;0.0;388.8
10590930;1;0;1;2.0;2;2026-07-20;2026-07-20;0.0;355.40000000000003
10592358;2;2;0;217.5;310;2025-09-15;2026-03-19;0.0;806.0999999999999
10595896;1;1;0;79.0;79;2026-05-04;2026-05-04;0.0;268.8
10599325;1;1;0;826.0;826;2024-04-17;2024-04-17;0.0;358.5
10600391;1;1;0;257.0;257;2025-11-07;2025-11-07;0.0;388.8
10601469;1;1;0;1.0;1;2026-07-21;2026-07-21;0.0;955.5
10615210;1;1;0;350.0;350;2025-08-06;2025-08-06;0.0;268.8
1061673;1;1;0;293.0;293;2025-10-02;2025-10-02;0.0;268.8
10616834;4;4;0;81.2;224;2025-12-10;2026-07-14;25.0;2603.4
10618126;1;0;1;1.0;1;2026-07-21;2026-07-21;0.0;75.8
10621510;3;1;2;713.7;2136;2020-09-15;2026-07-21;0.0;1320.5
10621849;1;0;1;5.0;5;2026-07-17;2026-07-17;0.0;559.25
10622666;1;1;0;83.0;83;2026-04-30;2026-04-30;0.0;617.4
1062291;1;0;1;1.0;1;2026-07-21;2026-07-21;0.0;87.85
10623926;1;1;0;6.0;6;2026-07-16;2026-07-16;0.0;677.4
10625467;1;1;0;152.0;152;2026-02-20;2026-02-20;0.0;477.3
10626036;1;1;0;336.0;336;2025-08-20;2025-08-20;0.0;388.8
10627332;1;1;0;26.0;26;2026-06-26;2026-06-26;0.0;388.8
10627557;1;0;1;1.0;1;2026-07-21;2026-07-21;0.0;134.7
10629316;2;2;0;77.0;77;2026-05-06;2026-05-06;0.0;1434.6
1064129;5;5;0;137.6;282;2025-10-13;2026-06-30;0.0;2296.8
10642280;1;1;0;87.0;87;2026-04-26;2026-04-26;0.0;268.8
10643922;1;1;0;2.0;2;2026-07-20;2026-07-20;0.0;567.0
10645763;1;1;0;279.0;279;2025-10-16;2025-10-16;0.0;717.3
10645813;1;1;0;282.0;282;2025-10-13;2025-10-13;0.0;268.8
10648926;2;2;0;1189.5;2346;2020-02-18;2026-06-19;0.0;1242.9
10649311;2;2;0;329.0;579;2024-12-20;2026-05-04;0.0;1282.5
10649652;2;0;2;10.0;18;2026-07-04;2026-07-20;0.0;2746.7799999999997
10650847;1;1;0;70.0;70;2026-05-13;2026-05-13;0.0;388.8
10651558;3;3;0;735.3;1458;2022-07-25;2026-07-10;0.0;736.05
10663511;1;0;1;2.0;2;2026-07-20;2026-07-20;0.0;189.5
10665638;2;1;1;29.0;57;2026-05-26;2026-07-21;0.0;1616.85
10665715;1;0;1;1.0;1;2026-07-21;2026-07-21;0.0;37.9
1066653;2;1;1;8.0;14;2026-07-08;2026-07-20;0.0;2654.0
1066802;1;1;0;86.0;86;2026-04-27;2026-04-27;0.0;448.8
10671625;3;0;3;10.7;19;2026-07-03;2026-07-17;0.0;2160.3
1067647;2;2;0;9.0;9;2026-07-13;2026-07-13;0.0;1194.6
10689785;1;1;0;495.0;495;2025-03-14;2025-03-14;0.0;268.8
10693111;1;1;0;195.0;195;2026-01-08;2026-01-08;0.0;268.8
10697569;5;5;0;398.6;1184;2023-04-25;2026-06-15;0.0;2742.6
10697884;1;1;0;161.0;161;2026-02-11;2026-02-11;0.0;447.0
10704077;5;5;0;257.6;282;2025-10-13;2025-11-25;0.0;2775.0
10705668;1;0;1;6.0;6;2026-07-16;2026-07-16;0.0;227.4
10706237;1;1;0;489.0;489;2025-03-20;2025-03-20;0.0;0.0
10713594;1;0;1;1.0;1;2026-07-21;2026-07-21;0.0;49.9
1071517;1;1;0;15.0;15;2026-07-07;2026-07-07;100.0;313.5
10715500;1;0;1;1.0;1;2026-07-21;2026-07-21;0.0;99.8
1071592;2;2;0;140.0;140;2026-03-04;2026-03-04;100.0;1520.4
1071648;1;1;0;985.0;985;2023-11-10;2023-11-10;0.0;328.8
10716870;1;1;0;366.0;366;2025-07-21;2025-07-21;0.0;447.0
10717631;9;9;0;76.3;120;2026-03-24;2026-07-16;0.0;3079.2000000000003
10717900;1;1;0;376.0;376;2025-07-11;2025-07-11;0.0;268.8
10718150;1;1;0;153.0;153;2026-02-19;2026-02-19;0.0;897.3
10718712;1;0;1;1.0;1;2026-07-21;2026-07-21;0.0;241.65000000000003
10721417;1;1;0;37.0;37;2026-06-15;2026-06-15;0.0;328.8
10722737;1;1;0;687.0;687;2024-09-03;2024-09-03;0.0;537.3
10724762;3;0;3;1.0;1;2026-07-21;2026-07-21;0.0;1165.5
10725999;1;0;1;2.0;2;2026-07-20;2026-07-20;0.0;179.6
10731530;1;1;0;676.0;676;2024-09-14;2024-09-14;0.0;687.0
1073597;2;0;2;5.5;9;2026-07-13;2026-07-20;0.0;984.0
10737937;3;3;0;124.7;176;2026-01-27;2026-05-20;100.0;2044.2
10740388;1;1;0;22.0;22;2026-06-30;2026-06-30;0.0;268.8
10743913;4;2;2;36.2;100;2026-04-13;2026-07-20;0.0;2511.9
10744073;1;0;1;4.0;4;2026-07-18;2026-07-18;0.0;249.5
10749595;1;0;1;2.0;2;2026-07-20;2026-07-20;0.0;151.6
10750058;8;8;0;244.0;419;2025-05-29;2026-02-12;0.0;5887.8
10750411;3;3;0;183.3;199;2026-01-04;2026-02-02;0.0;2088.3
10754230;2;1;1;92.5;184;2026-01-19;2026-07-21;0.0;916.05
10755823;2;2;0;47.0;49;2026-06-03;2026-06-07;100.0;867.0
10755906;2;2;0;173.0;322;2025-09-03;2026-06-28;0.0;1104.3
10756016;1;1;0;52.0;52;2026-05-31;2026-05-31;0.0;1015.5
10765047;2;1;1;6.0;12;2026-07-10;2026-07-22;0.0;447.0
10765508;1;0;1;8.0;8;2026-07-14;2026-07-14;0.0;1087.87
10766638;1;0;1;3.0;3;2026-07-19;2026-07-19;0.0;296.55
10772558;1;0;1;3.0;3;2026-07-19;2026-07-19;0.0;299.4
10774074;1;1;0;5.0;5;2026-07-17;2026-07-17;0.0;1227.3
10788462;1;1;0;814.0;814;2024-04-29;2024-04-29;0.0;447.0
10790606;1;0;1;1.0;1;2026-07-21;2026-07-21;0.0;125.75
10791689;1;1;0;342.0;342;2025-08-14;2025-08-14;0.0;447.0
10795882;2;2;0;199.5;210;2025-12-24;2026-01-14;0.0;1006.2
10796033;1;1;0;671.0;671;2024-09-19;2024-09-19;0.0;537.3
10796983;1;1;0;235.0;235;2025-11-29;2025-11-29;0.0;388.8
10798216;11;11;0;138.0;329;2025-08-27;2026-07-02;0.0;6901.8
10802194;1;1;0;1511.0;1511;2022-06-02;2022-06-02;0.0;418.5
10816232;1;1;0;628.0;628;2024-11-01;2024-11-01;100.0;726.9
10821084;1;0;1;2.0;2;2026-07-20;2026-07-20;0.0;109.80000000000001
10824748;2;2;0;864.0;1588;2022-03-17;2026-03-04;0.0;1075.8
1082748;2;2;0;84.5;153;2026-02-19;2026-07-06;0.0;537.6
10830573;2;2;0;131.0;163;2026-02-09;2026-04-14;0.0;1854.0
10832533;2;0;2;5.5;9;2026-07-13;2026-07-20;0.0;1769.6000000000001
10833526;1;1;0;44.0;44;2026-06-08;2026-06-08;0.0;447.0
10840223;1;1;0;2830.0;2830;2018-10-22;2018-10-22;100.0;398.4
10845574;2;2;0;362.5;376;2025-07-11;2025-08-07;0.0;894.0
10846228;4;4;0;70.0;187;2026-01-16;2026-06-30;0.0;1075.2
10848710;2;0;2;2.0;3;2026-07-19;2026-07-21;0.0;709.8
10849473;1;1;0;177.0;177;2026-01-26;2026-01-26;0.0;715.5
10850089;1;0;1;10.0;10;2026-07-12;2026-07-12;0.0;1066.2
10850228;2;2;0;145.0;184;2026-01-19;2026-04-07;0.0;597.0
10854963;3;3;0;190.0;274;2025-10-21;2026-06-29;0.0;1863.55
10855361;1;0;1;2.0;2;2026-07-20;2026-07-20;0.0;449.15
10856159;1;1;0;70.0;70;2026-05-13;2026-05-13;0.0;268.8
10858987;2;0;2;1.5;2;2026-07-20;2026-07-21;0.0;324.4
10860729;1;1;0;75.0;75;2026-05-08;2026-05-08;0.0;1075.5
10866425;1;1;0;279.0;279;2025-10-16;2025-10-16;0.0;268.8
10866959;2;2;0;184.0;237;2025-11-27;2026-03-13;0.0;1431.0
10870001;1;1;0;19.0;19;2026-07-03;2026-07-03;0.0;945.45
10870111;4;4;0;165.2;555;2025-01-13;2026-07-01;0.0;2749.2
10870688;1;1;0;163.0;163;2026-02-09;2026-02-09;0.0;268.8
10876025;2;2;0;26.5;41;2026-06-11;2026-07-10;0.0;1194.6
10876227;1;1;0;1170.0;1170;2023-05-09;2023-05-09;0.0;268.8
10877918;2;2;0;37.0;71;2026-05-12;2026-07-19;0.0;1134.0
10878617;3;2;1;45.3;88;2026-04-25;2026-06-30;0.0;2180.42
10889640;2;1;1;85.5;166;2026-02-06;2026-07-17;0.0;1465.25
10891092;1;0;1;4.0;4;2026-07-18;2026-07-18;0.0;862.6500000000001
10892010;2;2;0;62.5;97;2026-04-16;2026-06-24;0.0;657.6
10898408;2;2;0;263.0;496;2025-03-13;2026-06-22;0.0;855.9000000000001
10899315;1;1;0;133.0;133;2026-03-11;2026-03-11;0.0;388.8
10903204;1;0;1;4.0;4;2026-07-18;2026-07-18;0.0;303.2
10916129;3;3;0;79.3;100;2026-04-13;2026-05-22;100.0;2046.0
10928520;2;2;0;1090.5;1377;2022-10-14;2024-05-09;0.0;1134.0
10935579;5;5;0;224.4;504;2025-03-05;2026-05-04;0.0;3076.2
10946732;2;2;0;270.0;534;2025-02-03;2026-07-16;0.0;835.8
1095217;1;1;0;282.0;282;2025-10-13;2025-10-13;0.0;955.5
10955010;2;2;0;222.5;251;2025-11-13;2026-01-09;0.0;1293.0
10964894;4;1;3;21.8;58;2026-05-25;2026-07-15;0.0;4776.7
10967351;3;3;0;265.0;265;2025-10-30;2025-10-30;0.0;806.4000000000001
1097084;1;0;1;2.0;2;2026-07-20;2026-07-20;0.0;224.5
10974583;1;1;0;55.0;55;2026-05-28;2026-05-28;0.0;447.0
10974716;1;1;0;1135.0;1135;2023-06-13;2023-06-13;0.0;30.0
10977515;2;2;0;44.5;46;2026-06-06;2026-06-09;0.0;1272.9
10977940;1;1;0;2156.0;2156;2020-08-26;2020-08-26;0.0;507.0
10978616;1;1;0;85.0;85;2026-04-28;2026-04-28;0.0;775.5
10978722;1;0;1;2.0;2;2026-07-20;2026-07-20;0.0;113.7
1098074;5;1;4;6.2;23;2026-06-29;2026-07-21;0.0;1709.5
1098120;1;1;0;27.0;27;2026-06-25;2026-06-25;0.0;567.0
10986512;1;1;0;300.0;300;2025-09-25;2025-09-25;0.0;715.5
10988465;3;0;3;2.7;3;2026-07-19;2026-07-20;0.0;2075.85
10991142;9;9;0;433.7;679;2024-09-11;2026-04-13;0.0;2658.0
10999968;2;0;2;7.0;10;2026-07-12;2026-07-18;0.0;865.9
1100355;1;0;1;2.0;2;2026-07-20;2026-07-20;0.0;436.35
11004457;2;2;0;20.5;30;2026-06-22;2026-07-11;0.0;717.6
11005522;1;0;1;1.0;1;2026-07-21;2026-07-21;0.0;329.4
11006174;1;1;0;93.0;93;2026-04-20;2026-04-20;0.0;925.5
11008981;6;6;0;51.8;97;2026-04-16;2026-07-11;0.0;5013.0
11009335;1;1;0;1119.0;1119;2023-06-29;2023-06-29;0.0;268.8
1101849;1;0;1;2.0;2;2026-07-20;2026-07-20;0.0;491.40000000000003
11020571;2;2;0;227.0;366;2025-07-21;2026-04-25;0.0;775.8
11020789;1;1;0;9.0;9;2026-07-13;2026-07-13;0.0;1285.5
11021403;1;1;0;67.0;67;2026-05-16;2026-05-16;0.0;685.5
1102141;2;0;2;2.0;2;2026-07-20;2026-07-20;0.0;1712.6999999999998
11033590;1;0;1;1.0;1;2026-07-21;2026-07-21;0.0;75.8
11037824;1;1;0;13.0;13;2026-07-09;2026-07-09;0.0;1065.45
11045263;2;2;0;14.0;16;2026-07-06;2026-07-10;0.0;587.55
11045892;8;8;0;56.5;90;2026-04-23;2026-07-01;0.0;2922.8
11047362;1;1;0;103.0;103;2026-04-10;2026-04-10;0.0;328.8
11048223;1;1;0;585.0;585;2024-12-14;2024-12-14;0.0;567.0
11050571;1;0;1;2.0;2;2026-07-20;2026-07-20;0.0;447.40000000000003
11052544;3;3;0;150.0;385;2025-07-02;2026-07-21;66.7;2267.4
11065947;1;1;0;21.0;21;2026-07-01;2026-07-01;0.0;548.95
11070049;3;1;2;18.3;44;2026-06-08;2026-07-20;0.0;1616.15
11070893;5;5;0;68.6;161;2026-02-11;2026-06-18;0.0;1493.7
11071145;1;0;1;22.0;22;2026-06-30;2026-06-30;0.0;1097.8
11074456;1;0;1;9.0;9;2026-07-13;2026-07-13;0.0;750.6000000000001
11079631;1;1;0;700.0;700;2024-08-21;2024-08-21;0.0;567.0
11082465;2;2;0;112.0;112;2026-04-01;2026-04-01;0.0;1534.8
11087453;1;0;1;4.0;4;2026-07-18;2026-07-18;0.0;648.7
11111496;2;2;0;491.5;919;2024-01-15;2026-05-19;0.0;1244.1
11120497;3;3;0;194.7;282;2025-10-13;2026-06-09;0.0;1106.4
11128191;7;7;0;845.1;2186;2020-07-27;2026-04-13;0.0;3552.8999999999996
1112981;3;1;2;92.0;273;2025-10-22;2026-07-21;0.0;1002.9
11141406;2;2;0;53.0;77;2026-05-06;2026-06-23;0.0;1794.6
111458;8;3;5;46.0;198;2026-01-05;2026-07-21;0.0;4076.65
11156977;1;0;1;2.0;2;2026-07-20;2026-07-20;0.0;329.4
11159675;1;1;0;37.0;37;2026-06-15;2026-06-15;0.0;268.8
11160051;1;1;0;118.0;118;2026-03-26;2026-03-26;0.0;268.8
11163170;1;1;0;100.0;100;2026-04-13;2026-04-13;0.0;268.8
1116876;5;4;1;45.2;73;2026-05-10;2026-07-20;0.0;4055.55
11172998;2;2;0;565.5;728;2024-07-24;2025-06-14;0.0;1135.8
11173131;2;2;0;103.5;111;2026-04-02;2026-04-17;0.0;1314.6
11173934;4;1;3;8.2;26;2026-06-26;2026-07-20;0.0;1764.6
11180966;2;2;0;93.5;182;2026-01-21;2026-07-17;0.0;2101.05
1118160;1;1;0;33.0;33;2026-06-19;2026-06-19;0.0;328.8
1118452;1;0;1;1.0;1;2026-07-21;2026-07-21;0.0;145.8
11184556;2;2;0;171.0;341;2025-08-15;2026-07-21;0.0;2304.3
11185249;4;4;0;50.2;77;2026-05-06;2026-07-01;0.0;1373.4
1118849;1;1;0;30.0;30;2026-06-22;2026-06-22;0.0;579.25
11206942;1;1;0;653.0;653;2024-10-07;2024-10-07;0.0;567.0
11208661;1;1;0;373.0;373;2025-07-14;2025-07-14;0.0;747.3
11209651;1;1;0;552.0;552;2025-01-16;2025-01-16;0.0;567.0
11217249;1;0;1;1.0;1;2026-07-21;2026-07-21;0.0;233.54999999999998
11218162;1;1;0;2.0;2;2026-07-20;2026-07-20;0.0;735.6
11219017;5;5;0;281.4;444;2025-05-04;2026-03-06;0.0;2002.2
11220472;1;1;0;199.0;199;2026-01-04;2026-01-04;0.0;955.5
11222477;2;2;0;239.5;352;2025-08-04;2026-03-17;0.0;567.3
11224165;1;1;0;275.0;275;2025-10-20;2025-10-20;0.0;855.6
11224304;2;1;1;13.5;26;2026-06-26;2026-07-21;0.0;862.75
11224424;2;0;2;4.0;6;2026-07-16;2026-07-20;0.0;897.4
11241362;1;1;0;198.0;198;2026-01-05;2026-01-05;0.0;447.0
11242544;2;1;1;68.5;134;2026-03-10;2026-07-19;0.0;688.25
11245880;3;3;0;161.3;236;2025-11-28;2026-07-07;0.0;1076.1
1124688;3;2;1;26.0;67;2026-05-16;2026-07-20;0.0;1263.5
1124901;1;0;1;1.0;1;2026-07-21;2026-07-21;0.0;75.8
11251620;1;1;0;68.0;68;2026-05-15;2026-05-15;0.0;498.6
11257328;2;2;0;140.0;253;2025-11-11;2026-06-25;0.0;855.9000000000001
11262563;1;1;0;294.0;294;2025-10-01;2025-10-01;0.0;735.6
1126903;4;4;0;53.0;145;2026-02-27;2026-07-13;0.0;3407.3999999999996
1127508;1;1;0;2878.0;2878;2018-09-04;2018-09-04;0.0;298.5
11281572;1;1;0;644.0;644;2024-10-16;2024-10-16;0.0;298.5
11281781;2;2;0;292.0;460;2025-04-18;2026-03-20;0.0;1046.1
11281895;1;1;0;1948.0;1948;2021-03-22;2021-03-22;0.0;298.5
11287482;1;0;1;9.0;9;2026-07-13;2026-07-13;0.0;454.8
1128886;1;1;0;181.0;181;2026-01-22;2026-01-22;0.0;595.5
1129441;1;1;0;40.0;40;2026-06-12;2026-06-12;0.0;328.8
11302211;2;2;0;399.5;539;2025-01-29;2025-11-04;0.0;1344.6
11302237;3;3;0;71.0;172;2026-01-31;2026-07-21;0.0;1186.05
11302365;1;1;0;198.0;198;2026-01-05;2026-01-05;0.0;567.0
11305614;1;0;1;17.0;17;2026-07-05;2026-07-05;0.0;763.3
11306761;1;0;1;1.0;1;2026-07-21;2026-07-21;0.0;219.60000000000002
11309565;1;0;1;1.0;1;2026-07-21;2026-07-21;0.0;149.7
11310208;1;0;1;1.0;1;2026-07-21;2026-07-21;0.0;177.70000000000002
11310968;1;1;0;196.0;196;2026-01-07;2026-01-07;0.0;447.0
11314839;1;1;0;212.0;212;2025-12-22;2025-12-22;0.0;268.8
1131670;3;1;2;238.7;707;2024-08-14;2026-07-19;0.0;974.9
11317546;3;3;0;60.7;78;2026-05-05;2026-06-08;0.0;1282.8
11328662;1;1;0;2716.0;2716;2019-02-13;2019-02-13;100.0;518.4
11329255;1;1;0;218.0;218;2025-12-16;2025-12-16;0.0;268.8
11331672;2;0;2;11.0;13;2026-07-09;2026-07-13;0.0;2652.75
11333305;1;1;0;366.0;366;2025-07-21;2025-07-21;0.0;388.8
1133408;1;0;1;5.0;5;2026-07-17;2026-07-17;0.0;249.5
11334148;3;3;0;51.0;62;2026-05-21;2026-06-11;0.0;806.4000000000001
1133759;3;3;0;420.0;895;2024-02-08;2026-04-16;0.0;1781.6999999999998
11339112;1;0;1;3.0;3;2026-07-19;2026-07-19;0.0;219.60000000000002
11339534;1;1;0;121.0;121;2026-03-23;2026-03-23;0.0;715.5
11343765;1;1;0;79.0;79;2026-05-04;2026-05-04;100.0;882.0
11349072;2;2;0;35.0;35;2026-06-17;2026-06-17;0.0;1372.8
11350710;1;1;0;680.0;680;2024-09-10;2024-09-10;0.0;268.8
11362372;3;3;0;43.3;113;2026-03-31;2026-07-21;0.0;856.35
1136483;1;1;0;1308.0;1308;2022-12-22;2022-12-22;0.0;627.0
1137048;1;1;0;104.0;104;2026-04-09;2026-04-09;0.0;447.0
11370642;1;1;0;2.0;2;2026-07-20;2026-07-20;0.0;587.25
11375951;1;1;0;63.0;63;2026-05-20;2026-05-20;0.0;268.8
11378235;2;2;0;588.0;826;2024-04-17;2025-08-06;0.0;537.3
11379501;3;3;0;524.0;746;2024-07-06;2026-03-02;0.0;984.3
11388722;1;1;0;5.0;5;2026-07-17;2026-07-17;0.0;388.8
11390532;2;2;0;146.0;250;2025-11-14;2026-06-10;0.0;717.6
11391521;2;2;0;102.0;167;2026-02-05;2026-06-15;0.0;537.6
11392301;1;1;0;36.0;36;2026-06-16;2026-06-16;0.0;835.5
11399329;1;1;0;33.0;33;2026-06-19;2026-06-19;0.0;268.8
11401341;2;1;1;648.5;1288;2023-01-11;2026-07-13;0.0;595.4
11401615;1;0;1;1.0;1;2026-07-21;2026-07-21;0.0;89.8
11406080;3;3;0;386.0;463;2025-04-15;2025-11-22;0.0;2198.4
11406166;3;3;0;127.0;377;2025-07-10;2026-07-20;0.0;1162.8
11412540;1;0;1;6.0;6;2026-07-16;2026-07-16;0.0;1482.75
11427808;1;1;0;1920.0;1920;2021-04-19;2021-04-19;0.0;447.0
11429509;1;0;1;8.0;8;2026-07-14;2026-07-14;0.0;790.8000000000001
11437486;1;1;0;197.0;197;2026-01-06;2026-01-06;0.0;298.5
11438956;2;1;1;0.5;1;2026-07-21;2026-07-22;0.0;388.8
11451154;1;1;0;18.0;18;2026-07-04;2026-07-04;0.0;328.8
11452494;2;2;0;210.5;405;2025-06-12;2026-07-06;0.0;587.55
11453474;1;0;1;20.0;20;2026-07-02;2026-07-02;0.0;813.93
11455594;2;2;0;428.5;432;2025-05-16;2025-05-23;0.0;537.6
11459683;1;0;1;2.0;2;2026-07-20;2026-07-20;0.0;190.61999999999998
1146445;1;1;0;19.0;19;2026-07-03;2026-07-03;0.0;897.3
11464698;1;0;1;1.0;1;2026-07-21;2026-07-21;0.0;648.7
1147610;15;15;0;45.4;230;2025-12-04;2026-07-17;0.0;10725.9
11478757;9;9;0;26.3;30;2026-06-22;2026-07-03;0.0;5733.75
11486583;1;1;0;21.0;21;2026-07-01;2026-07-01;0.0;925.5
11488974;1;0;1;1.0;1;2026-07-21;2026-07-21;0.0;37.9
11490648;3;3;0;1580.0;2648;2019-04-22;2024-02-28;0.0;1255.5
11490722;1;0;1;13.0;13;2026-07-09;2026-07-09;0.0;1246.05
11490823;1;0;1;2.0;2;2026-07-20;2026-07-20;0.0;544.9499999999999
11495199;1;1;0;195.0;195;2026-01-08;2026-01-08;0.0;567.0
11499745;1;1;0;7.0;7;2026-07-15;2026-07-15;0.0;607.35
11510907;1;1;0;185.0;185;2026-01-18;2026-01-18;0.0;507.0
11513499;1;0;1;2.0;2;2026-07-20;2026-07-20;0.0;427.12
11515531;6;6;0;54.2;68;2026-05-15;2026-07-15;0.0;2242.5
11515628;3;3;0;226.7;476;2025-04-02;2026-05-21;0.0;1373.1
11517743;1;1;0;62.0;62;2026-05-21;2026-05-21;0.0;268.8
11518570;2;2;0;83.0;135;2026-03-09;2026-06-21;50.0;882.3
11520616;1;1;0;1940.0;1940;2021-03-30;2021-03-30;0.0;478.5
11523044;1;1;0;405.0;405;2025-06-12;2025-06-12;0.0;837.3
11523986;4;3;1;37.8;104;2026-04-09;2026-07-21;50.0;1811.9
11524423;1;1;0;21.0;21;2026-07-01;2026-07-01;0.0;328.8
11524512;1;0;1;1.0;1;2026-07-21;2026-07-21;0.0;149.7
11527336;2;1;1;6.0;9;2026-07-13;2026-07-19;0.0;1396.8999999999999
11528556;1;1;0;44.0;44;2026-06-08;2026-06-08;0.0;1015.5
11531486;1;1;0;1462.0;1462;2022-07-21;2022-07-21;0.0;298.5
1153309;2;0;2;1.5;2;2026-07-20;2026-07-21;0.0;265.3
11538976;1;0;1;1.0;1;2026-07-21;2026-07-21;0.0;245.70000000000002
11539929;2;2;0;10.5;14;2026-07-08;2026-07-15;0.0;1294.5
11541705;1;1;0;385.0;385;2025-07-02;2025-07-02;0.0;388.8
11541794;2;2;0;25.0;27;2026-06-25;2026-06-29;0.0;597.6
11543720;1;0;1;2.0;2;2026-07-20;2026-07-20;0.0;249.5
11544976;2;1;1;68.0;135;2026-03-09;2026-07-21;50.0;2248.3
11550997;4;4;0;331.5;334;2025-08-22;2025-08-27;0.0;1373.4
11552442;1;0;1;6.0;6;2026-07-16;2026-07-16;0.0;601.6500000000001
11554499;4;4;0;19.2;20;2026-07-02;2026-07-03;0.0;1315.2
1156105;1;0;1;2.0;2;2026-07-20;2026-07-20;0.0;149.7
11564704;2;2;0;507.5;691;2024-08-30;2025-09-01;0.0;1252.8
11569561;2;1;1;145.5;289;2025-10-06;2026-07-20;0.0;478.40000000000003
11569937;2;0;2;2.5;3;2026-07-19;2026-07-20;0.0;331.2
11570130;1;1;0;20.0;20;2026-07-02;2026-07-02;0.0;955.5
11570132;1;1;0;579.0;579;2024-12-20;2024-12-20;0.0;897.3
11571369;1;0;1;5.0;5;2026-07-17;2026-07-17;0.0;493.9
11572085;1;1;0;9.0;9;2026-07-13;2026-07-13;0.0;268.8
11573947;2;2;0;9.0;9;2026-07-13;2026-07-13;0.0;715.8
11574229;3;3;0;52.3;69;2026-05-14;2026-07-02;0.0;2331.8999999999996
11574887;1;1;0;232.0;232;2025-12-02;2025-12-02;0.0;567.0
11575521;1;1;0;273.0;273;2025-10-22;2025-10-22;0.0;537.3
11577704;1;1;0;27.0;27;2026-06-25;2026-06-25;0.0;448.8
11578281;3;3;0;65.0;191;2026-01-12;2026-07-20;0.0;2598.3
11579228;1;1;0;2399.0;2399;2019-12-27;2019-12-27;0.0;418.5
11580066;1;1;0;192.0;192;2026-01-11;2026-01-11;0.0;925.5
11580601;1;0;1;3.0;3;2026-07-19;2026-07-19;0.0;449.1
1158295;1;1;0;141.0;141;2026-03-03;2026-03-03;0.0;715.5
11584618;1;1;0;299.0;299;2025-09-26;2025-09-26;0.0;388.8
11587936;2;1;1;45.5;75;2026-05-08;2026-07-06;0.0;1903.68
11593930;2;2;0;15.0;28;2026-06-24;2026-07-20;0.0;2002.9
11595405;1;1;0;618.0;618;2024-11-11;2024-11-11;0.0;328.8
11598611;2;2;0;9.0;9;2026-07-13;2026-07-13;0.0;777.6
11598708;1;1;0;111.0;111;2026-04-02;2026-04-02;0.0;388.8
11598844;3;3;0;65.3;187;2026-01-16;2026-07-18;0.0;2388.3
11609489;1;1;0;1952.0;1952;2021-03-18;2021-03-18;0.0;388.5
11609519;1;1;0;20.0;20;2026-07-02;2026-07-02;0.0;447.0
11610767;1;0;1;7.0;7;2026-07-15;2026-07-15;0.0;698.6
1162230;8;2;6;37.4;175;2026-01-28;2026-07-21;0.0;3251.9
11622324;1;0;1;4.0;4;2026-07-18;2026-07-18;0.0;748.5
11624289;1;1;0;59.0;59;2026-05-24;2026-05-24;0.0;567.0
11625872;1;1;0;149.0;149;2026-02-23;2026-02-23;0.0;748.8
1162590;1;0;1;1.0;1;2026-07-21;2026-07-21;0.0;497.35
1162748;1;0;1;1.0;1;2026-07-21;2026-07-21;0.0;159.68
11634077;1;0;1;9.0;9;2026-07-13;2026-07-13;0.0;970.1100000000001
11635076;1;0;1;11.0;11;2026-07-11;2026-07-11;0.0;2063.85
11637529;1;1;0;91.0;91;2026-04-22;2026-04-22;0.0;567.0
11639222;1;1;0;1871.0;1871;2021-06-07;2021-06-07;0.0;268.5
11640511;1;1;0;133.0;133;2026-03-11;2026-03-11;0.0;507.0
1164053;2;1;1;10.5;14;2026-07-08;2026-07-15;0.0;1486.7
11641557;1;1;0;91.0;91;2026-04-22;2026-04-22;100.0;493.5
11642126;2;1;1;549.0;1097;2023-07-21;2026-07-21;0.0;368.65
11642654;2;2;0;30.5;54;2026-05-29;2026-07-15;0.0;657.3
11643636;1;1;0;819.0;819;2024-04-24;2024-04-24;0.0;268.8
11655747;11;9;2;25.6;51;2026-06-01;2026-07-20;0.0;5902.75
1166349;1;0;1;2.0;2;2026-07-20;2026-07-20;0.0;189.5
11665005;1;1;0;236.0;236;2025-11-28;2025-11-28;0.0;797.1
1166571;1;0;1;2.0;2;2026-07-20;2026-07-20;0.0;383.40000000000003
11666281;2;2;0;528.5;1036;2023-09-20;2026-07-01;0.0;567.3
11680164;1;1;0;629.0;629;2024-10-31;2024-10-31;0.0;418.5
11681604;1;1;0;114.0;114;2026-03-30;2026-03-30;0.0;268.8
11682156;1;1;0;15.0;15;2026-07-07;2026-07-07;0.0;388.8
11682992;1;1;0;14.0;14;2026-07-08;2026-07-08;0.0;597.3
11683109;1;1;0;1472.0;1472;2022-07-11;2022-07-11;0.0;567.0
11686353;1;1;0;786.0;786;2024-05-27;2024-05-27;0.0;537.3
11689999;1;0;1;2.0;2;2026-07-20;2026-07-20;0.0;224.5
11690373;1;1;0;2215.0;2215;2020-06-28;2020-06-28;0.0;298.5
11692660;4;4;0;434.8;835;2024-04-08;2025-10-27;0.0;1793.4
11693648;1;1;0;492.0;492;2025-03-17;2025-03-17;0.0;268.8
11703407;7;2;5;10.6;18;2026-07-04;2026-07-20;0.0;6447.25
11704549;2;2;0;357.0;705;2024-08-16;2026-07-13;0.0;687.3
1170589;1;0;1;2.0;2;2026-07-20;2026-07-20;0.0;313.63
1170734;1;1;0;141.0;141;2026-03-03;2026-03-03;0.0;268.8
11708336;1;0;1;5.0;5;2026-07-17;2026-07-17;0.0;2382.96
11711002;1;1;0;553.0;553;2025-01-15;2025-01-15;0.0;388.8
11714255;3;2;1;217.7;351;2025-08-05;2026-07-21;0.0;1625.25
11714284;1;1;0;27.0;27;2026-06-25;2026-06-25;0.0;268.8
11715417;1;0;1;2.0;2;2026-07-20;2026-07-20;0.0;289.47
11717490;2;2;0;706.0;707;2024-08-14;2024-08-16;0.0;745.5
11717836;1;1;0;1640.0;1640;2022-01-24;2022-01-24;0.0;0.0
11718106;1;1;0;177.0;177;2026-01-26;2026-01-26;0.0;388.8
11720469;2;2;0;325.0;335;2025-08-21;2025-09-10;0.0;894.0
11721753;1;1;0;856.0;856;2024-03-18;2024-03-18;0.0;567.0
11729328;1;0;1;5.0;5;2026-07-17;2026-07-17;0.0;787.0500000000001
11731543;3;2;1;252.7;443;2025-05-05;2026-07-17;33.3;2724.15
11732066;2;2;0;122.5;196;2026-01-07;2026-06-03;0.0;1392.9
1173408;1;0;1;9.0;9;2026-07-13;2026-07-13;0.0;981.6
11736171;1;0;1;3.0;3;2026-07-19;2026-07-19;0.0;163.65
11738767;1;0;1;22.0;22;2026-06-30;2026-06-30;0.0;833.8
11739532;1;0;1;2.0;2;2026-07-20;2026-07-20;0.0;249.5
11739881;1;0;1;1.0;1;2026-07-21;2026-07-21;0.0;525.3100000000001
11740578;1;0;1;13.0;13;2026-07-09;2026-07-09;0.0;741.46
11741723;1;0;1;4.0;4;2026-07-18;2026-07-18;0.0;439.2
11743565;1;1;0;897.0;897;2024-02-06;2024-02-06;0.0;447.0
11743584;4;4;0;65.8;120;2026-03-24;2026-06-18;0.0;1075.2
11744234;1;0;1;3.0;3;2026-07-19;2026-07-19;0.0;583.0500000000001
1174520;1;0;1;2.0;2;2026-07-20;2026-07-20;0.0;559.25
11747813;1;0;1;3.0;3;2026-07-19;2026-07-19;0.0;1088.67
11748272;1;1;0;919.0;919;2024-01-15;2024-01-15;0.0;777.3
11756983;1;1;0;622.0;622;2024-11-07;2024-11-07;0.0;448.8
11762810;1;1;0;23.0;23;2026-06-29;2026-06-29;0.0;657.3
11763495;1;1;0;65.0;65;2026-05-18;2026-05-18;0.0;268.8
11765282;1;1;0;3.0;3;2026-07-19;2026-07-19;0.0;268.8
11767342;1;1;0;868.0;868;2024-03-06;2024-03-06;0.0;897.3
1177065;3;1;2;48.3;135;2026-03-09;2026-07-20;0.0;1107.8999999999999
11771029;2;2;0;724.0;965;2023-11-30;2025-03-26;0.0;596.1
11775875;2;2;0;47.5;55;2026-05-28;2026-06-12;0.0;897.6
11788092;1;0;1;2.0;2;2026-07-20;2026-07-20;0.0;361.35
11788141;2;2;0;65.5;70;2026-05-13;2026-05-22;100.0;1580.4
11788957;5;5;0;52.4;79;2026-05-04;2026-07-16;100.0;3058.5
117934;2;2;0;79.0;79;2026-05-04;2026-05-04;0.0;954.0
11794344;2;2;0;73.0;75;2026-05-08;2026-05-12;0.0;537.6
11796257;1;0;1;9.0;9;2026-07-13;2026-07-13;0.0;1511.3000000000002
11800475;1;0;1;1.0;1;2026-07-21;2026-07-21;0.0;671.1
11803170;1;1;0;618.0;618;2024-11-11;2024-11-11;0.0;388.8
1180768;1;1;0;35.0;35;2026-06-17;2026-06-17;0.0;715.5
11810848;3;3;0;35.3;93;2026-04-20;2026-07-21;0.0;1671.8999999999999
11815615;2;1;1;81.0;160;2026-02-12;2026-07-20;0.0;708.2
11816729;1;1;0;299.0;299;2025-09-26;2025-09-26;0.0;388.8
11817679;1;0;1;9.0;9;2026-07-13;2026-07-13;0.0;1155.6
1181775;1;1;0;807.0;807;2024-05-06;2024-05-06;0.0;567.0
11823221;1;1;0;338.0;338;2025-08-18;2025-08-18;0.0;268.8
1182421;1;1;0;39.0;39;2026-06-13;2026-06-13;0.0;447.0
11827678;1;0;1;2.0;2;2026-07-20;2026-07-20;0.0;544.9499999999999
11828987;1;1;0;50.0;50;2026-06-02;2026-06-02;0.0;747.3
1183475;1;0;1;9.0;9;2026-07-13;2026-07-13;0.0;380.0
1183830;3;3;0;38.7;72;2026-05-11;2026-07-14;0.0;2280.0
11840829;2;2;0;237.5;390;2025-06-27;2026-04-28;100.0;805.2
11843659;4;4;0;52.2;123;2026-03-21;2026-06-30;100.0;3040.8
11848374;1;0;1;1.0;1;2026-07-21;2026-07-21;0.0;37.9
1185565;5;5;0;330.2;797;2024-05-16;2026-07-04;0.0;3793.5
11858178;2;2;0;145.5;146;2026-02-26;2026-02-27;50.0;1178.7
11870417;1;1;0;695.0;695;2024-08-26;2024-08-26;0.0;388.5
11871632;1;1;0;35.0;35;2026-06-17;2026-06-17;0.0;955.5
11873741;2;1;1;6.0;11;2026-07-11;2026-07-21;0.0;1908.25
11873825;1;1;0;429.0;429;2025-05-19;2025-05-19;0.0;447.0
11876245;1;1;0;19.0;19;2026-07-03;2026-07-03;0.0;447.0
11878198;4;4;0;299.8;408;2025-06-09;2026-06-25;50.0;1494.3
1188068;1;0;1;2.0;2;2026-07-20;2026-07-20;0.0;938.45
11895913;1;1;0;1.0;1;2026-07-21;2026-07-21;0.0;388.8
11899558;1;1;0;751.0;751;2024-07-01;2024-07-01;0.0;507.0
11900502;1;1;0;37.0;37;2026-06-15;2026-06-15;0.0;747.3
11905196;1;0;1;2.0;2;2026-07-20;2026-07-20;0.0;99.8
11907231;1;1;0;278.0;278;2025-10-17;2025-10-17;0.0;567.0
11912072;1;1;0;523.0;523;2025-02-14;2025-02-14;0.0;955.5
11913559;1;1;0;280.0;280;2025-10-15;2025-10-15;0.0;388.8
11913857;3;3;0;472.0;1098;2023-07-20;2026-03-03;0.0;836.1
11916153;1;1;0;25.0;25;2026-06-27;2026-06-27;0.0;895.5
1193421;1;0;1;1.0;1;2026-07-21;2026-07-21;0.0;361.35
11939286;3;2;1;14.7;23;2026-06-29;2026-07-16;0.0;1458.0
11939316;2;1;1;39.5;77;2026-05-06;2026-07-20;0.0;468.4
11944434;1;1;0;378.0;378;2025-07-09;2025-07-09;0.0;895.5
1195812;1;1;0;68.0;68;2026-05-15;2026-05-15;0.0;627.0
11958943;1;1;0;1295.0;1295;2023-01-04;2023-01-04;0.0;0.0
11961145;1;1;0;349.0;349;2025-08-07;2025-08-07;0.0;268.8
11969488;4;4;0;169.5;205;2025-12-29;2026-03-30;75.0;1449.3
11971414;1;0;1;1.0;1;2026-07-21;2026-07-21;0.0;283.5
11971473;2;2;0;15.5;18;2026-07-04;2026-07-09;0.0;1183.95
11991615;1;1;0;5.0;5;2026-07-17;2026-07-17;0.0;268.8
11991813;1;0;1;4.0;4;2026-07-18;2026-07-18;0.0;1006.6499999999999
11998348;2;2;0;57.5;58;2026-05-25;2026-05-26;0.0;537.6
11998921;2;2;0;62.5;64;2026-05-19;2026-05-22;0.0;1852.8
11999366;2;2;0;105.0;105;2026-04-08;2026-04-08;0.0;894.0
11999388;2;2;0;391.0;453;2025-04-25;2025-08-27;0.0;597.6
12023257;2;1;1;8.5;14;2026-07-08;2026-07-19;0.0;928.3500000000001
12023509;2;1;1;6.5;7;2026-07-15;2026-07-16;0.0;568.2
12024929;1;1;0;49.0;49;2026-06-03;2026-06-03;0.0;447.0
12025443;2;2;0;164.5;327;2025-08-29;2026-07-20;0.0;1185.75
12025637;1;1;0;125.0;125;2026-03-19;2026-03-19;0.0;447.0
12026060;1;0;1;3.0;3;2026-07-19;2026-07-19;0.0;383.40000000000003
12026158;1;1;0;278.0;278;2025-10-17;2025-10-17;0.0;567.0
12029504;2;2;0;587.5;1105;2023-07-13;2026-05-13;0.0;894.0
12035111;2;2;0;370.0;686;2024-09-04;2026-05-29;0.0;777.6
12036845;1;1;0;509.0;509;2025-02-28;2025-02-28;0.0;268.8
12045160;1;1;0;44.0;44;2026-06-08;2026-06-08;0.0;775.5
12053388;1;1;0;22.0;22;2026-06-30;2026-06-30;0.0;388.8
12055022;1;1;0;156.0;156;2026-02-16;2026-02-16;0.0;328.8
12058504;1;1;0;1986.0;1986;2021-02-12;2021-02-12;0.0;298.5
12059402;1;1;0;12.0;12;2026-07-10;2026-07-10;0.0;567.0
12060693;3;3;0;35.0;49;2026-06-03;2026-07-06;0.0;1911.8999999999999
12061477;2;2;0;61.0;74;2026-05-09;2026-06-04;0.0;1851.0
12064849;1;0;1;3.0;3;2026-07-19;2026-07-19;0.0;155.70000000000002
12068013;1;1;0;310.0;310;2025-09-15;2025-09-15;0.0;447.0
12069700;1;1;0;243.0;243;2025-11-21;2025-11-21;0.0;268.8
12070375;1;1;0;15.0;15;2026-07-07;2026-07-07;0.0;388.8
12072564;1;1;0;272.0;272;2025-10-23;2025-10-23;0.0;1075.5
12074090;1;1;0;700.0;700;2024-08-21;2024-08-21;0.0;537.3
12085157;1;1;0;366.0;366;2025-07-21;2025-07-21;0.0;895.5
12085652;1;1;0;40.0;40;2026-06-12;2026-06-12;0.0;747.3
12086135;1;1;0;359.0;359;2025-07-28;2025-07-28;0.0;597.3
12092139;2;0;2;4.0;7;2026-07-15;2026-07-21;0.0;1333.0
12094867;3;2;1;54.3;141;2026-03-03;2026-07-17;0.0;802.9000000000001
1209679;2;2;0;5710.5;5772;2010-10-02;2011-02-02;0.0;657.0
12097538;1;0;1;1.0;1;2026-07-21;2026-07-21;0.0;134.7
12100118;2;1;1;1.5;2;2026-07-20;2026-07-21;50.0;2158.6
12100423;2;0;2;7.0;12;2026-07-10;2026-07-20;0.0;818.4
12101669;1;0;1;3.0;3;2026-07-19;2026-07-19;0.0;466.84999999999997
12103602;4;4;0;109.8;140;2026-03-04;2026-05-22;0.0;2003.7
12104860;1;1;0;100.0;100;2026-04-13;2026-04-13;0.0;268.8
12106486;1;1;0;286.0;286;2025-10-09;2025-10-09;0.0;507.0
12107851;6;6;0;239.7;268;2025-10-27;2026-01-06;0.0;1612.8000000000002
12108408;2;2;0;37.0;71;2026-05-12;2026-07-19;0.0;1732.8
12118534;4;4;0;146.8;474;2025-04-04;2026-07-15;0.0;1373.4
12121645;1;0;1;3.0;3;2026-07-19;2026-07-19;0.0;269.35
12123229;1;1;0;2521.0;2521;2019-08-27;2019-08-27;0.0;567.0
12126248;1;0;1;3.0;3;2026-07-19;2026-07-19;0.0;783.9000000000001
12130516;1;1;0;518.0;518;2025-02-19;2025-02-19;0.0;268.8
12133376;2;2;0;70.0;77;2026-05-06;2026-05-20;100.0;2180.4
12137446;1;1;0;13.0;13;2026-07-09;2026-07-09;0.0;268.8
12139775;1;0;1;2.0;2;2026-07-20;2026-07-20;0.0;383.40000000000003
1214116;4;4;0;162.5;191;2026-01-12;2026-03-18;0.0;1609.8
12149458;3;2;1;119.7;247;2025-11-17;2026-07-11;0.0;1773.15
12149939;8;8;0;106.9;351;2025-08-05;2026-07-14;0.0;2508.6
12151735;1;1;0;72.0;72;2026-05-11;2026-05-11;0.0;448.8
12163834;1;0;1;2.0;2;2026-07-20;2026-07-20;0.0;418.5
12164103;2;2;0;61.0;69;2026-05-14;2026-05-30;0.0;537.6
12167977;1;0;1;2.0;2;2026-07-20;2026-07-20;0.0;267.4
12168542;1;0;1;4.0;4;2026-07-18;2026-07-18;0.0;265.3
121723;2;2;0;72.0;74;2026-05-09;2026-05-13;0.0;757.8000000000001
12175635;5;4;1;59.4;126;2026-03-18;2026-07-07;40.0;2553.0
12182744;2;2;0;390.5;391;2025-06-26;2025-06-27;0.0;777.6
12183044;1;1;0;98.0;98;2026-04-15;2026-04-15;0.0;388.8
12192773;1;0;1;3.0;3;2026-07-19;2026-07-19;0.0;119.67
12195256;1;1;0;12.0;12;2026-07-10;2026-07-10;0.0;945.45
12195574;1;0;1;1.0;1;2026-07-21;2026-07-21;0.0;113.7
12195973;2;0;2;12.5;16;2026-07-06;2026-07-13;0.0;1364.4
12196575;2;1;1;140.0;274;2025-10-21;2026-07-16;0.0;891.6000000000001
12202647;1;1;0;131.0;131;2026-03-13;2026-03-13;0.0;837.3
12205623;1;1;0;765.0;765;2024-06-17;2024-06-17;0.0;807.0
12214418;1;0;1;1.0;1;2026-07-21;2026-07-21;0.0;383.40000000000003
12214502;5;5;0;123.4;223;2025-12-11;2026-07-08;80.0;2413.8
1221470;1;1;0;900.0;900;2024-02-03;2024-02-03;0.0;507.0
12216073;1;1;0;51.0;51;2026-06-01;2026-06-01;0.0;268.8
12216202;3;3;0;341.7;355;2025-08-01;2025-09-09;0.0;1521.0
12224630;10;10;0;25.3;37;2026-06-15;2026-07-18;20.0;6417.599999999999
12225981;1;1;0;103.0;103;2026-04-10;2026-04-10;0.0;868.2
12227006;1;1;0;22.0;22;2026-06-30;2026-06-30;100.0;802.15
12231462;1;1;0;414.0;414;2025-06-03;2025-06-03;0.0;777.3
1223473;2;2;0;52.5;61;2026-05-22;2026-06-08;0.0;1252.8
12235983;3;0;3;3.0;7;2026-07-15;2026-07-21;0.0;1982.65
12236047;1;0;1;2.0;2;2026-07-20;2026-07-20;0.0;559.25
1224701;3;0;3;1.7;2;2026-07-20;2026-07-21;0.0;919.3
12252082;3;3;0;105.0;204;2025-12-30;2026-07-07;0.0;2440.05
12252915;4;4;0;286.8;796;2024-05-17;2026-07-21;0.0;1344.9
12255180;1;0;1;1.0;1;2026-07-21;2026-07-21;0.0;199.64999999999998
12265582;1;1;0;72.0;72;2026-05-11;2026-05-11;0.0;447.0
12266279;1;1;0;324.0;324;2025-09-01;2025-09-01;0.0;298.5
12273563;5;2;3;49.2;137;2026-03-07;2026-07-21;0.0;2071.92
12283096;1;0;1;1.0;1;2026-07-21;2026-07-21;0.0;155.70000000000002
12283443;1;1;0;2486.0;2486;2019-10-01;2019-10-01;0.0;418.5
12288654;1;1;0;2416.0;2416;2019-12-10;2019-12-10;0.0;507.0
12290661;1;1;0;99.0;99;2026-04-14;2026-04-14;0.0;388.8
12291064;1;1;0;412.0;412;2025-06-05;2025-06-05;0.0;418.5
12291190;1;1;0;78.0;78;2026-05-05;2026-05-05;0.0;388.8
12293411;4;4;0;87.2;147;2026-02-25;2026-07-15;0.0;1253.4
12293761;2;1;1;68.0;131;2026-03-13;2026-07-17;0.0;817.75
12296329;1;1;0;60.0;60;2026-05-23;2026-05-23;0.0;388.8
12298556;4;0;4;6.5;23;2026-06-29;2026-07-21;0.0;1234.24
12299921;2;2;0;37.5;40;2026-06-12;2026-06-17;0.0;954.0
12304228;2;1;1;67.5;133;2026-03-11;2026-07-20;0.0;1421.1
12306003;1;0;1;8.0;8;2026-07-14;2026-07-14;0.0;399.2
12315384;1;1;0;540.0;540;2025-01-28;2025-01-28;0.0;567.0
12315987;2;2;0;68.5;100;2026-04-13;2026-06-15;0.0;777.6
12317717;2;2;0;22.5;36;2026-06-16;2026-07-13;0.0;1293.0
12317752;3;3;0;199.7;405;2025-06-12;2026-04-24;0.0;1046.4
12320344;1;1;0;9.0;9;2026-07-13;2026-07-13;0.0;715.5
12320562;1;1;0;69.0;69;2026-05-14;2026-05-14;0.0;448.8
12322749;3;3;0;430.7;562;2025-01-06;2026-02-04;100.0;1359.9
12324608;2;0;2;1.5;2;2026-07-20;2026-07-21;0.0;474.1
12326845;1;0;1;2.0;2;2026-07-20;2026-07-20;0.0;151.6
12336181;1;1;0;154.0;154;2026-02-18;2026-02-18;0.0;627.0
12336999;1;1;0;36.0;36;2026-06-16;2026-06-16;0.0;537.3
12350315;1;0;1;2.0;2;2026-07-20;2026-07-20;0.0;113.7
12351914;2;2;0;381.5;712;2024-08-09;2026-06-01;0.0;985.5
12356196;1;1;0;580.0;580;2024-12-19;2024-12-19;0.0;268.5
12357457;1;1;0;134.0;134;2026-03-10;2026-03-10;0.0;895.5
12357665;2;2;0;828.5;1238;2023-03-02;2025-05-29;0.0;1509.6
12360446;2;2;0;325.5;461;2025-04-17;2026-01-13;0.0;1064.4
12365998;1;1;0;91.0;91;2026-04-22;2026-04-22;0.0;597.3
12374268;1;1;0;184.0;184;2026-01-19;2026-01-19;0.0;447.0
12375882;2;1;1;6.0;9;2026-07-13;2026-07-19;0.0;1868.5500000000002
123854;1;0;1;1.0;1;2026-07-21;2026-07-21;0.0;198.8
12389483;1;1;0;541.0;541;2025-01-27;2025-01-27;0.0;268.5
12397966;2;2;0;40.0;50;2026-06-02;2026-06-22;0.0;1793.05
12401204;1;1;0;19.0;19;2026-07-03;2026-07-03;0.0;438.75
12403464;1;1;0;197.0;197;2026-01-06;2026-01-06;0.0;268.8
12409250;4;3;1;127.0;261;2025-11-03;2026-07-20;0.0;1678.1999999999998
12411920;1;1;0;814.0;814;2024-04-29;2024-04-29;0.0;448.8
12412400;1;1;0;49.0;49;2026-06-03;2026-06-03;0.0;837.3
12422673;1;1;0;21.0;21;2026-07-01;2026-07-01;0.0;507.0
12430666;1;0;1;2.0;2;2026-07-20;2026-07-20;0.0;447.40000000000003
12435128;2;2;0;383.0;659;2024-10-01;2026-04-06;0.0;984.3
1243869;1;0;1;1.0;1;2026-07-21;2026-07-21;0.0;134.7
12439458;3;3;0;407.0;421;2025-05-27;2025-07-08;0.0;1383.6
12439651;2;2;0;333.5;405;2025-06-12;2025-11-02;0.0;657.6
12440025;1;1;0;83.0;83;2026-04-30;2026-04-30;0.0;268.8
12441594;3;3;0;323.3;656;2024-10-04;2026-06-26;0.0;1192.5
12445342;3;3;0;397.0;658;2024-10-02;2026-05-25;0.0;1434.9
12446058;2;2;0;72.5;125;2026-03-19;2026-07-02;0.0;1336.1999999999998
124529;1;1;0;61.0;61;2026-05-22;2026-05-22;0.0;268.8
12458407;1;1;0;24.0;24;2026-06-28;2026-06-28;0.0;310.75
12460544;2;0;2;1.5;2;2026-07-20;2026-07-21;0.0;710.6400000000001
12463603;2;2;0;132.0;134;2026-03-10;2026-03-14;0.0;1614.6
12464511;2;2;0;159.0;159;2026-02-13;2026-02-13;0.0;1431.0
12464595;4;4;0;69.0;142;2026-03-02;2026-06-29;0.0;2505.6
12471361;2;2;0;797.5;1511;2022-06-02;2026-04-29;0.0;627.3
12471802;2;2;0;184.0;362;2025-07-25;2026-07-16;0.0;1124.55
1247570;9;9;0;49.8;56;2026-05-27;2026-06-03;88.9;3283.5
12477659;1;0;1;4.0;4;2026-07-18;2026-07-18;0.0;199.6
12480563;1;0;1;2.0;2;2026-07-20;2026-07-20;0.0;151.6
12481386;5;5;0;74.2;219;2025-12-15;2026-06-15;40.0;1973.4
1249089;2;2;0;110.5;111;2026-04-02;2026-04-03;0.0;1134.0
12494036;1;1;0;259.0;259;2025-11-05;2025-11-05;0.0;268.8
12494488;1;0;1;2.0;2;2026-07-20;2026-07-20;0.0;249.5
12495772;1;1;0;76.0;76;2026-05-07;2026-05-07;0.0;537.3
12495989;1;1;0;78.0;78;2026-05-05;2026-05-05;0.0;837.3
12500774;5;2;3;9.2;22;2026-06-30;2026-07-20;0.0;2887.4
12501452;1;1;0;2149.0;2149;2020-09-02;2020-09-02;0.0;418.5
12505319;1;0;1;8.0;8;2026-07-14;2026-07-14;0.0;894.8000000000001
12506727;4;4;0;288.2;562;2025-01-06;2026-02-05;0.0;1431.6
12506749;3;3;0;67.7;112;2026-04-01;2026-07-01;0.0;2991.8999999999996
12513994;1;1;0;2431.0;2431;2019-11-25;2019-11-25;0.0;298.5
12518598;1;1;0;14.0;14;2026-07-08;2026-07-08;0.0;268.8
12521050;1;1;0;1692.0;1692;2021-12-03;2021-12-03;0.0;507.0
12532690;1;1;0;343.0;343;2025-08-13;2025-08-13;0.0;328.8
12533493;1;1;0;363.0;363;2025-07-24;2025-07-24;0.0;627.0
12533625;2;2;0;17.0;20;2026-07-02;2026-07-08;100.0;1195.3
12534064;1;1;0;75.0;75;2026-05-08;2026-05-08;0.0;567.0
12534071;2;1;1;37.5;56;2026-05-27;2026-07-03;0.0;1558.15
12537449;2;2;0;264.0;383;2025-07-04;2026-02-27;0.0;1154.6999999999998
1253953;1;0;1;11.0;11;2026-07-11;2026-07-11;0.0;947.95
12539711;3;3;0;67.7;132;2026-03-12;2026-07-20;0.0;1166.4
12540812;1;0;1;2.0;2;2026-07-20;2026-07-20;0.0;295.65000000000003
12543353;1;1;0;600.0;600;2024-11-29;2024-11-29;0.0;418.5
12543377;1;1;0;1792.0;1792;2021-08-25;2021-08-25;0.0;358.5
12548386;1;0;1;1.0;1;2026-07-21;2026-07-21;0.0;37.9
12548588;4;3;1;71.0;134;2026-03-10;2026-07-04;25.0;5245.799999999999
12549712;1;0;1;2.0;2;2026-07-20;2026-07-20;0.0;139.7
12554018;2;2;0;356.5;362;2025-07-25;2025-08-05;0.0;1074.0
125666;1;0;1;2.0;2;2026-07-20;2026-07-20;0.0;467.09999999999997
12572918;1;1;0;2431.0;2431;2019-11-25;2019-11-25;0.0;298.5
12574232;1;1;0;1117.0;1117;2023-07-01;2023-07-01;0.0;298.5
12575766;1;1;0;159.0;159;2026-02-13;2026-02-13;0.0;597.3
12579950;1;1;0;51.0;51;2026-06-01;2026-06-01;0.0;597.3
12582165;1;1;0;85.0;85;2026-04-28;2026-04-28;0.0;268.8
12582632;1;0;1;5.0;5;2026-07-17;2026-07-17;0.0;189.5
12582740;1;1;0;1293.0;1293;2023-01-06;2023-01-06;0.0;447.0
12582838;1;1;0;137.0;137;2026-03-07;2026-03-07;0.0;268.8
1258459;1;0;1;1.0;1;2026-07-21;2026-07-21;0.0;127.80000000000001
12588374;2;0;2;1.0;1;2026-07-21;2026-07-21;0.0;284.4
125898;1;0;1;2.0;2;2026-07-20;2026-07-20;0.0;497.35
12591672;3;3;0;71.3;139;2026-03-05;2026-07-08;0.0;1553.3999999999999
12591728;1;0;1;1.0;1;2026-07-21;2026-07-21;0.0;75.8
125922;2;2;0;203.0;212;2025-12-22;2026-01-09;0.0;955.8
12594457;1;1;0;621.0;621;2024-11-08;2024-11-08;0.0;777.3
1259504;1;0;1;1.0;1;2026-07-21;2026-07-21;0.0;289.47
12598181;1;1;0;377.0;377;2025-07-10;2025-07-10;0.0;268.8
12599807;1;1;0;154.0;154;2026-02-18;2026-02-18;0.0;268.8
12600140;1;1;0;48.0;48;2026-06-04;2026-06-04;0.0;837.3
12610733;2;2;0;108.0;126;2026-03-18;2026-04-23;50.0;1178.7
12611385;1;1;0;372.0;372;2025-07-15;2025-07-15;0.0;597.3
12612684;2;2;0;3.0;5;2026-07-17;2026-07-21;0.0;537.6
12613109;3;0;3;2.7;5;2026-07-17;2026-07-21;0.0;1471.85
12613225;1;0;1;3.0;3;2026-07-19;2026-07-19;0.0;646.8
12616919;1;1;0;83.0;83;2026-04-30;2026-04-30;0.0;268.8
12619105;1;1;0;86.0;86;2026-04-27;2026-04-27;0.0;447.0
12619463;1;0;1;3.0;3;2026-07-19;2026-07-19;0.0;319.34999999999997
1262014;3;3;0;93.3;103;2026-04-10;2026-05-09;100.0;1475.1
12622944;1;0;1;2.0;2;2026-07-20;2026-07-20;0.0;303.2
12623343;1;1;0;8.0;8;2026-07-14;2026-07-14;0.0;567.0
12624025;1;1;0;363.0;363;2025-07-24;2025-07-24;0.0;975.6
12625413;1;1;0;20.0;20;2026-07-02;2026-07-02;0.0;1125.45
12636653;1;0;1;2.0;2;2026-07-20;2026-07-20;0.0;249.39999999999998
1264674;1;1;0;337.0;337;2025-08-19;2025-08-19;0.0;388.8
12647755;1;1;0;2141.0;2141;2020-09-10;2020-09-10;0.0;507.0
12653771;1;1;0;148.0;148;2026-02-24;2026-02-24;0.0;268.8
12655906;1;0;1;5.0;5;2026-07-17;2026-07-17;0.0;1155.05
12661227;2;2;0;132.5;162;2026-02-10;2026-04-10;0.0;597.6
12667211;3;3;0;68.3;127;2026-03-17;2026-06-14;0.0;1004.7
12667312;1;1;0;12.0;12;2026-07-10;2026-07-10;0.0;507.0
12692238;6;5;1;56.7;237;2025-11-27;2026-07-17;66.7;3096.4
12692392;3;2;1;198.3;515;2025-02-22;2026-07-21;0.0;1432.25
12692849;1;0;1;1.0;1;2026-07-21;2026-07-21;0.0;283.5
12693152;1;0;1;5.0;5;2026-07-17;2026-07-17;0.0;444.0
12693250;1;1;0;162.0;162;2026-02-10;2026-02-10;0.0;268.8
12697968;2;2;0;119.0;133;2026-03-11;2026-04-08;0.0;835.8
12700171;1;1;0;53.0;53;2026-05-30;2026-05-30;0.0;268.8
12707;1;0;1;1.0;1;2026-07-21;2026-07-21;0.0;99.8
12714814;1;1;0;350.0;350;2025-08-06;2025-08-06;0.0;507.0
1271948;1;0;1;16.0;16;2026-07-06;2026-07-06;0.0;2013.2999999999997
12727341;4;4;0;94.0;154;2026-02-18;2026-06-25;0.0;2390.4
12728819;3;3;0;106.3;146;2026-02-26;2026-05-27;0.0;1402.8
12730285;1;1;0;198.0;198;2026-01-05;2026-01-05;0.0;567.0
12737300;1;0;1;16.0;16;2026-07-06;2026-07-06;0.0;877.5999999999999
12737920;1;1;0;126.0;126;2026-03-18;2026-03-18;0.0;328.8
12741162;2;0;2;1.5;2;2026-07-20;2026-07-21;0.0;1656.8200000000002
12741732;2;2;0;824.5;1528;2022-05-16;2026-03-23;0.0;1104.3
12745474;1;1;0;26.0;26;2026-06-26;2026-06-26;0.0;507.0
12749512;1;1;0;47.0;47;2026-06-05;2026-06-05;0.0;447.0
12756280;1;1;0;176.0;176;2026-01-27;2026-01-27;100.0;928.8000000000001
12757744;1;0;1;1.0;1;2026-07-21;2026-07-21;0.0;94.9
12758677;1;1;0;167.0;167;2026-02-05;2026-02-05;0.0;1225.5
12759845;2;2;0;51.5;63;2026-05-20;2026-06-12;0.0;926.0999999999999
12774360;3;2;1;52.7;114;2026-03-30;2026-07-07;0.0;3495.3
12776677;2;2;0;290.5;333;2025-08-23;2025-11-16;0.0;1134.0
12782987;2;2;0;357.0;359;2025-07-28;2025-08-01;0.0;537.6
1279219;1;0;1;2.0;2;2026-07-20;2026-07-20;0.0;248.54999999999998
12792257;2;2;0;261.0;488;2025-03-21;2026-06-18;0.0;1014.0
128032;3;2;1;1258.7;1958;2021-03-12;2026-07-17;0.0;1377.95
12805630;2;2;0;81.0;105;2026-04-08;2026-05-26;0.0;717.6
1281197;1;0;1;2.0;2;2026-07-20;2026-07-20;0.0;824.5999999999999
12843833;2;2;0;64.5;72;2026-05-11;2026-05-26;0.0;837.6
12844178;3;3;0;67.0;105;2026-04-08;2026-06-30;0.0;1791.3
12848722;2;2;0;140.5;152;2026-02-20;2026-03-15;0.0;657.6
12855568;3;0;3;4.0;9;2026-07-13;2026-07-21;0.0;2817.38
12865795;1;0;1;1.0;1;2026-07-21;2026-07-21;0.0;49.9
12873007;1;1;0;397.0;397;2025-06-20;2025-06-20;0.0;945.6
12873203;1;1;0;2336.0;2336;2020-02-28;2020-02-28;0.0;418.5
12874118;1;1;0;1.0;1;2026-07-21;2026-07-21;0.0;388.8
12876900;2;1;1;24.5;47;2026-06-05;2026-07-20;0.0;1509.75
12882715;2;2;0;1002.5;1979;2021-02-19;2026-06-26;0.0;1364.4
12883766;2;2;0;49.0;57;2026-05-26;2026-06-11;0.0;1126.2
12894634;1;1;0;44.0;44;2026-06-08;2026-06-08;0.0;328.8
12912517;1;1;0;9.0;9;2026-07-13;2026-07-13;0.0;268.8
12916239;1;1;0;21.0;21;2026-07-01;2026-07-01;0.0;1135.5
12917088;8;8;0;57.5;69;2026-05-14;2026-07-01;50.0;2538.9
12923301;1;0;1;1.0;1;2026-07-21;2026-07-21;0.0;113.7
12927178;2;2;0;49.0;51;2026-06-01;2026-06-05;0.0;894.0
12927525;1;1;0;1482.0;1482;2022-07-01;2022-07-01;0.0;627.0
12927540;2;2;0;578.0;805;2024-05-08;2025-08-05;0.0;1014.0
12931475;1;1;0;2179.0;2179;2020-08-03;2020-08-03;0.0;447.0
12934864;1;0;1;12.0;12;2026-07-10;2026-07-10;0.0;1043.71
12936013;11;11;0;152.5;357;2025-07-30;2026-06-12;0.0;3969.6
12943796;1;1;0;81.0;81;2026-05-02;2026-05-02;0.0;1015.5
12959039;4;4;0;65.0;112;2026-04-01;2026-07-16;0.0;3042.0
12963112;3;3;0;174.7;318;2025-09-07;2026-06-24;33.3;5734.8
12970663;11;7;4;13.3;26;2026-06-26;2026-07-20;0.0;5243.75
12972844;1;0;1;3.0;3;2026-07-19;2026-07-19;0.0;299.4
12975275;2;1;1;58.5;112;2026-04-01;2026-07-17;0.0;1754.1
12975562;2;2;0;1021.0;1021;2023-10-05;2023-10-05;0.0;894.0
12976490;2;2;0;108.5;210;2025-12-24;2026-07-15;0.0;837.6
12977647;1;1;0;513.0;513;2025-02-24;2025-02-24;0.0;388.8
12985346;4;4;0;201.5;548;2025-01-20;2026-07-01;50.0;1644.6
129890;2;2;0;15.0;21;2026-07-01;2026-07-13;100.0;668.95
12994386;25;25;0;103.4;139;2026-03-05;2026-07-15;0.0;19799.1
1299648;4;2;2;125.8;349;2025-08-07;2026-07-20;25.0;2159.6
12997617;1;1;0;1439.0;1439;2022-08-13;2022-08-13;0.0;178.5
12997874;2;2;0;73.0;78;2026-05-05;2026-05-15;0.0;777.0
12999943;1;1;0;67.0;67;2026-05-16;2026-05-16;0.0;955.5
13006066;2;2;0;300.0;384;2025-07-03;2025-12-18;0.0;715.8
13008167;2;0;2;2.0;2;2026-07-20;2026-07-20;0.0;376.1
13008739;1;0;1;0.0;0;2026-07-22;2026-07-22;0.0;0.0
13011239;1;1;0;176.0;176;2026-01-27;2026-01-27;0.0;597.3
13012510;3;3;0;90.3;170;2026-02-02;2026-06-02;0.0;2148.3
13013948;1;1;0;96.0;96;2026-04-17;2026-04-17;0.0;447.0
13014070;1;1;0;449.0;449;2025-04-29;2025-04-29;0.0;268.8
13016394;1;1;0;8.0;8;2026-07-14;2026-07-14;100.0;1092.0
13019130;3;0;3;2.0;2;2026-07-20;2026-07-20;0.0;1118.0
13019376;1;1;0;26.0;26;2026-06-26;2026-06-26;0.0;777.5500000000001
13030363;5;5;0;66.4;100;2026-04-13;2026-06-02;0.0;3858.0
13030397;1;1;0;2255.0;2255;2020-05-19;2020-05-19;0.0;567.0
13033567;2;2;0;53.0;61;2026-05-22;2026-06-07;100.0;2240.4
13036453;1;1;0;198.0;198;2026-01-05;2026-01-05;0.0;1075.5
13038536;1;0;1;7.0;7;2026-07-15;2026-07-15;0.0;454.8
13039673;1;1;0;98.0;98;2026-04-15;2026-04-15;0.0;777.3
13041426;1;0;1;1.0;1;2026-07-21;2026-07-21;0.0;155.70000000000002
13042688;2;2;0;11.0;15;2026-07-07;2026-07-15;0.0;1674.6
13044730;1;0;1;3.0;3;2026-07-19;2026-07-19;0.0;714.2
13047521;1;1;0;14.0;14;2026-07-08;2026-07-08;0.0;328.8
13048648;1;1;0;36.0;36;2026-06-16;2026-06-16;0.0;328.8
13049434;1;1;0;58.0;58;2026-05-25;2026-05-25;0.0;1015.5
13049710;1;1;0;440.0;440;2025-05-08;2025-05-08;0.0;268.8
13049905;1;0;1;1.0;1;2026-07-21;2026-07-21;0.0;89.8
13049954;1;0;1;2.0;2;2026-07-20;2026-07-20;0.0;89.8
13050233;4;4;0;125.2;364;2025-07-23;2026-06-23;0.0;3448.75
13053117;1;0;1;2.0;2;2026-07-20;2026-07-20;0.0;149.7
13055473;6;6;0;85.2;375;2025-07-12;2026-07-11;100.0;5761.200000000001
13057125;1;1;0;1472.0;1472;2022-07-11;2022-07-11;0.0;0.0
1306261;5;3;2;106.2;377;2025-07-10;2026-07-20;0.0;2354.7
13066858;1;1;0;686.0;686;2024-09-04;2024-09-04;0.0;567.0
13067805;3;2;1;68.3;169;2026-02-03;2026-07-21;0.0;1111.35
13068636;1;1;0;495.0;495;2025-03-14;2025-03-14;0.0;447.0
13069708;1;1;0;546.0;546;2025-01-22;2025-01-22;0.0;447.0
13070262;3;3;0;103.0;116;2026-03-28;2026-04-22;0.0;2726.7
13070777;1;0;1;3.0;3;2026-07-19;2026-07-19;0.0;349.3
13071175;1;1;0;352.0;352;2025-08-04;2025-08-04;0.0;477.3
13073568;1;1;0;66.0;66;2026-05-17;2026-05-17;0.0;388.8
13074018;1;0;1;12.0;12;2026-07-10;2026-07-10;0.0;718.4
13075826;1;1;0;98.0;98;2026-04-15;2026-04-15;0.0;388.8
13076073;1;1;0;280.0;280;2025-10-15;2025-10-15;0.0;567.0
13076108;7;7;0;114.4;286;2025-10-09;2026-05-22;85.7;5319.0
13076440;1;0;1;3.0;3;2026-07-19;2026-07-19;0.0;227.4
13076570;1;1;0;1607.0;1607;2022-02-26;2022-02-26;0.0;358.5
13080503;1;0;1;1.0;1;2026-07-21;2026-07-21;0.0;77.85000000000001
13081706;1;1;0;2350.0;2350;2020-02-14;2020-02-14;0.0;418.5
13089294;1;1;0;93.0;93;2026-04-20;2026-04-20;0.0;268.8
13092417;1;1;0;25.0;25;2026-06-27;2026-06-27;0.0;388.8
13093985;1;1;0;9.0;9;2026-07-13;2026-07-13;0.0;715.5
13094234;1;1;0;629.0;629;2024-10-31;2024-10-31;0.0;955.5
13095223;1;0;1;1.0;1;2026-07-21;2026-07-21;0.0;151.6
1310450;1;1;0;21.0;21;2026-07-01;2026-07-01;0.0;268.8
1310898;1;1;0;351.0;351;2025-08-05;2025-08-05;0.0;268.8
13109835;1;0;1;2.0;2;2026-07-20;2026-07-20;0.0;89.8
13113649;1;0;1;4.0;4;2026-07-18;2026-07-18;0.0;737.1
13113669;1;1;0;44.0;44;2026-06-08;2026-06-08;0.0;268.8
13114412;1;1;0;224.0;224;2025-12-10;2025-12-10;0.0;268.8
13119134;1;1;0;921.0;921;2024-01-13;2024-01-13;0.0;537.3
13120633;1;1;0;14.0;14;2026-07-08;2026-07-08;0.0;388.8
13123787;2;2;0;607.5;1118;2023-06-30;2026-04-16;0.0;717.3
13124941;1;1;0;37.0;37;2026-06-15;2026-06-15;0.0;268.8
13126732;1;1;0;7.0;7;2026-07-15;2026-07-15;0.0;388.8
13127139;1;1;0;111.0;111;2026-04-02;2026-04-02;0.0;328.8
13152548;1;1;0;49.0;49;2026-06-03;2026-06-03;0.0;388.8
13156862;1;0;1;4.0;4;2026-07-18;2026-07-18;0.0;2429.0499999999997
13157960;1;0;1;5.0;5;2026-07-17;2026-07-17;0.0;614.25
1316097;3;3;0;29.3;35;2026-06-17;2026-07-04;0.0;1701.0
13160997;4;3;1;39.0;52;2026-05-31;2026-07-09;0.0;4798.11
13163652;1;1;0;322.0;322;2025-09-03;2025-09-03;0.0;268.8
13164467;1;0;1;1.0;1;2026-07-21;2026-07-21;0.0;44.9
13173914;1;1;0;553.0;553;2025-01-15;2025-01-15;0.0;447.0
13174183;1;1;0;89.0;89;2026-04-24;2026-04-24;0.0;747.3
1317530;2;2;0;10.5;19;2026-07-03;2026-07-20;0.0;1014.0
13177009;1;1;0;16.0;16;2026-07-06;2026-07-06;0.0;715.5
13178518;3;3;0;25.3;32;2026-06-20;2026-07-08;0.0;2238.4
13178976;1;1;0;245.0;245;2025-11-19;2025-11-19;0.0;447.0
13179545;3;0;3;7.3;11;2026-07-11;2026-07-20;0.0;1062.6
13182094;1;1;0;340.0;340;2025-08-16;2025-08-16;0.0;268.8
13182283;2;2;0;116.0;141;2026-03-03;2026-04-22;0.0;806.0999999999999
13185840;2;2;0;128.0;177;2026-01-26;2026-05-04;0.0;587.4000000000001
13186868;2;2;0;643.5;994;2023-11-01;2025-10-02;0.0;1312.5
13190047;1;1;0;14.0;14;2026-07-08;2026-07-08;0.0;1185.45
13198055;1;1;0;291.0;291;2025-10-04;2025-10-04;0.0;927.0
13209867;1;0;1;2.0;2;2026-07-20;2026-07-20;0.0;249.6
13211745;1;1;0;25.0;25;2026-06-27;2026-06-27;0.0;1075.5
13214163;2;1;1;32.0;54;2026-05-29;2026-07-12;0.0;1300.1
13215036;1;0;1;2.0;2;2026-07-20;2026-07-20;0.0;199.6
13215504;12;11;1;44.8;137;2026-03-07;2026-07-20;0.0;4222.7
13217309;2;0;2;7.0;9;2026-07-13;2026-07-17;0.0;939.9
13217468;1;1;0;212.0;212;2025-12-22;2025-12-22;0.0;687.0
13220518;1;0;1;2.0;2;2026-07-20;2026-07-20;0.0;335.55
13227121;3;3;0;113.7;217;2025-12-17;2026-05-21;0.0;806.4000000000001
13227818;1;1;0;194.0;194;2026-01-09;2026-01-09;0.0;328.8
13228693;1;1;0;271.0;271;2025-10-24;2025-10-24;0.0;350.71999999999997
13228704;1;0;1;10.0;10;2026-07-12;2026-07-12;0.0;598.8
1322995;3;3;0;99.3;135;2026-03-09;2026-05-19;0.0;1701.0
13246861;1;0;1;0.0;0;2026-07-22;2026-07-22;0.0;0.0
13252007;4;3;1;72.2;156;2026-02-16;2026-07-16;25.0;1377.9
13252718;1;1;0;34.0;34;2026-06-18;2026-06-18;0.0;1135.5
13252969;1;1;0;71.0;71;2026-05-12;2026-05-12;0.0;388.8
13253412;1;1;0;14.0;14;2026-07-08;2026-07-08;0.0;268.8
13259529;1;1;0;421.0;421;2025-05-27;2025-05-27;0.0;328.8
1326100;1;1;0;144.0;144;2026-02-28;2026-02-28;0.0;777.3
1326140;1;0;1;3.0;3;2026-07-19;2026-07-19;0.0;958.0799999999999
13265444;1;1;0;9.0;9;2026-07-13;2026-07-13;0.0;1075.5
13265565;1;1;0;84.0;84;2026-04-29;2026-04-29;0.0;537.3
1327072;2;1;1;52.5;103;2026-04-10;2026-07-20;0.0;568.4
13278531;1;1;0;435.0;435;2025-05-13;2025-05-13;0.0;388.8
13282500;1;0;1;10.0;10;2026-07-12;2026-07-12;0.0;698.6
1330223;1;1;0;26.0;26;2026-06-26;2026-06-26;0.0;268.8
13302442;1;1;0;195.0;195;2026-01-08;2026-01-08;0.0;567.0
13303614;3;3;0;145.0;145;2026-02-27;2026-02-27;0.0;1791.8999999999999
13304056;1;1;0;314.0;314;2025-09-11;2025-09-11;0.0;388.8
13305972;1;1;0;294.0;294;2025-10-01;2025-10-01;0.0;268.8
13306008;2;2;0;224.0;380;2025-07-07;2026-05-15;0.0;715.8
13306618;2;2;0;169.0;274;2025-10-21;2026-05-19;0.0;777.6
13309951;1;1;0;91.0;91;2026-04-22;2026-04-22;0.0;268.8
1331052;1;0;1;2.0;2;2026-07-20;2026-07-20;0.0;201.55
13311224;1;1;0;58.0;58;2026-05-25;2026-05-25;0.0;1067.3999999999999
13315237;5;5;0;535.2;875;2024-02-28;2026-06-15;0.0;1998.6
13323911;1;1;0;72.0;72;2026-05-11;2026-05-11;0.0;895.5
13324954;1;0;1;11.0;11;2026-07-11;2026-07-11;0.0;1295.5500000000002
13327932;2;2;0;157.5;188;2026-01-15;2026-03-17;0.0;1282.5
13328176;2;2;0;162.0;287;2025-10-08;2026-06-15;0.0;1314.6
13328843;1;0;1;9.0;9;2026-07-13;2026-07-13;0.0;1656.15
13329572;1;1;0;89.0;89;2026-04-24;2026-04-24;0.0;1015.5
13333205;5;5;0;479.6;520;2025-02-17;2025-09-02;0.0;1584.0
13336587;1;1;0;32.0;32;2026-06-20;2026-06-20;0.0;268.8
13337504;2;2;0;497.5;513;2025-02-24;2025-03-27;0.0;775.8
13339072;1;1;0;1.0;1;2026-07-21;2026-07-21;0.0;1047.3
13339191;1;1;0;23.0;23;2026-06-29;2026-06-29;0.0;657.3
13344130;1;1;0;2.0;2;2026-07-20;2026-07-20;0.0;597.3
13344829;1;1;0;219.0;219;2025-12-15;2025-12-15;100.0;611.7
13344891;2;1;1;36.5;69;2026-05-14;2026-07-18;0.0;1248.76
13350392;1;0;1;1.0;1;2026-07-21;2026-07-21;0.0;311.40000000000003
13350425;1;1;0;24.0;24;2026-06-28;2026-06-28;0.0;1177.45
13353450;1;1;0;1798.0;1798;2021-08-19;2021-08-19;0.0;418.5
13355545;1;0;1;2.0;2;2026-07-20;2026-07-20;0.0;245.70000000000002
13355703;1;1;0;775.0;775;2024-06-07;2024-06-07;0.0;627.0
13357361;1;0;1;1.0;1;2026-07-21;2026-07-21;0.0;151.6
13357881;2;2;0;1162.5;2219;2020-06-24;2026-04-07;0.0;418.8
13358258;2;2;0;117.5;147;2026-02-25;2026-04-25;0.0;777.6
13364401;3;3;0;127.0;144;2026-02-28;2026-04-17;0.0;806.4000000000001
13365284;1;1;0;30.0;30;2026-06-22;2026-06-22;0.0;715.5
13366188;4;3;1;247.8;540;2025-01-28;2026-07-21;0.0;2469.1499999999996
13367268;2;0;2;2.0;2;2026-07-20;2026-07-20;0.0;495.2800000000001
13367871;1;1;0;337.0;337;2025-08-19;2025-08-19;0.0;268.8
13368037;3;3;0;327.7;438;2025-05-10;2025-10-23;0.0;1701.0
13368746;1;1;0;85.0;85;2026-04-28;2026-04-28;0.0;388.8
13369594;2;2;0;1079.0;2044;2020-12-16;2026-03-30;0.0;894.0
13371995;1;1;0;344.0;344;2025-08-12;2025-08-12;0.0;388.8
13372610;1;1;0;1034.0;1034;2023-09-22;2023-09-22;0.0;627.0
13376081;1;1;0;97.0;97;2026-04-16;2026-04-16;0.0;268.8
13381428;1;1;0;448.0;448;2025-04-30;2025-04-30;0.0;447.0
13382090;1;1;0;667.0;667;2024-09-23;2024-09-23;0.0;567.0
13386278;1;1;0;215.0;215;2025-12-19;2025-12-19;0.0;587.1
13390496;2;2;0;264.0;274;2025-10-21;2025-11-10;0.0;926.0999999999999
13390786;3;3;0;54.3;90;2026-04-23;2026-07-06;0.0;2419.8
13391216;2;1;1;85.0;169;2026-02-03;2026-07-21;0.0;646.31
13391514;1;1;0;19.0;19;2026-07-03;2026-07-03;0.0;388.8
13391836;2;0;2;4.0;7;2026-07-15;2026-07-21;0.0;998.05
13391916;7;7;0;187.3;203;2025-12-31;2026-04-07;100.0;3861.9000000000005
13392181;2;2;0;223.0;383;2025-07-04;2026-05-20;0.0;2004.3
13392729;1;1;0;195.0;195;2026-01-08;2026-01-08;0.0;1045.5
13392917;1;0;1;1.0;1;2026-07-21;2026-07-21;0.0;134.7
13393405;1;0;1;1.0;1;2026-07-21;2026-07-21;0.0;111.85000000000001
13393646;1;0;1;2.0;2;2026-07-20;2026-07-20;0.0;361.35
13393682;1;1;0;93.0;93;2026-04-20;2026-04-20;100.0;942.0
13394382;1;0;1;1.0;1;2026-07-21;2026-07-21;0.0;433.35
13394479;2;2;0;56.0;70;2026-05-13;2026-06-10;0.0;657.6
13394791;3;1;2;23.0;63;2026-05-20;2026-07-21;0.0;2675.8500000000004
13394890;1;1;0;673.0;673;2024-09-17;2024-09-17;0.0;955.5
13394912;2;0;2;1.0;1;2026-07-21;2026-07-21;0.0;191.70000000000002
13394942;3;3;0;154.7;198;2026-01-05;2026-05-04;0.0;2631.8999999999996
13395832;2;0;2;10.5;18;2026-07-04;2026-07-19;0.0;4549.71
13396154;1;1;0;34.0;34;2026-06-18;2026-06-18;0.0;507.0
13402019;2;2;0;68.0;89;2026-04-24;2026-06-05;0.0;537.6
13402430;1;1;0;233.0;233;2025-12-01;2025-12-01;0.0;388.8
13403390;1;1;0;15.0;15;2026-07-07;2026-07-07;0.0;507.0
13404480;2;2;0;140.0;250;2025-11-14;2026-06-22;100.0;1103.4
13404546;1;1;0;121.0;121;2026-03-23;2026-03-23;0.0;268.8
13404757;1;0;1;1.0;1;2026-07-21;2026-07-21;0.0;75.8
13405025;1;1;0;118.0;118;2026-03-26;2026-03-26;0.0;268.8
13405134;1;0;1;5.0;5;2026-07-17;2026-07-17;0.0;1383.8999999999999
13406170;1;1;0;23.0;23;2026-06-29;2026-06-29;0.0;430.75
13406568;2;2;0;427.5;491;2025-03-18;2025-07-23;0.0;715.8
13407122;1;1;0;19.0;19;2026-07-03;2026-07-03;0.0;268.8
13409164;1;1;0;43.0;43;2026-06-09;2026-06-09;0.0;328.8
13414564;2;2;0;192.0;197;2026-01-06;2026-01-16;0.0;1182.6
13414690;5;0;5;5.4;11;2026-07-11;2026-07-20;0.0;1917.35
13415489;1;1;0;13.0;13;2026-07-09;2026-07-09;0.0;447.0
13415603;3;3;0;159.7;373;2025-07-14;2026-06-10;0.0;1461.0
13415681;1;0;1;10.0;10;2026-07-12;2026-07-12;0.0;1423.5
13416369;1;1;0;1434.0;1434;2022-08-18;2022-08-18;0.0;388.5
13422349;1;1;0;1878.0;1878;2021-05-31;2021-05-31;0.0;447.0
13427097;1;1;0;355.0;355;2025-08-01;2025-08-01;100.0;1270.2
13431360;1;1;0;502.0;502;2025-03-07;2025-03-07;0.0;567.0
13432051;1;1;0;643.0;643;2024-10-17;2024-10-17;0.0;298.5
13432882;1;1;0;2172.0;2172;2020-08-10;2020-08-10;0.0;447.0
13433219;2;2;0;34.0;57;2026-05-26;2026-07-11;0.0;567.3
13434634;1;0;1;2.0;2;2026-07-20;2026-07-20;0.0;947.7
13442878;3;3;0;287.7;435;2025-05-13;2026-01-29;0.0;1611.3
13443056;1;0;1;2.0;2;2026-07-20;2026-07-20;0.0;177.70000000000002
13443203;2;1;1;26.0;51;2026-06-01;2026-07-21;0.0;588.15
13443473;2;2;0;227.5;435;2025-05-13;2026-07-02;0.0;837.85
13443509;1;1;0;39.0;39;2026-06-13;2026-06-13;0.0;627.0
13445362;1;1;0;362.0;362;2025-07-25;2025-07-25;0.0;597.3
13445365;2;2;0;312.0;525;2025-02-12;2026-04-14;100.0;2000.4
13446817;1;1;0;103.0;103;2026-04-10;2026-04-10;0.0;268.8
1344788;1;0;1;3.0;3;2026-07-19;2026-07-19;0.0;454.8
13448551;1;1;0;240.0;240;2025-11-24;2025-11-24;0.0;328.8
13449348;2;2;0;309.5;429;2025-05-19;2026-01-13;0.0;717.6
1344937;1;0;1;2.0;2;2026-07-20;2026-07-20;0.0;175.70000000000002
13449775;1;1;0;138.0;138;2026-03-06;2026-03-06;0.0;557.4
1345044;2;2;0;46.0;46;2026-06-06;2026-06-06;0.0;5094.6
13451193;1;0;1;3.0;3;2026-07-19;2026-07-19;0.0;164.7
13451811;2;0;2;2.0;2;2026-07-20;2026-07-20;0.0;405.45
13454084;3;2;1;12.0;27;2026-06-25;2026-07-20;0.0;3427.1
13456483;1;0;1;2.0;2;2026-07-20;2026-07-20;0.0;554.1500000000001
13464460;5;5;0;86.6;105;2026-04-08;2026-05-07;0.0;1824.0
13465411;1;1;0;97.0;97;2026-04-16;2026-04-16;0.0;178.5
13465984;1;0;1;8.0;8;2026-07-14;2026-07-14;0.0;1842.75
13467532;3;3;0;77.3;111;2026-04-02;2026-07-08;0.0;1452.75
13467559;1;0;1;17.0;17;2026-07-05;2026-07-05;0.0;3119.3499999999995
13468234;1;1;0;68.0;68;2026-05-15;2026-05-15;0.0;388.8
13473497;3;3;0;23.7;68;2026-05-15;2026-07-21;0.0;2668.2
13474516;5;5;0;297.4;559;2025-01-09;2026-05-03;0.0;4417.5
13474871;2;1;1;19.5;36;2026-06-16;2026-07-19;0.0;1555.1
13475111;1;1;0;13.0;13;2026-07-09;2026-07-09;0.0;447.0
13475525;1;0;1;2.0;2;2026-07-20;2026-07-20;0.0;179.6
13475616;1;1;0;152.0;152;2026-02-20;2026-02-20;100.0;642.0
13475767;1;0;1;1.0;1;2026-07-21;2026-07-21;0.0;134.7
13476487;1;0;1;13.0;13;2026-07-09;2026-07-09;0.0;748.5500000000001
13477161;2;2;0;77.5;120;2026-03-24;2026-06-17;0.0;1014.0
13477174;2;2;0;327.5;331;2025-08-25;2025-09-01;100.0;1223.4
13477558;4;4;0;317.2;515;2025-02-22;2026-05-07;0.0;2385.0
13477795;2;2;0;202.0;250;2025-11-14;2026-02-18;0.0;567.3
13478207;3;3;0;27.0;51;2026-06-01;2026-07-07;0.0;657.6
13481824;4;4;0;113.2;163;2026-02-09;2026-05-25;100.0;4236.0
13491651;1;1;0;198.0;198;2026-01-05;2026-01-05;0.0;268.8
13491744;4;4;0;408.5;538;2025-01-30;2025-12-02;0.0;1495.2
13492602;1;1;0;146.0;146;2026-02-26;2026-02-26;0.0;777.3
13496852;2;2;0;24.5;33;2026-06-19;2026-07-06;50.0;910.5
13501908;2;2;0;483.0;860;2024-03-14;2026-04-07;0.0;1851.0
1350361;2;1;1;26.5;51;2026-06-01;2026-07-20;0.0;598.6
13506009;1;1;0;6.0;6;2026-07-16;2026-07-16;0.0;1015.5
13515138;2;1;1;207.0;413;2025-06-04;2026-07-21;0.0;774.11
13515259;4;4;0;209.2;433;2025-05-15;2026-07-14;0.0;2182.2
13516871;3;1;2;110.0;327;2025-08-29;2026-07-21;0.0;865.5
13520533;1;1;0;341.0;341;2025-08-15;2025-08-15;0.0;447.0
13520548;1;0;1;5.0;5;2026-07-17;2026-07-17;0.0;499.0
13524114;1;0;1;3.0;3;2026-07-19;2026-07-19;0.0;671.1
13525222;2;2;0;292.5;523;2025-02-14;2026-05-21;100.0;2002.2
13525860;1;1;0;23.0;23;2026-06-29;2026-06-29;0.0;567.0
13528276;1;0;1;1.0;1;2026-07-21;2026-07-21;0.0;721.0500000000001
13528676;1;1;0;6.0;6;2026-07-16;2026-07-16;0.0;717.3
13529156;3;3;0;114.0;180;2026-01-23;2026-05-04;0.0;2146.5
13529199;1;1;0;558.0;558;2025-01-10;2025-01-10;0.0;268.8
13538857;1;1;0;16.0;16;2026-07-06;2026-07-06;0.0;1375.5
13539900;1;0;1;2.0;2;2026-07-20;2026-07-20;0.0;845.85
13542301;1;0;1;2.0;2;2026-07-20;2026-07-20;0.0;630.95
1354366;1;0;1;1.0;1;2026-07-21;2026-07-21;0.0;155.70000000000002
13543840;3;0;3;2.7;4;2026-07-18;2026-07-20;0.0;1172.6
13543968;2;1;1;23.0;39;2026-06-13;2026-07-15;0.0;1310.4
13544692;1;0;1;1.0;1;2026-07-21;2026-07-21;0.0;103.78
13545225;1;1;0;76.0;76;2026-05-07;2026-05-07;0.0;537.3
13545433;4;4;0;450.8;644;2024-10-16;2025-09-10;50.0;3384.6
13545454;4;4;0;53.0;119;2026-03-25;2026-07-06;0.0;2718.8999999999996
13545730;2;2;0;219.0;275;2025-10-20;2026-02-09;0.0;1256.1
1354587;2;1;1;14.0;26;2026-06-26;2026-07-20;0.0;706.6
13546017;1;1;0;14.0;14;2026-07-08;2026-07-08;0.0;765.45
13546131;2;2;0;379.0;406;2025-06-11;2025-08-04;0.0;715.8
13547327;1;1;0;632.0;632;2024-10-28;2024-10-28;0.0;268.8
13549478;1;0;1;4.0;4;2026-07-18;2026-07-18;0.0;530.6
13552781;2;1;1;48.0;82;2026-05-01;2026-07-08;0.0;2359.3999999999996
13554439;3;3;0;97.7;126;2026-03-18;2026-06-02;0.0;1284.6
13554606;2;2;0;55.5;91;2026-04-22;2026-07-02;0.0;955.8
13555049;2;2;0;569.0;1031;2023-09-25;2026-04-06;0.0;1401.3
13555550;1;1;0;60.0;60;2026-05-23;2026-05-23;0.0;537.3
13567224;1;1;0;198.0;198;2026-01-05;2026-01-05;0.0;715.5
13572491;1;0;1;3.0;3;2026-07-19;2026-07-19;0.0;575.1
13572874;1;1;0;125.0;125;2026-03-19;2026-03-19;0.0;268.8
13573162;1;1;0;15.0;15;2026-07-07;2026-07-07;0.0;268.8
1357432;1;1;0;44.0;44;2026-06-08;2026-06-08;0.0;388.8
1357901;2;0;2;8.5;16;2026-07-06;2026-07-21;0.0;720.1
13579028;3;3;0;111.7;169;2026-02-03;2026-07-10;0.0;1853.1
13579048;1;0;1;2.0;2;2026-07-20;2026-07-20;0.0;848.35
13580877;16;16;0;351.0;796;2024-05-17;2026-05-11;87.5;9025.2
13581054;1;1;0;2165.0;2165;2020-08-17;2020-08-17;0.0;567.0
13583704;1;1;0;107.0;107;2026-04-06;2026-04-06;0.0;717.3
13585175;1;1;0;16.0;16;2026-07-06;2026-07-06;0.0;447.0
13585774;1;1;0;88.0;88;2026-04-25;2026-04-25;0.0;717.3
13594299;2;2;0;850.0;1156;2023-05-23;2025-01-24;0.0;1432.5
13596431;1;1;0;103.0;103;2026-04-10;2026-04-10;0.0;417.3
1359831;1;0;1;10.0;10;2026-07-12;2026-07-12;0.0;1023.3
13598981;3;3;0;161.3;347;2025-08-09;2026-05-15;0.0;806.4000000000001
13599119;1;1;0;271.0;271;2025-10-24;2025-10-24;0.0;617.4
13599881;1;1;0;8.0;8;2026-07-14;2026-07-14;0.0;647.25
13602560;2;2;0;192.5;196;2026-01-07;2026-01-14;0.0;2091.0
13607433;1;0;1;1.0;1;2026-07-21;2026-07-21;0.0;248.54999999999998
13608696;1;1;0;26.0;26;2026-06-26;2026-06-26;0.0;268.8
13625697;1;1;0;16.0;16;2026-07-06;2026-07-06;0.0;318.75
13628074;3;3;0;124.7;287;2025-10-08;2026-07-01;0.0;2388.3
13629963;2;2;0;10.5;19;2026-07-03;2026-07-20;0.0;926.0999999999999
13633684;1;1;0;1451.0;1451;2022-08-01;2022-08-01;0.0;447.0
13636953;1;0;1;1.0;1;2026-07-21;2026-07-21;0.0;223.70000000000002
13636962;3;3;0;130.3;298;2025-09-27;2026-06-06;0.0;3771.9
13637624;1;1;0;560.0;560;2025-01-08;2025-01-08;0.0;388.8
13638370;2;2;0;958.0;958;2023-12-07;2023-12-07;0.0;657.6
13638371;1;1;0;61.0;61;2026-05-22;2026-05-22;0.0;268.8
13642830;1;1;0;21.0;21;2026-07-01;2026-07-01;0.0;1015.5
13654496;1;1;0;146.0;146;2026-02-26;2026-02-26;0.0;447.0
13656872;1;1;0;1022.0;1022;2023-10-04;2023-10-04;0.0;925.8
1365789;1;1;0;44.0;44;2026-06-08;2026-06-08;0.0;447.0
13659225;1;1;0;9.0;9;2026-07-13;2026-07-13;0.0;775.5
13659683;1;1;0;6.0;6;2026-07-16;2026-07-16;0.0;328.8
13665065;2;0;2;1.0;1;2026-07-21;2026-07-21;0.0;179.6
13665666;1;1;0;116.0;116;2026-03-28;2026-03-28;0.0;328.8
13667612;2;1;1;172.5;344;2025-08-12;2026-07-21;0.0;800.7
13669622;1;1;0;953.0;953;2023-12-12;2023-12-12;0.0;117.3
13669961;1;1;0;356.0;356;2025-07-31;2025-07-31;0.0;268.8
13673744;1;1;0;666.0;666;2024-09-24;2024-09-24;0.0;418.5
1367406;1;0;1;2.0;2;2026-07-20;2026-07-20;0.0;223.70000000000002
13674149;1;0;1;2.0;2;2026-07-20;2026-07-20;0.0;263.65000000000003
13674872;1;1;0;482.0;482;2025-03-27;2025-03-27;0.0;537.3
13675614;2;2;0;262.5;386;2025-07-01;2026-03-05;0.0;777.6
13684442;1;0;1;4.0;4;2026-07-18;2026-07-18;0.0;1272.06
1368539;1;1;0;9.0;9;2026-07-13;2026-07-13;0.0;817.35
13686381;2;2;0;116.0;119;2026-03-25;2026-03-31;100.0;687.0
13686455;2;2;0;581.0;741;2024-07-11;2025-05-27;100.0;950.7
13686545;2;2;0;182.0;362;2025-07-25;2026-07-20;0.0;1311.0
13690221;2;0;2;7.0;8;2026-07-14;2026-07-16;0.0;1493.15
13692579;1;1;0;27.0;27;2026-06-25;2026-06-25;0.0;477.3
13696427;2;2;0;263.5;301;2025-09-24;2025-12-08;0.0;1431.0
13696483;2;2;0;20.0;20;2026-07-02;2026-07-02;0.0;1314.6
13697387;1;1;0;84.0;84;2026-04-29;2026-04-29;0.0;268.8
13702180;1;1;0;4.0;4;2026-07-18;2026-07-18;0.0;657.3
1370322;5;5;0;163.4;216;2025-12-18;2026-06-07;0.0;1522.2
13705090;1;1;0;632.0;632;2024-10-28;2024-10-28;0.0;567.0
13705440;1;1;0;449.0;449;2025-04-29;2025-04-29;0.0;358.5
13705782;6;6;0;8.0;9;2026-07-13;2026-07-15;0.0;2051.25
13707294;1;1;0;106.0;106;2026-04-07;2026-04-07;0.0;447.0
13707718;2;2;0;304.0;503;2025-03-06;2026-04-08;0.0;657.6
13707848;1;1;0;1316.0;1316;2022-12-14;2022-12-14;0.0;567.0
13708533;1;0;1;9.0;9;2026-07-13;2026-07-13;0.0;832.3
13718486;9;9;0;202.3;531;2025-02-06;2026-07-06;33.3;3147.9
13720396;1;1;0;133.0;133;2026-03-11;2026-03-11;0.0;835.5
13720828;1;0;1;1.0;1;2026-07-21;2026-07-21;0.0;223.70000000000002
13732903;1;1;0;357.0;357;2025-07-30;2025-07-30;0.0;567.0
13737082;1;0;1;1.0;1;2026-07-21;2026-07-21;0.0;113.7
13738983;2;2;0;40.5;47;2026-06-05;2026-06-18;0.0;806.0999999999999
13739447;2;2;0;17.5;26;2026-06-26;2026-07-13;0.0;1372.8
1374309;2;0;2;2.0;2;2026-07-20;2026-07-20;0.0;488.52000000000004
13744518;1;0;1;1.0;1;2026-07-21;2026-07-21;0.0;125.75
13747829;3;3;0;111.0;197;2026-01-06;2026-07-13;0.0;4416.6
13768974;1;1;0;964.0;964;2023-12-01;2023-12-01;0.0;297.0
13769732;1;1;0;2135.0;2135;2020-09-16;2020-09-16;0.0;298.5
13772921;1;1;0;33.0;33;2026-06-19;2026-06-19;0.0;268.8
13775595;1;1;0;127.0;127;2026-03-17;2026-03-17;0.0;567.0
13776108;1;1;0;357.0;357;2025-07-30;2025-07-30;0.0;268.8
13776443;1;1;0;30.0;30;2026-06-22;2026-06-22;0.0;599.35
13779663;1;0;1;2.0;2;2026-07-20;2026-07-20;0.0;428.95
13780028;2;2;0;350.0;350;2025-08-06;2025-08-06;100.0;1223.4
13786076;5;0;5;8.8;16;2026-07-06;2026-07-20;0.0;5463.55
1378918;2;1;1;22.5;44;2026-06-08;2026-07-21;0.0;432.45000000000005
1379514;3;3;0;541.0;1157;2023-05-22;2026-01-05;0.0;956.1
1379733;1;1;0;28.0;28;2026-06-24;2026-06-24;0.0;835.5
13802653;1;0;1;2.0;2;2026-07-20;2026-07-20;0.0;239.45
13804129;1;0;1;2.0;2;2026-07-20;2026-07-20;0.0;988.5
13804137;1;1;0;143.0;143;2026-03-01;2026-03-01;100.0;313.5
1380694;2;2;0;78.0;79;2026-05-04;2026-05-06;0.0;2434.7999999999997
13811392;2;2;0;7.0;7;2026-07-15;2026-07-15;0.0;1890.9
13815239;1;0;1;2.0;2;2026-07-20;2026-07-20;0.0;316.5
13816402;1;1;0;4.0;4;2026-07-18;2026-07-18;0.0;827.25
13817425;2;2;0;178.5;250;2025-11-14;2026-04-06;0.0;1492.8
13820663;10;10;0;78.9;111;2026-04-02;2026-05-22;70.0;3780.3
13823428;1;1;0;239.0;239;2025-11-25;2025-11-25;100.0;491.7
13829196;7;7;0;89.9;119;2026-03-25;2026-07-21;0.0;2109.75
13829382;3;2;1;58.3;118;2026-03-26;2026-07-20;0.0;1583.85
13843238;1;0;1;1.0;1;2026-07-21;2026-07-21;0.0;236.79999999999995
13844615;5;5;0;116.4;191;2026-01-12;2026-05-18;60.0;3033.6
13845070;2;0;2;1.0;1;2026-07-21;2026-07-21;0.0;499.0
13845346;3;2;1;48.7;107;2026-04-06;2026-07-13;0.0;3938.88
13848693;1;1;0;134.0;134;2026-03-10;2026-03-10;0.0;268.8
13848936;1;1;0;6.0;6;2026-07-16;2026-07-16;0.0;268.8
13850743;1;1;0;726.0;726;2024-07-26;2024-07-26;0.0;328.8
13851802;1;1;0;28.0;28;2026-06-24;2026-06-24;0.0;747.3
13851913;1;0;1;2.0;2;2026-07-20;2026-07-20;0.0;215.54999999999998
13854717;3;3;0;110.7;198;2026-01-05;2026-06-25;0.0;926.4000000000001
13856727;1;1;0;1573.0;1573;2022-04-01;2022-04-01;0.0;298.5
13856740;1;1;0;5.0;5;2026-07-17;2026-07-17;0.0;537.3
13856852;1;1;0;26.0;26;2026-06-26;2026-06-26;0.0;268.8
13860970;4;4;0;112.2;342;2025-08-14;2026-06-24;0.0;2568.3
13861009;1;1;0;1027.0;1027;2023-09-29;2023-09-29;0.0;418.5
13862821;1;1;0;233.0;233;2025-12-01;2025-12-01;0.0;2275.5
13866524;1;1;0;107.0;107;2026-04-06;2026-04-06;0.0;748.8
13866980;4;4;0;294.0;415;2025-06-02;2026-03-10;0.0;1733.4
13867118;1;1;0;127.0;127;2026-03-17;2026-03-17;100.0;491.7
13867590;3;3;0;130.7;142;2026-03-02;2026-03-19;0.0;1794.9
13867955;2;2;0;860.0;1335;2022-11-25;2025-07-02;0.0;268.8
13868007;1;0;1;10.0;10;2026-07-12;2026-07-12;0.0;898.2
13869317;6;6;0;134.8;309;2025-09-16;2026-05-28;33.3;4632.6
13887371;4;0;4;2.0;2;2026-07-20;2026-07-20;0.0;2217.3999999999996
13890652;1;0;1;7.0;7;2026-07-15;2026-07-15;0.0;353.15
13891826;1;1;0;757.0;757;2024-06-25;2024-06-25;0.0;567.0
13897216;1;1;0;1504.0;1504;2022-06-09;2022-06-09;0.0;298.5
13901972;1;0;1;2.0;2;2026-07-20;2026-07-20;0.0;311.40000000000003
13903616;3;3;0;436.7;908;2024-01-26;2026-07-02;0.0;1641.6
1390815;4;4;0;63.8;78;2026-05-05;2026-06-22;0.0;2509.2
13922439;1;1;0;1526.0;1526;2022-05-18;2022-05-18;0.0;567.0
13923071;1;0;1;19.0;19;2026-07-03;2026-07-03;0.0;783.37
13923181;6;4;2;70.3;171;2026-02-01;2026-07-21;0.0;3808.1
13923244;1;0;1;2.0;2;2026-07-20;2026-07-20;0.0;201.55
13924215;1;0;1;2.0;2;2026-07-20;2026-07-20;0.0;189.5
13924850;1;1;0;56.0;56;2026-05-27;2026-05-27;0.0;567.0
13925052;1;0;1;13.0;13;2026-07-09;2026-07-09;0.0;1099.1
13925192;1;1;0;5.0;5;2026-07-17;2026-07-17;0.0;477.3
13925823;1;1;0;419.0;419;2025-05-29;2025-05-29;0.0;657.3
13926727;2;1;1;206.0;411;2025-06-06;2026-07-21;50.0;1073.98
13933574;2;1;1;77.5;153;2026-02-19;2026-07-20;0.0;658.6
13934824;2;2;0;56.0;66;2026-05-17;2026-06-06;50.0;642.3
13939334;1;1;0;550.0;550;2025-01-18;2025-01-18;0.0;537.3
13940085;1;1;0;119.0;119;2026-03-25;2026-03-25;0.0;597.3
13940127;1;1;0;55.0;55;2026-05-28;2026-05-28;0.0;388.8
13940451;2;2;0;55.5;75;2026-05-08;2026-06-16;0.0;1851.0
13940625;1;0;1;1.0;1;2026-07-21;2026-07-21;0.0;233.54999999999998
13941350;2;0;2;2.0;2;2026-07-20;2026-07-20;0.0;379.0
13944241;1;0;1;2.0;2;2026-07-20;2026-07-20;0.0;125.75
13945052;1;1;0;2.0;2;2026-07-20;2026-07-20;0.0;498.75
13946434;1;0;1;1.0;1;2026-07-21;2026-07-21;0.0;554.1500000000001
13953174;1;1;0;100.0;100;2026-04-13;2026-04-13;0.0;448.8
13968369;1;1;0;9.0;9;2026-07-13;2026-07-13;0.0;507.0
13980699;1;0;1;2.0;2;2026-07-20;2026-07-20;0.0;274.5
13981945;1;1;0;174.0;174;2026-01-29;2026-01-29;0.0;897.3
13982397;4;4;0;119.2;167;2026-02-05;2026-05-25;50.0;1553.1
13982605;1;1;0;117.0;117;2026-03-27;2026-03-27;0.0;268.8
13983257;1;1;0;673.0;673;2024-09-17;2024-09-17;0.0;507.0
1398336;1;0;1;2.0;2;2026-07-20;2026-07-20;0.0;331.4
13984579;2;2;0;67.0;91;2026-04-22;2026-06-09;50.0;702.3
13984711;1;1;0;9.0;9;2026-07-13;2026-07-13;0.0;1095.6
13984763;1;1;0;44.0;44;2026-06-08;2026-06-08;0.0;715.5
13984925;2;2;0;50.0;65;2026-05-18;2026-06-17;50.0;1377.6
13987973;1;1;0;85.0;85;2026-04-28;2026-04-28;0.0;1015.5
13990962;1;1;0;302.0;302;2025-09-23;2025-09-23;0.0;388.8
13991834;6;6;0;29.5;30;2026-06-22;2026-06-23;83.3;2556.3
13991975;1;1;0;9.0;9;2026-07-13;2026-07-13;0.0;1015.5
14003740;4;4;0;377.2;643;2024-10-17;2026-02-27;0.0;2738.4
14007071;3;3;0;137.7;231;2025-12-03;2026-07-03;66.7;2709.45
14008562;2;2;0;96.0;131;2026-03-13;2026-05-22;100.0;1520.4
14009310;3;3;0;163.7;224;2025-12-10;2026-03-16;0.0;1740.0
14010233;3;3;0;202.0;532;2025-02-05;2026-06-15;0.0;956.1
14013524;1;1;0;126.0;126;2026-03-18;2026-03-18;0.0;268.8
14015114;1;1;0;114.0;114;2026-03-30;2026-03-30;0.0;1047.3
14016580;1;1;0;33.0;33;2026-06-19;2026-06-19;0.0;775.5
14022070;1;0;1;1.0;1;2026-07-21;2026-07-21;0.0;151.6
14025354;3;3;0;99.3;163;2026-02-09;2026-06-08;0.0;2661.6
14026074;2;2;0;41.0;62;2026-05-21;2026-07-02;0.0;807.3
14028161;2;2;0;139.0;139;2026-03-05;2026-03-05;0.0;1134.0
14029199;3;3;0;49.0;67;2026-05-16;2026-07-03;0.0;2317.95
1402939;4;0;4;7.5;11;2026-07-11;2026-07-18;0.0;5282.55
14040212;1;1;0;147.0;147;2026-02-25;2026-02-25;0.0;268.8
14040752;2;0;2;8.5;9;2026-07-13;2026-07-14;0.0;854.47
14042297;3;3;0;235.0;272;2025-10-23;2026-02-06;0.0;2121.3
14047025;1;1;0;44.0;44;2026-06-08;2026-06-08;0.0;715.5
14048440;3;2;1;34.0;79;2026-05-04;2026-07-20;0.0;1311.5
14048457;1;0;1;4.0;4;2026-07-18;2026-07-18;0.0;1873.8999999999999
14049393;6;5;1;46.8;93;2026-04-20;2026-07-18;83.3;5922.9
14052807;1;1;0;616.0;616;2024-11-13;2024-11-13;0.0;955.5
14052831;1;1;0;277.0;277;2025-10-18;2025-10-18;0.0;715.5
14053594;2;2;0;59.5;64;2026-05-19;2026-05-28;0.0;777.6
14053883;1;0;1;3.0;3;2026-07-19;2026-07-19;0.0;389.25
14054286;2;2;0;103.0;183;2026-01-20;2026-06-29;0.0;657.6
14054742;2;2;0;643.0;644;2024-10-16;2024-10-18;0.0;1014.0
14065024;1;1;0;198.0;198;2026-01-05;2026-01-05;0.0;448.8
14066437;1;1;0;43.0;43;2026-06-09;2026-06-09;0.0;477.3
14066526;2;0;2;2.5;4;2026-07-18;2026-07-21;0.0;673.6500000000001
1407517;1;1;0;994.0;994;2023-11-01;2023-11-01;0.0;298.5
14081641;2;1;1;29.0;56;2026-05-27;2026-07-20;0.0;920.15
14082512;1;1;0;90.0;90;2026-04-23;2026-04-23;0.0;595.5
14083710;5;5;0;70.8;100;2026-04-13;2026-06-07;20.0;1688.7
14084176;1;1;0;3.0;3;2026-07-19;2026-07-19;0.0;657.3
14084684;3;3;0;409.0;1121;2023-06-27;2026-07-01;0.0;1463.3999999999999
14086124;2;2;0;290.5;415;2025-06-02;2026-02-06;0.0;2011.1999999999998
14091809;1;1;0;523.0;523;2025-02-14;2025-02-14;0.0;507.0
14097554;1;0;1;15.0;15;2026-07-07;2026-07-07;0.0;656.35
14102290;3;2;1;215.3;343;2025-08-13;2026-07-21;33.3;1037.85
14104182;1;1;0;64.0;64;2026-05-19;2026-05-19;0.0;268.8
14118400;1;0;1;2.0;2;2026-07-20;2026-07-20;0.0;189.5
14120163;4;1;3;10.8;37;2026-06-15;2026-07-20;0.0;2755.9
14120415;1;1;0;72.0;72;2026-05-11;2026-05-11;0.0;1375.5
14123209;1;0;1;2.0;2;2026-07-20;2026-07-20;0.0;273.65000000000003
14124728;1;1;0;59.0;59;2026-05-24;2026-05-24;0.0;925.5
1412662;1;1;0;14.0;14;2026-07-08;2026-07-08;0.0;328.8
141276;1;1;0;187.0;187;2026-01-16;2026-01-16;0.0;507.0
14132516;1;1;0;75.0;75;2026-05-08;2026-05-08;100.0;820.2
14132746;2;2;0;320.5;524;2025-02-13;2026-03-27;0.0;597.6
1413542;1;0;1;1.0;1;2026-07-21;2026-07-21;0.0;273.65000000000003
14138868;5;3;2;137.8;455;2025-04-23;2026-07-18;0.0;2758.0
14139024;1;0;1;2.0;2;2026-07-20;2026-07-20;0.0;634.2
14142746;1;0;1;5.0;5;2026-07-17;2026-07-17;0.0;454.05
14143042;1;0;1;16.0;16;2026-07-06;2026-07-06;0.0;1297.45
14143746;2;1;1;32.5;61;2026-05-22;2026-07-18;0.0;796.3499999999999
14144305;5;5;0;66.4;291;2025-10-04;2026-07-18;100.0;2167.5
14146187;1;0;1;2.0;2;2026-07-20;2026-07-20;0.0;335.55
14146390;1;0;1;1.0;1;2026-07-21;2026-07-21;0.0;1063.55
14156164;3;3;0;67.0;68;2026-05-15;2026-05-18;0.0;1044.9
14156814;1;1;0;16.0;16;2026-07-06;2026-07-06;0.0;835.5
14157528;1;1;0;142.0;142;2026-03-02;2026-03-02;0.0;747.3
14164114;1;1;0;36.0;36;2026-06-16;2026-06-16;0.0;507.0
14166338;1;0;1;1.0;1;2026-07-21;2026-07-21;0.0;199.60000000000002
14169924;7;7;0;153.4;319;2025-09-06;2026-06-01;0.0;4241.099999999999
14172309;1;1;0;100.0;100;2026-04-13;2026-04-13;0.0;597.3
14177825;1;1;0;2.0;2;2026-07-20;2026-07-20;0.0;887.25
14179394;1;0;1;24.0;24;2026-06-28;2026-06-28;0.0;1121.37
141872;2;1;1;54.5;97;2026-04-16;2026-07-10;0.0;3379.35
14198580;1;1;0;30.0;30;2026-06-22;2026-06-22;100.0;1062.25
14205860;1;1;0;174.0;174;2026-01-29;2026-01-29;100.0;760.2
14206204;1;1;0;20.0;20;2026-07-02;2026-07-02;0.0;567.0
14210869;1;0;1;3.0;3;2026-07-19;2026-07-19;0.0;763.3
14211976;1;1;0;175.0;175;2026-01-28;2026-01-28;0.0;857.4
14215701;1;0;1;3.0;3;2026-07-19;2026-07-19;0.0;384.29999999999995
14217841;16;16;0;61.6;239;2025-11-25;2026-07-20;100.0;10692.0
14217877;1;1;0;392.0;392;2025-06-25;2025-06-25;0.0;1315.5
14218155;1;1;0;1002.0;1002;2023-10-24;2023-10-24;0.0;774.0
14221460;1;0;1;1.0;1;2026-07-21;2026-07-21;0.0;199.6
14222244;3;3;0;477.7;700;2024-08-21;2026-06-19;0.0;1522.8
14226070;2;2;0;101.0;173;2026-01-30;2026-06-23;0.0;3172.8
142275;1;0;1;2.0;2;2026-07-20;2026-07-20;0.0;457.11
14245045;1;1;0;153.0;153;2026-02-19;2026-02-19;0.0;1015.5
14245471;2;2;0;131.5;163;2026-02-09;2026-04-13;0.0;777.6
14254066;1;0;1;1.0;1;2026-07-21;2026-07-21;0.0;1042.8
14256881;1;1;0;190.0;190;2026-01-13;2026-01-13;100.0;433.5
14258891;1;0;1;2.0;2;2026-07-20;2026-07-20;0.0;391.36
14259585;1;1;0;331.0;331;2025-08-25;2025-08-25;0.0;715.5
14263334;1;1;0;44.0;44;2026-06-08;2026-06-08;0.0;388.8
14266459;1;0;1;2.0;2;2026-07-20;2026-07-20;0.0;205.65000000000003
14266492;2;2;0;11.0;13;2026-07-09;2026-07-13;0.0;777.6
14267231;1;0;1;4.0;4;2026-07-18;2026-07-18;0.0;467.09999999999997
14267275;1;1;0;51.0;51;2026-06-01;2026-06-01;0.0;567.0
14280249;1;0;1;1.0;1;2026-07-21;2026-07-21;0.0;163.65
14281298;1;1;0;313.0;313;2025-09-12;2025-09-12;0.0;955.5
14283803;2;2;0;30.0;30;2026-06-22;2026-06-22;0.0;1134.0
14290083;1;1;0;716.0;716;2024-08-05;2024-08-05;0.0;388.5
14294409;1;0;1;7.0;7;2026-07-15;2026-07-15;0.0;341.1
14294530;1;0;1;2.0;2;2026-07-20;2026-07-20;0.0;113.7
1429633;2;2;0;265.0;461;2025-04-17;2026-05-14;0.0;895.8
14301468;2;2;0;267.0;267;2025-10-28;2025-10-28;0.0;1074.0
1430258;3;2;1;26.0;54;2026-05-29;2026-07-20;0.0;1034.15
14302641;3;3;0;42.0;42;2026-06-10;2026-06-10;100.0;940.5
14307836;1;1;0;69.0;69;2026-05-14;2026-05-14;0.0;567.0
14307851;1;0;1;2.0;2;2026-07-20;2026-07-20;0.0;75.8
14309852;1;0;1;2.0;2;2026-07-20;2026-07-20;0.0;395.36
14310340;1;1;0;373.0;373;2025-07-14;2025-07-14;0.0;447.0
14311619;2;2;0;87.0;123;2026-03-21;2026-06-01;100.0;2002.2
14324847;1;0;1;1.0;1;2026-07-21;2026-07-21;0.0;427.40000000000003
14326849;1;1;0;8.0;8;2026-07-14;2026-07-14;0.0;715.5
1433093;1;0;1;2.0;2;2026-07-20;2026-07-20;0.0;652.8000000000001
1433370;1;1;0;34.0;34;2026-06-18;2026-06-18;0.0;895.5
14333755;1;1;0;21.0;21;2026-07-01;2026-07-01;0.0;310.75
1436359;1;0;1;1.0;1;2026-07-21;2026-07-21;0.0;151.6
14373465;2;1;1;35.5;69;2026-05-14;2026-07-20;0.0;1129.2
14376747;1;1;0;23.0;23;2026-06-29;2026-06-29;0.0;448.8
14383762;1;0;1;1.0;1;2026-07-21;2026-07-21;0.0;1012.0500000000001
14384472;1;1;0;28.0;28;2026-06-24;2026-06-24;0.0;927.0
14396071;1;1;0;18.0;18;2026-07-04;2026-07-04;0.0;1085.55
1440880;1;1;0;411.0;411;2025-06-06;2025-06-06;0.0;447.0
1441430;1;1;0;99.0;99;2026-04-14;2026-04-14;0.0;268.8
14421199;2;2;0;7.5;9;2026-07-13;2026-07-16;0.0;837.6
14433252;1;1;0;999.0;999;2023-10-27;2023-10-27;0.0;298.5
14433751;2;0;2;1.0;1;2026-07-21;2026-07-21;0.0;138.75
14439;1;0;1;1.0;1;2026-07-21;2026-07-21;0.0;49.9
1444806;2;2;0;52.5;54;2026-05-29;2026-06-01;0.0;1017.5999999999999
14458195;3;3;0;214.7;225;2025-12-09;2026-01-09;0.0;806.4000000000001
14459011;1;1;0;18.0;18;2026-07-04;2026-07-04;0.0;318.75
14461188;1;1;0;131.0;131;2026-03-13;2026-03-13;0.0;388.8
1446816;1;0;1;1.0;1;2026-07-21;2026-07-21;0.0;175.70000000000002
14470113;1;0;1;1.0;1;2026-07-21;2026-07-21;0.0;283.5
14470291;1;1;0;16.0;16;2026-07-06;2026-07-06;0.0;567.0
14470421;1;1;0;426.0;426;2025-05-22;2025-05-22;0.0;388.8
14470925;1;0;1;4.0;4;2026-07-18;2026-07-18;0.0;609.2
14475938;1;1;0;1962.0;1962;2021-03-08;2021-03-08;0.0;418.5
14476810;2;2;0;59.5;105;2026-04-08;2026-07-08;0.0;1252.8
14477659;1;1;0;43.0;43;2026-06-09;2026-06-09;0.0;388.8
14485481;1;0;1;12.0;12;2026-07-10;2026-07-10;0.0;698.6
14488883;1;1;0;113.0;113;2026-03-31;2026-03-31;0.0;328.8
14489387;1;1;0;18.0;18;2026-07-04;2026-07-04;0.0;318.75
14508317;5;5;0;350.2;428;2025-05-20;2026-01-06;0.0;1704.0
14508338;1;1;0;21.0;21;2026-07-01;2026-07-01;0.0;1015.5
14515930;2;2;0;10.0;15;2026-07-07;2026-07-17;100.0;2192.1000000000004
1451855;1;1;0;16.0;16;2026-07-06;2026-07-06;0.0;717.3
14518696;2;2;0;99.0;100;2026-04-13;2026-04-15;0.0;1162.5
14518713;6;5;1;45.3;55;2026-05-28;2026-07-21;0.0;2169.3500000000004
14525580;1;1;0;120.0;120;2026-03-24;2026-03-24;0.0;388.8
14527915;2;1;1;52.5;104;2026-04-09;2026-07-21;0.0;747.2
1453036;2;2;0;40.5;44;2026-06-08;2026-06-15;0.0;835.8
14532968;1;1;0;54.0;54;2026-05-29;2026-05-29;0.0;955.5
14534870;2;2;0;33.0;51;2026-06-01;2026-07-07;0.0;1134.6
1453534;1;0;1;6.0;6;2026-07-16;2026-07-16;0.0;544.9499999999999
14535502;4;4;0;35.2;51;2026-06-01;2026-07-01;0.0;1615.2
14536218;1;0;1;2.0;2;2026-07-20;2026-07-20;0.0;223.70000000000002
14548819;1;0;1;9.0;9;2026-07-13;2026-07-13;0.0;1167.75
14551944;1;1;0;8.0;8;2026-07-14;2026-07-14;0.0;268.8
14558443;2;2;0;115.5;195;2026-01-08;2026-06-16;0.0;806.0999999999999
14558868;1;1;0;41.0;41;2026-06-11;2026-06-11;0.0;388.8
14560488;1;1;0;182.0;182;2026-01-21;2026-01-21;0.0;447.0
14564093;1;1;0;384.0;384;2025-07-03;2025-07-03;0.0;268.8
14566030;1;0;1;8.0;8;2026-07-14;2026-07-14;0.0;848.3500000000001
14566874;2;1;1;17.0;26;2026-06-26;2026-07-14;0.0;972.52
14569171;2;2;0;59.0;93;2026-04-20;2026-06-27;0.0;1492.8
14570583;1;0;1;2.0;2;2026-07-20;2026-07-20;0.0;944.7500000000001
14572172;1;1;0;153.0;153;2026-02-19;2026-02-19;0.0;537.3
14572622;1;1;0;474.0;474;2025-04-04;2025-04-04;0.0;328.8
14575255;1;1;0;156.0;156;2026-02-16;2026-02-16;0.0;587.1
14576971;9;9;0;271.1;394;2025-06-23;2026-01-24;0.0;5027.7
1457741;4;0;4;7.0;11;2026-07-11;2026-07-21;0.0;1420.6
14578698;8;8;0;52.9;85;2026-04-28;2026-07-03;0.0;6807.0
14579255;1;1;0;97.0;97;2026-04-16;2026-04-16;0.0;268.8
14593223;1;0;1;1.0;1;2026-07-21;2026-07-21;0.0;311.40000000000003
14594238;2;2;0;51.0;51;2026-06-01;2026-06-01;0.0;1534.8
14594315;1;1;0;198.0;198;2026-01-05;2026-01-05;0.0;507.0
14598259;1;1;0;54.0;54;2026-05-29;2026-05-29;0.0;268.8
14598482;1;0;1;1.0;1;2026-07-21;2026-07-21;0.0;335.55
14598793;2;0;2;1.5;2;2026-07-20;2026-07-21;0.0;758.0
14598961;1;1;0;1338.0;1338;2022-11-22;2022-11-22;0.0;447.0
1460148;1;1;0;2.0;2;2026-07-20;2026-07-20;0.0;388.8
1460234;1;1;0;288.0;288;2025-10-07;2025-10-07;0.0;627.0
14606749;2;1;1;121.5;240;2025-11-24;2026-07-19;0.0;1001.1
14610378;1;1;0;69.0;69;2026-05-14;2026-05-14;0.0;268.8
14610547;1;0;1;6.0;6;2026-07-16;2026-07-16;0.0;1089.8999999999999
14612655;1;1;0;901.0;901;2024-02-02;2024-02-02;0.0;388.5
14612890;1;1;0;44.0;44;2026-06-08;2026-06-08;0.0;955.5
14613696;1;1;0;418.0;418;2025-05-30;2025-05-30;0.0;777.3
14613728;1;1;0;221.0;221;2025-12-13;2025-12-13;0.0;268.8
14618301;2;0;2;5.0;9;2026-07-13;2026-07-21;0.0;795.9000000000001
14619157;2;2;0;168.0;168;2026-02-04;2026-02-04;0.0;1074.6
14632511;1;0;1;2.0;2;2026-07-20;2026-07-20;0.0;923.8299999999999
14632596;5;5;0;94.2;265;2025-10-30;2026-06-27;0.0;1882.2
14634363;1;0;1;8.0;8;2026-07-14;2026-07-14;0.0;1302.1
14634409;1;0;1;2.0;2;2026-07-20;2026-07-20;0.0;521.2
14634448;1;1;0;169.0;169;2026-02-03;2026-02-03;0.0;1015.5
14635936;2;0;2;2.5;3;2026-07-19;2026-07-20;0.0;579.6
14636490;1;1;0;480.0;480;2025-03-29;2025-03-29;0.0;567.0
14636532;1;0;1;2.0;2;2026-07-20;2026-07-20;0.0;199.6
14636672;1;1;0;44.0;44;2026-06-08;2026-06-08;0.0;268.8
14637211;2;2;0;115.0;162;2026-02-10;2026-05-15;100.0;687.0
14641881;1;0;1;16.0;16;2026-07-06;2026-07-06;0.0;808.2
14642235;1;0;1;2.0;2;2026-07-20;2026-07-20;0.0;374.52000000000004
14642474;2;1;1;32.5;61;2026-05-22;2026-07-18;0.0;1056.6
14645112;1;1;0;306.0;306;2025-09-19;2025-09-19;0.0;447.0
14647218;2;2;0;42.0;65;2026-05-18;2026-07-03;0.0;707.55
14648217;1;1;0;168.0;168;2026-02-04;2026-02-04;0.0;328.8
14651405;4;4;0;34.0;34;2026-06-18;2026-06-18;0.0;3589.2
14652186;2;1;1;5.0;9;2026-07-13;2026-07-21;0.0;824.5999999999999
14657341;1;0;1;2.0;2;2026-07-20;2026-07-20;0.0;163.65
14659135;4;4;0;141.0;243;2025-11-21;2026-04-06;0.0;1584.9
14670065;1;0;1;2.0;2;2026-07-20;2026-07-20;0.0;151.6
14670439;1;1;0;156.0;156;2026-02-16;2026-02-16;0.0;298.5
14671109;6;5;1;99.5;225;2025-12-09;2026-07-21;0.0;4689.1
14671839;1;0;1;2.0;2;2026-07-20;2026-07-20;0.0;199.64999999999998
14672924;1;1;0;49.0;49;2026-06-03;2026-06-03;0.0;655.5
14676070;1;0;1;2.0;2;2026-07-20;2026-07-20;0.0;335.55
14678845;2;1;1;240.0;477;2025-04-01;2026-07-19;0.0;886.5999999999999
14679924;1;1;0;125.0;125;2026-03-19;2026-03-19;0.0;388.8
14681290;1;1;0;303.0;303;2025-09-22;2025-09-22;0.0;927.0
14681917;2;2;0;62.0;75;2026-05-08;2026-06-03;50.0;780.6
14682057;1;1;0;1927.0;1927;2021-04-12;2021-04-12;0.0;298.5
14683606;1;0;1;1.0;1;2026-07-21;2026-07-21;0.0;335.55
14684210;2;1;1;35.5;69;2026-05-14;2026-07-20;50.0;1183.9
14686924;1;0;1;1.0;1;2026-07-21;2026-07-21;0.0;265.3
14688437;1;0;1;9.0;9;2026-07-13;2026-07-13;0.0;932.4499999999999
14689477;1;1;0;435.0;435;2025-05-13;2025-05-13;0.0;777.3
14691931;1;0;1;3.0;3;2026-07-19;2026-07-19;0.0;113.7
14705304;1;1;0;23.0;23;2026-06-29;2026-06-29;0.0;370.75
14710681;1;1;0;11.0;11;2026-07-11;2026-07-11;0.0;318.75
14710685;1;0;1;2.0;2;2026-07-20;2026-07-20;0.0;249.5
14710897;2;2;0;1287.5;1979;2021-02-19;2024-12-03;0.0;745.5
14711640;1;1;0;25.0;25;2026-06-27;2026-06-27;0.0;1117.45
14714401;1;0;1;1.0;1;2026-07-21;2026-07-21;0.0;239.51999999999998
14716108;1;1;0;259.0;259;2025-11-05;2025-11-05;0.0;837.3
14718380;1;0;1;1.0;1;2026-07-21;2026-07-21;0.0;273.65000000000003
14720095;1;1;0;31.0;31;2026-06-21;2026-06-21;0.0;895.5
14720404;1;1;0;224.0;224;2025-12-10;2025-12-10;0.0;657.3
14729183;1;0;1;2.0;2;2026-07-20;2026-07-20;0.0;213.70000000000002
14730001;1;0;1;3.0;3;2026-07-19;2026-07-19;0.0;1433.85
14731274;1;0;1;1.0;1;2026-07-21;2026-07-21;0.0;317.55
14733903;4;0;4;1.8;2;2026-07-20;2026-07-21;0.0;1086.5
14734194;1;1;0;266.0;266;2025-10-29;2025-10-29;0.0;737.4
14734576;1;1;0;16.0;16;2026-07-06;2026-07-06;0.0;447.0
14739843;1;1;0;36.0;36;2026-06-16;2026-06-16;0.0;388.8
14742812;4;4;0;17.0;25;2026-06-27;2026-07-21;0.0;2291.05
14743538;1;1;0;45.0;45;2026-06-07;2026-06-07;0.0;777.3
14744094;2;0;2;1.5;2;2026-07-20;2026-07-21;0.0;314.29999999999995
14746918;1;1;0;118.0;118;2026-03-26;2026-03-26;0.0;657.3
14755401;6;6;0;239.3;362;2025-07-25;2026-06-15;0.0;2449.2
14759006;1;0;1;1.0;1;2026-07-21;2026-07-21;0.0;199.6
14761146;1;1;0;37.0;37;2026-06-15;2026-06-15;0.0;715.5
14761473;1;1;0;69.0;69;2026-05-14;2026-05-14;0.0;1015.5
14764612;1;0;1;3.0;3;2026-07-19;2026-07-19;0.0;439.20000000000005
14765077;1;0;1;1.0;1;2026-07-21;2026-07-21;0.0;447.40000000000003
14765439;1;1;0;67.0;67;2026-05-16;2026-05-16;0.0;268.8
14766783;2;2;0;408.0;555;2025-01-13;2025-11-03;0.0;1252.8
14772653;1;0;1;2.0;2;2026-07-20;2026-07-20;0.0;535.2
14780951;1;0;1;17.0;17;2026-07-05;2026-07-05;0.0;1901.4500000000003
14781017;4;4;0;68.8;91;2026-04-22;2026-06-12;0.0;2199.0
14785713;1;1;0;96.0;96;2026-04-17;2026-04-17;0.0;1075.5
14787853;5;3;2;32.4;72;2026-05-11;2026-07-20;0.0;2378.2
14788035;1;1;0;65.0;65;2026-05-18;2026-05-18;0.0;388.8
14792022;2;0;2;1.5;2;2026-07-20;2026-07-21;0.0;347.12
14792544;1;1;0;191.0;191;2026-01-12;2026-01-12;100.0;313.5
14793575;1;0;1;1.0;1;2026-07-21;2026-07-21;0.0;205.65000000000003
14794337;3;3;0;122.0;198;2026-01-05;2026-05-19;0.0;1311.3
14794878;1;1;0;299.0;299;2025-09-26;2025-09-26;0.0;447.0
14794896;2;1;1;12.0;23;2026-06-29;2026-07-21;0.0;973.0999999999999
14801198;2;2;0;41.5;61;2026-05-22;2026-06-30;0.0;579.55
14802892;1;1;0;503.0;503;2025-03-06;2025-03-06;0.0;268.8
14802913;1;1;0;40.0;40;2026-06-12;2026-06-12;0.0;268.8
14804959;1;1;0;282.0;282;2025-10-13;2025-10-13;0.0;735.6
14805023;1;0;1;2.0;2;2026-07-20;2026-07-20;0.0;229.55
14805178;1;0;1;1.0;1;2026-07-21;2026-07-21;0.0;289.47
14815079;3;3;0;56.3;93;2026-04-20;2026-06-25;0.0;1373.1
14825391;1;1;0;172.0;172;2026-01-31;2026-01-31;0.0;388.8
14827966;1;1;0;52.0;52;2026-05-31;2026-05-31;0.0;447.0
14828142;1;1;0;387.0;387;2025-06-30;2025-06-30;0.0;777.3
14829742;1;1;0;27.0;27;2026-06-25;2026-06-25;0.0;268.8
14829774;1;0;1;1.0;1;2026-07-21;2026-07-21;0.0;184.64999999999998
14829816;1;1;0;16.0;16;2026-07-06;2026-07-06;0.0;268.8
14832771;1;1;0;12.0;12;2026-07-10;2026-07-10;0.0;268.8
14834015;1;1;0;177.0;177;2026-01-26;2026-01-26;0.0;715.5
14842367;10;10;0;154.5;508;2025-03-01;2026-07-17;0.0;3588.0
14843635;1;1;0;42.0;42;2026-06-10;2026-06-10;0.0;925.5
14845343;1;1;0;89.0;89;2026-04-24;2026-04-24;0.0;747.3
14858211;4;3;1;62.8;158;2026-02-14;2026-07-06;0.0;3963.9
14866115;1;1;0;1875.0;1875;2021-06-03;2021-06-03;100.0;546.9
1486723;1;0;1;7.0;7;2026-07-15;2026-07-15;0.0;1094.3200000000002
14869587;3;1;2;128.3;383;2025-07-04;2026-07-21;0.0;1069.17
14878797;3;1;2;22.7;51;2026-06-01;2026-07-21;0.0;3810.8999999999996
14882135;1;1;0;30.0;30;2026-06-22;2026-06-22;0.0;497.40000000000003
14887071;1;0;1;1.0;1;2026-07-21;2026-07-21;0.0;113.7
14888098;1;1;0;225.0;225;2025-12-09;2025-12-09;0.0;567.0
14893264;2;2;0;280.0;280;2025-10-15;2025-10-15;0.0;1384.8
14903278;1;0;1;0.0;0;2026-07-22;2026-07-22;0.0;0.0
14910253;1;0;1;7.0;7;2026-07-15;2026-07-15;0.0;542.6500000000001
14910357;1;1;0;429.0;429;2025-05-19;2025-05-19;0.0;447.0
14912383;1;1;0;100.0;100;2026-04-13;2026-04-13;0.0;268.8
14914862;1;1;0;9.0;9;2026-07-13;2026-07-13;0.0;448.8
14915823;3;3;0;71.3;104;2026-04-09;2026-06-11;0.0;2628.3
14922111;5;5;0;46.0;72;2026-05-11;2026-06-23;80.0;1642.8
14922829;1;0;1;9.0;9;2026-07-13;2026-07-13;0.0;718.5600000000001
14923345;1;0;1;1.0;1;2026-07-21;2026-07-21;0.0;499.0
1492545;1;0;1;5.0;5;2026-07-17;2026-07-17;0.0;449.1
14925769;2;2;0;89.5;121;2026-03-23;2026-05-25;50.0;1360.5
14928473;1;1;0;182.0;182;2026-01-21;2026-01-21;0.0;288.90000000000003
14928648;1;0;1;1.0;1;2026-07-21;2026-07-21;0.0;134.7
14931011;1;1;0;392.0;392;2025-06-25;2025-06-25;0.0;1015.5
14931062;1;1;0;590.0;590;2024-12-09;2024-12-09;0.0;715.5
14931336;1;0;1;5.0;5;2026-07-17;2026-07-17;0.0;559.25
14932482;1;1;0;1612.0;1612;2022-02-21;2022-02-21;0.0;418.5
14932613;2;0;2;7.0;13;2026-07-09;2026-07-21;0.0;3547.65
1494317;1;0;1;3.0;3;2026-07-19;2026-07-19;0.0;643.0500000000001
14946254;1;1;0;5.0;5;2026-07-17;2026-07-17;0.0;268.8
1494639;1;1;0;36.0;36;2026-06-16;2026-06-16;0.0;717.3
14947176;1;0;1;2.0;2;2026-07-20;2026-07-20;0.0;395.40000000000003
14950907;2;2;0;49.5;57;2026-05-26;2026-06-10;0.0;1794.6
14951153;1;1;0;159.0;159;2026-02-13;2026-02-13;0.0;268.8
14951384;2;2;0;139.5;278;2025-10-17;2026-07-21;0.0;537.6
14957624;1;1;0;19.0;19;2026-07-03;2026-07-03;0.0;657.3
14957881;2;2;0;165.5;219;2025-12-15;2026-04-01;0.0;1286.1
14958613;1;1;0;149.0;149;2026-02-23;2026-02-23;0.0;447.0
14958622;2;2;0;364.0;580;2024-12-19;2026-02-24;0.0;1492.8
14959370;1;1;0;119.0;119;2026-03-25;2026-03-25;0.0;268.8
14959762;1;1;0;184.0;184;2026-01-19;2026-01-19;0.0;298.5
14959873;1;0;1;2.0;2;2026-07-20;2026-07-20;0.0;291.68
14961742;1;0;1;1.0;1;2026-07-21;2026-07-21;0.0;1428.2400000000002
14962138;2;2;0;109.0;111;2026-04-02;2026-04-06;0.0;1431.0
14971930;1;1;0;133.0;133;2026-03-11;2026-03-11;0.0;537.3
14972919;1;0;1;1.0;1;2026-07-21;2026-07-21;0.0;39.89
14973634;1;1;0;760.0;760;2024-06-22;2024-06-22;0.0;268.5
14974633;8;8;0;301.5;302;2025-09-23;2025-09-24;0.0;3576.0
14976696;1;0;1;1.0;1;2026-07-21;2026-07-21;0.0;368.55
14977182;1;1;0;57.0;57;2026-05-26;2026-05-26;0.0;268.8
14977483;2;2;0;125.0;144;2026-02-28;2026-04-07;50.0;938.7
14977732;3;2;1;25.7;65;2026-05-18;2026-07-18;0.0;2879.2
14978225;1;1;0;61.0;61;2026-05-22;2026-05-22;0.0;597.3
14984961;1;0;1;2.0;2;2026-07-20;2026-07-20;0.0;283.7
14985283;1;1;0;636.0;636;2024-10-24;2024-10-24;0.0;358.5
14989691;3;2;1;25.7;51;2026-06-01;2026-07-15;0.0;2008.7999999999997
14991317;28;28;0;99.0;225;2025-12-09;2026-07-13;10.7;10372.8
14992359;2;2;0;13.0;14;2026-07-08;2026-07-10;0.0;1074.6
15000775;1;0;1;2.0;2;2026-07-20;2026-07-20;0.0;249.5
15005729;1;1;0;2.0;2;2026-07-20;2026-07-20;0.0;268.8
15007523;1;1;0;76.0;76;2026-05-07;2026-05-07;0.0;447.0
15009470;1;1;0;85.0;85;2026-04-28;2026-04-28;0.0;837.3
15011387;2;2;0;278.5;359;2025-07-28;2026-01-05;100.0;627.0
15012833;1;0;1;5.0;5;2026-07-17;2026-07-17;0.0;828.45
15015615;2;2;0;117.5;142;2026-03-02;2026-04-20;0.0;1492.8
15015624;1;1;0;835.0;835;2024-04-08;2024-04-08;0.0;567.0
15015712;1;1;0;1870.0;1870;2021-06-08;2021-06-08;0.0;418.5
15027292;1;0;1;2.0;2;2026-07-20;2026-07-20;0.0;1602.75
15027535;3;0;3;1.7;3;2026-07-19;2026-07-21;0.0;1171.3500000000001
15029575;1;1;0;72.0;72;2026-05-11;2026-05-11;0.0;927.0
15029635;1;1;0;21.0;21;2026-07-01;2026-07-01;0.0;925.5
15030009;1;1;0;120.0;120;2026-03-24;2026-03-24;0.0;388.8
15030436;1;1;0;70.0;70;2026-05-13;2026-05-13;0.0;715.5
15030452;1;1;0;548.0;548;2025-01-20;2025-01-20;0.0;447.0
15031504;1;1;0;27.0;27;2026-06-25;2026-06-25;0.0;777.3
15033683;1;1;0;677.0;677;2024-09-13;2024-09-13;0.0;447.0
15034349;2;2;0;153.5;296;2025-09-29;2026-07-11;0.0;2091.0
15034779;2;2;0;3.0;4;2026-07-18;2026-07-20;0.0;1134.0
15035895;1;1;0;341.0;341;2025-08-15;2025-08-15;0.0;268.8
15037061;1;1;0;1871.0;1871;2021-06-07;2021-06-07;0.0;268.5
15038899;2;2;0;747.0;859;2024-03-15;2024-10-25;0.0;894.0
15038989;1;1;0;9.0;9;2026-07-13;2026-07-13;0.0;587.25
15041298;2;2;0;24.0;30;2026-06-22;2026-07-04;100.0;627.0
15041518;4;3;1;62.0;127;2026-03-17;2026-07-14;0.0;1584.9
15043605;1;0;1;1.0;1;2026-07-21;2026-07-21;0.0;1104.3000000000002
15052298;4;4;0;110.0;194;2026-01-09;2026-07-20;100.0;1432.2
15053007;1;1;0;100.0;100;2026-04-13;2026-04-13;0.0;927.0
15053755;4;4;0;393.2;419;2025-05-29;2025-08-30;0.0;1851.9
15054011;1;1;0;97.0;97;2026-04-16;2026-04-16;0.0;328.8
15057385;1;0;1;7.0;7;2026-07-15;2026-07-15;0.0;628.6
1506044;5;0;5;3.4;7;2026-07-15;2026-07-20;0.0;1862.0
15067744;1;1;0;247.0;247;2025-11-17;2025-11-17;0.0;448.8
15067920;1;0;1;1.0;1;2026-07-21;2026-07-21;0.0;37.9
15068295;1;1;0;107.0;107;2026-04-06;2026-04-06;0.0;447.0
15070271;1;0;1;1.0;1;2026-07-21;2026-07-21;0.0;134.7
15076515;1;0;1;5.0;5;2026-07-17;2026-07-17;0.0;2229.7499999999995
15077806;1;1;0;35.0;35;2026-06-17;2026-06-17;0.0;777.3
15078026;1;1;0;214.0;214;2025-12-20;2025-12-20;0.0;447.0
15079999;1;0;1;2.0;2;2026-07-20;2026-07-20;0.0;319.36
15081870;1;0;1;27.0;27;2026-06-25;2026-06-25;0.0;1023.3
15082350;1;0;1;2.0;2;2026-07-20;2026-07-20;0.0;316.5
15087546;1;1;0;106.0;106;2026-04-07;2026-04-07;0.0;537.3
15088366;1;0;1;1.0;1;2026-07-21;2026-07-21;0.0;79.78
15089035;1;0;1;14.0;14;2026-07-08;2026-07-08;0.0;1167.75
15089039;3;3;0;132.3;264;2025-10-31;2026-07-18;0.0;1671.3
15089102;2;1;1;34.5;63;2026-05-20;2026-07-16;0.0;1134.9
15092235;1;1;0;43.0;43;2026-06-09;2026-06-09;0.0;955.5
15092680;2;2;0;106.0;191;2026-01-12;2026-07-01;100.0;1164.0
15095828;2;2;0;567.0;1115;2023-07-03;2026-07-03;0.0;864.5999999999999
15095994;2;2;0;300.5;454;2025-04-24;2026-02-25;0.0;1332.9
15096911;1;1;0;559.0;559;2025-01-09;2025-01-09;0.0;537.3
15098443;1;1;0;280.0;280;2025-10-15;2025-10-15;0.0;567.0
15108024;1;1;0;101.0;101;2026-04-12;2026-04-12;0.0;1497.3
15108077;2;1;1;101.0;201;2026-01-02;2026-07-21;0.0;931.2
15108503;1;1;0;75.0;75;2026-05-08;2026-05-08;0.0;627.0
15108663;1;0;1;2.0;2;2026-07-20;2026-07-20;0.0;960.6700000000001
15109975;2;2;0;26.0;47;2026-06-05;2026-07-17;0.0;1675.8
15112055;1;0;1;2.0;2;2026-07-20;2026-07-20;0.0;423.6499999999999
15113087;1;0;1;6.0;6;2026-07-16;2026-07-16;0.0;265.3
15113429;1;1;0;303.0;303;2025-09-22;2025-09-22;0.0;537.3
15113807;7;7;0;202.6;443;2025-05-05;2026-04-04;0.0;2299.8
15114302;1;1;0;125.0;125;2026-03-19;2026-03-19;0.0;388.8
15115038;2;2;0;10.0;12;2026-07-10;2026-07-14;0.0;1254.0
15119093;2;2;0;248.0;263;2025-11-01;2025-12-01;0.0;1551.0
15119130;1;1;0;126.0;126;2026-03-18;2026-03-18;0.0;268.8
15121287;4;4;0;107.5;133;2026-03-11;2026-05-01;0.0;1255.2
1512573;2;0;2;12.0;22;2026-06-30;2026-07-20;0.0;971.5
15129249;1;1;0;5.0;5;2026-07-17;2026-07-17;100.0;582.0
1514226;1;1;0;271.0;271;2025-10-24;2025-10-24;0.0;567.0
15144536;1;1;0;19.0;19;2026-07-03;2026-07-03;0.0;447.0
15148721;1;0;1;1.0;1;2026-07-21;2026-07-21;0.0;75.8
1514886;2;0;2;1.0;1;2026-07-21;2026-07-21;0.0;659.1500000000001
15149197;1;0;1;23.0;23;2026-06-29;2026-06-29;0.0;1397.2
15151291;1;0;1;8.0;8;2026-07-14;2026-07-14;0.0;598.35
15151574;2;2;0;168.0;310;2025-09-15;2026-06-26;50.0;940.5
15158431;1;0;1;2.0;2;2026-07-20;2026-07-20;0.0;129.73
15158808;2;0;2;1.0;1;2026-07-21;2026-07-21;0.0;6934.65
15165560;1;1;0;191.0;191;2026-01-12;2026-01-12;0.0;537.3
15166356;5;5;0;245.0;607;2024-11-22;2026-06-08;0.0;4008.0
15168562;1;1;0;41.0;41;2026-06-11;2026-06-11;0.0;268.8
15168689;1;1;0;1825.0;1825;2021-07-23;2021-07-23;0.0;447.0
15168717;3;3;0;89.0;198;2026-01-05;2026-07-15;0.0;1790.1
15170692;1;1;0;8.0;8;2026-07-14;2026-07-14;0.0;715.5
15170918;2;2;0;39.5;40;2026-06-12;2026-06-13;0.0;895.8
15172532;1;1;0;176.0;176;2026-01-27;2026-01-27;0.0;268.8
151741;1;0;1;2.0;2;2026-07-20;2026-07-20;0.0;245.70000000000002
1517490;6;6;0;555.5;967;2023-11-28;2026-02-06;100.0;2135.7
15176431;1;1;0;86.0;86;2026-04-27;2026-04-27;0.0;298.5
15180837;1;0;1;5.0;5;2026-07-17;2026-07-17;0.0;986.55
15181281;2;2;0;124.5;219;2025-12-15;2026-06-22;0.0;1814.6999999999998
15183460;1;1;0;173.0;173;2026-01-30;2026-01-30;0.0;657.3
15183951;1;0;1;2.0;2;2026-07-20;2026-07-20;0.0;670.9499999999999
15184060;1;0;1;2.0;2;2026-07-20;2026-07-20;0.0;151.6
15184751;1;1;0;86.0;86;2026-04-27;2026-04-27;0.0;268.8
15185843;1;1;0;22.0;22;2026-06-30;2026-06-30;0.0;767.4
15186098;2;2;0;132.5;138;2026-03-06;2026-03-17;50.0;1030.8
15186679;4;4;0;298.8;555;2025-01-13;2026-05-11;0.0;1435.2
1518730;1;1;0;132.0;132;2026-03-12;2026-03-12;0.0;777.0
1519395;1;0;1;1.0;1;2026-07-21;2026-07-21;0.0;89.8
15196356;1;1;0;65.0;65;2026-05-18;2026-05-18;0.0;268.8
15196609;2;2;0;183.5;223;2025-12-11;2026-02-28;0.0;597.6
15197580;1;1;0;509.0;509;2025-02-28;2025-02-28;0.0;328.8
15200684;1;1;0;1822.0;1822;2021-07-26;2021-07-26;100.0;518.4
15202741;1;0;1;7.0;7;2026-07-15;2026-07-15;0.0;768.5100000000001
15203298;7;7;0;93.9;170;2026-02-02;2026-07-07;0.0;6215.4
15205629;1;0;1;3.0;3;2026-07-19;2026-07-19;0.0;335.55
15208380;1;1;0;246.0;246;2025-11-18;2025-11-18;0.0;447.0
15210668;1;0;1;1.0;1;2026-07-21;2026-07-21;0.0;428.55000000000007
15216256;1;1;0;16.0;16;2026-07-06;2026-07-06;0.0;388.8
1521737;2;1;1;72.0;142;2026-03-02;2026-07-20;0.0;651.0
1522568;1;0;1;2.0;2;2026-07-20;2026-07-20;0.0;179.6
15228339;1;1;0;1819.0;1819;2021-07-29;2021-07-29;0.0;298.5
15229208;1;1;0;79.0;79;2026-05-04;2026-05-04;0.0;837.3
15229468;1;0;1;2.0;2;2026-07-20;2026-07-20;0.0;151.6
15231725;3;2;1;25.0;40;2026-06-12;2026-07-20;0.0;2213.85
15232813;1;1;0;32.0;32;2026-06-20;2026-06-20;0.0;807.0
15236357;1;1;0;33.0;33;2026-06-19;2026-06-19;0.0;715.5
15238909;3;3;0;135.7;246;2025-11-18;2026-06-25;0.0;1431.3
15239297;2;0;2;2.0;2;2026-07-20;2026-07-20;0.0;1089.47
15245581;1;1;0;23.0;23;2026-06-29;2026-06-29;0.0;1525.5
15246570;3;2;1;10.7;15;2026-07-07;2026-07-20;0.0;2331.75
15246909;1;1;0;85.0;85;2026-04-28;2026-04-28;0.0;298.5
1525115;1;1;0;41.0;41;2026-06-11;2026-06-11;0.0;268.8
15257652;2;1;1;9.5;14;2026-07-08;2026-07-17;0.0;1561.3500000000001
15258135;1;1;0;13.0;13;2026-07-09;2026-07-09;0.0;388.8
15262118;1;0;1;2.0;2;2026-07-20;2026-07-20;0.0;231.45
15263380;3;2;1;23.7;44;2026-06-08;2026-07-21;33.3;1032.5
15264189;1;0;1;1.0;1;2026-07-21;2026-07-21;0.0;149.7
15269189;1;1;0;26.0;26;2026-06-26;2026-06-26;0.0;715.5
15270921;7;7;0;268.7;525;2025-02-12;2026-06-01;0.0;4205.4
15271179;2;2;0;55.5;83;2026-04-30;2026-06-24;0.0;1194.6
15273292;4;4;0;188.2;191;2026-01-12;2026-01-23;0.0;1908.0
15276122;4;4;0;133.0;197;2026-01-06;2026-07-18;100.0;1820.1
15277678;1;1;0;163.0;163;2026-02-09;2026-02-09;0.0;537.3
15278429;2;2;0;369.5;370;2025-07-17;2025-07-18;0.0;1314.6
15285664;1;0;1;4.0;4;2026-07-18;2026-07-18;0.0;265.3
15289079;2;2;0;53.0;56;2026-05-27;2026-06-02;0.0;1431.0
15291616;3;3;0;580.7;707;2024-08-14;2025-03-12;0.0;1224.3
15291937;1;0;1;2.0;2;2026-07-20;2026-07-20;0.0;311.40000000000003
15292608;1;1;0;299.0;299;2025-09-26;2025-09-26;0.0;447.0
15292673;2;0;2;2.5;4;2026-07-18;2026-07-21;0.0;1016.7
15294165;5;5;0;299.8;591;2024-12-08;2026-03-07;0.0;3163.5
15295017;1;1;0;69.0;69;2026-05-14;2026-05-14;0.0;388.8
15295609;1;1;0;1044.0;1044;2023-09-12;2023-09-12;0.0;567.0
15296791;1;1;0;19.0;19;2026-07-03;2026-07-03;0.0;388.8
15299630;1;1;0;162.0;162;2026-02-10;2026-02-10;0.0;328.8
1530616;1;1;0;2.0;2;2026-07-20;2026-07-20;0.0;925.5
15313788;1;1;0;12.0;12;2026-07-10;2026-07-10;0.0;767.25
15316334;2;1;1;36.5;50;2026-06-02;2026-06-29;0.0;8139.389999999999
15319876;1;1;0;4.0;4;2026-07-18;2026-07-18;0.0;268.8
15320140;1;1;0;1155.0;1155;2023-05-24;2023-05-24;0.0;99.0
15320399;1;1;0;356.0;356;2025-07-31;2025-07-31;0.0;567.0
15321425;2;1;1;25.0;41;2026-06-11;2026-07-13;0.0;2659.35
15327529;1;0;1;20.0;20;2026-07-02;2026-07-02;0.0;2018.95
15328376;2;0;2;1.0;1;2026-07-21;2026-07-21;0.0;391.36
15328507;1;1;0;99.0;99;2026-04-14;2026-04-14;0.0;537.3
15328637;1;1;0;138.0;138;2026-03-06;2026-03-06;0.0;715.5
1533242;2;0;2;1.0;1;2026-07-21;2026-07-21;0.0;359.50000000000006
15335841;1;0;1;4.0;4;2026-07-18;2026-07-18;0.0;349.3
1533983;1;1;0;12.0;12;2026-07-10;2026-07-10;0.0;1085.55
15345233;6;6;0;257.8;294;2025-10-01;2026-01-05;16.7;2778.9
15346863;1;0;1;2.0;2;2026-07-20;2026-07-20;0.0;494.25
15364465;1;1;0;113.0;113;2026-03-31;2026-03-31;0.0;268.8
15376695;2;0;2;8.0;8;2026-07-14;2026-07-14;0.0;898.2
15377050;2;2;0;211.0;414;2025-06-03;2026-07-14;0.0;955.8
15378266;1;1;0;36.0;36;2026-06-16;2026-06-16;0.0;268.8
15382952;5;4;1;124.8;240;2025-11-24;2026-07-10;0.0;4520.3
1538790;10;10;0;141.8;317;2025-09-08;2026-07-11;40.0;3106.8
1538807;1;1;0;573.0;573;2024-12-26;2024-12-26;0.0;715.5
15391866;1;0;1;1.0;1;2026-07-21;2026-07-21;0.0;191.70000000000002
15392134;1;0;1;1.0;1;2026-07-21;2026-07-21;0.0;75.8
15395459;1;1;0;81.0;81;2026-05-02;2026-05-02;0.0;835.5
15406414;1;1;0;121.0;121;2026-03-23;2026-03-23;0.0;715.5
15407098;4;4;0;197.5;485;2025-03-24;2026-06-16;50.0;1967.7
15410728;1;0;1;6.0;6;2026-07-16;2026-07-16;0.0;299.4
15414366;1;0;1;2.0;2;2026-07-20;2026-07-20;0.0;444.25
15417192;1;0;1;5.0;5;2026-07-17;2026-07-17;0.0;549.0
15419306;1;0;1;5.0;5;2026-07-17;2026-07-17;0.0;1118.5
15423838;1;0;1;2.0;2;2026-07-20;2026-07-20;0.0;287.55
15424148;1;1;0;91.0;91;2026-04-22;2026-04-22;0.0;537.3
15424853;1;1;0;23.0;23;2026-06-29;2026-06-29;0.0;997.45
1542486;3;1;2;80.7;240;2025-11-24;2026-07-21;0.0;916.3
15424915;1;1;0;489.0;489;2025-03-20;2025-03-20;0.0;328.8
15425852;3;3;0;707.0;1167;2023-05-12;2025-11-04;0.0;1244.1
154346;4;3;1;69.0;91;2026-04-22;2026-07-17;0.0;1240.7
1543872;1;1;0;1475.0;1475;2022-07-08;2022-07-08;0.0;745.5
1544058;1;0;1;2.0;2;2026-07-20;2026-07-20;0.0;205.65000000000003
15441720;2;2;0;35.5;65;2026-05-18;2026-07-16;0.0;856.05
15444626;1;0;1;1.0;1;2026-07-21;2026-07-21;0.0;386.4
15445176;3;3;0;56.0;135;2026-03-09;2026-07-06;0.0;1343.3999999999999
15445655;1;1;0;189.0;189;2026-01-14;2026-01-14;0.0;268.8
15445880;1;1;0;1.0;1;2026-07-21;2026-07-21;0.0;328.8
15449352;1;1;0;282.0;282;2025-10-13;2025-10-13;0.0;388.8
15450636;1;1;0;97.0;97;2026-04-16;2026-04-16;0.0;328.8
15454601;4;3;1;11.0;22;2026-06-30;2026-07-15;75.0;3352.3500000000004
15457571;3;1;2;36.7;105;2026-04-08;2026-07-20;0.0;1763.9
154694;2;1;1;13.5;24;2026-06-28;2026-07-19;0.0;761.3
1547356;1;1;0;233.0;233;2025-12-01;2025-12-01;0.0;537.3
15477389;1;1;0;515.0;515;2025-02-22;2025-02-22;0.0;388.8
15481497;2;2;0;101.5;133;2026-03-11;2026-05-13;0.0;886.2
15481836;1;1;0;152.0;152;2026-02-20;2026-02-20;0.0;388.8
15482868;1;0;1;15.0;15;2026-07-07;2026-07-07;0.0;1332.75
15484884;1;1;0;63.0;63;2026-05-20;2026-05-20;0.0;775.5
15487544;3;2;1;72.3;112;2026-04-01;2026-07-21;0.0;2125.15
15504380;1;0;1;4.0;4;2026-07-18;2026-07-18;0.0;265.3
15506459;1;1;0;333.0;333;2025-08-23;2025-08-23;0.0;777.3
1550667;1;0;1;9.0;9;2026-07-13;2026-07-13;0.0;2941.01
15509456;1;1;0;596.0;596;2024-12-03;2024-12-03;0.0;418.5
15510582;1;1;0;50.0;50;2026-06-02;2026-06-02;0.0;268.8
15515005;1;0;1;7.0;7;2026-07-15;2026-07-15;0.0;335.23
15515010;2;0;2;18.0;20;2026-07-02;2026-07-06;0.0;3369.6000000000004
15516401;1;1;0;81.0;81;2026-05-02;2026-05-02;0.0;507.0
15519649;1;1;0;27.0;27;2026-06-25;2026-06-25;0.0;557.4
15530903;3;3;0;131.3;183;2026-01-20;2026-06-23;0.0;2281.8
15531339;1;0;1;2.0;2;2026-07-20;2026-07-20;0.0;199.6
15532181;1;1;0;238.0;238;2025-11-26;2025-11-26;0.0;328.8
15532331;1;1;0;15.0;15;2026-07-07;2026-07-07;0.0;328.8
15532691;1;1;0;105.0;105;2026-04-08;2026-04-08;0.0;268.8
15537037;2;2;0;102.0;147;2026-02-25;2026-05-26;0.0;1464.3
15537206;1;0;1;1.0;1;2026-07-21;2026-07-21;0.0;405.35
15537750;1;1;0;71.0;71;2026-05-12;2026-05-12;0.0;328.8
15537972;2;2;0;60.5;119;2026-03-25;2026-07-20;0.0;587.55
15541860;1;0;1;15.0;15;2026-07-07;2026-07-07;0.0;1583.5500000000002
15543415;1;1;0;188.0;188;2026-01-15;2026-01-15;0.0;328.8
15546804;1;0;1;1.0;1;2026-07-21;2026-07-21;0.0;88.85000000000001
15548500;1;1;0;23.0;23;2026-06-29;2026-06-29;0.0;310.75
15548838;1;0;1;2.0;2;2026-07-20;2026-07-20;0.0;311.40000000000003
15551698;2;2;0;226.5;278;2025-10-17;2026-01-28;0.0;1076.1
155535;1;1;0;89.0;89;2026-04-24;2026-04-24;0.0;567.0
15562701;1;1;0;7.0;7;2026-07-15;2026-07-15;0.0;447.0
15569811;1;0;1;2.0;2;2026-07-20;2026-07-20;0.0;283.5
15571172;2;0;2;5.5;9;2026-07-13;2026-07-20;0.0;909.6
15579873;2;2;0;193.0;195;2026-01-08;2026-01-12;0.0;1014.0
15580210;1;1;0;54.0;54;2026-05-29;2026-05-29;0.0;537.3
15580277;2;2;0;105.0;145;2026-02-27;2026-05-18;0.0;537.6
15589186;1;1;0;23.0;23;2026-06-29;2026-06-29;0.0;817.45
15589529;1;0;1;1.0;1;2026-07-21;2026-07-21;0.0;205.65000000000003
15589802;1;1;0;415.0;415;2025-06-02;2025-06-02;0.0;288.90000000000003
15590045;2;0;2;2.0;2;2026-07-20;2026-07-20;0.0;2097.2
15591439;1;0;1;9.0;9;2026-07-13;2026-07-13;0.0;1859.8999999999999
15591681;2;2;0;127.0;189;2026-01-14;2026-05-18;0.0;715.8
15594074;1;0;1;1.0;1;2026-07-21;2026-07-21;0.0;399.25
15600677;3;0;3;1.7;2;2026-07-20;2026-07-21;0.0;664.8
15605387;1;0;1;1.0;1;2026-07-21;2026-07-21;0.0;49.9
15606386;6;5;1;82.2;197;2026-01-06;2026-07-02;0.0;7721.19
156176;2;0;2;23.0;23;2026-06-29;2026-06-29;0.0;4063.48
15622869;4;4;0;84.2;167;2026-02-05;2026-07-16;0.0;1375.2
15629764;1;1;0;194.0;194;2026-01-09;2026-01-09;0.0;268.8
15639393;1;1;0;11.0;11;2026-07-11;2026-07-11;0.0;1045.5
15639497;1;1;0;70.0;70;2026-05-13;2026-05-13;0.0;328.8
15639758;2;2;0;38.0;57;2026-05-26;2026-07-03;0.0;1497.6
15639997;2;2;0;220.5;412;2025-06-05;2026-06-23;0.0;1602.6
15652612;1;1;0;1728.0;1728;2021-10-28;2021-10-28;0.0;447.0
1565316;2;0;2;2.0;3;2026-07-19;2026-07-21;0.0;630.75
1565361;1;0;1;2.0;2;2026-07-20;2026-07-20;0.0;151.6
1565447;1;0;1;12.0;12;2026-07-10;2026-07-10;0.0;934.1999999999999
15657711;1;0;1;1.0;1;2026-07-21;2026-07-21;0.0;191.70000000000002
15661804;3;3;0;84.7;122;2026-03-22;2026-06-05;0.0;1253.1
15664120;2;2;0;198.0;243;2025-11-21;2026-02-19;0.0;715.8
15665425;1;0;1;5.0;5;2026-07-17;2026-07-17;0.0;359.1
15666704;4;1;3;3.2;9;2026-07-13;2026-07-21;0.0;1251.9
15667087;10;10;0;157.8;359;2025-07-28;2026-06-18;100.0;3883.5
15669844;1;0;1;2.0;2;2026-07-20;2026-07-20;0.0;782.9499999999999
15670590;1;1;0;1156.0;1156;2023-05-23;2023-05-23;0.0;268.8
15670762;1;1;0;107.0;107;2026-04-06;2026-04-06;0.0;715.5
15670914;2;2;0;545.0;1070;2023-08-17;2026-07-02;0.0;1334.25
1567120;1;0;1;2.0;2;2026-07-20;2026-07-20;0.0;554.0
15672066;1;0;1;2.0;2;2026-07-20;2026-07-20;0.0;521.1500000000001
15689316;3;2;1;23.3;30;2026-06-22;2026-07-05;0.0;1765.7
15692743;1;1;0;63.0;63;2026-05-20;2026-05-20;0.0;388.8
15694659;1;1;0;261.0;261;2025-11-03;2025-11-03;0.0;895.5
15694784;1;0;1;13.0;13;2026-07-09;2026-07-09;0.0;2137.0
15696863;1;1;0;38.0;38;2026-06-14;2026-06-14;0.0;388.8
15697630;1;1;0;166.0;166;2026-02-06;2026-02-06;0.0;388.8
1569786;1;0;1;2.0;2;2026-07-20;2026-07-20;0.0;221.9
1570279;1;1;0;315.0;315;2025-09-10;2025-09-10;0.0;627.0
15702845;1;1;0;355.0;355;2025-08-01;2025-08-01;0.0;715.5
1570580;1;1;0;411.0;411;2025-06-06;2025-06-06;0.0;388.8
1570847;1;1;0;57.0;57;2026-05-26;2026-05-26;0.0;447.0
15714365;1;1;0;154.0;154;2026-02-18;2026-02-18;0.0;268.8
1571518;1;1;0;22.0;22;2026-06-30;2026-06-30;0.0;507.0
15715372;1;0;1;1.0;1;2026-07-21;2026-07-21;0.0;161.8
15722872;1;0;1;2.0;2;2026-07-20;2026-07-20;0.0;209.63000000000002
15728724;1;1;0;74.0;74;2026-05-09;2026-05-09;0.0;537.3
15733787;2;2;0;80.0;153;2026-02-19;2026-07-15;0.0;1184.4
15735744;2;2;0;619.0;705;2024-08-16;2025-02-04;0.0;537.6
15735844;5;0;5;1.0;1;2026-07-21;2026-07-21;0.0;1842.7000000000003
15746262;1;0;1;7.0;7;2026-07-15;2026-07-15;0.0;265.3
15746996;1;1;0;117.0;117;2026-03-27;2026-03-27;0.0;715.5
15748102;1;0;1;1.0;1;2026-07-21;2026-07-21;0.0;273.65000000000003
15748390;1;1;0;2.0;2;2026-07-20;2026-07-20;0.0;587.25
15749391;1;0;1;8.0;8;2026-07-14;2026-07-14;0.0;1406.3500000000001
1575136;1;1;0;152.0;152;2026-02-20;2026-02-20;0.0;677.4
15753268;3;3;0;437.0;945;2023-12-20;2026-03-16;0.0;1134.6
15755613;1;0;1;2.0;2;2026-07-20;2026-07-20;0.0;2356.0
15758810;1;1;0;1709.0;1709;2021-11-16;2021-11-16;0.0;0.0
15760793;1;0;1;1.0;1;2026-07-21;2026-07-21;0.0;113.7
15761048;1;0;1;1.0;1;2026-07-21;2026-07-21;0.0;75.8
15763336;2;2;0;229.5;335;2025-08-21;2026-03-20;0.0;807.3
15766042;1;1;0;8.0;8;2026-07-14;2026-07-14;0.0;825.45
15766278;1;1;0;198.0;198;2026-01-05;2026-01-05;0.0;447.0
15768486;1;1;0;30.0;30;2026-06-22;2026-06-22;0.0;328.8
15768543;1;1;0;40.0;40;2026-06-12;2026-06-12;0.0;777.3
15784740;1;1;0;763.0;763;2024-06-19;2024-06-19;0.0;268.8
15785473;1;1;0;224.0;224;2025-12-10;2025-12-10;0.0;567.0
15796344;1;0;1;9.0;9;2026-07-13;2026-07-13;0.0;713.3499999999999
15799763;2;0;2;2.5;4;2026-07-18;2026-07-21;0.0;683.7199999999999
15799774;1;1;0;65.0;65;2026-05-18;2026-05-18;0.0;447.0
15811743;1;1;0;21.0;21;2026-07-01;2026-07-01;0.0;579.25
158142;1;1;0;37.0;37;2026-06-15;2026-06-15;0.0;388.8
15819921;1;1;0;111.0;111;2026-04-02;2026-04-02;0.0;268.8
1582754;1;1;0;537.0;537;2025-01-31;2025-01-31;0.0;507.0
15830329;2;2;0;38.5;62;2026-05-21;2026-07-07;0.0;1164.3
15830886;2;2;0;78.5;155;2026-02-17;2026-07-20;0.0;984.3
15833289;1;1;0;51.0;51;2026-06-01;2026-06-01;0.0;268.8
15836619;1;1;0;273.0;273;2025-10-22;2025-10-22;0.0;358.5
1583904;3;2;1;145.0;422;2025-05-26;2026-07-18;0.0;2022.92
15849407;1;1;0;1318.0;1318;2022-12-12;2022-12-12;0.0;687.0
15849730;1;1;0;180.0;180;2026-01-23;2026-01-23;0.0;1035.6
1586833;1;0;1;2.0;2;2026-07-20;2026-07-20;0.0;476.55000000000007
15890804;1;1;0;163.0;163;2026-02-09;2026-02-09;0.0;945.6
15891603;1;0;1;2.0;2;2026-07-20;2026-07-20;0.0;439.2
15895492;1;1;0;30.0;30;2026-06-22;2026-06-22;0.0;537.3
15906872;3;3;0;163.7;198;2026-01-05;2026-04-15;100.0;2300.7000000000003
15907923;1;1;0;37.0;37;2026-06-15;2026-06-15;0.0;328.8
159113;3;0;3;1.7;2;2026-07-20;2026-07-21;0.0;341.09999999999997
15920735;1;0;1;1.0;1;2026-07-21;2026-07-21;0.0;149.7
15932166;1;1;0;305.0;305;2025-09-20;2025-09-20;0.0;447.0
1595862;1;1;0;472.0;472;2025-04-06;2025-04-06;0.0;388.8
1596959;1;0;1;2.0;2;2026-07-20;2026-07-20;0.0;295.6
1597293;1;1;0;75.0;75;2026-05-08;2026-05-08;0.0;927.3
15978499;1;0;1;2.0;2;2026-07-20;2026-07-20;0.0;479.25
15985119;1;1;0;40.0;40;2026-06-12;2026-06-12;0.0;927.0
15995892;1;0;1;2.0;2;2026-07-20;2026-07-20;0.0;241.65000000000003
15997769;1;1;0;189.0;189;2026-01-14;2026-01-14;0.0;777.3
16005353;5;5;0;342.2;905;2024-01-29;2026-05-25;80.0;3102.9
16005597;1;1;0;64.0;64;2026-05-19;2026-05-19;100.0;433.5
16014188;1;1;0;471.0;471;2025-04-07;2025-04-07;0.0;388.8
16014237;2;0;2;1.0;1;2026-07-21;2026-07-21;0.0;413.20000000000005
16027584;1;1;0;1482.0;1482;2022-07-01;2022-07-01;0.0;447.0
1603042;1;1;0;875.0;875;2024-02-28;2024-02-28;0.0;298.5
160377;9;9;0;265.1;344;2025-08-12;2026-02-03;0.0;4916.4
16060565;1;1;0;50.0;50;2026-06-02;2026-06-02;0.0;1047.3
16080178;1;0;1;12.0;12;2026-07-10;2026-07-10;0.0;807.95
16086316;1;0;1;2.0;2;2026-07-20;2026-07-20;0.0;361.75
16089180;1;1;0;39.0;39;2026-06-13;2026-06-13;0.0;617.4
16104181;1;1;0;69.0;69;2026-05-14;2026-05-14;0.0;388.8
16105378;2;2;0;16.0;19;2026-07-03;2026-07-09;0.0;657.6
16123821;1;1;0;103.0;103;2026-04-10;2026-04-10;0.0;748.8
16125773;3;2;1;139.0;380;2025-07-07;2026-07-22;0.0;1016.0999999999999
16128474;2;2;0;353.5;355;2025-08-01;2025-08-04;50.0;760.5
16142919;1;0;1;8.0;8;2026-07-14;2026-07-14;0.0;1487.7
16154849;1;1;0;14.0;14;2026-07-08;2026-07-08;0.0;268.8
16165978;1;1;0;30.0;30;2026-06-22;2026-06-22;0.0;579.25
16166036;1;1;0;247.0;247;2025-11-17;2025-11-17;0.0;268.8
16167705;1;1;0;657.0;657;2024-10-03;2024-10-03;0.0;715.5
16171748;2;2;0;68.5;84;2026-04-29;2026-05-30;0.0;717.6
16172809;1;0;1;2.0;2;2026-07-20;2026-07-20;0.0;379.0
16189695;3;1;2;17.0;34;2026-06-18;2026-07-17;0.0;5253.83
16190369;1;1;0;197.0;197;2026-01-06;2026-01-06;0.0;567.0
16195545;1;0;1;2.0;2;2026-07-20;2026-07-20;0.0;391.36
16200480;1;1;0;445.0;445;2025-05-03;2025-05-03;0.0;448.8
16200562;2;2;0;696.5;700;2024-08-21;2024-08-28;0.0;837.6
16201474;1;0;1;2.0;2;2026-07-20;2026-07-20;0.0;249.55
16201522;4;3;1;17.0;26;2026-06-26;2026-07-16;0.0;8626.75
16202674;1;0;1;4.0;4;2026-07-18;2026-07-18;0.0;311.40000000000003
16203184;1;0;1;2.0;2;2026-07-20;2026-07-20;0.0;129.73
16230160;1;1;0;105.0;105;2026-04-08;2026-04-08;0.0;268.8
16233311;3;1;2;13.0;34;2026-06-18;2026-07-20;0.0;981.0
16235586;1;0;1;1.0;1;2026-07-21;2026-07-21;0.0;691.9499999999999
16236722;1;1;0;162.0;162;2026-02-10;2026-02-10;0.0;388.8
16240847;2;2;0;190.0;359;2025-07-28;2026-07-01;0.0;835.8
16243750;1;1;0;68.0;68;2026-05-15;2026-05-15;0.0;748.8
16248381;3;0;3;5.0;9;2026-07-13;2026-07-20;0.0;1317.25
16262987;1;1;0;67.0;67;2026-05-16;2026-05-16;0.0;748.8
16263110;2;2;0;143.5;275;2025-10-20;2026-07-10;0.0;1306.05
16268206;1;1;0;49.0;49;2026-06-03;2026-06-03;0.0;1675.5
16271518;1;0;1;4.0;4;2026-07-18;2026-07-18;0.0;1245.6000000000001
1627407;1;1;0;1996.0;1996;2021-02-02;2021-02-02;0.0;178.5
1627750;1;0;1;3.0;3;2026-07-19;2026-07-19;0.0;497.35
16282924;1;1;0;161.0;161;2026-02-11;2026-02-11;0.0;657.3
16283144;2;2;0;13.0;14;2026-07-08;2026-07-10;0.0;2482.8
16285466;2;2;0;62.5;102;2026-04-11;2026-06-29;0.0;2572.8
16285784;1;1;0;1612.0;1612;2022-02-21;2022-02-21;0.0;298.5
1629177;1;0;1;2.0;2;2026-07-20;2026-07-20;0.0;395.40000000000003
16292834;2;0;2;7.0;8;2026-07-14;2026-07-16;0.0;706.3
16311749;1;0;1;1.0;1;2026-07-21;2026-07-21;0.0;184.64999999999998
16312662;1;1;0;1035.0;1035;2023-09-21;2023-09-21;0.0;864.0
16321630;1;1;0;373.0;373;2025-07-14;2025-07-14;0.0;715.5
16324931;1;1;0;1073.0;1073;2023-08-14;2023-08-14;0.0;447.0
163306;1;1;0;42.0;42;2026-06-10;2026-06-10;0.0;388.8
16330979;3;3;0;79.7;141;2026-03-03;2026-06-27;0.0;2168.4
16331107;1;1;0;588.0;588;2024-12-11;2024-12-11;0.0;388.8
1633443;2;1;1;46.0;90;2026-04-23;2026-07-20;0.0;1262.1
1633713;2;2;0;298.5;560;2025-01-08;2026-06-15;0.0;866.0999999999999
163485;1;1;0;83.0;83;2026-04-30;2026-04-30;0.0;388.8
16357641;1;0;1;9.0;9;2026-07-13;2026-07-13;0.0;798.45
16358891;3;1;2;7.0;12;2026-07-10;2026-07-20;0.0;1849.0
16360422;1;1;0;515.0;515;2025-02-22;2025-02-22;0.0;507.0
16361418;1;1;0;503.0;503;2025-03-06;2025-03-06;0.0;268.8
1638241;1;1;0;58.0;58;2026-05-25;2026-05-25;0.0;775.5
1638603;1;0;1;2.0;2;2026-07-20;2026-07-20;0.0;544.2
1638686;1;1;0;34.0;34;2026-06-18;2026-06-18;0.0;447.0
16389441;1;0;1;1.0;1;2026-07-21;2026-07-21;0.0;149.7
1639583;2;1;1;12.0;22;2026-06-30;2026-07-20;0.0;945.2
16396789;1;1;0;1195.0;1195;2023-04-14;2023-04-14;0.0;268.8
16398292;2;2;0;39.0;77;2026-05-06;2026-07-21;0.0;1284.75
16402303;1;1;0;8.0;8;2026-07-14;2026-07-14;0.0;905.5500000000001
16403356;1;0;1;16.0;16;2026-07-06;2026-07-06;0.0;997.45
16404737;1;1;0;135.0;135;2026-03-09;2026-03-09;0.0;557.4
16411686;1;1;0;1560.0;1560;2022-04-14;2022-04-14;0.0;418.5
16415260;1;0;1;9.0;9;2026-07-13;2026-07-13;0.0;698.6
16417120;1;1;0;240.0;240;2025-11-24;2025-11-24;0.0;777.3
16417841;2;2;0;347.5;497;2025-03-12;2026-01-05;100.0;1283.4
16419178;2;0;2;2.0;2;2026-07-20;2026-07-20;0.0;303.2
16433928;1;1;0;111.0;111;2026-04-02;2026-04-02;0.0;1197.3
16436846;1;1;0;16.0;16;2026-07-06;2026-07-06;0.0;717.3
1644;1;1;0;345.0;345;2025-08-11;2025-08-11;0.0;268.8
16442734;1;1;0;42.0;42;2026-06-10;2026-06-10;0.0;268.8
16443545;1;0;1;7.0;7;2026-07-15;2026-07-15;0.0;544.9499999999999
16447040;9;9;0;199.1;555;2025-01-13;2026-06-09;0.0;3852.0
16448918;1;1;0;46.0;46;2026-06-06;2026-06-06;0.0;837.3
16449316;9;9;0;83.4;183;2026-01-20;2026-07-04;100.0;5123.4
16454162;2;0;2;1.5;2;2026-07-20;2026-07-21;0.0;487.40999999999997
16465435;1;0;1;2.0;2;2026-07-20;2026-07-20;0.0;233.54999999999998
16470564;1;1;0;20.0;20;2026-07-02;2026-07-02;0.0;388.8
16473054;6;6;0;62.7;99;2026-04-14;2026-06-30;0.0;3522.0
16474767;1;0;1;26.0;26;2026-06-26;2026-06-26;0.0;2024.1000000000001
16479429;2;2;0;338.0;377;2025-07-10;2025-09-26;0.0;777.3
16479907;1;1;0;30.0;30;2026-06-22;2026-06-22;0.0;268.8
16484059;1;0;1;7.0;7;2026-07-15;2026-07-15;0.0;718.4
16485019;2;0;2;13.0;16;2026-07-06;2026-07-12;0.0;1950.8999999999999
1648767;1;1;0;548.0;548;2025-01-20;2025-01-20;0.0;447.0
16490670;1;1;0;1.0;1;2026-07-21;2026-07-21;0.0;268.8
16490844;1;1;0;41.0;41;2026-06-11;2026-06-11;0.0;268.8
16492875;1;1;0;89.0;89;2026-04-24;2026-04-24;0.0;717.3
16494092;6;6;0;420.2;518;2025-02-19;2025-09-02;66.7;3580.8
16505243;1;1;0;63.0;63;2026-05-20;2026-05-20;0.0;388.8
16508074;1;1;0;261.0;261;2025-11-03;2025-11-03;0.0;1015.5
1651002;2;2;0;1284.5;2372;2020-01-23;2026-01-06;0.0;1284.3
16512693;1;1;0;42.0;42;2026-06-10;2026-06-10;0.0;597.3
16514046;1;1;0;1535.0;1535;2022-05-09;2022-05-09;0.0;745.5
16516028;1;1;0;39.0;39;2026-06-13;2026-06-13;0.0;268.8
16516734;2;2;0;334.5;383;2025-07-04;2025-10-09;0.0;1114.8
16517711;1;0;1;4.0;4;2026-07-18;2026-07-18;0.0;782.9499999999999
16518214;2;0;2;2.0;2;2026-07-20;2026-07-20;0.0;341.1
16522016;1;0;1;12.0;12;2026-07-10;2026-07-10;0.0;4027.7999999999997
16524371;1;1;0;20.0;20;2026-07-02;2026-07-02;0.0;268.8
16524977;1;0;1;9.0;9;2026-07-13;2026-07-13;0.0;700.6500000000001
16540806;2;2;0;94.5;96;2026-04-17;2026-04-20;0.0;657.6
16541469;1;1;0;434.0;434;2025-05-14;2025-05-14;0.0;715.5
16543184;1;1;0;137.0;137;2026-03-07;2026-03-07;0.0;448.8
16544628;1;1;0;320.0;320;2025-09-05;2025-09-05;0.0;268.8
16548006;1;1;0;63.0;63;2026-05-20;2026-05-20;0.0;775.5
16550751;1;1;0;195.0;195;2026-01-08;2026-01-08;0.0;268.8
16553990;1;1;0;170.0;170;2026-02-02;2026-02-02;0.0;917.4
16558684;4;4;0;162.2;184;2026-01-19;2026-04-02;0.0;2600.7
16560521;1;1;0;8.0;8;2026-07-14;2026-07-14;0.0;2447.25
16561420;2;1;1;14.0;15;2026-07-07;2026-07-09;0.0;1222.6
16561659;1;0;1;15.0;15;2026-07-07;2026-07-07;0.0;1594.2299999999998
16561767;1;1;0;256.0;256;2025-11-08;2025-11-08;0.0;388.8
16566308;1;1;0;149.0;149;2026-02-23;2026-02-23;0.0;268.8
16567582;1;1;0;51.0;51;2026-06-01;2026-06-01;0.0;268.8
16568313;1;0;1;3.0;3;2026-07-19;2026-07-19;0.0;559.25
165756;4;4;0;117.5;357;2025-07-30;2026-07-04;100.0;3672.6000000000004
1657994;1;1;0;28.0;28;2026-06-24;2026-06-24;0.0;328.8
16582033;3;3;0;269.7;414;2025-06-03;2026-01-06;0.0;1483.5
16584159;1;1;0;464.0;464;2025-04-14;2025-04-14;0.0;268.8
16585498;2;2;0;94.0;173;2026-01-30;2026-07-07;0.0;777.6
16588863;2;1;1;2.5;3;2026-07-19;2026-07-20;50.0;1856.55
1659277;1;1;0;15.0;15;2026-07-07;2026-07-07;0.0;328.8
1659524;2;0;2;3.0;3;2026-07-19;2026-07-19;0.0;1057.9
16598583;2;2;0;119.5;177;2026-01-26;2026-05-21;0.0;1134.0
16602202;1;1;0;16.0;16;2026-07-06;2026-07-06;0.0;657.3
16602879;1;0;1;1.0;1;2026-07-21;2026-07-21;0.0;163.65
16604882;1;1;0;303.0;303;2025-09-22;2025-09-22;0.0;1015.5
16605766;1;1;0;100.0;100;2026-04-13;2026-04-13;100.0;582.0
166161;3;0;3;9.0;17;2026-07-05;2026-07-20;0.0;1342.9
1663168;1;0;1;1.0;1;2026-07-21;2026-07-21;0.0;299.63000000000005
16636792;1;0;1;2.0;2;2026-07-20;2026-07-20;0.0;2001.9000000000003
16636846;1;1;0;72.0;72;2026-05-11;2026-05-11;0.0;268.8
1664244;3;3;0;50.7;75;2026-05-08;2026-07-20;0.0;1790.1
16643267;1;1;0;426.0;426;2025-05-22;2025-05-22;0.0;268.8
16648784;1;1;0;16.0;16;2026-07-06;2026-07-06;0.0;378.75
1665407;2;1;1;13.5;26;2026-06-26;2026-07-21;0.0;658.6
16660035;1;0;1;8.0;8;2026-07-14;2026-07-14;0.0;2478.9999999999995
16665527;2;2;0;155.0;229;2025-12-05;2026-05-02;0.0;1404.3
16669088;1;1;0;62.0;62;2026-05-21;2026-05-21;0.0;627.0
16673049;1;1;0;5.0;5;2026-07-17;2026-07-17;0.0;408.90000000000003
1668025;1;0;1;3.0;3;2026-07-19;2026-07-19;0.0;598.8
1668073;2;2;0;45.5;54;2026-05-29;2026-06-15;0.0;775.8
1668088;1;0;1;1.0;1;2026-07-21;2026-07-21;0.0;255.65000000000003
16681377;2;1;1;52.5;102;2026-04-11;2026-07-19;0.0;813.75
16682282;3;0;3;1.3;2;2026-07-20;2026-07-21;0.0;275.4
16682375;3;3;0;62.0;84;2026-04-29;2026-07-04;33.3;2546.55
16691;1;0;1;3.0;3;2026-07-19;2026-07-19;0.0;299.4
16695668;1;1;0;120.0;120;2026-03-24;2026-03-24;0.0;447.0
16698388;3;3;0;363.0;470;2025-04-08;2025-12-16;0.0;1341.0
16698676;1;1;0;15.0;15;2026-07-07;2026-07-07;0.0;939.25
1670128;2;2;0;788.5;1542;2022-05-02;2026-06-17;0.0;954.0
16702676;1;1;0;1449.0;1449;2022-08-03;2022-08-03;0.0;507.0
16710592;6;4;2;31.8;97;2026-04-16;2026-07-20;0.0;4791.450000000001
16713311;2;2;0;86.0;97;2026-04-16;2026-05-08;0.0;1194.6
16716651;1;1;0;114.0;114;2026-03-30;2026-03-30;0.0;955.5
1671793;2;2;0;1234.5;1441;2022-08-11;2023-09-28;0.0;597.0
16720308;1;1;0;15.0;15;2026-07-07;2026-07-07;0.0;388.8
16734244;1;1;0;145.0;145;2026-02-27;2026-02-27;0.0;447.0
16742927;2;0;2;12.5;23;2026-06-29;2026-07-20;0.0;1607.9
16745932;1;1;0;1240.0;1240;2023-02-28;2023-02-28;0.0;418.5
16747200;1;0;1;9.0;9;2026-07-13;2026-07-13;0.0;1483.2400000000002
16747874;1;0;1;2.0;2;2026-07-20;2026-07-20;0.0;239.45
16748373;1;1;0;20.0;20;2026-07-02;2026-07-02;0.0;775.5
16750553;1;0;1;16.0;16;2026-07-06;2026-07-06;0.0;606.4
16759199;1;0;1;3.0;3;2026-07-19;2026-07-19;0.0;428.40000000000003
16774689;1;1;0;485.0;485;2025-03-24;2025-03-24;0.0;388.8
16778734;3;3;0;98.7;164;2026-02-08;2026-06-20;100.0;2466.3
1677915;1;0;1;2.0;2;2026-07-20;2026-07-20;0.0;179.6
1678344;3;3;0;47.7;51;2026-06-01;2026-06-11;0.0;806.4000000000001
16783776;2;0;2;2.0;2;2026-07-20;2026-07-20;0.0;745.55
16786444;1;0;1;1.0;1;2026-07-21;2026-07-21;0.0;71.85
16786458;1;1;0;329.0;329;2025-08-27;2025-08-27;0.0;927.0
16786514;1;0;1;1.0;1;2026-07-21;2026-07-21;0.0;37.9
16787166;2;1;1;545.5;1085;2023-08-02;2026-07-16;0.0;2575.8
16796526;3;1;2;62.0;174;2026-01-29;2026-07-20;0.0;1376.7
16796617;1;1;0;1338.0;1338;2022-11-22;2022-11-22;0.0;0.0
16797350;2;2;0;62.5;99;2026-04-14;2026-06-26;0.0;1294.75
16813480;1;1;0;16.0;16;2026-07-06;2026-07-06;0.0;817.35
16816862;1;1;0;148.0;148;2026-02-24;2026-02-24;0.0;388.8
16819738;1;1;0;13.0;13;2026-07-09;2026-07-09;0.0;318.75
16820729;1;1;0;881.0;881;2024-02-22;2024-02-22;0.0;567.0
16825572;1;1;0;326.0;326;2025-08-30;2025-08-30;0.0;857.4
16829544;1;0;1;2.0;2;2026-07-20;2026-07-20;0.0;906.3
16830700;2;2;0;354.5;596;2024-12-03;2026-03-31;0.0;954.5999999999999
16831127;1;1;0;123.0;123;2026-03-21;2026-03-21;0.0;418.5
16832212;3;2;1;244.3;545;2025-01-23;2026-07-20;0.0;757.4
16832259;2;0;2;3.0;3;2026-07-19;2026-07-19;0.0;530.6
16844271;1;1;0;1205.0;1205;2023-04-04;2023-04-04;0.0;298.5
16844659;1;1;0;66.0;66;2026-05-17;2026-05-17;0.0;268.8
16848363;2;2;0;1218.5;1513;2022-05-31;2024-01-10;50.0;835.5
16854807;1;0;1;2.0;2;2026-07-20;2026-07-20;0.0;189.5
16857144;2;2;0;91.5;92;2026-04-21;2026-04-22;0.0;715.8
16861117;1;1;0;1482.0;1482;2022-07-01;2022-07-01;0.0;0.0
16861470;1;1;0;337.0;337;2025-08-19;2025-08-19;0.0;507.0
16862283;1;1;0;5.0;5;2026-07-17;2026-07-17;0.0;1015.5
16862768;1;1;0;320.0;320;2025-09-05;2025-09-05;100.0;611.7
16863405;1;1;0;162.0;162;2026-02-10;2026-02-10;0.0;627.0
16863752;1;0;1;5.0;5;2026-07-17;2026-07-17;0.0;641.1
16869643;1;1;0;886.0;886;2024-02-17;2024-02-17;0.0;268.8
16870153;1;1;0;1181.0;1181;2023-04-28;2023-04-28;0.0;447.0
16887614;1;0;1;7.0;7;2026-07-15;2026-07-15;0.0;454.8
16887897;2;0;2;2.0;2;2026-07-20;2026-07-20;0.0;1622.6999999999998
16891880;1;1;0;182.0;182;2026-01-21;2026-01-21;0.0;567.0
1689288;4;4;0;120.0;223;2025-12-11;2026-06-15;75.0;3413.1
16893934;1;0;1;4.0;4;2026-07-18;2026-07-18;0.0;269.4
16894398;9;9;0;94.4;112;2026-04-01;2026-05-16;0.0;5451.3
16897165;1;0;1;6.0;6;2026-07-16;2026-07-16;0.0;606.4
16901680;1;0;1;2.0;2;2026-07-20;2026-07-20;0.0;444.25
1690361;1;1;0;12.0;12;2026-07-10;2026-07-10;0.0;825.45
1690456;1;0;1;2.0;2;2026-07-20;2026-07-20;0.0;414.25
16907919;1;1;0;124.0;124;2026-03-20;2026-03-20;100.0;1210.2
16908347;1;0;1;2.0;2;2026-07-20;2026-07-20;0.0;497.35
16908899;2;0;2;5.5;9;2026-07-13;2026-07-20;0.0;966.28
16922642;1;0;1;1.0;1;2026-07-21;2026-07-21;0.0;75.8
16925380;1;1;0;16.0;16;2026-07-06;2026-07-06;0.0;747.3
16926655;1;1;0;61.0;61;2026-05-22;2026-05-22;0.0;448.8
16932723;1;1;0;350.0;350;2025-08-06;2025-08-06;0.0;388.8
16932765;7;6;1;147.3;622;2024-11-07;2026-07-15;28.6;2913.0
16934448;1;1;0;70.0;70;2026-05-13;2026-05-13;0.0;268.8
16945001;1;0;1;1.0;1;2026-07-21;2026-07-21;0.0;205.65000000000003
16945352;1;1;0;562.0;562;2025-01-06;2025-01-06;0.0;447.0
16957712;2;2;0;238.0;475;2025-04-03;2026-07-21;0.0;537.6
16957895;1;0;1;2.0;2;2026-07-20;2026-07-20;0.0;479.25
16959007;1;1;0;1377.0;1377;2022-10-14;2022-10-14;0.0;538.5
1696265;1;0;1;2.0;2;2026-07-20;2026-07-20;0.0;151.6
16963612;1;0;1;6.0;6;2026-07-16;2026-07-16;0.0;349.3
1696428;4;4;0;261.8;310;2025-09-15;2026-03-27;100.0;2506.2
16964406;2;2;0;37.0;68;2026-05-15;2026-07-16;0.0;1702.5
16974134;1;1;0;14.0;14;2026-07-08;2026-07-08;0.0;907.35
16975622;4;4;0;288.5;391;2025-06-26;2026-01-26;0.0;2865.0
16979229;1;1;0;50.0;50;2026-06-02;2026-06-02;0.0;328.8
16980455;8;8;0;68.5;198;2026-01-05;2026-07-02;100.0;4954.2
16980639;1;1;0;105.0;105;2026-04-08;2026-04-08;0.0;1347.3
16981231;1;0;1;4.0;4;2026-07-18;2026-07-18;0.0;389.25
1698398;1;0;1;5.0;5;2026-07-17;2026-07-17;0.0;688.6700000000001
1698697;1;0;1;12.0;12;2026-07-10;2026-07-10;0.0;1295.5500000000002
16994519;1;1;0;100.0;100;2026-04-13;2026-04-13;0.0;715.5
16997792;1;1;0;117.0;117;2026-03-27;2026-03-27;0.0;268.8
1700124;2;2;0;81.0;104;2026-04-09;2026-05-25;0.0;1214.6999999999998
17004465;1;0;1;12.0;12;2026-07-10;2026-07-10;0.0;1243.8999999999999
17005510;3;3;0;276.0;276;2025-10-19;2025-10-19;0.0;2146.5
17016663;4;4;0;215.0;540;2025-01-28;2026-05-14;75.0;2402.1000000000004
17016826;1;1;0;774.0;774;2024-06-08;2024-06-08;100.0;518.4
17018598;1;1;0;65.0;65;2026-05-18;2026-05-18;0.0;328.8
17029773;2;2;0;151.0;294;2025-10-01;2026-07-14;0.0;894.0
17031816;1;1;0;26.0;26;2026-06-26;2026-06-26;0.0;937.45
17039744;1;1;0;39.0;39;2026-06-13;2026-06-13;0.0;657.3
17047069;1;1;0;65.0;65;2026-05-18;2026-05-18;0.0;268.8
17047105;3;3;0;172.7;279;2025-10-16;2026-04-17;0.0;1582.8
17049137;1;1;0;106.0;106;2026-04-07;2026-04-07;0.0;388.8
17049967;3;0;3;1.7;2;2026-07-20;2026-07-21;0.0;458.79999999999995
17054422;1;1;0;58.0;58;2026-05-25;2026-05-25;0.0;268.8
17055581;1;1;0;44.0;44;2026-06-08;2026-06-08;0.0;447.0
17056370;1;1;0;104.0;104;2026-04-09;2026-04-09;0.0;897.3
1705843;1;1;0;91.0;91;2026-04-22;2026-04-22;0.0;268.8
1705900;2;2;0;649.5;1192;2023-04-17;2026-04-06;0.0;388.8
17059169;1;1;0;336.0;336;2025-08-20;2025-08-20;0.0;268.8
17069452;3;3;0;109.0;156;2026-02-16;2026-05-05;0.0;1553.3999999999999
17073296;2;2;0;227.0;384;2025-07-03;2026-05-13;0.0;1014.0
17075519;1;1;0;7.0;7;2026-07-15;2026-07-15;0.0;1085.55
17077085;1;1;0;43.0;43;2026-06-09;2026-06-09;0.0;1015.5
17079446;2;2;0;262.5;275;2025-10-20;2025-11-14;0.0;657.6
17082492;1;1;0;187.0;187;2026-01-16;2026-01-16;0.0;268.8
17082510;6;6;0;335.7;380;2025-07-07;2025-11-07;0.0;2141.4
17082538;2;2;0;628.0;628;2024-11-01;2024-11-01;0.0;687.0
17082610;1;0;1;4.0;4;2026-07-18;2026-07-18;0.0;594.9
17082652;3;0;3;6.3;15;2026-07-07;2026-07-20;0.0;2569.05
17082687;1;1;0;78.0;78;2026-05-05;2026-05-05;0.0;388.8
17082743;3;3;0;1413.0;1413;2022-09-08;2022-09-08;0.0;1341.0
17082760;1;1;0;196.0;196;2026-01-07;2026-01-07;0.0;597.3
17082924;1;1;0;69.0;69;2026-05-14;2026-05-14;0.0;597.3
17082954;1;1;0;268.0;268;2025-10-27;2025-10-27;0.0;268.8
17082961;2;2;0;387.5;414;2025-06-03;2025-07-26;0.0;955.8
17083086;1;1;0;263.0;263;2025-11-01;2025-11-01;0.0;268.8
17083148;1;1;0;154.0;154;2026-02-18;2026-02-18;0.0;537.3
17083191;1;0;1;9.0;9;2026-07-13;2026-07-13;0.0;889.6499999999999
17083195;3;2;1;48.0;106;2026-04-07;2026-07-20;0.0;992.4000000000001
17083252;1;1;0;285.0;285;2025-10-10;2025-10-10;0.0;268.8
17083309;1;0;1;7.0;7;2026-07-15;2026-07-15;0.0;548.95
17083325;1;1;0;37.0;37;2026-06-15;2026-06-15;0.0;1075.5
17083371;2;2;0;18.5;21;2026-07-01;2026-07-06;0.0;2031.0
17083389;1;0;1;1.0;1;2026-07-21;2026-07-21;0.0;467.09999999999997
17083509;2;1;1;10.0;19;2026-07-03;2026-07-21;0.0;1470.6
17083533;1;1;0;1426.0;1426;2022-08-26;2022-08-26;0.0;178.5
17083599;2;2;0;89.0;99;2026-04-14;2026-05-04;0.0;1671.0
17083665;2;2;0;284.5;289;2025-10-06;2025-10-15;0.0;537.6
17083673;1;1;0;335.0;335;2025-08-21;2025-08-21;0.0;328.8
17083712;1;1;0;117.0;117;2026-03-27;2026-03-27;0.0;328.8
17083724;1;1;0;1413.0;1413;2022-09-08;2022-09-08;0.0;178.5
17083784;2;2;0;17.0;20;2026-07-02;2026-07-08;0.0;1844.55
17083908;1;0;1;10.0;10;2026-07-12;2026-07-12;0.0;1858.9599999999998
17084390;1;1;0;96.0;96;2026-04-17;2026-04-17;0.0;328.8
17084395;1;0;1;9.0;9;2026-07-13;2026-07-13;0.0;416.9
17084409;1;1;0;8.0;8;2026-07-14;2026-07-14;0.0;715.5
17084421;1;1;0;278.0;278;2025-10-17;2025-10-17;0.0;268.8
17084477;1;1;0;29.0;29;2026-06-23;2026-06-23;0.0;388.8
17084486;1;1;0;386.0;386;2025-07-01;2025-07-01;100.0;640.2
17084570;2;2;0;136.0;194;2026-01-09;2026-05-05;0.0;1551.0
17084594;3;2;1;72.3;196;2026-01-07;2026-07-20;0.0;2404.45
17084612;9;9;0;92.1;191;2026-01-12;2026-06-10;0.0;6452.099999999999
17084823;1;1;0;553.0;553;2025-01-15;2025-01-15;0.0;268.8
17084917;2;2;0;768.0;1197;2023-04-12;2025-08-17;0.0;567.3
17085023;1;1;0;57.0;57;2026-05-26;2026-05-26;0.0;955.5
17085030;8;8;0;101.0;299;2025-09-26;2026-07-16;0.0;4092.8999999999996
17085081;4;4;0;80.8;153;2026-02-19;2026-06-01;0.0;1495.2
17085127;8;8;0;248.0;474;2025-04-04;2026-06-05;0.0;5310.6
17085320;2;2;0;485.0;485;2025-03-24;2025-03-24;0.0;775.8
17085419;1;1;0;1400.0;1400;2022-09-21;2022-09-21;0.0;507.0
17085439;11;11;0;67.9;177;2026-01-26;2026-07-07;27.3;7389.3
17085471;1;1;0;32.0;32;2026-06-20;2026-06-20;0.0;417.3
17085492;2;2;0;71.5;75;2026-05-08;2026-05-15;0.0;537.6
17085560;1;0;1;0.0;0;2026-07-22;2026-07-22;0.0;0.0
17085686;1;1;0;131.0;131;2026-03-13;2026-03-13;0.0;657.3
17085827;8;7;1;89.8;518;2025-02-19;2026-07-20;0.0;7620.749999999999
17085837;3;3;0;48.7;54;2026-05-29;2026-06-10;0.0;2692.2
17085843;6;6;0;404.3;405;2025-06-12;2025-06-13;0.0;4663.799999999999
17085874;2;1;1;10.0;15;2026-07-07;2026-07-17;0.0;1678.4499999999998
17085963;2;2;0;38.0;54;2026-05-29;2026-06-30;0.0;657.6
17085965;3;0;3;2.0;2;2026-07-20;2026-07-20;0.0;673.5
17085974;1;1;0;1408.0;1408;2022-09-13;2022-09-13;0.0;0.0
17086054;1;1;0;97.0;97;2026-04-16;2026-04-16;0.0;268.8
17086084;2;1;1;80.5;159;2026-02-13;2026-07-20;0.0;1396.81
17086107;1;1;0;13.0;13;2026-07-09;2026-07-09;0.0;777.3
17086204;1;1;0;621.0;621;2024-11-08;2024-11-08;0.0;895.5
17086206;2;2;0;79.0;79;2026-05-04;2026-05-04;0.0;1794.6
17086268;3;3;0;56.0;107;2026-04-06;2026-07-10;0.0;2568.3
17086295;2;2;0;96.5;99;2026-04-14;2026-04-19;0.0;657.6
17086344;1;0;1;9.0;9;2026-07-13;2026-07-13;0.0;862.6500000000001
17086353;7;7;0;443.9;498;2025-03-11;2026-03-25;42.9;3084.9
17086370;1;1;0;74.0;74;2026-05-09;2026-05-09;0.0;1015.5
17086456;1;1;0;2.0;2;2026-07-20;2026-07-20;0.0;785.5500000000001
17086519;1;1;0;1.0;1;2026-07-21;2026-07-21;0.0;388.8
17087043;1;0;1;2.0;2;2026-07-20;2026-07-20;0.0;898.25
17087108;1;1;0;1422.0;1422;2022-08-30;2022-08-30;0.0;447.0
17087109;1;1;0;1416.0;1416;2022-09-05;2022-09-05;0.0;298.5
17087183;1;1;0;243.0;243;2025-11-21;2025-11-21;100.0;313.5
17087247;2;0;2;2.5;3;2026-07-19;2026-07-20;0.0;603.9200000000001
17087297;10;10;0;341.4;412;2025-06-05;2026-03-12;0.0;3335.1000000000004
17087359;1;1;0;657.0;657;2024-10-03;2024-10-03;0.0;537.3
17087361;1;1;0;133.0;133;2026-03-11;2026-03-11;0.0;597.3
17087366;2;0;2;7.5;10;2026-07-12;2026-07-17;0.0;1293.4499999999998
17087444;1;1;0;19.0;19;2026-07-03;2026-07-03;0.0;1497.3
17087445;1;0;1;4.0;4;2026-07-18;2026-07-18;0.0;389.25
17087585;4;4;0;68.2;126;2026-03-18;2026-07-09;0.0;2389.2
17087633;1;1;0;475.0;475;2025-04-03;2025-04-03;0.0;268.8
17087692;1;0;1;1.0;1;2026-07-21;2026-07-21;0.0;385.5
17087702;1;1;0;181.0;181;2026-01-22;2026-01-22;0.0;567.0
17087781;2;2;0;405.0;585;2024-12-14;2025-12-09;0.0;775.8
17087805;2;2;0;473.0;482;2025-03-27;2025-04-14;0.0;567.3
17087830;2;2;0;786.0;1208;2023-04-01;2025-07-23;0.0;537.3
17087933;1;1;0;127.0;127;2026-03-17;2026-03-17;0.0;447.0
17088049;2;2;0;746.0;828;2024-04-15;2024-09-26;0.0;537.6
17088106;2;2;0;656.5;735;2024-07-17;2024-12-21;0.0;835.8
17088149;1;0;1;8.0;8;2026-07-14;2026-07-14;0.0;750.6000000000001
17088277;1;1;0;1439.0;1439;2022-08-13;2022-08-13;0.0;178.5
17088281;1;1;0;69.0;69;2026-05-14;2026-05-14;0.0;1095.6
17092583;1;1;0;27.0;27;2026-06-25;2026-06-25;0.0;268.8
17093729;2;2;0;406.0;406;2025-06-11;2025-06-11;0.0;537.6
17097122;1;1;0;15.0;15;2026-07-07;2026-07-07;0.0;496.95
17101764;2;1;1;273.5;527;2025-02-10;2026-07-02;50.0;1942.35
17111773;1;1;0;517.0;517;2025-02-20;2025-02-20;0.0;448.8
17120115;2;1;1;99.0;196;2026-01-07;2026-07-20;0.0;543.25
17121885;2;0;2;3.5;5;2026-07-17;2026-07-20;0.0;844.9000000000001
17122886;1;1;0;5.0;5;2026-07-17;2026-07-17;0.0;537.3
17122972;1;1;0;225.0;225;2025-12-09;2025-12-09;0.0;298.5
17122984;1;1;0;189.0;189;2026-01-14;2026-01-14;0.0;837.3
17126387;1;1;0;1427.0;1427;2022-08-25;2022-08-25;100.0;518.4
17128415;2;0;2;1.0;1;2026-07-21;2026-07-21;0.0;1343.8
17141559;1;1;0;186.0;186;2026-01-17;2026-01-17;0.0;328.8
17156733;1;1;0;30.0;30;2026-06-22;2026-06-22;0.0;310.75
17157057;3;3;0;115.3;145;2026-02-27;2026-04-29;0.0;1881.6
17160948;1;0;1;2.0;2;2026-07-20;2026-07-20;0.0;189.5
17166023;1;1;0;547.0;547;2025-01-21;2025-01-21;0.0;388.8
17170988;1;0;1;2.0;2;2026-07-20;2026-07-20;0.0;75.8
17173058;1;1;0;1451.0;1451;2022-08-01;2022-08-01;0.0;0.0
1717399;1;0;1;2.0;2;2026-07-20;2026-07-20;0.0;389.25
17174185;1;1;0;91.0;91;2026-04-22;2026-04-22;0.0;298.5
17176468;1;1;0;125.0;125;2026-03-19;2026-03-19;0.0;715.5
17176483;3;3;0;414.0;414;2025-06-03;2025-06-03;0.0;1701.0
17176595;1;1;0;765.0;765;2024-06-17;2024-06-17;0.0;268.8
17176805;17;17;0;78.8;114;2026-03-30;2026-07-04;52.9;7071.9
1717681;2;2;0;1010.0;1010;2023-10-16;2023-10-16;0.0;717.0
17176846;3;3;0;95.0;175;2026-01-28;2026-07-17;0.0;1853.1
17176882;1;1;0;1429.0;1429;2022-08-23;2022-08-23;0.0;0.0
17176937;8;6;2;136.8;258;2025-11-06;2026-06-29;0.0;4320.1
17177101;1;1;0;123.0;123;2026-03-21;2026-03-21;100.0;313.5
17177103;2;2;0;22.0;36;2026-06-16;2026-07-14;0.0;1194.0
17177287;1;1;0;16.0;16;2026-07-06;2026-07-06;100.0;433.5
17177306;4;4;0;176.0;406;2025-06-11;2026-06-01;50.0;1582.8000000000002
17177443;1;1;0;212.0;212;2025-12-22;2025-12-22;0.0;537.3
17177502;1;1;0;358.0;358;2025-07-29;2025-07-29;0.0;388.8
1717841;5;5;0;102.6;175;2026-01-28;2026-06-29;0.0;2110.8
17178749;1;1;0;386.0;386;2025-07-01;2025-07-01;0.0;447.0
17181693;1;1;0;5.0;5;2026-07-17;2026-07-17;0.0;328.8
17181701;2;2;0;238.5;363;2025-07-24;2026-03-30;0.0;1591.2
17181727;1;0;1;22.0;22;2026-06-30;2026-06-30;0.0;947.5
17181770;2;2;0;27.5;33;2026-06-19;2026-06-30;100.0;867.0
17198956;3;2;1;256.7;489;2025-03-20;2026-07-20;33.3;771.8
17204801;1;1;0;42.0;42;2026-06-10;2026-06-10;0.0;748.8
17204867;1;0;1;2.0;2;2026-07-20;2026-07-20;0.0;151.6
17205180;3;3;0;83.0;172;2026-01-31;2026-06-15;0.0;1582.8
17205214;1;0;1;2.0;2;2026-07-20;2026-07-20;0.0;149.7
17208974;1;0;1;2.0;2;2026-07-20;2026-07-20;0.0;405.35
17209010;1;0;1;2.0;2;2026-07-20;2026-07-20;0.0;199.6
17209102;1;1;0;1442.0;1442;2022-08-10;2022-08-10;0.0;567.0
1720966;4;4;0;90.5;114;2026-03-30;2026-05-12;25.0;1716.3
17211198;1;1;0;1070.0;1070;2023-08-17;2023-08-17;0.0;447.0
17212341;1;1;0;898.0;898;2024-02-05;2024-02-05;0.0;627.0
1721282;1;0;1;2.0;2;2026-07-20;2026-07-20;0.0;99.8
17218531;2;2;0;15.5;26;2026-06-26;2026-07-17;0.0;1326.25
17222068;1;1;0;40.0;40;2026-06-12;2026-06-12;0.0;388.8
17222194;1;1;0;1274.0;1274;2023-01-25;2023-01-25;0.0;448.5
17223528;1;1;0;34.0;34;2026-06-18;2026-06-18;0.0;447.0
17225691;1;1;0;177.0;177;2026-01-26;2026-01-26;100.0;780.3000000000001
17225971;1;1;0;78.0;78;2026-05-05;2026-05-05;0.0;1197.3
17226701;2;1;1;107.0;213;2025-12-21;2026-07-21;0.0;1710.4299999999998
1723357;4;4;0;47.0;47;2026-06-05;2026-06-05;0.0;2089.2
17238280;1;0;1;2.0;2;2026-07-20;2026-07-20;0.0;75.8
17242845;3;3;0;160.3;229;2025-12-05;2026-06-22;0.0;2063.3999999999996
17244185;1;1;0;97.0;97;2026-04-16;2026-04-16;0.0;388.8
17249777;3;3;0;93.7;111;2026-04-02;2026-05-02;0.0;2150.1
17253758;1;1;0;7.0;7;2026-07-15;2026-07-15;0.0;447.0
17255111;1;0;1;2.0;2;2026-07-20;2026-07-20;0.0;199.6
1725619;1;1;0;583.0;583;2024-12-16;2024-12-16;0.0;507.0
17256538;1;0;1;9.0;9;2026-07-13;2026-07-13;0.0;404.1
1726131;2;0;2;1.5;2;2026-07-20;2026-07-21;0.0;587.26
17261417;1;0;1;2.0;2;2026-07-20;2026-07-20;0.0;201.55
17261716;2;2;0;28.0;33;2026-06-19;2026-06-29;0.0;868.1500000000001
17263648;1;0;1;7.0;7;2026-07-15;2026-07-15;0.0;548.95
17263721;1;0;1;2.0;2;2026-07-20;2026-07-20;0.0;427.40000000000003
17263781;1;1;0;474.0;474;2025-04-04;2025-04-04;0.0;268.8
17263848;2;1;1;20.0;36;2026-06-16;2026-07-18;0.0;723.6
17263853;1;0;1;2.0;2;2026-07-20;2026-07-20;0.0;287.55
17269007;1;1;0;1434.0;1434;2022-08-18;2022-08-18;0.0;447.0
17270577;3;3;0;43.0;86;2026-04-27;2026-07-02;100.0;1300.5
17270600;1;1;0;1419.0;1419;2022-09-02;2022-09-02;0.0;538.5
17271059;1;1;0;490.0;490;2025-03-19;2025-03-19;0.0;627.0
17271242;1;0;1;2.0;2;2026-07-20;2026-07-20;0.0;601.2
17272175;2;2;0;639.5;987;2023-11-08;2025-10-03;0.0;537.6
1727565;1;0;1;8.0;8;2026-07-14;2026-07-14;0.0;1205.0
17284104;1;1;0;33.0;33;2026-06-19;2026-06-19;0.0;447.0
17286310;1;0;1;7.0;7;2026-07-15;2026-07-15;0.0;638.24
172895;6;6;0;199.0;348;2025-08-08;2026-04-02;100.0;1881.0
17290929;3;3;0;207.0;431;2025-05-17;2026-04-29;33.3;2094.9
17292518;1;1;0;210.0;210;2025-12-24;2025-12-24;0.0;715.5
17293983;3;3;0;123.7;259;2025-11-05;2026-06-08;0.0;1615.5
17298361;1;1;0;7.0;7;2026-07-15;2026-07-15;0.0;647.25
17298781;1;1;0;292.0;292;2025-10-03;2025-10-03;0.0;835.5
17301617;1;1;0;9.0;9;2026-07-13;2026-07-13;0.0;955.5
17305375;4;4;0;195.5;246;2025-11-18;2026-01-27;0.0;2180.7
1730651;1;1;0;20.0;20;2026-07-02;2026-07-02;0.0;1095.45
1730800;2;2;0;781.0;1484;2022-06-29;2026-05-05;0.0;567.3
17311098;1;1;0;21.0;21;2026-07-01;2026-07-01;0.0;388.8
17311457;1;0;1;5.0;5;2026-07-17;2026-07-17;0.0;1285.05
17311764;1;0;1;2.0;2;2026-07-20;2026-07-20;0.0;1546.2
17313647;1;0;1;2.0;2;2026-07-20;2026-07-20;0.0;179.55
17316372;4;1;3;17.2;21;2026-07-01;2026-07-06;0.0;5401.75
17326143;1;1;0;18.0;18;2026-07-04;2026-07-04;0.0;328.8
17326932;3;3;0;56.3;79;2026-05-04;2026-07-07;0.0;1344.6
17327011;4;4;0;888.5;1429;2022-08-23;2026-07-10;0.0;2890.5
17335206;1;1;0;518.0;518;2025-02-19;2025-02-19;100.0;433.5
17340127;1;1;0;25.0;25;2026-06-27;2026-06-27;0.0;715.5
17340276;1;1;0;61.0;61;2026-05-22;2026-05-22;0.0;537.3
1734544;1;0;1;1.0;1;2026-07-21;2026-07-21;0.0;99.8
17347043;2;2;0;175.5;226;2025-12-08;2026-03-19;0.0;835.8
17348900;1;0;1;5.0;5;2026-07-17;2026-07-17;0.0;299.4
17349000;1;0;1;2.0;2;2026-07-20;2026-07-20;0.0;149.7
17349603;2;1;1;354.5;698;2024-08-23;2026-07-11;0.0;2012.8999999999999
1736770;1;1;0;79.0;79;2026-05-04;2026-05-04;0.0;867.3
17371651;1;1;0;399.0;399;2025-06-18;2025-06-18;0.0;388.8
1737198;2;0;2;2.5;3;2026-07-19;2026-07-20;0.0;1888.3500000000001
17379510;1;1;0;152.0;152;2026-02-20;2026-02-20;0.0;268.8
17380088;2;2;0;71.0;71;2026-05-12;2026-05-12;0.0;1134.0
17381695;1;1;0;23.0;23;2026-06-29;2026-06-29;0.0;777.5500000000001
17381706;2;2;0;208.0;215;2025-12-19;2026-01-02;0.0;894.0
17388901;10;10;0;246.4;478;2025-03-31;2026-07-08;0.0;6797.4
17389590;1;1;0;285.0;285;2025-10-10;2025-10-10;0.0;657.3
17390256;1;1;0;29.0;29;2026-06-23;2026-06-23;0.0;268.8
1739166;1;0;1;1.0;1;2026-07-21;2026-07-21;0.0;223.70000000000002
17395285;1;1;0;2.0;2;2026-07-20;2026-07-20;0.0;567.0
1739823;1;1;0;293.0;293;2025-10-02;2025-10-02;0.0;895.5
17399152;1;0;1;2.0;2;2026-07-20;2026-07-20;0.0;189.5
17400935;2;1;1;14.5;28;2026-06-24;2026-07-21;0.0;962.6500000000001
17401022;3;3;0;505.7;1017;2023-10-09;2026-07-10;0.0;1731.3
17404115;6;6;0;157.8;352;2025-08-04;2026-07-21;0.0;2895.9
17418184;1;1;0;138.0;138;2026-03-06;2026-03-06;0.0;537.3
17420264;3;2;1;73.0;141;2026-03-03;2026-07-20;0.0;1386.0
1742125;2;0;2;2.0;2;2026-07-20;2026-07-20;0.0;341.1
17422523;1;1;0;145.0;145;2026-02-27;2026-02-27;0.0;298.5
17426791;1;1;0;212.0;212;2025-12-22;2025-12-22;0.0;567.0
17426808;1;0;1;1.0;1;2026-07-21;2026-07-21;0.0;37.9
17428031;2;1;1;2.5;3;2026-07-19;2026-07-20;0.0;2215.05
17428927;2;1;1;58.0;107;2026-04-06;2026-07-13;0.0;2697.2
17440556;14;13;1;53.2;222;2025-12-12;2026-07-17;0.0;5403.2
17450187;1;1;0;3.0;3;2026-07-19;2026-07-19;0.0;1015.5
17454304;1;1;0;43.0;43;2026-06-09;2026-06-09;0.0;897.3
17463377;4;4;0;64.0;124;2026-03-20;2026-07-10;0.0;5473.8
17467084;1;1;0;14.0;14;2026-07-08;2026-07-08;0.0;765.45
17467488;1;1;0;415.0;415;2025-06-02;2025-06-02;0.0;715.5
17472997;1;1;0;140.0;140;2026-03-04;2026-03-04;0.0;447.0
17474655;1;0;1;1.0;1;2026-07-21;2026-07-21;0.0;163.65
17475655;1;1;0;47.0;47;2026-06-05;2026-06-05;0.0;715.5
17481148;1;1;0;145.0;145;2026-02-27;2026-02-27;0.0;627.0
17489189;3;3;0;307.0;357;2025-07-30;2025-11-27;0.0;806.4000000000001
17490765;2;1;1;48.5;95;2026-04-18;2026-07-20;0.0;713.25
17495342;1;0;1;22.0;22;2026-06-30;2026-06-30;0.0;1147.7
17497299;1;1;0;231.0;231;2025-12-03;2025-12-03;0.0;955.5
1750212;1;1;0;51.0;51;2026-06-01;2026-06-01;0.0;715.5
1751184;1;1;0;37.0;37;2026-06-15;2026-06-15;0.0;537.3
1751321;1;1;0;625.0;625;2024-11-04;2024-11-04;0.0;328.8
17514814;2;1;1;7.5;14;2026-07-08;2026-07-21;0.0;1125.0
17515061;1;1;0;22.0;22;2026-06-30;2026-06-30;0.0;957.5500000000001
17528065;1;1;0;8.0;8;2026-07-14;2026-07-14;0.0;717.3
17529728;1;0;1;2.0;2;2026-07-20;2026-07-20;0.0;283.5
17530784;2;2;0;37.5;47;2026-06-05;2026-06-24;0.0;717.6
17532449;1;1;0;594.0;594;2024-12-05;2024-12-05;0.0;348.90000000000003
17532512;1;0;1;9.0;9;2026-07-13;2026-07-13;0.0;726.3199999999999
17534590;1;1;0;475.0;475;2025-04-03;2025-04-03;0.0;1015.5
17537528;1;1;0;316.0;316;2025-09-09;2025-09-09;0.0;447.0
17538579;1;1;0;261.0;261;2025-11-03;2025-11-03;0.0;447.0
17542980;1;1;0;390.0;390;2025-06-27;2025-06-27;0.0;268.8
17543094;1;1;0;23.0;23;2026-06-29;2026-06-29;0.0;997.45
17543569;1;1;0;690.0;690;2024-08-31;2024-08-31;0.0;557.4
17544743;1;1;0;37.0;37;2026-06-15;2026-06-15;0.0;715.5
17563650;1;1;0;597.0;597;2024-12-02;2024-12-02;0.0;447.0
1756561;2;2;0;341.0;498;2025-03-11;2026-01-19;0.0;775.8
1757583;1;0;1;2.0;2;2026-07-20;2026-07-20;0.0;971.9499999999999
17577615;1;0;1;1.0;1;2026-07-21;2026-07-21;0.0;155.70000000000002
17577749;4;4;0;174.5;342;2025-08-14;2026-04-02;0.0;2149.2
17580425;1;1;0;44.0;44;2026-06-08;2026-06-08;0.0;388.8
17581349;1;0;1;2.0;2;2026-07-20;2026-07-20;0.0;391.47
17583394;2;2;0;52.0;54;2026-05-29;2026-06-02;0.0;777.6
17584428;1;0;1;1.0;1;2026-07-21;2026-07-21;0.0;113.7
17591537;1;1;0;72.0;72;2026-05-11;2026-05-11;100.0;760.2
17606003;1;1;0;169.0;169;2026-02-03;2026-02-03;0.0;537.3
17609473;2;0;2;12.5;16;2026-07-06;2026-07-13;0.0;2431.0600000000004
17612170;2;2;0;216.5;321;2025-09-04;2026-04-01;0.0;1394.6999999999998
17614468;1;1;0;601.0;601;2024-11-28;2024-11-28;100.0;1009.2
1761966;1;1;0;44.0;44;2026-06-08;2026-06-08;0.0;567.0
17620410;1;1;0;380.0;380;2025-07-07;2025-07-07;0.0;567.0
17623997;1;0;1;1.0;1;2026-07-21;2026-07-21;0.0;277.31
17629119;3;3;0;78.3;104;2026-04-09;2026-06-01;33.3;1269.3000000000002
1763418;1;1;0;61.0;61;2026-05-22;2026-05-22;0.0;657.3
17636666;1;1;0;370.0;370;2025-07-17;2025-07-17;0.0;715.5
1763820;1;0;1;4.0;4;2026-07-18;2026-07-18;0.0;587.1600000000001
17638754;1;1;0;132.0;132;2026-03-12;2026-03-12;100.0;880.2
1763975;1;1;0;9.0;9;2026-07-13;2026-07-13;0.0;268.8
17660038;7;7;0;155.7;399;2025-06-18;2026-07-10;71.4;3299.7000000000003
17662298;5;5;0;252.6;503;2025-03-06;2026-02-18;0.0;1944.0
17664561;2;2;0;199.5;379;2025-07-08;2026-07-02;0.0;807.3
17666201;10;10;0;10.7;13;2026-07-09;2026-07-15;0.0;4530.0
17681464;1;1;0;161.0;161;2026-02-11;2026-02-11;0.0;328.8
1768243;2;1;1;159.5;310;2025-09-15;2026-07-13;0.0;1386.5599999999997
1768371;2;2;0;19.5;23;2026-06-29;2026-07-06;0.0;3714.7
17687480;1;0;1;1.0;1;2026-07-21;2026-07-21;0.0;315.65
17688028;1;0;1;14.0;14;2026-07-08;2026-07-08;0.0;871.7
17690;2;0;2;4.0;7;2026-07-15;2026-07-21;0.0;1085.6499999999999
17692598;1;1;0;282.0;282;2025-10-13;2025-10-13;0.0;1015.5
17693429;1;0;1;2.0;2;2026-07-20;2026-07-20;0.0;614.25
1770608;2;0;2;2.0;2;2026-07-20;2026-07-20;0.0;151.6
17707330;2;2;0;1342.0;1342;2022-11-18;2022-11-18;0.0;837.0
17711358;1;1;0;46.0;46;2026-06-06;2026-06-06;0.0;557.4
17711635;1;1;0;159.0;159;2026-02-13;2026-02-13;0.0;557.4
17718603;2;2;0;124.0;177;2026-01-26;2026-05-12;0.0;1942.8
17733260;1;1;0;468.0;468;2025-04-10;2025-04-10;0.0;388.8
17736112;2;0;2;2.0;2;2026-07-20;2026-07-20;0.0;355.30000000000007
17737049;1;1;0;14.0;14;2026-07-08;2026-07-08;0.0;587.25
1773770;1;0;1;1.0;1;2026-07-21;2026-07-21;0.0;44.9
17741843;1;0;1;4.0;4;2026-07-18;2026-07-18;0.0;670.9499999999999
17743934;1;1;0;1349.0;1349;2022-11-11;2022-11-11;0.0;0.0
17744959;2;2;0;48.5;50;2026-06-02;2026-06-05;0.0;1911.0
1775366;1;1;0;23.0;23;2026-06-29;2026-06-29;0.0;310.75
17760281;1;1;0;144.0;144;2026-02-28;2026-02-28;0.0;447.0
17761010;2;2;0;77.0;152;2026-02-20;2026-07-20;0.0;777.6
17763900;2;2;0;221.0;315;2025-09-10;2026-03-17;0.0;715.8
17765521;1;0;1;3.0;3;2026-07-19;2026-07-19;0.0;265.3
17768317;2;2;0;200.0;200;2026-01-03;2026-01-03;0.0;1944.6
17768970;8;7;1;50.6;135;2026-03-09;2026-07-13;0.0;3029.75
17769025;4;4;0;604.5;1357;2022-11-03;2026-06-01;0.0;2268.3
17769335;1;1;0;56.0;56;2026-05-27;2026-05-27;0.0;328.8
17772306;1;1;0;282.0;282;2025-10-13;2025-10-13;0.0;328.8
17773584;1;1;0;354.0;354;2025-08-02;2025-08-02;0.0;268.8
1777996;2;2;0;157.0;257;2025-11-07;2026-05-26;0.0;715.8
17780519;4;1;3;28.0;99;2026-04-14;2026-07-20;0.0;3340.95
17784856;2;2;0;103.0;107;2026-04-06;2026-04-14;0.0;1392.9
17786412;1;1;0;112.0;112;2026-04-01;2026-04-01;0.0;268.8
17786499;2;2;0;41.5;44;2026-06-08;2026-06-13;100.0;1640.4
17787508;1;1;0;118.0;118;2026-03-26;2026-03-26;0.0;268.8
17787609;2;0;2;2.0;2;2026-07-20;2026-07-20;0.0;151.6
17791057;1;1;0;27.0;27;2026-06-25;2026-06-25;0.0;537.3
17791077;1;1;0;48.0;48;2026-06-04;2026-06-04;0.0;388.8
17792952;2;2;0;11.0;13;2026-07-09;2026-07-13;0.0;1014.0
17810455;1;1;0;1338.0;1338;2022-11-22;2022-11-22;0.0;448.5
17812674;4;4;0;678.5;1359;2022-11-01;2026-01-23;0.0;2030.1
17813507;1;0;1;1.0;1;2026-07-21;2026-07-21;0.0;149.7
17818686;1;1;0;125.0;125;2026-03-19;2026-03-19;0.0;268.8
17818957;4;4;0;185.0;215;2025-12-19;2026-02-05;0.0;1973.4
1782079;1;1;0;39.0;39;2026-06-13;2026-06-13;0.0;268.8
1782341;1;1;0;72.0;72;2026-05-11;2026-05-11;0.0;895.5
17831360;1;0;1;3.0;3;2026-07-19;2026-07-19;0.0;274.5
17831920;1;1;0;35.0;35;2026-06-17;2026-06-17;0.0;268.8
17833903;1;1;0;1300.0;1300;2022-12-30;2022-12-30;0.0;418.5
17837459;1;1;0;15.0;15;2026-07-07;2026-07-07;0.0;597.3
1784697;3;3;0;90.0;126;2026-03-18;2026-07-04;0.0;1046.4
17859288;1;0;1;2.0;2;2026-07-20;2026-07-20;0.0;659.0
17859648;4;0;4;4.2;5;2026-07-17;2026-07-20;0.0;1846.3
17860648;1;0;1;10.0;10;2026-07-12;2026-07-12;0.0;848.35
17861671;1;1;0;15.0;15;2026-07-07;2026-07-07;0.0;2325.45
17861724;6;6;0;102.7;334;2025-08-22;2026-06-25;0.0;2031.0
17861836;2;2;0;46.0;78;2026-05-05;2026-07-08;0.0;657.6
17862539;4;0;4;1.5;3;2026-07-19;2026-07-21;0.0;848.6000000000001
17868897;2;2;0;58.5;93;2026-04-20;2026-06-28;0.0;1492.8
17869334;2;2;0;113.0;197;2026-01-06;2026-06-23;50.0;1000.5
17869798;1;1;0;512.0;512;2025-02-25;2025-02-25;0.0;537.3
17877471;1;1;0;195.0;195;2026-01-08;2026-01-08;0.0;268.8
17879149;1;1;0;56.0;56;2026-05-27;2026-05-27;0.0;388.8
17891710;2;0;2;5.5;9;2026-07-13;2026-07-20;0.0;948.1
17893490;1;1;0;108.0;108;2026-04-05;2026-04-05;0.0;1497.3
1789415;2;2;0;720.5;1078;2023-08-09;2025-07-24;0.0;567.3
17896105;1;1;0;32.0;32;2026-06-20;2026-06-20;0.0;735.6
17896108;3;1;2;54.3;119;2026-03-25;2026-06-30;0.0;3152.3
17898288;2;0;2;5.0;8;2026-07-14;2026-07-20;0.0;743.4
17898393;2;1;1;267.5;516;2025-02-21;2026-07-03;0.0;3576.95
1790288;1;1;0;313.0;313;2025-09-12;2025-09-12;0.0;1675.5
1790783;1;1;0;100.0;100;2026-04-13;2026-04-13;0.0;767.4
1791007;5;3;2;16.4;37;2026-06-15;2026-07-21;0.0;2710.75
17914311;1;0;1;18.0;18;2026-07-04;2026-07-04;0.0;2247.12
17914690;1;0;1;4.0;4;2026-07-18;2026-07-18;0.0;718.4
17914698;1;0;1;4.0;4;2026-07-18;2026-07-18;0.0;449.1
179226;1;0;1;1.0;1;2026-07-21;2026-07-21;0.0;113.7
17928864;1;0;1;3.0;3;2026-07-19;2026-07-19;0.0;249.5
17931783;1;1;0;1343.0;1343;2022-11-17;2022-11-17;0.0;178.5
17936429;1;1;0;35.0;35;2026-06-17;2026-06-17;0.0;268.8
17941660;1;1;0;352.0;352;2025-08-04;2025-08-04;0.0;268.8
17949713;2;2;0;53.0;76;2026-05-07;2026-06-22;0.0;894.0
17953557;1;0;1;2.0;2;2026-07-20;2026-07-20;0.0;151.6
17971085;2;2;0;13.0;13;2026-07-09;2026-07-09;0.0;777.6
17973551;1;1;0;51.0;51;2026-06-01;2026-06-01;100.0;433.5
17974594;1;1;0;61.0;61;2026-05-22;2026-05-22;0.0;328.8
17974728;1;0;1;2.0;2;2026-07-20;2026-07-20;0.0;484.25
17974770;2;0;2;2.0;2;2026-07-20;2026-07-20;0.0;389.25
1797892;1;0;1;2.0;2;2026-07-20;2026-07-20;0.0;768.3499999999999
17981963;1;1;0;22.0;22;2026-06-30;2026-06-30;0.0;268.8
17982562;1;1;0;9.0;9;2026-07-13;2026-07-13;0.0;268.8
17983316;1;0;1;2.0;2;2026-07-20;2026-07-20;0.0;113.7
17983880;1;0;1;2.0;2;2026-07-20;2026-07-20;0.0;431.55000000000007
17990525;2;2;0;151.0;167;2026-02-05;2026-03-09;100.0;1184.1
17991422;1;1;0;478.0;478;2025-03-31;2025-03-31;0.0;388.8
17995004;1;1;0;805.0;805;2024-05-08;2024-05-08;0.0;537.3
17995083;1;0;1;2.0;2;2026-07-20;2026-07-20;0.0;439.2
17997560;1;1;0;29.0;29;2026-06-23;2026-06-23;0.0;639.25
18006647;3;3;0;45.0;63;2026-05-20;2026-07-06;0.0;2926.5
180067;4;4;0;134.5;307;2025-09-18;2026-06-18;0.0;2237.1
18023754;1;1;0;11.0;11;2026-07-11;2026-07-11;0.0;1125.45
18024995;1;1;0;1176.0;1176;2023-05-03;2023-05-03;0.0;298.5
18027698;1;0;1;1.0;1;2026-07-21;2026-07-21;0.0;149.7
18027869;1;1;0;218.0;218;2025-12-16;2025-12-16;0.0;388.8
18028827;1;1;0;18.0;18;2026-07-04;2026-07-04;0.0;1375.5
18029186;1;1;0;42.0;42;2026-06-10;2026-06-10;0.0;388.8
180361;3;1;2;10.7;28;2026-06-24;2026-07-20;0.0;1365.85
18037375;1;0;1;3.0;3;2026-07-19;2026-07-19;0.0;454.8
1804156;1;0;1;2.0;2;2026-07-20;2026-07-20;0.0;1823.5500000000002
18043721;1;1;0;8.0;8;2026-07-14;2026-07-14;0.0;945.6
18044892;1;0;1;8.0;8;2026-07-14;2026-07-14;0.0;548.9
1804693;9;9;0;103.9;252;2025-11-12;2026-06-12;0.0;3583.5
1804741;2;2;0;2759.0;4691;2013-09-17;2024-04-16;0.0;567.3
18049957;1;0;1;2.0;2;2026-07-20;2026-07-20;0.0;594.9900000000001
18061414;1;0;1;1.0;1;2026-07-21;2026-07-21;0.0;128.74
1806469;1;1;0;32.0;32;2026-06-20;2026-06-20;0.0;715.5
18079432;1;1;0;184.0;184;2026-01-19;2026-01-19;0.0;268.8
18081342;2;2;0;54.5;100;2026-04-13;2026-07-13;100.0;2110.3500000000004
18083292;1;1;0;476.0;476;2025-04-02;2025-04-02;100.0;313.5
18090875;1;1;0;652.0;652;2024-10-08;2024-10-08;0.0;388.8
18093704;1;1;0;1295.0;1295;2023-01-04;2023-01-04;0.0;298.5
18097833;2;2;0;109.5;112;2026-04-01;2026-04-06;0.0;687.3
18099650;5;3;2;115.6;435;2025-05-13;2026-07-21;0.0;1555.6
18107533;1;1;0;310.0;310;2025-09-15;2025-09-15;0.0;388.8
18108537;1;0;1;8.0;8;2026-07-14;2026-07-14;0.0;1188.3500000000001
18112504;1;1;0;533.0;533;2025-02-04;2025-02-04;0.0;567.0
18112545;1;1;0;49.0;49;2026-06-03;2026-06-03;0.0;447.0
18121934;1;0;1;2.0;2;2026-07-20;2026-07-20;0.0;239.45
1813797;1;0;1;7.0;7;2026-07-15;2026-07-15;0.0;379.0
18143402;1;1;0;279.0;279;2025-10-16;2025-10-16;0.0;507.0
18147550;4;0;4;5.2;13;2026-07-09;2026-07-20;0.0;4786.0
1815030;1;0;1;1.0;1;2026-07-21;2026-07-21;0.0;683.1999999999999
18151675;1;1;0;177.0;177;2026-01-26;2026-01-26;0.0;627.0
18156525;1;1;0;27.0;27;2026-06-25;2026-06-25;0.0;877.45
18156709;1;1;0;184.0;184;2026-01-19;2026-01-19;0.0;418.5
1819331;2;0;2;3.0;4;2026-07-18;2026-07-20;0.0;682.2
1819334;1;1;0;64.0;64;2026-05-19;2026-05-19;0.0;715.5
1819663;2;0;2;2.0;2;2026-07-20;2026-07-20;0.0;403.1
18204665;4;4;0;921.8;1273;2023-01-26;2025-05-03;0.0;1374.6
18211138;2;2;0;114.0;158;2026-02-14;2026-05-13;0.0;1074.6
18230681;1;1;0;47.0;47;2026-06-05;2026-06-05;0.0;925.5
18248178;1;1;0;28.0;28;2026-06-24;2026-06-24;0.0;608.95
18271371;3;3;0;263.3;393;2025-06-24;2026-01-24;0.0;806.4000000000001
18275422;1;1;0;25.0;25;2026-06-27;2026-06-27;0.0;967.45
18275585;2;2;0;1003.5;1079;2023-08-08;2024-01-06;0.0;1432.5
18286112;1;1;0;31.0;31;2026-06-21;2026-06-21;0.0;1105.5
1829749;6;0;6;6.5;16;2026-07-06;2026-07-19;0.0;17698.8
18308772;1;1;0;18.0;18;2026-07-04;2026-07-04;0.0;587.25
18309874;1;0;1;2.0;2;2026-07-20;2026-07-20;0.0;671.9
18311602;2;2;0;82.0;102;2026-04-11;2026-05-21;0.0;1672.8
18317702;1;1;0;106.0;106;2026-04-07;2026-04-07;0.0;268.8
183194;2;2;0;355.0;474;2025-04-04;2025-11-28;0.0;837.6
18349073;2;1;1;428.0;853;2024-03-21;2026-07-19;0.0;737.7
18353204;2;2;0;26.0;37;2026-06-15;2026-07-07;0.0;1034.25
18353868;1;1;0;735.0;735;2024-07-17;2024-07-17;100.0;666.9
18353875;5;5;0;89.0;199;2026-01-04;2026-07-21;0.0;2982.3
18357720;1;1;0;58.0;58;2026-05-25;2026-05-25;0.0;388.8
18359114;1;0;1;2.0;2;2026-07-20;2026-07-20;0.0;75.8
18359266;1;0;1;1.0;1;2026-07-21;2026-07-21;0.0;811.8299999999999
1836233;1;0;1;2.0;2;2026-07-20;2026-07-20;0.0;549.3100000000001
18363665;1;0;1;1.0;1;2026-07-21;2026-07-21;0.0;205.61999999999998
18379545;4;4;0;35.2;64;2026-05-19;2026-06-30;0.0;1855.2
18382770;10;10;0;188.0;191;2026-01-12;2026-02-11;100.0;8520.0
1841067;4;3;1;240.2;630;2024-10-30;2026-07-13;0.0;1661.8
1841274;1;1;0;13.0;13;2026-07-09;2026-07-09;0.0;268.8
18417078;2;2;0;175.5;179;2026-01-24;2026-01-31;100.0;1640.4
18417901;3;3;0;45.0;114;2026-03-30;2026-07-21;0.0;2118.0
18421350;2;2;0;105.5;111;2026-04-02;2026-04-13;0.0;657.6
18422853;4;4;0;72.5;98;2026-04-15;2026-06-17;0.0;2869.2
18428128;2;2;0;215.0;293;2025-10-02;2026-03-07;0.0;1582.5
1842941;1;1;0;294.0;294;2025-10-01;2025-10-01;0.0;388.8
18429715;2;2;0;626.5;1241;2023-02-27;2026-07-10;0.0;748.8
18430756;2;2;0;525.0;1043;2023-09-13;2026-07-15;0.0;996.1500000000001
18430789;1;1;0;14.0;14;2026-07-08;2026-07-08;0.0;328.8
18436912;4;4;0;32.8;36;2026-06-16;2026-06-24;0.0;1195.2
18437158;1;1;0;2.0;2;2026-07-20;2026-07-20;100.0;710.25
18441744;7;6;1;24.4;68;2026-05-15;2026-07-16;0.0;2468.1
18442347;1;0;1;10.0;10;2026-07-12;2026-07-12;0.0;1789.7099999999998
1844987;1;0;1;5.0;5;2026-07-17;2026-07-17;0.0;265.3
18462832;1;0;1;9.0;9;2026-07-13;2026-07-13;0.0;1139.85
1846284;3;3;0;104.0;130;2026-03-14;2026-05-28;0.0;1222.8
18464704;1;1;0;51.0;51;2026-06-01;2026-06-01;0.0;537.3
18466227;2;2;0;307.0;608;2024-11-21;2026-07-16;0.0;1454.25
18476036;2;2;0;549.0;1085;2023-08-02;2026-07-09;0.0;745.5
18477359;2;0;2;15.0;16;2026-07-06;2026-07-08;0.0;1404.8
18481067;1;1;0;230.0;230;2025-12-04;2025-12-04;0.0;857.4
18482566;1;1;0;579.0;579;2024-12-20;2024-12-20;0.0;715.5
18483946;1;1;0;146.0;146;2026-02-26;2026-02-26;0.0;537.3
18494527;3;3;0;69.3;105;2026-04-08;2026-06-12;100.0;940.5
18497225;4;4;0;85.2;184;2026-01-19;2026-07-03;50.0;1164.6
18512;1;1;0;141.0;141;2026-03-03;2026-03-03;0.0;268.8
18525345;1;1;0;121.0;121;2026-03-23;2026-03-23;100.0;582.0
18528757;1;1;0;1118.0;1118;2023-06-30;2023-06-30;100.0;993.9
18532978;1;1;0;83.0;83;2026-04-30;2026-04-30;0.0;447.0
1853320;1;1;0;15.0;15;2026-07-07;2026-07-07;0.0;447.0
1853363;1;0;1;2.0;2;2026-07-20;2026-07-20;0.0;239.39999999999998
18534911;3;3;0;111.0;163;2026-02-09;2026-06-06;0.0;2221.8
18537636;1;1;0;67.0;67;2026-05-16;2026-05-16;0.0;507.0
18545774;2;1;1;12.0;23;2026-06-29;2026-07-21;0.0;693.0
18547944;18;18;0;49.9;67;2026-05-16;2026-06-05;0.0;17321.399999999998
18556699;1;0;1;1.0;1;2026-07-21;2026-07-21;0.0;289.47
18561902;3;3;0;306.0;329;2025-08-27;2025-10-16;66.7;1074.0
18581973;3;1;2;35.3;103;2026-04-10;2026-07-21;0.0;1572.1
18583183;1;1;0;1258.0;1258;2023-02-10;2023-02-10;0.0;298.5
18583193;3;3;0;40.3;83;2026-04-30;2026-07-17;0.0;4270.05
18583604;1;1;0;1036.0;1036;2023-09-20;2023-09-20;0.0;448.8
18584152;1;1;0;374.0;374;2025-07-13;2025-07-13;0.0;268.8
18585828;1;0;1;2.0;2;2026-07-20;2026-07-20;0.0;361.35
18587460;1;1;0;86.0;86;2026-04-27;2026-04-27;0.0;537.3
18592900;1;0;1;1.0;1;2026-07-21;2026-07-21;0.0;231.63000000000002
18594310;1;0;1;6.0;6;2026-07-16;2026-07-16;0.0;269.4
1859771;1;1;0;3164.0;3164;2017-11-22;2017-11-22;0.0;358.5
18604148;1;0;1;16.0;16;2026-07-06;2026-07-06;0.0;798.4
18605450;1;1;0;102.0;102;2026-04-11;2026-04-11;0.0;447.0
18611624;1;1;0;263.0;263;2025-11-01;2025-11-01;0.0;715.5
18612391;2;0;2;2.0;2;2026-07-20;2026-07-20;0.0;878.4
1864191;1;0;1;3.0;3;2026-07-19;2026-07-19;0.0;583.7
18642312;1;1;0;307.0;307;2025-09-18;2025-09-18;0.0;388.8
18646190;1;1;0;146.0;146;2026-02-26;2026-02-26;0.0;388.8
18656064;1;1;0;51.0;51;2026-06-01;2026-06-01;0.0;447.0
18656265;1;1;0;182.0;182;2026-01-21;2026-01-21;0.0;715.5
18663334;2;2;0;511.0;523;2025-02-14;2025-03-10;100.0;1520.4
18665162;2;1;1;68.5;136;2026-03-08;2026-07-21;0.0;1188.85
18669367;1;1;0;142.0;142;2026-03-02;2026-03-02;0.0;328.8
18670656;2;1;1;16.5;32;2026-06-20;2026-07-21;0.0;898.95
18670784;1;0;1;2.0;2;2026-07-20;2026-07-20;0.0;249.5
18671991;4;4;0;25.2;58;2026-05-25;2026-07-18;0.0;1655.1
18672687;5;5;0;137.0;441;2025-05-07;2026-06-15;0.0;1344.0
18676904;1;1;0;72.0;72;2026-05-11;2026-05-11;0.0;837.3
18677404;1;1;0;114.0;114;2026-03-30;2026-03-30;0.0;448.8
18680213;2;1;1;12.0;22;2026-06-30;2026-07-20;0.0;420.4
18681058;1;1;0;142.0;142;2026-03-02;2026-03-02;0.0;388.8
18681159;1;1;0;113.0;113;2026-03-31;2026-03-31;0.0;268.8
18698277;1;0;1;2.0;2;2026-07-20;2026-07-20;0.0;99.8
18706518;2;0;2;3.0;3;2026-07-19;2026-07-19;0.0;3091.1499999999996
18708078;1;0;1;1.0;1;2026-07-21;2026-07-21;0.0;77.85000000000001
18709874;4;4;0;89.0;116;2026-03-28;2026-06-23;0.0;2335.2
18710305;1;1;0;13.0;13;2026-07-09;2026-07-09;0.0;887.25
18710625;1;1;0;8.0;8;2026-07-14;2026-07-14;0.0;318.75
18710892;1;1;0;208.0;208;2025-12-26;2025-12-26;0.0;268.8
18716749;1;1;0;49.0;49;2026-06-03;2026-06-03;0.0;507.0
18717;1;1;0;166.0;166;2026-02-06;2026-02-06;0.0;715.5
18719193;1;1;0;100.0;100;2026-04-13;2026-04-13;0.0;717.3
18724062;1;0;1;2.0;2;2026-07-20;2026-07-20;0.0;361.35
18726300;1;1;0;317.0;317;2025-09-08;2025-09-08;0.0;268.8
18727257;10;10;0;23.9;51;2026-06-01;2026-07-20;0.0;6578.4
18733229;1;0;1;1.0;1;2026-07-21;2026-07-21;0.0;521.15
18735780;2;1;1;35.5;70;2026-05-13;2026-07-21;0.0;995.3
18762570;1;1;0;3.0;3;2026-07-19;2026-07-19;0.0;388.8
18769322;4;1;3;16.2;51;2026-06-01;2026-07-20;0.0;5689.74
18774099;1;1;0;183.0;183;2026-01-20;2026-01-20;0.0;537.3
18777122;1;1;0;116.0;116;2026-03-28;2026-03-28;100.0;990.3000000000001
18780502;2;0;2;2.5;3;2026-07-19;2026-07-20;50.0;775.27
18782012;1;1;0;98.0;98;2026-04-15;2026-04-15;0.0;775.5
18783409;2;2;0;178.5;237;2025-11-27;2026-03-24;0.0;1004.4000000000001
18796041;2;2;0;84.5;105;2026-04-08;2026-05-19;0.0;1234.8
18796317;1;0;1;19.0;19;2026-07-03;2026-07-03;0.0;1726.5900000000001
18798542;3;3;0;151.0;250;2025-11-14;2026-04-13;0.0;1106.4
18799067;1;0;1;2.0;2;2026-07-20;2026-07-20;0.0;189.5
18805578;1;0;1;1.0;1;2026-07-21;2026-07-21;0.0;295.65000000000003
188092;1;1;0;300.0;300;2025-09-25;2025-09-25;100.0;1060.2
18813801;1;1;0;74.0;74;2026-05-09;2026-05-09;100.0;762.0
18816058;3;3;0;144.0;223;2025-12-11;2026-06-20;0.0;1335.0
18816854;1;0;1;15.0;15;2026-07-07;2026-07-07;0.0;568.5
1881934;1;0;1;8.0;8;2026-07-14;2026-07-14;0.0;2275.4500000000003
18820390;1;1;0;236.0;236;2025-11-28;2025-11-28;0.0;178.5
18820887;1;1;0;18.0;18;2026-07-04;2026-07-04;0.0;537.3
18825749;1;0;1;8.0;8;2026-07-14;2026-07-14;0.0;1230.3500000000001
18827803;1;1;0;135.0;135;2026-03-09;2026-03-09;0.0;557.4
18828305;9;9;0;826.6;1198;2023-04-11;2025-03-07;0.0;2896.5
18829255;1;1;0;449.0;449;2025-04-29;2025-04-29;100.0;642.0
18831375;1;1;0;1.0;1;2026-07-21;2026-07-21;0.0;318.75
18831811;1;1;0;526.0;526;2025-02-11;2025-02-11;0.0;448.8
18832462;1;1;0;159.0;159;2026-02-13;2026-02-13;0.0;747.3
18832620;1;0;1;5.0;5;2026-07-17;2026-07-17;0.0;1371.8300000000002
18833112;1;1;0;131.0;131;2026-03-13;2026-03-13;0.0;735.6
1883995;2;2;0;121.0;131;2026-03-13;2026-04-02;0.0;1264.5
18847660;1;1;0;78.0;78;2026-05-05;2026-05-05;0.0;715.5
18850345;1;1;0;503.0;503;2025-03-06;2025-03-06;0.0;627.0
18851425;1;1;0;85.0;85;2026-04-28;2026-04-28;0.0;537.3
18853849;1;1;0;170.0;170;2026-02-02;2026-02-02;0.0;328.8
18856230;2;0;2;4.0;6;2026-07-16;2026-07-20;0.0;714.5
18856816;1;1;0;114.0;114;2026-03-30;2026-03-30;0.0;657.3
1885756;2;2;0;131.0;134;2026-03-10;2026-03-16;0.0;597.6
18859744;1;1;0;23.0;23;2026-06-29;2026-06-29;0.0;877.45
18865414;1;1;0;72.0;72;2026-05-11;2026-05-11;100.0;760.2
18867508;1;0;1;1.0;1;2026-07-21;2026-07-21;0.0;337.5
188699;2;2;0;40.5;51;2026-06-01;2026-06-22;0.0;1324.45
18878513;1;1;0;122.0;122;2026-03-22;2026-03-22;0.0;328.8
18879710;4;4;0;84.0;119;2026-03-25;2026-06-24;0.0;2152.2
18880111;1;1;0;659.0;659;2024-10-01;2024-10-01;0.0;268.8
18896565;1;1;0;9.0;9;2026-07-13;2026-07-13;0.0;785.5500000000001
18903306;1;1;0;114.0;114;2026-03-30;2026-03-30;0.0;747.3
18905131;1;1;0;177.0;177;2026-01-26;2026-01-26;0.0;418.5
18905587;1;0;1;13.0;13;2026-07-09;2026-07-09;0.0;806.1600000000001
18906793;1;0;1;2.0;2;2026-07-20;2026-07-20;0.0;99.8
18913488;1;0;1;2.0;2;2026-07-20;2026-07-20;0.0;355.32000000000005
18913598;2;2;0;54.5;81;2026-05-02;2026-06-24;100.0;908.95
18919103;1;0;1;0.0;0;2026-07-22;2026-07-22;0.0;0.0
18920435;1;1;0;3.0;3;2026-07-19;2026-07-19;0.0;905.5500000000001
18941097;1;1;0;274.0;274;2025-10-21;2025-10-21;0.0;537.3
18942071;1;1;0;273.0;273;2025-10-22;2025-10-22;0.0;268.8
18942380;1;1;0;25.0;25;2026-06-27;2026-06-27;0.0;715.5
18942699;1;1;0;1001.0;1001;2023-10-25;2023-10-25;0.0;925.5
18943221;3;2;1;409.7;1199;2023-04-10;2026-07-13;0.0;1807.45
18944519;1;1;0;67.0;67;2026-05-16;2026-05-16;0.0;268.8
18944731;1;1;0;19.0;19;2026-07-03;2026-07-03;0.0;587.25
18944849;2;2;0;172.0;196;2026-01-07;2026-02-24;0.0;1364.6999999999998
18945143;1;1;0;547.0;547;2025-01-21;2025-01-21;0.0;328.8
18949782;1;1;0;28.0;28;2026-06-24;2026-06-24;0.0;1075.5
18950771;1;1;0;1106.0;1106;2023-07-12;2023-07-12;0.0;328.8
18955480;1;1;0;42.0;42;2026-06-10;2026-06-10;0.0;448.8
18960513;5;5;0;432.8;524;2025-02-13;2026-04-07;100.0;2970.0
18961880;3;3;0;101.7;127;2026-03-17;2026-05-22;66.7;2687.4
18962836;1;0;1;6.0;6;2026-07-16;2026-07-16;0.0;942.4000000000001
18964468;1;0;1;2.0;2;2026-07-20;2026-07-20;0.0;664.2
18966780;2;1;1;99.5;196;2026-01-07;2026-07-19;0.0;714.1500000000001
18969131;2;0;2;2.5;3;2026-07-19;2026-07-20;0.0;926.4600000000002
18983557;5;5;0;34.4;51;2026-06-01;2026-07-01;0.0;1522.2
18984121;1;1;0;78.0;78;2026-05-05;2026-05-05;100.0;780.3000000000001
18984923;1;0;1;3.0;3;2026-07-19;2026-07-19;0.0;664.2
18987055;2;2;0;138.0;156;2026-02-16;2026-03-24;0.0;1931.1
18990719;1;1;0;296.0;296;2025-09-29;2025-09-29;0.0;268.8
18992709;1;1;0;637.0;637;2024-10-23;2024-10-23;0.0;567.0
18996003;1;1;0;8.0;8;2026-07-14;2026-07-14;0.0;837.3
18996737;2;0;2;3.0;4;2026-07-18;2026-07-20;0.0;521.2
18998036;1;1;0;282.0;282;2025-10-13;2025-10-13;0.0;557.4
18998523;2;0;2;2.0;2;2026-07-20;2026-07-20;0.0;608.1
19002293;1;1;0;182.0;182;2026-01-21;2026-01-21;0.0;447.0
19002982;1;0;1;2.0;2;2026-07-20;2026-07-20;0.0;113.7
19004956;1;1;0;250.0;250;2025-11-14;2025-11-14;0.0;587.1
19005690;1;0;1;10.0;10;2026-07-12;2026-07-12;0.0;1348.0300000000002
19009834;1;1;0;191.0;191;2026-01-12;2026-01-12;0.0;567.0
19010485;1;0;1;6.0;6;2026-07-16;2026-07-16;0.0;1027.3000000000002
19031683;3;2;1;6.0;7;2026-07-15;2026-07-18;0.0;2746.95
1903343;2;2;0;21.0;39;2026-06-13;2026-07-19;0.0;1750.95
19038286;1;1;0;125.0;125;2026-03-19;2026-03-19;0.0;837.3
19038939;1;0;1;1.0;1;2026-07-21;2026-07-21;0.0;129.79000000000002
19039237;2;1;1;4.0;6;2026-07-16;2026-07-20;0.0;970.2
19045049;1;1;0;135.0;135;2026-03-09;2026-03-09;0.0;328.8
19045894;1;0;1;4.0;4;2026-07-18;2026-07-18;0.0;846.8299999999999
19046097;5;5;0;123.4;194;2026-01-09;2026-07-14;80.0;3334.65
19050702;1;1;0;243.0;243;2025-11-21;2025-11-21;100.0;760.2
19051772;2;2;0;40.0;43;2026-06-09;2026-06-15;0.0;537.6
19052340;3;3;0;40.3;41;2026-06-11;2026-06-12;0.0;2746.5
19054923;3;3;0;159.0;273;2025-10-22;2026-05-26;0.0;1162.8
19071047;1;1;0;97.0;97;2026-04-16;2026-04-16;0.0;895.5
19071374;1;0;1;3.0;3;2026-07-19;2026-07-19;0.0;609.2
19072505;1;1;0;267.0;267;2025-10-28;2025-10-28;0.0;328.8
19073718;4;4;0;266.2;331;2025-08-25;2026-03-02;0.0;1344.9
19074746;1;0;1;1.0;1;2026-07-21;2026-07-21;0.0;273.65000000000003
19075479;4;4;0;165.0;342;2025-08-14;2026-06-26;0.0;1731.6
19075716;1;0;1;1.0;1;2026-07-21;2026-07-21;0.0;541.35
19081965;1;0;1;1.0;1;2026-07-21;2026-07-21;0.0;433.35
19082081;1;0;1;2.0;2;2026-07-20;2026-07-20;0.0;449.15000000000003
19085309;1;1;0;42.0;42;2026-06-10;2026-06-10;0.0;268.8
19086629;3;2;1;5.7;9;2026-07-13;2026-07-20;0.0;4457.85
19089288;2;2;0;110.0;198;2026-01-05;2026-06-30;0.0;955.8
19092465;1;0;1;1.0;1;2026-07-21;2026-07-21;0.0;113.7
19097247;1;1;0;420.0;420;2025-05-28;2025-05-28;0.0;447.0
19115964;1;1;0;1191.0;1191;2023-04-18;2023-04-18;100.0;873.9
19117837;1;1;0;44.0;44;2026-06-08;2026-06-08;0.0;268.8
19118256;2;2;0;95.5;106;2026-04-07;2026-04-28;100.0;1015.5
1912374;1;0;1;1.0;1;2026-07-21;2026-07-21;0.0;74.88
19128841;1;1;0;195.0;195;2026-01-08;2026-01-08;100.0;611.7
19131193;1;1;0;516.0;516;2025-02-21;2025-02-21;0.0;388.8
19132153;1;0;1;14.0;14;2026-07-08;2026-07-08;0.0;606.4
19132517;1;0;1;18.0;18;2026-07-04;2026-07-04;0.0;998.0
19133384;2;2;0;62.0;75;2026-05-08;2026-06-03;0.0;746.1
19136706;5;5;0;401.6;880;2024-02-23;2026-02-23;100.0;1652.4
19136719;3;3;0;27.7;61;2026-05-22;2026-07-13;0.0;2369.7
19139152;1;1;0;68.0;68;2026-05-15;2026-05-15;0.0;268.8
19140617;2;2;0;52.0;96;2026-04-17;2026-07-14;50.0;1078.95
19161478;2;2;0;1085.5;1147;2023-06-01;2023-10-02;0.0;1548.0
19161919;1;1;0;77.0;77;2026-05-06;2026-05-06;0.0;915.6
19162437;1;0;1;3.0;3;2026-07-19;2026-07-19;0.0;539.1500000000001
19166447;1;1;0;12.0;12;2026-07-10;2026-07-10;0.0;328.8
19167151;1;1;0;14.0;14;2026-07-08;2026-07-08;0.0;507.0
19170359;3;2;1;52.0;142;2026-03-02;2026-07-22;0.0;537.6
19170826;1;1;0;13.0;13;2026-07-09;2026-07-09;0.0;616.95
1917157;1;0;1;1.0;1;2026-07-21;2026-07-21;0.0;489.0
19172217;3;3;0;786.7;1181;2023-04-28;2024-12-13;0.0;2088.6
19172647;1;1;0;3.0;3;2026-07-19;2026-07-19;0.0;1145.55
19172963;2;2;0;31.0;32;2026-06-20;2026-06-22;50.0;1161.25
19174002;15;15;0;95.8;120;2026-03-24;2026-07-14;93.3;6037.8
19176901;1;1;0;9.0;9;2026-07-13;2026-07-13;0.0;967.35
19185664;1;0;1;2.0;2;2026-07-20;2026-07-20;0.0;163.65
19187946;1;1;0;105.0;105;2026-04-08;2026-04-08;0.0;617.4
19188206;1;1;0;117.0;117;2026-03-27;2026-03-27;0.0;268.8
19188384;1;1;0;42.0;42;2026-06-10;2026-06-10;0.0;537.3
1918958;1;1;0;74.0;74;2026-05-09;2026-05-09;0.0;1165.5
19195606;1;0;1;1.0;1;2026-07-21;2026-07-21;0.0;391.47
1919610;1;1;0;113.0;113;2026-03-31;2026-03-31;100.0;671.7
1920583;1;1;0;34.0;34;2026-06-18;2026-06-18;0.0;447.0
19216391;1;1;0;37.0;37;2026-06-15;2026-06-15;0.0;795.6
19221846;3;3;0;61.7;85;2026-04-28;2026-06-15;0.0;1893.6
192222;4;0;4;1.8;2;2026-07-20;2026-07-21;0.0;530.6
19222543;1;1;0;357.0;357;2025-07-30;2025-07-30;0.0;955.5
19225419;1;1;0;335.0;335;2025-08-21;2025-08-21;0.0;447.0
19229597;2;2;0;124.0;191;2026-01-12;2026-05-26;0.0;1282.5
19232939;1;0;1;2.0;2;2026-07-20;2026-07-20;0.0;525.3100000000001
19233231;1;1;0;72.0;72;2026-05-11;2026-05-11;0.0;537.3
19233635;1;0;1;1.0;1;2026-07-21;2026-07-21;0.0;628.95
19233673;8;7;1;81.2;279;2025-10-16;2026-07-21;75.0;5036.2
1923934;1;0;1;1.0;1;2026-07-21;2026-07-21;0.0;355.40000000000003
19241593;1;1;0;21.0;21;2026-07-01;2026-07-01;0.0;537.3
19258725;6;6;0;240.7;342;2025-08-14;2026-06-16;0.0;6032.4
1926088;1;1;0;349.0;349;2025-08-07;2025-08-07;0.0;448.8
19265288;4;4;0;370.5;544;2025-01-24;2026-05-06;25.0;1726.8
19266153;1;1;0;65.0;65;2026-05-18;2026-05-18;0.0;597.3
19270927;2;1;1;50.5;100;2026-04-13;2026-07-21;0.0;965.8499999999999
1928122;6;6;0;73.2;134;2026-03-10;2026-07-08;100.0;2241.0
19281720;1;1;0;2.0;2;2026-07-20;2026-07-20;100.0;503.55000000000007
19283738;1;0;1;2.0;2;2026-07-20;2026-07-20;0.0;199.6
19284844;1;1;0;51.0;51;2026-06-01;2026-06-01;0.0;735.6
19285974;2;0;2;2.5;3;2026-07-19;2026-07-20;0.0;2270.35
19286332;1;1;0;98.0;98;2026-04-15;2026-04-15;0.0;388.8
19287043;1;0;1;1.0;1;2026-07-21;2026-07-21;0.0;77.85000000000001
19287200;1;1;0;148.0;148;2026-02-24;2026-02-24;0.0;268.8
19287287;1;1;0;277.0;277;2025-10-18;2025-10-18;0.0;447.0
19287489;1;1;0;904.0;904;2024-01-30;2024-01-30;0.0;448.8
19288374;1;1;0;16.0;16;2026-07-06;2026-07-06;0.0;268.8
19301708;1;0;1;18.0;18;2026-07-04;2026-07-04;0.0;795.9
19303209;1;0;1;2.0;2;2026-07-20;2026-07-20;0.0;762.9900000000001
19307517;1;1;0;143.0;143;2026-03-01;2026-03-01;0.0;715.5
19308224;1;0;1;2.0;2;2026-07-20;2026-07-20;0.0;201.55
19308274;3;3;0;160.0;170;2026-02-02;2026-03-04;0.0;866.4000000000001
19310282;1;0;1;2.0;2;2026-07-20;2026-07-20;0.0;683.95
1931399;1;1;0;89.0;89;2026-04-24;2026-04-24;0.0;448.8
19314370;1;1;0;190.0;190;2026-01-13;2026-01-13;0.0;1047.3
1931984;1;1;0;22.0;22;2026-06-30;2026-06-30;0.0;597.3
19320796;1;1;0;9.0;9;2026-07-13;2026-07-13;0.0;537.3
19324515;1;1;0;25.0;25;2026-06-27;2026-06-27;100.0;582.0
19332092;1;1;0;5.0;5;2026-07-17;2026-07-17;0.0;965.5500000000001
1934408;2;0;2;1.5;2;2026-07-20;2026-07-21;0.0;229.5
19347697;1;1;0;30.0;30;2026-06-22;2026-06-22;0.0;599.35
19348258;1;1;0;127.0;127;2026-03-17;2026-03-17;100.0;313.5
19349449;1;1;0;853.0;853;2024-03-21;2024-03-21;0.0;298.5
19350234;2;2;0;262.0;293;2025-10-02;2025-12-03;0.0;1972.8
1935314;1;0;1;1.0;1;2026-07-21;2026-07-21;0.0;115.69999999999999
19358639;3;3;0;176.7;309;2025-09-16;2026-05-04;0.0;2610.3
19358913;1;1;0;9.0;9;2026-07-13;2026-07-13;0.0;268.8
19361952;5;5;0;262.0;401;2025-06-16;2026-07-20;0.0;1584.0
1936254;3;3;0;66.0;79;2026-05-04;2026-06-02;0.0;2301.0
19362631;1;1;0;707.0;707;2024-08-14;2024-08-14;0.0;567.0
19364412;5;5;0;91.4;215;2025-12-19;2026-07-13;0.0;3429.0
19365115;1;1;0;15.0;15;2026-07-07;2026-07-07;0.0;268.8
19367157;1;1;0;364.0;364;2025-07-23;2025-07-23;0.0;447.0
1936801;1;0;1;11.0;11;2026-07-11;2026-07-11;0.0;493.9
19368072;2;1;1;17.0;19;2026-07-03;2026-07-07;0.0;2201.9799999999996
19369801;1;0;1;1.0;1;2026-07-21;2026-07-21;0.0;134.7
19373394;1;0;1;1.0;1;2026-07-21;2026-07-21;0.0;149.7
19375809;1;1;0;1064.0;1064;2023-08-23;2023-08-23;0.0;418.5
19376567;2;0;2;2.0;2;2026-07-20;2026-07-20;0.0;928.1
19377253;1;0;1;9.0;9;2026-07-13;2026-07-13;0.0;984.15
19388609;1;0;1;2.0;2;2026-07-20;2026-07-20;0.0;315.25
19389981;1;0;1;2.0;2;2026-07-20;2026-07-20;0.0;309.4
19390045;2;2;0;307.0;392;2025-06-25;2025-12-12;0.0;687.3
19392371;1;1;0;5.0;5;2026-07-17;2026-07-17;0.0;597.3
19393034;1;1;0;67.0;67;2026-05-16;2026-05-16;0.0;388.8
19393130;2;2;0;38.0;60;2026-05-23;2026-07-06;0.0;2371.05
19393503;1;1;0;387.0;387;2025-06-30;2025-06-30;0.0;617.4
19394156;1;0;1;2.0;2;2026-07-20;2026-07-20;0.0;496.15
19396062;1;1;0;49.0;49;2026-06-03;2026-06-03;0.0;747.3
19397149;1;1;0;197.0;197;2026-01-06;2026-01-06;0.0;537.3
19404127;1;1;0;523.0;523;2025-02-14;2025-02-14;0.0;447.0
19410417;2;2;0;66.0;67;2026-05-16;2026-05-18;0.0;1074.6
19410562;3;3;0;506.3;1139;2023-06-09;2026-07-21;0.0;2164.5
19411936;1;1;0;44.0;44;2026-06-08;2026-06-08;0.0;925.5
19417247;1;1;0;113.0;113;2026-03-31;2026-03-31;0.0;537.3
19419188;1;1;0;124.0;124;2026-03-20;2026-03-20;0.0;388.8
19420559;4;4;0;336.2;708;2024-08-13;2026-07-17;0.0;1790.4
19421134;1;0;1;5.0;5;2026-07-17;2026-07-17;0.0;420.95
19433486;1;1;0;107.0;107;2026-04-06;2026-04-06;100.0;820.2
19434830;1;1;0;182.0;182;2026-01-21;2026-01-21;0.0;897.3
19437027;1;0;1;2.0;2;2026-07-20;2026-07-20;0.0;189.7
19437109;2;2;0;38.5;56;2026-05-27;2026-07-01;0.0;1162.5
19437151;1;0;1;11.0;11;2026-07-11;2026-07-11;0.0;956.7299999999999
19442028;1;1;0;5.0;5;2026-07-17;2026-07-17;0.0;447.0
19442572;1;1;0;86.0;86;2026-04-27;2026-04-27;0.0;597.3
19444863;1;1;0;67.0;67;2026-05-16;2026-05-16;0.0;778.5
19446547;1;1;0;36.0;36;2026-06-16;2026-06-16;0.0;388.8
19450089;1;0;1;5.0;5;2026-07-17;2026-07-17;0.0;568.5
19452369;1;1;0;616.0;616;2024-11-13;2024-11-13;0.0;328.8
19453142;2;2;0;390.5;468;2025-04-10;2025-09-12;0.0;1492.8
1945816;3;2;1;99.7;194;2026-01-09;2026-07-20;0.0;1193.6
1946015;1;0;1;2.0;2;2026-07-20;2026-07-20;0.0;399.2
19463680;1;1;0;1139.0;1139;2023-06-09;2023-06-09;0.0;298.5
1946427;2;1;1;33.5;50;2026-06-02;2026-07-05;0.0;2950.6800000000003
19466927;2;2;0;87.5;99;2026-04-14;2026-05-07;0.0;986.0999999999999
1946820;6;6;0;224.0;667;2024-09-23;2026-07-13;0.0;3165.0
19468221;1;1;0;107.0;107;2026-04-06;2026-04-06;0.0;268.8
19470480;1;1;0;109.0;109;2026-04-04;2026-04-04;0.0;1015.5
19481938;5;0;5;1.6;2;2026-07-20;2026-07-21;0.0;728.5
1948634;1;1;0;50.0;50;2026-06-02;2026-06-02;0.0;715.5
194966;1;1;0;177.0;177;2026-01-26;2026-01-26;0.0;328.8
19500670;1;1;0;1105.0;1105;2023-07-13;2023-07-13;0.0;478.5
19503514;1;1;0;184.0;184;2026-01-19;2026-01-19;0.0;268.8
19504045;1;1;0;40.0;40;2026-06-12;2026-06-12;0.0;328.8
19505887;1;0;1;14.0;14;2026-07-08;2026-07-08;0.0;807.95
19529605;1;0;1;2.0;2;2026-07-20;2026-07-20;0.0;1392.15
19529724;1;1;0;58.0;58;2026-05-25;2026-05-25;0.0;775.5
19530861;5;0;5;3.6;8;2026-07-14;2026-07-21;0.0;5954.099999999999
19530964;1;1;0;89.0;89;2026-04-24;2026-04-24;100.0;942.0
19532776;1;0;1;2.0;2;2026-07-20;2026-07-20;0.0;189.5
19532847;1;1;0;322.0;322;2025-09-03;2025-09-03;0.0;418.5
19533363;1;1;0;351.0;351;2025-08-05;2025-08-05;0.0;537.3
19541003;2;2;0;76.5;133;2026-03-11;2026-07-02;0.0;1514.25
19541725;2;0;2;1.0;1;2026-07-21;2026-07-21;0.0;296.58000000000004
19545261;1;0;1;2.0;2;2026-07-20;2026-07-20;0.0;134.7
19548907;1;0;1;1.0;1;2026-07-21;2026-07-21;0.0;466.84999999999997
19551381;1;1;0;16.0;16;2026-07-06;2026-07-06;0.0;1225.5
19552362;1;0;1;4.0;4;2026-07-18;2026-07-18;0.0;277.35
19553016;1;1;0;74.0;74;2026-05-09;2026-05-09;0.0;388.8
19553396;1;1;0;30.0;30;2026-06-22;2026-06-22;0.0;779.35
19554096;1;1;0;64.0;64;2026-05-19;2026-05-19;0.0;447.0
19560777;1;1;0;1122.0;1122;2023-06-26;2023-06-26;0.0;615.5999999999999
19561706;2;2;0;169.0;169;2026-02-03;2026-02-03;0.0;657.6
1956196;1;0;1;1.0;1;2026-07-21;2026-07-21;0.0;37.9
19565009;1;1;0;9.0;9;2026-07-13;2026-07-13;0.0;268.8
19574758;1;1;0;44.0;44;2026-06-08;2026-06-08;0.0;418.5
19586582;1;1;0;53.0;53;2026-05-30;2026-05-30;0.0;987.3
19587445;4;3;1;40.8;72;2026-05-11;2026-07-21;0.0;4057.27
19595348;1;1;0;702.0;702;2024-08-19;2024-08-19;0.0;328.8
19597057;1;1;0;987.0;987;2023-11-08;2023-11-08;0.0;447.0
19602255;4;0;4;2.0;2;2026-07-20;2026-07-20;0.0;698.5
19602792;1;1;0;54.0;54;2026-05-29;2026-05-29;0.0;448.8
19604456;1;0;1;2.0;2;2026-07-20;2026-07-20;0.0;322.47
19608750;1;0;1;4.0;4;2026-07-18;2026-07-18;0.0;151.6
19609115;1;1;0;40.0;40;2026-06-12;2026-06-12;0.0;657.3
19610313;5;5;0;51.4;55;2026-05-28;2026-06-03;0.0;2001.6
19610751;1;1;0;79.0;79;2026-05-04;2026-05-04;0.0;268.8
19610948;1;1;0;105.0;105;2026-04-08;2026-04-08;0.0;268.8
19611329;3;3;0;551.7;1008;2023-10-18;2026-02-13;0.0;3355.2
1962707;1;1;0;9.0;9;2026-07-13;2026-07-13;0.0;447.0
19627761;1;1;0;15.0;15;2026-07-07;2026-07-07;0.0;597.3
19631797;3;3;0;142.7;196;2026-01-07;2026-05-11;0.0;1046.4
1963450;1;0;1;1.0;1;2026-07-21;2026-07-21;0.0;396.45000000000005
19635757;1;1;0;25.0;25;2026-06-27;2026-06-27;0.0;1075.5
19637131;1;1;0;17.0;17;2026-07-05;2026-07-05;0.0;1355.55
19640405;5;5;0;72.4;109;2026-04-04;2026-07-02;0.0;5484.85
19640411;2;2;0;60.5;112;2026-04-01;2026-07-13;0.0;597.6
19645653;2;2;0;51.0;76;2026-05-07;2026-06-26;0.0;657.6
19645948;1;0;1;2.0;2;2026-07-20;2026-07-20;0.0;558.9000000000001
19646309;2;2;0;170.0;170;2026-02-02;2026-02-02;0.0;1254.0
19648084;3;1;2;37.3;100;2026-04-13;2026-07-18;0.0;1225.1
19657150;1;0;1;5.0;5;2026-07-17;2026-07-17;0.0;906.3
19664188;1;0;1;2.0;2;2026-07-20;2026-07-20;0.0;245.70000000000002
19664751;2;2;0;650.0;931;2024-01-03;2025-07-18;0.0;879.3
19665431;1;1;0;1.0;1;2026-07-21;2026-07-21;0.0;647.25
196736;1;1;0;431.0;431;2025-05-17;2025-05-17;0.0;268.8
19682291;1;1;0;9.0;9;2026-07-13;2026-07-13;0.0;328.8
19683149;5;5;0;141.0;266;2025-10-29;2026-07-10;0.0;3789.6
19692074;1;1;0;79.0;79;2026-05-04;2026-05-04;0.0;388.8
19692497;1;1;0;49.0;49;2026-06-03;2026-06-03;0.0;687.0
19692928;1;1;0;540.0;540;2025-01-28;2025-01-28;0.0;447.0
19695682;1;0;1;9.0;9;2026-07-13;2026-07-13;0.0;1204.6499999999999
19697485;1;1;0;239.0;239;2025-11-25;2025-11-25;0.0;735.6
19697880;2;2;0;65.0;114;2026-03-30;2026-07-06;0.0;1974.6
19699036;1;0;1;3.0;3;2026-07-19;2026-07-19;0.0;389.25
19706021;1;1;0;179.0;179;2026-01-24;2026-01-24;0.0;1395.6
19713986;1;1;0;166.0;166;2026-02-06;2026-02-06;0.0;268.8
19715922;1;1;0;150.0;150;2026-02-22;2026-02-22;0.0;1015.5
19728787;1;0;1;2.0;2;2026-07-20;2026-07-20;0.0;165.65
19729316;1;0;1;6.0;6;2026-07-16;2026-07-16;0.0;703.0500000000001
19736797;1;1;0;37.0;37;2026-06-15;2026-06-15;0.0;268.8
19738118;2;0;2;2.5;3;2026-07-19;2026-07-20;0.0;2385.5400000000004
19738715;1;1;0;251.0;251;2025-11-13;2025-11-13;0.0;328.8
19740318;1;0;1;8.0;8;2026-07-14;2026-07-14;0.0;590.85
19740767;1;1;0;304.0;304;2025-09-21;2025-09-21;0.0;328.8
1974088;1;1;0;461.0;461;2025-04-17;2025-04-17;0.0;388.8
19741450;1;1;0;167.0;167;2026-02-05;2026-02-05;0.0;955.5
19745723;1;1;0;36.0;36;2026-06-16;2026-06-16;0.0;268.8
1975135;1;0;1;2.0;2;2026-07-20;2026-07-20;0.0;179.6
19752455;11;11;0;126.1;200;2026-01-03;2026-07-21;0.0;11994.0
19761451;1;1;0;860.0;860;2024-03-14;2024-03-14;0.0;447.0
19781049;2;2;0;28.5;35;2026-06-17;2026-06-30;0.0;1134.0
19782498;1;0;1;5.0;5;2026-07-17;2026-07-17;0.0;1298.3500000000001
19788169;1;1;0;86.0;86;2026-04-27;2026-04-27;0.0;897.3
19790410;3;2;1;169.3;492;2025-03-17;2026-07-21;0.0;1304.9
19790578;4;0;4;5.5;12;2026-07-10;2026-07-21;0.0;2234.7
19796325;1;1;0;169.0;169;2026-02-03;2026-02-03;0.0;715.5
19798024;2;2;0;848.0;848;2024-03-26;2024-03-26;0.0;1911.0
19803102;1;1;0;25.0;25;2026-06-27;2026-06-27;0.0;1227.55
1980490;1;1;0;370.0;370;2025-07-17;2025-07-17;0.0;448.8
1981205;1;1;0;9.0;9;2026-07-13;2026-07-13;0.0;1057.35
19812219;1;1;0;191.0;191;2026-01-12;2026-01-12;100.0;842.1
1981490;2;2;0;66.5;106;2026-04-07;2026-06-25;0.0;894.0
19833528;1;0;1;2.0;2;2026-07-20;2026-07-20;0.0;467.40000000000003
19835437;2;2;0;109.0;189;2026-01-14;2026-06-23;0.0;1086.25
19836452;1;1;0;1024.0;1024;2023-10-02;2023-10-02;0.0;418.5
19836886;1;1;0;176.0;176;2026-01-27;2026-01-27;0.0;617.4
1983842;1;0;1;3.0;3;2026-07-19;2026-07-19;0.0;249.5
19841404;2;2;0;83.0;83;2026-04-30;2026-04-30;0.0;1314.6
19841596;1;0;1;1.0;1;2026-07-21;2026-07-21;0.0;163.65
19842082;2;2;0;386.0;632;2024-10-28;2026-03-04;0.0;717.0
19842300;1;0;1;1.0;1;2026-07-21;2026-07-21;0.0;205.85000000000002
19843241;4;3;1;22.5;51;2026-06-01;2026-07-15;0.0;3584.1000000000004
19843823;1;1;0;228.0;228;2025-12-06;2025-12-06;0.0;835.5
19844372;2;2;0;185.0;188;2026-01-15;2026-01-21;0.0;1074.6
19847531;2;2;0;800.0;907;2024-01-27;2024-08-28;0.0;954.0
19848828;1;1;0;133.0;133;2026-03-11;2026-03-11;0.0;478.5
19849918;1;1;0;265.0;265;2025-10-30;2025-10-30;0.0;388.8
19850056;6;2;4;70.3;391;2025-06-26;2026-07-21;0.0;1582.6
19851560;2;0;2;2.5;4;2026-07-18;2026-07-21;0.0;553.8
19851833;1;1;0;86.0;86;2026-04-27;2026-04-27;0.0;268.8
1985399;3;1;2;139.7;414;2025-06-03;2026-07-20;0.0;1833.3
19856943;1;1;0;218.0;218;2025-12-16;2025-12-16;0.0;328.8
19866375;4;4;0;634.8;828;2024-04-15;2026-05-19;0.0;3198.8999999999996
19867471;1;0;1;2.0;2;2026-07-20;2026-07-20;0.0;352.47
19868494;2;2;0;104.5;151;2026-02-21;2026-05-25;0.0;1354.8
19876325;1;1;0;33.0;33;2026-06-19;2026-06-19;0.0;735.6
19877635;2;2;0;5.0;9;2026-07-13;2026-07-21;0.0;777.6
19881463;1;1;0;14.0;14;2026-07-08;2026-07-08;0.0;318.75
19882146;2;2;0;273.0;523;2025-02-14;2026-06-29;0.0;777.6
19882190;1;1;0;30.0;30;2026-06-22;2026-06-22;100.0;1182.25
19885623;1;1;0;2.0;2;2026-07-20;2026-07-20;0.0;448.8
19886985;1;1;0;93.0;93;2026-04-20;2026-04-20;0.0;775.5
19888589;1;1;0;562.0;562;2025-01-06;2025-01-06;0.0;775.5
19890226;110;110;0;35.6;322;2025-09-03;2026-07-21;0.0;81007.0
19895603;1;0;1;2.0;2;2026-07-20;2026-07-20;0.0;249.55
19896122;1;1;0;974.0;974;2023-11-21;2023-11-21;0.0;418.5
1989673;1;1;0;161.0;161;2026-02-11;2026-02-11;0.0;268.8
19901639;1;1;0;58.0;58;2026-05-25;2026-05-25;0.0;507.0
19905470;1;1;0;81.0;81;2026-05-02;2026-05-02;0.0;1105.5
19910037;13;13;0;149.4;411;2025-06-06;2026-05-05;0.0;7602.0
19911877;1;0;1;2.0;2;2026-07-20;2026-07-20;0.0;189.5
19913949;2;2;0;188.0;188;2026-01-15;2026-01-15;0.0;777.6
1992099;1;1;0;6.0;6;2026-07-16;2026-07-16;0.0;1047.3
19931172;2;1;1;133.0;264;2025-10-31;2026-07-20;0.0;420.4
19931310;1;1;0;391.0;391;2025-06-26;2025-06-26;0.0;537.3
19932512;1;0;1;5.0;5;2026-07-17;2026-07-17;0.0;1576.8
19932586;1;0;1;5.0;5;2026-07-17;2026-07-17;0.0;265.3
19938659;1;1;0;166.0;166;2026-02-06;2026-02-06;0.0;567.0
19939839;1;1;0;75.0;75;2026-05-08;2026-05-08;0.0;537.3
19940877;2;0;2;8.5;16;2026-07-06;2026-07-21;0.0;2729.27
19946278;2;2;0;75.5;100;2026-04-13;2026-06-01;0.0;986.0999999999999
19946561;1;0;1;4.0;4;2026-07-18;2026-07-18;0.0;349.3
19947157;1;1;0;97.0;97;2026-04-16;2026-04-16;0.0;268.8
19950977;5;5;0;257.6;504;2025-03-05;2026-05-28;0.0;4740.9
1995122;1;1;0;58.0;58;2026-05-25;2026-05-25;0.0;268.8
19952087;1;0;1;2.0;2;2026-07-20;2026-07-20;0.0;151.6
19954903;1;1;0;184.0;184;2026-01-19;2026-01-19;0.0;507.0
1995683;1;1;0;35.0;35;2026-06-17;2026-06-17;0.0;447.0
19959222;1;1;0;89.0;89;2026-04-24;2026-04-24;0.0;268.8
19964916;1;1;0;352.0;352;2025-08-04;2025-08-04;0.0;567.0
1996772;1;1;0;50.0;50;2026-06-02;2026-06-02;0.0;775.5
19979553;2;2;0;16.0;16;2026-07-06;2026-07-06;0.0;2631.0
19986327;1;1;0;177.0;177;2026-01-26;2026-01-26;0.0;268.8
19986343;1;0;1;1.0;1;2026-07-21;2026-07-21;0.0;479.03999999999996
19992503;1;1;0;349.0;349;2025-08-07;2025-08-07;0.0;748.8
20001078;1;0;1;5.0;5;2026-07-17;2026-07-17;0.0;443.9
20001103;1;1;0;169.0;169;2026-02-03;2026-02-03;0.0;418.5
20001438;1;1;0;21.0;21;2026-07-01;2026-07-01;0.0;388.8
20001671;1;1;0;1059.0;1059;2023-08-28;2023-08-28;0.0;507.0
20003533;2;2;0;292.5;324;2025-09-01;2025-11-03;100.0;536.7
20003546;1;1;0;1043.0;1043;2023-09-13;2023-09-13;0.0;444.3
20003693;1;0;1;2.0;2;2026-07-20;2026-07-20;0.0;151.6
20004013;1;1;0;174.0;174;2026-01-29;2026-01-29;0.0;328.8
20007831;3;3;0;136.0;282;2025-10-13;2026-05-25;0.0;956.1
20007958;1;0;1;7.0;7;2026-07-15;2026-07-15;0.0;618.45
2000804;1;1;0;268.0;268;2025-10-27;2025-10-27;0.0;715.5
20008848;1;1;0;184.0;184;2026-01-19;2026-01-19;0.0;975.6
20011094;1;0;1;3.0;3;2026-07-19;2026-07-19;0.0;660.69
20026275;1;0;1;1.0;1;2026-07-21;2026-07-21;0.0;497.35
20028878;3;3;0;46.3;104;2026-04-09;2026-07-07;0.0;1366.9
20029131;3;3;0;150.0;265;2025-10-30;2026-07-14;0.0;1016.1
20033460;1;0;1;2.0;2;2026-07-20;2026-07-20;0.0;297.7
20035144;1;1;0;91.0;91;2026-04-22;2026-04-22;0.0;268.8
20035412;2;2;0;49.0;51;2026-06-01;2026-06-05;0.0;2094.6
20039496;3;3;0;41.7;104;2026-04-09;2026-07-20;33.3;2696.7
20040333;2;2;0;346.5;498;2025-03-11;2026-01-08;0.0;597.3
20042798;1;1;0;119.0;119;2026-03-25;2026-03-25;0.0;328.8
20042892;1;1;0;100.0;100;2026-04-13;2026-04-13;0.0;1035.6
20043491;1;0;1;1.0;1;2026-07-21;2026-07-21;0.0;227.65000000000003
20046467;2;2;0;126.5;192;2026-01-11;2026-05-22;0.0;1571.1
20048871;1;1;0;177.0;177;2026-01-26;2026-01-26;0.0;268.8
20049847;1;1;0;27.0;27;2026-06-25;2026-06-25;0.0;310.75
20050311;2;2;0;201.5;261;2025-11-03;2026-03-02;0.0;715.8
20055435;1;1;0;53.0;53;2026-05-30;2026-05-30;0.0;388.8
20057802;1;1;0;364.0;364;2025-07-23;2025-07-23;0.0;597.3
2006039;1;0;1;4.0;4;2026-07-18;2026-07-18;0.0;201.55
2006707;1;1;0;46.0;46;2026-06-06;2026-06-06;0.0;328.8
20071654;1;0;1;1.0;1;2026-07-21;2026-07-21;0.0;349.3
20077258;1;1;0;195.0;195;2026-01-08;2026-01-08;0.0;717.3
20078502;1;0;1;2.0;2;2026-07-20;2026-07-20;0.0;735.3499999999999
20082136;1;0;1;1.0;1;2026-07-21;2026-07-21;0.0;787.0500000000001
20082577;1;0;1;1.0;1;2026-07-21;2026-07-21;0.0;1136.2700000000002
20091145;1;1;0;49.0;49;2026-06-03;2026-06-03;0.0;328.8
20095311;1;0;1;2.0;2;2026-07-20;2026-07-20;0.0;671.9
20096299;3;3;0;87.0;135;2026-03-09;2026-06-02;0.0;3660.3
2010074;3;0;3;1.7;2;2026-07-20;2026-07-21;0.0;686.95
20107663;1;0;1;1.0;1;2026-07-21;2026-07-21;0.0;149.7
20108074;1;1;0;504.0;504;2025-03-05;2025-03-05;0.0;955.5
20108453;1;0;1;1.0;1;2026-07-21;2026-07-21;0.0;227.65000000000003
20108568;1;1;0;102.0;102;2026-04-11;2026-04-11;0.0;268.8
20125496;1;0;1;1.0;1;2026-07-21;2026-07-21;0.0;149.7
20126810;1;1;0;200.0;200;2026-01-03;2026-01-03;0.0;268.8
20127134;1;0;1;4.0;4;2026-07-18;2026-07-18;0.0;249.5
20130543;1;0;1;2.0;2;2026-07-20;2026-07-20;0.0;671.9
20131470;1;1;0;118.0;118;2026-03-26;2026-03-26;0.0;537.3
20131588;1;1;0;41.0;41;2026-06-11;2026-06-11;0.0;737.4
20132018;1;1;0;100.0;100;2026-04-13;2026-04-13;0.0;627.0
20135723;1;1;0;72.0;72;2026-05-11;2026-05-11;0.0;567.0
20136064;1;1;0;63.0;63;2026-05-20;2026-05-20;100.0;582.0
20136166;1;0;1;1.0;1;2026-07-21;2026-07-21;0.0;385.5
20136478;1;1;0;9.0;9;2026-07-13;2026-07-13;0.0;388.8
20138716;7;7;0;78.4;151;2026-02-21;2026-07-21;0.0;2407.9
20139360;3;3;0;300.0;547;2025-01-21;2026-01-31;0.0;1086.6000000000001
20140103;1;1;0;60.0;60;2026-05-23;2026-05-23;0.0;447.0
20140560;2;1;1;92.0;177;2026-01-26;2026-07-15;50.0;1974.75
20142511;1;1;0;9.0;9;2026-07-13;2026-07-13;0.0;1225.5
20145335;1;1;0;47.0;47;2026-06-05;2026-06-05;0.0;955.5
20145807;2;1;1;75.0;147;2026-02-25;2026-07-19;50.0;1600.9500000000003
20146310;3;2;1;12.7;22;2026-06-30;2026-07-21;0.0;711.3000000000001
20149723;1;1;0;114.0;114;2026-03-30;2026-03-30;0.0;657.3
2015101;4;0;4;2.5;4;2026-07-18;2026-07-20;0.0;700.4
20154471;2;2;0;35.5;68;2026-05-15;2026-07-19;0.0;1065.75
20154605;1;0;1;6.0;6;2026-07-16;2026-07-16;0.0;664.35
20154925;1;1;0;610.0;610;2024-11-19;2024-11-19;0.0;298.5
20156541;1;1;0;139.0;139;2026-03-05;2026-03-05;100.0;962.1
20163342;1;1;0;12.0;12;2026-07-10;2026-07-10;0.0;587.25
20164895;2;2;0;472.0;475;2025-04-03;2025-04-09;0.0;657.6
20166618;2;2;0;2.0;2;2026-07-20;2026-07-20;100.0;983.4
20167218;2;2;0;66.5;96;2026-04-17;2026-06-15;0.0;597.6
2016856;1;0;1;2.0;2;2026-07-20;2026-07-20;0.0;479.25
2017758;1;1;0;131.0;131;2026-03-13;2026-03-13;0.0;507.0
20182796;1;0;1;6.0;6;2026-07-16;2026-07-16;0.0;909.9
2018686;2;1;1;54.5;108;2026-04-05;2026-07-21;0.0;808.1
20192866;1;1;0;60.0;60;2026-05-23;2026-05-23;0.0;298.5
20195661;1;1;0;137.0;137;2026-03-07;2026-03-07;100.0;602.1
20198981;4;4;0;684.0;1022;2023-10-04;2026-06-16;0.0;2760.0
20199924;1;0;1;2.0;2;2026-07-20;2026-07-20;0.0;283.5
20202825;1;1;0;181.0;181;2026-01-22;2026-01-22;0.0;775.5
20208757;1;1;0;127.0;127;2026-03-17;2026-03-17;0.0;328.8
20209475;1;0;1;2.0;2;2026-07-20;2026-07-20;0.0;405.35
2021011;2;2;0;531.5;683;2024-09-07;2025-07-07;0.0;657.6
20210771;1;1;0;1034.0;1034;2023-09-22;2023-09-22;0.0;448.5
20211580;1;1;0;70.0;70;2026-05-13;2026-05-13;0.0;777.3
20212813;1;1;0;65.0;65;2026-05-18;2026-05-18;0.0;268.8
20216165;1;1;0;651.0;651;2024-10-09;2024-10-09;0.0;567.0
20217271;1;1;0;348.0;348;2025-08-08;2025-08-08;0.0;657.3
20217952;1;1;0;22.0;22;2026-06-30;2026-06-30;0.0;599.35
20218983;1;1;0;632.0;632;2024-10-28;2024-10-28;0.0;557.1
20219284;1;1;0;99.0;99;2026-04-14;2026-04-14;0.0;268.8
20219778;1;0;1;2.0;2;2026-07-20;2026-07-20;0.0;505.31
20220516;1;0;1;8.0;8;2026-07-14;2026-07-14;0.0;548.95
20236327;1;0;1;2.0;2;2026-07-20;2026-07-20;0.0;385.5
20238071;1;1;0;12.0;12;2026-07-10;2026-07-10;0.0;587.25
20240125;3;3;0;413.0;599;2024-11-30;2025-12-01;0.0;1581.0
20241191;1;1;0;16.0;16;2026-07-06;2026-07-06;0.0;767.25
20241246;10;10;0;114.5;530;2025-02-07;2026-06-10;10.0;2852.7000000000003
20242037;1;0;1;1.0;1;2026-07-21;2026-07-21;0.0;147.79000000000002
20247317;2;2;0;182.0;190;2026-01-13;2026-01-29;0.0;1931.1
20248379;2;1;1;4.5;7;2026-07-15;2026-07-20;0.0;785.5999999999999
20251543;1;1;0;133.0;133;2026-03-11;2026-03-11;0.0;268.8
20253964;2;2;0;13.0;21;2026-07-01;2026-07-17;0.0;1044.3
20254712;2;2;0;46.5;49;2026-06-03;2026-06-08;0.0;2272.8
20256205;1;1;0;1015.0;1015;2023-10-11;2023-10-11;0.0;418.5
20261711;2;2;0;86.5;161;2026-02-11;2026-07-10;0.0;765.75
20264170;1;1;0;266.0;266;2025-10-29;2025-10-29;0.0;737.4
20265236;1;1;0;125.0;125;2026-03-19;2026-03-19;0.0;447.0
20267145;1;1;0;495.0;495;2025-03-14;2025-03-14;0.0;268.8
20267525;3;3;0;49.0;113;2026-03-31;2026-07-10;0.0;1701.0
20270137;4;4;0;13.5;29;2026-06-23;2026-07-14;0.0;1403.7
20271856;1;0;1;2.0;2;2026-07-20;2026-07-20;0.0;199.6
20275745;1;1;0;23.0;23;2026-06-29;2026-06-29;0.0;937.45
2028714;1;1;0;175.0;175;2026-01-28;2026-01-28;0.0;268.8
20288857;2;2;0;267.0;274;2025-10-21;2025-11-04;0.0;1334.6999999999998
20291631;1;1;0;158.0;158;2026-02-14;2026-02-14;0.0;268.8
20291910;1;0;1;2.0;2;2026-07-20;2026-07-20;0.0;149.7
20292251;1;1;0;859.0;859;2024-03-15;2024-03-15;0.0;1095.6
20292454;5;5;0;23.2;34;2026-06-18;2026-07-06;0.0;5800.5
20292614;3;3;0;791.7;944;2023-12-21;2025-03-07;0.0;1224.0
20293142;1;0;1;2.0;2;2026-07-20;2026-07-20;0.0;449.15
20295735;1;1;0;23.0;23;2026-06-29;2026-06-29;0.0;1049.35
20300417;1;1;0;83.0;83;2026-04-30;2026-04-30;0.0;657.3
20305149;2;2;0;37.5;54;2026-05-29;2026-07-01;0.0;537.6
20305341;1;1;0;89.0;89;2026-04-24;2026-04-24;0.0;388.8
20309632;5;5;0;95.4;132;2026-03-12;2026-06-10;0.0;1790.7
20309690;1;1;0;1022.0;1022;2023-10-04;2023-10-04;0.0;774.0
20309699;1;1;0;2.0;2;2026-07-20;2026-07-20;0.0;328.8
20309855;1;1;0;184.0;184;2026-01-19;2026-01-19;0.0;388.8
20311579;1;1;0;51.0;51;2026-06-01;2026-06-01;0.0;268.8
20312094;1;1;0;50.0;50;2026-06-02;2026-06-02;0.0;328.8
20313115;5;5;0;77.8;159;2026-02-13;2026-07-15;80.0;4559.55
20313224;1;1;0;98.0;98;2026-04-15;2026-04-15;0.0;715.5
20317271;1;0;1;3.0;3;2026-07-19;2026-07-19;0.0;721.0500000000001
20317306;2;2;0;256.0;509;2025-02-28;2026-07-19;0.0;1862.85
2032679;1;0;1;2.0;2;2026-07-20;2026-07-20;0.0;385.5
20328517;1;1;0;6.0;6;2026-07-16;2026-07-16;0.0;767.25
20329492;1;1;0;954.0;954;2023-12-11;2023-12-11;0.0;894.0
20330923;1;1;0;71.0;71;2026-05-12;2026-05-12;0.0;537.3
20330951;1;1;0;12.0;12;2026-07-10;2026-07-10;0.0;1025.55
2034746;1;0;1;2.0;2;2026-07-20;2026-07-20;0.0;199.6
20348198;1;1;0;47.0;47;2026-06-05;2026-06-05;100.0;882.0
20351342;1;1;0;489.0;489;2025-03-20;2025-03-20;0.0;597.3
20351622;1;1;0;338.0;338;2025-08-18;2025-08-18;0.0;318.6
20352111;1;1;0;276.0;276;2025-10-19;2025-10-19;0.0;388.8
20352294;5;5;0;292.8;601;2024-11-28;2026-05-18;20.0;2085.6
20352478;3;3;0;261.3;339;2025-08-17;2026-03-23;0.0;2199.8999999999996
20354115;4;3;1;69.0;112;2026-04-01;2026-07-14;0.0;2003.4
20356238;1;1;0;141.0;141;2026-03-03;2026-03-03;0.0;328.8
20357089;1;1;0;127.0;127;2026-03-17;2026-03-17;0.0;268.8
20359523;2;2;0;30.5;38;2026-06-14;2026-06-29;0.0;537.6
20360498;1;1;0;55.0;55;2026-05-28;2026-05-28;0.0;328.8
20360858;3;3;0;338.7;482;2025-03-27;2026-03-24;0.0;1483.5
20365068;1;1;0;157.0;157;2026-02-15;2026-02-15;0.0;268.8
20365384;3;3;0;77.0;106;2026-04-07;2026-07-03;0.0;1166.4
20370159;1;0;1;4.0;4;2026-07-18;2026-07-18;0.0;920.6700000000001
20371206;1;1;0;634.0;634;2024-10-26;2024-10-26;0.0;268.8
20381965;2;2;0;473.0;658;2024-10-02;2025-10-07;0.0;1252.8
20385211;1;1;0;47.0;47;2026-06-05;2026-06-05;0.0;268.8
20385956;1;0;1;1.0;1;2026-07-21;2026-07-21;0.0;155.70000000000002
2039861;1;1;0;889.0;889;2024-02-14;2024-02-14;0.0;298.5
20399845;1;1;0;72.0;72;2026-05-11;2026-05-11;0.0;328.8
20401926;1;1;0;252.0;252;2025-11-12;2025-11-12;0.0;567.0
20402265;1;0;1;7.0;7;2026-07-15;2026-07-15;0.0;2175.1
20402365;1;0;1;1.0;1;2026-07-21;2026-07-21;0.0;155.70000000000002
20405202;1;1;0;107.0;107;2026-04-06;2026-04-06;0.0;837.3
20405538;1;1;0;53.0;53;2026-05-30;2026-05-30;0.0;268.8
20405824;1;1;0;217.0;217;2025-12-17;2025-12-17;0.0;418.5
20406895;2;2;0;126.5;217;2025-12-17;2026-06-16;0.0;537.6
20407347;2;2;0;525.5;660;2024-09-30;2025-06-26;0.0;1304.4
20409151;2;2;0;172.5;310;2025-09-15;2026-06-17;0.0;1284.3
20410942;1;1;0;176.0;176;2026-01-27;2026-01-27;0.0;328.8
20411483;2;2;0;77.0;152;2026-02-20;2026-07-20;0.0;1414.65
20411870;1;1;0;16.0;16;2026-07-06;2026-07-06;0.0;1647.3
20412275;1;1;0;26.0;26;2026-06-26;2026-06-26;0.0;358.5
2041643;1;1;0;14.0;14;2026-07-08;2026-07-08;0.0;715.5
20418668;1;1;0;274.0;274;2025-10-21;2025-10-21;0.0;268.8
20421345;1;0;1;9.0;9;2026-07-13;2026-07-13;0.0;1297.45
20422127;4;4;0;212.0;393;2025-06-24;2026-06-12;0.0;1761.8999999999999
20422863;2;2;0;664.5;1002;2023-10-24;2025-08-29;0.0;855.9
20425419;1;1;0;72.0;72;2026-05-11;2026-05-11;100.0;760.2
20427815;2;0;2;5.5;8;2026-07-14;2026-07-19;0.0;530.6
20434534;1;1;0;30.0;30;2026-06-22;2026-06-22;0.0;599.35
20435380;3;3;0;89.7;233;2025-12-01;2026-07-07;66.7;1611.0
20436346;1;1;0;126.0;126;2026-03-18;2026-03-18;0.0;587.1
20436945;1;1;0;433.0;433;2025-05-15;2025-05-15;0.0;707.1
20438576;2;2;0;237.5;441;2025-05-07;2026-06-18;50.0;1867.5
20440019;1;0;1;5.0;5;2026-07-17;2026-07-17;0.0;479.25
20456717;1;0;1;12.0;12;2026-07-10;2026-07-10;0.0;848.3
20457422;1;0;1;13.0;13;2026-07-09;2026-07-09;0.0;947.5
20458267;2;2;0;128.0;191;2026-01-12;2026-05-18;0.0;835.8
2045895;2;2;0;391.5;634;2024-10-26;2026-02-23;0.0;627.3
20459961;3;1;2;13.0;33;2026-06-19;2026-07-19;0.0;1987.1000000000001
20461082;1;0;1;3.0;3;2026-07-19;2026-07-19;0.0;449.15
20465446;1;1;0;149.0;149;2026-02-23;2026-02-23;0.0;477.3
20466876;1;1;0;18.0;18;2026-07-04;2026-07-04;0.0;907.35
20467369;1;1;0;258.0;258;2025-11-06;2025-11-06;0.0;388.8
20468854;1;0;1;1.0;1;2026-07-21;2026-07-21;0.0;846.8299999999999
20470050;3;2;1;26.3;51;2026-06-01;2026-07-21;0.0;2025.25
20473215;1;1;0;69.0;69;2026-05-14;2026-05-14;0.0;715.5
20474183;1;1;0;64.0;64;2026-05-19;2026-05-19;0.0;268.8
20476683;1;0;1;2.0;2;2026-07-20;2026-07-20;0.0;554.1500000000001
20477744;1;1;0;49.0;49;2026-06-03;2026-06-03;0.0;268.8
20481658;1;1;0;34.0;34;2026-06-18;2026-06-18;0.0;507.0
20482494;1;0;1;1.0;1;2026-07-21;2026-07-21;0.0;127.80000000000001
20486680;1;0;1;2.0;2;2026-07-20;2026-07-20;0.0;299.45
20490977;1;1;0;19.0;19;2026-07-03;2026-07-03;0.0;785.5500000000001
20491007;1;1;0;16.0;16;2026-07-06;2026-07-06;0.0;537.3
20508863;1;1;0;64.0;64;2026-05-19;2026-05-19;0.0;507.0
20513335;1;1;0;174.0;174;2026-01-29;2026-01-29;0.0;775.5
20513726;3;3;0;57.0;106;2026-04-07;2026-07-13;33.3;2002.8000000000002
20521560;2;0;2;8.5;14;2026-07-08;2026-07-19;0.0;1939.75
20522597;1;1;0;511.0;511;2025-02-26;2025-02-26;0.0;715.5
20523060;1;1;0;30.0;30;2026-06-22;2026-06-22;0.0;330.85
20528415;1;1;0;6.0;6;2026-07-16;2026-07-16;0.0;328.8
20528635;2;2;0;279.0;293;2025-10-02;2025-10-30;100.0;867.0
2053145;1;1;0;275.0;275;2025-10-20;2025-10-20;0.0;627.0
20532345;1;1;0;322.0;322;2025-09-03;2025-09-03;0.0;837.3
20536900;5;4;1;95.4;301;2025-09-24;2026-07-13;60.0;3310.6000000000004
20548839;1;1;0;68.0;68;2026-05-15;2026-05-15;0.0;675.6
20551083;1;1;0;68.0;68;2026-05-15;2026-05-15;100.0;882.0
2055196;2;1;1;17.0;33;2026-06-19;2026-07-21;0.0;598.6
2056200;1;1;0;54.0;54;2026-05-29;2026-05-29;0.0;358.5
20565406;1;0;1;4.0;4;2026-07-18;2026-07-18;0.0;832.9
20566676;1;1;0;102.0;102;2026-04-11;2026-04-11;0.0;715.5
20568841;2;2;0;412.0;678;2024-09-12;2026-02-26;0.0;1372.8
20569849;1;1;0;43.0;43;2026-06-09;2026-06-09;0.0;448.8
20576660;1;1;0;711.0;711;2024-08-10;2024-08-10;0.0;298.5
20579390;1;1;0;56.0;56;2026-05-27;2026-05-27;0.0;298.5
20579477;1;1;0;7.0;7;2026-07-15;2026-07-15;0.0;765.45
20580262;1;1;0;291.0;291;2025-10-04;2025-10-04;0.0;268.8
20585014;1;1;0;7.0;7;2026-07-15;2026-07-15;0.0;487.35
20587295;2;2;0;249.5;413;2025-06-04;2026-04-27;0.0;1734.6
20588292;1;1;0;26.0;26;2026-06-26;2026-06-26;0.0;1587.55
20588294;2;2;0;155.5;285;2025-10-10;2026-06-26;0.0;1137.6
20588414;2;2;0;165.5;196;2026-01-07;2026-03-09;0.0;835.8
20594717;1;0;1;4.0;4;2026-07-18;2026-07-18;0.0;702.9900000000001
2059521;1;0;1;1.0;1;2026-07-21;2026-07-21;0.0;49.9
20595511;1;1;0;233.0;233;2025-12-01;2025-12-01;0.0;268.8
20597786;1;1;0;84.0;84;2026-04-29;2026-04-29;100.0;902.1
20598889;1;1;0;1.0;1;2026-07-21;2026-07-21;0.0;328.8
20599220;1;1;0;99.0;99;2026-04-14;2026-04-14;0.0;747.3
20600142;15;15;0;134.0;342;2025-08-14;2026-06-23;93.3;11412.550000000001
20600883;3;3;0;91.3;187;2026-01-16;2026-07-14;0.0;1224.6
20609169;1;1;0;160.0;160;2026-02-12;2026-02-12;100.0;1092.0
2062402;1;0;1;1.0;1;2026-07-21;2026-07-21;0.0;177.70000000000002
20633284;2;0;2;7.0;12;2026-07-10;2026-07-20;0.0;795.9
20634368;1;1;0;6.0;6;2026-07-16;2026-07-16;100.0;890.25
20636889;2;1;1;8.0;13;2026-07-09;2026-07-19;0.0;3071.35
20639192;1;1;0;21.0;21;2026-07-01;2026-07-01;0.0;1019.35
20640191;1;1;0;30.0;30;2026-06-22;2026-06-22;0.0;310.75
20643095;1;0;1;3.0;3;2026-07-19;2026-07-19;0.0;445.35
20643427;1;1;0;970.0;970;2023-11-25;2023-11-25;0.0;945.3
20646892;1;1;0;19.0;19;2026-07-03;2026-07-03;0.0;507.0
2065090;2;2;0;258.5;495;2025-03-14;2026-06-30;0.0;537.6
20654984;1;1;0;348.0;348;2025-08-08;2025-08-08;0.0;328.8
20656758;1;1;0;9.0;9;2026-07-13;2026-07-13;0.0;607.35
20657598;1;1;0;29.0;29;2026-06-23;2026-06-23;0.0;567.0
20660756;1;1;0;64.0;64;2026-05-19;2026-05-19;0.0;1015.5
20660956;1;1;0;77.0;77;2026-05-06;2026-05-06;0.0;388.8
20661593;1;1;0;90.0;90;2026-04-23;2026-04-23;0.0;268.8
20662564;1;1;0;301.0;301;2025-09-24;2025-09-24;0.0;388.8
20663850;1;0;1;9.0;9;2026-07-13;2026-07-13;0.0;1037.75
20668601;4;4;0;342.5;440;2025-05-08;2025-09-29;0.0;1075.2
2067232;2;2;0;34.5;64;2026-05-19;2026-07-17;0.0;677.7
2069308;6;6;0;121.5;159;2026-02-13;2026-05-04;0.0;2058.9
20693695;1;1;0;6.0;6;2026-07-16;2026-07-16;100.0;483.45000000000005
20693966;1;0;1;8.0;8;2026-07-14;2026-07-14;0.0;379.0
20694750;1;1;0;370.0;370;2025-07-17;2025-07-17;0.0;867.3
20698723;2;2;0;182.5;300;2025-09-25;2026-05-18;0.0;537.6
20699489;2;0;2;2.5;3;2026-07-19;2026-07-20;0.0;2772.3
2070;3;0;3;1.3;2;2026-07-20;2026-07-21;0.0;263.4
20700394;1;1;0;19.0;19;2026-07-03;2026-07-03;0.0;507.0
20700797;1;1;0;9.0;9;2026-07-13;2026-07-13;0.0;328.8
20703303;2;2;0;765.5;894;2024-02-09;2024-10-23;0.0;1245.6
20703634;2;2;0;252.5;492;2025-03-17;2026-07-09;0.0;1005.75
2071138;3;3;0;174.7;335;2025-08-21;2026-06-10;0.0;1613.1
20712308;1;1;0;53.0;53;2026-05-30;2026-05-30;0.0;557.4
20716574;2;1;1;158.0;310;2025-09-15;2026-07-16;0.0;828.05
20718696;1;1;0;656.0;656;2024-10-04;2024-10-04;0.0;388.5
20719796;1;1;0;103.0;103;2026-04-10;2026-04-10;0.0;537.3
20721231;1;0;1;15.0;15;2026-07-07;2026-07-07;0.0;898.2
20724676;1;1;0;41.0;41;2026-06-11;2026-06-11;100.0;820.2
20725379;2;1;1;12.0;23;2026-06-29;2026-07-21;0.0;698.11
20725652;1;1;0;61.0;61;2026-05-22;2026-05-22;0.0;597.3
20725889;1;1;0;32.0;32;2026-06-20;2026-06-20;100.0;373.5
2072857;3;1;2;31.0;87;2026-04-26;2026-07-20;0.0;717.9
20730978;1;1;0;219.0;219;2025-12-15;2025-12-15;0.0;388.8
2073391;4;1;3;3.8;9;2026-07-13;2026-07-20;0.0;919.4
20745771;1;1;0;180.0;180;2026-01-23;2026-01-23;0.0;748.8
20746645;1;0;1;13.0;13;2026-07-09;2026-07-09;0.0;818.55
20747523;1;1;0;224.0;224;2025-12-10;2025-12-10;0.0;957.3
20748483;1;1;0;184.0;184;2026-01-19;2026-01-19;0.0;268.8
20749205;1;1;0;51.0;51;2026-06-01;2026-06-01;0.0;268.8
20750832;3;3;0;301.3;385;2025-07-02;2026-01-06;0.0;1941.9
20751851;1;1;0;43.0;43;2026-06-09;2026-06-09;0.0;388.8
20756707;1;1;0;161.0;161;2026-02-11;2026-02-11;0.0;557.4
20756986;2;2;0;90.5;176;2026-01-27;2026-07-17;0.0;885.75
20757;2;1;1;350.5;681;2024-09-09;2026-07-02;0.0;1614.9
2075750;8;8;0;217.2;485;2025-03-24;2026-06-24;25.0;2299.2
20759975;1;1;0;257.0;257;2025-11-07;2025-11-07;0.0;897.3
2076320;2;2;0;45.5;69;2026-05-14;2026-06-30;0.0;1416.55
20763574;1;1;0;363.0;363;2025-07-24;2025-07-24;100.0;762.0
20764121;2;2;0;87.5;119;2026-03-25;2026-05-27;0.0;717.6
20767286;1;1;0;71.0;71;2026-05-12;2026-05-12;0.0;767.4
20767864;1;1;0;28.0;28;2026-06-24;2026-06-24;0.0;488.95
20770483;6;6;0;325.2;478;2025-03-31;2025-11-10;0.0;4123.8
20770596;1;1;0;250.0;250;2025-11-14;2025-11-14;0.0;388.8
20772813;4;4;0;147.8;201;2026-01-02;2026-05-04;0.0;3039.0
20772991;1;0;1;3.0;3;2026-07-19;2026-07-19;0.0;4476.539999999999
20773663;1;0;1;1.0;1;2026-07-21;2026-07-21;0.0;316.5
20782119;1;1;0;44.0;44;2026-06-08;2026-06-08;0.0;388.8
2079602;1;0;1;5.0;5;2026-07-17;2026-07-17;0.0;529.2
20802924;1;0;1;7.0;7;2026-07-15;2026-07-15;0.0;265.3
20803600;1;1;0;392.0;392;2025-06-25;2025-06-25;0.0;657.3
20804270;2;2;0;261.0;261;2025-11-03;2025-11-03;0.0;777.6
20808223;1;1;0;957.0;957;2023-12-08;2023-12-08;0.0;297.0
20813545;1;1;0;282.0;282;2025-10-13;2025-10-13;0.0;388.8
20822825;1;0;1;8.0;8;2026-07-14;2026-07-14;0.0;1679.3999999999999
20833966;1;0;1;9.0;9;2026-07-13;2026-07-13;0.0;454.8
20834716;1;1;0;60.0;60;2026-05-23;2026-05-23;0.0;1067.3999999999999
20835456;1;1;0;28.0;28;2026-06-24;2026-06-24;0.0;715.5
20835933;1;1;0;133.0;133;2026-03-11;2026-03-11;0.0;537.3
20836911;1;0;1;3.0;3;2026-07-19;2026-07-19;0.0;1126.1900000000003
20843570;1;1;0;97.0;97;2026-04-16;2026-04-16;0.0;1035.6
20844217;1;1;0;34.0;34;2026-06-18;2026-06-18;0.0;715.5
20844738;1;1;0;15.0;15;2026-07-07;2026-07-07;0.0;667.35
20859632;1;1;0;51.0;51;2026-06-01;2026-06-01;0.0;388.8
2086078;1;1;0;189.0;189;2026-01-14;2026-01-14;0.0;537.3
2086181;4;4;0;197.5;441;2025-05-07;2026-07-16;75.0;2733.0
20862486;4;4;0;351.5;409;2025-06-08;2026-01-23;75.0;5104.5
20863708;1;1;0;103.0;103;2026-04-10;2026-04-10;0.0;448.8
20864508;1;1;0;53.0;53;2026-05-30;2026-05-30;0.0;268.8
20865881;1;0;1;3.0;3;2026-07-19;2026-07-19;0.0;497.35
20866236;2;2;0;313.0;540;2025-01-28;2026-04-27;0.0;1164.3
20873187;1;1;0;90.0;90;2026-04-23;2026-04-23;0.0;268.8
2087325;3;3;0;625.0;919;2024-01-15;2025-03-31;0.0;1041.3
20879758;1;1;0;701.0;701;2024-08-20;2024-08-20;0.0;657.3
20881853;2;1;1;268.0;530;2025-02-07;2026-07-16;0.0;1623.9
2088192;1;0;1;2.0;2;2026-07-20;2026-07-20;0.0;233.54999999999998
20887044;2;2;0;67.0;125;2026-03-19;2026-07-13;0.0;1372.8
20887437;5;5;0;392.4;911;2024-01-23;2025-11-05;0.0;1584.0
20888358;2;2;0;197.0;229;2025-12-05;2026-02-07;0.0;835.8
20889669;1;1;0;70.0;70;2026-05-13;2026-05-13;0.0;268.8
20889807;3;3;0;82.7;218;2025-12-16;2026-07-07;0.0;1563.3
20890715;1;1;0;205.0;205;2025-12-29;2025-12-29;0.0;328.8
20894909;2;2;0;367.5;426;2025-05-22;2025-09-16;0.0;715.8
20895605;1;1;0;196.0;196;2026-01-07;2026-01-07;0.0;557.4
20897475;1;1;0;14.0;14;2026-07-08;2026-07-08;0.0;447.0
20898966;7;7;0;173.4;318;2025-09-07;2026-05-19;0.0;4460.1
20899169;1;1;0;177.0;177;2026-01-26;2026-01-26;0.0;715.5
20900054;1;1;0;57.0;57;2026-05-26;2026-05-26;0.0;268.8
20923132;1;1;0;11.0;11;2026-07-11;2026-07-11;0.0;447.0
20933742;2;2;0;35.5;57;2026-05-26;2026-07-08;0.0;985.5
20934698;1;1;0;198.0;198;2026-01-05;2026-01-05;0.0;477.3
20940604;3;2;1;117.7;261;2025-11-03;2026-07-20;0.0;1568.4
2094210;2;2;0;265.0;323;2025-09-02;2025-12-27;0.0;835.8
20949498;1;1;0;22.0;22;2026-06-30;2026-06-30;0.0;759.25
20950893;2;2;0;63.0;117;2026-03-27;2026-07-13;0.0;717.6
20951052;1;1;0;15.0;15;2026-07-07;2026-07-07;0.0;268.8
20952597;1;1;0;25.0;25;2026-06-27;2026-06-27;0.0;779.35
20958065;1;1;0;9.0;9;2026-07-13;2026-07-13;0.0;448.8
20959062;4;3;1;45.0;104;2026-04-09;2026-07-18;0.0;1974.1
20960346;1;1;0;11.0;11;2026-07-11;2026-07-11;0.0;748.8
20961005;1;0;1;1.0;1;2026-07-21;2026-07-21;0.0;209.63000000000002
2096381;1;1;0;89.0;89;2026-04-24;2026-04-24;0.0;567.0
20965769;1;1;0;40.0;40;2026-06-12;2026-06-12;0.0;1015.5
2097376;1;1;0;106.0;106;2026-04-07;2026-04-07;0.0;388.8
2097653;1;1;0;169.0;169;2026-02-03;2026-02-03;0.0;477.3
20992208;1;1;0;170.0;170;2026-02-02;2026-02-02;0.0;388.8
20996613;1;0;1;6.0;6;2026-07-16;2026-07-16;0.0;2715.35
21005502;1;1;0;83.0;83;2026-04-30;2026-04-30;0.0;388.8
2100696;1;1;0;1176.0;1176;2023-05-03;2023-05-03;0.0;418.5
21007181;1;1;0;31.0;31;2026-06-21;2026-06-21;0.0;447.0
21008387;1;1;0;19.0;19;2026-07-03;2026-07-03;0.0;447.0
21009190;1;1;0;68.0;68;2026-05-15;2026-05-15;0.0;735.6
21009259;2;1;1;39.5;76;2026-05-07;2026-07-19;0.0;546.1500000000001
21019257;2;2;0;510.5;937;2023-12-28;2026-04-29;0.0;1162.8
21021182;1;1;0;35.0;35;2026-06-17;2026-06-17;0.0;735.6
21028434;3;3;0;65.7;138;2026-03-06;2026-07-20;0.0;2440.05
21033183;2;2;0;348.0;504;2025-03-05;2026-01-11;0.0;1811.1
21033510;5;5;0;92.2;133;2026-03-11;2026-06-19;0.0;3943.2
21033713;1;1;0;2.0;2;2026-07-20;2026-07-20;0.0;1235.55
2104637;1;0;1;2.0;2;2026-07-20;2026-07-20;0.0;151.6
2105371;1;1;0;54.0;54;2026-05-29;2026-05-29;0.0;597.3
21056958;11;11;0;171.7;308;2025-09-17;2026-05-20;100.0;4369.2
2106425;2;0;2;2.0;2;2026-07-20;2026-07-20;0.0;632.94
21066437;1;1;0;84.0;84;2026-04-29;2026-04-29;0.0;288.90000000000003
21066697;1;1;0;914.0;914;2024-01-20;2024-01-20;0.0;418.5
21066712;1;1;0;113.0;113;2026-03-31;2026-03-31;0.0;837.3
21076536;3;3;0;682.0;898;2024-02-05;2025-08-01;0.0;597.3
21077376;1;1;0;277.0;277;2025-10-18;2025-10-18;0.0;388.8
21077853;1;0;1;25.0;25;2026-06-27;2026-06-27;0.0;1099.1
21081299;2;2;0;430.0;606;2024-11-23;2025-11-10;0.0;1551.0
21081805;1;0;1;22.0;22;2026-06-30;2026-06-30;0.0;1470.52
21086134;4;4;0;67.0;176;2026-01-27;2026-07-04;0.0;3406.8
21086759;1;1;0;4.0;4;2026-07-18;2026-07-18;0.0;567.0
21086841;2;2;0;434.0;434;2025-05-14;2025-05-14;0.0;1194.6
21087377;3;3;0;201.7;386;2025-07-01;2026-04-22;66.7;1402.5
21089047;1;1;0;336.0;336;2025-08-20;2025-08-20;0.0;567.0
21091047;1;0;1;2.0;2;2026-07-20;2026-07-20;0.0;227.4
21113516;6;6;0;168.7;204;2025-12-30;2026-03-23;66.7;3192.9
21114094;2;1;1;17.5;23;2026-06-29;2026-07-10;0.0;1037.15
21114292;1;0;1;2.0;2;2026-07-20;2026-07-20;0.0;494.2
21114409;2;2;0;36.5;37;2026-06-15;2026-06-16;0.0;897.6
21121682;7;7;0;94.0;369;2025-07-18;2026-07-16;0.0;2481.6
21123320;2;2;0;20.5;24;2026-06-28;2026-07-05;0.0;629.5
21123945;2;2;0;28.5;36;2026-06-16;2026-07-01;0.0;759.55
21124279;1;1;0;93.0;93;2026-04-20;2026-04-20;0.0;388.8
21125405;1;0;1;1.0;1;2026-07-21;2026-07-21;0.0;37.9
21128561;1;1;0;35.0;35;2026-06-17;2026-06-17;0.0;388.8
21129976;1;1;0;119.0;119;2026-03-25;2026-03-25;0.0;268.8
21133098;1;1;0;258.0;258;2025-11-06;2025-11-06;0.0;1015.5
21134553;3;3;0;57.0;57;2026-05-26;2026-05-26;0.0;1911.8999999999999
21140624;2;0;2;2.0;2;2026-07-20;2026-07-20;0.0;894.8000000000001
21142808;1;0;1;6.0;6;2026-07-16;2026-07-16;0.0;1470.06
21148338;1;1;0;709.0;709;2024-08-12;2024-08-12;0.0;268.8
21148999;2;2;0;277.5;470;2025-04-08;2026-04-28;0.0;1434.6
21149119;1;1;0;187.0;187;2026-01-16;2026-01-16;0.0;447.0
21149417;1;1;0;919.0;919;2024-01-15;2024-01-15;0.0;447.0
21151507;11;11;0;279.4;919;2024-01-15;2026-06-24;0.0;6210.0
21152145;1;1;0;793.0;793;2024-05-20;2024-05-20;100.0;518.4
2115239;3;3;0;338.0;338;2025-08-18;2025-08-18;0.0;1341.0
21173045;1;0;1;1.0;1;2026-07-21;2026-07-21;0.0;409.04999999999995
21173320;6;6;0;163.5;344;2025-08-12;2026-07-08;0.0;3362.25
21173852;1;1;0;41.0;41;2026-06-11;2026-06-11;0.0;447.0
21174073;1;0;1;2.0;2;2026-07-20;2026-07-20;0.0;361.35
21175013;2;2;0;74.0;146;2026-02-26;2026-07-20;0.0;647.55
21180775;1;1;0;21.0;21;2026-07-01;2026-07-01;0.0;268.8
21182604;4;3;1;28.8;50;2026-06-02;2026-07-20;0.0;7260.0199999999995
21184765;2;2;0;95.0;174;2026-01-29;2026-07-06;0.0;976.05
21184924;4;4;0;111.8;373;2025-07-14;2026-07-20;0.0;3394.05
21186010;1;1;0;21.0;21;2026-07-01;2026-07-01;0.0;310.75
21187847;1;0;1;5.0;5;2026-07-17;2026-07-17;0.0;1691.5500000000002
21189781;2;2;0;571.0;806;2024-05-07;2025-08-20;0.0;1794.6
21192424;1;1;0;188.0;188;2026-01-15;2026-01-15;0.0;388.8
21193743;1;1;0;88.0;88;2026-04-25;2026-04-25;0.0;268.8
21198041;1;1;0;51.0;51;2026-06-01;2026-06-01;0.0;895.5
21199961;1;1;0;107.0;107;2026-04-06;2026-04-06;0.0;388.8
21200115;2;2;0;52.0;61;2026-05-22;2026-06-09;0.0;597.6
21201823;1;0;1;2.0;2;2026-07-20;2026-07-20;0.0;531.4
21204377;1;1;0;90.0;90;2026-04-23;2026-04-23;0.0;388.8
21208702;1;0;1;1.0;1;2026-07-21;2026-07-21;0.0;145.8
21210550;2;2;0;76.5;149;2026-02-23;2026-07-18;0.0;1644.75
2121452;1;1;0;671.0;671;2024-09-19;2024-09-19;0.0;955.5
2121945;9;9;0;94.6;118;2026-03-26;2026-05-04;0.0;7639.5
21228369;2;2;0;18.0;30;2026-06-22;2026-07-16;0.0;647.55
21229086;6;5;1;27.8;68;2026-05-15;2026-07-20;50.0;2229.5
21230676;1;1;0;78.0;78;2026-05-05;2026-05-05;0.0;807.0
21233028;1;1;0;53.0;53;2026-05-30;2026-05-30;100.0;760.2
21233105;1;1;0;85.0;85;2026-04-28;2026-04-28;0.0;388.8
21238128;2;0;2;6.5;8;2026-07-14;2026-07-17;0.0;1619.6399999999999
2123862;1;0;1;2.0;2;2026-07-20;2026-07-20;0.0;439.2
21238727;1;0;1;8.0;8;2026-07-14;2026-07-14;0.0;493.9
21241348;1;1;0;162.0;162;2026-02-10;2026-02-10;0.0;268.8
21247847;1;0;1;5.0;5;2026-07-17;2026-07-17;0.0;832.9
21248616;5;3;2;17.0;43;2026-06-09;2026-07-18;20.0;5192.7
21249619;2;2;0;179.0;315;2025-09-10;2026-06-09;0.0;866.0999999999999
21251097;1;1;0;666.0;666;2024-09-24;2024-09-24;0.0;298.5
21251513;1;1;0;19.0;19;2026-07-03;2026-07-03;0.0;318.75
21258158;3;3;0;169.3;267;2025-10-28;2026-07-05;0.0;1521.0
21258770;2;2;0;608.0;608;2024-11-21;2024-11-21;0.0;747.3
21259898;1;1;0;53.0;53;2026-05-30;2026-05-30;0.0;657.3
21261783;1;0;1;1.0;1;2026-07-21;2026-07-21;0.0;119.67
212729;1;0;1;1.0;1;2026-07-21;2026-07-21;0.0;319.6
21280297;1;0;1;1.0;1;2026-07-21;2026-07-21;0.0;219.60000000000002
21280743;2;0;2;1.5;2;2026-07-20;2026-07-21;0.0;633.0
21284116;2;2;0;99.5;148;2026-02-24;2026-06-01;100.0;867.0
21284159;1;0;1;5.0;5;2026-07-17;2026-07-17;0.0;812.45
21284363;1;1;0;15.0;15;2026-07-07;2026-07-07;0.0;845.5500000000001
21284769;1;0;1;9.0;9;2026-07-13;2026-07-13;0.0;1307.25
21287870;1;1;0;197.0;197;2026-01-06;2026-01-06;0.0;657.3
21288870;2;2;0;256.0;386;2025-07-01;2026-03-18;50.0;1630.8
21289564;1;1;0;65.0;65;2026-05-18;2026-05-18;0.0;268.8
21290152;2;1;1;271.0;541;2025-01-27;2026-07-21;0.0;424.65000000000003
21290190;1;0;1;12.0;12;2026-07-10;2026-07-10;0.0;795.7600000000001
21291549;1;0;1;5.0;5;2026-07-17;2026-07-17;0.0;608.8299999999999
21296341;1;1;0;66.0;66;2026-05-17;2026-05-17;0.0;747.3
21297767;3;3;0;100.3;132;2026-03-12;2026-05-28;100.0;2617.8
21298441;1;1;0;481.0;481;2025-03-28;2025-03-28;0.0;268.8
21301000;1;0;1;2.0;2;2026-07-20;2026-07-20;0.0;489.0
21301790;3;3;0;123.0;224;2025-12-10;2026-06-25;0.0;1224.6
21304117;2;2;0;19.0;29;2026-06-23;2026-07-13;0.0;1632.45
213103;1;1;0;37.0;37;2026-06-15;2026-06-15;0.0;567.0
21310632;1;1;0;93.0;93;2026-04-20;2026-04-20;100.0;313.5
21321363;1;0;1;1.0;1;2026-07-21;2026-07-21;0.0;798.9900000000001
2132913;5;5;0;251.2;474;2025-04-04;2026-03-02;0.0;1998.6
21332983;2;2;0;323.5;625;2024-11-04;2026-06-30;0.0;986.0999999999999
21333985;1;1;0;76.0;76;2026-05-07;2026-05-07;0.0;1035.6
21334937;4;4;0;142.0;198;2026-01-05;2026-07-03;75.0;2242.95
21335512;1;1;0;89.0;89;2026-04-24;2026-04-24;100.0;602.1
2133879;3;1;2;47.7;138;2026-03-06;2026-07-20;0.0;946.0999999999999
21338935;1;0;1;5.0;5;2026-07-17;2026-07-17;0.0;418.95000000000005
2133999;1;1;0;530.0;530;2025-02-07;2025-02-07;0.0;507.0
21340438;1;1;0;756.0;756;2024-06-26;2024-06-26;0.0;587.1
21341830;1;1;0;257.0;257;2025-11-07;2025-11-07;0.0;328.8
21348031;1;1;0;55.0;55;2026-05-28;2026-05-28;0.0;1047.3
21350346;2;0;2;4.0;4;2026-07-18;2026-07-18;0.0;2706.2999999999997
21352863;1;1;0;12.0;12;2026-07-10;2026-07-10;0.0;797.25
21352964;1;1;0;27.0;27;2026-06-25;2026-06-25;0.0;388.8
21353489;3;3;0;253.0;555;2025-01-13;2026-06-29;0.0;1386.55
21356991;1;0;1;1.0;1;2026-07-21;2026-07-21;0.0;177.70000000000002
21357549;1;1;0;9.0;9;2026-07-13;2026-07-13;0.0;268.8
21364818;1;1;0;839.0;839;2024-04-04;2024-04-04;0.0;507.0
21366092;3;2;1;104.3;235;2025-11-29;2026-07-14;0.0;3151.05
2138120;2;2;0;28.5;30;2026-06-22;2026-06-25;0.0;777.6
21384192;1;1;0;43.0;43;2026-06-09;2026-06-09;0.0;715.5
21392662;1;0;1;5.0;5;2026-07-17;2026-07-17;0.0;559.25
21393938;3;3;0;198.7;527;2025-02-10;2026-07-20;0.0;2416.65
21394370;1;1;0;25.0;25;2026-06-27;2026-06-27;0.0;488.95
21396321;1;1;0;36.0;36;2026-06-16;2026-06-16;0.0;1015.5
21406869;1;1;0;119.0;119;2026-03-25;2026-03-25;100.0;1092.0
21407575;2;0;2;1.0;1;2026-07-21;2026-07-21;0.0;411.30000000000007
21408366;2;2;0;795.5;882;2024-02-21;2024-08-12;0.0;537.3
21409019;2;2;0;60.5;71;2026-05-12;2026-06-02;0.0;2691.0
21409245;1;1;0;68.0;68;2026-05-15;2026-05-15;0.0;777.3
21409258;1;1;0;54.0;54;2026-05-29;2026-05-29;0.0;268.8
21410076;2;1;1;355.5;709;2024-08-12;2026-07-20;0.0;884.65
21424183;1;1;0;881.0;881;2024-02-22;2024-02-22;0.0;447.0
21424762;1;1;0;523.0;523;2025-02-14;2025-02-14;0.0;955.5
21424916;2;2;0;55.5;106;2026-04-07;2026-07-17;100.0;805.2
21426701;3;1;2;85.0;253;2025-11-11;2026-07-21;0.0;1541.94
21427771;1;1;0;7.0;7;2026-07-15;2026-07-15;0.0;328.8
21431281;1;0;1;2.0;2;2026-07-20;2026-07-20;0.0;209.63000000000002
21431776;2;2;0;51.0;61;2026-05-22;2026-06-11;0.0;1154.6999999999998
21433841;1;1;0;16.0;16;2026-07-06;2026-07-06;0.0;438.75
21435472;1;1;0;44.0;44;2026-06-08;2026-06-08;0.0;1375.5
21437451;1;1;0;101.0;101;2026-04-12;2026-04-12;0.0;777.3
21437964;2;1;1;21.0;40;2026-06-12;2026-07-20;0.0;1142.93
21439560;1;0;1;5.0;5;2026-07-17;2026-07-17;0.0;732.9900000000001
21441849;1;1;0;418.0;418;2025-05-30;2025-05-30;0.0;268.8
21444810;1;1;0;164.0;164;2026-02-08;2026-02-08;0.0;268.8
21445485;1;1;0;79.0;79;2026-05-04;2026-05-04;0.0;268.8
21445775;1;0;1;2.0;2;2026-07-20;2026-07-20;0.0;439.47
21450558;2;2;0;614.5;877;2024-02-26;2025-08-04;0.0;1404.3
21452468;1;1;0;30.0;30;2026-06-22;2026-06-22;0.0;268.8
21452709;4;4;0;53.0;53;2026-05-30;2026-05-30;0.0;2862.0
21453839;1;1;0;733.0;733;2024-07-19;2024-07-19;0.0;567.0
21466478;1;1;0;284.0;284;2025-10-11;2025-10-11;0.0;567.0
21466516;4;4;0;83.5;194;2026-01-09;2026-07-08;0.0;3391.95
21466877;1;1;0;71.0;71;2026-05-12;2026-05-12;0.0;587.1
2147138;1;1;0;356.0;356;2025-07-31;2025-07-31;0.0;418.5
21472779;1;0;1;1.0;1;2026-07-21;2026-07-21;0.0;195.79000000000002
21474814;1;0;1;1.0;1;2026-07-21;2026-07-21;0.0;505.31
21475065;1;0;1;4.0;4;2026-07-18;2026-07-18;0.0;434.24999999999994
21475882;4;4;0;237.5;351;2025-08-05;2026-02-13;0.0;1075.2
21479187;1;1;0;52.0;52;2026-05-31;2026-05-31;0.0;1225.5
21480730;3;2;1;58.0;127;2026-03-17;2026-07-14;0.0;3500.85
21482156;1;0;1;1.0;1;2026-07-21;2026-07-21;0.0;277.63000000000005
21482434;10;10;0;152.5;519;2025-02-18;2026-07-06;0.0;4059.6
21482779;1;1;0;285.0;285;2025-10-10;2025-10-10;0.0;418.5
21485598;2;2;0;119.0;119;2026-03-25;2026-03-25;0.0;1492.8
21486852;1;1;0;29.0;29;2026-06-23;2026-06-23;0.0;1567.45
21487227;1;1;0;173.0;173;2026-01-30;2026-01-30;100.0;433.5
21488160;1;1;0;23.0;23;2026-06-29;2026-06-29;0.0;388.8
21488642;1;1;0;391.0;391;2025-06-26;2025-06-26;0.0;737.4
21492318;2;2;0;170.0;250;2025-11-14;2026-04-23;0.0;537.6
21493410;1;1;0;21.0;21;2026-07-01;2026-07-01;0.0;817.45
21496173;1;1;0;142.0;142;2026-03-02;2026-03-02;0.0;328.8
21497751;1;1;0;371.0;371;2025-07-16;2025-07-16;0.0;537.3
21509113;4;1;3;26.5;67;2026-05-16;2026-07-18;0.0;6761.94
21513218;1;0;1;11.0;11;2026-07-11;2026-07-11;0.0;1839.5500000000002
21513506;1;1;0;58.0;58;2026-05-25;2026-05-25;0.0;478.5
21519171;1;1;0;99.0;99;2026-04-14;2026-04-14;0.0;715.5
21524712;1;1;0;399.0;399;2025-06-18;2025-06-18;0.0;597.3
21526070;3;1;2;24.3;69;2026-05-14;2026-07-20;0.0;958.7
21526825;3;3;0;259.3;394;2025-06-23;2026-07-07;100.0;1903.95
21527714;1;1;0;79.0;79;2026-05-04;2026-05-04;0.0;627.0
21531336;2;1;1;9.0;12;2026-07-10;2026-07-16;0.0;1263.75
21532425;1;0;1;1.0;1;2026-07-21;2026-07-21;0.0;77.85000000000001
2153429;1;1;0;53.0;53;2026-05-30;2026-05-30;0.0;447.0
21534513;2;2;0;252.5;363;2025-07-24;2026-03-02;0.0;715.8
21536740;2;2;0;30.5;37;2026-06-15;2026-06-28;0.0;777.3
21538240;1;1;0;198.0;198;2026-01-05;2026-01-05;0.0;567.0
21539003;1;1;0;141.0;141;2026-03-03;2026-03-03;0.0;687.0
21539520;1;1;0;3.0;3;2026-07-19;2026-07-19;0.0;447.0
21539826;2;0;2;1.5;2;2026-07-20;2026-07-21;0.0;501.0
21541938;1;1;0;115.0;115;2026-03-29;2026-03-29;0.0;837.3
21542436;1;1;0;183.0;183;2026-01-20;2026-01-20;0.0;677.4
21542488;3;3;0;353.0;355;2025-08-01;2025-08-04;100.0;2646.0
21555037;2;2;0;136.0;142;2026-03-02;2026-03-14;0.0;886.2
21555473;5;4;1;51.2;135;2026-03-09;2026-07-02;0.0;2433.2
21556206;1;0;1;3.0;3;2026-07-19;2026-07-19;0.0;361.35
21557065;1;1;0;855.0;855;2024-03-19;2024-03-19;0.0;348.6
21558828;2;2;0;73.5;114;2026-03-30;2026-06-19;100.0;1302.3000000000002
21559018;1;0;1;2.0;2;2026-07-20;2026-07-20;0.0;960.6700000000001
21559138;1;1;0;272.0;272;2025-10-23;2025-10-23;0.0;795.6
21560797;3;3;0;75.7;112;2026-04-01;2026-07-03;0.0;2841.8999999999996
21563445;1;0;1;2.0;2;2026-07-20;2026-07-20;0.0;885.1499999999999
21567814;1;1;0;76.0;76;2026-05-07;2026-05-07;0.0;328.8
21568642;1;0;1;7.0;7;2026-07-15;2026-07-15;0.0;1070.83
21572312;1;0;1;3.0;3;2026-07-19;2026-07-19;0.0;404.1
21575144;1;1;0;83.0;83;2026-04-30;2026-04-30;0.0;268.8
21578124;3;3;0;4.7;8;2026-07-14;2026-07-21;0.0;806.4000000000001
21578157;1;1;0;5.0;5;2026-07-17;2026-07-17;0.0;438.75
21578508;1;1;0;148.0;148;2026-02-24;2026-02-24;0.0;447.0
21578554;1;1;0;853.0;853;2024-03-21;2024-03-21;0.0;777.3
21579501;7;7;0;287.7;292;2025-10-03;2025-10-15;0.0;3249.0
21580448;2;2;0;4.0;7;2026-07-15;2026-07-21;0.0;1244.25
21581613;1;1;0;84.0;84;2026-04-29;2026-04-29;0.0;795.6
2158172;1;0;1;2.0;2;2026-07-20;2026-07-20;0.0;199.6
21582554;1;1;0;621.0;621;2024-11-08;2024-11-08;0.0;448.8
21582817;1;1;0;22.0;22;2026-06-30;2026-06-30;100.0;983.9499999999999
2158330;1;1;0;530.0;530;2025-02-07;2025-02-07;0.0;507.0
21583385;1;0;1;2.0;2;2026-07-20;2026-07-20;0.0;134.7
21584991;1;1;0;51.0;51;2026-06-01;2026-06-01;0.0;1395.6
21585692;2;2;0;206.5;313;2025-09-12;2026-04-13;0.0;1104.3
21586828;1;0;1;3.0;3;2026-07-19;2026-07-19;0.0;409.15
21597618;1;1;0;22.0;22;2026-06-30;2026-06-30;0.0;268.8
21598467;1;0;1;2.0;2;2026-07-20;2026-07-20;0.0;520.99
21599067;1;0;1;2.0;2;2026-07-20;2026-07-20;0.0;299.45
21600401;3;0;3;1.0;1;2026-07-21;2026-07-21;0.0;341.1
21600798;2;0;2;2.0;2;2026-07-20;2026-07-20;0.0;605.21
21602130;1;1;0;16.0;16;2026-07-06;2026-07-06;0.0;318.75
21607478;1;1;0;35.0;35;2026-06-17;2026-06-17;0.0;527.1
21608622;2;1;1;54.5;106;2026-04-07;2026-07-19;0.0;1392.65
21609532;1;1;0;355.0;355;2025-08-01;2025-08-01;0.0;388.8
21609612;1;1;0;375.0;375;2025-07-12;2025-07-12;0.0;268.8
21612930;1;1;0;83.0;83;2026-04-30;2026-04-30;0.0;268.8
21613446;6;4;2;218.3;520;2025-02-17;2026-07-21;0.0;4928.88
21616682;1;0;1;2.0;2;2026-07-20;2026-07-20;0.0;205.65000000000003
21618329;1;1;0;142.0;142;2026-03-02;2026-03-02;0.0;328.8
21620952;1;1;0;23.0;23;2026-06-29;2026-06-29;0.0;717.3
21621866;1;0;1;3.0;3;2026-07-19;2026-07-19;0.0;376.47
21622625;1;1;0;13.0;13;2026-07-09;2026-07-09;0.0;1047.3
21626994;2;0;2;5.5;9;2026-07-13;2026-07-20;0.0;1898.3999999999996
21627072;1;0;1;1.0;1;2026-07-21;2026-07-21;0.0;289.47
2163728;1;1;0;335.0;335;2025-08-21;2025-08-21;0.0;328.8
21641125;1;1;0;51.0;51;2026-06-01;2026-06-01;0.0;388.8
21641688;1;1;0;499.0;499;2025-03-10;2025-03-10;0.0;388.8
21642069;2;2;0;672.5;702;2024-08-19;2024-10-17;0.0;298.5
21649994;5;4;1;118.6;429;2025-05-19;2026-07-17;0.0;6349.7699999999995
21654714;18;18;0;77.3;199;2026-01-04;2026-07-17;0.0;15809.65
21655554;1;1;0;223.0;223;2025-12-11;2025-12-11;0.0;328.8
21655709;4;4;0;301.2;749;2024-07-03;2026-05-28;0.0;3708.8999999999996
21656249;3;1;2;18.3;47;2026-06-05;2026-07-18;0.0;2343.2
21657411;1;1;0;475.0;475;2025-04-03;2025-04-03;0.0;1155.6
21657756;1;1;0;277.0;277;2025-10-18;2025-10-18;100.0;762.0
21663544;2;2;0;428.0;501;2025-03-08;2025-08-01;0.0;835.8
21663772;1;0;1;3.0;3;2026-07-19;2026-07-19;0.0;389.25
21665010;1;0;1;27.0;27;2026-06-25;2026-06-25;0.0;1023.3
21678549;1;1;0;306.0;306;2025-09-19;2025-09-19;0.0;567.0
21679381;2;2;0;368.5;536;2025-02-01;2026-01-02;100.0;687.0
21679827;3;2;1;106.0;176;2026-01-27;2026-07-21;0.0;923.1
21681039;1;0;1;11.0;11;2026-07-11;2026-07-11;0.0;504.75
21682221;7;4;3;201.4;440;2025-05-08;2026-07-21;0.0;3515.95
21682613;3;3;0;351.3;837;2024-04-06;2026-04-13;0.0;2140.2
21682643;1;1;0;100.0;100;2026-04-13;2026-04-13;0.0;447.0
21687994;1;1;0;159.0;159;2026-02-13;2026-02-13;0.0;448.8
21694834;1;1;0;41.0;41;2026-06-11;2026-06-11;0.0;567.0
21697882;1;0;1;3.0;3;2026-07-19;2026-07-19;0.0;593.11
21698773;1;1;0;36.0;36;2026-06-16;2026-06-16;0.0;268.8
21699022;1;1;0;233.0;233;2025-12-01;2025-12-01;0.0;1035.6
21699486;1;1;0;420.0;420;2025-05-28;2025-05-28;0.0;328.8
21699638;1;1;0;47.0;47;2026-06-05;2026-06-05;0.0;897.3
21700154;1;0;1;2.0;2;2026-07-20;2026-07-20;0.0;229.55
21703915;1;1;0;23.0;23;2026-06-29;2026-06-29;0.0;447.0
21705388;1;1;0;163.0;163;2026-02-09;2026-02-09;0.0;268.8
21706448;1;0;1;2.0;2;2026-07-20;2026-07-20;0.0;199.6
21707511;2;1;1;28.5;50;2026-06-02;2026-07-15;0.0;2244.33
21722876;1;1;0;186.0;186;2026-01-17;2026-01-17;0.0;268.8
21722880;2;2;0;221.0;293;2025-10-02;2026-02-23;0.0;1754.6999999999998
21723911;1;1;0;485.0;485;2025-03-24;2025-03-24;0.0;178.5
21727615;2;2;0;172.0;175;2026-01-28;2026-02-03;0.0;1534.8
21728024;3;2;1;292.7;828;2024-04-15;2026-07-13;0.0;1410.3400000000001
21729355;1;1;0;22.0;22;2026-06-30;2026-06-30;0.0;879.25
21729506;1;1;0;831.0;831;2024-04-12;2024-04-12;0.0;418.5
21731020;4;4;0;38.8;79;2026-05-04;2026-07-16;0.0;2270.85
21734538;1;1;0;67.0;67;2026-05-16;2026-05-16;0.0;418.5
21734723;1;0;1;3.0;3;2026-07-19;2026-07-19;0.0;189.5
21737301;2;2;0;12.5;20;2026-07-02;2026-07-17;50.0;2167.5
21741074;1;1;0;127.0;127;2026-03-17;2026-03-17;0.0;268.8
21741658;4;4;0;60.8;72;2026-05-11;2026-06-09;100.0;2446.8
21742807;1;1;0;134.0;134;2026-03-10;2026-03-10;0.0;557.4
21743767;3;3;0;67.0;112;2026-04-01;2026-07-17;0.0;2061.45
21746492;6;5;1;156.0;285;2025-10-10;2026-07-19;0.0;4578.35
21746629;2;0;2;2.0;2;2026-07-20;2026-07-20;0.0;441.0
217469;1;0;1;2.0;2;2026-07-20;2026-07-20;0.0;347.2
21747553;1;1;0;33.0;33;2026-06-19;2026-06-19;0.0;775.5
21747851;2;2;0;240.0;299;2025-09-26;2026-01-22;100.0;687.0
21762060;3;3;0;12.3;30;2026-06-22;2026-07-20;0.0;1753.75
21763234;1;1;0;818.0;818;2024-04-25;2024-04-25;0.0;358.5
21763511;2;0;2;2.0;2;2026-07-20;2026-07-20;0.0;632.94
21764269;5;1;4;10.8;44;2026-06-08;2026-07-20;0.0;1340.6
21764950;1;1;0;124.0;124;2026-03-20;2026-03-20;0.0;557.4
21765325;5;5;0;224.6;589;2024-12-10;2026-07-06;0.0;4929.45
21765699;2;2;0;366.0;600;2024-11-29;2026-03-12;0.0;2443.8
21765758;2;2;0;137.5;197;2026-01-06;2026-05-05;0.0;1114.8
21766216;1;0;1;1.0;1;2026-07-21;2026-07-21;0.0;201.55
21767169;1;0;1;1.0;1;2026-07-21;2026-07-21;0.0;75.8
21768360;2;2;0;14.0;14;2026-07-08;2026-07-08;0.0;3434.9
21768552;1;0;1;2.0;2;2026-07-20;2026-07-20;0.0;548.9
21769410;1;0;1;2.0;2;2026-07-20;2026-07-20;0.0;439.2
21769895;1;1;0;572.0;572;2024-12-27;2024-12-27;0.0;388.8
21770519;2;1;1;18.0;34;2026-06-18;2026-07-20;0.0;788.1
21771751;1;1;0;63.0;63;2026-05-20;2026-05-20;0.0;328.8
21772095;1;0;1;9.0;9;2026-07-13;2026-07-13;0.0;700.6500000000001
21772264;1;1;0;9.0;9;2026-07-13;2026-07-13;0.0;945.45
21775794;1;1;0;33.0;33;2026-06-19;2026-06-19;0.0;328.8
21775972;1;1;0;331.0;331;2025-08-25;2025-08-25;0.0;897.3
21776826;1;1;0;12.0;12;2026-07-10;2026-07-10;0.0;318.75
21778436;1;1;0;28.0;28;2026-06-24;2026-06-24;0.0;757.45
21782397;4;4;0;232.2;504;2025-03-05;2026-05-18;75.0;1974.3000000000002
21782649;1;1;0;166.0;166;2026-02-06;2026-02-06;0.0;447.0
21782836;2;2;0;9.0;9;2026-07-13;2026-07-13;0.0;537.6
21783278;1;1;0;60.0;60;2026-05-23;2026-05-23;0.0;597.3
21784164;3;3;0;102.3;132;2026-03-12;2026-05-08;66.7;1701.3
21784495;1;1;0;99.0;99;2026-04-14;2026-04-14;0.0;1035.6
21784573;2;2;0;97.0;119;2026-03-25;2026-05-08;0.0;895.8
21784847;2;2;0;235.0;242;2025-11-22;2025-12-06;0.0;537.6
21784872;1;1;0;114.0;114;2026-03-30;2026-03-30;0.0;268.8
21785028;1;1;0;37.0;37;2026-06-15;2026-06-15;0.0;447.0
21789612;1;1;0;106.0;106;2026-04-07;2026-04-07;0.0;328.8
21789615;2;1;1;61.5;121;2026-03-23;2026-07-20;50.0;737.7
21790041;1;1;0;15.0;15;2026-07-07;2026-07-07;0.0;785.5500000000001
21790439;1;1;0;387.0;387;2025-06-30;2025-06-30;0.0;567.0
21791156;2;2;0;174.0;183;2026-01-20;2026-02-07;0.0;1345.8
21792029;2;2;0;65.0;65;2026-05-18;2026-05-18;0.0;1114.8
21803607;1;1;0;716.0;716;2024-08-05;2024-08-05;100.0;877.1999999999999
21806131;1;1;0;456.0;456;2025-04-22;2025-04-22;0.0;268.8
21807433;1;0;1;6.0;6;2026-07-16;2026-07-16;0.0;449.1
21808953;1;1;0;2.0;2;2026-07-20;2026-07-20;0.0;765.45
21812558;1;1;0;135.0;135;2026-03-09;2026-03-09;0.0;895.5
21812747;3;3;0;51.0;105;2026-04-08;2026-06-29;33.3;1959.6
21813205;2;2;0;48.0;57;2026-05-26;2026-06-13;50.0;1735.8000000000002
21813902;1;1;0;662.0;662;2024-09-28;2024-09-28;0.0;388.5
21814092;1;1;0;21.0;21;2026-07-01;2026-07-01;0.0;879.25
21814467;2;1;1;4.0;6;2026-07-16;2026-07-20;50.0;1227.6000000000001
2181474;1;1;0;242.0;242;2025-11-22;2025-11-22;0.0;1015.5
21814869;1;1;0;21.0;21;2026-07-01;2026-07-01;0.0;310.75
21814956;1;0;1;2.0;2;2026-07-20;2026-07-20;0.0;2586.5399999999995
21815688;2;2;0;82.0;99;2026-04-14;2026-05-18;0.0;777.6
21818350;1;1;0;43.0;43;2026-06-09;2026-06-09;0.0;895.5
21819205;1;1;0;33.0;33;2026-06-19;2026-06-19;0.0;777.3
21825650;3;3;0;52.3;78;2026-05-05;2026-07-17;0.0;2533.35
21826040;1;0;1;1.0;1;2026-07-21;2026-07-21;0.0;376.47
21827800;2;2;0;119.5;188;2026-01-15;2026-06-01;0.0;717.6
21831864;1;0;1;1.0;1;2026-07-21;2026-07-21;0.0;583.0500000000001
21834821;1;1;0;176.0;176;2026-01-27;2026-01-27;0.0;747.3
21849056;1;0;1;2.0;2;2026-07-20;2026-07-20;0.0;322.47
21852272;1;1;0;503.0;503;2025-03-06;2025-03-06;0.0;388.8
21856678;1;1;0;22.0;22;2026-06-30;2026-06-30;0.0;310.75
21856718;1;1;0;33.0;33;2026-06-19;2026-06-19;0.0;328.8
21859487;3;2;1;38.3;65;2026-05-18;2026-07-18;33.3;1083.8
21859585;1;1;0;107.0;107;2026-04-06;2026-04-06;0.0;1095.6
21859750;1;1;0;9.0;9;2026-07-13;2026-07-13;0.0;607.35
21868095;1;1;0;6.0;6;2026-07-16;2026-07-16;0.0;0.0
21868954;2;2;0;143.0;266;2025-10-29;2026-07-02;0.0;687.3
21871175;1;0;1;2.0;2;2026-07-20;2026-07-20;0.0;299.63000000000005
21875064;4;4;0;162.2;232;2025-12-02;2026-04-28;0.0;3107.3999999999996
21876966;1;1;0;175.0;175;2026-01-28;2026-01-28;100.0;1230.3
21878610;1;0;1;3.0;3;2026-07-19;2026-07-19;0.0;653.95
21878775;1;1;0;15.0;15;2026-07-07;2026-07-07;0.0;268.8
21878790;1;0;1;1.0;1;2026-07-21;2026-07-21;0.0;194.79000000000002
21879708;2;2;0;476.0;804;2024-05-09;2026-02-24;50.0;820.5
21892222;1;1;0;84.0;84;2026-04-29;2026-04-29;0.0;717.3
21895910;1;1;0;49.0;49;2026-06-03;2026-06-03;0.0;328.8
21896188;1;1;0;18.0;18;2026-07-04;2026-07-04;0.0;447.0
21896501;1;1;0;61.0;61;2026-05-22;2026-05-22;0.0;737.4
21899340;1;1;0;75.0;75;2026-05-08;2026-05-08;0.0;328.8
21899573;1;0;1;1.0;1;2026-07-21;2026-07-21;0.0;391.47
21900253;1;1;0;61.0;61;2026-05-22;2026-05-22;0.0;767.4
21900491;3;3;0;266.7;348;2025-08-08;2026-03-18;0.0;1104.6
21902197;1;1;0;4.0;4;2026-07-18;2026-07-18;0.0;1075.5
21903788;3;3;0;58.3;62;2026-05-21;2026-05-27;33.3;1571.1
21904087;1;1;0;130.0;130;2026-03-14;2026-03-14;0.0;298.5
2190555;1;1;0;655.0;655;2024-10-05;2024-10-05;0.0;837.3
21907395;1;0;1;2.0;2;2026-07-20;2026-07-20;0.0;249.55
21909569;1;1;0;107.0;107;2026-04-06;2026-04-06;100.0;792.0
21910228;1;1;0;4.0;4;2026-07-18;2026-07-18;0.0;1125.45
21915072;1;1;0;152.0;152;2026-02-20;2026-02-20;0.0;2275.5
21915521;2;2;0;5.0;5;2026-07-17;2026-07-17;0.0;657.6
21915868;1;0;1;1.0;1;2026-07-21;2026-07-21;0.0;172.8
21920970;1;1;0;306.0;306;2025-09-19;2025-09-19;0.0;268.8
21937646;1;1;0;245.0;245;2025-11-19;2025-11-19;0.0;507.0
21937841;1;1;0;790.0;790;2024-05-23;2024-05-23;0.0;537.3
21938537;1;1;0;415.0;415;2025-06-02;2025-06-02;0.0;298.5
21940072;1;1;0;151.0;151;2026-02-21;2026-02-21;0.0;537.3
21941421;1;0;1;1.0;1;2026-07-21;2026-07-21;0.0;273.65000000000003
21941494;1;1;0;238.0;238;2025-11-26;2025-11-26;0.0;837.3
21943948;1;1;0;58.0;58;2026-05-25;2026-05-25;100.0;642.0
21944771;2;2;0;79.5;102;2026-04-11;2026-05-26;0.0;1464.3
21945134;1;1;0;504.0;504;2025-03-05;2025-03-05;0.0;447.0
21945859;1;1;0;408.0;408;2025-06-09;2025-06-09;0.0;418.5
21946807;3;3;0;62.0;114;2026-03-30;2026-06-24;0.0;926.4000000000001
21947105;2;2;0;167.5;183;2026-01-20;2026-02-20;0.0;2201.1
21949789;1;1;0;44.0;44;2026-06-08;2026-06-08;0.0;557.4
21951170;5;5;0;220.6;432;2025-05-16;2026-05-28;0.0;2866.2
21952870;1;1;0;88.0;88;2026-04-25;2026-04-25;0.0;797.4
21953808;3;0;3;1.7;2;2026-07-20;2026-07-21;0.0;1220.0500000000002
21953868;1;1;0;15.0;15;2026-07-07;2026-07-07;0.0;748.8
21954091;1;0;1;2.0;2;2026-07-20;2026-07-20;0.0;227.65000000000003
21954752;1;1;0;341.0;341;2025-08-15;2025-08-15;0.0;925.5
21955158;1;0;1;2.0;2;2026-07-20;2026-07-20;0.0;239.45
21955256;7;6;1;292.7;421;2025-05-27;2026-07-14;0.0;2488.5
21958775;3;3;0;396.7;775;2024-06-07;2026-07-13;66.7;1627.65
21959201;1;1;0;336.0;336;2025-08-20;2025-08-20;0.0;507.0
21959577;1;1;0;131.0;131;2026-03-13;2026-03-13;0.0;268.8
21961604;1;1;0;13.0;13;2026-07-09;2026-07-09;100.0;483.45000000000005
21964766;1;1;0;204.0;204;2025-12-30;2025-12-30;0.0;448.8
21982792;2;2;0;172.5;177;2026-01-26;2026-02-04;0.0;747.3
21982983;4;4;0;29.0;57;2026-05-26;2026-07-14;0.0;3589.2
21983379;1;1;0;15.0;15;2026-07-07;2026-07-07;0.0;715.5
21984072;1;1;0;44.0;44;2026-06-08;2026-06-08;0.0;388.8
21984877;1;1;0;56.0;56;2026-05-27;2026-05-27;0.0;268.8
21985231;1;1;0;53.0;53;2026-05-30;2026-05-30;0.0;447.0
21985472;5;5;0;207.6;702;2024-08-19;2026-07-17;0.0;2358.6
21988247;1;1;0;68.0;68;2026-05-15;2026-05-15;0.0;857.4
21989887;1;1;0;170.0;170;2026-02-02;2026-02-02;0.0;328.8
21991406;1;1;0;630.0;630;2024-10-30;2024-10-30;0.0;1015.5
21996708;2;2;0;279.5;519;2025-02-18;2026-06-12;0.0;1642.5
21998922;1;1;0;86.0;86;2026-04-27;2026-04-27;0.0;268.8
21998935;1;0;1;1.0;1;2026-07-21;2026-07-21;0.0;125.75
2200149;4;3;1;102.2;205;2025-12-29;2026-07-21;0.0;1060.4
2200220;1;1;0;846.0;846;2024-03-28;2024-03-28;0.0;685.5
22003650;4;4;0;67.2;181;2026-01-22;2026-07-01;0.0;3713.95
22011690;1;1;0;518.0;518;2025-02-19;2025-02-19;0.0;388.8
22024160;1;0;1;3.0;3;2026-07-19;2026-07-19;0.0;441.15
22024892;2;2;0;165.5;239;2025-11-25;2026-04-21;0.0;777.6
22025906;1;1;0;769.0;769;2024-06-13;2024-06-13;0.0;358.5
22026432;1;1;0;109.0;109;2026-04-04;2026-04-04;0.0;715.5
22027180;1;0;1;1.0;1;2026-07-21;2026-07-21;0.0;1461.7099999999998
22030122;1;1;0;15.0;15;2026-07-07;2026-07-07;0.0;647.25
22033647;1;1;0;145.0;145;2026-02-27;2026-02-27;0.0;657.3
22033760;1;1;0;287.0;287;2025-10-08;2025-10-08;0.0;955.5
22034375;1;1;0;317.0;317;2025-09-08;2025-09-08;0.0;268.8
22034839;5;5;0;123.6;204;2025-12-30;2026-05-08;0.0;2382.6
22035195;4;4;0;355.0;770;2024-06-12;2026-04-04;0.0;1703.7
22039176;1;1;0;51.0;51;2026-06-01;2026-06-01;0.0;268.8
22049017;1;0;1;15.0;15;2026-07-07;2026-07-07;0.0;1761.12
22049965;1;1;0;1.0;1;2026-07-21;2026-07-21;0.0;1015.5
22051286;5;5;0;197.0;561;2025-01-07;2026-07-14;0.0;3484.5
22051609;4;4;0;318.2;497;2025-03-12;2026-03-31;0.0;1375.2
22052242;1;1;0;14.0;14;2026-07-08;2026-07-08;0.0;338.85
22053917;1;1;0;30.0;30;2026-06-22;2026-06-22;0.0;877.45
22063576;1;0;1;16.0;16;2026-07-06;2026-07-06;0.0;833.8
22064376;1;0;1;1.0;1;2026-07-21;2026-07-21;0.0;174.79000000000002
22064424;1;1;0;142.0;142;2026-03-02;2026-03-02;0.0;557.4
22064543;2;2;0;206.0;351;2025-08-05;2026-05-22;0.0;1572.8999999999999
22064623;1;0;1;2.0;2;2026-07-20;2026-07-20;0.0;405.35
22064725;1;1;0;26.0;26;2026-06-26;2026-06-26;0.0;537.3
22065206;1;1;0;261.0;261;2025-11-03;2025-11-03;0.0;388.8
22066161;2;2;0;79.0;102;2026-04-11;2026-05-27;0.0;1413.0
22071561;1;1;0;15.0;15;2026-07-07;2026-07-07;0.0;607.35
22073857;1;1;0;148.0;148;2026-02-24;2026-02-24;0.0;557.4
22074103;1;1;0;149.0;149;2026-02-23;2026-02-23;0.0;328.8
22077179;2;2;0;78.0;78;2026-05-05;2026-05-05;100.0;1520.4
22079106;1;0;1;11.0;11;2026-07-11;2026-07-11;0.0;644.3
22079502;1;1;0;86.0;86;2026-04-27;2026-04-27;100.0;433.5
2208050;1;0;1;2.0;2;2026-07-20;2026-07-20;0.0;337.5
22084244;6;6;0;83.8;149;2026-02-23;2026-07-16;0.0;4868.55
22086526;3;3;0;48.0;80;2026-05-03;2026-07-02;0.0;4168.45
22087184;1;1;0;40.0;40;2026-06-12;2026-06-12;0.0;627.0
22087199;2;2;0;82.0;82;2026-05-01;2026-05-01;0.0;1454.6999999999998
22094241;2;2;0;183.0;261;2025-11-03;2026-04-08;0.0;3172.5
22094536;1;0;1;2.0;2;2026-07-20;2026-07-20;0.0;457.47
22111979;1;1;0;30.0;30;2026-06-22;2026-06-22;0.0;599.35
22112037;1;1;0;23.0;23;2026-06-29;2026-06-29;0.0;579.25
22115042;1;1;0;64.0;64;2026-05-19;2026-05-19;0.0;447.0
22117266;1;1;0;555.0;555;2025-01-13;2025-01-13;0.0;447.0
22118484;1;1;0;771.0;771;2024-06-11;2024-06-11;0.0;717.3
22118674;2;2;0;54.5;79;2026-05-04;2026-06-22;50.0;1610.9499999999998
22118923;1;1;0;342.0;342;2025-08-14;2025-08-14;0.0;835.5
22118978;1;1;0;253.0;253;2025-11-11;2025-11-11;0.0;1035.6
22122830;1;1;0;2.0;2;2026-07-20;2026-07-20;0.0;715.5
22123717;1;1;0;274.0;274;2025-10-21;2025-10-21;0.0;448.8
22124839;1;1;0;79.0;79;2026-05-04;2026-05-04;0.0;268.8
22125055;1;1;0;289.0;289;2025-10-06;2025-10-06;0.0;388.8
22125618;1;1;0;526.0;526;2025-02-11;2025-02-11;0.0;837.3
22128400;1;0;1;4.0;4;2026-07-18;2026-07-18;0.0;1062.0
22131284;1;0;1;2.0;2;2026-07-20;2026-07-20;0.0;317.55
22131472;1;1;0;84.0;84;2026-04-29;2026-04-29;0.0;447.0
22131549;4;4;0;32.0;71;2026-05-12;2026-07-14;0.0;2837.75
22131815;3;3;0;159.7;324;2025-09-01;2026-07-21;66.7;2488.95
22150945;1;0;1;7.0;7;2026-07-15;2026-07-15;0.0;748.5
22153452;7;7;0;258.7;462;2025-04-16;2026-06-29;0.0;2779.5
22155712;2;1;1;21.5;23;2026-06-29;2026-07-02;0.0;1638.0
22160447;1;1;0;118.0;118;2026-03-26;2026-03-26;0.0;687.0
22161458;3;1;2;180.7;516;2025-02-21;2026-07-10;0.0;4006.0
22167803;1;0;1;2.0;2;2026-07-20;2026-07-20;0.0;449.15
22167956;1;1;0;156.0;156;2026-02-16;2026-02-16;0.0;447.0
22168021;1;1;0;229.0;229;2025-12-05;2025-12-05;0.0;417.3
221703;1;0;1;1.0;1;2026-07-21;2026-07-21;0.0;89.8
22174572;8;8;0;96.4;294;2025-10-01;2026-07-11;100.0;7347.5
22175914;1;0;1;1.0;1;2026-07-21;2026-07-21;0.0;88.85000000000001
22177530;1;1;0;22.0;22;2026-06-30;2026-06-30;0.0;310.75
22180613;1;1;0;8.0;8;2026-07-14;2026-07-14;0.0;715.5
22181337;1;1;0;29.0;29;2026-06-23;2026-06-23;0.0;1225.5
22183857;2;1;1;96.0;189;2026-01-14;2026-07-19;0.0;678.15
22185617;1;1;0;83.0;83;2026-04-30;2026-04-30;0.0;268.8
22197452;2;2;0;8.0;8;2026-07-14;2026-07-14;0.0;637.5
22198283;1;1;0;25.0;25;2026-06-27;2026-06-27;0.0;1267.45
22199030;1;1;0;756.0;756;2024-06-26;2024-06-26;0.0;298.5
22199781;1;1;0;6.0;6;2026-07-16;2026-07-16;0.0;767.25
22200567;1;1;0;729.0;729;2024-07-23;2024-07-23;0.0;298.5
2220141;2;2;0;38.0;53;2026-05-30;2026-06-29;0.0;2792.95
22201471;1;0;1;2.0;2;2026-07-20;2026-07-20;0.0;389.25
22204220;1;1;0;371.0;371;2025-07-16;2025-07-16;0.0;447.0
22204889;1;0;1;2.0;2;2026-07-20;2026-07-20;0.0;583.0500000000001
22204964;3;3;0;21.7;32;2026-06-20;2026-07-09;0.0;984.6
22205272;1;1;0;91.0;91;2026-04-22;2026-04-22;100.0;373.5
22205657;1;0;1;1.0;1;2026-07-21;2026-07-21;0.0;447.40000000000003
22207585;1;1;0;85.0;85;2026-04-28;2026-04-28;0.0;388.8
22207956;1;0;1;3.0;3;2026-07-19;2026-07-19;0.0;585.15
2221000;1;1;0;583.0;583;2024-12-16;2024-12-16;0.0;735.6
22211379;1;1;0;1.0;1;2026-07-21;2026-07-21;0.0;715.5
22218380;1;0;1;2.0;2;2026-07-20;2026-07-20;0.0;249.39999999999998
22219710;1;1;0;751.0;751;2024-07-01;2024-07-01;0.0;298.5
22220558;1;1;0;51.0;51;2026-06-01;2026-06-01;0.0;897.3
22221098;1;1;0;103.0;103;2026-04-10;2026-04-10;0.0;298.5
22221868;1;1;0;71.0;71;2026-05-12;2026-05-12;0.0;1375.5
2222270;2;1;1;7.5;14;2026-07-08;2026-07-21;0.0;604.9
22227298;2;2;0;461.5;524;2025-02-13;2025-06-18;0.0;777.6
22229390;3;3;0;206.7;284;2025-10-11;2026-05-15;0.0;1284.0
22229498;1;0;1;1.0;1;2026-07-21;2026-07-21;0.0;361.35
22229949;1;0;1;2.0;2;2026-07-20;2026-07-20;0.0;352.47
2224024;2;1;1;85.0;168;2026-02-04;2026-07-20;0.0;394.55
22242065;1;1;0;197.0;197;2026-01-06;2026-01-06;100.0;1060.2
22242119;1;0;1;2.0;2;2026-07-20;2026-07-20;0.0;189.5
22242470;1;0;1;7.0;7;2026-07-15;2026-07-15;0.0;265.3
22243482;1;0;1;1.0;1;2026-07-21;2026-07-21;0.0;391.47
22245185;1;1;0;83.0;83;2026-04-30;2026-04-30;0.0;735.6
22245407;1;0;1;8.0;8;2026-07-14;2026-07-14;0.0;648.3000000000001
22250240;1;1;0;13.0;13;2026-07-09;2026-07-09;0.0;438.75
22250946;1;1;0;154.0;154;2026-02-18;2026-02-18;0.0;268.8
22251522;1;1;0;30.0;30;2026-06-22;2026-06-22;0.0;789.25
22253419;1;0;1;2.0;2;2026-07-20;2026-07-20;0.0;383.55
22255696;1;1;0;317.0;317;2025-09-08;2025-09-08;0.0;388.8
22258328;1;1;0;187.0;187;2026-01-16;2026-01-16;0.0;268.8
22258541;1;1;0;666.0;666;2024-09-24;2024-09-24;0.0;298.5
22258893;1;1;0;198.0;198;2026-01-05;2026-01-05;0.0;975.6
22260095;8;7;1;57.8;102;2026-04-11;2026-06-30;0.0;9056.48
22260118;1;1;0;64.0;64;2026-05-19;2026-05-19;0.0;597.3
22263346;1;1;0;135.0;135;2026-03-09;2026-03-09;0.0;897.3
22264128;1;1;0;23.0;23;2026-06-29;2026-06-29;0.0;639.25
22264518;2;2;0;21.5;42;2026-06-10;2026-07-21;0.0;1742.85
22264918;1;1;0;64.0;64;2026-05-19;2026-05-19;0.0;447.0
22266042;1;1;0;21.0;21;2026-07-01;2026-07-01;0.0;1057.45
22270053;1;0;1;2.0;2;2026-07-20;2026-07-20;0.0;948.1500000000001
22270749;1;1;0;280.0;280;2025-10-15;2025-10-15;0.0;328.8
22273053;1;1;0;193.0;193;2026-01-10;2026-01-10;0.0;268.8
22273561;7;7;0;193.0;677;2024-09-13;2026-04-06;0.0;3622.8
22289018;1;0;1;4.0;4;2026-07-18;2026-07-18;0.0;517.05
22292776;1;1;0;16.0;16;2026-07-06;2026-07-06;0.0;845.5500000000001
22294429;4;2;2;11.5;20;2026-07-02;2026-07-20;0.0;3894.55
22294948;1;1;0;394.0;394;2025-06-23;2025-06-23;0.0;447.0
22297096;1;1;0;61.0;61;2026-05-22;2026-05-22;0.0;388.8
22297873;2;2;0;462.0;537;2025-01-31;2025-06-30;0.0;537.6
22301048;1;1;0;21.0;21;2026-07-01;2026-07-01;0.0;328.8
22301282;1;1;0;12.0;12;2026-07-10;2026-07-10;0.0;887.25
22302595;1;1;0;170.0;170;2026-02-02;2026-02-02;0.0;597.3
22304619;1;0;1;2.0;2;2026-07-20;2026-07-20;0.0;533.35
22308291;2;2;0;107.5;131;2026-03-13;2026-04-29;0.0;894.0
22309928;1;1;0;592.0;592;2024-12-07;2024-12-07;0.0;567.0
22310854;1;1;0;369.0;369;2025-07-18;2025-07-18;0.0;328.8
22312137;1;0;1;2.0;2;2026-07-20;2026-07-20;0.0;299.4
22315753;1;1;0;168.0;168;2026-02-04;2026-02-04;0.0;268.8
22318329;1;1;0;279.0;279;2025-10-16;2025-10-16;0.0;717.3
22318566;2;0;2;15.5;20;2026-07-02;2026-07-11;0.0;6393.25
22318620;2;1;1;93.5;182;2026-01-21;2026-07-17;0.0;1247.8
22319001;1;1;0;730.0;730;2024-07-22;2024-07-22;0.0;477.3
22319468;2;2;0;394.5;699;2024-08-22;2026-04-23;0.0;1756.2
22320185;1;0;1;2.0;2;2026-07-20;2026-07-20;0.0;544.2
22333373;1;1;0;195.0;195;2026-01-08;2026-01-08;0.0;268.8
2233355;1;0;1;16.0;16;2026-07-06;2026-07-06;0.0;1401.3000000000002
22334306;1;0;1;8.0;8;2026-07-14;2026-07-14;0.0;3751.95
22339036;1;0;1;3.0;3;2026-07-19;2026-07-19;0.0;558.9000000000001
2234204;1;0;1;1.0;1;2026-07-21;2026-07-21;0.0;113.7
22342716;1;1;0;272.0;272;2025-10-23;2025-10-23;0.0;328.8
22343752;2;1;1;16.5;31;2026-06-21;2026-07-20;0.0;1857.7400000000002
22344779;2;2;0;186.5;312;2025-09-13;2026-05-22;0.0;1572.6
22346256;1;0;1;2.0;2;2026-07-20;2026-07-20;0.0;239.45
22346546;1;1;0;81.0;81;2026-05-02;2026-05-02;0.0;268.8
22352714;3;3;0;89.7;104;2026-04-09;2026-05-22;0.0;1104.6
22356540;2;2;0;551.5;732;2024-07-20;2025-07-16;0.0;715.8
22361568;1;0;1;8.0;8;2026-07-14;2026-07-14;0.0;465.07
22363558;2;2;0;195.5;380;2025-07-07;2026-07-11;0.0;1376.1
22367011;1;1;0;114.0;114;2026-03-30;2026-03-30;0.0;597.3
22385011;1;1;0;543.0;543;2025-01-25;2025-01-25;0.0;507.0
22387188;1;1;0;28.0;28;2026-06-24;2026-06-24;0.0;450.85
22387510;1;1;0;159.0;159;2026-02-13;2026-02-13;0.0;268.8
22387591;1;1;0;242.0;242;2025-11-22;2025-11-22;0.0;537.3
22388570;1;0;1;5.0;5;2026-07-17;2026-07-17;0.0;1967.7
22390460;1;1;0;38.0;38;2026-06-14;2026-06-14;0.0;925.5
22391098;1;1;0;432.0;432;2025-05-16;2025-05-16;0.0;268.8
22391259;1;1;0;523.0;523;2025-02-14;2025-02-14;0.0;567.0
22391906;1;1;0;720.0;720;2024-08-01;2024-08-01;0.0;1015.5
22395490;1;1;0;219.0;219;2025-12-15;2025-12-15;0.0;537.3
22396358;1;1;0;61.0;61;2026-05-22;2026-05-22;0.0;765.12
22396418;3;3;0;210.3;288;2025-10-07;2026-03-26;0.0;1014.3
22397693;6;6;0;79.5;289;2025-10-06;2026-07-07;0.0;5214.75
22399153;3;3;0;268.7;282;2025-10-13;2025-11-04;0.0;1701.0
22404436;1;1;0;534.0;534;2025-02-03;2025-02-03;0.0;1015.5
22408470;1;1;0;16.0;16;2026-07-06;2026-07-06;0.0;837.3
22410777;1;1;0;196.0;196;2026-01-07;2026-01-07;0.0;567.0
22426820;2;2;0;107.5;111;2026-04-02;2026-04-09;0.0;537.6
22427196;2;2;0;42.5;55;2026-05-28;2026-06-22;0.0;817.75
22432236;1;1;0;296.0;296;2025-09-29;2025-09-29;0.0;567.0
22432281;1;0;1;5.0;5;2026-07-17;2026-07-17;0.0;1293.85
22432692;1;1;0;285.0;285;2025-10-10;2025-10-10;0.0;388.8
22433292;1;1;0;55.0;55;2026-05-28;2026-05-28;0.0;837.3
22434750;2;0;2;11.0;16;2026-07-06;2026-07-16;0.0;1738.8000000000002
22435346;1;1;0;721.0;721;2024-07-31;2024-07-31;0.0;328.8
22439230;1;1;0;37.0;37;2026-06-15;2026-06-15;0.0;388.8
22439744;1;1;0;182.0;182;2026-01-21;2026-01-21;0.0;567.0
22441291;3;3;0;48.3;69;2026-05-14;2026-06-15;0.0;1483.5
2244160;1;1;0;41.0;41;2026-06-11;2026-06-11;0.0;268.8
22442267;1;0;1;2.0;2;2026-07-20;2026-07-20;0.0;322.47
22442617;3;3;0;86.0;134;2026-03-10;2026-06-25;0.0;1433.1
22445852;1;1;0;229.0;229;2025-12-05;2025-12-05;0.0;867.0
22446011;1;1;0;252.0;252;2025-11-12;2025-11-12;0.0;537.3
22446494;1;1;0;655.0;655;2024-10-05;2024-10-05;0.0;777.3
22447169;1;1;0;236.0;236;2025-11-28;2025-11-28;0.0;328.8
22449836;3;3;0;282.3;719;2024-08-02;2026-07-01;0.0;2661.6
22450065;1;1;0;64.0;64;2026-05-19;2026-05-19;0.0;388.8
2245056;2;0;2;1.5;2;2026-07-20;2026-07-21;0.0;487.0
2245210;1;1;0;124.0;124;2026-03-20;2026-03-20;0.0;388.8
22453448;1;1;0;70.0;70;2026-05-13;2026-05-13;0.0;627.0
22455027;1;1;0;111.0;111;2026-04-02;2026-04-02;0.0;977.4
22455249;2;2;0;16.0;16;2026-07-06;2026-07-06;0.0;777.6
22470086;1;1;0;5.0;5;2026-07-17;2026-07-17;0.0;845.5500000000001
22472292;1;1;0;37.0;37;2026-06-15;2026-06-15;0.0;777.0
22472568;2;0;2;4.5;6;2026-07-16;2026-07-19;0.0;341.1
22473084;1;1;0;184.0;184;2026-01-19;2026-01-19;0.0;537.3
2247906;1;1;0;678.0;678;2024-09-12;2024-09-12;0.0;595.5
22479307;2;2;0;288.5;523;2025-02-14;2026-05-29;0.0;1164.3
22479832;2;2;0;630.5;714;2024-08-07;2025-01-21;0.0;715.8
22482178;1;1;0;16.0;16;2026-07-06;2026-07-06;0.0;388.8
2248293;2;1;1;150.0;295;2025-09-30;2026-07-17;0.0;816.5
2248353;1;0;1;2.0;2;2026-07-20;2026-07-20;0.0;479.25
22487850;1;1;0;78.0;78;2026-05-05;2026-05-05;0.0;388.8
22490096;1;0;1;1.0;1;2026-07-21;2026-07-21;0.0;285.55
22490288;1;1;0;702.0;702;2024-08-19;2024-08-19;0.0;268.8
2249779;3;3;0;2108.0;3085;2018-02-09;2024-10-04;0.0;985.8
22500634;1;1;0;465.0;465;2025-04-13;2025-04-13;0.0;268.8
22501245;1;0;1;6.0;6;2026-07-16;2026-07-16;0.0;672.7500000000001
22502353;1;0;1;7.0;7;2026-07-15;2026-07-15;0.0;1295.5500000000002
22505430;5;3;2;46.6;149;2026-02-23;2026-07-20;0.0;2851.8
22517487;4;0;4;1.8;2;2026-07-20;2026-07-21;0.0;798.3
22519518;1;0;1;2.0;2;2026-07-20;2026-07-20;0.0;1644.15
22521519;1;1;0;68.0;68;2026-05-15;2026-05-15;0.0;887.4
22522435;1;1;0;513.0;513;2025-02-24;2025-02-24;0.0;418.5
22525012;3;3;0;152.3;380;2025-07-07;2026-06-29;0.0;1665.55
22525747;1;1;0;152.0;152;2026-02-20;2026-02-20;0.0;795.6
22525793;1;1;0;479.0;479;2025-03-30;2025-03-30;0.0;715.5
22526198;1;1;0;91.0;91;2026-04-22;2026-04-22;0.0;925.5
22526319;3;2;1;127.7;348;2025-08-08;2026-07-10;0.0;1749.6
22526990;2;2;0;51.5;74;2026-05-09;2026-06-23;0.0;757.75
22527293;1;1;0;154.0;154;2026-02-18;2026-02-18;0.0;388.8
22527429;1;1;0;88.0;88;2026-04-25;2026-04-25;0.0;557.4
22528514;1;1;0;14.0;14;2026-07-08;2026-07-08;0.0;318.75
22533514;2;2;0;284.5;466;2025-04-12;2026-04-10;0.0;945.6
22534207;1;1;0;454.0;454;2025-04-24;2025-04-24;0.0;447.0
22535542;2;2;0;34.0;40;2026-06-12;2026-06-24;0.0;715.8
22536297;1;0;1;2.0;2;2026-07-20;2026-07-20;0.0;199.6
22537020;4;4;0;523.5;705;2024-08-16;2026-02-11;0.0;1491.6
22539737;1;1;0;18.0;18;2026-07-04;2026-07-04;0.0;447.0
22542377;1;1;0;9.0;9;2026-07-13;2026-07-13;0.0;785.5500000000001
225429;1;1;0;355.0;355;2025-08-01;2025-08-01;0.0;447.0
22543791;1;0;1;2.0;2;2026-07-20;2026-07-20;0.0;427.40000000000003
22544283;1;1;0;134.0;134;2026-03-10;2026-03-10;0.0;835.5
22547800;1;0;1;2.0;2;2026-07-20;2026-07-20;0.0;361.35
22549058;1;1;0;702.0;702;2024-08-19;2024-08-19;0.0;328.8
22550224;1;1;0;12.0;12;2026-07-10;2026-07-10;0.0;895.5
22550973;1;1;0;414.0;414;2025-06-03;2025-06-03;0.0;178.5
22551879;1;1;0;2.0;2;2026-07-20;2026-07-20;0.0;667.35
22572304;1;1;0;517.0;517;2025-02-20;2025-02-20;0.0;447.0
22572627;1;1;0;21.0;21;2026-07-01;2026-07-01;0.0;599.35
22573012;2;2;0;28.0;47;2026-06-05;2026-07-13;0.0;1074.6
22574593;1;0;1;1.0;1;2026-07-21;2026-07-21;0.0;75.8
22574921;2;2;0;112.0;169;2026-02-03;2026-05-28;0.0;537.6
22575820;1;1;0;198.0;198;2026-01-05;2026-01-05;0.0;298.5
22580093;1;1;0;178.0;178;2026-01-25;2026-01-25;0.0;388.8
22580199;1;1;0;173.0;173;2026-01-30;2026-01-30;0.0;537.3
22581075;3;0;3;6.7;11;2026-07-11;2026-07-20;0.0;833.8
22581855;2;2;0;87.5;103;2026-04-10;2026-05-11;50.0;1650.9
22585743;1;1;0;54.0;54;2026-05-29;2026-05-29;0.0;447.0
22586591;1;1;0;21.0;21;2026-07-01;2026-07-01;0.0;2317.45
2258691;1;1;0;26.0;26;2026-06-26;2026-06-26;0.0;627.0
22592953;3;2;1;16.7;37;2026-06-15;2026-07-21;0.0;961.45
22594264;1;0;1;1.0;1;2026-07-21;2026-07-21;0.0;471.20000000000005
22594475;1;1;0;167.0;167;2026-02-05;2026-02-05;0.0;268.8
22595982;1;1;0;275.0;275;2025-10-20;2025-10-20;0.0;388.8
22607150;1;1;0;139.0;139;2026-03-05;2026-03-05;0.0;507.0
22608193;1;1;0;23.0;23;2026-06-29;2026-06-29;0.0;268.8
22608361;2;2;0;111.0;119;2026-03-25;2026-04-10;0.0;1234.8
22610120;1;1;0;30.0;30;2026-06-22;2026-06-22;0.0;579.25
22615387;1;1;0;168.0;168;2026-02-04;2026-02-04;0.0;895.5
22615906;1;1;0;99.0;99;2026-04-14;2026-04-14;0.0;945.6
22617660;1;1;0;198.0;198;2026-01-05;2026-01-05;0.0;917.4
22618516;1;1;0;77.0;77;2026-05-06;2026-05-06;0.0;537.3
22622194;1;1;0;66.0;66;2026-05-17;2026-05-17;0.0;657.3
22625389;1;1;0;13.0;13;2026-07-09;2026-07-09;0.0;438.75
2262876;1;0;1;1.0;1;2026-07-21;2026-07-21;0.0;499.0
22629369;1;1;0;140.0;140;2026-03-04;2026-03-04;0.0;388.8
22631905;1;1;0;253.0;253;2025-11-11;2025-11-11;0.0;857.4
22635260;1;1;0;275.0;275;2025-10-20;2025-10-20;0.0;388.8
22636150;2;2;0;24.0;40;2026-06-12;2026-07-14;0.0;1424.55
22639688;1;1;0;47.0;47;2026-06-05;2026-06-05;0.0;837.3
22649561;2;2;0;94.5;172;2026-01-31;2026-07-05;0.0;856.05
22650334;1;0;1;12.0;12;2026-07-10;2026-07-10;0.0;1985.2300000000002
22651559;1;1;0;36.0;36;2026-06-16;2026-06-16;0.0;715.5
22651835;1;0;1;9.0;9;2026-07-13;2026-07-13;0.0;906.3
22651877;2;2;0;105.5;175;2026-01-28;2026-06-16;0.0;537.6
226530;3;3;0;147.3;288;2025-10-07;2026-06-15;0.0;2506.5
22653197;2;2;0;309.0;617;2024-11-12;2026-07-21;50.0;1417.5
22654606;3;3;0;37.7;50;2026-06-02;2026-06-22;0.0;1176.85
22654672;1;1;0;671.0;671;2024-09-19;2024-09-19;0.0;735.6
22661275;1;1;0;517.0;517;2025-02-20;2025-02-20;0.0;388.8
22661504;1;1;0;74.0;74;2026-05-09;2026-05-09;0.0;537.3
22661678;1;0;1;2.0;2;2026-07-20;2026-07-20;0.0;229.5
22662133;1;0;1;4.0;4;2026-07-18;2026-07-18;0.0;672.7500000000001
22665838;1;0;1;2.0;2;2026-07-20;2026-07-20;0.0;113.7
22666037;1;1;0;30.0;30;2026-06-22;2026-06-22;0.0;817.45
22666991;3;1;2;16.0;43;2026-06-09;2026-07-20;0.0;1794.3000000000002
22667903;1;1;0;239.0;239;2025-11-25;2025-11-25;0.0;388.8
22668953;1;0;1;6.0;6;2026-07-16;2026-07-16;0.0;691.9499999999999
22669165;1;1;0;512.0;512;2025-02-25;2025-02-25;0.0;915.6
22669610;1;1;0;8.0;8;2026-07-14;2026-07-14;0.0;268.8
22669832;1;1;0;26.0;26;2026-06-26;2026-06-26;0.0;370.75
22669840;1;1;0;336.0;336;2025-08-20;2025-08-20;0.0;447.0
22670137;1;1;0;131.0;131;2026-03-13;2026-03-13;0.0;677.4
22673067;2;2;0;182.0;217;2025-12-17;2026-02-25;0.0;1316.1
22676382;1;1;0;494.0;494;2025-03-15;2025-03-15;0.0;408.90000000000003
22676483;2;2;0;500.5;671;2024-09-19;2025-08-26;0.0;657.6
22682123;1;1;0;610.0;610;2024-11-19;2024-11-19;0.0;567.0
22683768;3;3;0;130.0;137;2026-03-07;2026-03-28;0.0;806.4000000000001
22685244;1;1;0;38.0;38;2026-06-14;2026-06-14;0.0;827.1
22685919;1;0;1;3.0;3;2026-07-19;2026-07-19;0.0;517.05
2268891;1;0;1;2.0;2;2026-07-20;2026-07-20;0.0;239.39999999999998
2269007;3;3;0;306.3;652;2024-10-08;2026-07-14;0.0;1673.1
22697018;1;0;1;2.0;2;2026-07-20;2026-07-20;0.0;219.60000000000002
22698105;2;1;1;15.0;21;2026-07-01;2026-07-13;0.0;2229.1900000000005
22698579;9;9;0;174.1;449;2025-04-29;2026-06-05;11.1;8406.6
22698898;1;1;0;55.0;55;2026-05-28;2026-05-28;0.0;775.5
22700875;1;1;0;44.0;44;2026-06-08;2026-06-08;0.0;1095.6
22701366;1;1;0;681.0;681;2024-09-09;2024-09-09;0.0;1095.6
22701694;1;1;0;644.0;644;2024-10-16;2024-10-16;0.0;388.8
22706227;1;1;0;4.0;4;2026-07-18;2026-07-18;0.0;318.75
22706624;1;1;0;331.0;331;2025-08-25;2025-08-25;0.0;617.4
22706762;1;1;0;64.0;64;2026-05-19;2026-05-19;0.0;447.0
22709438;1;1;0;307.0;307;2025-09-18;2025-09-18;0.0;388.8
22709513;2;2;0;464.0;558;2025-01-10;2025-07-17;0.0;1593.0
22713086;1;1;0;106.0;106;2026-04-07;2026-04-07;0.0;717.3
2271494;3;0;3;1.0;1;2026-07-21;2026-07-21;0.0;1150.2
22715225;1;1;0;2.0;2;2026-07-20;2026-07-20;0.0;1005.45
22723389;1;1;0;15.0;15;2026-07-07;2026-07-07;0.0;268.8
22724051;1;1;0;65.0;65;2026-05-18;2026-05-18;0.0;268.8
22727103;1;1;0;18.0;18;2026-07-04;2026-07-04;0.0;607.35
2272812;1;1;0;198.0;198;2026-01-05;2026-01-05;0.0;268.8
22730930;1;1;0;435.0;435;2025-05-13;2025-05-13;0.0;328.8
22730970;1;0;1;5.0;5;2026-07-17;2026-07-17;0.0;299.4
22732187;3;2;1;122.3;289;2025-10-06;2026-07-20;0.0;727.1
22745742;1;1;0;527.0;527;2025-02-10;2025-02-10;0.0;507.0
22745747;2;2;0;76.5;120;2026-03-24;2026-06-19;0.0;2064.3
22748234;1;1;0;198.0;198;2026-01-05;2026-01-05;0.0;447.0
22748801;1;0;1;9.0;9;2026-07-13;2026-07-13;0.0;807.95
22748802;3;3;0;272.0;610;2024-11-19;2026-06-09;0.0;1623.6
22749910;1;1;0;148.0;148;2026-02-24;2026-02-24;0.0;687.0
22750960;1;1;0;658.0;658;2024-10-02;2024-10-02;100.0;368.70000000000005
22753346;2;2;0;99.5;145;2026-02-27;2026-05-29;0.0;597.6
22754882;1;1;0;338.0;338;2025-08-18;2025-08-18;0.0;927.0
22755364;2;2;0;159.0;294;2025-10-01;2026-06-28;0.0;1372.8
22755582;1;1;0;122.0;122;2026-03-22;2026-03-22;0.0;747.3
22756170;1;1;0;30.0;30;2026-06-22;2026-06-22;0.0;639.25
22756256;1;0;1;7.0;7;2026-07-15;2026-07-15;0.0;958.35
22756775;1;1;0;1.0;1;2026-07-21;2026-07-21;0.0;647.25
22756914;1;1;0;90.0;90;2026-04-23;2026-04-23;0.0;597.3
22760653;2;2;0;38.0;46;2026-06-06;2026-06-22;100.0;1805.9499999999998
22760761;2;2;0;197.5;225;2025-12-09;2026-02-02;0.0;835.8
22760820;1;1;0;618.0;618;2024-11-11;2024-11-11;0.0;507.0
22760910;1;1;0;58.0;58;2026-05-25;2026-05-25;0.0;268.8
22763194;4;4;0;140.5;302;2025-09-23;2026-06-16;0.0;1963.8
22764536;1;1;0;169.0;169;2026-02-03;2026-02-03;0.0;268.8
22767576;2;0;2;8.0;15;2026-07-07;2026-07-21;0.0;981.29
22770472;2;1;1;16.0;30;2026-06-22;2026-07-20;0.0;840.8
22770567;1;1;0;94.0;94;2026-04-19;2026-04-19;0.0;388.8
22770570;1;0;1;2.0;2;2026-07-20;2026-07-20;0.0;134.7
22774563;1;1;0;658.0;658;2024-10-02;2024-10-02;0.0;715.5
22776267;1;1;0;188.0;188;2026-01-15;2026-01-15;0.0;715.5
22776712;1;1;0;131.0;131;2026-03-13;2026-03-13;0.0;1225.5
22776822;3;2;1;93.0;261;2025-11-03;2026-07-15;0.0;1867.4999999999998
22776953;1;1;0;667.0;667;2024-09-23;2024-09-23;0.0;268.5
22777135;2;2;0;39.0;43;2026-06-09;2026-06-17;0.0;1731.0
22777188;1;1;0;20.0;20;2026-07-02;2026-07-02;0.0;310.75
22777621;5;5;0;119.8;298;2025-09-27;2026-07-17;20.0;1686.9
22778445;2;2;0;186.0;190;2026-01-13;2026-01-21;50.0;970.2
22779645;1;1;0;335.0;335;2025-08-21;2025-08-21;0.0;537.3
22790251;4;4;0;30.8;37;2026-06-15;2026-06-25;0.0;2865.45
22790424;1;0;1;2.0;2;2026-07-20;2026-07-20;0.0;189.5
22791747;1;1;0;666.0;666;2024-09-24;2024-09-24;0.0;557.4
22792347;1;0;1;5.0;5;2026-07-17;2026-07-17;0.0;848.35
22793135;1;0;1;2.0;2;2026-07-20;2026-07-20;0.0;296.55
22793301;1;1;0;617.0;617;2024-11-12;2024-11-12;0.0;715.5
22793356;1;1;0;596.0;596;2024-12-03;2024-12-03;0.0;507.0
22794000;2;2;0;62.0;107;2026-04-06;2026-07-05;0.0;1124.55
22795263;1;0;1;1.0;1;2026-07-21;2026-07-21;0.0;153.6
22798111;1;1;0;15.0;15;2026-07-07;2026-07-07;0.0;905.5500000000001
22799417;1;0;1;5.0;5;2026-07-17;2026-07-17;0.0;846.8299999999999
22799508;1;1;0;15.0;15;2026-07-07;2026-07-07;0.0;597.3
22800189;1;1;0;130.0;130;2026-03-14;2026-03-14;0.0;867.3
22800417;2;2;0;13.0;13;2026-07-09;2026-07-09;0.0;1236.15
22801208;2;2;0;145.5;272;2025-10-23;2026-07-03;0.0;1464.3
22802204;1;1;0;125.0;125;2026-03-19;2026-03-19;0.0;388.8
22807904;1;1;0;86.0;86;2026-04-27;2026-04-27;0.0;1015.5
2280940;6;6;0;64.5;91;2026-04-22;2026-06-23;0.0;4905.0
22809632;4;4;0;270.2;313;2025-09-12;2025-12-04;0.0;3422.1
22809769;3;3;0;90.0;136;2026-03-08;2026-05-21;0.0;1968.3
2281284;1;1;0;21.0;21;2026-07-01;2026-07-01;0.0;639.25
22813289;1;1;0;659.0;659;2024-10-01;2024-10-01;0.0;567.0
22814330;6;5;1;252.7;548;2025-01-20;2026-07-01;50.0;3739.95
22814354;1;1;0;15.0;15;2026-07-07;2026-07-07;0.0;438.75
22814612;3;3;0;94.0;232;2025-12-02;2026-07-08;0.0;2209.95
22815250;1;1;0;99.0;99;2026-04-14;2026-04-14;0.0;268.8
22816205;3;3;0;78.0;108;2026-04-05;2026-06-22;0.0;1374.8999999999999
22816979;1;1;0;13.0;13;2026-07-09;2026-07-09;0.0;795.6
22821998;3;3;0;60.0;89;2026-04-24;2026-07-14;66.7;1314.0
22822537;2;2;0;129.0;200;2026-01-03;2026-05-25;100.0;1402.2
22823778;1;1;0;296.0;296;2025-09-29;2025-09-29;0.0;657.3
22823878;2;2;0;198.0;198;2026-01-05;2026-01-05;0.0;537.6
22824265;2;2;0;190.0;238;2025-11-26;2026-03-02;0.0;2272.8
22825781;2;0;2;1.5;2;2026-07-20;2026-07-21;0.0;255.55
2282866;1;0;1;12.0;12;2026-07-10;2026-07-10;0.0;1712.6999999999998
22837621;1;1;0;562.0;562;2025-01-06;2025-01-06;0.0;895.5
22840138;1;0;1;9.0;9;2026-07-13;2026-07-13;0.0;416.9
22840431;1;1;0;170.0;170;2026-02-02;2026-02-02;0.0;627.0
22841192;1;0;1;21.0;21;2026-07-01;2026-07-01;0.0;984.8500000000001
22841455;3;3;0;98.3;183;2026-01-20;2026-06-08;66.7;2211.0
22841504;1;1;0;287.0;287;2025-10-08;2025-10-08;0.0;507.0
22842178;1;0;1;3.0;3;2026-07-19;2026-07-19;0.0;391.47
22843050;1;1;0;657.0;657;2024-10-03;2024-10-03;0.0;298.5
22846563;1;1;0;5.0;5;2026-07-17;2026-07-17;0.0;318.75
22847476;2;1;1;29.5;58;2026-05-25;2026-07-21;0.0;986.4499999999999
22847578;1;0;1;2.0;2;2026-07-20;2026-07-20;0.0;239.45
22848413;1;0;1;2.0;2;2026-07-20;2026-07-20;0.0;671.9
22849149;1;1;0;299.0;299;2025-09-26;2025-09-26;0.0;747.3
22849920;2;2;0;164.5;243;2025-11-21;2026-04-27;0.0;3841.2
22850569;1;0;1;14.0;14;2026-07-08;2026-07-08;0.0;998.05
22851108;1;1;0;203.0;203;2025-12-31;2025-12-31;0.0;328.8
22851893;2;1;1;20.5;34;2026-06-18;2026-07-15;0.0;1229.25
22852650;1;1;0;441.0;441;2025-05-07;2025-05-07;0.0;857.4
22856304;2;2;0;258.0;482;2025-03-27;2026-06-18;0.0;1972.5
22858787;1;0;1;2.0;2;2026-07-20;2026-07-20;0.0;271.55
22859578;3;3;0;108.7;142;2026-03-02;2026-05-05;0.0;926.4000000000001
22862521;2;1;1;12.0;20;2026-07-02;2026-07-18;0.0;1005.55
22863244;2;2;0;14.0;19;2026-07-03;2026-07-13;0.0;786.0
22863414;1;0;1;25.0;25;2026-06-27;2026-06-27;0.0;1546.76
22863774;1;0;1;2.0;2;2026-07-20;2026-07-20;0.0;229.5
22863927;2;2;0;62.5;76;2026-05-07;2026-06-03;0.0;777.6
22864440;1;1;0;366.0;366;2025-07-21;2025-07-21;0.0;268.8
22867160;1;0;1;2.0;2;2026-07-20;2026-07-20;0.0;189.5
22869851;2;0;2;5.5;9;2026-07-13;2026-07-20;0.0;1327.7
22871658;1;1;0;173.0;173;2026-01-30;2026-01-30;0.0;388.8
22872008;1;1;0;37.0;37;2026-06-15;2026-06-15;0.0;447.0
22872621;1;1;0;84.0;84;2026-04-29;2026-04-29;0.0;268.8
22873358;2;2;0;332.0;655;2024-10-05;2026-07-13;0.0;856.05
22873905;1;1;0;49.0;49;2026-06-03;2026-06-03;0.0;507.0
22874657;1;1;0;491.0;491;2025-03-18;2025-03-18;0.0;537.3
22881065;2;1;1;21.0;40;2026-06-12;2026-07-20;0.0;1376.85
22891423;1;1;0;33.0;33;2026-06-19;2026-06-19;0.0;268.8
22892633;1;1;0;71.0;71;2026-05-12;2026-05-12;0.0;597.3
22895779;2;2;0;327.0;554;2025-01-14;2026-04-13;0.0;955.8
22897303;2;2;0;19.5;21;2026-07-01;2026-07-04;0.0;537.6
22897317;1;1;0;105.0;105;2026-04-08;2026-04-08;0.0;388.8
22904228;1;1;0;20.0;20;2026-07-02;2026-07-02;0.0;777.5500000000001
22904414;1;1;0;194.0;194;2026-01-09;2026-01-09;100.0;582.0
22910177;1;1;0;344.0;344;2025-08-12;2025-08-12;0.0;527.1
22913160;5;5;0;143.0;401;2025-06-16;2026-06-26;0.0;3446.6499999999996
22915783;2;2;0;11.5;15;2026-07-07;2026-07-14;0.0;1392.9
2291604;1;0;1;2.0;2;2026-07-20;2026-07-20;0.0;151.6
22918392;2;2;0;24.5;26;2026-06-26;2026-06-29;0.0;894.0
22919743;2;2;0;100.0;163;2026-02-09;2026-06-15;0.0;1512.6
22929937;1;1;0;72.0;72;2026-05-11;2026-05-11;0.0;1035.6
22934370;1;1;0;259.0;259;2025-11-05;2025-11-05;100.0;820.2
22934696;2;2;0;49.5;65;2026-05-18;2026-06-18;0.0;835.8
22935350;1;1;0;41.0;41;2026-06-11;2026-06-11;0.0;447.0
22939878;2;2;0;88.0;90;2026-04-23;2026-04-27;0.0;1134.0
22943928;2;1;1;3.5;5;2026-07-17;2026-07-20;0.0;968.7
22946248;1;1;0;163.0;163;2026-02-09;2026-02-09;0.0;597.3
22946966;1;1;0;29.0;29;2026-06-23;2026-06-23;0.0;579.25
22950071;2;2;0;644.0;644;2024-10-16;2024-10-16;0.0;777.6
22950247;1;1;0;58.0;58;2026-05-25;2026-05-25;0.0;268.8
22952282;3;3;0;65.0;65;2026-05-18;2026-05-18;0.0;1074.9
22952676;2;2;0;310.0;310;2025-09-15;2025-09-15;0.0;1912.8
22953684;1;0;1;5.0;5;2026-07-17;2026-07-17;0.0;544.95
22954802;1;1;0;184.0;184;2026-01-19;2026-01-19;0.0;268.8
22954904;1;1;0;189.0;189;2026-01-14;2026-01-14;0.0;447.0
22958228;1;1;0;60.0;60;2026-05-23;2026-05-23;0.0;567.0
22961231;1;0;1;1.0;1;2026-07-21;2026-07-21;0.0;44.9
22961438;2;0;2;1.0;1;2026-07-21;2026-07-21;0.0;1034.1
22964739;4;3;1;225.5;418;2025-05-30;2026-07-13;25.0;1425.9
22967161;2;1;1;31.0;61;2026-05-22;2026-07-21;0.0;1422.85
22967523;1;1;0;3.0;3;2026-07-19;2026-07-19;0.0;388.8
22969684;1;0;1;3.0;3;2026-07-19;2026-07-19;0.0;847.0500000000001
2296998;1;0;1;9.0;9;2026-07-13;2026-07-13;0.0;341.1
22977758;2;2;0;66.0;97;2026-04-16;2026-06-17;0.0;2214.6
22982583;2;2;0;558.0;558;2025-01-10;2025-01-10;0.0;777.6
22984067;1;1;0;22.0;22;2026-06-30;2026-06-30;0.0;268.8
22989172;1;1;0;32.0;32;2026-06-20;2026-06-20;0.0;388.8
22989650;1;1;0;294.0;294;2025-10-01;2025-10-01;0.0;268.8
22992185;1;1;0;415.0;415;2025-06-02;2025-06-02;0.0;388.8
2299250;4;2;2;135.8;279;2025-10-16;2026-07-21;0.0;1570.8999999999999
22994282;1;1;0;30.0;30;2026-06-22;2026-06-22;0.0;939.25
22995384;3;2;1;19.0;37;2026-06-15;2026-07-20;0.0;1293.9
22997593;1;0;1;1.0;1;2026-07-21;2026-07-21;0.0;89.8
22999173;3;3;0;204.3;261;2025-11-03;2026-02-18;0.0;1314.3
22999223;1;1;0;13.0;13;2026-07-09;2026-07-09;0.0;268.8
22999659;2;1;1;29.0;57;2026-05-26;2026-07-21;0.0;1051.0
23000104;1;1;0;320.0;320;2025-09-05;2025-09-05;0.0;447.0
23001034;3;3;0;57.3;124;2026-03-20;2026-07-20;0.0;926.4000000000001
230014;1;0;1;16.0;16;2026-07-06;2026-07-06;0.0;798.4
23003995;1;1;0;488.0;488;2025-03-21;2025-03-21;0.0;268.8
23004896;5;5;0;86.6;166;2026-02-06;2026-07-20;80.0;1762.8
23005179;1;1;0;341.0;341;2025-08-15;2025-08-15;0.0;328.8
23005180;1;1;0;289.0;289;2025-10-06;2025-10-06;0.0;835.5
23006894;1;1;0;51.0;51;2026-06-01;2026-06-01;100.0;640.2
23007877;1;0;1;1.0;1;2026-07-21;2026-07-21;0.0;113.7
23010675;2;2;0;82.0;86;2026-04-27;2026-05-05;0.0;1812.6
23012027;7;6;1;76.9;197;2026-01-06;2026-07-20;0.0;6347.55
23013804;1;1;0;118.0;118;2026-03-26;2026-03-26;0.0;797.4
23014574;1;0;1;2.0;2;2026-07-20;2026-07-20;0.0;643.83
23028733;1;1;0;359.0;359;2025-07-28;2025-07-28;0.0;507.0
23028968;1;1;0;163.0;163;2026-02-09;2026-02-09;0.0;507.0
23029399;2;2;0;14.0;14;2026-07-08;2026-07-08;0.0;677.7
23029501;2;2;0;350.5;587;2024-12-12;2026-03-30;0.0;835.8
23031192;3;3;0;252.3;291;2025-10-04;2026-01-23;100.0;2340.6000000000004
23031198;6;5;1;116.5;259;2025-11-05;2026-07-20;50.0;3283.95
23031481;1;1;0;9.0;9;2026-07-13;2026-07-13;100.0;892.05
23032122;2;2;0;79.0;79;2026-05-04;2026-05-04;50.0;1030.8
23032606;1;1;0;2.0;2;2026-07-20;2026-07-20;0.0;328.8
23035839;1;1;0;426.0;426;2025-05-22;2025-05-22;0.0;388.8
23036006;1;0;1;1.0;1;2026-07-21;2026-07-21;0.0;113.7
23036130;2;2;0;160.0;166;2026-02-06;2026-02-18;50.0;970.2
23038168;1;1;0;69.0;69;2026-05-14;2026-05-14;0.0;657.3
23039134;1;1;0;100.0;100;2026-04-13;2026-04-13;0.0;328.8
23041727;1;1;0;18.0;18;2026-07-04;2026-07-04;0.0;927.0
23043557;4;1;3;40.5;149;2026-02-23;2026-07-20;0.0;2848.14
23043662;1;1;0;35.0;35;2026-06-17;2026-06-17;0.0;657.3
23044342;1;1;0;111.0;111;2026-04-02;2026-04-02;0.0;915.6
23051646;1;1;0;408.0;408;2025-06-09;2025-06-09;0.0;268.8
2305194;2;1;1;16.5;29;2026-06-23;2026-07-18;0.0;728.4
23059130;1;1;0;9.0;9;2026-07-13;2026-07-13;0.0;837.3
23059182;4;4;0;118.2;306;2025-09-19;2026-06-26;75.0;2554.8
23061313;2;2;0;28.5;49;2026-06-03;2026-07-14;0.0;1562.85
23063476;1;0;1;19.0;19;2026-07-03;2026-07-03;0.0;720.1
23072126;1;1;0;27.0;27;2026-06-25;2026-06-25;0.0;1117.45
23075962;3;2;1;223.0;618;2024-11-11;2026-07-20;0.0;2124.63
23076496;2;2;0;215.5;243;2025-11-21;2026-01-15;0.0;1242.6
23077170;2;2;0;54.0;79;2026-05-04;2026-06-23;0.0;699.55
23078337;1;1;0;29.0;29;2026-06-23;2026-06-23;0.0;328.8
23081213;1;1;0;218.0;218;2025-12-16;2025-12-16;0.0;268.8
23081257;2;2;0;55.5;88;2026-04-25;2026-06-29;0.0;2691.0
23083878;1;1;0;41.0;41;2026-06-11;2026-06-11;0.0;557.4
23086189;1;1;0;622.0;622;2024-11-07;2024-11-07;0.0;328.8
23086315;2;2;0;107.0;116;2026-03-28;2026-04-15;0.0;1674.6
23086789;2;2;0;22.5;25;2026-06-27;2026-07-02;100.0;1164.0
23087345;2;2;0;34.5;67;2026-05-16;2026-07-20;0.0;587.55
23089504;2;2;0;187.0;275;2025-10-20;2026-04-14;50.0;1330.8
23089530;1;1;0;87.0;87;2026-04-26;2026-04-26;0.0;955.5
23089553;1;1;0;4.0;4;2026-07-18;2026-07-18;0.0;507.0
23093444;2;1;1;81.0;161;2026-02-11;2026-07-21;50.0;865.5
23093702;1;1;0;160.0;160;2026-02-12;2026-02-12;0.0;328.8
23099902;3;3;0;205.3;237;2025-11-27;2026-02-25;0.0;986.4000000000001
23101143;1;1;0;205.0;205;2025-12-29;2025-12-29;0.0;328.8
23102290;1;0;1;2.0;2;2026-07-20;2026-07-20;0.0;439.2
23103061;1;0;1;5.0;5;2026-07-17;2026-07-17;0.0;648.75
23103831;1;1;0;306.0;306;2025-09-19;2025-09-19;0.0;268.8
23104091;1;1;0;65.0;65;2026-05-18;2026-05-18;0.0;268.8
23104767;7;7;0;62.4;89;2026-04-24;2026-07-03;28.6;6550.5
23105259;1;1;0;40.0;40;2026-06-12;2026-06-12;0.0;537.3
23110221;8;8;0;2.0;2;2026-07-20;2026-07-20;0.0;5724.0
23111888;2;2;0;27.0;34;2026-06-18;2026-07-02;0.0;2200.95
2311483;1;0;1;11.0;11;2026-07-11;2026-07-11;0.0;767.9000000000001
2311614;1;1;0;83.0;83;2026-04-30;2026-04-30;0.0;388.8
23120421;1;1;0;57.0;57;2026-05-26;2026-05-26;0.0;388.8
23127370;1;1;0;131.0;131;2026-03-13;2026-03-13;100.0;1000.2
23131484;1;1;0;107.0;107;2026-04-06;2026-04-06;0.0;268.8
23137601;1;1;0;487.0;487;2025-03-22;2025-03-22;0.0;777.3
23138492;2;2;0;46.5;86;2026-04-27;2026-07-15;0.0;955.8
23138601;3;3;0;156.3;251;2025-11-13;2026-04-15;0.0;1522.8
23139467;4;3;1;77.2;197;2026-01-06;2026-07-19;0.0;1761.35
23140116;1;1;0;147.0;147;2026-02-25;2026-02-25;100.0;462.0
23140713;1;0;1;1.0;1;2026-07-21;2026-07-21;0.0;111.85000000000001
23141175;1;0;1;5.0;5;2026-07-17;2026-07-17;0.0;698.6
23142210;2;2;0;89.0;114;2026-03-30;2026-05-19;100.0;1640.4
23142609;1;1;0;449.0;449;2025-04-29;2025-04-29;100.0;762.0
23145776;3;3;0;20.7;30;2026-06-22;2026-07-13;0.0;2855.75
23146881;1;0;1;1.0;1;2026-07-21;2026-07-21;0.0;44.9
23147371;3;3;0;10.0;10;2026-07-12;2026-07-12;0.0;2326.5
23148554;1;0;1;1.0;1;2026-07-21;2026-07-21;0.0;229.5
23149403;3;3;0;5.7;13;2026-07-09;2026-07-20;0.0;1701.0
23154407;3;3;0;449.0;503;2025-03-06;2025-08-11;33.3;2672.7
23155358;1;1;0;128.0;128;2026-03-16;2026-03-16;0.0;795.6
23156402;2;1;1;21.5;34;2026-06-18;2026-07-13;0.0;1345.0
23157230;2;2;0;39.0;43;2026-06-09;2026-06-17;0.0;1731.0
23158630;2;2;0;83.0;83;2026-04-30;2026-04-30;0.0;1497.6
2315980;1;1;0;34.0;34;2026-06-18;2026-06-18;0.0;567.0
23170941;3;2;1;12.7;23;2026-06-29;2026-07-16;0.0;2056.78
23171544;1;1;0;72.0;72;2026-05-11;2026-05-11;0.0;617.4
2317205;1;0;1;3.0;3;2026-07-19;2026-07-19;0.0;909.9
23179765;1;1;0;2.0;2;2026-07-20;2026-07-20;0.0;1125.45
23180840;1;1;0;6.0;6;2026-07-16;2026-07-16;0.0;447.0
23181156;1;1;0;128.0;128;2026-03-16;2026-03-16;0.0;418.5
23181528;1;1;0;85.0;85;2026-04-28;2026-04-28;0.0;268.8
23182513;3;3;0;220.0;489;2025-03-20;2026-06-15;0.0;806.4000000000001
23183700;1;1;0;344.0;344;2025-08-12;2025-08-12;0.0;388.8
23183938;6;6;0;355.8;356;2025-07-31;2025-08-01;100.0;2601.0
23184263;1;0;1;2.0;2;2026-07-20;2026-07-20;0.0;389.25
23184993;1;1;0;15.0;15;2026-07-07;2026-07-07;0.0;567.0
23188844;1;1;0;429.0;429;2025-05-19;2025-05-19;0.0;507.0
23190511;1;0;1;16.0;16;2026-07-06;2026-07-06;0.0;1663.4
23193241;4;4;0;114.0;196;2026-01-07;2026-05-09;100.0;2766.3
2319398;1;1;0;945.0;945;2023-12-20;2023-12-20;0.0;1003.8
23207259;1;0;1;11.0;11;2026-07-11;2026-07-11;0.0;672.63
23211401;1;0;1;7.0;7;2026-07-15;2026-07-15;0.0;594.9
23211871;1;1;0;306.0;306;2025-09-19;2025-09-19;0.0;418.5
23213120;1;0;1;2.0;2;2026-07-20;2026-07-20;0.0;99.8
23213867;1;1;0;76.0;76;2026-05-07;2026-05-07;0.0;388.8
23215271;1;0;1;2.0;2;2026-07-20;2026-07-20;0.0;309.4
232163;17;17;0;81.4;138;2026-03-06;2026-07-02;0.0;9639.0
23217400;2;2;0;85.5;116;2026-03-28;2026-05-28;0.0;867.3
23226781;1;1;0;7.0;7;2026-07-15;2026-07-15;0.0;657.3
23231240;1;1;0;140.0;140;2026-03-04;2026-03-04;0.0;775.5
23231444;1;0;1;11.0;11;2026-07-11;2026-07-11;0.0;648.75
23234880;1;0;1;5.0;5;2026-07-17;2026-07-17;0.0;944.7500000000001
23237130;1;1;0;184.0;184;2026-01-19;2026-01-19;0.0;388.8
23241040;1;1;0;595.0;595;2024-12-04;2024-12-04;0.0;268.8
23241926;1;1;0;540.0;540;2025-01-28;2025-01-28;0.0;388.8
23242256;1;0;1;7.0;7;2026-07-15;2026-07-15;0.0;1008.03
23243101;1;1;0;596.0;596;2024-12-03;2024-12-03;0.0;268.8
23249924;1;1;0;5.0;5;2026-07-17;2026-07-17;0.0;907.35
23250082;1;1;0;589.0;589;2024-12-10;2024-12-10;0.0;975.6
23250444;1;1;0;15.0;15;2026-07-07;2026-07-07;0.0;907.35
23251384;5;5;0;184.6;326;2025-08-30;2026-04-05;0.0;1941.6
23251737;1;0;1;1.0;1;2026-07-21;2026-07-21;0.0;405.35
2325272;1;0;1;1.0;1;2026-07-21;2026-07-21;0.0;248.54999999999998
23252947;3;3;0;204.0;562;2025-01-06;2026-06-30;33.3;2228.35
23255287;1;1;0;260.0;260;2025-11-04;2025-11-04;0.0;388.8
23256905;1;1;0;58.0;58;2026-05-25;2026-05-25;0.0;268.8
23257026;3;3;0;64.0;148;2026-02-24;2026-07-15;0.0;2570.1
23257782;1;1;0;538.0;538;2025-01-30;2025-01-30;0.0;617.4
23258172;3;3;0;156.7;292;2025-10-03;2026-05-18;0.0;1106.4
23258437;1;1;0;586.0;586;2024-12-13;2024-12-13;0.0;448.5
23259315;5;5;0;102.0;271;2025-10-24;2026-07-18;0.0;3965.1
23262118;1;0;1;2.0;2;2026-07-20;2026-07-20;0.0;189.5
23264925;1;1;0;21.0;21;2026-07-01;2026-07-01;0.0;597.3
23267256;4;4;0;101.5;133;2026-03-11;2026-07-15;0.0;1075.2
23267665;4;3;1;51.5;169;2026-02-03;2026-07-21;0.0;3467.3700000000003
2327944;3;2;1;122.7;364;2025-07-23;2026-07-20;0.0;1293.8
23286608;2;1;1;74.5;147;2026-02-25;2026-07-20;0.0;1316.15
23287193;1;1;0;9.0;9;2026-07-13;2026-07-13;0.0;318.75
23288984;1;1;0;596.0;596;2024-12-03;2024-12-03;0.0;557.4
23289963;3;3;0;37.3;38;2026-06-14;2026-06-15;0.0;4186.799999999999
23292658;1;1;0;37.0;37;2026-06-15;2026-06-15;0.0;268.8
23294483;1;1;0;12.0;12;2026-07-10;2026-07-10;0.0;537.3
2329512;2;0;2;1.5;2;2026-07-20;2026-07-21;0.0;293.3
23296185;5;0;5;1.2;2;2026-07-20;2026-07-21;0.0;1197.35
23297301;1;1;0;6.0;6;2026-07-16;2026-07-16;0.0;907.35
23299575;2;2;0;380.0;380;2025-07-07;2025-07-07;50.0;582.3
23304530;1;1;0;173.0;173;2026-01-30;2026-01-30;0.0;795.6
23305466;1;1;0;29.0;29;2026-06-23;2026-06-23;0.0;567.0
23306272;1;0;1;1.0;1;2026-07-21;2026-07-21;0.0;88.85000000000001
23307454;1;0;1;6.0;6;2026-07-16;2026-07-16;0.0;364.25
23308715;1;1;0;40.0;40;2026-06-12;2026-06-12;0.0;925.5
23309232;1;0;1;7.0;7;2026-07-15;2026-07-15;0.0;1342.2
233095;1;0;1;2.0;2;2026-07-20;2026-07-20;0.0;622.8000000000001
2331264;1;0;1;1.0;1;2026-07-21;2026-07-21;0.0;113.7
23313377;1;1;0;243.0;243;2025-11-21;2025-11-21;0.0;777.3
23316227;1;1;0;56.0;56;2026-05-27;2026-05-27;0.0;268.8
23317913;1;1;0;163.0;163;2026-02-09;2026-02-09;0.0;557.4
23321673;1;1;0;145.0;145;2026-02-27;2026-02-27;0.0;947.4
23321864;1;1;0;322.0;322;2025-09-03;2025-09-03;0.0;388.8
23322512;1;1;0;245.0;245;2025-11-19;2025-11-19;0.0;448.8
23324038;1;0;1;5.0;5;2026-07-17;2026-07-17;0.0;303.2
23327847;1;1;0;63.0;63;2026-05-20;2026-05-20;0.0;268.8
23352622;1;1;0;224.0;224;2025-12-10;2025-12-10;0.0;835.5
23355044;1;1;0;61.0;61;2026-05-22;2026-05-22;0.0;298.5
23357056;3;3;0;46.0;54;2026-05-29;2026-06-10;0.0;2568.3
23357899;1;1;0;51.0;51;2026-06-01;2026-06-01;0.0;715.5
23358160;1;1;0;161.0;161;2026-02-11;2026-02-11;0.0;447.0
23361767;1;1;0;64.0;64;2026-05-19;2026-05-19;0.0;717.3
23362172;1;1;0;109.0;109;2026-04-04;2026-04-04;0.0;388.8
23362397;1;1;0;15.0;15;2026-07-07;2026-07-07;0.0;817.35
23364810;2;2;0;298.0;573;2024-12-26;2026-06-29;0.0;1168.15
23365742;1;0;1;30.0;30;2026-06-22;2026-06-22;0.0;3145.29
23369545;1;1;0;390.0;390;2025-06-27;2025-06-27;0.0;388.8
23370297;1;1;0;96.0;96;2026-04-17;2026-04-17;0.0;747.3
2337183;4;3;1;254.0;853;2024-03-21;2026-07-21;25.0;1535.4
23374357;1;1;0;20.0;20;2026-07-02;2026-07-02;0.0;785.5500000000001
23374644;1;1;0;83.0;83;2026-04-30;2026-04-30;0.0;537.3
23374684;1;0;1;11.0;11;2026-07-11;2026-07-11;0.0;1299.15
23374969;1;1;0;44.0;44;2026-06-08;2026-06-08;0.0;447.0
23379565;1;1;0;96.0;96;2026-04-17;2026-04-17;0.0;268.8
23381712;4;3;1;174.5;402;2025-06-15;2026-07-20;50.0;3598.25
23383961;1;1;0;555.0;555;2025-01-13;2025-01-13;100.0;1060.2
23388176;1;1;0;174.0;174;2026-01-29;2026-01-29;0.0;737.4
23399301;2;0;2;1.0;1;2026-07-21;2026-07-21;0.0;1345.5000000000002
23399969;1;1;0;111.0;111;2026-04-02;2026-04-02;0.0;268.8
23400085;1;1;0;84.0;84;2026-04-29;2026-04-29;0.0;447.0
23400398;1;0;1;2.0;2;2026-07-20;2026-07-20;0.0;75.8
23408162;2;0;2;4.0;6;2026-07-16;2026-07-20;0.0;492.70000000000005
23410766;1;0;1;8.0;8;2026-07-14;2026-07-14;0.0;481.71999999999997
23412506;1;1;0;421.0;421;2025-05-27;2025-05-27;0.0;797.4
23416832;1;1;0;491.0;491;2025-03-18;2025-03-18;0.0;567.0
23417125;1;1;0;580.0;580;2024-12-19;2024-12-19;0.0;268.8
23419968;1;1;0;17.0;17;2026-07-05;2026-07-05;0.0;268.8
23420017;2;2;0;20.0;33;2026-06-19;2026-07-15;0.0;955.8
23423712;1;1;0;219.0;219;2025-12-15;2025-12-15;0.0;388.8
23425402;1;1;0;25.0;25;2026-06-27;2026-06-27;0.0;899.35
2342564;3;3;0;187.0;187;2026-01-16;2026-01-16;0.0;806.4000000000001
23426786;1;1;0;17.0;17;2026-07-05;2026-07-05;0.0;388.8
23428588;1;1;0;455.0;455;2025-04-23;2025-04-23;0.0;418.5
23428932;2;2;0;33.5;37;2026-06-15;2026-06-22;0.0;1166.3500000000001
23435230;4;4;0;106.2;183;2026-01-20;2026-06-10;100.0;2902.8
23437115;12;12;0;88.8;260;2025-11-04;2026-06-19;0.0;6896.7
23442755;1;1;0;1.0;1;2026-07-21;2026-07-21;0.0;785.5500000000001
23457905;3;3;0;248.7;261;2025-11-03;2025-12-02;0.0;984.6
23459443;3;3;0;44.3;54;2026-05-29;2026-06-22;0.0;1148.35
23459609;1;0;1;2.0;2;2026-07-20;2026-07-20;0.0;391.47
23460193;1;0;1;2.0;2;2026-07-20;2026-07-20;0.0;441.31
23486433;1;1;0;91.0;91;2026-04-22;2026-04-22;0.0;388.8
23487832;1;1;0;99.0;99;2026-04-14;2026-04-14;0.0;567.0
23490968;1;1;0;127.0;127;2026-03-17;2026-03-17;0.0;567.0
23491240;1;1;0;233.0;233;2025-12-01;2025-12-01;0.0;388.8
23491949;1;1;0;9.0;9;2026-07-13;2026-07-13;0.0;907.35
23519763;1;1;0;14.0;14;2026-07-08;2026-07-08;100.0;671.7
23521948;2;2;0;106.0;182;2026-01-21;2026-06-22;0.0;817.75
23536437;3;3;0;164.0;344;2025-08-12;2026-05-21;33.3;1031.1
23538688;2;1;1;12.5;16;2026-07-06;2026-07-13;0.0;1287.05
23541937;1;1;0;532.0;532;2025-02-05;2025-02-05;0.0;975.6
2354463;15;15;0;81.7;387;2025-06-30;2026-07-18;0.0;11203.8
23547687;1;1;0;252.0;252;2025-11-12;2025-11-12;0.0;1047.3
23548170;1;0;1;15.0;15;2026-07-07;2026-07-07;0.0;1089.8500000000001
23548445;1;1;0;25.0;25;2026-06-27;2026-06-27;0.0;1049.35
23548767;1;1;0;50.0;50;2026-06-02;2026-06-02;0.0;388.8
23551667;1;1;0;484.0;484;2025-03-25;2025-03-25;0.0;268.8
23572841;1;0;1;5.0;5;2026-07-17;2026-07-17;0.0;1391.85
23572899;11;11;0;128.3;368;2025-07-19;2026-07-21;54.5;8451.9
23575143;1;1;0;145.0;145;2026-02-27;2026-02-27;100.0;882.0
23575218;1;1;0;133.0;133;2026-03-11;2026-03-11;0.0;328.8
23575290;1;1;0;37.0;37;2026-06-15;2026-06-15;0.0;615.6
23575375;1;0;1;1.0;1;2026-07-21;2026-07-21;0.0;1048.67
23576655;8;8;0;240.5;282;2025-10-13;2026-06-30;87.5;3523.8
23577682;4;4;0;219.8;315;2025-09-10;2026-05-13;100.0;1612.2
23577820;1;1;0;363.0;363;2025-07-24;2025-07-24;0.0;715.5
23578965;1;1;0;158.0;158;2026-02-14;2026-02-14;0.0;835.5
23579264;1;0;1;5.0;5;2026-07-17;2026-07-17;0.0;909.9
23579401;1;1;0;47.0;47;2026-06-05;2026-06-05;0.0;507.0
23580051;1;1;0;157.0;157;2026-02-15;2026-02-15;0.0;268.8
23584379;1;1;0;533.0;533;2025-02-04;2025-02-04;0.0;388.8
23584969;1;1;0;292.0;292;2025-10-03;2025-10-03;0.0;388.8
23587467;1;1;0;225.0;225;2025-12-09;2025-12-09;0.0;268.8
23587708;3;3;0;60.0;166;2026-02-06;2026-07-17;0.0;1443.3
23595337;1;1;0;184.0;184;2026-01-19;2026-01-19;0.0;627.0
23595759;1;0;1;2.0;2;2026-07-20;2026-07-20;0.0;795.9
23595941;1;1;0;97.0;97;2026-04-16;2026-04-16;0.0;328.8
23595973;1;1;0;73.0;73;2026-05-10;2026-05-10;0.0;1425.6
23597281;1;1;0;560.0;560;2025-01-08;2025-01-08;0.0;795.6
23597438;1;1;0;558.0;558;2025-01-10;2025-01-10;0.0;328.8
23597547;1;1;0;14.0;14;2026-07-08;2026-07-08;0.0;438.75
23597599;1;1;0;560.0;560;2025-01-08;2025-01-08;0.0;597.3
23599242;1;1;0;72.0;72;2026-05-11;2026-05-11;0.0;735.6
23604339;1;1;0;51.0;51;2026-06-01;2026-06-01;100.0;942.0
23604497;6;6;0;112.0;218;2025-12-16;2026-04-24;0.0;2469.9
23604741;1;1;0;22.0;22;2026-06-30;2026-06-30;0.0;599.35
23608734;1;1;0;197.0;197;2026-01-06;2026-01-06;0.0;715.5
23609038;1;1;0;239.0;239;2025-11-25;2025-11-25;0.0;537.3
23613334;1;1;0;115.0;115;2026-03-29;2026-03-29;0.0;1675.5
23613533;1;1;0;44.0;44;2026-06-08;2026-06-08;0.0;837.3
23614826;1;1;0;44.0;44;2026-06-08;2026-06-08;0.0;895.5
23616519;1;1;0;49.0;49;2026-06-03;2026-06-03;0.0;388.8
23616883;1;0;1;1.0;1;2026-07-21;2026-07-21;0.0;127.80000000000001
23617103;1;1;0;21.0;21;2026-07-01;2026-07-01;0.0;450.85
23620468;1;1;0;547.0;547;2025-01-21;2025-01-21;0.0;448.8
2362417;2;2;0;54.0;58;2026-05-25;2026-06-02;0.0;1431.0
23634820;1;1;0;43.0;43;2026-06-09;2026-06-09;0.0;447.0
23638581;2;2;0;338.0;489;2025-03-20;2026-01-16;0.0;835.8
23639084;1;1;0;117.0;117;2026-03-27;2026-03-27;0.0;767.4
23639561;1;0;1;1.0;1;2026-07-21;2026-07-21;0.0;161.8
23640063;1;1;0;26.0;26;2026-06-26;2026-06-26;0.0;657.5500000000001
23640523;1;0;1;22.0;22;2026-06-30;2026-06-30;0.0;2838.7700000000004
2365064;1;0;1;3.0;3;2026-07-19;2026-07-19;0.0;721.0500000000001
23653123;2;2;0;351.0;546;2025-01-22;2026-02-16;0.0;1522.5
23654002;1;0;1;2.0;2;2026-07-20;2026-07-20;0.0;439.2
23655288;1;1;0;114.0;114;2026-03-30;2026-03-30;0.0;268.8
23655352;2;2;0;175.0;292;2025-10-03;2026-05-25;0.0;1074.6
23655504;1;0;1;2.0;2;2026-07-20;2026-07-20;0.0;349.2
23656803;3;3;0;262.7;544;2025-01-24;2026-06-26;0.0;2629.8
23657223;1;1;0;551.0;551;2025-01-17;2025-01-17;0.0;1015.5
23657741;1;1;0;23.0;23;2026-06-29;2026-06-29;0.0;478.5
23659108;1;1;0;159.0;159;2026-02-13;2026-02-13;0.0;468.90000000000003
2366383;1;0;1;22.0;22;2026-06-30;2026-06-30;0.0;2025.6900000000003
23665589;1;1;0;42.0;42;2026-06-10;2026-06-10;0.0;537.3
23666306;1;1;0;8.0;8;2026-07-14;2026-07-14;0.0;358.5
23666467;1;1;0;422.0;422;2025-05-26;2025-05-26;0.0;797.4
23674828;1;0;1;1.0;1;2026-07-21;2026-07-21;0.0;424.47
23674929;2;2;0;245.0;245;2025-11-19;2025-11-19;0.0;597.6
23675928;1;1;0;62.0;62;2026-05-21;2026-05-21;0.0;328.8
23676190;3;3;0;78.0;111;2026-04-02;2026-07-10;66.7;1701.3
23676609;1;1;0;62.0;62;2026-05-21;2026-05-21;0.0;388.8
23676919;1;1;0;118.0;118;2026-03-26;2026-03-26;0.0;777.3
23691445;3;3;0;97.7;107;2026-04-06;2026-04-20;100.0;2346.0
23692272;1;1;0;33.0;33;2026-06-19;2026-06-19;0.0;448.8
23696558;2;2;0;88.5;152;2026-02-20;2026-06-27;0.0;537.6
23696851;1;1;0;12.0;12;2026-07-10;2026-07-10;0.0;887.25
23698035;5;5;0;186.0;401;2025-06-16;2026-06-10;100.0;4211.7
23698911;3;3;0;63.7;131;2026-03-13;2026-07-22;0.0;2451.0
23703809;2;1;1;91.0;181;2026-01-22;2026-07-21;0.0;1239.0
23705690;2;2;0;347.0;531;2025-02-06;2026-02-09;0.0;536.1
23706336;1;1;0;71.0;71;2026-05-12;2026-05-12;0.0;328.8
23711184;1;1;0;512.0;512;2025-02-25;2025-02-25;0.0;895.5
23711436;1;1;0;197.0;197;2026-01-06;2026-01-06;100.0;1120.2
23712334;1;0;1;8.0;8;2026-07-14;2026-07-14;0.0;624.75
23712764;2;2;0;71.5;112;2026-04-01;2026-06-21;0.0;1431.0
23714832;1;0;1;2.0;2;2026-07-20;2026-07-20;0.0;201.55
23716237;1;0;1;4.0;4;2026-07-18;2026-07-18;0.0;732.9900000000001
23717078;3;3;0;481.3;488;2025-03-21;2025-04-03;66.7;2599.5
23721027;1;1;0;68.0;68;2026-05-15;2026-05-15;100.0;313.5
23721967;3;2;1;32.0;51;2026-06-01;2026-06-30;0.0;2582.05
23722328;1;1;0;415.0;415;2025-06-02;2025-06-02;0.0;328.5
23724716;1;1;0;41.0;41;2026-06-11;2026-06-11;0.0;567.0
23725029;1;1;0;30.0;30;2026-06-22;2026-06-22;0.0;1559.35
23725208;3;3;0;346.7;538;2025-01-30;2025-12-03;0.0;1701.0
23725262;1;1;0;173.0;173;2026-01-30;2026-01-30;0.0;567.0
23725488;3;3;0;93.7;188;2026-01-15;2026-07-06;0.0;2751.8999999999996
2372807;2;0;2;1.0;1;2026-07-21;2026-07-21;0.0;217.5
2372850;1;1;0;198.0;198;2026-01-05;2026-01-05;0.0;1075.5
23728783;3;1;2;30.0;68;2026-05-15;2026-07-21;0.0;3692.05
23731324;1;1;0;182.0;182;2026-01-21;2026-01-21;0.0;268.8
23732118;5;5;0;77.0;118;2026-03-26;2026-06-16;20.0;2758.5
23732215;2;2;0;14.5;15;2026-07-07;2026-07-08;0.0;1282.5
23732333;5;4;1;131.0;293;2025-10-02;2026-07-20;20.0;4235.85
2373396;1;0;1;8.0;8;2026-07-14;2026-07-14;0.0;379.0
23749357;1;1;0;484.0;484;2025-03-25;2025-03-25;0.0;388.8
23750658;1;1;0;79.0;79;2026-05-04;2026-05-04;0.0;388.8
23751754;1;1;0;90.0;90;2026-04-23;2026-04-23;0.0;748.8
23754109;1;1;0;122.0;122;2026-03-22;2026-03-22;0.0;1015.5
23756318;1;0;1;1.0;1;2026-07-21;2026-07-21;0.0;391.47
23759859;1;1;0;367.0;367;2025-07-20;2025-07-20;0.0;507.0
23760554;1;0;1;11.0;11;2026-07-11;2026-07-11;0.0;807.95
23763223;1;0;1;2.0;2;2026-07-20;2026-07-20;0.0;277.35
23763546;1;0;1;2.0;2;2026-07-20;2026-07-20;0.0;445.35
23765394;1;1;0;33.0;33;2026-06-19;2026-06-19;0.0;328.8
23767178;1;1;0;196.0;196;2026-01-07;2026-01-07;0.0;567.0
23767642;1;1;0;72.0;72;2026-05-11;2026-05-11;0.0;735.6
23772040;2;1;1;4.0;7;2026-07-15;2026-07-21;0.0;785.8499999999999
23774429;1;0;1;10.0;10;2026-07-12;2026-07-12;0.0;868.4100000000001
23776597;2;2;0;105.5;126;2026-03-18;2026-04-28;0.0;567.3
23777180;2;2;0;379.5;391;2025-06-26;2025-07-19;0.0;657.6
23777239;1;1;0;266.0;266;2025-10-29;2025-10-29;0.0;268.8
23777285;1;1;0;377.0;377;2025-07-10;2025-07-10;0.0;835.5
23778134;2;2;0;378.0;455;2025-04-23;2025-09-24;0.0;837.6
23778845;3;3;0;139.3;261;2025-11-03;2026-06-13;0.0;1344.6
23778928;1;1;0;35.0;35;2026-06-17;2026-06-17;0.0;627.0
23782825;1;0;1;1.0;1;2026-07-21;2026-07-21;0.0;545.0400000000001
23783217;2;0;2;5.0;8;2026-07-14;2026-07-20;0.0;1442.1
23783350;4;4;0;189.5;536;2025-02-01;2026-06-12;0.0;1940.1
23783698;1;1;0;16.0;16;2026-07-06;2026-07-06;0.0;438.75
2378372;3;2;1;28.3;78;2026-05-05;2026-07-20;0.0;2395.58
23784508;1;1;0;23.0;23;2026-06-29;2026-06-29;0.0;997.45
23785829;2;1;1;13.5;15;2026-07-07;2026-07-10;0.0;2208.96
23787300;1;1;0;533.0;533;2025-02-04;2025-02-04;0.0;268.8
23788746;2;1;1;64.0;126;2026-03-18;2026-07-20;0.0;978.1100000000001
23804534;2;2;0;81.5;111;2026-04-02;2026-05-31;0.0;1714.8
23804646;1;1;0;296.0;296;2025-09-29;2025-09-29;0.0;747.3
23805385;1;0;1;2.0;2;2026-07-20;2026-07-20;0.0;316.5
23806034;1;1;0;27.0;27;2026-06-25;2026-06-25;0.0;447.0
23806458;1;1;0;149.0;149;2026-02-23;2026-02-23;0.0;448.8
23807520;1;0;1;2.0;2;2026-07-20;2026-07-20;0.0;197.70000000000002
23807763;1;1;0;36.0;36;2026-06-16;2026-06-16;0.0;895.5
23807928;4;4;0;368.8;494;2025-03-15;2026-07-21;0.0;2028.0
23808417;1;1;0;287.0;287;2025-10-08;2025-10-08;0.0;388.8
23808830;4;4;0;260.5;531;2025-02-06;2026-03-20;0.0;4374.0
23808895;1;1;0;12.0;12;2026-07-10;2026-07-10;0.0;268.8
2380919;2;2;0;159.0;170;2026-02-02;2026-02-24;0.0;537.6
23811791;2;2;0;327.0;526;2025-02-11;2026-03-16;50.0;1627.2
23812779;1;1;0;198.0;198;2026-01-05;2026-01-05;0.0;715.5
23813497;4;4;0;58.0;65;2026-05-18;2026-06-01;0.0;2268.0
23815574;2;2;0;232.5;337;2025-08-19;2026-03-16;0.0;747.3
23815656;2;2;0;41.0;75;2026-05-08;2026-07-15;0.0;927.3
23815975;2;2;0;50.0;72;2026-05-11;2026-06-24;0.0;848.05
23816250;1;1;0;142.0;142;2026-03-02;2026-03-02;0.0;717.3
23816251;1;1;0;533.0;533;2025-02-04;2025-02-04;0.0;268.8
23818019;1;1;0;345.0;345;2025-08-11;2025-08-11;0.0;537.3
23821739;2;2;0;86.0;121;2026-03-23;2026-06-01;0.0;1911.0
23821816;1;1;0;1.0;1;2026-07-21;2026-07-21;0.0;1125.45
23822235;1;1;0;526.0;526;2025-02-11;2025-02-11;0.0;657.3
23822326;1;1;0;12.0;12;2026-07-10;2026-07-10;0.0;945.45
2382248;2;0;2;1.0;1;2026-07-21;2026-07-21;0.0;468.13
23823705;1;1;0;512.0;512;2025-02-25;2025-02-25;0.0;388.8
23829244;2;0;2;4.0;4;2026-07-18;2026-07-18;0.0;1469.4499999999998
23829336;7;7;0;61.4;153;2026-02-19;2026-07-18;71.4;2883.3
23831144;1;1;0;221.0;221;2025-12-13;2025-12-13;0.0;328.8
23832592;1;1;0;523.0;523;2025-02-14;2025-02-14;0.0;268.8
23834001;1;1;0;132.0;132;2026-03-12;2026-03-12;0.0;897.3
23834014;1;1;0;526.0;526;2025-02-11;2025-02-11;0.0;567.0
23838852;1;1;0;350.0;350;2025-08-06;2025-08-06;0.0;887.1
23840119;2;2;0;205.0;261;2025-11-03;2026-02-23;0.0;1074.6
23840842;1;1;0;525.0;525;2025-02-12;2025-02-12;0.0;268.8
23841682;1;1;0;445.0;445;2025-05-03;2025-05-03;0.0;447.0
23845511;1;1;0;158.0;158;2026-02-14;2026-02-14;0.0;567.0
23855347;1;1;0;9.0;9;2026-07-13;2026-07-13;100.0;363.45000000000005
23857129;1;1;0;5.0;5;2026-07-17;2026-07-17;0.0;1015.5
23857480;3;3;0;76.0;162;2026-02-10;2026-07-17;0.0;1096.35
23857864;1;1;0;61.0;61;2026-05-22;2026-05-22;0.0;447.0
23859410;1;1;0;19.0;19;2026-07-03;2026-07-03;0.0;388.8
23859873;1;0;1;1.0;1;2026-07-21;2026-07-21;0.0;132.8
2386086;1;0;1;1.0;1;2026-07-21;2026-07-21;0.0;233.54999999999998
23861832;1;0;1;1.0;1;2026-07-21;2026-07-21;0.0;125.75
23862695;3;3;0;239.7;523;2025-02-14;2026-06-16;0.0;2271.3
23866440;1;1;0;314.0;314;2025-09-11;2025-09-11;0.0;448.8
23869600;1;1;0;169.0;169;2026-02-03;2026-02-03;100.0;313.5
23869930;1;1;0;134.0;134;2026-03-10;2026-03-10;0.0;388.8
23870169;1;1;0;337.0;337;2025-08-19;2025-08-19;0.0;927.0
23870248;1;1;0;23.0;23;2026-06-29;2026-06-29;0.0;717.5500000000001
23871794;1;1;0;264.0;264;2025-10-31;2025-10-31;0.0;897.3
23873769;1;1;0;99.0;99;2026-04-14;2026-04-14;0.0;288.90000000000003
23874553;1;1;0;44.0;44;2026-06-08;2026-06-08;0.0;298.5
23874896;2;2;0;220.5;419;2025-05-29;2026-06-30;50.0;1879.45
23875269;1;1;0;8.0;8;2026-07-14;2026-07-14;0.0;1015.5
23875439;2;2;0;328.5;379;2025-07-08;2025-10-17;0.0;715.8
23884925;2;2;0;44.5;47;2026-06-05;2026-06-10;0.0;777.6
23885029;1;1;0;42.0;42;2026-06-10;2026-06-10;0.0;447.0
23887113;3;3;0;352.0;371;2025-07-16;2025-09-11;33.3;1359.6
2388867;1;0;1;1.0;1;2026-07-21;2026-07-21;0.0;151.6
23891179;1;1;0;46.0;46;2026-06-06;2026-06-06;0.0;857.4
23892664;2;2;0;12.5;16;2026-07-06;2026-07-13;0.0;1530.9
23892946;1;1;0;190.0;190;2026-01-13;2026-01-13;0.0;388.8
23894089;1;1;0;160.0;160;2026-02-12;2026-02-12;100.0;611.7
23894152;2;2;0;199.5;322;2025-09-03;2026-05-06;0.0;1315.8
23894217;1;1;0;195.0;195;2026-01-08;2026-01-08;0.0;268.8
23895143;3;3;0;63.3;99;2026-04-14;2026-07-03;0.0;2630.1
23910575;1;1;0;380.0;380;2025-07-07;2025-07-07;0.0;268.8
23911121;1;1;0;512.0;512;2025-02-25;2025-02-25;0.0;507.0
23911203;1;1;0;189.0;189;2026-01-14;2026-01-14;0.0;775.5
23911419;1;1;0;34.0;34;2026-06-18;2026-06-18;0.0;1185.6
23911454;2;2;0;141.0;141;2026-03-03;2026-03-03;0.0;537.6
23911705;1;1;0;516.0;516;2025-02-21;2025-02-21;0.0;388.8
23911840;1;1;0;14.0;14;2026-07-08;2026-07-08;0.0;517.05
23912374;1;0;1;5.0;5;2026-07-17;2026-07-17;0.0;399.25
23912793;1;0;1;1.0;1;2026-07-21;2026-07-21;0.0;227.65000000000003
23913270;1;1;0;166.0;166;2026-02-06;2026-02-06;0.0;328.8
23914631;1;1;0;517.0;517;2025-02-20;2025-02-20;0.0;328.8
23916898;6;0;6;16.3;29;2026-06-23;2026-07-20;0.0;9074.33
2391724;1;0;1;4.0;4;2026-07-18;2026-07-18;0.0;1105.6499999999999
23917861;1;0;1;2.0;2;2026-07-20;2026-07-20;0.0;263.65000000000003
23918849;1;1;0;12.0;12;2026-07-10;2026-07-10;0.0;627.0
23921311;2;2;0;20.5;30;2026-06-22;2026-07-11;0.0;537.6
23923414;1;0;1;4.0;4;2026-07-18;2026-07-18;0.0;274.45
23923962;2;2;0;129.0;257;2025-11-07;2026-07-21;0.0;1284.3
2392403;1;0;1;9.0;9;2026-07-13;2026-07-13;0.0;1233.7
23925071;2;1;1;47.0;89;2026-04-24;2026-07-17;50.0;1249.15
23927548;1;1;0;13.0;13;2026-07-09;2026-07-09;100.0;483.45000000000005
23928019;1;1;0;482.0;482;2025-03-27;2025-03-27;0.0;627.0
2392926;1;1;0;40.0;40;2026-06-12;2026-06-12;0.0;895.5
23929691;1;1;0;126.0;126;2026-03-18;2026-03-18;0.0;418.5
23929694;2;1;1;37.5;72;2026-05-11;2026-07-19;0.0;1031.5
23929705;1;1;0;13.0;13;2026-07-09;2026-07-09;0.0;567.0
23929706;1;1;0;253.0;253;2025-11-11;2025-11-11;0.0;328.8
23929822;1;1;0;236.0;236;2025-11-28;2025-11-28;0.0;447.0
23929991;10;10;0;75.2;396;2025-06-21;2026-07-19;0.0;7494.900000000001
23930394;2;2;0;37.0;69;2026-05-14;2026-07-17;0.0;1434.6
23932039;1;1;0;152.0;152;2026-02-20;2026-02-20;0.0;268.8
23933059;1;1;0;29.0;29;2026-06-23;2026-06-23;0.0;937.45
23934101;1;1;0;28.0;28;2026-06-24;2026-06-24;0.0;819.25
23935720;1;1;0;19.0;19;2026-07-03;2026-07-03;0.0;447.0
23936666;3;0;3;3.0;3;2026-07-19;2026-07-19;0.0;1470.96
23937435;2;2;0;205.5;362;2025-07-25;2026-06-03;0.0;537.6
23937534;1;1;0;49.0;49;2026-06-03;2026-06-03;0.0;447.0
2393883;1;1;0;12.0;12;2026-07-10;2026-07-10;0.0;268.8
23940293;2;2;0;184.5;315;2025-09-10;2026-05-29;50.0;642.3
23941279;2;2;0;174.0;307;2025-09-18;2026-06-11;0.0;1164.3
23942863;1;1;0;307.0;307;2025-09-18;2025-09-18;0.0;448.8
23943703;2;1;1;35.0;65;2026-05-18;2026-07-17;0.0;1132.83
23944692;1;1;0;516.0;516;2025-02-21;2025-02-21;0.0;447.0
2394575;1;1;0;68.0;68;2026-05-15;2026-05-15;0.0;1075.5
23945837;1;0;1;25.0;25;2026-06-27;2026-06-27;0.0;2372.5
23947515;1;0;1;18.0;18;2026-07-04;2026-07-04;0.0;1243.59
23948263;3;3;0;80.7;96;2026-04-17;2026-05-23;0.0;1443.6
23949178;2;2;0;72.0;81;2026-05-02;2026-05-20;0.0;1134.6
23965140;2;2;0;214.5;282;2025-10-13;2026-02-25;0.0;835.8
23968534;5;5;0;41.4;100;2026-04-13;2026-07-20;0.0;4919.35
23973898;1;1;0;114.0;114;2026-03-30;2026-03-30;0.0;717.3
23974489;3;3;0;408.7;470;2025-04-08;2025-10-08;0.0;1729.5
23975291;1;1;0;344.0;344;2025-08-12;2025-08-12;0.0;1367.3999999999999
23975351;1;1;0;279.0;279;2025-10-16;2025-10-16;0.0;268.8
23975714;2;2;0;16.0;27;2026-06-25;2026-07-17;0.0;2332.9
23976203;1;1;0;83.0;83;2026-04-30;2026-04-30;0.0;567.0
23976892;2;2;0;141.5;145;2026-02-27;2026-03-06;0.0;777.6
23977401;1;1;0;7.0;7;2026-07-15;2026-07-15;0.0;567.0
23978098;1;1;0;58.0;58;2026-05-25;2026-05-25;0.0;388.8
23978539;1;1;0;348.0;348;2025-08-08;2025-08-08;0.0;328.8
23980977;1;1;0;81.0;81;2026-05-02;2026-05-02;0.0;1225.5
23982094;1;1;0;331.0;331;2025-08-25;2025-08-25;0.0;388.8
23983209;1;0;1;16.0;16;2026-07-06;2026-07-06;0.0;1366.24
23983802;1;0;1;1.0;1;2026-07-21;2026-07-21;0.0;155.70000000000002
23984212;1;1;0;510.0;510;2025-02-27;2025-02-27;0.0;268.8
23986544;1;1;0;109.0;109;2026-04-04;2026-04-04;0.0;328.8
23987253;1;1;0;488.0;488;2025-03-21;2025-03-21;0.0;567.0
23990091;2;2;0;13.5;18;2026-07-04;2026-07-13;0.0;537.6
23991041;2;2;0;464.5;475;2025-04-03;2025-04-24;0.0;837.0
23993745;4;4;0;343.5;456;2025-04-22;2025-12-30;25.0;3511.5
23994210;1;1;0;491.0;491;2025-03-18;2025-03-18;100.0;822.0
23995246;1;0;1;2.0;2;2026-07-20;2026-07-20;0.0;179.6
23996508;1;1;0;302.0;302;2025-09-23;2025-09-23;0.0;388.8
23999395;1;1;0;219.0;219;2025-12-15;2025-12-15;0.0;418.5
24004972;1;1;0;104.0;104;2026-04-09;2026-04-09;0.0;388.8
2401087;5;5;0;59.0;76;2026-05-07;2026-06-24;0.0;1793.7
24029306;1;1;0;14.0;14;2026-07-08;2026-07-08;0.0;1037.25
24031673;1;0;1;9.0;9;2026-07-13;2026-07-13;0.0;934.1999999999999
24033142;1;1;0;69.0;69;2026-05-14;2026-05-14;0.0;748.8
24033816;8;8;0;247.2;379;2025-07-08;2026-01-19;0.0;3670.5
24038870;2;2;0;110.5;144;2026-02-28;2026-05-06;0.0;1156.2
24039391;1;1;0;30.0;30;2026-06-22;2026-06-22;0.0;599.35
24039581;1;1;0;27.0;27;2026-06-25;2026-06-25;0.0;330.85
24039662;2;2;0;68.0;85;2026-04-28;2026-06-01;0.0;537.6
24042275;1;1;0;148.0;148;2026-02-24;2026-02-24;0.0;735.6
24042873;1;0;1;20.0;20;2026-07-02;2026-07-02;0.0;2455.3
24042955;2;2;0;57.5;59;2026-05-24;2026-05-27;0.0;1182.6
24043504;3;3;0;83.7;100;2026-04-13;2026-06-01;0.0;2421.6
24044509;1;0;1;2.0;2;2026-07-20;2026-07-20;0.0;538.95
24048462;2;0;2;9.0;10;2026-07-12;2026-07-14;0.0;871.7
24049759;1;0;1;5.0;5;2026-07-17;2026-07-17;0.0;315.25
24050553;1;1;0;160.0;160;2026-02-12;2026-02-12;0.0;837.3
24050898;1;1;0;68.0;68;2026-05-15;2026-05-15;0.0;447.0
24051657;2;2;0;82.0;100;2026-04-13;2026-05-19;0.0;1812.8999999999999
24051658;2;0;2;12.0;20;2026-07-02;2026-07-18;0.0;2495.6499999999996
24052155;1;1;0;15.0;15;2026-07-07;2026-07-07;0.0;268.8
24052829;1;1;0;47.0;47;2026-06-05;2026-06-05;100.0;760.2
24053092;1;0;1;4.0;4;2026-07-18;2026-07-18;0.0;528.99
24053405;1;1;0;54.0;54;2026-05-29;2026-05-29;0.0;677.4
2406023;3;3;0;51.0;64;2026-05-19;2026-06-13;0.0;1046.4
24067223;1;1;0;495.0;495;2025-03-14;2025-03-14;0.0;717.3
24067566;2;2;0;337.0;356;2025-07-31;2025-09-07;0.0;1194.0
24068433;3;3;0;120.0;120;2026-03-24;2026-03-24;0.0;986.4000000000001
24073358;1;1;0;81.0;81;2026-05-02;2026-05-02;0.0;557.4
24075369;1;1;0;1.0;1;2026-07-21;2026-07-21;0.0;657.3
24076428;1;1;0;495.0;495;2025-03-14;2025-03-14;0.0;388.8
24076902;1;1;0;344.0;344;2025-08-12;2025-08-12;0.0;567.0
24077832;1;1;0;490.0;490;2025-03-19;2025-03-19;0.0;955.5
24078905;1;1;0;191.0;191;2026-01-12;2026-01-12;0.0;797.4
24079357;1;1;0;492.0;492;2025-03-17;2025-03-17;0.0;298.5
24079814;1;0;1;5.0;5;2026-07-17;2026-07-17;0.0;984.2
24085216;1;0;1;2.0;2;2026-07-20;2026-07-20;0.0;369.31
24087204;2;2;0;491.0;491;2025-03-18;2025-03-18;0.0;1014.0
24087319;1;0;1;4.0;4;2026-07-18;2026-07-18;0.0;189.5
24087529;1;0;1;2.0;2;2026-07-20;2026-07-20;0.0;369.31
24091740;1;0;1;2.0;2;2026-07-20;2026-07-20;0.0;273.65000000000003
24094863;3;3;0;270.3;382;2025-07-05;2026-03-31;0.0;896.1
24096077;1;1;0;44.0;44;2026-06-08;2026-06-08;100.0;760.2
24098493;3;3;0;252.0;380;2025-07-07;2026-01-15;0.0;1104.6
2411068;1;1;0;1442.0;1442;2022-08-10;2022-08-10;0.0;388.5
24119639;5;5;0;245.2;359;2025-07-28;2026-04-14;100.0;2581.2
2412162;1;1;0;40.0;40;2026-06-12;2026-06-12;0.0;1197.3
24122379;2;0;2;6.0;6;2026-07-16;2026-07-16;0.0;3663.8200000000006
24125483;1;1;0;59.0;59;2026-05-24;2026-05-24;0.0;408.90000000000003
24125765;1;0;1;6.0;6;2026-07-16;2026-07-16;0.0;944.7500000000001
24126451;1;1;0;111.0;111;2026-04-02;2026-04-02;0.0;288.90000000000003
24128328;1;1;0;478.0;478;2025-03-31;2025-03-31;0.0;1035.6
24129044;1;0;1;2.0;2;2026-07-20;2026-07-20;0.0;229.5
24129583;2;1;1;39.5;78;2026-05-05;2026-07-21;0.0;1262.7
24129720;1;1;0;30.0;30;2026-06-22;2026-06-22;0.0;997.45
24135113;3;2;1;215.3;323;2025-09-02;2026-07-21;0.0;815.5
24135411;1;1;0;16.0;16;2026-07-06;2026-07-06;0.0;647.25
24135440;6;6;0;28.0;54;2026-05-29;2026-07-14;0.0;1851.0
24135504;1;0;1;16.0;16;2026-07-06;2026-07-06;0.0;2530.4999999999995
24135609;1;1;0;21.0;21;2026-07-01;2026-07-01;0.0;777.5500000000001
24135933;1;0;1;3.0;3;2026-07-19;2026-07-19;0.0;439.2
24135974;1;1;0;51.0;51;2026-06-01;2026-06-01;0.0;408.90000000000003
24139680;2;2;0;40.0;62;2026-05-21;2026-07-04;50.0;880.5
24139994;1;1;0;42.0;42;2026-06-10;2026-06-10;0.0;388.8
24140132;1;1;0;54.0;54;2026-05-29;2026-05-29;0.0;268.8
24140822;1;1;0;356.0;356;2025-07-31;2025-07-31;0.0;268.8
24142963;1;1;0;20.0;20;2026-07-02;2026-07-02;0.0;907.35
24143441;2;2;0;146.0;146;2026-02-26;2026-02-26;0.0;894.0
24143714;1;1;0;488.0;488;2025-03-21;2025-03-21;0.0;268.8
24146773;2;2;0;81.0;158;2026-02-14;2026-07-18;0.0;1336.05
24148306;1;1;0;485.0;485;2025-03-24;2025-03-24;0.0;358.5
24148556;1;1;0;47.0;47;2026-06-05;2026-06-05;0.0;837.3
24148607;1;1;0;135.0;135;2026-03-09;2026-03-09;0.0;837.3
24149047;1;1;0;79.0;79;2026-05-04;2026-05-04;0.0;328.8
24149495;4;4;0;19.8;42;2026-06-10;2026-07-20;0.0;1900.0
24150377;1;1;0;233.0;233;2025-12-01;2025-12-01;0.0;268.8
24151002;1;1;0;485.0;485;2025-03-24;2025-03-24;0.0;268.8
24151569;1;1;0;23.0;23;2026-06-29;2026-06-29;0.0;817.45
24151689;1;1;0;343.0;343;2025-08-13;2025-08-13;0.0;927.0
2415536;1;1;0;65.0;65;2026-05-18;2026-05-18;0.0;448.8
24156307;1;1;0;4.0;4;2026-07-18;2026-07-18;0.0;398.85
24164376;1;1;0;188.0;188;2026-01-15;2026-01-15;0.0;567.0
24166318;1;0;1;4.0;4;2026-07-18;2026-07-18;0.0;887.7100000000002
24169101;1;1;0;186.0;186;2026-01-17;2026-01-17;0.0;268.8
24172054;1;1;0;466.0;466;2025-04-12;2025-04-12;0.0;388.8
24173943;1;1;0;456.0;456;2025-04-22;2025-04-22;0.0;567.0
24174239;1;0;1;8.0;8;2026-07-14;2026-07-14;0.0;542.6500000000001
24176308;4;4;0;64.0;103;2026-04-10;2026-06-27;0.0;1135.2
24177406;1;1;0;86.0;86;2026-04-27;2026-04-27;0.0;1015.5
24179476;2;2;0;37.0;47;2026-06-05;2026-06-25;0.0;835.8
2418036;3;3;0;115.0;132;2026-03-12;2026-04-13;0.0;2030.1
24181305;1;1;0;482.0;482;2025-03-27;2025-03-27;0.0;1015.5
24181574;1;1;0;56.0;56;2026-05-27;2026-05-27;0.0;418.5
24182308;1;1;0;275.0;275;2025-10-20;2025-10-20;0.0;448.8
24182385;2;0;2;8.5;16;2026-07-06;2026-07-21;0.0;1011.9000000000001
24182729;1;0;1;0.0;0;2026-07-22;2026-07-22;0.0;0.0
24183064;1;1;0;15.0;15;2026-07-07;2026-07-07;0.0;707.25
24183181;1;1;0;51.0;51;2026-06-01;2026-06-01;0.0;835.5
24183679;1;1;0;21.0;21;2026-07-01;2026-07-01;0.0;748.8
24183685;2;0;2;1.5;2;2026-07-20;2026-07-21;0.0;234.4
24184099;2;2;0;367.0;477;2025-04-01;2025-11-07;0.0;657.6
24185442;1;1;0;476.0;476;2025-04-02;2025-04-02;0.0;388.8
24187756;1;1;0;461.0;461;2025-04-17;2025-04-17;0.0;268.8
24189049;1;0;1;2.0;2;2026-07-20;2026-07-20;0.0;315.25
24189123;2;2;0;267.5;478;2025-03-31;2026-05-26;0.0;1953.0
24190298;1;1;0;77.0;77;2026-05-06;2026-05-06;0.0;268.8
24190879;2;2;0;466.5;480;2025-03-29;2025-04-25;0.0;777.6
24191137;1;0;1;2.0;2;2026-07-20;2026-07-20;0.0;486.2
24192315;3;0;3;8.0;12;2026-07-10;2026-07-20;0.0;1370.6100000000001
24193733;2;2;0;64.0;76;2026-05-07;2026-05-31;0.0;1046.1
24194323;1;0;1;3.0;3;2026-07-19;2026-07-19;0.0;619.1500000000001
24213027;2;2;0;81.0;81;2026-05-02;2026-05-02;0.0;1114.8
24213786;1;1;0;70.0;70;2026-05-13;2026-05-13;0.0;388.8
24215379;1;1;0;282.0;282;2025-10-13;2025-10-13;0.0;328.8
24221261;1;1;0;142.0;142;2026-03-02;2026-03-02;0.0;837.3
24221862;1;1;0;51.0;51;2026-06-01;2026-06-01;0.0;927.0
24222059;1;1;0;365.0;365;2025-07-22;2025-07-22;0.0;268.8
24227840;1;0;1;2.0;2;2026-07-20;2026-07-20;0.0;439.2
24228288;1;1;0;86.0;86;2026-04-27;2026-04-27;0.0;268.8
24230010;1;1;0;261.0;261;2025-11-03;2025-11-03;0.0;855.6
24230060;1;1;0;475.0;475;2025-04-03;2025-04-03;0.0;447.0
24234576;1;0;1;2.0;2;2026-07-20;2026-07-20;0.0;163.65
24234885;2;2;0;113.5;114;2026-03-30;2026-03-31;0.0;894.0
24235096;1;1;0;40.0;40;2026-06-12;2026-06-12;0.0;388.8
24237091;1;1;0;293.0;293;2025-10-02;2025-10-02;0.0;777.3
2423733;1;0;1;2.0;2;2026-07-20;2026-07-20;0.0;227.4
24237583;1;1;0;30.0;30;2026-06-22;2026-06-22;0.0;939.25
2423765;2;1;1;9.0;16;2026-07-06;2026-07-20;0.0;1129.2
24240421;1;1;0;153.0;153;2026-02-19;2026-02-19;0.0;388.8
24243038;1;0;1;5.0;5;2026-07-17;2026-07-17;0.0;732.9900000000001
24244271;1;1;0;16.0;16;2026-07-06;2026-07-06;0.0;417.3
24259466;1;1;0;14.0;14;2026-07-08;2026-07-08;0.0;775.5
24261052;1;1;0;141.0;141;2026-03-03;2026-03-03;0.0;268.8
24263167;1;1;0;197.0;197;2026-01-06;2026-01-06;0.0;835.5
24263505;1;1;0;467.0;467;2025-04-11;2025-04-11;0.0;388.8
24264304;1;1;0;37.0;37;2026-06-15;2026-06-15;0.0;388.8
24264385;1;1;0;163.0;163;2026-02-09;2026-02-09;0.0;448.8
24269694;1;1;0;201.0;201;2026-01-02;2026-01-02;0.0;837.3
24270636;1;0;1;1.0;1;2026-07-21;2026-07-21;0.0;209.63000000000002
24271702;1;1;0;286.0;286;2025-10-09;2025-10-09;0.0;537.3
24272054;1;1;0;2.0;2;2026-07-20;2026-07-20;0.0;318.75
24274874;1;1;0;252.0;252;2025-11-12;2025-11-12;0.0;328.8
24275434;1;1;0;20.0;20;2026-07-02;2026-07-02;0.0;567.0
24276971;2;2;0;258.0;425;2025-05-23;2026-04-22;0.0;1074.3
24278134;1;1;0;36.0;36;2026-06-16;2026-06-16;0.0;557.4
24278498;1;1;0;99.0;99;2026-04-14;2026-04-14;0.0;715.5
24278948;3;3;0;30.3;39;2026-06-13;2026-06-26;100.0;1890.1999999999998
24279314;1;1;0;56.0;56;2026-05-27;2026-05-27;0.0;268.8
24282526;1;0;1;4.0;4;2026-07-18;2026-07-18;0.0;748.5500000000001
24282892;1;0;1;1.0;1;2026-07-21;2026-07-21;0.0;283.5
24284189;1;0;1;4.0;4;2026-07-18;2026-07-18;0.0;329.18
24285592;1;1;0;344.0;344;2025-08-12;2025-08-12;0.0;748.8
24285668;1;1;0;450.0;450;2025-04-28;2025-04-28;0.0;388.8
24286113;1;1;0;66.0;66;2026-05-17;2026-05-17;0.0;268.8
24286649;1;1;0;170.0;170;2026-02-02;2026-02-02;0.0;897.3
24289646;1;1;0;14.0;14;2026-07-08;2026-07-08;0.0;507.0
24290865;3;2;1;60.7;129;2026-03-15;2026-07-14;0.0;2124.1499999999996
24300085;1;1;0;386.0;386;2025-07-01;2025-07-01;0.0;917.4
24307393;1;1;0;2.0;2;2026-07-20;2026-07-20;0.0;438.75
24307670;1;1;0;84.0;84;2026-04-29;2026-04-29;0.0;268.8
24308316;1;1;0;455.0;455;2025-04-23;2025-04-23;0.0;268.8
24308500;1;1;0;191.0;191;2026-01-12;2026-01-12;0.0;388.8
24309555;7;7;0;162.3;283;2025-10-12;2026-07-04;71.4;2674.8
24309652;1;1;0;9.0;9;2026-07-13;2026-07-13;0.0;707.25
24311093;1;1;0;215.0;215;2025-12-19;2025-12-19;0.0;268.8
24312530;1;1;0;69.0;69;2026-05-14;2026-05-14;0.0;655.5
24313482;2;0;2;1.5;2;2026-07-20;2026-07-21;0.0;770.85
24314467;3;3;0;122.3;163;2026-02-09;2026-04-20;66.7;1284.3
24317837;2;2;0;80.5;90;2026-04-23;2026-05-12;0.0;715.8
24321239;1;1;0;77.0;77;2026-05-06;2026-05-06;0.0;537.3
24324591;2;0;2;6.0;9;2026-07-13;2026-07-19;0.0;739.2
24325428;1;1;0;88.0;88;2026-04-25;2026-04-25;0.0;717.3
24328342;3;2;1;18.7;47;2026-06-05;2026-07-21;0.0;2153.42
2433909;2;0;2;10.5;18;2026-07-04;2026-07-19;0.0;1317.36
2433923;2;2;0;231.5;282;2025-10-13;2026-01-22;0.0;657.6
24341328;1;1;0;26.0;26;2026-06-26;2026-06-26;0.0;537.3
24354193;1;0;1;4.0;4;2026-07-18;2026-07-18;0.0;678.5500000000001
24358171;2;1;1;144.5;261;2025-11-03;2026-06-24;0.0;3798.2299999999996
24358418;2;2;0;38.0;56;2026-05-27;2026-07-02;0.0;657.6
24359060;3;2;1;96.7;148;2026-02-24;2026-07-18;0.0;2482.25
24359333;1;0;1;2.0;2;2026-07-20;2026-07-20;0.0;504.75
24360045;2;2;0;350.0;454;2025-04-24;2025-11-18;0.0;687.3
24361739;1;1;0;449.0;449;2025-04-29;2025-04-29;0.0;447.0
24362363;1;0;1;3.0;3;2026-07-19;2026-07-19;0.0;497.35
24362651;2;2;0;31.0;56;2026-05-27;2026-07-16;0.0;1314.6
24367552;1;1;0;289.0;289;2025-10-06;2025-10-06;0.0;268.8
24369291;1;1;0;55.0;55;2026-05-28;2026-05-28;0.0;328.8
24372858;1;1;0;377.0;377;2025-07-10;2025-07-10;100.0;491.7
24373001;1;0;1;2.0;2;2026-07-20;2026-07-20;0.0;391.47
24375226;1;1;0;18.0;18;2026-07-04;2026-07-04;0.0;496.95
24375962;1;1;0;152.0;152;2026-02-20;2026-02-20;100.0;582.0
24377042;1;1;0;56.0;56;2026-05-27;2026-05-27;0.0;617.4
2437745;1;0;1;1.0;1;2026-07-21;2026-07-21;0.0;239.95
24380559;1;1;0;448.0;448;2025-04-30;2025-04-30;100.0;960.3000000000001
2438060;1;0;1;2.0;2;2026-07-20;2026-07-20;0.0;233.54999999999998
24380758;1;0;1;14.0;14;2026-07-08;2026-07-08;0.0;1327.39
24383319;1;1;0;36.0;36;2026-06-16;2026-06-16;0.0;537.3
24383489;1;1;0;72.0;72;2026-05-11;2026-05-11;0.0;268.8
24383788;1;1;0;86.0;86;2026-04-27;2026-04-27;0.0;737.4
2439369;2;2;0;190.0;190;2026-01-13;2026-01-13;0.0;1431.0
24397599;1;1;0;294.0;294;2025-10-01;2025-10-01;0.0;447.0
24399970;1;0;1;11.0;11;2026-07-11;2026-07-11;0.0;3382.2
24400683;1;1;0;23.0;23;2026-06-29;2026-06-29;0.0;839.0500000000001
24403806;1;1;0;442.0;442;2025-05-06;2025-05-06;0.0;507.0
24404117;1;1;0;233.0;233;2025-12-01;2025-12-01;0.0;328.8
24404167;1;1;0;8.0;8;2026-07-14;2026-07-14;0.0;1065.45
24404355;1;0;1;5.0;5;2026-07-17;2026-07-17;0.0;499.0
24404439;2;1;1;183.0;364;2025-07-23;2026-07-20;0.0;896.15
24411409;3;2;1;64.7;114;2026-03-30;2026-07-13;0.0;1985.95
24412116;1;0;1;9.0;9;2026-07-13;2026-07-13;0.0;1187.1000000000001
24414168;1;0;1;3.0;3;2026-07-19;2026-07-19;0.0;194.54999999999998
24427684;1;1;0;219.0;219;2025-12-15;2025-12-15;0.0;268.8
24438601;3;3;0;75.0;90;2026-04-23;2026-05-28;0.0;2151.3
24438602;1;0;1;2.0;2;2026-07-20;2026-07-20;0.0;277.51
24440407;1;0;1;7.0;7;2026-07-15;2026-07-15;0.0;349.3
24440620;1;1;0;46.0;46;2026-06-06;2026-06-06;0.0;268.8
24440919;1;1;0;373.0;373;2025-07-14;2025-07-14;0.0;1075.5
24443588;1;1;0;287.0;287;2025-10-08;2025-10-08;0.0;715.5
24451337;9;9;0;116.8;288;2025-10-07;2026-07-15;0.0;2419.2000000000003
24451560;1;1;0;15.0;15;2026-07-07;2026-07-07;0.0;587.25
24451758;1;1;0;400.0;400;2025-06-17;2025-06-17;0.0;797.4
24452505;2;2;0;134.5;198;2026-01-05;2026-05-12;0.0;657.6
24455819;1;1;0;193.0;193;2026-01-10;2026-01-10;0.0;1197.3
24456957;1;1;0;239.0;239;2025-11-25;2025-11-25;0.0;835.5
24459159;3;3;0;63.0;104;2026-04-09;2026-06-10;0.0;2940.3
24461583;1;1;0;303.0;303;2025-09-22;2025-09-22;0.0;447.0
24463534;1;0;1;2.0;2;2026-07-20;2026-07-20;0.0;594.9
24465659;1;1;0;348.0;348;2025-08-08;2025-08-08;0.0;447.0
2447067;1;1;0;285.0;285;2025-10-10;2025-10-10;0.0;447.0
2447092;3;3;0;72.3;108;2026-04-05;2026-06-05;100.0;940.5
24471909;2;2;0;97.0;174;2026-01-29;2026-07-02;0.0;777.6
24472362;2;1;1;3.5;4;2026-07-18;2026-07-19;0.0;1620.25
2447711;1;0;1;2.0;2;2026-07-20;2026-07-20;0.0;219.39999999999998
24486505;1;1;0;2.0;2;2026-07-20;2026-07-20;0.0;587.25
24488784;1;1;0;299.0;299;2025-09-26;2025-09-26;0.0;775.5
24490323;1;1;0;187.0;187;2026-01-16;2026-01-16;0.0;447.0
24497815;1;1;0;119.0;119;2026-03-25;2026-03-25;0.0;1035.6
24497990;1;1;0;365.0;365;2025-07-22;2025-07-22;0.0;418.5
24498280;1;1;0;433.0;433;2025-05-15;2025-05-15;0.0;447.0
24499219;1;0;1;2.0;2;2026-07-20;2026-07-20;0.0;149.7
24499221;1;1;0;36.0;36;2026-06-16;2026-06-16;100.0;1060.2
24503342;1;1;0;132.0;132;2026-03-12;2026-03-12;0.0;268.8
24505581;20;20;0;221.8;386;2025-07-01;2026-04-13;0.0;5852.400000000001
24506145;1;1;0;429.0;429;2025-05-19;2025-05-19;100.0;882.0
24507629;1;1;0;88.0;88;2026-04-25;2026-04-25;0.0;388.8
24519791;1;1;0;130.0;130;2026-03-14;2026-03-14;0.0;388.8
24521633;1;1;0;22.0;22;2026-06-30;2026-06-30;0.0;957.5500000000001
2452262;1;1;0;20.0;20;2026-07-02;2026-07-02;0.0;268.8
24524359;1;1;0;73.0;73;2026-05-10;2026-05-10;0.0;567.0
24525521;3;3;0;143.7;270;2025-10-25;2026-06-19;0.0;2421.0
24525640;2;2;0;90.0;127;2026-03-17;2026-05-30;0.0;1194.0
24526155;1;0;1;2.0;2;2026-07-20;2026-07-20;0.0;598.8
24526282;1;1;0;28.0;28;2026-06-24;2026-06-24;0.0;927.0
24526443;2;2;0;28.5;42;2026-06-10;2026-07-07;0.0;1731.0
24528089;3;3;0;137.7;160;2026-02-12;2026-03-26;66.7;1492.2
2453068;1;1;0;19.0;19;2026-07-03;2026-07-03;0.0;927.0
24554826;1;1;0;191.0;191;2026-01-12;2026-01-12;0.0;917.4
24555617;3;3;0;97.3;268;2025-10-27;2026-07-10;0.0;806.4000000000001
24556101;1;1;0;177.0;177;2026-01-26;2026-01-26;100.0;313.5
24556147;1;1;0;8.0;8;2026-07-14;2026-07-14;100.0;760.2
24568761;1;0;1;6.0;6;2026-07-16;2026-07-16;0.0;1922.55
24569013;1;1;0;426.0;426;2025-05-22;2025-05-22;100.0;882.0
24571891;1;1;0;28.0;28;2026-06-24;2026-06-24;0.0;759.25
24573014;1;1;0;38.0;38;2026-06-14;2026-06-14;0.0;1015.5
24573722;2;2;0;56.0;98;2026-04-15;2026-07-08;0.0;1336.05
24574148;1;1;0;427.0;427;2025-05-21;2025-05-21;0.0;447.0
24575983;1;1;0;21.0;21;2026-07-01;2026-07-01;0.0;298.5
24576327;1;1;0;21.0;21;2026-07-01;2026-07-01;100.0;1060.2
24576867;3;3;0;332.7;425;2025-05-23;2026-02-24;0.0;1701.0
24577651;1;1;0;72.0;72;2026-05-11;2026-05-11;0.0;795.6
24578110;1;1;0;22.0;22;2026-06-30;2026-06-30;0.0;510.85
24578151;1;0;1;3.0;3;2026-07-19;2026-07-19;0.0;449.15
24578322;1;0;1;1.0;1;2026-07-21;2026-07-21;0.0;416.9
24578324;1;0;1;6.0;6;2026-07-16;2026-07-16;0.0;608.8299999999999
24579510;5;5;0;45.6;100;2026-04-13;2026-07-20;0.0;1820.4
24579750;1;1;0;426.0;426;2025-05-22;2025-05-22;0.0;268.8
24580338;1;1;0;2.0;2;2026-07-20;2026-07-20;100.0;363.45000000000005
24582560;2;1;1;9.0;16;2026-07-06;2026-07-20;0.0;788.8
24583484;2;2;0;66.5;70;2026-05-13;2026-05-20;0.0;2091.0
24584534;1;1;0;75.0;75;2026-05-08;2026-05-08;0.0;777.3
24584742;1;1;0;58.0;58;2026-05-25;2026-05-25;0.0;747.3
24585016;2;2;0;141.5;190;2026-01-13;2026-04-20;0.0;657.6
24585993;1;1;0;403.0;403;2025-06-14;2025-06-14;0.0;268.8
24586427;1;1;0;64.0;64;2026-05-19;2026-05-19;0.0;855.6
24586845;2;2;0;17.5;28;2026-06-24;2026-07-15;0.0;1923.1
24588576;1;1;0;60.0;60;2026-05-23;2026-05-23;0.0;268.8
24589518;1;0;1;7.0;7;2026-07-15;2026-07-15;0.0;1058.3500000000001
24589895;1;1;0;44.0;44;2026-06-08;2026-06-08;0.0;1047.3
24590024;1;1;0;184.0;184;2026-01-19;2026-01-19;0.0;507.0
24590635;1;1;0;191.0;191;2026-01-12;2026-01-12;0.0;268.8
24593274;4;4;0;191.5;217;2025-12-17;2026-03-03;0.0;2749.2
2459478;1;0;1;1.0;1;2026-07-21;2026-07-21;0.0;125.75
24595568;3;3;0;249.7;356;2025-07-31;2026-04-23;100.0;2324.4
24597222;2;1;1;203.0;405;2025-06-12;2026-07-21;0.0;1319.3
24598383;1;1;0;72.0;72;2026-05-11;2026-05-11;0.0;447.0
24598525;1;1;0;120.0;120;2026-03-24;2026-03-24;0.0;537.3
2460371;7;7;0;123.6;295;2025-09-30;2026-07-06;0.0;2419.8
24607009;1;1;0;16.0;16;2026-07-06;2026-07-06;0.0;388.8
2460978;2;0;2;9.0;9;2026-07-13;2026-07-13;0.0;985.4000000000001
24610771;1;0;1;5.0;5;2026-07-17;2026-07-17;0.0;224.5
24611043;1;1;0;113.0;113;2026-03-31;2026-03-31;0.0;717.3
24611667;1;1;0;128.0;128;2026-03-16;2026-03-16;0.0;715.5
24611971;1;1;0;42.0;42;2026-06-10;2026-06-10;0.0;617.4
24612087;2;2;0;86.5;140;2026-03-04;2026-06-19;0.0;2872.8
24613778;1;1;0;34.0;34;2026-06-18;2026-06-18;100.0;702.0
24614651;1;0;1;1.0;1;2026-07-21;2026-07-21;0.0;227.65000000000003
24618058;1;1;0;35.0;35;2026-06-17;2026-06-17;0.0;777.3
24619442;1;0;1;2.0;2;2026-07-20;2026-07-20;0.0;776.6700000000001
24621180;1;1;0;373.0;373;2025-07-14;2025-07-14;0.0;388.8
24625140;1;0;1;7.0;7;2026-07-15;2026-07-15;0.0;1332.15
24626708;1;0;1;1.0;1;2026-07-21;2026-07-21;0.0;166.8
24626855;1;0;1;2.0;2;2026-07-20;2026-07-20;0.0;405.35
24628682;1;1;0;114.0;114;2026-03-30;2026-03-30;0.0;715.5
24630800;4;4;0;275.0;405;2025-06-12;2026-06-25;0.0;1195.2
24631103;1;1;0;201.0;201;2026-01-02;2026-01-02;0.0;268.8
24631388;1;0;1;5.0;5;2026-07-17;2026-07-17;0.0;594.9
24631564;1;1;0;38.0;38;2026-06-14;2026-06-14;0.0;955.5
24633750;1;1;0;379.0;379;2025-07-08;2025-07-08;0.0;447.0
24637581;2;2;0;198.0;313;2025-09-12;2026-04-30;0.0;657.6
24639588;1;1;0;191.0;191;2026-01-12;2026-01-12;0.0;775.5
24642669;1;1;0;110.0;110;2026-04-03;2026-04-03;0.0;388.8
24646158;1;1;0;411.0;411;2025-06-06;2025-06-06;100.0;792.0
24652014;3;3;0;26.3;46;2026-06-06;2026-07-16;0.0;1974.1
24652408;1;0;1;2.0;2;2026-07-20;2026-07-20;0.0;99.8
24653194;2;1;1;43.5;79;2026-05-04;2026-07-14;0.0;1083.05
24653488;1;1;0;100.0;100;2026-04-13;2026-04-13;0.0;1015.5
24655632;1;1;0;411.0;411;2025-06-06;2025-06-06;0.0;268.8
24655885;2;2;0;280.0;331;2025-08-25;2025-12-05;0.0;1274.6999999999998
24656028;2;0;2;9.0;16;2026-07-06;2026-07-20;0.0;1918.78
24658025;1;1;0;9.0;9;2026-07-13;2026-07-13;0.0;715.5
24659685;1;0;1;1.0;1;2026-07-21;2026-07-21;0.0;99.80000000000001
24663169;1;1;0;197.0;197;2026-01-06;2026-01-06;100.0;780.3000000000001
24664474;1;1;0;245.0;245;2025-11-19;2025-11-19;0.0;507.0
24664600;3;3;0;48.3;126;2026-03-18;2026-07-21;66.7;3116.1000000000004
24664602;1;1;0;77.0;77;2026-05-06;2026-05-06;0.0;268.8
24664766;1;1;0;34.0;34;2026-06-18;2026-06-18;0.0;388.8
24665008;4;4;0;55.2;102;2026-04-11;2026-06-24;0.0;4004.05
24669048;2;2;0;77.0;97;2026-04-16;2026-05-26;0.0;1512.6
24669357;2;2;0;164.0;183;2026-01-20;2026-02-27;0.0;1126.2
24670392;1;1;0;21.0;21;2026-07-01;2026-07-01;0.0;599.35
24670616;1;1;0;153.0;153;2026-02-19;2026-02-19;0.0;388.8
24676238;1;1;0;407.0;407;2025-06-10;2025-06-10;0.0;268.8
24676457;4;4;0;75.2;147;2026-02-25;2026-06-10;75.0;1689.3
24676458;2;2;0;112.0;112;2026-04-01;2026-04-01;0.0;1851.0
24677824;1;1;0;410.0;410;2025-06-07;2025-06-07;0.0;288.90000000000003
24679063;4;4;0;209.2;217;2025-12-17;2026-01-16;0.0;2655.3
24680;3;2;1;82.3;224;2025-12-10;2026-07-20;0.0;927.4
24682295;2;2;0;197.5;319;2025-09-06;2026-05-07;0.0;1234.8
24684442;2;2;0;139.0;263;2025-11-01;2026-07-07;0.0;1344.75
24685277;2;2;0;71.0;91;2026-04-22;2026-06-01;0.0;715.8
24685997;1;1;0;303.0;303;2025-09-22;2025-09-22;0.0;388.8
2469312;1;0;1;1.0;1;2026-07-21;2026-07-21;0.0;89.8
24699612;2;2;0;340.5;384;2025-07-03;2025-09-28;0.0;1471.2
24700625;2;1;1;7.5;9;2026-07-13;2026-07-16;0.0;1804.95
24701018;2;2;0;255.0;310;2025-09-15;2026-01-03;0.0;1464.3
24701543;1;1;0;152.0;152;2026-02-20;2026-02-20;0.0;388.8
24702721;1;1;0;83.0;83;2026-04-30;2026-04-30;0.0;328.8
24703052;1;1;0;297.0;297;2025-09-28;2025-09-28;0.0;537.3
24703499;2;2;0;30.5;42;2026-06-10;2026-07-03;0.0;1554.6
24704106;1;1;0;91.0;91;2026-04-22;2026-04-22;0.0;328.8
24708404;2;2;0;146.0;201;2026-01-02;2026-04-22;0.0;777.6
24708826;1;1;0;51.0;51;2026-06-01;2026-06-01;0.0;1075.5
24709288;1;1;0;131.0;131;2026-03-13;2026-03-13;0.0;447.0
24710426;1;1;0;13.0;13;2026-07-09;2026-07-09;0.0;268.8
24711213;1;0;1;2.0;2;2026-07-20;2026-07-20;0.0;119.69999999999999
24711659;5;5;0;83.2;120;2026-03-24;2026-06-17;0.0;2475.0
24716121;2;2;0;247.5;405;2025-06-12;2026-04-23;0.0;2722.8
24717248;1;1;0;400.0;400;2025-06-17;2025-06-17;100.0;313.5
24722104;1;1;0;118.0;118;2026-03-26;2026-03-26;0.0;715.5
24722106;16;16;0;87.7;172;2026-01-31;2026-06-01;0.0;8226.0
24723850;2;2;0;54.5;96;2026-04-17;2026-07-09;0.0;1494.6
24725812;1;1;0;78.0;78;2026-05-05;2026-05-05;0.0;268.8
24727992;1;1;0;173.0;173;2026-01-30;2026-01-30;0.0;268.8
24728208;1;1;0;70.0;70;2026-05-13;2026-05-13;0.0;328.8
2472851;1;0;1;2.0;2;2026-07-20;2026-07-20;0.0;713.3499999999999
24731003;1;0;1;3.0;3;2026-07-19;2026-07-19;0.0;633.6500000000001
2473124;1;0;1;2.0;2;2026-07-20;2026-07-20;0.0;584.2
24731385;1;0;1;11.0;11;2026-07-11;2026-07-11;0.0;542.6500000000001
24731956;1;1;0;6.0;6;2026-07-16;2026-07-16;0.0;925.5
24745708;3;1;2;11.0;29;2026-06-23;2026-07-21;33.3;951.2499999999999
24746584;1;1;0;119.0;119;2026-03-25;2026-03-25;0.0;268.8
24748036;1;1;0;34.0;34;2026-06-18;2026-06-18;0.0;1015.5
24755527;1;1;0;159.0;159;2026-02-13;2026-02-13;100.0;780.3000000000001
24757788;1;1;0;275.0;275;2025-10-20;2025-10-20;0.0;268.8
24766902;1;1;0;275.0;275;2025-10-20;2025-10-20;0.0;268.8
24777504;1;0;1;4.0;4;2026-07-18;2026-07-18;0.0;832.9
24777766;1;0;1;13.0;13;2026-07-09;2026-07-09;0.0;741.46
24780524;1;1;0;68.0;68;2026-05-15;2026-05-15;0.0;328.8
24790740;2;1;1;38.5;73;2026-05-10;2026-07-18;0.0;1256.6
24792626;1;1;0;97.0;97;2026-04-16;2026-04-16;0.0;1015.5
24792916;1;1;0;309.0;309;2025-09-16;2025-09-16;0.0;537.3
24794216;1;1;0;71.0;71;2026-05-12;2026-05-12;0.0;897.3
24795648;2;2;0;37.0;72;2026-05-11;2026-07-20;0.0;1204.65
24795773;1;0;1;1.0;1;2026-07-21;2026-07-21;0.0;197.70000000000002
24796034;1;0;1;6.0;6;2026-07-16;2026-07-16;0.0;594.9
24796810;1;1;0;394.0;394;2025-06-23;2025-06-23;0.0;837.3
24796982;1;0;1;1.0;1;2026-07-21;2026-07-21;0.0;874.55
24800561;1;1;0;383.0;383;2025-07-04;2025-07-04;0.0;388.8
24800637;1;1;0;347.0;347;2025-08-09;2025-08-09;100.0;1140.3
24801002;1;0;1;2.0;2;2026-07-20;2026-07-20;0.0;251.63000000000002
24803393;1;1;0;219.0;219;2025-12-15;2025-12-15;0.0;447.0
24803704;1;1;0;182.0;182;2026-01-21;2026-01-21;0.0;955.5
24804130;1;1;0;160.0;160;2026-02-12;2026-02-12;0.0;557.4
24804180;1;1;0;166.0;166;2026-02-06;2026-02-06;0.0;1197.3
2480570;1;0;1;3.0;3;2026-07-19;2026-07-19;0.0;361.35
24805775;3;3;0;28.7;46;2026-06-06;2026-07-02;0.0;3106.5
248059;3;0;3;1.3;2;2026-07-20;2026-07-21;0.0;1197.6
24808933;1;1;0;330.0;330;2025-08-26;2025-08-26;0.0;567.0
24810053;2;2;0;251.5;274;2025-10-21;2025-12-05;100.0;776.7
24811216;3;3;0;40.3;79;2026-05-04;2026-07-10;0.0;1402.8
24814949;1;1;0;195.0;195;2026-01-08;2026-01-08;0.0;1035.6
24815905;2;2;0;341.0;365;2025-07-22;2025-09-08;0.0;1016.0999999999999
24818041;6;6;0;261.3;386;2025-07-01;2026-06-01;0.0;2232.9
24818732;1;1;0;288.0;288;2025-10-07;2025-10-07;0.0;537.3
24818776;3;0;3;2.0;2;2026-07-20;2026-07-20;0.0;753.3499999999999
24823513;2;2;0;129.5;142;2026-03-02;2026-03-27;0.0;597.6
24823901;1;1;0;352.0;352;2025-08-04;2025-08-04;0.0;448.8
24824388;2;2;0;66.0;79;2026-05-04;2026-05-30;0.0;894.0
24825538;1;1;0;21.0;21;2026-07-01;2026-07-01;0.0;879.25
24825907;1;1;0;260.0;260;2025-11-04;2025-11-04;0.0;507.0
24826566;1;1;0;383.0;383;2025-07-04;2025-07-04;100.0;822.0
24828273;1;1;0;11.0;11;2026-07-11;2026-07-11;0.0;1097.25
24832486;1;1;0;112.0;112;2026-04-01;2026-04-01;100.0;1242.0
24842721;1;0;1;2.0;2;2026-07-20;2026-07-20;0.0;189.5
24844378;1;1;0;236.0;236;2025-11-28;2025-11-28;0.0;328.8
24844455;1;1;0;4.0;4;2026-07-18;2026-07-18;0.0;767.25
24844458;1;1;0;357.0;357;2025-07-30;2025-07-30;0.0;328.8
24845162;2;0;2;1.5;2;2026-07-20;2026-07-21;0.0;644.94
24848163;1;1;0;41.0;41;2026-06-11;2026-06-11;0.0;567.0
24848776;1;1;0;30.0;30;2026-06-22;2026-06-22;0.0;777.5500000000001
24849481;1;0;1;1.0;1;2026-07-21;2026-07-21;0.0;37.9
24849529;4;3;1;58.0;185;2026-01-18;2026-07-13;50.0;2143.1499999999996
24850680;5;5;0;144.6;383;2025-07-04;2026-06-09;100.0;3438.0
24855954;1;0;1;3.0;3;2026-07-19;2026-07-19;0.0;534.25
24856294;1;0;1;7.0;7;2026-07-15;2026-07-15;0.0;2220.15
24857326;1;1;0;286.0;286;2025-10-09;2025-10-09;0.0;388.8
24858666;1;1;0;9.0;9;2026-07-13;2026-07-13;0.0;318.75
24858799;4;4;0;46.2;65;2026-05-18;2026-06-12;0.0;2900.7
24858893;6;6;0;151.7;344;2025-08-12;2026-05-24;83.3;6276.6
24860109;1;1;0;9.0;9;2026-07-13;2026-07-13;0.0;1117.35
24863858;1;1;0;1.0;1;2026-07-21;2026-07-21;0.0;657.3
24864051;1;1;0;376.0;376;2025-07-11;2025-07-11;0.0;1095.6
24866781;1;1;0;51.0;51;2026-06-01;2026-06-01;0.0;388.8
24867063;1;1;0;379.0;379;2025-07-08;2025-07-08;0.0;418.5
24867614;2;2;0;242.5;380;2025-07-07;2026-04-08;0.0;1004.4
24868437;1;1;0;347.0;347;2025-08-09;2025-08-09;0.0;1015.5
24869055;5;4;1;82.0;145;2026-02-27;2026-07-10;0.0;4022.85
24871202;1;0;1;1.0;1;2026-07-21;2026-07-21;0.0;163.65
24872224;1;0;1;2.0;2;2026-07-20;2026-07-20;0.0;433.31
24872809;1;1;0;69.0;69;2026-05-14;2026-05-14;0.0;897.3
24873010;1;1;0;132.0;132;2026-03-12;2026-03-12;0.0;747.3
24873598;1;1;0;135.0;135;2026-03-09;2026-03-09;0.0;1095.6
24873779;2;2;0;50.5;100;2026-04-13;2026-07-21;50.0;752.25
24874842;1;1;0;251.0;251;2025-11-13;2025-11-13;0.0;388.8
24875281;2;2;0;198.5;377;2025-07-10;2026-07-02;0.0;715.8
24892267;1;1;0;15.0;15;2026-07-07;2026-07-07;0.0;567.0
24894011;1;0;1;2.0;2;2026-07-20;2026-07-20;0.0;249.55
24894315;1;1;0;236.0;236;2025-11-28;2025-11-28;0.0;537.3
24895460;1;1;0;62.0;62;2026-05-21;2026-05-21;0.0;748.8
24897012;5;5;0;41.0;44;2026-06-08;2026-06-15;0.0;1704.0
24898015;1;0;1;3.0;3;2026-07-19;2026-07-19;0.0;625.0500000000001
24898185;1;0;1;13.0;13;2026-07-09;2026-07-09;0.0;1752.75
24900437;1;1;0;55.0;55;2026-05-28;2026-05-28;0.0;597.3
24901664;1;1;0;20.0;20;2026-07-02;2026-07-02;0.0;1197.3
24902069;1;0;1;1.0;1;2026-07-21;2026-07-21;0.0;103.78
24904478;1;0;1;5.0;5;2026-07-17;2026-07-17;0.0;1038.45
24906510;1;1;0;119.0;119;2026-03-25;2026-03-25;0.0;268.8
24906818;1;1;0;218.0;218;2025-12-16;2025-12-16;0.0;447.0
24906973;1;1;0;22.0;22;2026-06-30;2026-06-30;0.0;370.75
24907246;1;0;1;3.0;3;2026-07-19;2026-07-19;0.0;277.35
24912157;1;1;0;377.0;377;2025-07-10;2025-07-10;0.0;328.8
24912158;1;1;0;21.0;21;2026-07-01;2026-07-01;0.0;268.8
24913285;1;0;1;5.0;5;2026-07-17;2026-07-17;0.0;923.8299999999999
24913717;1;1;0;68.0;68;2026-05-15;2026-05-15;0.0;715.5
24915223;1;1;0;56.0;56;2026-05-27;2026-05-27;100.0;602.1
24922061;1;0;1;1.0;1;2026-07-21;2026-07-21;0.0;155.70000000000002
24936506;1;1;0;30.0;30;2026-06-22;2026-06-22;0.0;599.35
24937179;1;1;0;42.0;42;2026-06-10;2026-06-10;0.0;537.3
24939751;1;1;0;24.0;24;2026-06-28;2026-06-28;0.0;448.8
24940565;1;1;0;106.0;106;2026-04-07;2026-04-07;0.0;268.8
24940841;2;2;0;82.0;100;2026-04-13;2026-05-19;0.0;1264.5
24942573;1;1;0;169.0;169;2026-02-03;2026-02-03;0.0;388.8
24942742;1;0;1;5.0;5;2026-07-17;2026-07-17;0.0;449.15
24943137;1;1;0;72.0;72;2026-05-11;2026-05-11;0.0;557.4
24945411;1;1;0;4.0;4;2026-07-18;2026-07-18;0.0;887.25
24945923;3;3;0;8.0;8;2026-07-14;2026-07-14;100.0;1210.3500000000001
24946245;3;3;0;58.0;170;2026-02-02;2026-07-20;0.0;2508.3
24947398;1;1;0;365.0;365;2025-07-22;2025-07-22;0.0;328.8
24947439;1;1;0;51.0;51;2026-06-01;2026-06-01;0.0;715.5
24952733;1;0;1;1.0;1;2026-07-21;2026-07-21;0.0;127.80000000000001
24953915;1;0;1;1.0;1;2026-07-21;2026-07-21;0.0;155.65
24955219;2;0;2;2.0;2;2026-07-20;2026-07-20;0.0;1273.5
24956415;1;1;0;13.0;13;2026-07-09;2026-07-09;0.0;947.25
24956905;1;0;1;20.0;20;2026-07-02;2026-07-02;0.0;3019.9500000000003
24957082;1;0;1;11.0;11;2026-07-11;2026-07-11;0.0;1672.87
24957849;2;2;0;136.5;177;2026-01-26;2026-04-17;0.0;1016.0999999999999
24960822;1;1;0;369.0;369;2025-07-18;2025-07-18;0.0;408.90000000000003
24961767;1;0;1;1.0;1;2026-07-21;2026-07-21;0.0;453.31
24963719;1;0;1;2.0;2;2026-07-20;2026-07-20;0.0;585.35
24964418;1;1;0;120.0;120;2026-03-24;2026-03-24;0.0;328.8
24976529;1;1;0;303.0;303;2025-09-22;2025-09-22;0.0;955.5
2497965;1;0;1;2.0;2;2026-07-20;2026-07-20;0.0;428.95
24985694;1;1;0;147.0;147;2026-02-25;2026-02-25;0.0;418.5
24986385;2;2;0;103.5;105;2026-04-08;2026-04-11;0.0;1431.0
24987185;1;1;0;183.0;183;2026-01-20;2026-01-20;0.0;388.8
24988458;1;1;0;172.0;172;2026-01-31;2026-01-31;0.0;268.8
24988625;1;1;0;344.0;344;2025-08-12;2025-08-12;0.0;447.0
24990552;2;1;1;36.0;71;2026-05-12;2026-07-21;0.0;849.03
24990769;1;1;0;361.0;361;2025-07-26;2025-07-26;0.0;567.0
24990915;1;1;0;361.0;361;2025-07-26;2025-07-26;0.0;388.8
24991550;1;0;1;2.0;2;2026-07-20;2026-07-20;0.0;906.3
24994616;1;0;1;9.0;9;2026-07-13;2026-07-13;0.0;1456.3000000000002
24995330;1;0;1;4.0;4;2026-07-18;2026-07-18;0.0;685.8299999999999
24997902;2;2;0;329.0;329;2025-08-27;2025-08-27;0.0;1014.0
24998624;1;1;0;270.0;270;2025-10-25;2025-10-25;0.0;268.8
25002666;1;1;0;50.0;50;2026-06-02;2026-06-02;0.0;447.0
25003071;1;1;0;364.0;364;2025-07-23;2025-07-23;0.0;447.0
25003275;1;1;0;162.0;162;2026-02-10;2026-02-10;0.0;777.3
25004216;3;2;1;226.3;349;2025-08-07;2026-07-21;0.0;2366.7
25005846;5;5;0;200.8;317;2025-09-08;2026-04-08;0.0;5229.3
25007258;1;1;0;42.0;42;2026-06-10;2026-06-10;0.0;328.8
25007901;1;1;0;350.0;350;2025-08-06;2025-08-06;0.0;1047.3
25009869;1;1;0;33.0;33;2026-06-19;2026-06-19;0.0;507.0
25011983;1;1;0;60.0;60;2026-05-23;2026-05-23;100.0;611.7
25014651;1;1;0;69.0;69;2026-05-14;2026-05-14;0.0;507.0
25015646;2;2;0;32.0;38;2026-06-14;2026-06-26;0.0;1873.15
25019021;2;2;0;197.5;345;2025-08-11;2026-06-02;0.0;1451.1
25020293;8;8;0;75.9;181;2026-01-22;2026-07-21;0.0;2910.3
25027092;2;2;0;75.0;101;2026-04-12;2026-06-03;0.0;1114.8
25037279;5;4;1;81.6;296;2025-09-29;2026-07-13;20.0;2685.8999999999996
25039716;2;2;0;167.5;263;2025-11-01;2026-05-11;0.0;1791.0
25039717;1;1;0;34.0;34;2026-06-18;2026-06-18;0.0;507.0
25040310;1;1;0;163.0;163;2026-02-09;2026-02-09;100.0;942.0
25041006;1;1;0;275.0;275;2025-10-20;2025-10-20;0.0;328.8
25041342;3;3;0;59.3;78;2026-05-05;2026-06-27;0.0;986.4000000000001
25042834;1;0;1;5.0;5;2026-07-17;2026-07-17;0.0;674.1500000000001
25044269;5;5;0;293.8;358;2025-07-29;2026-01-27;0.0;2458.2
25044443;1;1;0;356.0;356;2025-07-31;2025-07-31;0.0;268.8
25044444;1;1;0;328.0;328;2025-08-28;2025-08-28;0.0;268.8
2504595;5;1;4;9.6;30;2026-06-22;2026-07-21;0.0;2510.05
2504653;1;1;0;47.0;47;2026-06-05;2026-06-05;0.0;328.8
25048157;1;1;0;86.0;86;2026-04-27;2026-04-27;0.0;388.8
2504940;1;0;1;22.0;22;2026-06-30;2026-06-30;0.0;2372.4
25052900;1;0;1;1.0;1;2026-07-21;2026-07-21;0.0;535.4
25054468;1;1;0;354.0;354;2025-08-02;2025-08-02;0.0;537.3
25055807;2;2;0;274.5;352;2025-08-04;2026-01-06;0.0;984.3
25058935;2;2;0;196.0;266;2025-10-29;2026-03-18;0.0;1752.6
25059157;1;1;0;281.0;281;2025-10-14;2025-10-14;0.0;855.6
25060955;2;2;0;354.0;356;2025-07-31;2025-08-04;0.0;1074.6
25061146;1;1;0;75.0;75;2026-05-08;2026-05-08;0.0;388.8
25061832;1;1;0;351.0;351;2025-08-05;2025-08-05;0.0;328.8
25062174;1;1;0;125.0;125;2026-03-19;2026-03-19;0.0;268.8
25062511;3;3;0;348.7;349;2025-08-07;2025-08-08;0.0;806.4000000000001
25062781;1;1;0;54.0;54;2026-05-29;2026-05-29;0.0;388.8
25062826;1;1;0;355.0;355;2025-08-01;2025-08-01;100.0;820.2
25063088;2;2;0;83.5;84;2026-04-29;2026-04-30;0.0;717.6
25066463;1;1;0;161.0;161;2026-02-11;2026-02-11;0.0;328.8
25067714;2;2;0;101.5;105;2026-04-08;2026-04-15;0.0;537.6
2506975;1;1;0;14.0;14;2026-07-08;2026-07-08;0.0;537.3
25070786;4;4;0;130.5;176;2026-01-27;2026-05-15;0.0;3222.0
25087908;1;1;0;352.0;352;2025-08-04;2025-08-04;0.0;268.8
25089260;1;1;0;44.0;44;2026-06-08;2026-06-08;0.0;537.3
25090255;2;2;0;48.0;69;2026-05-14;2026-06-25;0.0;1115.95
2509217;1;0;1;2.0;2;2026-07-20;2026-07-20;0.0;263.54999999999995
25095564;3;3;0;32.0;58;2026-05-25;2026-07-21;0.0;1573.35
25098309;2;2;0;216.5;350;2025-08-06;2026-04-30;0.0;537.6
25099668;2;2;0;205.5;336;2025-08-20;2026-05-08;0.0;2051.1
25103369;3;3;0;131.3;350;2025-08-06;2026-07-07;0.0;1166.8
25104375;1;1;0;24.0;24;2026-06-28;2026-06-28;0.0;310.75
25104720;1;0;1;2.0;2;2026-07-20;2026-07-20;0.0;283.5
25107338;1;1;0;140.0;140;2026-03-04;2026-03-04;0.0;627.0
25110691;1;1;0;264.0;264;2025-10-31;2025-10-31;0.0;388.8
25111166;1;1;0;132.0;132;2026-03-12;2026-03-12;0.0;597.3
25113451;1;1;0;14.0;14;2026-07-08;2026-07-08;0.0;537.3
25114854;4;4;0;164.2;282;2025-10-13;2026-03-19;0.0;1958.4
25118939;1;1;0;8.0;8;2026-07-14;2026-07-14;0.0;537.3
25122235;1;1;0;242.0;242;2025-11-22;2025-11-22;0.0;775.5
25122238;2;2;0;78.0;78;2026-05-05;2026-05-05;0.0;1451.1
25123748;1;1;0;285.0;285;2025-10-10;2025-10-10;0.0;388.8
25128184;1;1;0;161.0;161;2026-02-11;2026-02-11;0.0;298.5
25130709;1;1;0;344.0;344;2025-08-12;2025-08-12;0.0;288.90000000000003
251323;1;1;0;44.0;44;2026-06-08;2026-06-08;0.0;657.3
25138768;1;1;0;112.0;112;2026-04-01;2026-04-01;0.0;268.8
25140140;2;2;0;10.5;12;2026-07-10;2026-07-13;0.0;657.6
25140726;1;1;0;258.0;258;2025-11-06;2025-11-06;0.0;827.1
25141381;1;1;0;93.0;93;2026-04-20;2026-04-20;0.0;775.5
25141808;1;1;0;18.0;18;2026-07-04;2026-07-04;0.0;607.35
25142550;1;0;1;1.0;1;2026-07-21;2026-07-21;0.0;283.5
25144194;1;1;0;302.0;302;2025-09-23;2025-09-23;0.0;328.8
25146651;1;1;0;26.0;26;2026-06-26;2026-06-26;0.0;537.3
25146666;1;1;0;14.0;14;2026-07-08;2026-07-08;0.0;657.3
25146806;1;0;1;4.0;4;2026-07-18;2026-07-18;0.0;594.1500000000001
25149191;1;1;0;20.0;20;2026-07-02;2026-07-02;0.0;447.0
25150706;1;0;1;6.0;6;2026-07-16;2026-07-16;0.0;353.15
25151110;1;1;0;40.0;40;2026-06-12;2026-06-12;0.0;298.5
25151737;1;1;0;338.0;338;2025-08-18;2025-08-18;0.0;418.5
25152545;3;3;0;87.0;89;2026-04-24;2026-04-30;0.0;2571.8999999999996
25156536;3;3;0;47.7;70;2026-05-13;2026-07-12;0.0;2196.75
25156929;1;1;0;343.0;343;2025-08-13;2025-08-13;0.0;657.3
25157490;1;1;0;40.0;40;2026-06-12;2026-06-12;0.0;857.4
25158597;1;1;0;341.0;341;2025-08-15;2025-08-15;0.0;597.3
25159030;6;5;1;55.0;107;2026-04-06;2026-07-08;0.0;3566.29
25161742;1;1;0;256.0;256;2025-11-08;2025-11-08;0.0;1035.6
25162196;2;2;0;149.0;275;2025-10-20;2026-06-29;0.0;657.6
25162674;1;1;0;26.0;26;2026-06-26;2026-06-26;0.0;567.0
25163609;1;1;0;13.0;13;2026-07-09;2026-07-09;0.0;268.8
25165357;8;7;1;137.2;338;2025-08-18;2026-07-17;0.0;2795.8
2516613;1;0;1;2.0;2;2026-07-20;2026-07-20;0.0;151.6
2516741;1;0;1;12.0;12;2026-07-10;2026-07-10;0.0;3211.2
25168364;1;0;1;1.0;1;2026-07-21;2026-07-21;0.0;382.35
25174637;1;1;0;19.0;19;2026-07-03;2026-07-03;0.0;388.8
25174860;1;1;0;266.0;266;2025-10-29;2025-10-29;100.0;313.5
25190383;1;1;0;88.0;88;2026-04-25;2026-04-25;0.0;837.3
25190384;1;1;0;14.0;14;2026-07-08;2026-07-08;0.0;438.75
25190458;1;1;0;188.0;188;2026-01-15;2026-01-15;0.0;268.8
25191150;1;1;0;65.0;65;2026-05-18;2026-05-18;0.0;388.8
25192988;1;1;0;259.0;259;2025-11-05;2025-11-05;0.0;388.8
25193671;1;0;1;2.0;2;2026-07-20;2026-07-20;0.0;189.5
25194275;1;0;1;1.0;1;2026-07-21;2026-07-21;0.0;343.53000000000003
25194614;2;2;0;285.0;296;2025-09-29;2025-10-21;0.0;1015.8
25197957;1;1;0;334.0;334;2025-08-22;2025-08-22;0.0;268.8
25198550;3;3;0;328.0;328;2025-08-28;2025-08-28;0.0;986.4000000000001
25198551;2;1;1;52.0;98;2026-04-15;2026-07-16;0.0;1332.6
25199087;3;3;0;8.0;8;2026-07-14;2026-07-14;0.0;2869.65
25199207;1;1;0;200.0;200;2026-01-03;2026-01-03;0.0;855.6
25199350;1;1;0;89.0;89;2026-04-24;2026-04-24;0.0;617.4
25200145;1;0;1;4.0;4;2026-07-18;2026-07-18;0.0;378.0
25200425;1;1;0;323.0;323;2025-09-02;2025-09-02;0.0;448.8
25201461;3;2;1;127.7;309;2025-09-16;2026-07-20;0.0;1195.75
25202145;1;1;0;114.0;114;2026-03-30;2026-03-30;0.0;888.3000000000001
25206546;1;0;1;6.0;6;2026-07-16;2026-07-16;0.0;832.6700000000001
2520685;1;0;1;2.0;2;2026-07-20;2026-07-20;0.0;289.6
25210968;3;3;0;95.0;112;2026-04-01;2026-04-29;0.0;2391.8999999999996
25211013;1;0;1;1.0;1;2026-07-21;2026-07-21;0.0;322.47
25211652;1;1;0;28.0;28;2026-06-24;2026-06-24;0.0;777.5500000000001
2521245;1;0;1;2.0;2;2026-07-20;2026-07-20;0.0;284.5
25214362;1;1;0;323.0;323;2025-09-02;2025-09-02;0.0;388.8
25214867;1;1;0;264.0;264;2025-10-31;2025-10-31;0.0;797.4
25215612;1;0;1;1.0;1;2026-07-21;2026-07-21;0.0;0.0
25216507;3;3;0;65.3;114;2026-03-30;2026-07-11;0.0;1036.35
25217346;1;0;1;3.0;3;2026-07-19;2026-07-19;0.0;277.35
25221577;2;0;2;12.5;14;2026-07-08;2026-07-11;0.0;3831.6000000000004
25222806;3;3;0;176.3;308;2025-09-17;2026-04-06;0.0;1104.6
25224068;4;4;0;112.0;302;2025-09-23;2026-07-16;0.0;3081.4
2522564;1;1;0;638.0;638;2024-10-22;2024-10-22;0.0;418.5
2523601;1;1;0;1.0;1;2026-07-21;2026-07-21;0.0;268.8
2523794;1;1;0;1499.0;1499;2022-06-14;2022-06-14;0.0;0.0
25241001;1;1;0;5.0;5;2026-07-17;2026-07-17;0.0;1197.3
25242179;1;1;0;131.0;131;2026-03-13;2026-03-13;0.0;567.0
25243298;1;1;0;324.0;324;2025-09-01;2025-09-01;0.0;795.6
25243506;1;1;0;72.0;72;2026-05-11;2026-05-11;0.0;567.0
25243608;2;1;1;7.5;12;2026-07-10;2026-07-19;0.0;812.6500000000001
25243765;1;1;0;106.0;106;2026-04-07;2026-04-07;0.0;807.0
25244780;1;1;0;44.0;44;2026-06-08;2026-06-08;0.0;1347.3
25244986;1;1;0;322.0;322;2025-09-03;2025-09-03;0.0;268.8
25245164;2;0;2;1.0;1;2026-07-21;2026-07-21;0.0;796.79
25246592;1;1;0;107.0;107;2026-04-06;2026-04-06;0.0;388.8
25249790;1;1;0;323.0;323;2025-09-02;2025-09-02;0.0;268.8
25250262;2;2;0;190.0;315;2025-09-10;2026-05-18;0.0;1244.4
25251782;4;4;0;170.8;330;2025-08-26;2026-07-10;0.0;2555.55
25252051;1;1;0;294.0;294;2025-10-01;2025-10-01;0.0;268.8
25256650;3;3;0;73.3;81;2026-05-02;2026-05-25;0.0;806.4000000000001
25257738;2;2;0;149.5;166;2026-02-06;2026-03-11;0.0;717.6
25259351;1;1;0;326.0;326;2025-08-30;2025-08-30;0.0;1035.6
25260872;1;1;0;320.0;320;2025-09-05;2025-09-05;0.0;657.3
25263487;1;0;1;10.0;10;2026-07-12;2026-07-12;0.0;1230.87
25266374;1;0;1;2.0;2;2026-07-20;2026-07-20;0.0;494.2
25266753;1;1;0;327.0;327;2025-08-29;2025-08-29;0.0;447.0
25267796;1;0;1;1.0;1;2026-07-21;2026-07-21;0.0;101.83999999999999
25269139;1;0;1;3.0;3;2026-07-19;2026-07-19;0.0;201.55
25274270;1;1;0;58.0;58;2026-05-25;2026-05-25;0.0;617.4
25278454;1;1;0;235.0;235;2025-11-29;2025-11-29;0.0;507.0
2529027;2;2;0;54.5;105;2026-04-08;2026-07-18;0.0;707.55
25291962;1;1;0;75.0;75;2026-05-08;2026-05-08;0.0;268.8
25292561;1;1;0;63.0;63;2026-05-20;2026-05-20;0.0;715.5
25292693;3;2;1;68.7;107;2026-04-06;2026-07-19;0.0;2064.65
25292749;1;1;0;182.0;182;2026-01-21;2026-01-21;0.0;897.3
25294864;3;3;0;45.0;114;2026-03-30;2026-07-13;0.0;1343.3999999999999
25295907;1;1;0;84.0;84;2026-04-29;2026-04-29;0.0;975.6
25296726;1;1;0;16.0;16;2026-07-06;2026-07-06;0.0;1015.5
25301301;1;1;0;321.0;321;2025-09-04;2025-09-04;0.0;268.8
25303574;3;3;0;157.3;198;2026-01-05;2026-03-30;100.0;1000.5
25303722;2;2;0;106.0;210;2025-12-24;2026-07-20;0.0;717.6
25303868;1;1;0;321.0;321;2025-09-04;2025-09-04;100.0;1060.2
25304498;1;0;1;2.0;2;2026-07-20;2026-07-20;0.0;449.15
25304555;1;1;0;59.0;59;2026-05-24;2026-05-24;0.0;857.4
25304859;2;2;0;296.5;322;2025-09-03;2025-10-24;0.0;1364.4
25306936;1;1;0;61.0;61;2026-05-22;2026-05-22;0.0;447.0
25307036;1;1;0;317.0;317;2025-09-08;2025-09-08;0.0;447.0
25308534;1;1;0;16.0;16;2026-07-06;2026-07-06;0.0;328.8
25308689;1;1;0;46.0;46;2026-06-06;2026-06-06;0.0;715.5
25309182;4;4;0;195.2;321;2025-09-04;2026-04-15;0.0;2299.5
25310461;1;1;0;319.0;319;2025-09-06;2025-09-06;0.0;268.8
25311552;1;1;0;321.0;321;2025-09-04;2025-09-04;0.0;537.3
25311860;3;3;0;213.3;314;2025-09-11;2026-02-12;0.0;806.4000000000001
2531685;1;1;0;225.0;225;2025-12-09;2025-12-09;0.0;268.8
25317033;1;1;0;103.0;103;2026-04-10;2026-04-10;0.0;735.6
25318224;1;1;0;79.0;79;2026-05-04;2026-05-04;0.0;447.0
2531885;2;2;0;301.5;302;2025-09-23;2025-09-24;100.0;1444.2
25319068;1;1;0;51.0;51;2026-06-01;2026-06-01;0.0;537.3
25319469;1;1;0;9.0;9;2026-07-13;2026-07-13;0.0;388.8
25319758;1;0;1;1.0;1;2026-07-21;2026-07-21;0.0;233.54999999999998
25319843;1;1;0;315.0;315;2025-09-10;2025-09-10;0.0;715.5
25320098;2;2;0;136.0;152;2026-02-20;2026-03-24;0.0;657.6
25320907;1;1;0;225.0;225;2025-12-09;2025-12-09;0.0;597.3
25321109;1;1;0;43.0;43;2026-06-09;2026-06-09;0.0;388.8
2532399;1;0;1;7.0;7;2026-07-15;2026-07-15;0.0;977.9000000000001
25325168;1;1;0;317.0;317;2025-09-08;2025-09-08;0.0;268.8
25325878;3;3;0;283.7;303;2025-09-22;2025-10-21;0.0;1343.3999999999999
25327284;1;1;0;42.0;42;2026-06-10;2026-06-10;0.0;557.4
25327426;2;2;0;43.5;61;2026-05-22;2026-06-26;0.0;1472.95
25327536;2;2;0;278.5;320;2025-09-05;2025-11-27;0.0;955.8
25329188;2;2;0;74.0;78;2026-05-05;2026-05-13;0.0;1732.8
253296;2;2;0;160.0;188;2026-01-15;2026-03-12;0.0;866.0999999999999
25334556;2;1;1;52.0;103;2026-04-10;2026-07-21;0.0;2026.27
25339459;1;1;0;79.0;79;2026-05-04;2026-05-04;0.0;328.8
25340998;1;0;1;1.0;1;2026-07-21;2026-07-21;0.0;337.35
25341683;1;1;0;4.0;4;2026-07-18;2026-07-18;0.0;837.3
25344214;2;2;0;95.0;146;2026-02-26;2026-06-08;0.0;1074.6
25345017;1;1;0;6.0;6;2026-07-16;2026-07-16;0.0;438.75
25348116;1;1;0;65.0;65;2026-05-18;2026-05-18;0.0;627.0
25348537;1;1;0;32.0;32;2026-06-20;2026-06-20;0.0;895.5
25348632;1;1;0;315.0;315;2025-09-10;2025-09-10;0.0;388.8
25351450;2;2;0;154.0;196;2026-01-07;2026-04-01;0.0;866.0999999999999
25352900;1;1;0;75.0;75;2026-05-08;2026-05-08;0.0;388.8
25352996;1;1;0;19.0;19;2026-07-03;2026-07-03;0.0;1275.45
25355098;3;3;0;151.0;312;2025-09-13;2026-05-25;0.0;1184.7
25355543;3;3;0;77.7;199;2026-01-04;2026-07-08;66.7;1734.0
25356669;1;1;0;21.0;21;2026-07-01;2026-07-01;0.0;268.8
25356670;1;0;1;2.0;2;2026-07-20;2026-07-20;0.0;125.75
25360211;2;1;1;114.5;224;2025-12-10;2026-07-17;0.0;2135.21
25360635;1;0;1;2.0;2;2026-07-20;2026-07-20;0.0;389.25
25362118;1;1;0;144.0;144;2026-02-28;2026-02-28;0.0;895.5
2536234;1;1;0;321.0;321;2025-09-04;2025-09-04;0.0;717.3
25368364;2;0;2;10.0;11;2026-07-11;2026-07-13;0.0;4412.299999999999
25368687;3;3;0;95.0;170;2026-02-02;2026-07-13;0.0;1781.25
25370098;2;2;0;232.5;309;2025-09-16;2026-02-16;50.0;582.3
25370537;1;1;0;103.0;103;2026-04-10;2026-04-10;0.0;657.3
25370634;2;2;0;261.0;282;2025-10-13;2025-11-24;0.0;1286.1
25371353;4;4;0;277.0;306;2025-09-19;2025-11-18;50.0;2055.9
25372032;1;1;0;57.0;57;2026-05-26;2026-05-26;0.0;1067.3999999999999
25375558;2;2;0;239.0;308;2025-09-17;2026-02-02;0.0;597.5999999999999
25378574;3;3;0;167.7;274;2025-10-21;2026-04-10;33.3;1211.1
25379236;1;1;0;245.0;245;2025-11-19;2025-11-19;0.0;328.8
25383143;1;0;1;3.0;3;2026-07-19;2026-07-19;0.0;1182.9900000000002
25394140;4;4;0;233.2;282;2025-10-13;2026-02-05;0.0;1134.6
25394476;1;1;0;16.0;16;2026-07-06;2026-07-06;0.0;1117.35
25394595;2;2;0;251.0;310;2025-09-15;2026-01-11;0.0;777.6
25396703;1;0;1;4.0;4;2026-07-18;2026-07-18;0.0;594.9
25396800;1;1;0;7.0;7;2026-07-15;2026-07-15;0.0;318.75
25397852;1;0;1;4.0;4;2026-07-18;2026-07-18;0.0;1663.39
25398250;4;4;0;74.5;174;2026-01-29;2026-07-03;0.0;1523.1
25399426;1;1;0;184.0;184;2026-01-19;2026-01-19;0.0;388.8
25402228;3;2;1;140.0;308;2025-09-17;2026-07-21;0.0;811.95
25402229;1;1;0;35.0;35;2026-06-17;2026-06-17;0.0;388.8
25402993;1;1;0;70.0;70;2026-05-13;2026-05-13;0.0;617.4
25405656;1;1;0;308.0;308;2025-09-17;2025-09-17;0.0;328.8
25405797;1;1;0;15.0;15;2026-07-07;2026-07-07;0.0;945.45
25405798;1;1;0;2.0;2;2026-07-20;2026-07-20;0.0;945.45
25406724;1;1;0;260.0;260;2025-11-04;2025-11-04;0.0;388.8
25411167;1;1;0;99.0;99;2026-04-14;2026-04-14;0.0;537.3
25411704;3;3;0;162.7;295;2025-09-30;2026-05-01;0.0;2700.3
25413894;1;1;0;78.0;78;2026-05-05;2026-05-05;100.0;760.2
25417639;3;3;0;13.0;13;2026-07-09;2026-07-09;0.0;906.3
25418308;1;0;1;11.0;11;2026-07-11;2026-07-11;0.0;984.15
25419280;1;1;0;294.0;294;2025-10-01;2025-10-01;0.0;448.8
25419876;1;1;0;294.0;294;2025-10-01;2025-10-01;0.0;837.3
25421871;1;0;1;2.0;2;2026-07-20;2026-07-20;0.0;466.84999999999997
25422058;1;1;0;58.0;58;2026-05-25;2026-05-25;0.0;268.8
2542245;2;0;2;2.0;2;2026-07-20;2026-07-20;0.0;229.39999999999998
25422535;1;1;0;257.0;257;2025-11-07;2025-11-07;100.0;313.5
25425300;1;0;1;9.0;9;2026-07-13;2026-07-13;0.0;948.1500000000001
25431279;1;0;1;2.0;2;2026-07-20;2026-07-20;0.0;1140.0300000000002
25435082;1;1;0;131.0;131;2026-03-13;2026-03-13;0.0;777.3
25443051;1;0;1;1.0;1;2026-07-21;2026-07-21;0.0;263.65000000000003
25444134;1;1;0;2.0;2;2026-07-20;2026-07-20;0.0;777.3
25444262;1;1;0;296.0;296;2025-09-29;2025-09-29;0.0;328.8
25444891;1;1;0;289.0;289;2025-10-06;2025-10-06;0.0;388.8
25446036;1;0;1;26.0;26;2026-06-26;2026-06-26;0.0;985.4000000000001
25446177;1;1;0;4.0;4;2026-07-18;2026-07-18;0.0;845.5500000000001
25446718;1;1;0;149.0;149;2026-02-23;2026-02-23;0.0;268.8
25447616;2;2;0;185.0;250;2025-11-14;2026-03-24;0.0;1074.6
25448117;3;3;0;95.3;147;2026-02-25;2026-06-19;0.0;1843.5
25448730;1;0;1;2.0;2;2026-07-20;2026-07-20;0.0;505.31
25452031;3;3;0;235.7;254;2025-11-10;2025-12-17;0.0;2034.9
25452330;1;1;0;287.0;287;2025-10-08;2025-10-08;0.0;388.8
25452453;2;2;0;200.5;299;2025-09-26;2026-04-11;0.0;1254.3
25455229;1;1;0;65.0;65;2026-05-18;2026-05-18;0.0;328.8
25455914;1;1;0;295.0;295;2025-09-30;2025-09-30;0.0;268.8
25460100;1;1;0;300.0;300;2025-09-25;2025-09-25;0.0;478.5
25461865;1;1;0;294.0;294;2025-10-01;2025-10-01;0.0;507.0
25462801;1;1;0;294.0;294;2025-10-01;2025-10-01;0.0;447.0
25463209;2;2;0;156.0;296;2025-09-29;2026-07-06;0.0;1434.0
25467317;1;1;0;294.0;294;2025-10-01;2025-10-01;0.0;895.5
25468617;1;1;0;139.0;139;2026-03-05;2026-03-05;0.0;955.5
25469552;1;1;0;294.0;294;2025-10-01;2025-10-01;0.0;855.6
25469811;2;2;0;273.0;273;2025-10-22;2025-10-22;0.0;777.6
25472256;1;1;0;127.0;127;2026-03-17;2026-03-17;0.0;388.8
25474825;1;1;0;275.0;275;2025-10-20;2025-10-20;0.0;268.8
25475149;1;0;1;23.0;23;2026-06-29;2026-06-29;0.0;1339.2
25475151;3;2;1;101.0;299;2025-09-26;2026-07-20;0.0;1226.8
25476603;7;7;0;220.6;294;2025-10-01;2026-06-15;57.1;2328.9
25476649;1;0;1;2.0;2;2026-07-20;2026-07-20;0.0;554.1500000000001
25479442;4;4;0;164.0;252;2025-11-12;2026-05-28;0.0;1075.2
25486480;1;0;1;3.0;3;2026-07-19;2026-07-19;0.0;189.5
25493030;2;2;0;113.5;130;2026-03-14;2026-04-16;50.0;1209.0
25497040;1;1;0;24.0;24;2026-06-28;2026-06-28;0.0;1689.25
25497175;1;1;0;30.0;30;2026-06-22;2026-06-22;0.0;879.25
25499593;1;1;0;153.0;153;2026-02-19;2026-02-19;100.0;1060.2
25500805;4;3;1;10.5;21;2026-07-01;2026-07-20;0.0;2382.6
25503145;1;1;0;49.0;49;2026-06-03;2026-06-03;0.0;388.8
25503268;2;2;0;65.0;74;2026-05-09;2026-05-27;0.0;1431.0
25503683;1;1;0;65.0;65;2026-05-18;2026-05-18;0.0;447.0
25504121;1;1;0;246.0;246;2025-11-18;2025-11-18;0.0;685.5
25504540;1;1;0;167.0;167;2026-02-05;2026-02-05;0.0;915.6
25505238;1;1;0;84.0;84;2026-04-29;2026-04-29;100.0;1112.1
25507790;1;1;0;8.0;8;2026-07-14;2026-07-14;0.0;318.75
25509146;1;1;0;292.0;292;2025-10-03;2025-10-03;0.0;715.5
25509338;1;1;0;284.0;284;2025-10-11;2025-10-11;0.0;388.8
25510261;5;5;0;59.2;72;2026-05-11;2026-06-16;0.0;2686.5
25510964;1;1;0;293.0;293;2025-10-02;2025-10-02;0.0;268.8
25511090;2;2;0;2.0;2;2026-07-20;2026-07-20;0.0;1214.7
25511788;1;1;0;16.0;16;2026-07-06;2026-07-06;0.0;447.0
25512570;2;2;0;33.5;45;2026-06-07;2026-06-30;100.0;1226.05
25512687;1;0;1;5.0;5;2026-07-17;2026-07-17;0.0;719.2
25515647;2;2;0;278.0;289;2025-10-06;2025-10-28;0.0;1851.0
25516327;1;1;0;27.0;27;2026-06-25;2026-06-25;0.0;937.45
25516553;1;1;0;118.0;118;2026-03-26;2026-03-26;0.0;777.3
25518011;1;1;0;230.0;230;2025-12-04;2025-12-04;0.0;328.8
25518057;2;2;0;14.0;21;2026-07-01;2026-07-15;0.0;1134.0
25518147;1;1;0;288.0;288;2025-10-07;2025-10-07;0.0;507.0
25518626;1;1;0;287.0;287;2025-10-08;2025-10-08;0.0;268.8
25518715;1;1;0;99.0;99;2026-04-14;2026-04-14;100.0;582.0
25519438;1;1;0;2.0;2;2026-07-20;2026-07-20;0.0;1547.25
25524489;1;1;0;44.0;44;2026-06-08;2026-06-08;0.0;737.4
25524818;1;0;1;5.0;5;2026-07-17;2026-07-17;0.0;265.3
25525560;1;1;0;19.0;19;2026-07-03;2026-07-03;0.0;318.75
25526058;1;1;0;282.0;282;2025-10-13;2025-10-13;0.0;835.5
25526937;1;1;0;285.0;285;2025-10-10;2025-10-10;0.0;418.5
25527217;1;1;0;291.0;291;2025-10-04;2025-10-04;0.0;737.4
255369;1;1;0;79.0;79;2026-05-04;2026-05-04;0.0;447.0
25542867;2;2;0;152.5;216;2025-12-18;2026-04-24;100.0;627.0
25543631;5;5;0;96.6;195;2026-01-08;2026-07-01;20.0;4861.15
25544110;1;1;0;215.0;215;2025-12-19;2025-12-19;0.0;328.8
25545637;2;1;1;55.5;104;2026-04-09;2026-07-15;0.0;1217.15
25546789;1;1;0;63.0;63;2026-05-20;2026-05-20;100.0;611.7
25549061;1;1;0;159.0;159;2026-02-13;2026-02-13;0.0;717.3
25551327;1;1;0;126.0;126;2026-03-18;2026-03-18;0.0;268.8
25552647;2;2;0;213.0;221;2025-12-13;2025-12-29;50.0;1149.0
25554148;2;2;0;65.0;65;2026-05-18;2026-05-18;0.0;537.6
25555728;1;1;0;131.0;131;2026-03-13;2026-03-13;0.0;917.4
25556293;1;0;1;1.0;1;2026-07-21;2026-07-21;0.0;418.5
25556998;1;0;1;2.0;2;2026-07-20;2026-07-20;0.0;199.64999999999998
25557395;1;1;0;287.0;287;2025-10-08;2025-10-08;0.0;717.3
25560435;5;5;0;271.0;271;2025-10-24;2025-10-24;0.0;1344.0
25560981;1;1;0;44.0;44;2026-06-08;2026-06-08;0.0;677.4
25562575;1;1;0;141.0;141;2026-03-03;2026-03-03;0.0;597.3
25564775;2;2;0;30.5;55;2026-05-28;2026-07-16;100.0;1253.7
25567219;2;2;0;254.0;286;2025-10-09;2025-12-12;50.0;1719.3
25568242;1;1;0;282.0;282;2025-10-13;2025-10-13;0.0;715.5
25577624;1;1;0;273.0;273;2025-10-22;2025-10-22;0.0;268.8
25594978;1;1;0;104.0;104;2026-04-09;2026-04-09;0.0;837.3
25597138;1;1;0;34.0;34;2026-06-18;2026-06-18;100.0;1270.2
25597632;1;1;0;251.0;251;2025-11-13;2025-11-13;0.0;617.4
25598402;1;1;0;19.0;19;2026-07-03;2026-07-03;0.0;939.25
25604661;1;0;1;8.0;8;2026-07-14;2026-07-14;0.0;845.85
25605595;3;3;0;207.0;272;2025-10-23;2026-05-05;66.7;1464.3
25605942;1;1;0;35.0;35;2026-06-17;2026-06-17;0.0;268.8
25607492;2;2;0;144.5;280;2025-10-15;2026-07-13;0.0;1094.6999999999998
25608011;2;2;0;186.5;261;2025-11-03;2026-04-01;0.0;597.6
25608816;1;0;1;7.0;7;2026-07-15;2026-07-15;0.0;1293.85
25612421;1;1;0;138.0;138;2026-03-06;2026-03-06;0.0;268.8
25612644;1;0;1;1.0;1;2026-07-21;2026-07-21;0.0;299.45
25613181;3;2;1;86.0;237;2025-11-27;2026-07-12;0.0;2349.5
25614410;1;1;0;5.0;5;2026-07-17;2026-07-17;0.0;318.75
25615784;7;7;0;278.7;279;2025-10-16;2025-10-17;0.0;2721.6
25616811;1;1;0;107.0;107;2026-04-06;2026-04-06;0.0;328.8
25617669;1;1;0;2.0;2;2026-07-20;2026-07-20;0.0;1005.45
25618400;1;1;0;269.0;269;2025-10-26;2025-10-26;0.0;955.5
25620068;7;7;0;83.3;98;2026-04-15;2026-05-13;0.0;1962.0000000000002
25620588;1;0;1;2.0;2;2026-07-20;2026-07-20;0.0;75.8
25622338;1;1;0;127.0;127;2026-03-17;2026-03-17;0.0;567.0
25622465;1;1;0;257.0;257;2025-11-07;2025-11-07;0.0;537.3
25622708;3;3;0;259.0;266;2025-10-29;2025-11-14;0.0;1166.4
25622980;1;0;1;2.0;2;2026-07-20;2026-07-20;0.0;584.2
25627238;1;1;0;153.0;153;2026-02-19;2026-02-19;0.0;388.8
25630087;2;2;0;130.5;149;2026-02-23;2026-04-01;0.0;1571.1
25630831;1;1;0;277.0;277;2025-10-18;2025-10-18;0.0;298.5
25631448;3;3;0;169.0;275;2025-10-20;2026-05-25;0.0;1284.6
25633961;1;1;0;20.0;20;2026-07-02;2026-07-02;0.0;537.3
25636779;1;1;0;17.0;17;2026-07-05;2026-07-05;0.0;438.75
25646760;1;1;0;63.0;63;2026-05-20;2026-05-20;0.0;268.8
25653256;1;1;0;25.0;25;2026-06-27;2026-06-27;0.0;430.75
25656171;4;4;0;164.5;271;2025-10-24;2026-03-26;75.0;1807.5
25657296;1;1;0;43.0;43;2026-06-09;2026-06-09;0.0;925.5
25657399;1;1;0;170.0;170;2026-02-02;2026-02-02;0.0;328.8
25658692;1;0;1;4.0;4;2026-07-18;2026-07-18;0.0;465.8
25658910;1;1;0;57.0;57;2026-05-26;2026-05-26;0.0;388.8
25659567;2;1;1;91.5;179;2026-01-24;2026-07-18;50.0;779.1
25661550;1;0;1;2.0;2;2026-07-20;2026-07-20;0.0;153.70000000000002
25664546;2;2;0;47.0;70;2026-05-13;2026-06-28;0.0;1642.8
25664597;1;1;0;113.0;113;2026-03-31;2026-03-31;0.0;597.3
25665440;1;1;0;7.0;7;2026-07-15;2026-07-15;0.0;1675.5
25665755;3;3;0;261.0;261;2025-11-03;2025-11-03;0.0;806.4000000000001
256658;1;0;1;1.0;1;2026-07-21;2026-07-21;0.0;113.7
25665898;1;1;0;128.0;128;2026-03-16;2026-03-16;0.0;388.8
25666087;3;3;0;46.0;76;2026-05-07;2026-07-14;0.0;986.4000000000001
25668107;1;1;0;40.0;40;2026-06-12;2026-06-12;0.0;328.8
25670965;1;1;0;100.0;100;2026-04-13;2026-04-13;0.0;268.8
25671133;1;1;0;128.0;128;2026-03-16;2026-03-16;0.0;715.5
25671516;1;1;0;29.0;29;2026-06-23;2026-06-23;0.0;390.85
25672230;1;1;0;270.0;270;2025-10-25;2025-10-25;0.0;328.8
25672419;7;7;0;145.0;219;2025-12-15;2026-06-01;100.0;4743.3
25673344;2;2;0;69.0;126;2026-03-18;2026-07-10;0.0;1264.3500000000001
2567574;1;0;1;2.0;2;2026-07-20;2026-07-20;0.0;594.25
25678337;1;1;0;204.0;204;2025-12-30;2025-12-30;0.0;917.4
2568085;1;0;1;2.0;2;2026-07-20;2026-07-20;0.0;151.6
25681953;1;1;0;167.0;167;2026-02-05;2026-02-05;0.0;537.3
25682994;1;1;0;21.0;21;2026-07-01;2026-07-01;0.0;537.3
25683209;1;1;0;20.0;20;2026-07-02;2026-07-02;0.0;657.3
25687448;2;2;0;85.0;130;2026-03-14;2026-06-12;0.0;657.6
25697695;1;1;0;39.0;39;2026-06-13;2026-06-13;0.0;447.0
25698383;5;4;1;119.6;266;2025-10-29;2026-07-16;0.0;5091.15
25698980;1;0;1;1.0;1;2026-07-21;2026-07-21;0.0;49.9
25699848;1;1;0;268.0;268;2025-10-27;2025-10-27;0.0;557.4
25699901;1;1;0;35.0;35;2026-06-17;2026-06-17;0.0;1075.5
25701046;1;0;1;1.0;1;2026-07-21;2026-07-21;0.0;199.64999999999998
25703277;1;0;1;5.0;5;2026-07-17;2026-07-17;0.0;1699.1499999999999
25704409;1;1;0;43.0;43;2026-06-09;2026-06-09;0.0;268.8
25707438;1;1;0;225.0;225;2025-12-09;2025-12-09;0.0;657.3
25708390;2;2;0;100.5;179;2026-01-24;2026-06-30;0.0;1753.15
25708675;1;1;0;170.0;170;2026-02-02;2026-02-02;0.0;717.3
25709717;1;1;0;266.0;266;2025-10-29;2025-10-29;0.0;418.5
25710482;1;1;0;265.0;265;2025-10-30;2025-10-30;0.0;447.0
25712798;1;1;0;265.0;265;2025-10-30;2025-10-30;0.0;328.8
25713247;4;4;0;66.2;124;2026-03-20;2026-07-20;25.0;1708.05
25713806;3;3;0;230.7;261;2025-11-03;2026-01-26;0.0;2386.5
25713977;2;2;0;177.5;265;2025-10-30;2026-04-23;0.0;657.6
25714013;1;1;0;16.0;16;2026-07-06;2026-07-06;0.0;298.5
25715364;1;1;0;8.0;8;2026-07-14;2026-07-14;0.0;587.25
25715973;1;0;1;14.0;14;2026-07-08;2026-07-08;0.0;1646.75
25718380;1;0;1;9.0;9;2026-07-13;2026-07-13;0.0;1367.6400000000003
25720401;1;1;0;261.0;261;2025-11-03;2025-11-03;0.0;328.8
25720605;1;1;0;103.0;103;2026-04-10;2026-04-10;100.0;1270.2
25720808;1;1;0;16.0;16;2026-07-06;2026-07-06;0.0;1065.45
25721138;1;0;1;9.0;9;2026-07-13;2026-07-13;0.0;1474.2
25723189;1;1;0;29.0;29;2026-06-23;2026-06-23;0.0;388.8
2572374;1;1;0;236.0;236;2025-11-28;2025-11-28;0.0;268.8
25726661;1;1;0;229.0;229;2025-12-05;2025-12-05;0.0;358.5
25728269;1;1;0;263.0;263;2025-11-01;2025-11-01;0.0;328.8
25731059;2;2;0;28.5;41;2026-06-11;2026-07-06;0.0;984.3
25732137;1;1;0;99.0;99;2026-04-14;2026-04-14;0.0;715.5
2573350;1;0;1;8.0;8;2026-07-14;2026-07-14;0.0;353.15
25744191;2;2;0;73.0;83;2026-04-30;2026-05-20;0.0;1586.1
25746899;1;1;0;27.0;27;2026-06-25;2026-06-25;0.0;959.35
25747934;1;1;0;259.0;259;2025-11-05;2025-11-05;0.0;388.8
25748213;1;1;0;107.0;107;2026-04-06;2026-04-06;0.0;328.8
25748356;1;1;0;133.0;133;2026-03-11;2026-03-11;0.0;795.6
25749431;1;1;0;87.0;87;2026-04-26;2026-04-26;0.0;298.5
25754048;4;4;0;50.2;72;2026-05-11;2026-07-06;100.0;1254.0
25754061;4;4;0;78.5;105;2026-04-08;2026-06-01;100.0;3520.8
25754064;3;3;0;136.7;252;2025-11-12;2026-06-01;0.0;1282.8
25754454;2;2;0;21.0;34;2026-06-18;2026-07-14;0.0;1392.9
25756183;1;1;0;260.0;260;2025-11-04;2025-11-04;0.0;1035.6
25757691;1;1;0;259.0;259;2025-11-05;2025-11-05;0.0;867.0
25758139;2;2;0;181.0;257;2025-11-07;2026-04-08;0.0;597.6
25761088;2;2;0;46.0;71;2026-05-12;2026-07-01;0.0;1673.0500000000002
25763136;2;2;0;46.0;89;2026-04-24;2026-07-19;0.0;1336.1999999999998
25764173;1;0;1;1.0;1;2026-07-21;2026-07-21;0.0;99.85
25764434;1;1;0;81.0;81;2026-05-02;2026-05-02;0.0;617.4
25768560;1;1;0;90.0;90;2026-04-23;2026-04-23;0.0;328.8
25769049;3;3;0;53.7;78;2026-05-05;2026-06-29;0.0;1046.4
25769701;1;1;0;51.0;51;2026-06-01;2026-06-01;100.0;780.3000000000001
25770158;1;1;0;231.0;231;2025-12-03;2025-12-03;0.0;388.8
25770900;2;2;0;220.5;253;2025-11-11;2026-01-15;0.0;537.6
25772157;1;0;1;7.0;7;2026-07-15;2026-07-15;0.0;1070.83
25774627;1;0;1;2.0;2;2026-07-20;2026-07-20;0.0;341.1
25777189;1;1;0;13.0;13;2026-07-09;2026-07-09;0.0;1025.55
25778430;1;1;0;224.0;224;2025-12-10;2025-12-10;0.0;268.8
25779919;1;1;0;121.0;121;2026-03-23;2026-03-23;0.0;715.5
25794367;1;0;1;3.0;3;2026-07-19;2026-07-19;0.0;403.35
25796084;1;0;1;9.0;9;2026-07-13;2026-07-13;0.0;1487.0700000000002
25796631;11;11;0;25.5;71;2026-05-12;2026-07-15;0.0;7381.400000000001
25797019;3;2;1;49.0;72;2026-05-11;2026-06-25;0.0;7114.950000000001
25797587;1;1;0;15.0;15;2026-07-07;2026-07-07;0.0;847.35
25797988;2;2;0;127.0;229;2025-12-05;2026-06-27;0.0;2294.95
25798234;1;1;0;42.0;42;2026-06-10;2026-06-10;0.0;1015.5
25800061;1;1;0;91.0;91;2026-04-22;2026-04-22;100.0;1092.0
25800409;1;1;0;30.0;30;2026-06-22;2026-06-22;0.0;1017.5500000000001
25800840;1;1;0;218.0;218;2025-12-16;2025-12-16;0.0;268.8
25805710;2;2;0;199.5;252;2025-11-12;2026-02-25;100.0;2362.2
25805757;1;1;0;119.0;119;2026-03-25;2026-03-25;0.0;388.8
25806332;2;2;0;40.0;54;2026-05-29;2026-06-26;0.0;1058.05
25808575;1;1;0;223.0;223;2025-12-11;2025-12-11;0.0;328.8
25810957;1;1;0;30.0;30;2026-06-22;2026-06-22;0.0;298.5
25814022;1;1;0;103.0;103;2026-04-10;2026-04-10;0.0;268.8
25816604;1;1;0;19.0;19;2026-07-03;2026-07-03;0.0;715.5
25822209;1;1;0;251.0;251;2025-11-13;2025-11-13;0.0;268.8
25822688;1;1;0;156.0;156;2026-02-16;2026-02-16;0.0;447.0
25824805;1;1;0;30.0;30;2026-06-22;2026-06-22;0.0;447.0
25825969;2;2;0;223.5;250;2025-11-14;2026-01-06;0.0;1064.4
25826433;1;1;0;191.0;191;2026-01-12;2026-01-12;0.0;1015.5
25829554;1;1;0;177.0;177;2026-01-26;2026-01-26;0.0;268.8
2583135;1;1;0;6.0;6;2026-07-16;2026-07-16;0.0;1005.45
2583505;1;1;0;104.0;104;2026-04-09;2026-04-09;100.0;551.7
2583539;1;1;0;107.0;107;2026-04-06;2026-04-06;0.0;567.0
25835926;1;0;1;2.0;2;2026-07-20;2026-07-20;0.0;741.9
2584777;1;0;1;19.0;19;2026-07-03;2026-07-03;0.0;1397.2
25849510;4;4;0;225.2;228;2025-12-06;2025-12-10;0.0;3645.0
25851133;1;1;0;16.0;16;2026-07-06;2026-07-06;0.0;785.5500000000001
25851400;1;1;0;177.0;177;2026-01-26;2026-01-26;0.0;735.6
25851545;1;1;0;30.0;30;2026-06-22;2026-06-22;0.0;328.8
25852588;1;1;0;88.0;88;2026-04-25;2026-04-25;0.0;348.90000000000003
25852975;3;3;0;157.0;234;2025-11-30;2026-04-10;100.0;1746.0
25853363;2;1;1;12.0;21;2026-07-01;2026-07-19;0.0;1486.54
25853737;1;0;1;2.0;2;2026-07-20;2026-07-20;0.0;544.2
25853789;1;0;1;2.0;2;2026-07-20;2026-07-20;0.0;163.65
25853808;1;1;0;75.0;75;2026-05-08;2026-05-08;0.0;775.5
25854010;1;0;1;2.0;2;2026-07-20;2026-07-20;0.0;698.6
25859835;1;1;0;145.0;145;2026-02-27;2026-02-27;100.0;582.0
25862508;1;1;0;12.0;12;2026-07-10;2026-07-10;0.0;2147.25
25867346;1;1;0;189.0;189;2026-01-14;2026-01-14;0.0;388.8
25867957;2;1;1;95.5;191;2026-01-12;2026-07-22;0.0;617.4
25868135;2;2;0;236.0;236;2025-11-28;2025-11-28;0.0;537.6
25868259;1;1;0;240.0;240;2025-11-24;2025-11-24;0.0;388.8
25872228;2;2;0;173.5;198;2026-01-05;2026-02-23;0.0;537.6
25884713;1;0;1;9.0;9;2026-07-13;2026-07-13;0.0;448.84999999999997
25887090;3;3;0;24.7;26;2026-06-26;2026-06-29;0.0;1166.4
2589210;1;1;0;557.0;557;2025-01-11;2025-01-11;0.0;447.0
25900897;1;1;0;28.0;28;2026-06-24;2026-06-24;0.0;328.8
25901027;2;2;0;118.5;140;2026-03-04;2026-04-16;0.0;2381.1
25909297;2;2;0;144.5;190;2026-01-13;2026-04-14;0.0;1114.8
25910189;1;0;1;2.0;2;2026-07-20;2026-07-20;0.0;295.65000000000003
2591030;1;1;0;2462.0;2462;2019-10-25;2019-10-25;0.0;328.5
25913398;1;1;0;230.0;230;2025-12-04;2025-12-04;100.0;313.5
25914587;2;2;0;132.0;183;2026-01-20;2026-05-02;100.0;2062.2
25915458;1;1;0;26.0;26;2026-06-26;2026-06-26;0.0;328.8
25916485;1;1;0;16.0;16;2026-07-06;2026-07-06;0.0;1075.5
25917481;1;1;0;17.0;17;2026-07-05;2026-07-05;0.0;667.35
25918714;3;3;0;117.3;223;2025-12-11;2026-07-13;0.0;806.4000000000001
25918792;1;0;1;2.0;2;2026-07-20;2026-07-20;0.0;201.55
25919368;3;3;0;136.0;154;2026-02-18;2026-04-10;0.0;2272.5
25919595;1;1;0;238.0;238;2025-11-26;2025-11-26;0.0;707.1
25921357;1;1;0;205.0;205;2025-12-29;2025-12-29;0.0;268.8
25923192;6;6;0;92.8;226;2025-12-08;2026-07-01;0.0;1612.8000000000002
25923721;1;0;1;9.0;9;2026-07-13;2026-07-13;0.0;449.1
25923836;2;2;0;172.5;232;2025-12-02;2026-03-31;0.0;1134.0
25923887;2;1;1;6.5;12;2026-07-10;2026-07-21;0.0;1146.8
25924605;4;4;0;77.5;153;2026-02-19;2026-06-22;0.0;5317.2
2592761;2;2;0;373.5;628;2024-11-01;2026-03-25;0.0;955.8
25927737;1;1;0;57.0;57;2026-05-26;2026-05-26;0.0;268.8
25932097;1;1;0;5.0;5;2026-07-17;2026-07-17;0.0;1065.45
25934266;1;1;0;236.0;236;2025-11-28;2025-11-28;0.0;268.8
25935353;4;4;0;83.8;177;2026-01-26;2026-06-11;0.0;3125.7
25935394;1;1;0;173.0;173;2026-01-30;2026-01-30;0.0;328.8
25935988;3;3;0;67.3;104;2026-04-09;2026-07-01;0.0;984.6
259409;1;1;0;546.0;546;2025-01-22;2025-01-22;0.0;527.1
25941342;1;1;0;2.0;2;2026-07-20;2026-07-20;0.0;1125.45
25942350;5;5;0;144.6;152;2026-02-20;2026-03-17;0.0;2124.0
25942723;1;1;0;118.0;118;2026-03-26;2026-03-26;0.0;1217.3999999999999
25961289;2;2;0;53.0;70;2026-05-13;2026-06-16;0.0;1306.2
25963708;1;0;1;6.0;6;2026-07-16;2026-07-16;0.0;449.1
25964882;1;1;0;40.0;40;2026-06-12;2026-06-12;0.0;388.8
25966050;1;1;0;12.0;12;2026-07-10;2026-07-10;0.0;388.8
25966955;1;1;0;104.0;104;2026-04-09;2026-04-09;0.0;268.8
25967298;1;0;1;2.0;2;2026-07-20;2026-07-20;0.0;201.55
25968069;1;1;0;194.0;194;2026-01-09;2026-01-09;0.0;837.3
25968678;1;0;1;1.0;1;2026-07-21;2026-07-21;0.0;125.75
25969229;1;1;0;85.0;85;2026-04-28;2026-04-28;0.0;748.8
25973352;2;1;1;16.0;30;2026-06-22;2026-07-20;0.0;670.2
25974782;1;0;1;2.0;2;2026-07-20;2026-07-20;0.0;337.5
25976816;1;1;0;43.0;43;2026-06-09;2026-06-09;0.0;917.4
25977818;1;1;0;202.0;202;2026-01-01;2026-01-01;0.0;1075.5
25977984;1;1;0;109.0;109;2026-04-04;2026-04-04;0.0;657.3
25983256;1;1;0;13.0;13;2026-07-09;2026-07-09;0.0;496.95
25983399;1;1;0;25.0;25;2026-06-27;2026-06-27;0.0;877.45
25985749;1;1;0;51.0;51;2026-06-01;2026-06-01;0.0;328.8
25985925;1;1;0;140.0;140;2026-03-04;2026-03-04;0.0;507.0
25986202;1;1;0;219.0;219;2025-12-15;2025-12-15;0.0;388.8
25987937;2;2;0;188.5;210;2025-12-24;2026-02-05;0.0;955.8
25988088;1;1;0;90.0;90;2026-04-23;2026-04-23;0.0;737.4
25988842;1;0;1;5.0;5;2026-07-17;2026-07-17;0.0;618.45
25988845;1;1;0;2.0;2;2026-07-20;2026-07-20;0.0;447.0
25993371;1;1;0;18.0;18;2026-07-04;2026-07-04;0.0;378.75
25994554;1;0;1;2.0;2;2026-07-20;2026-07-20;0.0;439.2
25996981;1;1;0;25.0;25;2026-06-27;2026-06-27;0.0;507.0
26005570;2;2;0;156.0;166;2026-02-06;2026-02-26;0.0;955.8
2600832;3;3;0;57.0;83;2026-04-30;2026-06-08;0.0;984.6
26010649;1;1;0;33.0;33;2026-06-19;2026-06-19;0.0;597.3
2601289;1;0;1;2.0;2;2026-07-20;2026-07-20;0.0;299.4
26015798;2;2;0;64.5;117;2026-03-27;2026-07-10;0.0;1600.95
26026057;1;1;0;162.0;162;2026-02-10;2026-02-10;0.0;657.3
26027601;2;2;0;103.5;135;2026-03-09;2026-05-11;0.0;717.6
26027863;1;1;0;193.0;193;2026-01-10;2026-01-10;0.0;288.90000000000003
26029112;4;4;0;109.5;148;2026-02-24;2026-07-06;25.0;1339.5
26033106;1;1;0;105.0;105;2026-04-08;2026-04-08;0.0;975.6
26036544;1;0;1;7.0;7;2026-07-15;2026-07-15;0.0;1097.46
26039968;3;3;0;95.3;168;2026-02-04;2026-06-14;66.7;1074.0
26040231;1;1;0;17.0;17;2026-07-05;2026-07-05;0.0;787.35
26043254;1;1;0;195.0;195;2026-01-08;2026-01-08;0.0;268.8
26050979;1;1;0;88.0;88;2026-04-25;2026-04-25;0.0;268.8
26053008;2;2;0;32.0;42;2026-06-10;2026-06-30;0.0;537.6
26054088;1;0;1;5.0;5;2026-07-17;2026-07-17;0.0;816.7500000000001
26054336;1;1;0;65.0;65;2026-05-18;2026-05-18;0.0;268.8
26054966;5;5;0;168.6;222;2025-12-12;2026-07-10;0.0;1731.3
26055117;1;1;0;35.0;35;2026-06-17;2026-06-17;0.0;537.3
26059276;2;2;0;162.0;191;2026-01-12;2026-03-11;0.0;806.0999999999999
26060602;1;1;0;219.0;219;2025-12-15;2025-12-15;0.0;298.5
26062450;1;1;0;6.0;6;2026-07-16;2026-07-16;0.0;1395.6
26064771;1;1;0;161.0;161;2026-02-11;2026-02-11;0.0;537.3
260676;2;1;1;42.5;79;2026-05-04;2026-07-16;0.0;1407.4499999999998
26078220;1;1;0;9.0;9;2026-07-13;2026-07-13;0.0;478.5
26085398;1;1;0;7.0;7;2026-07-15;2026-07-15;0.0;318.75
26091679;1;1;0;8.0;8;2026-07-14;2026-07-14;0.0;507.0
26094317;1;1;0;10.0;10;2026-07-12;2026-07-12;0.0;837.3
26095031;2;2;0;93.0;121;2026-03-23;2026-05-18;0.0;1584.0
26096154;2;1;1;12.0;22;2026-06-30;2026-07-20;0.0;735.65
26096196;7;7;0;154.0;189;2026-01-14;2026-07-13;0.0;2150.1
26097301;2;2;0;39.0;60;2026-05-23;2026-07-04;0.0;1604.55
26099007;2;2;0;93.0;117;2026-03-27;2026-05-14;0.0;1294.8
26099026;3;3;0;43.3;44;2026-06-08;2026-06-10;66.7;2441.4
26100800;1;1;0;54.0;54;2026-05-29;2026-05-29;0.0;567.0
26101233;1;1;0;189.0;189;2026-01-14;2026-01-14;0.0;735.6
26101737;1;0;1;3.0;3;2026-07-19;2026-07-19;0.0;311.40000000000003
26103846;1;1;0;207.0;207;2025-12-27;2025-12-27;0.0;855.6
26104277;1;0;1;1.0;1;2026-07-21;2026-07-21;0.0;155.70000000000002
26104543;1;1;0;215.0;215;2025-12-19;2025-12-19;0.0;567.0
26104832;3;3;0;104.7;179;2026-01-24;2026-05-27;0.0;926.4000000000001
26105036;2;2;0;114.0;139;2026-03-05;2026-04-24;0.0;537.6
26108270;1;1;0;44.0;44;2026-06-08;2026-06-08;0.0;537.3
26109110;2;2;0;177.5;189;2026-01-14;2026-02-06;0.0;1424.4
2611098;1;1;0;51.0;51;2026-06-01;2026-06-01;0.0;735.6
26111000;2;2;0;182.0;198;2026-01-05;2026-02-06;0.0;1214.6999999999998
26112057;1;1;0;114.0;114;2026-03-30;2026-03-30;0.0;597.3
26112604;3;3;0;166.7;169;2026-02-03;2026-02-10;66.7;895.8
26117137;1;1;0;16.0;16;2026-07-06;2026-07-06;0.0;607.35
26119538;1;1;0;198.0;198;2026-01-05;2026-01-05;0.0;507.0
26120651;1;1;0;215.0;215;2025-12-19;2025-12-19;0.0;625.5
26121044;1;1;0;180.0;180;2026-01-23;2026-01-23;0.0;388.8
26122407;1;1;0;187.0;187;2026-01-16;2026-01-16;0.0;268.8
26128749;2;1;1;60.0;108;2026-04-05;2026-07-10;50.0;1089.85
26138347;1;1;0;90.0;90;2026-04-23;2026-04-23;0.0;657.3
26151397;1;1;0;68.0;68;2026-05-15;2026-05-15;0.0;328.8
26152050;1;1;0;6.0;6;2026-07-16;2026-07-16;0.0;378.75
26152739;1;1;0;96.0;96;2026-04-17;2026-04-17;0.0;507.0
26152807;1;1;0;198.0;198;2026-01-05;2026-01-05;0.0;447.0
26153328;4;4;0;80.8;159;2026-02-13;2026-06-18;0.0;3887.1
26155515;3;2;1;64.7;172;2026-01-31;2026-07-20;0.0;909.1
26155999;6;6;0;74.5;147;2026-02-25;2026-06-30;0.0;4886.3
26160924;1;1;0;205.0;205;2025-12-29;2025-12-29;0.0;268.8
26165777;1;1;0;175.0;175;2026-01-28;2026-01-28;0.0;268.8
26167271;4;4;0;191.0;191;2026-01-12;2026-01-12;0.0;1554.0
26177650;1;0;1;6.0;6;2026-07-16;2026-07-16;0.0;1751.4300000000003
26181462;1;1;0;165.0;165;2026-02-07;2026-02-07;0.0;388.8
26188401;1;1;0;114.0;114;2026-03-30;2026-03-30;0.0;388.8
26204538;1;0;1;5.0;5;2026-07-17;2026-07-17;0.0;349.3
26205005;1;0;1;6.0;6;2026-07-16;2026-07-16;0.0;618.45
26205081;1;0;1;2.0;2;2026-07-20;2026-07-20;0.0;249.55
26206115;1;1;0;154.0;154;2026-02-18;2026-02-18;0.0;268.8
26210411;24;24;0;113.8;199;2026-01-04;2026-07-21;100.0;13902.6
26215759;1;1;0;138.0;138;2026-03-06;2026-03-06;0.0;597.3
26221210;2;1;1;91.0;174;2026-01-29;2026-07-14;0.0;857.55
26226034;2;2;0;185.5;194;2026-01-09;2026-01-26;100.0;1284.0
26229818;1;1;0;166.0;166;2026-02-06;2026-02-06;0.0;268.8
2623260;1;0;1;2.0;2;2026-07-20;2026-07-20;0.0;383.95000000000005
26235498;1;0;1;1.0;1;2026-07-21;2026-07-21;0.0;1062.0
262423;1;1;0;636.0;636;2024-10-24;2024-10-24;0.0;358.5
26245790;1;1;0;2.0;2;2026-07-20;2026-07-20;0.0;1675.5
26257103;1;0;1;5.0;5;2026-07-17;2026-07-17;0.0;449.1
26261664;1;1;0;72.0;72;2026-05-11;2026-05-11;0.0;268.8
26262332;1;1;0;9.0;9;2026-07-13;2026-07-13;0.0;567.0
262634;2;0;2;1.0;1;2026-07-21;2026-07-21;0.0;399.38
26265398;1;1;0;131.0;131;2026-03-13;2026-03-13;0.0;388.8
26266834;1;1;0;104.0;104;2026-04-09;2026-04-09;0.0;298.5
26267306;1;1;0;26.0;26;2026-06-26;2026-06-26;100.0;760.2
26273447;1;1;0;14.0;14;2026-07-08;2026-07-08;0.0;2147.25
26274548;1;0;1;8.0;8;2026-07-14;2026-07-14;0.0;449.15
26276120;1;0;1;1.0;1;2026-07-21;2026-07-21;0.0;127.80000000000001
26277379;2;2;0;93.0;93;2026-04-20;2026-04-20;0.0;1724.4
26277993;1;1;0;57.0;57;2026-05-26;2026-05-26;0.0;328.8
26283187;1;1;0;189.0;189;2026-01-14;2026-01-14;0.0;447.0
26285855;2;2;0;187.0;187;2026-01-16;2026-01-16;0.0;1671.0
26286308;1;1;0;43.0;43;2026-06-09;2026-06-09;0.0;1525.5
26286412;1;0;1;5.0;5;2026-07-17;2026-07-17;0.0;1074.51
26286953;2;2;0;132.5;195;2026-01-08;2026-05-13;0.0;1074.6
26287947;2;2;0;169.0;190;2026-01-13;2026-02-24;100.0;1705.5
26293748;1;1;0;7.0;7;2026-07-15;2026-07-15;0.0;318.75
26294769;1;1;0;190.0;190;2026-01-13;2026-01-13;0.0;268.8
26294887;1;1;0;161.0;161;2026-02-11;2026-02-11;0.0;955.5
26296142;2;2;0;63.0;86;2026-04-27;2026-06-12;0.0;1006.2
26303302;2;2;0;140.0;184;2026-01-19;2026-04-17;0.0;1642.5
26304222;1;1;0;11.0;11;2026-07-11;2026-07-11;0.0;388.8
26305;4;4;0;94.2;149;2026-02-23;2026-07-13;100.0;2799.6
26305949;1;1;0;22.0;22;2026-06-30;2026-06-30;0.0;757.45
26306812;1;0;1;2.0;2;2026-07-20;2026-07-20;0.0;201.55
26307206;1;0;1;2.0;2;2026-07-20;2026-07-20;0.0;249.68
26307665;2;2;0;21.0;22;2026-06-30;2026-07-02;0.0;1806.7
26307749;4;3;1;115.8;191;2026-01-12;2026-07-16;0.0;1702.15
26307914;2;1;1;96.0;191;2026-01-12;2026-07-21;0.0;1001.4000000000001
26307986;1;1;0;184.0;184;2026-01-19;2026-01-19;0.0;567.0
26316355;2;2;0;145.5;184;2026-01-19;2026-04-06;0.0;1754.6999999999998
26330318;2;2;0;114.0;175;2026-01-28;2026-05-30;0.0;1324.8
26330440;1;0;1;8.0;8;2026-07-14;2026-07-14;0.0;948.1500000000001
26330861;2;2;0;122.0;123;2026-03-21;2026-03-23;0.0;657.6
26331036;1;1;0;98.0;98;2026-04-15;2026-04-15;0.0;328.8
26331719;6;6;0;42.8;93;2026-04-20;2026-07-17;100.0;4917.35
26336349;1;1;0;62.0;62;2026-05-21;2026-05-21;0.0;1377.0
26336353;2;2;0;122.0;147;2026-02-25;2026-04-16;100.0;1644.0
26337609;1;1;0;190.0;190;2026-01-13;2026-01-13;0.0;298.5
26338235;3;3;0;76.3;133;2026-03-11;2026-07-07;0.0;926.4000000000001
26338812;1;1;0;19.0;19;2026-07-03;2026-07-03;0.0;498.75
26339335;1;1;0;99.0;99;2026-04-14;2026-04-14;100.0;491.7
26339433;2;2;0;72.5;140;2026-03-04;2026-07-17;0.0;1234.3500000000001
26340038;2;2;0;97.0;189;2026-01-14;2026-07-17;0.0;1304.4
26340490;1;1;0;23.0;23;2026-06-29;2026-06-29;0.0;757.45
26341110;1;0;1;4.0;4;2026-07-18;2026-07-18;0.0;583.7
2634418;1;0;1;7.0;7;2026-07-15;2026-07-15;0.0;1089.8999999999999
26344547;1;0;1;4.0;4;2026-07-18;2026-07-18;0.0;449.1
26344863;1;1;0;188.0;188;2026-01-15;2026-01-15;0.0;895.5
26346317;1;1;0;113.0;113;2026-03-31;2026-03-31;0.0;955.5
26348337;1;1;0;170.0;170;2026-02-02;2026-02-02;0.0;537.3
26348624;1;1;0;28.0;28;2026-06-24;2026-06-24;0.0;759.25
26349071;7;7;0;20.9;41;2026-06-11;2026-07-08;100.0;4344.0
26357261;1;1;0;181.0;181;2026-01-22;2026-01-22;0.0;388.8
26357358;2;2;0;176.5;188;2026-01-15;2026-02-07;0.0;837.6
26359334;1;1;0;1.0;1;2026-07-21;2026-07-21;0.0;607.35
26361519;2;2;0;118.5;147;2026-02-25;2026-04-23;0.0;687.3
26362405;2;2;0;26.5;39;2026-06-13;2026-07-08;0.0;3084.6000000000004
26366061;1;1;0;107.0;107;2026-04-06;2026-04-06;0.0;537.3
26366112;1;1;0;186.0;186;2026-01-17;2026-01-17;0.0;298.5
26366440;2;2;0;141.5;184;2026-01-19;2026-04-14;0.0;1074.0
2636676;1;0;1;2.0;2;2026-07-20;2026-07-20;0.0;544.2
26373904;1;1;0;165.0;165;2026-02-07;2026-02-07;0.0;388.8
26384502;2;2;0;151.0;153;2026-02-19;2026-02-23;100.0;1164.0
26387281;1;1;0;62.0;62;2026-05-21;2026-05-21;0.0;925.5
26388466;1;1;0;64.0;64;2026-05-19;2026-05-19;0.0;268.8
26389495;1;1;0;152.0;152;2026-02-20;2026-02-20;0.0;567.0
26391552;3;3;0;33.7;57;2026-05-26;2026-07-14;0.0;2031.8999999999999
26394491;1;1;0;123.0;123;2026-03-21;2026-03-21;0.0;717.3
26395420;1;1;0;170.0;170;2026-02-02;2026-02-02;100.0;313.5
26396485;2;2;0;44.0;65;2026-05-18;2026-06-29;0.0;1134.0
26400583;1;1;0;25.0;25;2026-06-27;2026-06-27;0.0;370.75
26401480;1;0;1;2.0;2;2026-07-20;2026-07-20;0.0;311.40000000000003
26401746;1;1;0;72.0;72;2026-05-11;2026-05-11;0.0;837.3
26403341;3;0;3;4.0;8;2026-07-14;2026-07-20;0.0;1021.5500000000001
26403458;1;1;0;175.0;175;2026-01-28;2026-01-28;0.0;1035.6
26403741;2;2;0;31.0;44;2026-06-08;2026-07-04;0.0;826.2
26404417;1;1;0;142.0;142;2026-03-02;2026-03-02;0.0;917.4
26404459;1;1;0;106.0;106;2026-04-07;2026-04-07;0.0;537.3
26406762;2;0;2;4.5;5;2026-07-17;2026-07-18;0.0;441.0
26408628;1;1;0;54.0;54;2026-05-29;2026-05-29;0.0;268.8
26409009;1;1;0;107.0;107;2026-04-06;2026-04-06;0.0;268.8
26409324;2;2;0;170.0;170;2026-02-02;2026-02-02;0.0;2091.0
26409665;1;1;0;117.0;117;2026-03-27;2026-03-27;0.0;807.0
26410004;1;1;0;181.0;181;2026-01-22;2026-01-22;0.0;927.0
26411138;1;1;0;58.0;58;2026-05-25;2026-05-25;0.0;748.8
26411715;1;1;0;65.0;65;2026-05-18;2026-05-18;0.0;448.8
26416685;1;1;0;170.0;170;2026-02-02;2026-02-02;0.0;1015.5
26418489;1;1;0;163.0;163;2026-02-09;2026-02-09;100.0;940.2
2643404;1;0;1;9.0;9;2026-07-13;2026-07-13;0.0;1243.8999999999999
26434140;1;1;0;177.0;177;2026-01-26;2026-01-26;0.0;597.3
26434254;2;2;0;161.5;176;2026-01-27;2026-02-25;0.0;537.6
26435412;1;1;0;67.0;67;2026-05-16;2026-05-16;0.0;268.8
26435634;1;1;0;175.0;175;2026-01-28;2026-01-28;0.0;975.6
26436774;1;1;0;82.0;82;2026-05-01;2026-05-01;0.0;777.3
26437215;1;1;0;83.0;83;2026-04-30;2026-04-30;0.0;717.3
26437476;1;1;0;26.0;26;2026-06-26;2026-06-26;0.0;388.8
26438689;2;2;0;91.0;174;2026-01-29;2026-07-14;0.0;2034.75
26438756;2;2;0;143.0;144;2026-02-28;2026-03-02;0.0;1374.6
26440320;1;1;0;86.0;86;2026-04-27;2026-04-27;100.0;491.7
26442713;2;2;0;120.0;154;2026-02-18;2026-04-27;0.0;777.6
26443920;1;1;0;149.0;149;2026-02-23;2026-02-23;0.0;388.8
26444089;1;1;0;159.0;159;2026-02-13;2026-02-13;100.0;760.2
26445671;1;1;0;143.0;143;2026-03-01;2026-03-01;0.0;557.4
26448055;2;2;0;93.5;147;2026-02-25;2026-06-12;0.0;1992.9
26450230;1;1;0;29.0;29;2026-06-23;2026-06-23;0.0;757.45
26450588;3;3;0;63.0;85;2026-04-28;2026-07-03;100.0;2035.35
26450714;3;3;0;1.0;1;2026-07-21;2026-07-21;0.0;4276.35
26452192;1;1;0;22.0;22;2026-06-30;2026-06-30;0.0;879.25
26452838;4;4;0;158.2;169;2026-02-03;2026-03-02;0.0;3460.7999999999997
26454127;1;1;0;173.0;173;2026-01-30;2026-01-30;0.0;927.0
26454155;1;0;1;2.0;2;2026-07-20;2026-07-20;0.0;189.5
26454395;2;2;0;116.0;158;2026-02-14;2026-05-09;0.0;1582.5
26458472;1;0;1;2.0;2;2026-07-20;2026-07-20;0.0;494.2
26459057;2;2;0;30.5;34;2026-06-18;2026-06-25;0.0;537.6
26460142;1;1;0;162.0;162;2026-02-10;2026-02-10;0.0;1067.3999999999999
26464281;1;1;0;1.0;1;2026-07-21;2026-07-21;100.0;830.25
26464918;1;1;0;170.0;170;2026-02-02;2026-02-02;0.0;537.3
26465443;1;1;0;124.0;124;2026-03-20;2026-03-20;0.0;268.8
26466730;1;0;1;4.0;4;2026-07-18;2026-07-18;0.0;499.0
26468304;1;1;0;167.0;167;2026-02-05;2026-02-05;0.0;537.3
26471542;1;1;0;26.0;26;2026-06-26;2026-06-26;100.0;1122.25
26473569;1;1;0;166.0;166;2026-02-06;2026-02-06;0.0;597.3
26473973;1;1;0;68.0;68;2026-05-15;2026-05-15;0.0;537.3
26483134;1;1;0;63.0;63;2026-05-20;2026-05-20;0.0;835.5
26483264;3;1;2;50.7;142;2026-03-02;2026-07-21;0.0;2376.38
26486284;2;1;1;5.0;9;2026-07-13;2026-07-21;0.0;713.0
26486486;1;1;0;168.0;168;2026-02-04;2026-02-04;100.0;642.0
26486693;2;2;0;130.5;142;2026-03-02;2026-03-25;0.0;1734.6
26491120;4;4;0;114.8;167;2026-02-05;2026-05-21;0.0;1672.1999999999998
26491412;2;2;0;95.5;98;2026-04-15;2026-04-20;0.0;1194.6
26492719;1;1;0;86.0;86;2026-04-27;2026-04-27;0.0;388.8
26495047;1;0;1;8.0;8;2026-07-14;2026-07-14;0.0;848.35
26495296;1;1;0;124.0;124;2026-03-20;2026-03-20;0.0;388.8
26502439;3;0;3;7.0;7;2026-07-15;2026-07-15;0.0;2540.8
26504696;1;1;0;167.0;167;2026-02-05;2026-02-05;0.0;477.3
26505043;1;1;0;90.0;90;2026-04-23;2026-04-23;0.0;567.0
26505235;1;1;0;30.0;30;2026-06-22;2026-06-22;0.0;388.8
26505500;1;1;0;110.0;110;2026-04-03;2026-04-03;0.0;537.3
26505662;3;0;3;3.7;5;2026-07-17;2026-07-19;0.0;2465.05
26506438;1;1;0;142.0;142;2026-03-02;2026-03-02;0.0;268.8
26507093;3;3;0;94.0;151;2026-02-21;2026-06-05;0.0;1244.7
26507313;1;1;0;9.0;9;2026-07-13;2026-07-13;0.0;328.8
26508153;1;1;0;9.0;9;2026-07-13;2026-07-13;0.0;448.8
26508184;1;1;0;146.0;146;2026-02-26;2026-02-26;0.0;895.5
26509162;1;1;0;30.0;30;2026-06-22;2026-06-22;0.0;925.5
26509762;1;1;0;106.0;106;2026-04-07;2026-04-07;0.0;737.4
26512332;1;1;0;63.0;63;2026-05-20;2026-05-20;0.0;268.8
26513841;1;0;1;4.0;4;2026-07-18;2026-07-18;0.0;594.1500000000001
26513991;2;2;0;21.0;21;2026-07-01;2026-07-01;0.0;1555.1000000000001
26514082;2;2;0;41.5;56;2026-05-27;2026-06-25;0.0;1596.55
26514261;2;2;0;123.5;163;2026-02-09;2026-04-29;0.0;1742.7
26515774;1;1;0;25.0;25;2026-06-27;2026-06-27;0.0;388.8
26515966;1;1;0;59.0;59;2026-05-24;2026-05-24;0.0;857.4
26516061;1;1;0;160.0;160;2026-02-12;2026-02-12;0.0;268.8
26516426;7;6;1;82.4;139;2026-03-05;2026-07-21;85.7;2050.9
26533239;3;3;0;110.7;135;2026-03-09;2026-05-21;0.0;2146.5
26539274;1;0;1;2.0;2;2026-07-20;2026-07-20;0.0;714.9900000000001
26540479;1;1;0;22.0;22;2026-06-30;2026-06-30;0.0;657.3
26542313;1;1;0;84.0;84;2026-04-29;2026-04-29;0.0;537.3
26542612;1;1;0;86.0;86;2026-04-27;2026-04-27;0.0;777.3
26544555;1;0;1;3.0;3;2026-07-19;2026-07-19;0.0;439.2
2654519;3;3;0;310.3;502;2025-03-07;2026-02-04;0.0;2901.0
26545249;1;1;0;68.0;68;2026-05-15;2026-05-15;0.0;895.5
26545709;5;5;0;85.4;160;2026-02-12;2026-07-04;0.0;3193.8
26547997;1;0;1;6.0;6;2026-07-16;2026-07-16;0.0;862.6500000000001
26548474;1;1;0;107.0;107;2026-04-06;2026-04-06;0.0;617.4
26548510;4;4;0;79.2;149;2026-02-23;2026-06-25;100.0;1554.0
26549346;1;1;0;127.0;127;2026-03-17;2026-03-17;100.0;970.2
26550543;1;1;0;147.0;147;2026-02-25;2026-02-25;0.0;288.90000000000003
26551639;1;1;0;62.0;62;2026-05-21;2026-05-21;0.0;268.8
26551952;1;1;0;23.0;23;2026-06-29;2026-06-29;100.0;415.45000000000005
26552256;1;1;0;70.0;70;2026-05-13;2026-05-13;0.0;795.6
26552743;1;1;0;15.0;15;2026-07-07;2026-07-07;0.0;587.25
26552791;1;1;0;55.0;55;2026-05-28;2026-05-28;0.0;557.4
26554036;1;0;1;2.0;2;2026-07-20;2026-07-20;0.0;619.1500000000001
26555397;1;0;1;2.0;2;2026-07-20;2026-07-20;0.0;125.75
26555705;2;2;0;149.0;149;2026-02-23;2026-02-23;100.0;1520.4
26556103;1;1;0;152.0;152;2026-02-20;2026-02-20;0.0;987.3
26556425;1;1;0;147.0;147;2026-02-25;2026-02-25;0.0;388.8
26560119;3;3;0;84.3;154;2026-02-18;2026-07-02;0.0;956.1
26560688;1;0;1;23.0;23;2026-06-29;2026-06-29;0.0;1299.15
26561046;1;1;0;96.0;96;2026-04-17;2026-04-17;0.0;927.0
26561093;1;1;0;112.0;112;2026-04-01;2026-04-01;0.0;268.8
26561387;2;2;0;136.5;158;2026-02-14;2026-03-29;0.0;955.8
26563616;1;1;0;126.0;126;2026-03-18;2026-03-18;0.0;268.8
2657518;1;1;0;86.0;86;2026-04-27;2026-04-27;0.0;268.8
26578586;1;1;0;67.0;67;2026-05-16;2026-05-16;0.0;268.8
26579230;1;1;0;51.0;51;2026-06-01;2026-06-01;0.0;735.6
26586090;1;1;0;154.0;154;2026-02-18;2026-02-18;0.0;268.8
26588637;1;1;0;11.0;11;2026-07-11;2026-07-11;100.0;1060.2
26589406;1;1;0;151.0;151;2026-02-21;2026-02-21;0.0;737.4
26590389;2;2;0;17.5;20;2026-07-02;2026-07-07;0.0;1530.9
26591;1;0;1;1.0;1;2026-07-21;2026-07-21;0.0;201.55
26591367;1;1;0;152.0;152;2026-02-20;2026-02-20;0.0;328.8
26591554;1;1;0;113.0;113;2026-03-31;2026-03-31;0.0;388.8
2659277;1;0;1;3.0;3;2026-07-19;2026-07-19;0.0;389.25
26595172;1;1;0;149.0;149;2026-02-23;2026-02-23;0.0;448.8
26597335;1;1;0;23.0;23;2026-06-29;2026-06-29;0.0;879.25
26597520;1;1;0;29.0;29;2026-06-23;2026-06-23;0.0;579.25
26598614;1;1;0;135.0;135;2026-03-09;2026-03-09;0.0;567.0
26599456;1;1;0;64.0;64;2026-05-19;2026-05-19;0.0;268.8
26601976;1;1;0;152.0;152;2026-02-20;2026-02-20;0.0;1497.3
26602457;1;1;0;66.0;66;2026-05-17;2026-05-17;0.0;268.8
26602898;1;0;1;19.0;19;2026-07-03;2026-07-03;0.0;948.0999999999999
26605003;1;1;0;147.0;147;2026-02-25;2026-02-25;0.0;328.8
26606769;1;1;0;4.0;4;2026-07-18;2026-07-18;0.0;587.25
26611702;1;1;0;120.0;120;2026-03-24;2026-03-24;0.0;715.5
26613478;1;1;0;81.0;81;2026-05-02;2026-05-02;0.0;328.8
26618511;1;1;0;149.0;149;2026-02-23;2026-02-23;0.0;1347.3
26619152;4;4;0;26.5;54;2026-05-29;2026-07-13;0.0;1435.2
26621163;1;1;0;69.0;69;2026-05-14;2026-05-14;0.0;715.5
26622047;1;1;0;147.0;147;2026-02-25;2026-02-25;0.0;268.8
26622456;1;1;0;119.0;119;2026-03-25;2026-03-25;0.0;857.4
26622649;1;1;0;44.0;44;2026-06-08;2026-06-08;0.0;388.8
26624047;1;1;0;148.0;148;2026-02-24;2026-02-24;0.0;268.8
2662671;1;1;0;261.0;261;2025-11-03;2025-11-03;0.0;955.5
26628661;1;1;0;145.0;145;2026-02-27;2026-02-27;0.0;328.8
26630861;3;3;0;112.7;147;2026-02-25;2026-04-20;0.0;2590.2
26631256;2;0;2;2.5;3;2026-07-19;2026-07-20;0.0;854.0
26633546;1;1;0;22.0;22;2026-06-30;2026-06-30;100.0;922.15
26634195;1;1;0;23.0;23;2026-06-29;2026-06-29;0.0;819.25
26634554;2;1;1;71.5;141;2026-03-03;2026-07-20;0.0;1606.0700000000002
26637564;1;1;0;145.0;145;2026-02-27;2026-02-27;0.0;557.4
26638782;1;1;0;127.0;127;2026-03-17;2026-03-17;0.0;685.5
26639112;1;1;0;138.0;138;2026-03-06;2026-03-06;100.0;880.2
26641823;1;1;0;51.0;51;2026-06-01;2026-06-01;0.0;715.5
26642043;1;1;0;140.0;140;2026-03-04;2026-03-04;0.0;775.5
26643716;1;1;0;105.0;105;2026-04-08;2026-04-08;0.0;417.3
26645959;1;1;0;65.0;65;2026-05-18;2026-05-18;0.0;567.0
26646150;1;1;0;141.0;141;2026-03-03;2026-03-03;0.0;268.8
2664628;1;0;1;2.0;2;2026-07-20;2026-07-20;0.0;311.40000000000003
26646351;1;1;0;144.0;144;2026-02-28;2026-02-28;0.0;1015.5
26646468;1;0;1;2.0;2;2026-07-20;2026-07-20;0.0;199.6
26646505;2;2;0;72.5;138;2026-03-06;2026-07-15;0.0;1124.4
26647899;1;1;0;141.0;141;2026-03-03;2026-03-03;100.0;373.5
26648213;1;1;0;145.0;145;2026-02-27;2026-02-27;0.0;837.3
26649044;1;1;0;134.0;134;2026-03-10;2026-03-10;100.0;433.5
26650961;1;0;1;2.0;2;2026-07-20;2026-07-20;0.0;520.99
2665168;1;0;1;3.0;3;2026-07-19;2026-07-19;0.0;721.0500000000001
26662902;1;1;0;139.0;139;2026-03-05;2026-03-05;0.0;537.3
26663713;4;4;0;88.5;116;2026-03-28;2026-05-22;0.0;1555.2
26664068;1;1;0;79.0;79;2026-05-04;2026-05-04;0.0;897.3
26664228;1;1;0;7.0;7;2026-07-15;2026-07-15;0.0;847.35
26664883;2;2;0;81.0;140;2026-03-04;2026-06-30;0.0;1242.6
26665483;10;10;0;54.5;111;2026-04-02;2026-07-10;0.0;3225.0
26666440;1;1;0;62.0;62;2026-05-21;2026-05-21;0.0;388.8
26667742;1;1;0;49.0;49;2026-06-03;2026-06-03;0.0;715.5
26667872;1;1;0;141.0;141;2026-03-03;2026-03-03;0.0;328.8
26667984;1;1;0;138.0;138;2026-03-06;2026-03-06;0.0;288.90000000000003
26670791;1;1;0;23.0;23;2026-06-29;2026-06-29;0.0;877.45
26671107;2;2;0;55.0;59;2026-05-24;2026-06-01;0.0;806.0999999999999
26672392;1;0;1;1.0;1;2026-07-21;2026-07-21;0.0;151.6
26672849;1;0;1;5.0;5;2026-07-17;2026-07-17;0.0;315.25
26673065;1;1;0;105.0;105;2026-04-08;2026-04-08;0.0;388.8
26673102;3;3;0;43.0;43;2026-06-09;2026-06-09;100.0;1746.0
26673302;3;2;1;64.7;114;2026-03-30;2026-07-21;33.3;2292.61
26673388;1;1;0;140.0;140;2026-03-04;2026-03-04;0.0;268.8
26673796;2;2;0;85.5;134;2026-03-10;2026-06-15;0.0;835.8
26673828;1;0;1;8.0;8;2026-07-14;2026-07-14;0.0;718.4
26682524;2;2;0;59.5;118;2026-03-26;2026-07-21;0.0;827.55
26683881;1;1;0;119.0;119;2026-03-25;2026-03-25;0.0;388.8
26683969;1;0;1;1.0;1;2026-07-21;2026-07-21;0.0;201.55
26684225;1;1;0;137.0;137;2026-03-07;2026-03-07;0.0;268.8
26685032;2;2;0;112.0;112;2026-04-01;2026-04-01;0.0;537.6
26685089;1;1;0;132.0;132;2026-03-12;2026-03-12;0.0;418.5
26688256;1;1;0;44.0;44;2026-06-08;2026-06-08;0.0;1075.5
26689877;1;1;0;131.0;131;2026-03-13;2026-03-13;0.0;557.4
26690131;1;1;0;5.0;5;2026-07-17;2026-07-17;0.0;775.5
26691474;1;0;1;2.0;2;2026-07-20;2026-07-20;0.0;533.1
26691618;1;0;1;8.0;8;2026-07-14;2026-07-14;0.0;504.67
26692382;1;0;1;1.0;1;2026-07-21;2026-07-21;0.0;75.8
26693842;1;1;0;100.0;100;2026-04-13;2026-04-13;0.0;328.8
26694571;4;4;0;101.5;112;2026-04-01;2026-05-13;0.0;1435.2
26697672;2;0;2;3.0;5;2026-07-17;2026-07-21;0.0;826.6200000000001
26701499;2;0;2;11.0;14;2026-07-08;2026-07-14;0.0;3213.7999999999997
26706262;1;1;0;23.0;23;2026-06-29;2026-06-29;0.0;1057.45
26706627;1;1;0;117.0;117;2026-03-27;2026-03-27;0.0;837.3
26707559;1;1;0;134.0;134;2026-03-10;2026-03-10;0.0;897.3
26707654;1;1;0;62.0;62;2026-05-21;2026-05-21;0.0;388.8
26708858;1;1;0;79.0;79;2026-05-04;2026-05-04;0.0;447.0
26708860;1;1;0;21.0;21;2026-07-01;2026-07-01;0.0;777.3
26708861;1;1;0;132.0;132;2026-03-12;2026-03-12;0.0;1197.3
26709107;1;0;1;5.0;5;2026-07-17;2026-07-17;0.0;619.1500000000001
26710305;1;1;0;71.0;71;2026-05-12;2026-05-12;0.0;507.0
26713731;1;0;1;2.0;2;2026-07-20;2026-07-20;0.0;709.3100000000001
26714144;2;2;0;68.0;99;2026-04-14;2026-06-15;50.0;1178.7
26714199;1;1;0;116.0;116;2026-03-28;2026-03-28;0.0;687.0
26714466;1;1;0;35.0;35;2026-06-17;2026-06-17;0.0;268.8
26714845;1;1;0;20.0;20;2026-07-02;2026-07-02;0.0;388.8
26715746;1;1;0;120.0;120;2026-03-24;2026-03-24;0.0;657.3
26716199;1;1;0;69.0;69;2026-05-14;2026-05-14;0.0;567.0
26717274;1;1;0;86.0;86;2026-04-27;2026-04-27;0.0;715.5
26717314;1;1;0;125.0;125;2026-03-19;2026-03-19;0.0;328.8
26717460;1;0;1;9.0;9;2026-07-13;2026-07-13;0.0;1167.75
26720404;1;1;0;126.0;126;2026-03-18;2026-03-18;0.0;388.8
26721300;4;4;0;67.5;104;2026-04-09;2026-06-08;0.0;1075.2
26721337;1;1;0;111.0;111;2026-04-02;2026-04-02;0.0;447.0
26723061;1;1;0;50.0;50;2026-06-02;2026-06-02;0.0;268.8
26723169;1;1;0;126.0;126;2026-03-18;2026-03-18;0.0;388.8
26723718;2;0;2;4.5;8;2026-07-14;2026-07-21;0.0;1567.97
26724237;1;1;0;132.0;132;2026-03-12;2026-03-12;0.0;837.3
2672458;1;0;1;1.0;1;2026-07-21;2026-07-21;0.0;113.7
26726737;3;3;0;46.0;54;2026-05-29;2026-06-22;0.0;2039.95
26727689;1;1;0;127.0;127;2026-03-17;2026-03-17;0.0;99.0
26727905;1;1;0;26.0;26;2026-06-26;2026-06-26;0.0;1117.45
26728705;1;1;0;128.0;128;2026-03-16;2026-03-16;0.0;537.3
26729532;3;3;0;125.3;128;2026-03-16;2026-03-23;0.0;1641.0
26730074;1;0;1;1.0;1;2026-07-21;2026-07-21;0.0;322.47
26730491;1;1;0;107.0;107;2026-04-06;2026-04-06;0.0;388.8
26730598;1;1;0;125.0;125;2026-03-19;2026-03-19;0.0;328.8
26731399;1;1;0;125.0;125;2026-03-19;2026-03-19;0.0;567.0
26733082;4;4;0;46.5;68;2026-05-15;2026-07-08;0.0;1813.6499999999999
26734014;1;1;0;131.0;131;2026-03-13;2026-03-13;0.0;837.3
26734130;1;1;0;126.0;126;2026-03-18;2026-03-18;0.0;268.8
26734350;2;0;2;4.0;7;2026-07-15;2026-07-21;0.0;1792.6999999999998
26735192;3;3;0;35.0;44;2026-06-08;2026-07-01;0.0;1176.85
26735539;1;1;0;33.0;33;2026-06-19;2026-06-19;0.0;328.8
26736156;1;1;0;114.0;114;2026-03-30;2026-03-30;0.0;418.5
26736469;3;3;0;37.0;47;2026-06-05;2026-06-22;0.0;2379.8999999999996
26740530;1;1;0;9.0;9;2026-07-13;2026-07-13;0.0;318.75
26747036;1;1;0;14.0;14;2026-07-08;2026-07-08;0.0;945.45
26749116;1;1;0;118.0;118;2026-03-26;2026-03-26;0.0;597.3
26749376;2;2;0;116.0;119;2026-03-25;2026-03-31;0.0;777.6
26750214;4;4;0;80.0;124;2026-03-20;2026-07-16;75.0;3747.6000000000004
26750265;1;1;0;36.0;36;2026-06-16;2026-06-16;0.0;657.3
26751811;3;2;1;25.0;51;2026-06-01;2026-07-13;0.0;2700.45
26757020;2;2;0;63.0;124;2026-03-20;2026-07-20;0.0;1434.0
26757641;1;1;0;100.0;100;2026-04-13;2026-04-13;0.0;567.0
26758177;1;1;0;127.0;127;2026-03-17;2026-03-17;0.0;298.5
26758599;1;0;1;5.0;5;2026-07-17;2026-07-17;0.0;428.95
26759230;1;1;0;126.0;126;2026-03-18;2026-03-18;0.0;388.8
26760166;1;0;1;1.0;1;2026-07-21;2026-07-21;0.0;239.45
26762766;1;0;1;7.0;7;2026-07-15;2026-07-15;0.0;504.75
26763356;1;1;0;41.0;41;2026-06-11;2026-06-11;0.0;537.3
26764370;1;1;0;36.0;36;2026-06-16;2026-06-16;0.0;987.3
26764781;2;2;0;77.5;120;2026-03-24;2026-06-17;0.0;657.6
26764882;1;1;0;106.0;106;2026-04-07;2026-04-07;0.0;328.8
26765330;3;0;3;5.0;7;2026-07-15;2026-07-20;0.0;1794.69
26767067;1;1;0;106.0;106;2026-04-07;2026-04-07;0.0;507.0
26768185;1;1;0;43.0;43;2026-06-09;2026-06-09;0.0;1015.5
26768572;1;1;0;64.0;64;2026-05-19;2026-05-19;0.0;657.3
26769261;1;1;0;9.0;9;2026-07-13;2026-07-13;0.0;927.0
26769562;1;1;0;106.0;106;2026-04-07;2026-04-07;0.0;537.3
26770676;1;1;0;113.0;113;2026-03-31;2026-03-31;0.0;835.5
26770789;2;2;0;98.0;122;2026-03-22;2026-05-09;0.0;747.3
26771184;3;3;0;47.7;79;2026-05-04;2026-07-07;0.0;1631.85
26771252;1;1;0;5.0;5;2026-07-17;2026-07-17;0.0;556.95
26771256;1;1;0;49.0;49;2026-06-03;2026-06-03;0.0;388.8
26773381;1;1;0;43.0;43;2026-06-09;2026-06-09;0.0;1075.5
26774004;2;2;0;48.5;71;2026-05-12;2026-06-26;0.0;866.0999999999999
26774078;1;1;0;16.0;16;2026-07-06;2026-07-06;0.0;847.35
267763;1;0;1;1.0;1;2026-07-21;2026-07-21;0.0;75.8
26776605;1;0;1;2.0;2;2026-07-20;2026-07-20;0.0;179.6
26776653;1;0;1;5.0;5;2026-07-17;2026-07-17;0.0;499.0
26776803;1;1;0;86.0;86;2026-04-27;2026-04-27;0.0;537.3
26777261;1;1;0;68.0;68;2026-05-15;2026-05-15;0.0;298.5
26785766;1;1;0;57.0;57;2026-05-26;2026-05-26;0.0;268.8
26788824;1;1;0;120.0;120;2026-03-24;2026-03-24;0.0;437.40000000000003
26790348;1;1;0;9.0;9;2026-07-13;2026-07-13;0.0;388.8
26790435;2;2;0;81.5;120;2026-03-24;2026-06-09;50.0;1178.7
26790529;1;1;0;119.0;119;2026-03-25;2026-03-25;0.0;1007.4
26791143;1;1;0;93.0;93;2026-04-20;2026-04-20;0.0;1015.5
26792632;2;2;0;17.5;26;2026-06-26;2026-07-13;0.0;1136.65
26793223;1;1;0;23.0;23;2026-06-29;2026-06-29;0.0;1717.45
26795963;2;2;0;101.5;114;2026-03-30;2026-04-24;0.0;1134.0
26796080;2;2;0;54.0;54;2026-05-29;2026-05-29;0.0;1431.0
26796211;1;1;0;100.0;100;2026-04-13;2026-04-13;0.0;388.8
26796298;1;0;1;2.0;2;2026-07-20;2026-07-20;0.0;389.25
26798312;3;3;0;42.3;50;2026-06-02;2026-06-19;66.7;895.8
26800106;1;1;0;49.0;49;2026-06-03;2026-06-03;0.0;1217.3999999999999
26801752;2;1;1;15.5;22;2026-06-30;2026-07-13;0.0;1627.1999999999998
26802574;1;1;0;9.0;9;2026-07-13;2026-07-13;100.0;313.5
26803210;1;0;1;1.0;1;2026-07-21;2026-07-21;0.0;595.4
26803281;1;0;1;1.0;1;2026-07-21;2026-07-21;0.0;267.63000000000005
26805511;2;2;0;4.5;8;2026-07-14;2026-07-21;0.0;1864.65
26805581;1;1;0;6.0;6;2026-07-16;2026-07-16;0.0;1075.5
26806755;1;1;0;111.0;111;2026-04-02;2026-04-02;0.0;748.8
26809757;1;1;0;71.0;71;2026-05-12;2026-05-12;0.0;557.4
26810342;1;1;0;74.0;74;2026-05-09;2026-05-09;0.0;388.8
26810563;1;1;0;116.0;116;2026-03-28;2026-03-28;0.0;408.90000000000003
26810654;1;1;0;117.0;117;2026-03-27;2026-03-27;0.0;1225.5
26811951;1;1;0;113.0;113;2026-03-31;2026-03-31;0.0;897.3
26814110;1;0;1;10.0;10;2026-07-12;2026-07-12;0.0;1292.7
26815132;1;1;0;112.0;112;2026-04-01;2026-04-01;0.0;835.5
26815576;1;1;0;111.0;111;2026-04-02;2026-04-02;0.0;567.0
26815712;1;1;0;116.0;116;2026-03-28;2026-03-28;0.0;268.8
26818641;1;1;0;55.0;55;2026-05-28;2026-05-28;0.0;837.3
26823406;1;1;0;47.0;47;2026-06-05;2026-06-05;0.0;557.4
26826751;2;2;0;48.5;60;2026-05-23;2026-06-15;0.0;1252.8
26830668;1;1;0;114.0;114;2026-03-30;2026-03-30;0.0;388.8
26834713;1;1;0;107.0;107;2026-04-06;2026-04-06;0.0;557.4
26834846;1;0;1;1.0;1;2026-07-21;2026-07-21;0.0;205.61999999999998
26835029;1;1;0;78.0;78;2026-05-05;2026-05-05;0.0;735.6
26835084;2;1;1;11.5;22;2026-06-30;2026-07-21;0.0;667.81
26835089;1;1;0;44.0;44;2026-06-08;2026-06-08;0.0;268.8
26835770;2;0;2;1.5;2;2026-07-20;2026-07-21;0.0;307.23
26835938;1;1;0;113.0;113;2026-03-31;2026-03-31;100.0;582.0
26838597;1;1;0;113.0;113;2026-03-31;2026-03-31;0.0;268.8
26839419;1;0;1;4.0;4;2026-07-18;2026-07-18;0.0;594.9
26839461;1;1;0;106.0;106;2026-04-07;2026-04-07;100.0;942.0
26841048;1;1;0;15.0;15;2026-07-07;2026-07-07;0.0;847.35
26843011;4;4;0;87.8;111;2026-04-02;2026-06-01;0.0;3289.2
26843119;1;1;0;96.0;96;2026-04-17;2026-04-17;0.0;268.8
26845160;1;1;0;82.0;82;2026-05-01;2026-05-01;0.0;328.8
26846056;1;1;0;96.0;96;2026-04-17;2026-04-17;0.0;388.8
26846399;2;0;2;3.0;5;2026-07-17;2026-07-21;0.0;1690.6699999999998
26847743;1;1;0;111.0;111;2026-04-02;2026-04-02;0.0;268.8
26848231;1;1;0;81.0;81;2026-05-02;2026-05-02;0.0;715.5
2684874;1;0;1;1.0;1;2026-07-21;2026-07-21;0.0;223.70000000000002
26849124;20;20;0;46.6;47;2026-06-05;2026-06-06;0.0;14310.0
26852382;4;3;1;76.0;107;2026-04-06;2026-07-20;75.0;2815.9500000000003
26852856;1;1;0;36.0;36;2026-06-16;2026-06-16;0.0;328.8
26855066;1;1;0;98.0;98;2026-04-15;2026-04-15;0.0;268.8
26855436;1;1;0;14.0;14;2026-07-08;2026-07-08;0.0;268.8
26856022;1;0;1;1.0;1;2026-07-21;2026-07-21;0.0;660.69
26857078;2;1;1;13.0;23;2026-06-29;2026-07-19;0.0;1196.65
26858561;1;1;0;79.0;79;2026-05-04;2026-05-04;0.0;775.5
26871215;1;1;0;44.0;44;2026-06-08;2026-06-08;0.0;857.4
26872934;1;1;0;106.0;106;2026-04-07;2026-04-07;0.0;737.4
26873922;1;1;0;15.0;15;2026-07-07;2026-07-07;0.0;268.8
26874578;1;0;1;18.0;18;2026-07-04;2026-07-04;0.0;1397.2
26875338;2;2;0;76.0;106;2026-04-07;2026-06-06;0.0;835.8
268790;1;0;1;5.0;5;2026-07-17;2026-07-17;0.0;778.5
26880608;1;1;0;72.0;72;2026-05-11;2026-05-11;0.0;328.8
26880810;1;1;0;25.0;25;2026-06-27;2026-06-27;0.0;1267.45
26881849;1;0;1;4.0;4;2026-07-18;2026-07-18;0.0;315.25
26883057;1;0;1;8.0;8;2026-07-14;2026-07-14;0.0;439.20000000000005
26883870;1;1;0;13.0;13;2026-07-09;2026-07-09;100.0;1081.95
26884376;1;0;1;4.0;4;2026-07-18;2026-07-18;0.0;378.18
26885822;1;1;0;97.0;97;2026-04-16;2026-04-16;100.0;760.2
26887617;1;1;0;22.0;22;2026-06-30;2026-06-30;0.0;388.8
26887652;1;0;1;2.0;2;2026-07-20;2026-07-20;0.0;569.3100000000001
26887919;1;1;0;21.0;21;2026-07-01;2026-07-01;0.0;777.5500000000001
26888260;10;9;1;22.1;41;2026-06-11;2026-07-17;0.0;4932.6
26888712;1;1;0;103.0;103;2026-04-10;2026-04-10;100.0;2612.1
26889073;1;1;0;71.0;71;2026-05-12;2026-05-12;0.0;567.0
26889114;1;1;0;95.0;95;2026-04-18;2026-04-18;0.0;717.3
26889844;4;4;0;96.0;96;2026-04-17;2026-04-17;0.0;1194.0
26892079;1;1;0;30.0;30;2026-06-22;2026-06-22;100.0;862.15
26892591;3;2;1;29.0;53;2026-05-30;2026-07-14;0.0;2189.31
26893367;1;1;0;97.0;97;2026-04-16;2026-04-16;0.0;657.3
26893904;1;1;0;84.0;84;2026-04-29;2026-04-29;0.0;1225.5
26895278;1;1;0;103.0;103;2026-04-10;2026-04-10;0.0;348.90000000000003
26896125;1;1;0;100.0;100;2026-04-13;2026-04-13;0.0;418.5
26897338;4;4;0;60.0;79;2026-05-04;2026-06-25;0.0;4223.95
26899190;1;1;0;29.0;29;2026-06-23;2026-06-23;0.0;1327.45
26899224;1;1;0;69.0;69;2026-05-14;2026-05-14;0.0;388.8
26901201;1;1;0;23.0;23;2026-06-29;2026-06-29;0.0;447.0
26901421;1;1;0;23.0;23;2026-06-29;2026-06-29;0.0;447.0
26901656;1;1;0;79.0;79;2026-05-04;2026-05-04;0.0;837.3
26905105;1;1;0;37.0;37;2026-06-15;2026-06-15;0.0;925.5
26906439;1;1;0;99.0;99;2026-04-14;2026-04-14;0.0;597.3
26911303;1;1;0;44.0;44;2026-06-08;2026-06-08;0.0;328.8
26914940;2;2;0;23.0;23;2026-06-29;2026-06-29;0.0;1776.8000000000002
26915052;1;0;1;12.0;12;2026-07-10;2026-07-10;0.0;1097.8500000000001
26916322;2;2;0;77.5;99;2026-04-14;2026-05-27;100.0;916.8
26916738;1;1;0;71.0;71;2026-05-12;2026-05-12;0.0;557.4
26917107;2;2;0;87.0;98;2026-04-15;2026-05-07;0.0;1552.8
26917470;1;1;0;97.0;97;2026-04-16;2026-04-16;0.0;328.8
26918991;1;1;0;96.0;96;2026-04-17;2026-04-17;0.0;537.3
26920623;1;1;0;99.0;99;2026-04-14;2026-04-14;0.0;268.8
26922258;1;1;0;9.0;9;2026-07-13;2026-07-13;0.0;388.8
26923038;1;1;0;26.0;26;2026-06-26;2026-06-26;0.0;817.45
26924697;1;1;0;99.0;99;2026-04-14;2026-04-14;0.0;288.90000000000003
26924782;1;1;0;98.0;98;2026-04-15;2026-04-15;0.0;417.3
26925045;1;1;0;68.0;68;2026-05-15;2026-05-15;0.0;417.3
26925505;1;1;0;97.0;97;2026-04-16;2026-04-16;0.0;537.3
26925629;1;1;0;81.0;81;2026-05-02;2026-05-02;0.0;597.3
26926170;2;2;0;68.5;72;2026-05-11;2026-05-18;0.0;1833.0
2692682;1;1;0;926.0;926;2024-01-08;2024-01-08;0.0;793.8
2692715;7;5;2;40.1;91;2026-04-22;2026-07-20;0.0;3299.2000000000003
26928805;1;1;0;51.0;51;2026-06-01;2026-06-01;0.0;447.0
26929259;1;0;1;2.0;2;2026-07-20;2026-07-20;0.0;113.7
26930068;1;0;1;1.0;1;2026-07-21;2026-07-21;0.0;289.47
26930269;1;1;0;50.0;50;2026-06-02;2026-06-02;0.0;417.3
26930443;1;1;0;97.0;97;2026-04-16;2026-04-16;0.0;567.0
26931110;2;2;0;83.0;83;2026-04-30;2026-04-30;0.0;537.6
26931217;1;1;0;25.0;25;2026-06-27;2026-06-27;0.0;1049.35
26931794;1;1;0;63.0;63;2026-05-20;2026-05-20;0.0;597.3
26932343;1;1;0;56.0;56;2026-05-27;2026-05-27;0.0;857.4
26932496;2;2;0;69.5;70;2026-05-13;2026-05-14;0.0;777.6
26935082;1;1;0;91.0;91;2026-04-22;2026-04-22;0.0;507.0
26936028;2;0;2;1.5;2;2026-07-20;2026-07-21;0.0;756.5
26938175;1;1;0;93.0;93;2026-04-20;2026-04-20;0.0;408.90000000000003
26938442;1;0;1;1.0;1;2026-07-21;2026-07-21;0.0;405.35
26939004;1;0;1;18.0;18;2026-07-04;2026-07-04;0.0;795.9
26939053;1;1;0;46.0;46;2026-06-06;2026-06-06;0.0;1395.6
26939131;1;1;0;56.0;56;2026-05-27;2026-05-27;0.0;748.8
26939371;1;1;0;86.0;86;2026-04-27;2026-04-27;0.0;567.0
26939565;1;1;0;96.0;96;2026-04-17;2026-04-17;0.0;328.8
26940459;2;2;0;40.5;67;2026-05-16;2026-07-08;0.0;1292.5500000000002
26940673;1;1;0;32.0;32;2026-06-20;2026-06-20;0.0;447.0
26940918;2;2;0;89.5;93;2026-04-20;2026-04-27;0.0;826.2
26942713;2;2;0;92.5;93;2026-04-20;2026-04-21;0.0;597.6
26942800;1;1;0;47.0;47;2026-06-05;2026-06-05;0.0;1015.5
26943690;2;2;0;44.0;61;2026-05-22;2026-06-25;0.0;1432.8
26945535;1;1;0;93.0;93;2026-04-20;2026-04-20;0.0;388.8
26947107;1;1;0;86.0;86;2026-04-27;2026-04-27;0.0;418.5
26958226;1;1;0;91.0;91;2026-04-22;2026-04-22;0.0;775.5
26958313;1;0;1;2.0;2;2026-07-20;2026-07-20;0.0;399.25
26958991;1;0;1;1.0;1;2026-07-21;2026-07-21;0.0;199.6
26959360;1;1;0;79.0;79;2026-05-04;2026-05-04;0.0;657.3
26959544;1;1;0;93.0;93;2026-04-20;2026-04-20;0.0;298.5
26960044;1;1;0;86.0;86;2026-04-27;2026-04-27;0.0;388.8
26961752;1;1;0;91.0;91;2026-04-22;2026-04-22;0.0;268.8
26961828;1;1;0;64.0;64;2026-05-19;2026-05-19;0.0;507.0
26962214;1;1;0;36.0;36;2026-06-16;2026-06-16;0.0;388.8
26968240;1;1;0;16.0;16;2026-07-06;2026-07-06;0.0;607.35
26968750;1;1;0;85.0;85;2026-04-28;2026-04-28;0.0;1015.5
26969311;1;1;0;71.0;71;2026-05-12;2026-05-12;0.0;328.8
2696992;1;1;0;11.0;11;2026-07-11;2026-07-11;0.0;527.1
26970115;2;0;2;3.0;3;2026-07-19;2026-07-19;0.0;738.14
26970440;1;1;0;33.0;33;2026-06-19;2026-06-19;0.0;1225.5
26971354;1;1;0;9.0;9;2026-07-13;2026-07-13;0.0;587.25
26971526;1;0;1;6.0;6;2026-07-16;2026-07-16;0.0;379.0
26971729;1;1;0;89.0;89;2026-04-24;2026-04-24;0.0;418.5
26973683;3;3;0;83.3;89;2026-04-24;2026-05-08;0.0;926.4000000000001
26974734;1;1;0;22.0;22;2026-06-30;2026-06-30;0.0;430.75
26976248;1;1;0;89.0;89;2026-04-24;2026-04-24;0.0;1035.6
26979284;2;2;0;37.0;40;2026-06-12;2026-06-18;100.0;867.0
26980283;1;0;1;4.0;4;2026-07-18;2026-07-18;0.0;520.99
26982893;1;1;0;78.0;78;2026-05-05;2026-05-05;0.0;557.4
26983146;1;1;0;82.0;82;2026-05-01;2026-05-01;0.0;437.40000000000003
26983247;2;2;0;86.0;86;2026-04-27;2026-04-27;0.0;2791.2
26983295;1;1;0;88.0;88;2026-04-25;2026-04-25;0.0;298.5
26984192;1;1;0;76.0;76;2026-05-07;2026-05-07;0.0;268.8
26984279;1;1;0;30.0;30;2026-06-22;2026-06-22;0.0;777.5500000000001
26986540;3;3;0;29.3;62;2026-05-21;2026-07-09;0.0;2113.2
26987604;1;1;0;72.0;72;2026-05-11;2026-05-11;0.0;268.8
26989498;1;1;0;75.0;75;2026-05-08;2026-05-08;0.0;687.0
26989744;1;1;0;72.0;72;2026-05-11;2026-05-11;0.0;767.4
26990219;1;1;0;79.0;79;2026-05-04;2026-05-04;0.0;715.5
26992001;1;0;1;8.0;8;2026-07-14;2026-07-14;0.0;828.45
2699606;3;0;3;1.7;2;2026-07-20;2026-07-21;0.0;578.8
26997831;2;2;0;56.0;83;2026-04-30;2026-06-23;0.0;1016.6500000000001
26999134;1;1;0;32.0;32;2026-06-20;2026-06-20;0.0;735.6
26999356;3;3;0;48.0;84;2026-04-29;2026-07-13;0.0;1729.5
26999751;1;1;0;85.0;85;2026-04-28;2026-04-28;0.0;567.0
27000134;1;0;1;1.0;1;2026-07-21;2026-07-21;0.0;49.9
27000276;1;1;0;84.0;84;2026-04-29;2026-04-29;0.0;957.3
27000590;1;1;0;50.0;50;2026-06-02;2026-06-02;0.0;268.8
27001696;1;1;0;56.0;56;2026-05-27;2026-05-27;0.0;268.8
27001972;1;0;1;2.0;2;2026-07-20;2026-07-20;0.0;1027.3000000000002
27002804;1;1;0;2.0;2;2026-07-20;2026-07-20;0.0;268.8
27002948;1;1;0;79.0;79;2026-05-04;2026-05-04;0.0;657.3
27006117;1;1;0;79.0;79;2026-05-04;2026-05-04;0.0;975.6
27007579;1;1;0;9.0;9;2026-07-13;2026-07-13;0.0;1445.55
27007795;1;1;0;85.0;85;2026-04-28;2026-04-28;0.0;268.8
27007867;1;1;0;8.0;8;2026-07-14;2026-07-14;0.0;388.8
27008501;1;1;0;83.0;83;2026-04-30;2026-04-30;0.0;1015.5
27009389;1;1;0;15.0;15;2026-07-07;2026-07-07;0.0;1145.55
27009801;1;1;0;35.0;35;2026-06-17;2026-06-17;0.0;1695.6
27011349;1;0;1;1.0;1;2026-07-21;2026-07-21;0.0;728.95
2701229;2;0;2;2.5;4;2026-07-18;2026-07-21;0.0;484.0
27012621;1;1;0;64.0;64;2026-05-19;2026-05-19;0.0;388.8
27012752;1;1;0;37.0;37;2026-06-15;2026-06-15;0.0;567.0
27014498;1;1;0;16.0;16;2026-07-06;2026-07-06;0.0;318.75
27014607;1;1;0;79.0;79;2026-05-04;2026-05-04;0.0;537.3
27014641;1;1;0;83.0;83;2026-04-30;2026-04-30;0.0;897.3
27014911;1;0;1;16.0;16;2026-07-06;2026-07-06;0.0;893.9700000000001
27017671;1;1;0;72.0;72;2026-05-11;2026-05-11;0.0;298.5
27019353;1;1;0;51.0;51;2026-06-01;2026-06-01;0.0;288.90000000000003
27019441;1;1;0;83.0;83;2026-04-30;2026-04-30;0.0;388.8
27019490;3;3;0;60.0;61;2026-05-22;2026-05-25;0.0;2146.5
27019567;1;1;0;65.0;65;2026-05-18;2026-05-18;0.0;917.4
27019569;1;1;0;83.0;83;2026-04-30;2026-04-30;0.0;447.0
27020263;1;1;0;64.0;64;2026-05-19;2026-05-19;0.0;448.8
27021996;2;2;0;41.5;42;2026-06-10;2026-06-11;0.0;1314.6
27023261;1;0;1;2.0;2;2026-07-20;2026-07-20;0.0;741.9
27023339;3;2;1;41.7;76;2026-05-07;2026-07-06;0.0;1953.3999999999999
27026596;1;1;0;71.0;71;2026-05-12;2026-05-12;0.0;748.8
2703226;1;0;1;1.0;1;2026-07-21;2026-07-21;0.0;49.9
27044771;1;1;0;78.0;78;2026-05-05;2026-05-05;0.0;1225.5
27044864;1;1;0;32.0;32;2026-06-20;2026-06-20;0.0;837.3
27045330;1;1;0;77.0;77;2026-05-06;2026-05-06;0.0;777.0
27045962;1;1;0;15.0;15;2026-07-07;2026-07-07;0.0;447.0
27046685;2;2;0;78.5;79;2026-05-04;2026-05-05;0.0;2791.2
27047449;1;1;0;33.0;33;2026-06-19;2026-06-19;0.0;537.3
27047713;1;1;0;77.0;77;2026-05-06;2026-05-06;0.0;1245.6
27048851;1;1;0;51.0;51;2026-06-01;2026-06-01;0.0;1015.5
27049274;2;2;0;78.5;79;2026-05-04;2026-05-05;0.0;2431.2
27049437;1;1;0;77.0;77;2026-05-06;2026-05-06;0.0;447.0
27049589;1;1;0;51.0;51;2026-06-01;2026-06-01;0.0;268.8
27053487;2;2;0;38.5;69;2026-05-14;2026-07-14;0.0;717.6
27053925;2;2;0;41.0;41;2026-06-11;2026-06-11;0.0;1774.2
27054188;1;1;0;12.0;12;2026-07-10;2026-07-10;0.0;587.25
27054432;1;1;0;8.0;8;2026-07-14;2026-07-14;0.0;1275.45
27054532;1;0;1;2.0;2;2026-07-20;2026-07-20;0.0;113.7
27054688;2;1;1;27.0;53;2026-05-30;2026-07-21;0.0;766.1500000000001
27054790;1;1;0;49.0;49;2026-06-03;2026-06-03;0.0;537.3
27055402;11;11;0;49.5;67;2026-05-16;2026-06-11;0.0;7134.0
27057112;1;1;0;33.0;33;2026-06-19;2026-06-19;0.0;447.0
27057289;1;1;0;77.0;77;2026-05-06;2026-05-06;0.0;567.0
27058205;1;0;1;4.0;4;2026-07-18;2026-07-18;0.0;439.2
27058391;1;1;0;39.0;39;2026-06-13;2026-06-13;0.0;348.90000000000003
27060163;1;1;0;72.0;72;2026-05-11;2026-05-11;0.0;837.3
27063849;1;1;0;77.0;77;2026-05-06;2026-05-06;0.0;328.8
27065297;1;1;0;29.0;29;2026-06-23;2026-06-23;0.0;715.5
27065607;2;2;0;76.0;77;2026-05-06;2026-05-08;0.0;2692.2
27066069;1;1;0;68.0;68;2026-05-15;2026-05-15;0.0;627.0
27066253;1;1;0;75.0;75;2026-05-08;2026-05-08;0.0;807.0
27069813;1;1;0;74.0;74;2026-05-09;2026-05-09;0.0;388.8
27070322;1;1;0;71.0;71;2026-05-12;2026-05-12;0.0;557.4
27070531;1;1;0;69.0;69;2026-05-14;2026-05-14;100.0;582.0
27071720;1;1;0;75.0;75;2026-05-08;2026-05-08;0.0;388.8
27071907;1;1;0;72.0;72;2026-05-11;2026-05-11;0.0;1165.5
27074320;1;1;0;76.0;76;2026-05-07;2026-05-07;0.0;268.8
27074736;1;1;0;6.0;6;2026-07-16;2026-07-16;0.0;897.3
27074953;2;2;0;49.5;71;2026-05-12;2026-06-24;0.0;1554.85
27077917;1;1;0;71.0;71;2026-05-12;2026-05-12;0.0;268.8
27080146;1;1;0;72.0;72;2026-05-11;2026-05-11;0.0;647.1
27080192;1;1;0;70.0;70;2026-05-13;2026-05-13;0.0;268.8
27080353;1;1;0;40.0;40;2026-06-12;2026-06-12;0.0;955.5
27080568;2;2;0;37.0;40;2026-06-12;2026-06-18;0.0;2331.0
27081360;2;2;0;42.0;51;2026-06-01;2026-06-19;0.0;926.0999999999999
27081738;2;2;0;17.0;19;2026-07-03;2026-07-07;0.0;867.3
27082015;1;1;0;14.0;14;2026-07-08;2026-07-08;0.0;318.75
27082100;1;1;0;42.0;42;2026-06-10;2026-06-10;100.0;840.3000000000001
27082684;1;1;0;70.0;70;2026-05-13;2026-05-13;0.0;328.8
27082767;19;19;0;32.8;64;2026-05-19;2026-07-09;10.5;7976.1
27082827;1;1;0;22.0;22;2026-06-30;2026-06-30;0.0;310.75
27082974;1;0;1;1.0;1;2026-07-21;2026-07-21;0.0;223.70000000000002
27083153;1;0;1;12.0;12;2026-07-10;2026-07-10;0.0;1727.0499999999997
27083251;2;1;1;36.0;71;2026-05-12;2026-07-21;0.0;945.4
27098497;1;1;0;16.0;16;2026-07-06;2026-07-06;0.0;268.8
27098665;1;1;0;51.0;51;2026-06-01;2026-06-01;0.0;715.5
27099510;1;1;0;68.0;68;2026-05-15;2026-05-15;0.0;328.8
27099813;1;1;0;27.0;27;2026-06-25;2026-06-25;0.0;1075.5
27100891;1;1;0;38.0;38;2026-06-14;2026-06-14;0.0;388.8
27101874;1;1;0;58.0;58;2026-05-25;2026-05-25;0.0;915.6
27102041;10;10;0;69.3;70;2026-05-13;2026-05-18;0.0;3824.4
27103177;1;1;0;62.0;62;2026-05-21;2026-05-21;0.0;268.8
27103471;1;1;0;28.0;28;2026-06-24;2026-06-24;0.0;370.75
27103654;1;1;0;53.0;53;2026-05-30;2026-05-30;0.0;537.3
27104010;1;1;0;67.0;67;2026-05-16;2026-05-16;0.0;778.5
27109022;1;1;0;71.0;71;2026-05-12;2026-05-12;0.0;268.8
27109658;1;0;1;2.0;2;2026-07-20;2026-07-20;0.0;671.9
27109661;1;1;0;63.0;63;2026-05-20;2026-05-20;100.0;493.5
27109711;1;1;0;2.0;2;2026-07-20;2026-07-20;0.0;328.8
27111681;1;1;0;29.0;29;2026-06-23;2026-06-23;0.0;430.75
27111683;5;5;0;42.8;43;2026-06-09;2026-06-10;0.0;1522.2
27112600;2;2;0;24.0;27;2026-06-25;2026-07-01;0.0;969.25
27113097;1;1;0;15.0;15;2026-07-07;2026-07-07;0.0;268.8
27113301;2;0;2;6.5;11;2026-07-11;2026-07-20;0.0;656.35
27117407;1;1;0;69.0;69;2026-05-14;2026-05-14;0.0;715.5
27117505;5;5;0;56.4;57;2026-05-26;2026-05-28;0.0;4929.0
27118234;1;1;0;69.0;69;2026-05-14;2026-05-14;0.0;767.4
27119826;1;1;0;62.0;62;2026-05-21;2026-05-21;0.0;597.3
27120150;1;1;0;17.0;17;2026-07-05;2026-07-05;0.0;388.8
27120755;1;1;0;9.0;9;2026-07-13;2026-07-13;0.0;567.0
27121320;1;1;0;46.0;46;2026-06-06;2026-06-06;0.0;795.6
27121928;1;0;1;1.0;1;2026-07-21;2026-07-21;0.0;517.05
2712277;1;0;1;1.0;1;2026-07-21;2026-07-21;0.0;329.1
27124288;1;1;0;14.0;14;2026-07-08;2026-07-08;0.0;907.35
27124715;1;1;0;69.0;69;2026-05-14;2026-05-14;0.0;358.5
27126244;1;1;0;69.0;69;2026-05-14;2026-05-14;0.0;328.8
27126515;1;1;0;65.0;65;2026-05-18;2026-05-18;0.0;388.8
27127394;1;1;0;63.0;63;2026-05-20;2026-05-20;0.0;927.0
27128314;1;1;0;34.0;34;2026-06-18;2026-06-18;0.0;507.0
27128399;2;1;1;16.0;30;2026-06-22;2026-07-20;0.0;632.3
27128650;3;3;0;29.3;64;2026-05-19;2026-07-13;0.0;2558.1
27129122;1;1;0;55.0;55;2026-05-28;2026-05-28;0.0;855.6
27129536;1;1;0;4.0;4;2026-07-18;2026-07-18;0.0;587.25
27132943;1;1;0;55.0;55;2026-05-28;2026-05-28;0.0;1045.5
27133217;1;1;0;63.0;63;2026-05-20;2026-05-20;0.0;895.5
27133225;1;1;0;68.0;68;2026-05-15;2026-05-15;0.0;735.6
27136499;1;1;0;47.0;47;2026-06-05;2026-06-05;100.0;313.5
27136674;1;1;0;14.0;14;2026-07-08;2026-07-08;0.0;478.5
27137256;1;0;1;2.0;2;2026-07-20;2026-07-20;0.0;449.15
27137676;1;1;0;9.0;9;2026-07-13;2026-07-13;0.0;268.8
27138558;1;1;0;51.0;51;2026-06-01;2026-06-01;0.0;418.5
27141789;1;1;0;56.0;56;2026-05-27;2026-05-27;0.0;1015.5
27142386;3;3;0;52.0;61;2026-05-22;2026-06-12;33.3;1091.1
27145567;1;1;0;28.0;28;2026-06-24;2026-06-24;0.0;989.35
27153065;2;2;0;48.5;59;2026-05-24;2026-06-14;0.0;777.6
27153066;1;1;0;63.0;63;2026-05-20;2026-05-20;0.0;388.8
27158135;5;5;0;60.6;64;2026-05-19;2026-05-28;0.0;1820.4
27158174;1;1;0;62.0;62;2026-05-21;2026-05-21;0.0;328.8
27161714;2;2;0;36.5;44;2026-06-08;2026-06-23;0.0;848.05
27161903;1;1;0;61.0;61;2026-05-22;2026-05-22;0.0;537.3
27162320;2;2;0;26.0;26;2026-06-26;2026-06-26;0.0;861.5
27162522;2;2;0;37.0;53;2026-05-30;2026-07-01;100.0;2024.35
27163703;1;1;0;60.0;60;2026-05-23;2026-05-23;0.0;388.8
27163797;1;1;0;48.0;48;2026-06-04;2026-06-04;0.0;557.4
27163812;1;1;0;37.0;37;2026-06-15;2026-06-15;0.0;748.8
27165238;1;1;0;49.0;49;2026-06-03;2026-06-03;0.0;955.5
27165344;1;1;0;60.0;60;2026-05-23;2026-05-23;0.0;557.4
27165345;2;2;0;39.5;63;2026-05-20;2026-07-06;0.0;1304.4
27165525;1;1;0;18.0;18;2026-07-04;2026-07-04;0.0;458.85
27165688;2;2;0;31.0;32;2026-06-20;2026-06-22;0.0;1434.85
27170310;2;2;0;40.0;57;2026-05-26;2026-06-29;0.0;855.9
27170596;1;1;0;62.0;62;2026-05-21;2026-05-21;0.0;268.8
27171124;1;1;0;57.0;57;2026-05-26;2026-05-26;0.0;388.8
27171799;1;1;0;13.0;13;2026-07-09;2026-07-09;0.0;268.8
27172507;1;0;1;23.0;23;2026-06-29;2026-06-29;0.0;3340.3499999999995
27172722;1;1;0;18.0;18;2026-07-04;2026-07-04;0.0;378.75
27172842;1;0;1;11.0;11;2026-07-11;2026-07-11;0.0;1348.5
27173230;1;1;0;22.0;22;2026-06-30;2026-06-30;0.0;668.95
27174072;2;0;2;1.0;2;2026-07-20;2026-07-22;0.0;231.63000000000002
27174135;2;0;2;3.5;5;2026-07-17;2026-07-20;0.0;1192.8200000000002
27174136;2;0;2;1.5;2;2026-07-20;2026-07-21;0.0;866.62
2717481;5;0;5;15.6;21;2026-07-01;2026-07-11;0.0;4514.41
27174976;1;1;0;33.0;33;2026-06-19;2026-06-19;0.0;915.6
27176157;1;1;0;26.0;26;2026-06-26;2026-06-26;0.0;1105.5
27177013;1;1;0;50.0;50;2026-06-02;2026-06-02;0.0;925.5
27177223;2;2;0;31.5;37;2026-06-15;2026-06-26;0.0;1162.5
27178412;1;1;0;58.0;58;2026-05-25;2026-05-25;0.0;268.8
27179340;1;0;1;9.0;9;2026-07-13;2026-07-13;0.0;930.5100000000001
27179888;1;1;0;60.0;60;2026-05-23;2026-05-23;0.0;447.0
27182846;1;1;0;56.0;56;2026-05-27;2026-05-27;0.0;388.8
27183534;1;1;0;58.0;58;2026-05-25;2026-05-25;0.0;388.8
27185134;2;1;1;29.0;55;2026-05-28;2026-07-19;0.0;1172.95
27185519;1;1;0;6.0;6;2026-07-16;2026-07-16;0.0;496.95
27187548;2;2;0;50.0;50;2026-06-02;2026-06-02;0.0;537.6
27194852;1;0;1;19.0;19;2026-07-03;2026-07-03;0.0;1684.8000000000002
2719632;1;0;1;4.0;4;2026-07-18;2026-07-18;0.0;587.5500000000001
27196757;1;1;0;51.0;51;2026-06-01;2026-06-01;0.0;1075.5
27201900;1;1;0;57.0;57;2026-05-26;2026-05-26;0.0;537.3
27203128;1;1;0;9.0;9;2026-07-13;2026-07-13;0.0;268.8
27203648;1;1;0;26.0;26;2026-06-26;2026-06-26;0.0;1057.45
27203998;1;1;0;56.0;56;2026-05-27;2026-05-27;0.0;268.8
27204548;1;0;1;1.0;1;2026-07-21;2026-07-21;0.0;593.11
27205409;1;1;0;58.0;58;2026-05-25;2026-05-25;0.0;388.8
27205561;1;1;0;58.0;58;2026-05-25;2026-05-25;0.0;478.5
27205816;1;1;0;56.0;56;2026-05-27;2026-05-27;0.0;268.8
27206620;1;1;0;56.0;56;2026-05-27;2026-05-27;0.0;895.5
27206656;2;0;2;2.5;4;2026-07-18;2026-07-21;0.0;1148.7
27206657;1;1;0;57.0;57;2026-05-26;2026-05-26;0.0;767.4
27207010;1;1;0;37.0;37;2026-06-15;2026-06-15;0.0;447.0
27207222;1;1;0;40.0;40;2026-06-12;2026-06-12;0.0;975.6
27207456;1;0;1;1.0;1;2026-07-21;2026-07-21;0.0;295.65000000000003
27208682;1;1;0;54.0;54;2026-05-29;2026-05-29;0.0;1517.3999999999999
27215238;1;1;0;53.0;53;2026-05-30;2026-05-30;0.0;388.8
27218408;3;3;0;49.0;49;2026-06-03;2026-06-03;0.0;2991.8999999999996
27219011;1;1;0;55.0;55;2026-05-28;2026-05-28;0.0;388.8
27219239;1;1;0;56.0;56;2026-05-27;2026-05-27;0.0;268.8
27220268;1;1;0;49.0;49;2026-06-03;2026-06-03;0.0;715.5
27220586;1;0;1;1.0;1;2026-07-21;2026-07-21;0.0;227.4
27220612;1;1;0;37.0;37;2026-06-15;2026-06-15;0.0;447.0
27221844;1;1;0;15.0;15;2026-07-07;2026-07-07;0.0;318.75
27221882;1;1;0;16.0;16;2026-07-06;2026-07-06;0.0;579.25
27221976;1;1;0;30.0;30;2026-06-22;2026-06-22;100.0;760.2
27224121;1;1;0;25.0;25;2026-06-27;2026-06-27;0.0;877.45
27224148;1;1;0;12.0;12;2026-07-10;2026-07-10;0.0;905.5500000000001
27225077;1;1;0;51.0;51;2026-06-01;2026-06-01;0.0;795.6
27225671;1;1;0;54.0;54;2026-05-29;2026-05-29;0.0;897.3
27226042;1;1;0;34.0;34;2026-06-18;2026-06-18;0.0;268.8
27227564;1;1;0;30.0;30;2026-06-22;2026-06-22;0.0;1057.45
27229021;1;1;0;51.0;51;2026-06-01;2026-06-01;0.0;408.90000000000003
27230532;1;0;1;2.0;2;2026-07-20;2026-07-20;0.0;391.47
27230644;2;2;0;29.5;51;2026-06-01;2026-07-14;0.0;617.25
27232645;5;2;3;3.6;9;2026-07-13;2026-07-21;0.0;1314.1
27233752;2;2;0;46.5;47;2026-06-05;2026-06-06;0.0;537.6
27233796;1;1;0;51.0;51;2026-06-01;2026-06-01;0.0;1075.5
27236147;1;1;0;51.0;51;2026-06-01;2026-06-01;0.0;328.8
27238412;1;1;0;49.0;49;2026-06-03;2026-06-03;0.0;388.8
27241047;1;1;0;21.0;21;2026-07-01;2026-07-01;0.0;388.8
27243618;1;1;0;44.0;44;2026-06-08;2026-06-08;100.0;1060.2
2724426;1;1;0;1190.0;1190;2023-04-19;2023-04-19;0.0;358.5
27244479;1;1;0;50.0;50;2026-06-02;2026-06-02;0.0;388.8
27244852;1;1;0;50.0;50;2026-06-02;2026-06-02;0.0;557.4
27245440;1;1;0;46.0;46;2026-06-06;2026-06-06;0.0;567.0
27245444;1;0;1;3.0;3;2026-07-19;2026-07-19;0.0;619.1500000000001
27245723;2;2;0;44.5;50;2026-06-02;2026-06-13;50.0;990.9000000000001
27246846;1;1;0;50.0;50;2026-06-02;2026-06-02;0.0;1217.3999999999999
27247224;1;1;0;50.0;50;2026-06-02;2026-06-02;0.0;537.3
27247725;1;1;0;50.0;50;2026-06-02;2026-06-02;0.0;328.8
27247878;1;1;0;49.0;49;2026-06-03;2026-06-03;0.0;1075.5
27248100;1;1;0;51.0;51;2026-06-01;2026-06-01;100.0;343.2
27248412;1;1;0;50.0;50;2026-06-02;2026-06-02;0.0;388.8
27248732;1;1;0;50.0;50;2026-06-02;2026-06-02;0.0;388.8
27248779;1;1;0;45.0;45;2026-06-07;2026-06-07;0.0;557.4
27249914;1;1;0;16.0;16;2026-07-06;2026-07-06;0.0;765.45
27251262;1;1;0;49.0;49;2026-06-03;2026-06-03;0.0;557.4
27251332;1;1;0;20.0;20;2026-07-02;2026-07-02;0.0;388.8
27251609;1;1;0;22.0;22;2026-06-30;2026-06-30;0.0;268.8
2725245;4;4;0;72.0;145;2026-02-27;2026-07-20;0.0;3249.3
27252772;1;1;0;49.0;49;2026-06-03;2026-06-03;0.0;268.8
27253698;1;0;1;7.0;7;2026-07-15;2026-07-15;0.0;928.8500000000001
27255687;1;1;0;47.0;47;2026-06-05;2026-06-05;0.0;715.5
27255734;4;4;0;19.0;35;2026-06-17;2026-07-15;0.0;2195.65
2725682;4;0;4;2.5;3;2026-07-19;2026-07-20;0.0;1087.95
27258090;1;1;0;47.0;47;2026-06-05;2026-06-05;0.0;1015.5
27258512;1;1;0;26.0;26;2026-06-26;2026-06-26;0.0;837.3
27259240;1;1;0;17.0;17;2026-07-05;2026-07-05;0.0;537.3
27259977;1;1;0;41.0;41;2026-06-11;2026-06-11;0.0;388.8
27260634;1;1;0;44.0;44;2026-06-08;2026-06-08;0.0;388.8
27261169;1;1;0;47.0;47;2026-06-05;2026-06-05;0.0;1395.6
27261375;1;1;0;42.0;42;2026-06-10;2026-06-10;0.0;1015.5
27262017;2;0;2;12.5;23;2026-06-29;2026-07-20;0.0;4054.0499999999997
27262216;2;2;0;47.5;48;2026-06-04;2026-06-05;0.0;835.8
27262488;1;1;0;20.0;20;2026-07-02;2026-07-02;0.0;328.8
27262889;1;1;0;47.0;47;2026-06-05;2026-06-05;0.0;388.8
27269852;1;1;0;42.0;42;2026-06-10;2026-06-10;0.0;1035.6
27270147;3;3;0;14.0;36;2026-06-16;2026-07-21;0.0;1851.8999999999999
27272259;3;2;1;37.7;44;2026-06-08;2026-06-27;0.0;1783.3
27272285;1;1;0;47.0;47;2026-06-05;2026-06-05;0.0;537.3
27272857;1;1;0;16.0;16;2026-07-06;2026-07-06;0.0;537.3
27273615;1;1;0;42.0;42;2026-06-10;2026-06-10;0.0;557.4
27274048;2;1;1;20.0;39;2026-06-13;2026-07-21;0.0;613.0999999999999
27274220;1;1;0;29.0;29;2026-06-23;2026-06-23;0.0;1227.55
27278765;1;1;0;46.0;46;2026-06-06;2026-06-06;0.0;897.3
2728415;2;0;2;2.0;2;2026-07-20;2026-07-20;0.0;2396.25
27285208;1;1;0;33.0;33;2026-06-19;2026-06-19;0.0;567.0
27285738;3;3;0;37.0;37;2026-06-15;2026-06-15;33.3;2036.1
2728606;9;2;7;15.0;112;2026-04-01;2026-07-21;0.0;3707.55
27287117;3;3;0;43.0;43;2026-06-09;2026-06-09;0.0;986.4000000000001
27288437;1;0;1;9.0;9;2026-07-13;2026-07-13;0.0;428.95
27288496;1;1;0;30.0;30;2026-06-22;2026-06-22;0.0;268.8
27288710;1;1;0;16.0;16;2026-07-06;2026-07-06;0.0;868.2
27288912;1;1;0;35.0;35;2026-06-17;2026-06-17;0.0;447.0
27289179;1;1;0;43.0;43;2026-06-09;2026-06-09;0.0;1247.1
27291629;1;1;0;11.0;11;2026-07-11;2026-07-11;0.0;587.25
27291859;1;1;0;39.0;39;2026-06-13;2026-06-13;0.0;597.3
27292184;2;2;0;28.0;43;2026-06-09;2026-07-09;0.0;1981.05
27292518;1;1;0;26.0;26;2026-06-26;2026-06-26;0.0;897.5500000000001
27292552;1;1;0;42.0;42;2026-06-10;2026-06-10;0.0;388.8
27292753;2;2;0;43.0;43;2026-06-09;2026-06-09;0.0;1234.8
27292840;1;0;1;4.0;4;2026-07-18;2026-07-18;0.0;698.6500000000001
27294561;1;1;0;43.0;43;2026-06-09;2026-06-09;100.0;433.5
27295445;2;2;0;25.5;42;2026-06-10;2026-07-13;0.0;894.0
27295516;1;0;1;1.0;1;2026-07-21;2026-07-21;0.0;2006.75
27296027;1;0;1;12.0;12;2026-07-10;2026-07-10;0.0;648.7
27296220;1;1;0;42.0;42;2026-06-10;2026-06-10;0.0;557.4
27296906;1;1;0;15.0;15;2026-07-07;2026-07-07;0.0;995.5500000000001
27297401;1;0;1;2.0;2;2026-07-20;2026-07-20;0.0;311.40000000000003
27297747;1;1;0;42.0;42;2026-06-10;2026-06-10;0.0;447.0
27298172;1;1;0;41.0;41;2026-06-11;2026-06-11;0.0;527.1
27298296;1;1;0;7.0;7;2026-07-15;2026-07-15;0.0;388.8
27298518;1;1;0;37.0;37;2026-06-15;2026-06-15;0.0;567.0
27299074;1;1;0;34.0;34;2026-06-18;2026-06-18;0.0;917.4
27299972;1;1;0;32.0;32;2026-06-20;2026-06-20;0.0;537.3
27300791;1;1;0;41.0;41;2026-06-11;2026-06-11;0.0;268.8
27301862;1;0;1;3.0;3;2026-07-19;2026-07-19;0.0;984.1499999999999
27305402;1;1;0;20.0;20;2026-07-02;2026-07-02;0.0;477.3
27306118;1;1;0;36.0;36;2026-06-16;2026-06-16;0.0;597.3
27306428;1;1;0;30.0;30;2026-06-22;2026-06-22;100.0;313.5
27306581;1;1;0;30.0;30;2026-06-22;2026-06-22;0.0;579.25
27308431;1;1;0;36.0;36;2026-06-16;2026-06-16;0.0;408.90000000000003
27308798;1;1;0;35.0;35;2026-06-17;2026-06-17;0.0;417.3
27310045;1;1;0;40.0;40;2026-06-12;2026-06-12;0.0;388.8
27310938;1;1;0;37.0;37;2026-06-15;2026-06-15;0.0;388.8
27310987;4;4;0;40.0;40;2026-06-12;2026-06-12;0.0;1135.2
27311467;1;1;0;30.0;30;2026-06-22;2026-06-22;0.0;507.0
27312925;1;1;0;2.0;2;2026-07-20;2026-07-20;0.0;1037.25
27313237;1;1;0;33.0;33;2026-06-19;2026-06-19;0.0;567.0
27314178;1;1;0;18.0;18;2026-07-04;2026-07-04;0.0;1595.55
27314460;1;1;0;37.0;37;2026-06-15;2026-06-15;0.0;1217.3999999999999
2731575;1;0;1;2.0;2;2026-07-20;2026-07-20;0.0;249.5
2732061;1;1;0;184.0;184;2026-01-19;2026-01-19;0.0;447.0
27325400;1;1;0;32.0;32;2026-06-20;2026-06-20;0.0;1155.6
27327337;1;1;0;26.0;26;2026-06-26;2026-06-26;0.0;567.0
27328585;1;1;0;12.0;12;2026-07-10;2026-07-10;0.0;537.3
27328699;1;1;0;29.0;29;2026-06-23;2026-06-23;0.0;877.45
27328889;1;1;0;30.0;30;2026-06-22;2026-06-22;0.0;757.45
27330757;1;0;1;1.0;1;2026-07-21;2026-07-21;0.0;241.65000000000003
27331070;1;0;1;15.0;15;2026-07-07;2026-07-07;0.0;1581.6000000000001
27331071;1;0;1;6.0;6;2026-07-16;2026-07-16;0.0;698.6
27331468;1;1;0;33.0;33;2026-06-19;2026-06-19;0.0;775.5
27331469;1;1;0;33.0;33;2026-06-19;2026-06-19;0.0;268.8
27331862;1;0;1;5.0;5;2026-07-17;2026-07-17;0.0;674.1500000000001
27331910;5;5;0;33.6;34;2026-06-18;2026-06-19;0.0;2235.0
27331949;5;4;1;15.0;16;2026-07-06;2026-07-09;0.0;5122.990000000001
27332645;1;0;1;1.0;1;2026-07-21;2026-07-21;0.0;448.5
27333437;3;3;0;25.3;34;2026-06-18;2026-07-13;0.0;1282.8
27333723;1;0;1;2.0;2;2026-07-20;2026-07-20;0.0;1092.1
27334767;1;1;0;29.0;29;2026-06-23;2026-06-23;100.0;355.45000000000005
27334946;1;1;0;35.0;35;2026-06-17;2026-06-17;0.0;388.8
27335190;2;2;0;10.0;18;2026-07-04;2026-07-20;0.0;2271.0
27337924;1;0;1;1.0;1;2026-07-21;2026-07-21;0.0;299.45
27340925;5;5;0;16.8;28;2026-06-24;2026-07-08;0.0;3628.45
27341221;1;1;0;20.0;20;2026-07-02;2026-07-02;0.0;1335.45
27341627;1;1;0;23.0;23;2026-06-29;2026-06-29;0.0;490.75
27344133;1;1;0;34.0;34;2026-06-18;2026-06-18;0.0;617.4
27344492;1;1;0;7.0;7;2026-07-15;2026-07-15;0.0;448.8
27344799;1;1;0;22.0;22;2026-06-30;2026-06-30;0.0;608.95
27344915;2;2;0;15.5;26;2026-06-26;2026-07-17;0.0;1486.6
27345352;1;1;0;7.0;7;2026-07-15;2026-07-15;0.0;1125.45
27345668;1;0;1;0.0;0;2026-07-22;2026-07-22;0.0;0.0
27346935;4;4;0;33.0;33;2026-06-19;2026-06-19;0.0;2268.0
27347049;1;1;0;22.0;22;2026-06-30;2026-06-30;0.0;370.75
27347122;1;1;0;19.0;19;2026-07-03;2026-07-03;0.0;448.8
27348024;1;1;0;20.0;20;2026-07-02;2026-07-02;0.0;839.35
27351021;2;2;0;8.0;14;2026-07-08;2026-07-20;0.0;1704.0
27351104;1;1;0;27.0;27;2026-06-25;2026-06-25;0.0;370.75
27352395;1;1;0;1.0;1;2026-07-21;2026-07-21;0.0;268.8
27353482;2;2;0;29.5;30;2026-06-22;2026-06-23;0.0;2036.9
27354035;1;0;1;15.0;15;2026-07-07;2026-07-07;0.0;762.0500000000001
27358317;2;2;0;27.0;27;2026-06-25;2026-06-25;100.0;1367.8999999999999
27363873;1;1;0;30.0;30;2026-06-22;2026-06-22;0.0;268.8
27364396;1;1;0;28.0;28;2026-06-24;2026-06-24;0.0;328.8
27364883;1;1;0;29.0;29;2026-06-23;2026-06-23;0.0;757.45
27366105;1;1;0;26.0;26;2026-06-26;2026-06-26;0.0;1267.45
27366169;1;1;0;20.0;20;2026-07-02;2026-07-02;0.0;318.75
27367284;1;1;0;16.0;16;2026-07-06;2026-07-06;0.0;827.25
27368893;1;1;0;29.0;29;2026-06-23;2026-06-23;0.0;447.0
27369129;2;0;2;2.0;2;2026-07-20;2026-07-20;0.0;1042.7
27372350;1;1;0;27.0;27;2026-06-25;2026-06-25;0.0;567.0
27372574;1;1;0;23.0;23;2026-06-29;2026-06-29;0.0;579.25
27372623;1;1;0;22.0;22;2026-06-30;2026-06-30;0.0;1137.55
27372763;2;2;0;16.5;27;2026-06-25;2026-07-16;0.0;1344.7
27373032;1;1;0;28.0;28;2026-06-24;2026-06-24;0.0;757.45
27373034;1;1;0;26.0;26;2026-06-26;2026-06-26;0.0;328.8
27373385;2;2;0;20.5;21;2026-07-01;2026-07-02;0.0;657.6
27374547;1;1;0;27.0;27;2026-06-25;2026-06-25;0.0;775.5
27374761;1;1;0;25.0;25;2026-06-27;2026-06-27;0.0;1147.45
27375601;1;1;0;20.0;20;2026-07-02;2026-07-02;0.0;785.5500000000001
27375844;1;0;1;2.0;2;2026-07-20;2026-07-20;0.0;482.83000000000004
27378727;1;1;0;28.0;28;2026-06-24;2026-06-24;0.0;1409.35
27379121;1;1;0;22.0;22;2026-06-30;2026-06-30;0.0;699.25
27380194;1;1;0;21.0;21;2026-07-01;2026-07-01;0.0;447.0
27380470;1;1;0;27.0;27;2026-06-25;2026-06-25;0.0;715.5
27380812;5;5;0;14.0;19;2026-07-03;2026-07-15;0.0;1764.0
27381119;2;2;0;23.0;23;2026-06-29;2026-06-29;100.0;1164.0
27381307;3;3;0;12.0;20;2026-07-02;2026-07-14;0.0;2401.95
27381372;1;1;0;24.0;24;2026-06-28;2026-06-28;0.0;30.0
27383903;1;0;1;1.0;1;2026-07-21;2026-07-21;0.0;122.85000000000001
27384104;1;1;0;5.0;5;2026-07-17;2026-07-17;0.0;567.0
27384387;1;1;0;27.0;27;2026-06-25;2026-06-25;0.0;430.75
27384715;1;1;0;16.0;16;2026-07-06;2026-07-06;0.0;647.25
27385050;1;0;1;7.0;7;2026-07-15;2026-07-15;0.0;828.45
27385432;1;1;0;27.0;27;2026-06-25;2026-06-25;0.0;430.75
27385833;1;1;0;16.0;16;2026-07-06;2026-07-06;0.0;715.5
27386668;1;1;0;27.0;27;2026-06-25;2026-06-25;0.0;1225.5
27386791;2;2;0;21.0;21;2026-07-01;2026-07-01;0.0;1974.6
27388293;1;1;0;19.0;19;2026-07-03;2026-07-03;0.0;537.3
27389776;1;1;0;23.0;23;2026-06-29;2026-06-29;0.0;1017.5500000000001
27390303;1;1;0;16.0;16;2026-07-06;2026-07-06;0.0;616.95
27391249;1;1;0;25.0;25;2026-06-27;2026-06-27;0.0;567.0
27391420;1;0;1;1.0;1;2026-07-21;2026-07-21;0.0;790.9900000000001
27392365;1;0;1;8.0;8;2026-07-14;2026-07-14;0.0;1741.1499999999999
27393094;3;3;0;14.7;19;2026-07-03;2026-07-10;0.0;806.4000000000001
27393595;2;0;2;6.0;10;2026-07-12;2026-07-20;0.0;2382.7400000000002
27394506;1;1;0;19.0;19;2026-07-03;2026-07-03;0.0;318.75
27394754;1;1;0;18.0;18;2026-07-04;2026-07-04;0.0;587.25
2739504;1;1;0;8.0;8;2026-07-14;2026-07-14;0.0;328.8
27395253;1;1;0;22.0;22;2026-06-30;2026-06-30;0.0;557.4
27401594;1;1;0;15.0;15;2026-07-07;2026-07-07;0.0;765.45
27405905;1;1;0;23.0;23;2026-06-29;2026-06-29;0.0;899.35
27406143;1;1;0;19.0;19;2026-07-03;2026-07-03;0.0;965.5500000000001
27406291;1;1;0;18.0;18;2026-07-04;2026-07-04;0.0;268.8
27406876;1;0;1;3.0;3;2026-07-19;2026-07-19;0.0;1797.7099999999998
27407145;1;1;0;21.0;21;2026-07-01;2026-07-01;100.0;1182.25
27407444;1;1;0;19.0;19;2026-07-03;2026-07-03;0.0;318.75
27408026;1;1;0;22.0;22;2026-06-30;2026-06-30;0.0;657.5500000000001
27408180;1;1;0;21.0;21;2026-07-01;2026-07-01;0.0;715.5
27408634;1;1;0;22.0;22;2026-06-30;2026-06-30;0.0;817.45
27408847;1;0;1;2.0;2;2026-07-20;2026-07-20;0.0;334.65
27409145;1;1;0;21.0;21;2026-07-01;2026-07-01;0.0;1207.45
27409516;1;1;0;15.0;15;2026-07-07;2026-07-07;0.0;298.5
27409896;1;0;1;1.0;1;2026-07-21;2026-07-21;0.0;249.5
27411144;1;0;1;8.0;8;2026-07-14;2026-07-14;0.0;1248.45
27411180;2;2;0;21.5;22;2026-06-30;2026-07-01;0.0;861.5
27412101;1;1;0;18.0;18;2026-07-04;2026-07-04;0.0;370.75
27412642;1;1;0;21.0;21;2026-07-01;2026-07-01;0.0;1717.45
27413520;1;1;0;1.0;1;2026-07-21;2026-07-21;0.0;1275.45
27414909;3;2;1;13.3;20;2026-07-02;2026-07-21;0.0;2454.15
27415352;1;1;0;18.0;18;2026-07-04;2026-07-04;0.0;607.35
27415487;1;0;1;1.0;1;2026-07-21;2026-07-21;0.0;485.31
27418031;2;2;0;21.0;21;2026-07-01;2026-07-01;0.0;597.0
27418470;1;1;0;18.0;18;2026-07-04;2026-07-04;0.0;607.35
27418732;1;1;0;18.0;18;2026-07-04;2026-07-04;0.0;667.35
27418782;1;1;0;19.0;19;2026-07-03;2026-07-03;0.0;1075.5
27419851;1;1;0;14.0;14;2026-07-08;2026-07-08;0.0;268.8
27421579;4;3;1;11.5;18;2026-07-04;2026-07-20;0.0;3090.57
27421629;1;1;0;7.0;7;2026-07-15;2026-07-15;0.0;895.5
27424917;1;0;1;2.0;2;2026-07-20;2026-07-20;0.0;169.62
27424948;1;1;0;11.0;11;2026-07-11;2026-07-11;0.0;328.8
27425335;1;1;0;20.0;20;2026-07-02;2026-07-02;0.0;318.75
27425625;1;1;0;5.0;5;2026-07-17;2026-07-17;0.0;328.8
27425882;1;1;0;15.0;15;2026-07-07;2026-07-07;0.0;597.3
27426062;1;0;1;11.0;11;2026-07-11;2026-07-11;0.0;1951.4000000000003
27426326;1;1;0;19.0;19;2026-07-03;2026-07-03;0.0;1575.45
27426921;1;1;0;20.0;20;2026-07-02;2026-07-02;0.0;328.8
27427179;2;2;0;8.0;8;2026-07-14;2026-07-14;0.0;777.6
27427264;1;1;0;13.0;13;2026-07-09;2026-07-09;0.0;905.5500000000001
27427601;1;1;0;16.0;16;2026-07-06;2026-07-06;0.0;607.35
27427695;2;0;2;16.5;18;2026-07-04;2026-07-07;0.0;4171.74
27427892;1;0;1;20.0;20;2026-07-02;2026-07-02;0.0;883.75
27429177;1;1;0;16.0;16;2026-07-06;2026-07-06;0.0;587.25
27431935;1;1;0;18.0;18;2026-07-04;2026-07-04;0.0;318.75
2743198;1;1;0;135.0;135;2026-03-09;2026-03-09;0.0;748.8
27432562;1;1;0;8.0;8;2026-07-14;2026-07-14;0.0;268.8
27433018;1;1;0;2.0;2;2026-07-20;2026-07-20;100.0;363.45000000000005
27435704;1;1;0;15.0;15;2026-07-07;2026-07-07;0.0;1065.45
27436144;1;1;0;19.0;19;2026-07-03;2026-07-03;0.0;667.35
27436605;2;2;0;17.0;18;2026-07-04;2026-07-06;0.0;1134.0
27436710;1;1;0;18.0;18;2026-07-04;2026-07-04;0.0;567.0
2743674;4;3;1;39.0;51;2026-06-01;2026-07-19;0.0;1914.27
27436860;1;1;0;11.0;11;2026-07-11;2026-07-11;0.0;775.5
2743900;1;1;0;46.0;46;2026-06-06;2026-06-06;0.0;268.8
27441032;1;1;0;15.0;15;2026-07-07;2026-07-07;0.0;907.35
27446823;1;1;0;5.0;5;2026-07-17;2026-07-17;0.0;268.8
27447999;1;0;1;2.0;2;2026-07-20;2026-07-20;0.0;361.35
27448157;1;1;0;16.0;16;2026-07-06;2026-07-06;0.0;1025.55
27448371;1;1;0;13.0;13;2026-07-09;2026-07-09;0.0;268.8
27448432;1;1;0;16.0;16;2026-07-06;2026-07-06;0.0;537.3
27448526;1;0;1;1.0;1;2026-07-21;2026-07-21;0.0;405.35
27449020;1;1;0;16.0;16;2026-07-06;2026-07-06;0.0;388.8
27449323;1;1;0;8.0;8;2026-07-14;2026-07-14;0.0;765.45
27449622;1;1;0;14.0;14;2026-07-08;2026-07-08;0.0;765.45
27449939;1;0;1;1.0;1;2026-07-21;2026-07-21;0.0;163.65
27452750;1;0;1;8.0;8;2026-07-14;2026-07-14;0.0;713.7
27453356;1;0;1;2.0;2;2026-07-20;2026-07-20;0.0;1228.5
27458168;1;1;0;7.0;7;2026-07-15;2026-07-15;0.0;537.3
27458842;1;0;1;5.0;5;2026-07-17;2026-07-17;0.0;986.55
27459491;1;1;0;6.0;6;2026-07-16;2026-07-16;0.0;707.25
27460167;1;1;0;7.0;7;2026-07-15;2026-07-15;0.0;388.8
27460351;1;1;0;7.0;7;2026-07-15;2026-07-15;0.0;995.5500000000001
27460551;1;1;0;6.0;6;2026-07-16;2026-07-16;0.0;715.5
27460578;1;1;0;9.0;9;2026-07-13;2026-07-13;0.0;537.3
27463995;1;1;0;13.0;13;2026-07-09;2026-07-09;0.0;268.8
27464843;1;1;0;4.0;4;2026-07-18;2026-07-18;0.0;748.8
27464893;1;1;0;3.0;3;2026-07-19;2026-07-19;0.0;965.5500000000001
27465122;1;1;0;9.0;9;2026-07-13;2026-07-13;100.0;582.0
27465346;1;1;0;11.0;11;2026-07-11;2026-07-11;0.0;438.75
27465524;1;1;0;12.0;12;2026-07-10;2026-07-10;0.0;448.8
27466051;1;1;0;12.0;12;2026-07-10;2026-07-10;0.0;1425.45
27466358;1;0;1;13.0;13;2026-07-09;2026-07-09;0.0;682.2
27466609;1;1;0;2.0;2;2026-07-20;2026-07-20;0.0;1145.55
27466703;1;1;0;13.0;13;2026-07-09;2026-07-09;0.0;338.85
27466706;1;1;0;12.0;12;2026-07-10;2026-07-10;0.0;268.8
27466794;2;0;2;6.5;11;2026-07-11;2026-07-20;0.0;1279.15
27466840;1;1;0;9.0;9;2026-07-13;2026-07-13;0.0;597.3
27467134;1;1;0;12.0;12;2026-07-10;2026-07-10;0.0;907.35
27467227;1;1;0;5.0;5;2026-07-17;2026-07-17;0.0;947.25
27468392;1;1;0;9.0;9;2026-07-13;2026-07-13;0.0;268.8
27469848;1;1;0;13.0;13;2026-07-09;2026-07-09;0.0;715.5
27470562;1;1;0;8.0;8;2026-07-14;2026-07-14;0.0;597.3
27471016;1;1;0;12.0;12;2026-07-10;2026-07-10;0.0;418.5
27471306;1;0;1;1.0;1;2026-07-21;2026-07-21;0.0;209.51000000000002
27471662;2;0;2;10.0;10;2026-07-12;2026-07-12;0.0;1236.9
27472270;1;1;0;13.0;13;2026-07-09;2026-07-09;0.0;825.45
27472437;1;0;1;10.0;10;2026-07-12;2026-07-12;0.0;448.84999999999997
27473120;1;1;0;6.0;6;2026-07-16;2026-07-16;0.0;378.75
27474189;3;3;0;4.0;6;2026-07-16;2026-07-20;100.0;2078.7
27474426;1;1;0;10.0;10;2026-07-12;2026-07-12;0.0;388.8
27474868;1;1;0;8.0;8;2026-07-14;2026-07-14;0.0;567.0
27475486;1;0;1;5.0;5;2026-07-17;2026-07-17;0.0;548.95
27475556;1;1;0;11.0;11;2026-07-11;2026-07-11;0.0;268.8
27476062;1;1;0;11.0;11;2026-07-11;2026-07-11;0.0;616.95
27477677;1;1;0;12.0;12;2026-07-10;2026-07-10;0.0;1037.25
27479028;3;3;0;9.0;9;2026-07-13;2026-07-13;0.0;1701.0
27479029;1;0;1;9.0;9;2026-07-13;2026-07-13;0.0;1271.43
27479665;1;0;1;7.0;7;2026-07-15;2026-07-15;0.0;1412.55
27480113;1;0;1;9.0;9;2026-07-13;2026-07-13;0.0;1187.78
27480380;1;1;0;12.0;12;2026-07-10;2026-07-10;0.0;477.3
27481613;1;1;0;12.0;12;2026-07-10;2026-07-10;0.0;607.35
27482330;6;6;0;5.7;7;2026-07-15;2026-07-21;0.0;1732.8000000000002
274917;1;1;0;285.0;285;2025-10-10;2025-10-10;0.0;735.6
27496061;1;0;1;4.0;4;2026-07-18;2026-07-18;0.0;728.18
27496968;1;0;1;9.0;9;2026-07-13;2026-07-13;0.0;416.9
27497458;1;0;1;4.0;4;2026-07-18;2026-07-18;0.0;1077.48
27497587;1;0;1;8.0;8;2026-07-14;2026-07-14;0.0;1027.8500000000001
27499216;1;1;0;5.0;5;2026-07-17;2026-07-17;0.0;318.75
27499916;1;1;0;7.0;7;2026-07-15;2026-07-15;0.0;328.8
27500262;1;1;0;9.0;9;2026-07-13;2026-07-13;100.0;1070.25
27500316;1;0;1;9.0;9;2026-07-13;2026-07-13;0.0;1298.3500000000001
27500457;1;0;1;2.0;2;2026-07-20;2026-07-20;0.0;493.15000000000003
27504858;1;1;0;1.0;1;2026-07-21;2026-07-21;0.0;268.8
27505312;1;0;1;1.0;1;2026-07-21;2026-07-21;0.0;197.70000000000002
27505363;1;1;0;8.0;8;2026-07-14;2026-07-14;0.0;1247.25
27506234;1;1;0;4.0;4;2026-07-18;2026-07-18;0.0;268.8
27506268;1;1;0;7.0;7;2026-07-15;2026-07-15;0.0;1197.3
27508661;1;0;1;7.0;7;2026-07-15;2026-07-15;0.0;349.3
27509098;1;0;1;4.0;4;2026-07-18;2026-07-18;0.0;848.35
27509207;1;1;0;7.0;7;2026-07-15;2026-07-15;0.0;1025.55
27509209;1;1;0;6.0;6;2026-07-16;2026-07-16;0.0;777.3
27509249;1;1;0;5.0;5;2026-07-17;2026-07-17;0.0;517.05
27512370;2;0;2;4.0;6;2026-07-16;2026-07-20;0.0;1003.0
2751242;1;1;0;96.0;96;2026-04-17;2026-04-17;0.0;1035.6
27512912;1;0;1;1.0;1;2026-07-21;2026-07-21;0.0;809.9000000000001
27513261;1;0;1;6.0;6;2026-07-16;2026-07-16;0.0;598.8
27513504;2;0;2;4.0;4;2026-07-18;2026-07-18;0.0;2076.9
27514358;1;1;0;5.0;5;2026-07-17;2026-07-17;0.0;887.25
27514454;1;1;0;2.0;2;2026-07-20;2026-07-20;0.0;1235.55
27516003;1;0;1;6.0;6;2026-07-16;2026-07-16;0.0;1088.67
27516264;1;0;1;2.0;2;2026-07-20;2026-07-20;0.0;485.15000000000003
27516570;1;0;1;1.0;1;2026-07-21;2026-07-21;0.0;51.89
27517322;1;0;1;5.0;5;2026-07-17;2026-07-17;0.0;374.25
27517441;1;1;0;2.0;2;2026-07-20;2026-07-20;0.0;318.75
27519703;1;0;1;6.0;6;2026-07-16;2026-07-16;0.0;688.6700000000001
27520010;1;1;0;2.0;2;2026-07-20;2026-07-20;0.0;268.8
27520594;1;0;1;4.0;4;2026-07-18;2026-07-18;0.0;1029.51
27520635;1;0;1;6.0;6;2026-07-16;2026-07-16;0.0;353.15
27520851;1;0;1;5.0;5;2026-07-17;2026-07-17;0.0;466.84999999999997
27520914;1;1;0;5.0;5;2026-07-17;2026-07-17;0.0;268.8
27521682;1;0;1;1.0;1;2026-07-21;2026-07-21;0.0;104.80000000000001
27521741;1;0;1;2.0;2;2026-07-20;2026-07-20;0.0;1499.7500000000002
27521953;1;1;0;2.0;2;2026-07-20;2026-07-20;0.0;927.0
2752293;1;0;1;2.0;2;2026-07-20;2026-07-20;0.0;89.8
27523498;1;1;0;5.0;5;2026-07-17;2026-07-17;0.0;907.35
27523704;1;0;1;2.0;2;2026-07-20;2026-07-20;0.0;169.62
27524539;1;0;1;5.0;5;2026-07-17;2026-07-17;0.0;548.9
27524595;1;1;0;2.0;2;2026-07-20;2026-07-20;0.0;447.0
27525854;1;1;0;1.0;1;2026-07-21;2026-07-21;0.0;777.3
2752729;1;0;1;2.0;2;2026-07-20;2026-07-20;0.0;233.54999999999998
27528679;1;0;1;2.0;2;2026-07-20;2026-07-20;0.0;209.63000000000002
27529755;1;0;1;5.0;5;2026-07-17;2026-07-17;0.0;399.25
27529757;1;0;1;1.0;1;2026-07-21;2026-07-21;0.0;542.6500000000001
27530802;1;1;0;3.0;3;2026-07-19;2026-07-19;0.0;1125.45
27531372;1;0;1;2.0;2;2026-07-20;2026-07-20;0.0;369.31
27533776;1;1;0;4.0;4;2026-07-18;2026-07-18;0.0;885.45
27536871;1;0;1;2.0;2;2026-07-20;2026-07-20;0.0;674.1500000000001
27547346;1;0;1;1.0;1;2026-07-21;2026-07-21;0.0;129.79000000000002
27547991;1;0;1;2.0;2;2026-07-20;2026-07-20;0.0;778.5
27548912;1;1;0;1.0;1;2026-07-21;2026-07-21;0.0;1575.45
27550252;1;0;1;2.0;2;2026-07-20;2026-07-20;0.0;413.31
27551749;1;1;0;1.0;1;2026-07-21;2026-07-21;0.0;645.45
27551750;1;1;0;1.0;1;2026-07-21;2026-07-21;0.0;268.8
27552249;1;0;1;1.0;1;2026-07-21;2026-07-21;0.0;549.0
2757240;1;0;1;2.0;2;2026-07-20;2026-07-20;0.0;281.54999999999995
2758096;1;1;0;238.0;238;2025-11-26;2025-11-26;0.0;328.8
2759140;1;0;1;1.0;1;2026-07-21;2026-07-21;0.0;82.85
2760998;1;0;1;2.0;2;2026-07-20;2026-07-20;0.0;269.35
2765526;1;1;0;664.0;664;2024-09-26;2024-09-26;0.0;328.8
2767022;1;1;0;8.0;8;2026-07-14;2026-07-14;0.0;715.5
2769061;1;1;0;351.0;351;2025-08-05;2025-08-05;0.0;537.3
2774798;1;1;0;142.0;142;2026-03-02;2026-03-02;0.0;328.8
2781379;1;0;1;12.0;12;2026-07-10;2026-07-10;0.0;568.5
2790774;2;1;1;127.0;250;2025-11-14;2026-07-18;50.0;888.0
2791641;1;1;0;15.0;15;2026-07-07;2026-07-07;0.0;587.25
2793266;8;8;0;81.4;163;2026-02-09;2026-06-29;0.0;3228.6
2797417;1;0;1;2.0;2;2026-07-20;2026-07-20;0.0;189.5
2798901;1;1;0;86.0;86;2026-04-27;2026-04-27;100.0;313.5
2801985;1;1;0;25.0;25;2026-06-27;2026-06-27;0.0;567.0
2815287;1;0;1;16.0;16;2026-07-06;2026-07-06;0.0;798.4
2815538;1;1;0;285.0;285;2025-10-10;2025-10-10;0.0;447.0
2817076;4;0;4;1.5;3;2026-07-19;2026-07-21;0.0;1431.45
2818209;2;2;0;45.0;55;2026-05-28;2026-06-17;50.0;582.3
2822471;1;1;0;429.0;429;2025-05-19;2025-05-19;0.0;717.3
2822490;2;0;2;2.0;2;2026-07-20;2026-07-20;0.0;265.3
2825494;1;0;1;2.0;2;2026-07-20;2026-07-20;0.0;209.54999999999998
2831117;1;0;1;2.0;2;2026-07-20;2026-07-20;0.0;405.35
2834641;1;1;0;653.0;653;2024-10-07;2024-10-07;0.0;328.8
2839013;1;1;0;135.0;135;2026-03-09;2026-03-09;0.0;1015.5
2840390;1;1;0;130.0;130;2026-03-14;2026-03-14;0.0;717.3
2846864;1;0;1;2.0;2;2026-07-20;2026-07-20;0.0;179.6
2848225;1;0;1;1.0;1;2026-07-21;2026-07-21;0.0;77.85000000000001
2849608;1;1;0;147.0;147;2026-02-25;2026-02-25;0.0;268.8
2850342;2;2;0;5.5;6;2026-07-16;2026-07-17;0.0;835.8
2851080;1;1;0;102.0;102;2026-04-11;2026-04-11;0.0;268.8
2851182;1;0;1;2.0;2;2026-07-20;2026-07-20;0.0;458.55
2856182;1;0;1;2.0;2;2026-07-20;2026-07-20;0.0;179.6
2859044;3;2;1;16.3;21;2026-07-01;2026-07-15;0.0;1578.6
2869456;1;0;1;2.0;2;2026-07-20;2026-07-20;0.0;164.7
2870067;2;2;0;149.0;149;2026-02-23;2026-02-23;0.0;894.0
2872893;6;6;0;107.2;401;2025-06-16;2026-07-10;0.0;5375.1
2873844;2;2;0;154.5;300;2025-09-25;2026-07-13;0.0;1480.95
2874652;1;0;1;2.0;2;2026-07-20;2026-07-20;0.0;215.65
2876155;2;2;0;365.0;674;2024-09-16;2026-05-27;0.0;1004.4
2877216;6;6;0;258.0;391;2025-06-26;2026-07-20;16.7;4291.2
2877320;1;1;0;8.0;8;2026-07-14;2026-07-14;0.0;1875.45
2877405;1;0;1;2.0;2;2026-07-20;2026-07-20;0.0;694.25
2881351;7;7;0;218.6;650;2024-10-10;2026-06-05;71.4;5505.3
2881375;1;0;1;1.0;1;2026-07-21;2026-07-21;0.0;177.70000000000002
2883593;2;0;2;2.5;3;2026-07-19;2026-07-20;0.0;1002.75
2885872;2;2;0;170.5;246;2025-11-18;2026-04-18;0.0;1015.8
2885945;1;0;1;6.0;6;2026-07-16;2026-07-16;0.0;227.4
2886717;1;1;0;196.0;196;2026-01-07;2026-01-07;0.0;567.0
2891200;4;2;2;188.2;553;2025-01-15;2026-07-20;25.0;2497.65
2893106;1;0;1;2.0;2;2026-07-20;2026-07-20;0.0;322.47
2893212;1;0;1;10.0;10;2026-07-12;2026-07-12;0.0;598.8
2894938;1;1;0;5.0;5;2026-07-17;2026-07-17;0.0;328.8
2895647;1;1;0;273.0;273;2025-10-22;2025-10-22;0.0;1095.6
2896325;1;1;0;23.0;23;2026-06-29;2026-06-29;0.0;2139.25
2899743;1;1;0;266.0;266;2025-10-29;2025-10-29;0.0;388.8
2900658;3;2;1;47.7;128;2026-03-16;2026-07-15;0.0;1398.0
290633;2;2;0;95.5;121;2026-03-23;2026-05-13;0.0;894.0
2909234;12;12;0;278.8;706;2024-08-15;2026-06-10;0.0;6793.5
2909699;2;2;0;100.0;149;2026-02-23;2026-06-01;0.0;1374.6
2910451;1;1;0;14.0;14;2026-07-08;2026-07-08;0.0;647.25
2912390;1;1;0;1519.0;1519;2022-05-25;2022-05-25;0.0;0.0
2915863;3;3;0;256.7;544;2025-01-24;2026-04-28;0.0;1074.9
2916446;1;1;0;27.0;27;2026-06-25;2026-06-25;0.0;879.25
2924071;1;0;1;7.0;7;2026-07-15;2026-07-15;0.0;404.1
2926818;1;1;0;415.0;415;2025-06-02;2025-06-02;0.0;447.0
2927596;3;1;2;6.0;11;2026-07-11;2026-07-20;0.0;1983.7000000000003
2932612;1;1;0;889.0;889;2024-02-14;2024-02-14;0.0;567.0
2934329;2;2;0;19.0;26;2026-06-26;2026-07-10;0.0;537.6
2935664;1;0;1;1.0;1;2026-07-21;2026-07-21;0.0;368.55
2939447;2;2;0;139.0;234;2025-11-30;2026-06-08;0.0;1194.6
294255;2;2;0;501.0;986;2023-11-09;2026-07-06;0.0;1344.3
2943540;1;1;0;132.0;132;2026-03-12;2026-03-12;0.0;268.8
294405;1;1;0;240.0;240;2025-11-24;2025-11-24;0.0;447.0
2961;1;1;0;806.0;806;2024-05-07;2024-05-07;0.0;777.3
2963881;4;4;0;70.2;74;2026-05-09;2026-05-19;0.0;3102.0
2971722;1;1;0;77.0;77;2026-05-06;2026-05-06;0.0;268.8
2973499;1;1;0;22.0;22;2026-06-30;2026-06-30;0.0;879.25
3003008;1;1;0;231.0;231;2025-12-03;2025-12-03;0.0;567.0
3006611;1;0;1;2.0;2;2026-07-20;2026-07-20;0.0;205.65000000000003
301961;1;0;1;22.0;22;2026-06-30;2026-06-30;0.0;3715.2
3021103;1;0;1;1.0;1;2026-07-21;2026-07-21;0.0;89.8
3021913;1;1;0;315.0;315;2025-09-10;2025-09-10;0.0;268.8
3022477;1;0;1;2.0;2;2026-07-20;2026-07-20;0.0;299.4
3023206;1;0;1;2.0;2;2026-07-20;2026-07-20;0.0;303.2
3025962;1;1;0;126.0;126;2026-03-18;2026-03-18;0.0;418.5
3027008;1;1;0;289.0;289;2025-10-06;2025-10-06;100.0;373.5
3032054;1;1;0;33.0;33;2026-06-19;2026-06-19;0.0;388.8
3034367;1;0;1;2.0;2;2026-07-20;2026-07-20;0.0;775.5999999999999
303475;1;0;1;2.0;2;2026-07-20;2026-07-20;0.0;266.55
3035857;6;2;4;27.5;86;2026-04-27;2026-07-20;0.0;7430.95
3038365;5;5;0;18.0;37;2026-06-15;2026-07-14;80.0;4131.1
3043671;3;3;0;150.0;257;2025-11-07;2026-05-01;0.0;2268.3
3046487;1;0;1;2.0;2;2026-07-20;2026-07-20;0.0;189.5
3050569;2;2;0;868.5;870;2024-03-04;2024-03-07;0.0;597.6
3061836;1;1;0;44.0;44;2026-06-08;2026-06-08;0.0;567.0
3065261;1;1;0;141.0;141;2026-03-03;2026-03-03;0.0;715.5
306700;1;1;0;15.0;15;2026-07-07;2026-07-07;0.0;318.75
3070252;2;2;0;14.0;14;2026-07-08;2026-07-08;100.0;2340.3
307191;1;1;0;7.0;7;2026-07-15;2026-07-15;0.0;676.95
3074706;1;0;1;2.0;2;2026-07-20;2026-07-20;0.0;189.5
3077567;1;1;0;149.0;149;2026-02-23;2026-02-23;0.0;1015.5
3078717;1;1;0;555.0;555;2025-01-13;2025-01-13;0.0;895.5
3078923;1;0;1;9.0;9;2026-07-13;2026-07-13;0.0;1342.2
307931;1;1;0;7.0;7;2026-07-15;2026-07-15;0.0;447.0
3081665;1;0;1;1.0;1;2026-07-21;2026-07-21;0.0;151.6
3084168;1;1;0;23.0;23;2026-06-29;2026-06-29;0.0;835.5
3084772;1;1;0;35.0;35;2026-06-17;2026-06-17;0.0;557.4
3085302;3;3;0;191.0;448;2025-04-30;2026-06-24;100.0;1475.1
3086253;1;1;0;650.0;650;2024-10-10;2024-10-10;0.0;835.5
3088627;1;0;1;12.0;12;2026-07-10;2026-07-10;0.0;959.5500000000001
3088879;4;4;0;59.5;72;2026-05-11;2026-06-03;100.0;3584.4
3090274;1;1;0;8.0;8;2026-07-14;2026-07-14;0.0;905.5500000000001
309045;2;1;1;9.0;16;2026-07-06;2026-07-20;0.0;853.0999999999999
3091311;1;1;0;5.0;5;2026-07-17;2026-07-17;0.0;835.5
3091321;3;3;0;77.0;79;2026-05-04;2026-05-07;0.0;1938.3000000000002
3091431;1;1;0;28.0;28;2026-06-24;2026-06-24;0.0;328.8
309354;2;2;0;159.0;254;2025-11-10;2026-05-19;0.0;2031.0
309374;1;0;1;18.0;18;2026-07-04;2026-07-04;0.0;1396.35
3093834;1;0;1;0.0;0;2026-07-22;2026-07-22;0.0;0.0
3093854;8;6;2;109.5;230;2025-12-04;2026-07-21;75.0;2928.6
309559;3;1;2;56.7;167;2026-02-05;2026-07-21;0.0;831.5
3096291;1;1;0;25.0;25;2026-06-27;2026-06-27;0.0;328.8
309659;1;0;1;10.0;10;2026-07-12;2026-07-12;0.0;977.3500000000001
3096610;2;0;2;2.0;2;2026-07-20;2026-07-20;0.0;642.8000000000001
3098923;2;1;1;171.0;340;2025-08-16;2026-07-20;0.0;1009.5
3105566;1;1;0;22.0;22;2026-06-30;2026-06-30;0.0;507.0
3106160;3;2;1;44.0;128;2026-03-16;2026-07-20;0.0;762.1
3113236;1;0;1;1.0;1;2026-07-21;2026-07-21;0.0;287.55
311395;1;1;0;29.0;29;2026-06-23;2026-06-23;0.0;268.8
3117222;2;2;0;82.0;145;2026-02-27;2026-07-03;0.0;1244.25
3120726;1;0;1;2.0;2;2026-07-20;2026-07-20;0.0;113.7
3122842;3;0;3;4.0;9;2026-07-13;2026-07-21;0.0;948.25
3127179;1;1;0;43.0;43;2026-06-09;2026-06-09;0.0;567.0
3128741;1;0;1;2.0;2;2026-07-20;2026-07-20;0.0;448.5
312965;16;16;0;93.6;294;2025-10-01;2026-07-03;0.0;6061.5
3139036;1;1;0;484.0;484;2025-03-25;2025-03-25;0.0;388.8
3139478;1;0;1;4.0;4;2026-07-18;2026-07-18;0.0;231.39999999999998
3140246;5;4;1;143.2;483;2025-03-26;2026-07-21;0.0;2748.05
3152483;1;1;0;422.0;422;2025-05-26;2025-05-26;0.0;567.0
3155505;1;0;1;3.0;3;2026-07-19;2026-07-19;0.0;113.7
3159185;2;2;0;249.0;326;2025-08-30;2026-01-31;0.0;597.6
3160297;1;0;1;4.0;4;2026-07-18;2026-07-18;0.0;621.9499999999999
3161276;1;1;0;26.0;26;2026-06-26;2026-06-26;0.0;507.0
3162604;3;2;1;589.7;1009;2023-10-17;2026-07-18;0.0;2431.7
3166514;2;2;0;247.5;328;2025-08-28;2026-02-05;0.0;955.8
3168136;4;0;4;5.2;15;2026-07-07;2026-07-20;0.0;2524.2
3169200;2;2;0;25.5;35;2026-06-17;2026-07-06;0.0;1134.0
3175176;1;0;1;1.0;1;2026-07-21;2026-07-21;0.0;99.8
3176975;1;1;0;26.0;26;2026-06-26;2026-06-26;0.0;837.3
3183236;2;0;2;4.5;7;2026-07-15;2026-07-20;0.0;1232.5
3186219;3;2;1;29.3;54;2026-05-29;2026-07-20;0.0;869.2
3190346;1;0;1;2.0;2;2026-07-20;2026-07-20;0.0;205.65000000000003
3194038;1;1;0;191.0;191;2026-01-12;2026-01-12;0.0;797.4
3194122;1;1;0;495.0;495;2025-03-14;2025-03-14;0.0;955.5
3201679;1;1;0;190.0;190;2026-01-13;2026-01-13;100.0;1000.2
3202941;1;0;1;1.0;1;2026-07-21;2026-07-21;0.0;69.85
3207841;7;7;0;125.4;197;2026-01-06;2026-06-29;0.0;2419.8
3215114;1;0;1;2.0;2;2026-07-20;2026-07-20;0.0;718.2
3217858;1;1;0;29.0;29;2026-06-23;2026-06-23;0.0;879.25
3226806;2;2;0;116.5;119;2026-03-25;2026-03-30;0.0;657.6
3229004;1;1;0;1834.0;1834;2021-07-14;2021-07-14;0.0;447.0
3249704;1;0;1;2.0;2;2026-07-20;2026-07-20;0.0;199.6
3251714;1;0;1;7.0;7;2026-07-15;2026-07-15;0.0;838.1999999999999
3258931;1;0;1;3.0;3;2026-07-19;2026-07-19;0.0;439.2
3259163;1;1;0;484.0;484;2025-03-25;2025-03-25;0.0;507.0
3267583;1;1;0;943.0;943;2023-12-22;2023-12-22;0.0;117.3
326814;1;1;0;218.0;218;2025-12-16;2025-12-16;0.0;927.3
3268956;1;0;1;2.0;2;2026-07-20;2026-07-20;0.0;134.7
3270191;1;1;0;88.0;88;2026-04-25;2026-04-25;0.0;328.8
327282;1;0;1;2.0;2;2026-07-20;2026-07-20;0.0;1087.3500000000001
32751;1;0;1;2.0;2;2026-07-20;2026-07-20;0.0;75.8
3276081;1;0;1;1.0;1;2026-07-21;2026-07-21;0.0;266.55
3276996;1;1;0;23.0;23;2026-06-29;2026-06-29;0.0;328.8
3278371;1;1;0;8.0;8;2026-07-14;2026-07-14;0.0;388.8
3285129;1;0;1;2.0;2;2026-07-20;2026-07-20;0.0;349.3
3286739;1;0;1;7.0;7;2026-07-15;2026-07-15;0.0;828.45
3287746;1;1;0;195.0;195;2026-01-08;2026-01-08;0.0;747.3
3288557;3;0;3;2.0;2;2026-07-20;2026-07-20;0.0;1341.9
3293686;1;0;1;1.0;1;2026-07-21;2026-07-21;0.0;79.84
330032;2;2;0;455.0;814;2024-04-29;2026-04-17;0.0;1404.3
3318724;8;4;4;9.2;26;2026-06-26;2026-07-21;25.0;2653.35
3320402;1;0;1;1.0;1;2026-07-21;2026-07-21;0.0;44.9
3321201;1;0;1;9.0;9;2026-07-13;2026-07-13;0.0;675.1899999999999
3321751;3;3;0;396.7;513;2025-02-24;2025-12-31;0.0;1981.5
33297;2;0;2;1.5;2;2026-07-20;2026-07-21;0.0;189.6
3331311;1;0;1;5.0;5;2026-07-17;2026-07-17;0.0;303.2
3332350;6;4;2;23.7;47;2026-06-05;2026-07-21;16.7;2793.15
3334213;1;0;1;2.0;2;2026-07-20;2026-07-20;0.0;439.8
3338968;5;5;0;205.4;350;2025-08-06;2026-07-15;0.0;2875.8
3340985;1;1;0;111.0;111;2026-04-02;2026-04-02;0.0;2425.5
3341351;1;0;1;2.0;2;2026-07-20;2026-07-20;0.0;352.47
3341368;3;1;2;17.3;30;2026-06-22;2026-07-19;0.0;2919.6000000000004
3342281;1;0;1;2.0;2;2026-07-20;2026-07-20;0.0;316.5
3342832;1;1;0;41.0;41;2026-06-11;2026-06-11;0.0;268.8
3346;2;1;1;28.5;55;2026-05-28;2026-07-20;0.0;646.65
3346536;1;1;0;4.0;4;2026-07-18;2026-07-18;0.0;717.3
33469;1;1;0;12.0;12;2026-07-10;2026-07-10;100.0;820.2
3347327;9;5;4;21.8;83;2026-04-30;2026-07-21;0.0;6691.7
3347860;1;0;1;2.0;2;2026-07-20;2026-07-20;0.0;335.55
3350368;4;0;4;4.5;7;2026-07-15;2026-07-19;0.0;4006.85
3351563;1;1;0;130.0;130;2026-03-14;2026-03-14;0.0;1015.5
3352217;1;1;0;165.0;165;2026-02-07;2026-02-07;0.0;268.8
3353064;2;1;1;5.5;10;2026-07-12;2026-07-21;0.0;626.25
3362275;1;0;1;14.0;14;2026-07-08;2026-07-08;0.0;1495.8999999999999
3362281;1;1;0;33.0;33;2026-06-19;2026-06-19;0.0;328.8
3365283;4;2;2;51.5;140;2026-03-04;2026-07-20;0.0;1892.1
3366614;2;2;0;3.0;3;2026-07-19;2026-07-19;0.0;1530.9
3370444;2;2;0;76.5;140;2026-03-04;2026-07-09;0.0;1851.0
337054;1;1;0;19.0;19;2026-07-03;2026-07-03;0.0;627.0
337117;1;0;1;3.0;3;2026-07-19;2026-07-19;0.0;383.40000000000003
3371345;4;3;1;124.8;291;2025-10-04;2026-07-13;0.0;2945.85
3375599;1;1;0;51.0;51;2026-06-01;2026-06-01;0.0;268.8
3375869;2;1;1;247.0;492;2025-03-17;2026-07-20;0.0;898.65
3378360;2;2;0;35.5;36;2026-06-16;2026-06-17;0.0;1074.6
3389055;2;2;0;28.0;41;2026-06-11;2026-07-07;0.0;806.0999999999999
33938;7;7;0;98.4;224;2025-12-10;2026-05-30;0.0;7233.3
339604;1;0;1;1.0;1;2026-07-21;2026-07-21;0.0;319.6
3396375;1;0;1;1.0;1;2026-07-21;2026-07-21;0.0;191.70000000000002
3396990;9;9;0;47.1;111;2026-04-02;2026-07-18;0.0;5918.7
3397649;4;4;0;139.8;324;2025-09-01;2026-05-30;0.0;2349.6
3398405;1;0;1;2.0;2;2026-07-20;2026-07-20;0.0;189.5
3401513;1;1;0;96.0;96;2026-04-17;2026-04-17;0.0;268.8
3407031;1;0;1;6.0;6;2026-07-16;2026-07-16;0.0;1099.1
3412534;1;0;1;1.0;1;2026-07-21;2026-07-21;0.0;149.7
3417948;1;0;1;2.0;2;2026-07-20;2026-07-20;0.0;113.7
342024;2;2;0;419.5;449;2025-04-29;2025-06-27;0.0;657.6
342299;1;0;1;2.0;2;2026-07-20;2026-07-20;0.0;227.4
342311;2;2;0;703.0;846;2024-03-28;2025-01-08;0.0;1005.6
3423413;2;0;2;2.0;2;2026-07-20;2026-07-20;0.0;736.95
3444555;1;1;0;81.0;81;2026-05-02;2026-05-02;100.0;491.7
34485;2;0;2;1.5;2;2026-07-20;2026-07-21;0.0;248.39999999999998
346230;1;1;0;666.0;666;2024-09-24;2024-09-24;0.0;358.5
3468938;1;1;0;338.0;338;2025-08-18;2025-08-18;0.0;388.8
347238;1;1;0;61.0;61;2026-05-22;2026-05-22;0.0;388.8
3480061;2;0;2;2.0;2;2026-07-20;2026-07-20;0.0;359.3
3480420;4;4;0;251.2;702;2024-08-19;2026-05-19;0.0;2268.0
3482243;1;1;0;4188.0;4188;2015-02-02;2015-02-02;0.0;298.5
3482839;1;1;0;7.0;7;2026-07-15;2026-07-15;0.0;417.3
3488407;1;0;1;1.0;1;2026-07-21;2026-07-21;0.0;44.9
350025;2;1;1;78.0;153;2026-02-19;2026-07-19;0.0;846.25
3507457;1;1;0;76.0;76;2026-05-07;2026-05-07;0.0;507.0
3508516;2;2;0;609.5;1210;2023-03-30;2026-07-13;0.0;894.0
3509063;1;0;1;1.0;1;2026-07-21;2026-07-21;0.0;296.55
3509674;1;1;0;23.0;23;2026-06-29;2026-06-29;0.0;388.8
3509828;2;2;0;9.0;13;2026-07-09;2026-07-17;0.0;1724.55
3509968;3;3;0;49.3;64;2026-05-19;2026-07-01;0.0;1701.0
351073;1;0;1;0.0;0;2026-07-22;2026-07-22;0.0;0.0
351083;1;1;0;251.0;251;2025-11-13;2025-11-13;0.0;715.5
3523939;3;3;0;178.7;307;2025-09-18;2026-07-17;0.0;2089.5
3531304;4;3;1;69.0;191;2026-01-12;2026-07-20;0.0;1136.2
3532761;1;1;0;37.0;37;2026-06-15;2026-06-15;0.0;447.0
3543190;3;3;0;91.7;160;2026-02-12;2026-05-28;0.0;2031.6
3547788;2;1;1;93.0;184;2026-01-19;2026-07-20;0.0;654.3
3547922;1;0;1;15.0;15;2026-07-07;2026-07-07;0.0;1602.75
3549838;1;0;1;2.0;2;2026-07-20;2026-07-20;0.0;151.6
3552977;9;5;4;53.6;100;2026-04-13;2026-07-21;0.0;3325.4500000000003
3553230;8;8;0;114.5;190;2026-01-13;2026-05-15;0.0;5187.0
3554282;3;3;0;9.0;9;2026-07-13;2026-07-13;0.0;1046.4
3558440;1;0;1;16.0;16;2026-07-06;2026-07-06;0.0;718.0200000000001
3561228;1;1;0;254.0;254;2025-11-10;2025-11-10;0.0;447.0
3563160;4;4;0;143.5;363;2025-07-24;2026-07-01;0.0;1849.8
3568949;2;0;2;10.5;16;2026-07-06;2026-07-17;0.0;2541.15
3578256;4;2;2;89.8;186;2026-01-17;2026-07-11;0.0;3716.8999999999996
35800;1;0;1;2.0;2;2026-07-20;2026-07-20;0.0;75.8
3580247;6;5;1;47.0;100;2026-04-13;2026-07-20;0.0;4885.2
3581724;3;2;1;127.7;373;2025-07-14;2026-07-21;0.0;1978.5
3583071;1;1;0;183.0;183;2026-01-20;2026-01-20;0.0;655.5
3592815;1;0;1;2.0;2;2026-07-20;2026-07-20;0.0;379.6
3598144;2;0;2;1.5;2;2026-07-20;2026-07-21;0.0;2016.0600000000002
3601546;1;1;0;12.0;12;2026-07-10;2026-07-10;0.0;328.8
3604577;5;5;0;62.8;124;2026-03-20;2026-07-16;80.0;3879.3
3604754;2;0;2;5.0;9;2026-07-13;2026-07-21;0.0;568.5
3608578;15;15;0;212.3;222;2025-12-12;2026-03-17;26.7;4896.3
361178;1;1;0;13.0;13;2026-07-09;2026-07-09;0.0;727.35
361546;4;2;2;45.0;113;2026-03-31;2026-07-21;0.0;1568.0
3616199;1;1;0;127.0;127;2026-03-17;2026-03-17;0.0;268.8
3625429;1;1;0;62.0;62;2026-05-21;2026-05-21;0.0;1015.5
3627609;1;0;1;2.0;2;2026-07-20;2026-07-20;0.0;149.7
3630402;1;1;0;125.0;125;2026-03-19;2026-03-19;0.0;748.8
363328;1;0;1;17.0;17;2026-07-05;2026-07-05;0.0;2739.5199999999995
3634620;3;1;2;17.7;43;2026-06-09;2026-07-21;0.0;2981.4900000000002
3638243;1;0;1;1.0;1;2026-07-21;2026-07-21;0.0;75.8
3638320;1;1;0;99.0;99;2026-04-14;2026-04-14;0.0;567.0
363894;1;0;1;9.0;9;2026-07-13;2026-07-13;0.0;499.0
3640994;2;1;1;172.0;343;2025-08-13;2026-07-21;0.0;1554.24
3646361;2;2;0;56.0;70;2026-05-13;2026-06-10;0.0;2002.8
3648136;2;2;0;51.0;55;2026-05-28;2026-06-05;0.0;1522.5
3648335;5;0;5;1.6;2;2026-07-20;2026-07-21;0.0;1872.0500000000002
3648342;2;2;0;115.0;196;2026-01-07;2026-06-18;0.0;775.8
3655284;4;3;1;47.0;79;2026-05-04;2026-07-22;0.0;866.4000000000001
3658344;2;1;1;172.5;344;2025-08-12;2026-07-21;0.0;1595.85
365969;2;1;1;30.0;58;2026-05-25;2026-07-20;0.0;854.8499999999999
3666396;1;1;0;57.0;57;2026-05-26;2026-05-26;0.0;388.8
3669301;1;1;0;5.0;5;2026-07-17;2026-07-17;0.0;268.8
367078;2;2;0;39.0;76;2026-05-07;2026-07-20;0.0;657.6
3672073;2;1;1;7.5;12;2026-07-10;2026-07-19;0.0;2425.05
3673722;1;0;1;3.0;3;2026-07-19;2026-07-19;0.0;301.4
3675479;2;0;2;7.5;9;2026-07-13;2026-07-16;0.0;840.1
3677306;2;0;2;2.0;2;2026-07-20;2026-07-20;0.0;567.0
3677996;2;0;2;2.5;3;2026-07-19;2026-07-20;0.0;384.2
367916;1;1;0;128.0;128;2026-03-16;2026-03-16;100.0;1270.2
3682771;1;1;0;23.0;23;2026-06-29;2026-06-29;0.0;448.8
3685977;10;10;0;145.5;453;2025-04-25;2026-07-12;0.0;5883.599999999999
3692214;1;1;0;1.0;1;2026-07-21;2026-07-21;0.0;408.90000000000003
3696302;1;1;0;89.0;89;2026-04-24;2026-04-24;0.0;597.3
3699782;1;0;1;1.0;1;2026-07-21;2026-07-21;0.0;528.99
3704814;3;3;0;305.3;728;2024-07-24;2026-04-22;0.0;926.4000000000001
370935;5;5;0;33.2;91;2026-04-22;2026-07-15;0.0;3199.5
3715080;2;1;1;120.0;233;2025-12-01;2026-07-15;0.0;1492.1
3717492;2;2;0;3.0;3;2026-07-19;2026-07-19;0.0;3861.0
3718994;2;0;2;1.5;2;2026-07-20;2026-07-21;0.0;530.1
3720856;1;1;0;436.0;436;2025-05-12;2025-05-12;0.0;537.3
372309;1;0;1;2.0;2;2026-07-20;2026-07-20;0.0;239.45
3731555;1;0;1;2.0;2;2026-07-20;2026-07-20;0.0;239.51999999999998
3735534;1;1;0;70.0;70;2026-05-13;2026-05-13;0.0;627.0
3736724;1;0;1;6.0;6;2026-07-16;2026-07-16;0.0;227.4
373810;4;4;0;98.0;370;2025-07-17;2026-07-17;0.0;1555.2
3745443;1;1;0;260.0;260;2025-11-04;2025-11-04;0.0;268.8
3760393;4;4;0;178.8;345;2025-08-11;2026-07-15;0.0;1374.6
3762595;1;1;0;30.0;30;2026-06-22;2026-06-22;0.0;310.75
3764091;1;1;0;5619.0;5619;2011-03-04;2011-03-04;0.0;447.0
3773468;2;2;0;130.5;133;2026-03-11;2026-03-16;0.0;1014.0
3776291;1;1;0;9.0;9;2026-07-13;2026-07-13;0.0;447.0
3782731;1;0;1;22.0;22;2026-06-30;2026-06-30;0.0;833.8
3787561;1;1;0;96.0;96;2026-04-17;2026-04-17;0.0;268.8
3789061;2;2;0;529.0;562;2025-01-06;2025-03-13;0.0;657.6
3793528;1;1;0;231.0;231;2025-12-03;2025-12-03;0.0;388.8
3795114;1;1;0;15.0;15;2026-07-07;2026-07-07;0.0;567.0
3796789;1;0;1;1.0;1;2026-07-21;2026-07-21;0.0;134.7
3809434;1;1;0;170.0;170;2026-02-02;2026-02-02;100.0;491.7
3811838;1;0;1;1.0;1;2026-07-21;2026-07-21;0.0;99.8
3812471;1;1;0;30.0;30;2026-06-22;2026-06-22;0.0;447.0
38126;1;0;1;3.0;3;2026-07-19;2026-07-19;0.0;625.0500000000001
3813047;1;0;1;4.0;4;2026-07-18;2026-07-18;0.0;909.9
3816635;11;3;8;28.0;51;2026-06-01;2026-07-03;0.0;27175.65
3833461;2;0;2;6.0;10;2026-07-12;2026-07-20;0.0;1421.7499999999998
3843014;3;3;0;92.0;100;2026-04-13;2026-05-07;33.3;1617.9
3843195;1;0;1;6.0;6;2026-07-16;2026-07-16;0.0;894.8000000000001
3843970;1;1;0;167.0;167;2026-02-05;2026-02-05;0.0;955.5
385135;2;0;2;2.0;2;2026-07-20;2026-07-20;0.0;1117.7599999999998
3852142;1;0;1;3.0;3;2026-07-19;2026-07-19;0.0;467.09999999999997
3853473;3;0;3;1.7;2;2026-07-20;2026-07-21;0.0;439.0
3856998;1;1;0;10.0;10;2026-07-12;2026-07-12;0.0;767.25
3858570;1;1;0;47.0;47;2026-06-05;2026-06-05;0.0;777.3
3865532;2;2;0;170.0;261;2025-11-03;2026-05-04;0.0;894.0
3865770;1;0;1;2.0;2;2026-07-20;2026-07-20;0.0;439.2
3869604;2;0;2;1.0;1;2026-07-21;2026-07-21;0.0;1512.8000000000002
3875074;1;0;1;1.0;1;2026-07-21;2026-07-21;0.0;269.55
3876538;3;3;0;54.3;119;2026-03-25;2026-07-08;0.0;2922.0
3878627;1;0;1;1.0;1;2026-07-21;2026-07-21;0.0;517.05
3883938;1;1;0;51.0;51;2026-06-01;2026-06-01;0.0;507.0
3899896;1;0;1;2.0;2;2026-07-20;2026-07-20;0.0;151.6
3900437;2;2;0;71.5;135;2026-03-09;2026-07-14;0.0;617.7
3900519;3;3;0;99.0;193;2026-01-10;2026-07-20;0.0;2856.45
3901864;4;4;0;45.5;75;2026-05-08;2026-07-13;0.0;3325.35
3919038;1;1;0;449.0;449;2025-04-29;2025-04-29;0.0;627.0
3933701;1;1;0;49.0;49;2026-06-03;2026-06-03;0.0;537.3
3934317;2;0;2;1.0;1;2026-07-21;2026-07-21;0.0;1189.8
3936784;1;1;0;349.0;349;2025-08-07;2025-08-07;0.0;388.8
3937754;1;0;1;1.0;1;2026-07-21;2026-07-21;0.0;376.47
395086;3;3;0;88.0;129;2026-03-15;2026-06-20;100.0;2460.6000000000004
3952884;2;2;0;801.0;826;2024-04-17;2024-06-06;0.0;1074.0
3954762;1;1;0;41.0;41;2026-06-11;2026-06-11;0.0;737.4
3954964;1;1;0;42.0;42;2026-06-10;2026-06-10;0.0;537.3
396191;3;1;2;33.7;96;2026-04-17;2026-07-20;0.0;4487.700000000001
3964949;3;3;0;150.7;198;2026-01-05;2026-04-01;100.0;1596.9
3979199;1;1;0;9.0;9;2026-07-13;2026-07-13;0.0;927.0
398187;1;0;1;2.0;2;2026-07-20;2026-07-20;0.0;311.40000000000003
3984166;1;1;0;166.0;166;2026-02-06;2026-02-06;0.0;268.8
4008144;2;1;1;336.0;671;2024-09-19;2026-07-21;0.0;780.2
4023139;1;0;1;6.0;6;2026-07-16;2026-07-16;0.0;449.1
4023231;1;1;0;484.0;484;2025-03-25;2025-03-25;0.0;388.8
403533;2;1;1;5.5;9;2026-07-13;2026-07-20;0.0;1240.2
4036931;2;2;0;73.0;106;2026-04-07;2026-06-12;0.0;1914.3
4041327;1;0;1;3.0;3;2026-07-19;2026-07-19;0.0;517.05
405165;1;1;0;37.0;37;2026-06-15;2026-06-15;0.0;1015.5
406257;2;2;0;288.0;288;2025-10-07;2025-10-07;0.0;1431.0
406281;1;0;1;2.0;2;2026-07-20;2026-07-20;0.0;199.45
4065024;1;0;1;3.0;3;2026-07-19;2026-07-19;0.0;269.4
4069113;8;1;7;19.8;119;2026-03-25;2026-07-22;0.0;3861.65
4079891;1;0;1;2.0;2;2026-07-20;2026-07-20;0.0;269.4
4080763;2;2;0;250.0;480;2025-03-29;2026-07-02;100.0;983.4
4090378;1;0;1;12.0;12;2026-07-10;2026-07-10;0.0;1868.3999999999999
4090518;2;1;1;5.0;8;2026-07-14;2026-07-20;0.0;1939.5
409189;1;0;1;3.0;3;2026-07-19;2026-07-19;0.0;644.0
4111643;1;0;1;1.0;1;2026-07-21;2026-07-21;0.0;1118.5
4116009;1;1;0;36.0;36;2026-06-16;2026-06-16;0.0;775.5
4117605;1;1;0;53.0;53;2026-05-30;2026-05-30;0.0;895.5
4117786;1;1;0;9.0;9;2026-07-13;2026-07-13;0.0;388.8
4131800;2;2;0;289.0;303;2025-09-22;2025-10-20;50.0;1207.2
4132024;1;1;0;65.0;65;2026-05-18;2026-05-18;0.0;735.6
4132146;1;0;1;1.0;1;2026-07-21;2026-07-21;0.0;626.5500000000001
4137056;4;3;1;132.0;289;2025-10-06;2026-07-21;0.0;1771.1
4142405;2;1;1;71.0;135;2026-03-09;2026-07-15;0.0;1723.0
415196;1;1;0;62.0;62;2026-05-21;2026-05-21;0.0;268.8
4153126;1;1;0;86.0;86;2026-04-27;2026-04-27;0.0;298.5
415319;1;1;0;33.0;33;2026-06-19;2026-06-19;0.0;268.8
4156640;1;1;0;131.0;131;2026-03-13;2026-03-13;0.0;268.8
4158615;3;3;0;258.0;300;2025-09-25;2026-01-07;0.0;1401.0
4159734;3;3;0;299.0;762;2024-06-20;2026-06-23;0.0;848.35
4162470;1;0;1;1.0;1;2026-07-21;2026-07-21;0.0;99.8
4165685;1;0;1;1.0;1;2026-07-21;2026-07-21;0.0;335.55
4169141;1;1;0;1507.0;1507;2022-06-06;2022-06-06;0.0;418.5
4180452;9;9;0;28.8;107;2026-04-06;2026-07-20;88.9;5460.6
4186251;2;1;1;123.0;242;2025-11-22;2026-07-18;0.0;708.55
4187352;1;0;1;2.0;2;2026-07-20;2026-07-20;0.0;189.5
4187426;1;0;1;6.0;6;2026-07-16;2026-07-16;0.0;391.05
4198180;6;6;0;42.0;43;2026-06-09;2026-06-11;0.0;1852.8000000000002
4198600;1;1;0;400.0;400;2025-06-17;2025-06-17;0.0;447.0
4198649;2;1;1;150.5;300;2025-09-25;2026-07-21;50.0;368.35
4201506;1;0;1;2.0;2;2026-07-20;2026-07-20;0.0;263.65000000000003
420813;1;1;0;383.0;383;2025-07-04;2025-07-04;0.0;567.0
4211029;1;1;0;98.0;98;2026-04-15;2026-04-15;0.0;507.0
4216392;2;0;2;1.5;2;2026-07-20;2026-07-21;0.0;296.55
4217851;1;0;1;9.0;9;2026-07-13;2026-07-13;0.0;1118.45
4226208;1;0;1;1.0;1;2026-07-21;2026-07-21;0.0;113.80000000000001
4229609;1;1;0;36.0;36;2026-06-16;2026-06-16;0.0;715.5
4249532;2;2;0;205.5;405;2025-06-12;2026-07-16;0.0;1094.7
4253448;3;1;2;62.7;177;2026-01-26;2026-07-18;0.0;2349.0
4257589;2;2;0;1039.0;2011;2021-01-18;2026-05-16;0.0;447.0
4259314;2;0;2;1.0;1;2026-07-21;2026-07-21;0.0;275.52
4260565;1;1;0;596.0;596;2024-12-03;2024-12-03;0.0;775.5
4263368;1;0;1;2.0;2;2026-07-20;2026-07-20;0.0;274.25
4265238;1;1;0;57.0;57;2026-05-26;2026-05-26;0.0;957.3
4265456;1;0;1;1.0;1;2026-07-21;2026-07-21;0.0;209.54999999999998
4273535;5;5;0;22.6;37;2026-06-15;2026-07-08;0.0;4646.700000000001
4276937;2;2;0;216.5;356;2025-07-31;2026-05-06;0.0;2151.0
4282280;1;1;0;128.0;128;2026-03-16;2026-03-16;100.0;313.5
4286161;1;1;0;30.0;30;2026-06-22;2026-06-22;0.0;567.0
4291849;2;2;0;71.0;134;2026-03-10;2026-07-14;0.0;954.0
4293226;1;1;0;27.0;27;2026-06-25;2026-06-25;0.0;268.8
4296813;1;1;0;161.0;161;2026-02-11;2026-02-11;0.0;388.8
4298507;1;1;0;3837.0;3837;2016-01-19;2016-01-19;0.0;298.5
43;3;3;0;159.3;232;2025-12-02;2026-06-22;0.0;1342.8
4305366;2;2;0;505.5;529;2025-02-08;2025-03-27;0.0;1911.0
4305774;3;3;0;124.3;352;2025-08-04;2026-07-13;0.0;1671.3
4306856;2;2;0;30.5;43;2026-06-09;2026-07-04;0.0;1183.95
4315476;1;0;1;2.0;2;2026-07-20;2026-07-20;0.0;439.2
4318997;1;0;1;1.0;1;2026-07-21;2026-07-21;0.0;77.85000000000001
4322624;3;0;3;2.0;2;2026-07-20;2026-07-20;0.0;1106.0
4326983;1;1;0;19.0;19;2026-07-03;2026-07-03;0.0;388.8
4327750;1;0;1;1.0;1;2026-07-21;2026-07-21;0.0;449.15000000000003
4335046;1;0;1;8.0;8;2026-07-14;2026-07-14;0.0;750.6000000000001
4345742;2;2;0;236.5;282;2025-10-13;2026-01-12;0.0;657.6
4346806;1;1;0;69.0;69;2026-05-14;2026-05-14;0.0;507.0
4354757;1;1;0;365.0;365;2025-07-22;2025-07-22;0.0;268.8
4356291;1;1;0;163.0;163;2026-02-09;2026-02-09;0.0;447.0
4367067;1;1;0;153.0;153;2026-02-19;2026-02-19;0.0;268.5
4394250;1;0;1;1.0;1;2026-07-21;2026-07-21;0.0;113.7
4395170;4;4;0;25.0;27;2026-06-25;2026-07-02;0.0;3378.8999999999996
4399223;1;0;1;2.0;2;2026-07-20;2026-07-20;0.0;191.70000000000002
4399234;1;1;0;40.0;40;2026-06-12;2026-06-12;0.0;597.3
44028;1;0;1;2.0;2;2026-07-20;2026-07-20;0.0;189.5
4407045;1;0;1;1.0;1;2026-07-21;2026-07-21;0.0;798.4
4410820;1;1;0;167.0;167;2026-02-05;2026-02-05;0.0;557.4
4419128;1;1;0;16.0;16;2026-07-06;2026-07-06;0.0;268.8
4422057;1;0;1;2.0;2;2026-07-20;2026-07-20;0.0;179.6
4422452;1;0;1;1.0;1;2026-07-21;2026-07-21;0.0;113.7
4423469;1;0;1;5.0;5;2026-07-17;2026-07-17;0.0;530.6
4429625;1;1;0;120.0;120;2026-03-24;2026-03-24;0.0;567.0
4430205;2;0;2;2.0;3;2026-07-19;2026-07-21;0.0;530.6
4432320;12;12;0;221.8;803;2024-05-10;2026-07-01;66.7;5904.3
4435368;1;1;0;105.0;105;2026-04-08;2026-04-08;0.0;268.8
4435512;1;1;0;281.0;281;2025-10-14;2025-10-14;0.0;897.3
4445627;1;1;0;345.0;345;2025-08-11;2025-08-11;0.0;897.3
4447507;1;1;0;100.0;100;2026-04-13;2026-04-13;0.0;467.1
4455724;1;0;1;1.0;1;2026-07-21;2026-07-21;0.0;229.5
4456187;1;0;1;2.0;2;2026-07-20;2026-07-20;0.0;1247.5
4457429;6;6;0;193.3;200;2026-01-03;2026-01-15;0.0;2682.0
4458349;2;2;0;54.5;89;2026-04-24;2026-07-02;0.0;657.6
4459055;1;1;0;40.0;40;2026-06-12;2026-06-12;0.0;328.8
4466928;2;1;1;12.0;23;2026-06-29;2026-07-21;0.0;616.2
4467750;1;1;0;386.0;386;2025-07-01;2025-07-01;0.0;268.8
4468025;1;1;0;70.0;70;2026-05-13;2026-05-13;0.0;657.3
4470262;1;1;0;28.0;28;2026-06-24;2026-06-24;0.0;328.8
4472561;1;0;1;1.0;1;2026-07-21;2026-07-21;0.0;99.8
4475681;1;0;1;5.0;5;2026-07-17;2026-07-17;0.0;559.25
4476695;2;0;2;6.5;11;2026-07-11;2026-07-20;0.0;985.4
4479030;3;3;0;119.7;186;2026-01-17;2026-07-18;0.0;1463.1
4481343;2;2;0;538.5;994;2023-11-01;2026-04-30;0.0;564.3
4483330;1;1;0;1531.0;1531;2022-05-13;2022-05-13;0.0;567.0
4488605;1;1;0;2.0;2;2026-07-20;2026-07-20;0.0;907.35
4492610;4;2;2;16.2;34;2026-06-18;2026-07-21;0.0;3604.65
4493172;1;1;0;35.0;35;2026-06-17;2026-06-17;0.0;268.8
4493931;3;1;2;45.3;106;2026-04-07;2026-07-20;0.0;2742.7999999999997
4499583;3;3;0;89.3;189;2026-01-14;2026-07-21;0.0;1791.8999999999999
4499987;2;0;2;3.0;5;2026-07-17;2026-07-21;0.0;794.3
4503796;1;1;0;606.0;606;2024-11-23;2024-11-23;0.0;328.8
4507927;1;1;0;70.0;70;2026-05-13;2026-05-13;100.0;491.7
4508218;1;1;0;728.0;728;2024-07-24;2024-07-24;0.0;268.8
4511583;5;2;3;28.0;85;2026-04-28;2026-07-21;0.0;5439.5
4512613;1;0;1;0.0;0;2026-07-22;2026-07-22;0.0;0.0
4516136;1;1;0;13.0;13;2026-07-09;2026-07-09;0.0;1125.45
4516335;1;1;0;131.0;131;2026-03-13;2026-03-13;0.0;328.8
4520835;1;1;0;100.0;100;2026-04-13;2026-04-13;100.0;671.7
4526849;1;1;0;9.0;9;2026-07-13;2026-07-13;0.0;268.8
4531149;1;1;0;47.0;47;2026-06-05;2026-06-05;0.0;597.3
4533189;2;0;2;4.5;8;2026-07-14;2026-07-21;0.0;2322.0000000000005
4533345;4;3;1;21.5;31;2026-06-21;2026-07-20;75.0;2179.25
4544659;1;1;0;264.0;264;2025-10-31;2025-10-31;0.0;837.3
4549866;1;1;0;65.0;65;2026-05-18;2026-05-18;0.0;268.8
4550362;1;1;0;133.0;133;2026-03-11;2026-03-11;0.0;507.0
4552935;2;2;0;74.0;132;2026-03-12;2026-07-06;0.0;686.1
4553337;1;0;1;1.0;1;2026-07-21;2026-07-21;0.0;349.65000000000003
4567323;1;0;1;2.0;2;2026-07-20;2026-07-20;0.0;447.40000000000003
4578080;1;0;1;1.0;1;2026-07-21;2026-07-21;0.0;149.7
4578713;2;2;0;197.0;197;2026-01-06;2026-01-06;0.0;957.0
4582042;2;2;0;501.5;526;2025-02-11;2025-04-01;0.0;975.9000000000001
4601450;1;0;1;9.0;9;2026-07-13;2026-07-13;0.0;438.78999999999996
4602314;3;3;0;67.0;149;2026-02-23;2026-07-03;0.0;806.4000000000001
4606336;1;0;1;5.0;5;2026-07-17;2026-07-17;0.0;548.9
4606447;2;2;0;172.0;309;2025-09-16;2026-06-17;0.0;777.6
4609169;1;1;0;263.0;263;2025-11-01;2025-11-01;0.0;268.8
4619208;1;0;1;2.0;2;2026-07-20;2026-07-20;0.0;273.65000000000003
4622881;2;1;1;4.5;7;2026-07-15;2026-07-20;0.0;2254.35
4629687;1;1;0;97.0;97;2026-04-16;2026-04-16;0.0;567.0
4639627;1;1;0;191.0;191;2026-01-12;2026-01-12;0.0;1075.5
4656577;2;1;1;8.0;8;2026-07-14;2026-07-14;50.0;1347.6
4676990;3;2;1;132.7;199;2026-01-04;2026-07-21;0.0;1488.3
4680684;2;1;1;1.5;2;2026-07-20;2026-07-21;0.0;731.5
4684944;1;0;1;1.0;1;2026-07-21;2026-07-21;0.0;581.34
4685451;1;0;1;2.0;2;2026-07-20;2026-07-20;0.0;199.45
4688738;5;4;1;216.0;412;2025-06-05;2026-07-21;0.0;2012.4
4695054;1;0;1;2.0;2;2026-07-20;2026-07-20;0.0;391.20000000000005
4699579;1;1;0;37.0;37;2026-06-15;2026-06-15;0.0;388.8
4705089;1;0;1;10.0;10;2026-07-12;2026-07-12;0.0;1441.6999999999998
47060;2;2;0;52.5;70;2026-05-13;2026-06-17;0.0;657.6
4710259;10;7;3;59.3;231;2025-12-03;2026-07-21;0.0;3755.8
4720520;2;0;2;1.0;1;2026-07-21;2026-07-21;0.0;699.1
4733087;9;9;0;203.3;1360;2022-10-31;2026-07-08;0.0;3857.4
4736665;3;0;3;9.3;16;2026-07-06;2026-07-20;0.0;3822.15
4737867;1;0;1;1.0;1;2026-07-21;2026-07-21;0.0;125.75
47633;2;1;1;67.5;132;2026-03-12;2026-07-19;0.0;578.3
4765523;1;1;0;485.0;485;2025-03-24;2025-03-24;0.0;567.0
4765554;1;1;0;910.0;910;2024-01-24;2024-01-24;0.0;268.8
4766900;1;0;1;8.0;8;2026-07-14;2026-07-14;0.0;454.8
4768195;4;4;0;480.0;610;2024-11-19;2025-11-05;0.0;2420.1
4769455;1;1;0;63.0;63;2026-05-20;2026-05-20;0.0;268.8
4774251;8;4;4;54.2;190;2026-01-13;2026-07-20;0.0;3486.92
4774760;1;1;0;68.0;68;2026-05-15;2026-05-15;0.0;418.5
4775372;1;1;0;9.0;9;2026-07-13;2026-07-13;0.0;537.3
4776756;1;1;0;147.0;147;2026-02-25;2026-02-25;0.0;597.3
4779467;1;1;0;23.0;23;2026-06-29;2026-06-29;0.0;447.0
4787338;1;1;0;1157.0;1157;2023-05-22;2023-05-22;0.0;763.5
4788122;4;1;3;8.5;15;2026-07-07;2026-07-21;0.0;1562.5
4789450;1;1;0;118.0;118;2026-03-26;2026-03-26;0.0;447.0
4789820;3;3;0;61.0;105;2026-04-08;2026-06-23;0.0;1731.8999999999999
4794072;1;1;0;114.0;114;2026-03-30;2026-03-30;0.0;268.8
4799181;2;2;0;103.5;107;2026-04-06;2026-04-13;0.0;657.6
4801865;2;0;2;4.5;7;2026-07-15;2026-07-20;0.0;1280.8999999999999
4802843;1;1;0;133.0;133;2026-03-11;2026-03-11;0.0;388.8
4805374;1;0;1;13.0;13;2026-07-09;2026-07-09;0.0;823.5
4811600;4;4;0;70.8;74;2026-05-09;2026-05-14;0.0;1555.2
4812084;3;3;0;45.7;96;2026-04-17;2026-07-17;0.0;2001.0
4815075;1;1;0;554.0;554;2025-01-14;2025-01-14;0.0;268.8
4816519;1;1;0;4696.0;4696;2013-09-12;2013-09-12;0.0;567.0
4818209;2;1;1;15.0;28;2026-06-24;2026-07-20;0.0;2223.4
4818442;1;1;0;75.0;75;2026-05-08;2026-05-08;0.0;587.1
4820166;1;0;1;2.0;2;2026-07-20;2026-07-20;0.0;151.6
4820387;1;1;0;55.0;55;2026-05-28;2026-05-28;0.0;657.3
4825078;2;2;0;293.5;295;2025-09-30;2025-10-03;0.0;1222.5
4826920;2;0;2;8.5;15;2026-07-07;2026-07-20;0.0;3116.5499999999997
4828679;1;1;0;135.0;135;2026-03-09;2026-03-09;0.0;328.8
4828753;1;1;0;6.0;6;2026-07-16;2026-07-16;0.0;715.5
4837259;3;2;1;174.7;470;2025-04-08;2026-07-19;0.0;1026.42
4839836;1;0;1;1.0;1;2026-07-21;2026-07-21;0.0;37.9
4840883;1;1;0;44.0;44;2026-06-08;2026-06-08;0.0;268.8
4855563;1;1;0;30.0;30;2026-06-22;2026-06-22;0.0;775.5
4855992;4;4;0;23.2;34;2026-06-18;2026-07-15;75.0;1950.6000000000001
4856086;1;1;0;60.0;60;2026-05-23;2026-05-23;0.0;268.8
4857785;2;2;0;2045.0;2045;2020-12-15;2020-12-15;0.0;597.0
4858803;3;3;0;243.0;540;2025-01-28;2026-05-26;0.0;1344.6
4859440;1;1;0;21.0;21;2026-07-01;2026-07-01;0.0;268.8
4865435;1;0;1;1.0;1;2026-07-21;2026-07-21;0.0;233.54999999999998
4870805;2;2;0;134.0;180;2026-01-23;2026-04-25;0.0;1134.0
4872040;1;1;0;58.0;58;2026-05-25;2026-05-25;0.0;388.8
4872176;1;1;0;56.0;56;2026-05-27;2026-05-27;0.0;388.8
4882166;2;0;2;2.5;3;2026-07-19;2026-07-20;0.0;363.2
4882635;1;1;0;28.0;28;2026-06-24;2026-06-24;0.0;579.25
4886319;1;1;0;2716.0;2716;2019-02-13;2019-02-13;0.0;418.5
4895741;1;1;0;167.0;167;2026-02-05;2026-02-05;0.0;447.0
4896290;1;1;0;100.0;100;2026-04-13;2026-04-13;0.0;715.5
4901869;1;0;1;2.0;2;2026-07-20;2026-07-20;0.0;287.4
4902289;1;1;0;196.0;196;2026-01-07;2026-01-07;0.0;268.8
4908206;1;1;0;113.0;113;2026-03-31;2026-03-31;0.0;567.0
4909847;1;0;1;2.0;2;2026-07-20;2026-07-20;0.0;274.25
4916296;4;4;0;192.8;331;2025-08-25;2026-05-13;0.0;3856.5
4917220;1;0;1;10.0;10;2026-07-12;2026-07-12;0.0;1230.3500000000001
4917460;1;0;1;3.0;3;2026-07-19;2026-07-19;0.0;671.1
4919835;43;43;0;32.5;81;2026-05-02;2026-07-01;0.0;30498.0
4920639;2;1;1;39.0;68;2026-05-15;2026-07-12;0.0;887.8
4920640;1;0;1;1.0;1;2026-07-21;2026-07-21;0.0;401.4
4921623;4;2;2;247.2;806;2024-05-07;2026-07-21;0.0;1888.6999999999998
4926684;2;0;2;2.5;3;2026-07-19;2026-07-20;0.0;269.4
4927574;3;3;0;58.0;58;2026-05-25;2026-05-25;0.0;1341.0
4928209;1;1;0;118.0;118;2026-03-26;2026-03-26;0.0;268.8
4930576;4;4;0;114.2;252;2025-11-12;2026-07-01;0.0;1671.6
4932747;2;1;1;408.5;814;2024-04-29;2026-07-19;0.0;636.5
4933986;4;4;0;79.5;134;2026-03-10;2026-06-22;0.0;2010.55
4935513;1;0;1;2.0;2;2026-07-20;2026-07-20;0.0;151.6
4935847;1;1;0;478.0;478;2025-03-31;2025-03-31;0.0;268.8
4936012;2;2;0;111.0;118;2026-03-26;2026-04-09;0.0;537.6
4936413;2;2;0;93.5;104;2026-04-09;2026-04-30;50.0;702.3
4942086;1;1;0;405.0;405;2025-06-12;2025-06-12;0.0;298.5
4946427;1;1;0;20.0;20;2026-07-02;2026-07-02;0.0;268.8
4946800;1;0;1;5.0;5;2026-07-17;2026-07-17;0.0;265.3
4947898;5;1;4;27.2;85;2026-04-28;2026-07-15;0.0;3771.2
4955744;1;1;0;562.0;562;2025-01-06;2025-01-06;0.0;975.6
4965339;1;0;1;1.0;1;2026-07-21;2026-07-21;0.0;37.9
4967898;2;2;0;750.5;998;2023-10-28;2025-03-06;0.0;1182.6
4968312;3;3;0;65.0;65;2026-05-18;2026-05-18;0.0;1106.4
4972441;9;9;0;225.8;310;2025-09-15;2026-07-06;0.0;8071.95
4980742;1;0;1;2.0;2;2026-07-20;2026-07-20;0.0;199.6
4981692;2;0;2;2.0;2;2026-07-20;2026-07-20;0.0;301.29999999999995
4983926;1;1;0;295.0;295;2025-09-30;2025-09-30;0.0;268.8
4984215;1;1;0;75.0;75;2026-05-08;2026-05-08;0.0;328.8
4991825;1;0;1;2.0;2;2026-07-20;2026-07-20;0.0;163.65
4996311;1;0;1;6.0;6;2026-07-16;2026-07-16;0.0;748.5
4996516;1;0;1;9.0;9;2026-07-13;2026-07-13;0.0;454.8
4996649;7;7;0;188.4;277;2025-10-18;2026-04-15;0.0;2241.6
4998437;3;3;0;355.7;595;2024-12-04;2026-04-17;0.0;926.4000000000001
5005256;2;1;1;8.5;15;2026-07-07;2026-07-20;0.0;598.4000000000001
5006467;1;1;0;310.0;310;2025-09-15;2025-09-15;0.0;627.0
5007720;1;1;0;184.0;184;2026-01-19;2026-01-19;0.0;447.0
5009310;4;4;0;96.2;226;2025-12-08;2026-07-07;0.0;1788.0
5012523;6;6;0;433.2;720;2024-08-01;2026-05-11;83.3;2789.7
5016044;2;1;1;355.0;709;2024-08-12;2026-07-21;0.0;709.2
5020099;1;1;0;35.0;35;2026-06-17;2026-06-17;0.0;835.5
5020503;1;0;1;15.0;15;2026-07-07;2026-07-07;0.0;1086.12
5023213;1;0;1;3.0;3;2026-07-19;2026-07-19;0.0;224.5
5024496;9;8;1;56.0;160;2026-02-12;2026-07-17;0.0;5292.15
5032007;1;0;1;2.0;2;2026-07-20;2026-07-20;0.0;149.7
5034873;1;0;1;2.0;2;2026-07-20;2026-07-20;0.0;209.51000000000002
5036554;1;1;0;258.0;258;2025-11-06;2025-11-06;0.0;268.8
5037655;1;1;0;314.0;314;2025-09-11;2025-09-11;0.0;627.0
5045257;1;1;0;222.0;222;2025-12-12;2025-12-12;0.0;1667.3999999999999
5047055;1;0;1;3.0;3;2026-07-19;2026-07-19;0.0;289.35
5053630;1;0;1;2.0;2;2026-07-20;2026-07-20;0.0;103.78
5058484;1;0;1;2.0;2;2026-07-20;2026-07-20;0.0;3271.7999999999997
5058775;2;2;0;116.5;187;2026-01-16;2026-06-06;0.0;1014.0
5059101;4;4;0;38.5;56;2026-05-27;2026-07-09;0.0;2862.0
5064362;1;0;1;1.0;1;2026-07-21;2026-07-21;0.0;116.85000000000001
5065208;1;0;1;3.0;3;2026-07-19;2026-07-19;0.0;525.3100000000001
5071103;1;0;1;4.0;4;2026-07-18;2026-07-18;0.0;701.55
5071987;1;1;0;107.0;107;2026-04-06;2026-04-06;0.0;268.8
5073124;1;1;0;266.0;266;2025-10-29;2025-10-29;0.0;2397.3
5073180;1;1;0;252.0;252;2025-11-12;2025-11-12;0.0;748.8
5074040;1;1;0;89.0;89;2026-04-24;2026-04-24;0.0;447.0
5075483;1;0;1;1.0;1;2026-07-21;2026-07-21;0.0;134.7
5076464;1;0;1;2.0;2;2026-07-20;2026-07-20;0.0;145.7
5084250;1;1;0;6.0;6;2026-07-16;2026-07-16;0.0;927.3
5084517;2;2;0;226.5;258;2025-11-06;2026-01-08;0.0;835.8
5085291;1;1;0;117.0;117;2026-03-27;2026-03-27;0.0;597.3
5085597;1;0;1;3.0;3;2026-07-19;2026-07-19;0.0;1881.9500000000003
5091816;3;1;2;11.3;29;2026-06-23;2026-07-20;0.0;2727.1
5092172;1;1;0;2398.0;2398;2019-12-28;2019-12-28;0.0;507.0
5099910;4;4;0;20.5;65;2026-05-18;2026-07-21;75.0;2077.3500000000004
5101304;1;1;0;6.0;6;2026-07-16;2026-07-16;0.0;657.3
5108041;1;0;1;10.0;10;2026-07-12;2026-07-12;0.0;454.8
5108229;1;0;1;2.0;2;2026-07-20;2026-07-20;0.0;75.8
5112668;1;0;1;2.0;2;2026-07-20;2026-07-20;0.0;155.70000000000002
5112986;2;2;0;33.5;44;2026-06-08;2026-06-29;0.0;1372.8
5113579;1;1;0;51.0;51;2026-06-01;2026-06-01;0.0;747.3
5113667;1;0;1;2.0;2;2026-07-20;2026-07-20;0.0;257.5
5120291;2;2;0;183.5;351;2025-08-05;2026-07-06;0.0;1284.3
5122967;1;1;0;293.0;293;2025-10-02;2025-10-02;0.0;388.8
5123183;4;4;0;145.0;296;2025-09-29;2026-07-13;0.0;1493.4
5128580;2;2;0;163.5;259;2025-11-05;2026-05-15;0.0;2041.1999999999998
5128618;1;1;0;8.0;8;2026-07-14;2026-07-14;0.0;715.5
5137157;1;1;0;14.0;14;2026-07-08;2026-07-08;0.0;496.95
5142445;1;0;1;5.0;5;2026-07-17;2026-07-17;0.0;544.9499999999999
5149530;1;1;0;498.0;498;2025-03-11;2025-03-11;0.0;388.8
5149833;2;1;1;359.0;716;2024-08-05;2026-07-20;0.0;580.2
5153734;1;1;0;28.0;28;2026-06-24;2026-06-24;0.0;390.85
5155624;1;0;1;3.0;3;2026-07-19;2026-07-19;0.0;179.6
5162658;4;4;0;227.0;264;2025-10-31;2026-03-28;100.0;1986.9
5165621;1;1;0;20.0;20;2026-07-02;2026-07-02;0.0;388.8
5167557;1;1;0;4.0;4;2026-07-18;2026-07-18;0.0;587.25
5168117;4;3;1;12.2;19;2026-07-03;2026-07-20;0.0;2828.15
5170367;2;2;0;161.0;237;2025-11-27;2026-04-28;0.0;677.7
5182012;1;0;1;2.0;2;2026-07-20;2026-07-20;0.0;151.6
5189056;1;1;0;27.0;27;2026-06-25;2026-06-25;0.0;388.8
5190128;2;2;0;70.5;128;2026-03-16;2026-07-09;0.0;537.6
5191481;1;1;0;14.0;14;2026-07-08;2026-07-08;0.0;328.8
5191762;1;1;0;86.0;86;2026-04-27;2026-04-27;0.0;447.0
5195677;2;1;1;14.5;28;2026-06-24;2026-07-21;0.0;404.6
5205966;1;1;0;87.0;87;2026-04-26;2026-04-26;0.0;268.8
5208007;1;1;0;37.0;37;2026-06-15;2026-06-15;0.0;1035.6
5210943;1;0;1;1.0;1;2026-07-21;2026-07-21;0.0;75.8
5216906;1;0;1;3.0;3;2026-07-19;2026-07-19;0.0;1150.2
5218414;2;2;0;40.0;65;2026-05-18;2026-07-07;0.0;1462.5
5219367;1;1;0;252.0;252;2025-11-12;2025-11-12;0.0;715.5
5224696;1;1;0;52.0;52;2026-05-31;2026-05-31;0.0;268.8
5225435;1;0;1;3.0;3;2026-07-19;2026-07-19;0.0;383.95000000000005
5230336;1;1;0;63.0;63;2026-05-20;2026-05-20;0.0;597.3
5236590;1;1;0;37.0;37;2026-06-15;2026-06-15;0.0;328.8
5244841;1;0;1;1.0;1;2026-07-21;2026-07-21;0.0;160.85
5246017;1;1;0;34.0;34;2026-06-18;2026-06-18;0.0;388.8
5247803;1;1;0;3.0;3;2026-07-19;2026-07-19;0.0;607.35
5275842;12;12;0;58.8;197;2026-01-06;2026-07-17;75.0;7122.9
5279423;1;0;1;4.0;4;2026-07-18;2026-07-18;0.0;492.70000000000005
5292568;2;1;1;19.0;37;2026-06-15;2026-07-21;0.0;684.7
5299605;1;1;0;14.0;14;2026-07-08;2026-07-08;0.0;897.3
5300357;1;0;1;1.0;1;2026-07-21;2026-07-21;0.0;497.35
5304346;4;4;0;48.2;60;2026-05-23;2026-06-26;100.0;2568.0
5308833;1;1;0;30.0;30;2026-06-22;2026-06-22;0.0;1225.5
5310626;1;1;0;190.0;190;2026-01-13;2026-01-13;0.0;447.0
5313904;1;0;1;1.0;1;2026-07-21;2026-07-21;0.0;155.9
5314775;3;2;1;76.3;169;2026-02-03;2026-07-20;0.0;1085.3
5323202;1;0;1;1.0;1;2026-07-21;2026-07-21;0.0;568.5
5324092;1;0;1;2.0;2;2026-07-20;2026-07-20;0.0;113.7
5328139;3;3;0;62.7;135;2026-03-09;2026-06-29;0.0;2004.6
5332033;1;1;0;971.0;971;2023-11-24;2023-11-24;0.0;267.0
534841;2;1;1;264.0;527;2025-02-10;2026-07-21;50.0;1436.5500000000002
5380000;12;0;12;6.8;16;2026-07-06;2026-07-21;0.0;6692.6
5392056;1;1;0;107.0;107;2026-04-06;2026-04-06;0.0;1825.5
5393351;1;0;1;11.0;11;2026-07-11;2026-07-11;0.0;856.3499999999999
5395526;7;7;0;148.0;163;2026-02-09;2026-03-06;0.0;5278.5
5405049;1;1;0;54.0;54;2026-05-29;2026-05-29;0.0;328.8
5405672;1;1;0;91.0;91;2026-04-22;2026-04-22;0.0;328.8
5406909;2;2;0;98.0;132;2026-03-12;2026-05-19;0.0;537.6
540737;3;3;0;37.7;69;2026-05-14;2026-07-15;0.0;1941.6
5410785;3;2;1;589.0;1122;2023-06-26;2026-07-20;0.0;946.75
5415213;1;0;1;1.0;1;2026-07-21;2026-07-21;0.0;1246.95
5415378;2;1;1;27.5;54;2026-05-29;2026-07-21;0.0;656.7
5420325;1;1;0;103.0;103;2026-04-10;2026-04-10;0.0;268.8
5426304;1;1;0;50.0;50;2026-06-02;2026-06-02;0.0;777.3
5428637;4;0;4;3.8;6;2026-07-16;2026-07-20;0.0;1478.85
5432425;1;0;1;2.0;2;2026-07-20;2026-07-20;0.0;151.6
5447263;1;0;1;24.0;24;2026-06-28;2026-06-28;0.0;1297.4
5455830;1;1;0;140.0;140;2026-03-04;2026-03-04;0.0;715.5
5457701;2;2;0;2300.0;2844;2018-10-08;2021-09-30;0.0;1014.0
5457983;3;3;0;77.0;93;2026-04-20;2026-05-30;0.0;1373.1
5458025;1;0;1;2.0;2;2026-07-20;2026-07-20;0.0;259.5
5468019;1;1;0;7.0;7;2026-07-15;2026-07-15;0.0;857.4
5474796;1;1;0;30.0;30;2026-06-22;2026-06-22;0.0;430.75
5479473;1;1;0;67.0;67;2026-05-16;2026-05-16;0.0;388.8
5480345;1;0;1;2.0;2;2026-07-20;2026-07-20;0.0;439.2
5480821;4;4;0;265.2;498;2025-03-11;2026-07-09;75.0;1956.0
5483559;1;0;1;3.0;3;2026-07-19;2026-07-19;0.0;609.2
5487270;2;2;0;3319.5;4870;2013-03-22;2021-09-17;0.0;717.0
5490542;2;2;0;54.5;93;2026-04-20;2026-07-06;0.0;686.1
5491424;1;1;0;294.0;294;2025-10-01;2025-10-01;0.0;328.8
5496045;2;1;1;4.5;6;2026-07-16;2026-07-19;0.0;1836.7
5496451;1;0;1;4.0;4;2026-07-18;2026-07-18;0.0;389.25
5496470;1;0;1;4.0;4;2026-07-18;2026-07-18;0.0;314.3
5498811;1;0;1;2.0;2;2026-07-20;2026-07-20;0.0;479.25
5500305;1;0;1;2.0;2;2026-07-20;2026-07-20;0.0;670.9499999999999
5500744;2;2;0;545.0;966;2023-11-29;2026-03-20;0.0;506.1
5504990;2;1;1;7.5;8;2026-07-14;2026-07-15;0.0;1050.9
5505523;1;0;1;22.0;22;2026-06-30;2026-06-30;0.0;833.8
5507417;2;0;2;1.5;2;2026-07-20;2026-07-21;0.0;441.0
5507435;1;0;1;24.0;24;2026-06-28;2026-06-28;0.0;909.6
5511229;1;1;0;16.0;16;2026-07-06;2026-07-06;0.0;567.0
5518236;1;0;1;2.0;2;2026-07-20;2026-07-20;0.0;299.45
5521332;3;0;3;5.7;8;2026-07-14;2026-07-20;0.0;1776.1
5525070;1;0;1;1.0;1;2026-07-21;2026-07-21;0.0;416.9
5525154;3;3;0;327.0;616;2024-11-13;2026-02-24;0.0;1929.9
5534776;1;1;0;239.0;239;2025-11-25;2025-11-25;0.0;567.0
5536917;1;0;1;9.0;9;2026-07-13;2026-07-13;0.0;1504.0
5537679;1;0;1;1.0;1;2026-07-21;2026-07-21;0.0;75.8
5539301;2;2;0;122.0;184;2026-01-19;2026-05-23;0.0;1074.6
5541597;3;3;0;223.0;245;2025-11-19;2026-01-23;0.0;1654.12
5544934;2;1;1;32.0;63;2026-05-20;2026-07-21;0.0;1482.1999999999998
5547357;2;0;2;2.0;2;2026-07-20;2026-07-20;0.0;966.8
5548239;1;1;0;79.0;79;2026-05-04;2026-05-04;0.0;328.8
5551819;2;1;1;16.0;22;2026-06-30;2026-07-12;0.0;1961.55
5557727;2;1;1;79.5;149;2026-02-23;2026-07-12;0.0;1105.8
5558683;1;0;1;13.0;13;2026-07-09;2026-07-09;0.0;798.4
5560486;1;1;0;135.0;135;2026-03-09;2026-03-09;0.0;388.8
5561971;1;0;1;1.0;1;2026-07-21;2026-07-21;0.0;89.8
5562512;1;1;0;15.0;15;2026-07-07;2026-07-07;0.0;517.05
5563001;1;0;1;2.0;2;2026-07-20;2026-07-20;0.0;303.2
5564233;1;0;1;2.0;2;2026-07-20;2026-07-20;0.0;89.8
5565070;2;2;0;1570.0;2375;2020-01-20;2024-06-17;0.0;1541.1
5567215;2;2;0;211.0;333;2025-08-23;2026-04-24;0.0;2212.8
5567881;1;1;0;72.0;72;2026-05-11;2026-05-11;0.0;1075.5
5572290;1;1;0;22.0;22;2026-06-30;2026-06-30;0.0;567.0
5574048;1;1;0;22.0;22;2026-06-30;2026-06-30;0.0;1417.45
5576483;3;3;0;36.3;83;2026-04-30;2026-07-09;0.0;1646.4
5583513;1;0;1;2.0;2;2026-07-20;2026-07-20;0.0;1278.45
5584874;1;1;0;274.0;274;2025-10-21;2025-10-21;0.0;268.8
5585682;1;0;1;15.0;15;2026-07-07;2026-07-07;0.0;822.75
5590552;4;3;1;1297.8;3200;2017-10-17;2026-07-21;0.0;1447.5
5591133;1;1;0;118.0;118;2026-03-26;2026-03-26;0.0;268.8
5597436;1;1;0;33.0;33;2026-06-19;2026-06-19;0.0;1075.5
5608051;1;1;0;884.0;884;2024-02-19;2024-02-19;0.0;587.1
5611583;1;0;1;1.0;1;2026-07-21;2026-07-21;0.0;174.79000000000002
5614466;1;1;0;148.0;148;2026-02-24;2026-02-24;0.0;447.0
5614730;1;1;0;55.0;55;2026-05-28;2026-05-28;0.0;717.3
5615882;1;0;1;5.0;5;2026-07-17;2026-07-17;0.0;648.75
5616979;1;1;0;432.0;432;2025-05-16;2025-05-16;0.0;388.8
5617087;4;4;0;296.0;296;2025-09-29;2025-09-29;0.0;1075.2
5624625;1;0;1;3.0;3;2026-07-19;2026-07-19;0.0;574.8
5628703;2;2;0;95.0;181;2026-01-22;2026-07-13;0.0;619.52
5634435;1;1;0;2368.0;2368;2020-01-27;2020-01-27;0.0;507.0
5634553;1;1;0;373.0;373;2025-07-14;2025-07-14;0.0;507.0
563511;1;1;0;180.0;180;2026-01-23;2026-01-23;0.0;447.0
5639778;1;1;0;156.0;156;2026-02-16;2026-02-16;0.0;388.8
5642036;1;1;0;279.0;279;2025-10-16;2025-10-16;0.0;328.8
5645326;2;2;0;637.5;916;2024-01-18;2025-07-28;0.0;775.8
5647471;2;2;0;178.0;338;2025-08-18;2026-07-04;0.0;1054.3500000000001
5648236;5;0;5;5.6;12;2026-07-10;2026-07-20;0.0;3552.8999999999996
5650125;2;1;1;13.5;18;2026-07-04;2026-07-13;0.0;1734.0
5653815;4;4;0;100.2;231;2025-12-03;2026-07-08;0.0;2250.3
5663097;3;3;0;626.3;974;2023-11-21;2025-11-26;0.0;1401.0
5675680;1;1;0;70.0;70;2026-05-13;2026-05-13;0.0;715.5
5676026;1;1;0;406.0;406;2025-06-11;2025-06-11;0.0;447.0
5676046;1;1;0;1892.0;1892;2021-05-17;2021-05-17;0.0;418.5
5678758;1;1;0;76.0;76;2026-05-07;2026-05-07;0.0;388.8
5678821;3;3;0;69.0;151;2026-02-21;2026-06-24;0.0;2482.2
5679222;2;0;2;12.0;22;2026-06-30;2026-07-20;0.0;1364.4
5685117;1;1;0;23.0;23;2026-06-29;2026-06-29;0.0;328.8
5687279;2;0;2;8.0;8;2026-07-14;2026-07-14;0.0;1809.5000000000002
5688624;2;2;0;40.5;41;2026-06-11;2026-06-12;0.0;2241.0
5689822;6;2;4;195.8;1124;2023-06-24;2026-07-20;0.0;2234.5
5691751;1;0;1;2.0;2;2026-07-20;2026-07-20;0.0;279.4
5692557;9;9;0;219.6;530;2025-02-07;2026-06-02;0.0;2973.9
5692660;3;3;0;67.0;112;2026-04-01;2026-06-17;0.0;986.4000000000001
5701577;1;1;0;15.0;15;2026-07-07;2026-07-07;0.0;268.8
5702473;1;1;0;1015.0;1015;2023-10-11;2023-10-11;0.0;298.5
5702856;1;1;0;606.0;606;2024-11-23;2024-11-23;0.0;418.5
5713937;2;2;0;906.0;1525;2022-05-19;2025-10-08;0.0;388.8
57212;1;0;1;2.0;2;2026-07-20;2026-07-20;0.0;467.40000000000003
5726786;2;0;2;6.0;10;2026-07-12;2026-07-20;0.0;1267.65
5727105;1;1;0;4.0;4;2026-07-18;2026-07-18;0.0;917.25
5727620;1;0;1;2.0;2;2026-07-20;2026-07-20;0.0;1167.7099999999998
5728589;1;1;0;15.0;15;2026-07-07;2026-07-07;0.0;388.8
5732193;1;0;1;17.0;17;2026-07-05;2026-07-05;0.0;1629.4499999999998
5735446;1;0;1;2.0;2;2026-07-20;2026-07-20;0.0;189.5
5736841;1;1;0;82.0;82;2026-05-01;2026-05-01;0.0;715.5
5745058;1;0;1;1.0;1;2026-07-21;2026-07-21;0.0;155.70000000000002
5746173;1;1;0;18.0;18;2026-07-04;2026-07-04;0.0;777.3
575098;1;1;0;78.0;78;2026-05-05;2026-05-05;0.0;1197.3
5762296;4;4;0;95.5;135;2026-03-09;2026-06-11;0.0;2415.3
5769047;3;3;0;43.3;57;2026-05-26;2026-07-06;0.0;1611.8999999999999
5774210;1;0;1;2.0;2;2026-07-20;2026-07-20;0.0;75.8
5774734;5;5;0;269.0;384;2025-07-03;2026-05-15;0.0;3347.7
5774916;1;1;0;14.0;14;2026-07-08;2026-07-08;0.0;767.4
5778746;1;1;0;254.0;254;2025-11-10;2025-11-10;0.0;677.4
5778846;1;0;1;2.0;2;2026-07-20;2026-07-20;0.0;311.40000000000003
5784052;1;1;0;343.0;343;2025-08-13;2025-08-13;0.0;388.8
5802595;3;3;0;175.7;236;2025-11-28;2026-05-25;0.0;1493.1
5802798;1;0;1;1.0;1;2026-07-21;2026-07-21;0.0;379.6
5802993;1;1;0;471.0;471;2025-04-07;2025-04-07;0.0;268.8
5804679;1;1;0;295.0;295;2025-09-30;2025-09-30;0.0;615.6
5804877;3;3;0;59.7;152;2026-02-20;2026-07-14;0.0;1106.7
5804888;1;0;1;10.0;10;2026-07-12;2026-07-12;0.0;504.75
5805213;1;0;1;1.0;1;2026-07-21;2026-07-21;0.0;164.55
5806556;1;0;1;5.0;5;2026-07-17;2026-07-17;0.0;2288.0
5806619;1;1;0;914.0;914;2024-01-20;2024-01-20;0.0;288.90000000000003
5807073;1;1;0;20.0;20;2026-07-02;2026-07-02;100.0;810.15
5808673;3;0;3;6.0;14;2026-07-08;2026-07-21;0.0;1642.3
5808980;2;0;2;2.0;3;2026-07-19;2026-07-21;0.0;399.2
5809062;2;0;2;1.0;2;2026-07-20;2026-07-22;0.0;199.64999999999998
5815783;11;10;1;61.6;166;2026-02-06;2026-07-20;0.0;10056.45
5818233;2;0;2;4.0;4;2026-07-18;2026-07-18;0.0;698.5999999999999
5841778;1;1;0;26.0;26;2026-06-26;2026-06-26;0.0;268.8
584308;2;2;0;79.0;138;2026-03-06;2026-07-02;0.0;1014.0
5845861;1;0;1;2.0;2;2026-07-20;2026-07-20;0.0;153.6
5847829;1;0;1;5.0;5;2026-07-17;2026-07-17;0.0;609.2
585782;1;0;1;1.0;1;2026-07-21;2026-07-21;0.0;44.9
5858287;1;1;0;170.0;170;2026-02-02;2026-02-02;0.0;557.4
5858542;2;0;2;25.0;26;2026-06-26;2026-06-28;0.0;2046.6000000000001
586185;8;1;7;11.1;23;2026-06-29;2026-07-21;0.0;5304.9
5871843;1;0;1;10.0;10;2026-07-12;2026-07-12;0.0;644.3
5873919;4;4;0;129.2;131;2026-03-13;2026-03-20;0.0;7602.0
5878806;4;2;2;82.2;254;2025-11-10;2026-07-20;0.0;1620.92
5879742;1;0;1;2.0;2;2026-07-20;2026-07-20;0.0;197.70000000000002
5880977;4;4;0;151.2;170;2026-02-02;2026-03-23;0.0;2902.2
5887155;1;1;0;300.0;300;2025-09-25;2025-09-25;0.0;1016.7
5888950;2;0;2;2.0;2;2026-07-20;2026-07-20;0.0;739.0
5897804;1;1;0;11.0;11;2026-07-11;2026-07-11;0.0;448.8
5898012;1;1;0;266.0;266;2025-10-29;2025-10-29;0.0;567.0
5901603;2;0;2;2.0;2;2026-07-20;2026-07-20;0.0;467.1
5901780;4;3;1;207.2;275;2025-10-20;2026-07-16;0.0;1390.2
5905780;2;0;2;4.5;5;2026-07-17;2026-07-18;0.0;1230.35
590649;2;0;2;2.0;2;2026-07-20;2026-07-20;0.0;421.3
5922227;1;0;1;2.0;2;2026-07-20;2026-07-20;0.0;439.2
5924329;1;1;0;545.0;545;2025-01-23;2025-01-23;0.0;328.8
5928047;1;1;0;33.0;33;2026-06-19;2026-06-19;0.0;268.8
5931434;1;0;1;2.0;2;2026-07-20;2026-07-20;0.0;299.45
5932481;1;0;1;1.0;1;2026-07-21;2026-07-21;0.0;205.65000000000003
5933702;1;0;1;1.0;1;2026-07-21;2026-07-21;0.0;199.6
5934804;8;0;8;1.2;3;2026-07-19;2026-07-22;0.0;972.5999999999999
5935546;3;0;3;1.3;2;2026-07-20;2026-07-22;0.0;449.0
5936894;1;1;0;154.0;154;2026-02-18;2026-02-18;0.0;268.8
5940856;2;2;0;26.0;44;2026-06-08;2026-07-14;0.0;1822.5
5962237;1;0;1;2.0;2;2026-07-20;2026-07-20;0.0;239.45
5963171;2;0;2;1.0;2;2026-07-20;2026-07-22;0.0;1169.64
5966590;1;1;0;165.0;165;2026-02-07;2026-02-07;0.0;268.8
5977213;1;1;0;98.0;98;2026-04-15;2026-04-15;0.0;388.8
5994355;1;0;1;6.0;6;2026-07-16;2026-07-16;0.0;859.9499999999999
5996961;2;0;2;2.0;2;2026-07-20;2026-07-20;0.0;635.8800000000001
5998550;3;3;0;172.7;294;2025-10-01;2026-07-02;0.0;2111.55
6000801;1;1;0;30.0;30;2026-06-22;2026-06-22;0.0;1075.5
6004377;4;4;0;82.2;159;2026-02-13;2026-07-17;0.0;1791.6
6004842;4;4;0;22.0;22;2026-06-30;2026-06-30;0.0;4002.0
6008575;1;0;1;2.0;2;2026-07-20;2026-07-20;0.0;239.45
6014963;3;3;0;386.0;910;2024-01-24;2026-03-27;0.0;926.4000000000001
6014986;1;1;0;21.0;21;2026-07-01;2026-07-01;0.0;268.8
6019469;1;1;0;16.0;16;2026-07-06;2026-07-06;0.0;607.35
6020203;3;1;2;45.0;112;2026-04-01;2026-07-21;33.3;3987.5999999999995
6032084;1;1;0;2.0;2;2026-07-20;2026-07-20;0.0;817.35
604022;1;0;1;1.0;1;2026-07-21;2026-07-21;0.0;54.900000000000006
6059294;1;1;0;415.0;415;2025-06-02;2025-06-02;0.0;715.5
6059923;1;1;0;175.0;175;2026-01-28;2026-01-28;0.0;748.8
6065029;1;1;0;1995.0;1995;2021-02-03;2021-02-03;0.0;150.0
6070605;6;6;0;60.3;114;2026-03-30;2026-07-16;100.0;3312.0
6084700;3;3;0;139.3;303;2025-09-22;2026-07-06;0.0;1303.05
6085035;2;1;1;133.0;257;2025-11-07;2026-07-13;0.0;1797.6899999999998
6095375;1;0;1;19.0;19;2026-07-03;2026-07-03;0.0;2523.75
60965;2;2;0;228.0;324;2025-09-01;2026-03-12;0.0;1174.2
6100081;1;0;1;1.0;1;2026-07-21;2026-07-21;0.0;374.52000000000004
6103500;1;1;0;103.0;103;2026-04-10;2026-04-10;0.0;288.90000000000003
6108712;1;1;0;198.0;198;2026-01-05;2026-01-05;0.0;447.0
6110222;2;2;0;519.0;519;2025-02-18;2025-02-18;0.0;1014.0
6110458;1;1;0;415.0;415;2025-06-02;2025-06-02;0.0;388.8
6111415;1;1;0;22.0;22;2026-06-30;2026-06-30;100.0;802.15
6111660;1;0;1;2.0;2;2026-07-20;2026-07-20;0.0;149.7
6112997;3;2;1;248.3;399;2025-06-18;2026-07-21;0.0;587.5
6113361;1;0;1;2.0;2;2026-07-20;2026-07-20;0.0;355.40000000000003
6113967;1;1;0;112.0;112;2026-04-01;2026-04-01;0.0;537.3
6114654;12;12;0;156.0;251;2025-11-13;2026-07-15;0.0;3914.1
6116065;1;1;0;78.0;78;2026-05-05;2026-05-05;0.0;447.0
61196;1;0;1;0.0;0;2026-07-22;2026-07-22;0.0;0.0
6122091;1;0;1;3.0;3;2026-07-19;2026-07-19;0.0;227.4
6124632;1;0;1;10.0;10;2026-07-12;2026-07-12;0.0;1900.3
6130510;3;3;0;159.3;233;2025-12-01;2026-07-05;33.3;2042.7
6138170;1;0;1;2.0;2;2026-07-20;2026-07-20;0.0;199.6
6138274;1;1;0;124.0;124;2026-03-20;2026-03-20;0.0;895.5
6143110;1;1;0;1437.0;1437;2022-08-15;2022-08-15;0.0;567.0
6143567;1;0;1;2.0;2;2026-07-20;2026-07-20;0.0;75.8
6149923;2;0;2;1.5;2;2026-07-20;2026-07-21;0.0;379.0
6151832;3;2;1;220.7;362;2025-07-25;2026-07-21;0.0;1007.7
6152178;1;0;1;2.0;2;2026-07-20;2026-07-20;0.0;241.65000000000003
615424;2;2;0;50.5;64;2026-05-19;2026-06-15;0.0;1014.0
6155458;2;1;1;12.0;16;2026-07-06;2026-07-14;0.0;679.04
6155905;1;0;1;3.0;3;2026-07-19;2026-07-19;0.0;517.05
6157744;3;3;0;168.0;337;2025-08-19;2026-06-09;33.3;1559.7
6163373;2;0;2;1.0;1;2026-07-21;2026-07-21;0.0;113.69999999999999
6163540;1;1;0;280.0;280;2025-10-15;2025-10-15;0.0;775.5
61641;1;1;0;25.0;25;2026-06-27;2026-06-27;0.0;328.8
6165604;2;2;0;339.0;400;2025-06-17;2025-10-17;0.0;984.3
6166954;1;1;0;526.0;526;2025-02-11;2025-02-11;0.0;777.3
6172281;2;2;0;248.0;482;2025-03-27;2026-07-08;0.0;597.6
6194463;1;0;1;10.0;10;2026-07-12;2026-07-12;0.0;690.6500000000001
6195112;1;0;1;5.0;5;2026-07-17;2026-07-17;0.0;1061.2
6199131;1;1;0;184.0;184;2026-01-19;2026-01-19;0.0;775.5
6202766;1;1;0;473.0;473;2025-04-05;2025-04-05;0.0;447.0
6203926;1;1;0;478.0;478;2025-03-31;2025-03-31;0.0;567.0
6207723;1;0;1;13.0;13;2026-07-09;2026-07-09;0.0;707.73
6210540;1;0;1;1.0;1;2026-07-21;2026-07-21;0.0;181.68
6210890;1;0;1;6.0;6;2026-07-16;2026-07-16;0.0;2579.85
6212142;2;2;0;113.5;152;2026-02-20;2026-05-08;0.0;537.6
6213888;2;0;2;1.5;2;2026-07-20;2026-07-21;0.0;418.95
6216981;2;1;1;180.0;358;2025-07-29;2026-07-20;0.0;458.3
6218044;2;0;2;8.0;14;2026-07-08;2026-07-20;0.0;1523.3000000000002
6218431;2;0;2;3.0;5;2026-07-17;2026-07-21;0.0;492.7
6223023;1;0;1;2.0;2;2026-07-20;2026-07-20;0.0;385.5
6223514;1;1;0;237.0;237;2025-11-27;2025-11-27;0.0;447.0
6223955;6;2;4;28.2;104;2026-04-09;2026-07-21;0.0;2326.8
6226619;1;0;1;4.0;4;2026-07-18;2026-07-18;0.0;224.5
6230057;1;0;1;1.0;1;2026-07-21;2026-07-21;0.0;385.5
6236330;1;1;0;1484.0;1484;2022-06-29;2022-06-29;0.0;418.5
62376;1;1;0;98.0;98;2026-04-15;2026-04-15;0.0;388.8
623867;5;5;0;104.0;138;2026-03-06;2026-05-04;0.0;1582.2
6238743;2;2;0;134.0;246;2025-11-18;2026-06-30;0.0;1344.3
6246339;6;6;0;256.0;355;2025-08-01;2026-02-24;0.0;1911.0
6248194;1;0;1;1.0;1;2026-07-21;2026-07-21;0.0;227.4
6252636;3;3;0;42.0;42;2026-06-10;2026-06-10;0.0;3046.5
6253404;2;0;2;1.5;2;2026-07-20;2026-07-21;0.0;505.0
6257381;2;2;0;14.5;27;2026-06-25;2026-07-20;0.0;1183.95
6261252;1;0;1;3.0;3;2026-07-19;2026-07-19;0.0;224.5
6280782;2;2;0;16.0;16;2026-07-06;2026-07-06;0.0;537.6
6285246;1;0;1;1.0;1;2026-07-21;2026-07-21;0.0;283.5
6290768;1;0;1;3.0;3;2026-07-19;2026-07-19;0.0;224.5
6293710;5;3;2;10.2;12;2026-07-10;2026-07-15;0.0;5170.85
6298968;2;0;2;13.0;25;2026-06-27;2026-07-21;0.0;1292.4
6301346;1;1;0;46.0;46;2026-06-06;2026-06-06;0.0;2547.3
6301884;1;0;1;1.0;1;2026-07-21;2026-07-21;0.0;99.8
6304498;1;1;0;3.0;3;2026-07-19;2026-07-19;0.0;567.0
6310380;1;0;1;1.0;1;2026-07-21;2026-07-21;0.0;201.55
6313274;1;1;0;66.0;66;2026-05-17;2026-05-17;0.0;567.0
6313741;3;0;3;2.0;2;2026-07-20;2026-07-20;0.0;543.8
6317331;1;1;0;768.0;768;2024-06-14;2024-06-14;0.0;537.3
6317846;5;4;1;270.4;896;2024-02-07;2026-07-21;0.0;3107.98
6318789;3;2;1;14.3;21;2026-07-01;2026-07-14;0.0;2079.0
6321306;1;1;0;33.0;33;2026-06-19;2026-06-19;0.0;715.5
6321597;1;1;0;257.0;257;2025-11-07;2025-11-07;0.0;298.5
6326662;1;1;0;128.0;128;2026-03-16;2026-03-16;0.0;388.8
6328901;1;1;0;29.0;29;2026-06-23;2026-06-23;0.0;1057.45
6331565;1;1;0;64.0;64;2026-05-19;2026-05-19;0.0;268.8
6332404;2;2;0;172.5;325;2025-08-31;2026-07-02;0.0;537.6
6332406;1;1;0;133.0;133;2026-03-11;2026-03-11;0.0;1225.5
6340422;1;1;0;345.0;345;2025-08-11;2025-08-11;0.0;268.8
6340754;1;1;0;30.0;30;2026-06-22;2026-06-22;0.0;537.3
6341699;3;0;3;1.7;2;2026-07-20;2026-07-21;0.0;666.4
6343426;1;1;0;98.0;98;2026-04-15;2026-04-15;0.0;747.3
6344423;2;1;1;19.5;32;2026-06-20;2026-07-15;0.0;1748.1000000000001
6344532;2;0;2;10.0;19;2026-07-03;2026-07-21;0.0;758.0
6347499;1;0;1;1.0;1;2026-07-21;2026-07-21;0.0;117.80000000000001
6348535;1;0;1;2.0;2;2026-07-20;2026-07-20;0.0;159.68
6356330;17;15;2;128.9;313;2025-09-12;2026-07-20;47.1;6632.35
6357920;1;1;0;1238.0;1238;2023-03-02;2023-03-02;0.0;567.0
636238;2;0;2;1.5;2;2026-07-20;2026-07-21;0.0;227.4
636410;1;1;0;286.0;286;2025-10-09;2025-10-09;0.0;507.0
6365227;1;1;0;307.0;307;2025-09-18;2025-09-18;0.0;268.8
6366596;1;1;0;35.0;35;2026-06-17;2026-06-17;0.0;438.6
6368346;1;0;1;9.0;9;2026-07-13;2026-07-13;0.0;957.5999999999999
6379993;1;1;0;365.0;365;2025-07-22;2025-07-22;0.0;507.0
6381502;3;3;0;196.3;322;2025-09-03;2026-03-30;0.0;1344.6
6381885;3;3;0;75.0;163;2026-02-09;2026-06-22;0.0;806.4000000000001
6397750;2;2;0;552.0;978;2023-11-17;2026-03-18;0.0;984.3
6399973;3;3;0;484.0;510;2025-02-27;2025-05-09;0.0;2178.0
6400570;1;1;0;58.0;58;2026-05-25;2026-05-25;100.0;812.1
6400843;1;0;1;1.0;1;2026-07-21;2026-07-21;0.0;37.9
6407897;1;1;0;76.0;76;2026-05-07;2026-05-07;0.0;777.3
6409808;2;2;0;27.0;52;2026-05-31;2026-07-20;0.0;954.0
641348;2;1;1;4.5;5;2026-07-17;2026-07-18;0.0;1014.5899999999999
6422553;8;8;0;202.8;797;2024-05-16;2026-07-03;0.0;4449.299999999999
6424772;2;2;0;525.0;525;2025-02-12;2025-02-12;0.0;537.6
6425263;1;1;0;88.0;88;2026-04-25;2026-04-25;0.0;925.5
6426610;2;2;0;157.5;170;2026-02-02;2026-02-27;0.0;1252.8
6435932;1;1;0;177.0;177;2026-01-26;2026-01-26;0.0;388.8
6437878;4;4;0;594.2;1328;2022-12-02;2025-10-02;0.0;1900.5
6438026;1;1;0;901.0;901;2024-02-02;2024-02-02;0.0;298.5
6439296;2;0;2;1.0;1;2026-07-21;2026-07-21;0.0;400.21999999999997
643978;2;2;0;37.0;44;2026-06-08;2026-06-22;0.0;777.6
6442044;1;1;0;338.0;338;2025-08-18;2025-08-18;0.0;895.5
6446603;2;2;0;43.5;85;2026-04-28;2026-07-20;0.0;1840.95
6447416;2;2;0;170.0;170;2026-02-02;2026-02-02;0.0;777.6
6449963;1;1;0;83.0;83;2026-04-30;2026-04-30;0.0;268.8
6454375;2;2;0;783.5;1448;2022-08-04;2026-03-25;0.0;537.3
6455992;1;1;0;77.0;77;2026-05-06;2026-05-06;0.0;447.0
6456362;1;0;1;11.0;11;2026-07-11;2026-07-11;0.0;977.3500000000001
6459732;1;0;1;1.0;1;2026-07-21;2026-07-21;0.0;197.70000000000002
6463685;1;1;0;793.0;793;2024-05-20;2024-05-20;0.0;388.8
6468946;1;1;0;786.0;786;2024-05-27;2024-05-27;0.0;685.5
6473533;1;0;1;1.0;1;2026-07-21;2026-07-21;0.0;296.55
6473543;1;0;1;3.0;3;2026-07-19;2026-07-19;0.0;778.5
6479160;1;1;0;33.0;33;2026-06-19;2026-06-19;0.0;268.8
6481063;1;0;1;4.0;4;2026-07-18;2026-07-18;0.0;249.5
6486154;1;1;0;57.0;57;2026-05-26;2026-05-26;0.0;268.8
6487966;1;0;1;4.0;4;2026-07-18;2026-07-18;0.0;239.45
6495149;7;6;1;40.0;168;2026-02-04;2026-07-20;0.0;5270.85
6495820;3;3;0;37.3;96;2026-04-17;2026-07-18;0.0;1543.05
6501798;1;0;1;2.0;2;2026-07-20;2026-07-20;0.0;944.7500000000001
6505140;1;0;1;1.0;1;2026-07-21;2026-07-21;0.0;267.4
6505995;2;2;0;46.0;70;2026-05-13;2026-06-30;50.0;850.8
6507764;3;1;2;8.0;11;2026-07-11;2026-07-16;0.0;2168.75
6508695;1;1;0;191.0;191;2026-01-12;2026-01-12;0.0;388.8
6514060;3;1;2;12.0;27;2026-06-25;2026-07-19;0.0;3255.95
6514480;3;3;0;81.7;99;2026-04-14;2026-06-03;0.0;1284.0
6514653;3;2;1;40.0;117;2026-03-27;2026-07-21;0.0;851.6
6516254;3;3;0;219.3;259;2025-11-05;2026-03-03;0.0;1968.3
6516773;2;0;2;7.5;14;2026-07-08;2026-07-21;0.0;1023.3
6519551;1;0;1;2.0;2;2026-07-20;2026-07-20;0.0;249.68
6521480;4;4;0;69.0;148;2026-02-24;2026-06-25;50.0;1759.2
6526918;1;0;1;2.0;2;2026-07-20;2026-07-20;0.0;1043.9
6527016;1;1;0;252.0;252;2025-11-12;2025-11-12;0.0;447.0
6531419;2;0;2;9.0;16;2026-07-06;2026-07-20;0.0;1845.5500000000002
6532228;4;2;2;68.0;198;2026-01-05;2026-07-21;25.0;2158.9
6532975;2;2;0;54.5;79;2026-05-04;2026-06-22;0.0;537.6
6533853;3;3;0;107.3;212;2025-12-22;2026-06-30;0.0;1335.0
6535188;1;1;0;68.0;68;2026-05-15;2026-05-15;0.0;268.8
6539348;2;1;1;16.0;29;2026-06-23;2026-07-19;0.0;534.1
6541473;1;0;1;6.0;6;2026-07-16;2026-07-16;0.0;404.1
654240;2;1;1;181.5;362;2025-07-25;2026-07-21;0.0;775.0
6544852;1;1;0;89.0;89;2026-04-24;2026-04-24;0.0;777.3
6546162;1;0;1;2.0;2;2026-07-20;2026-07-20;0.0;439.2
6552160;1;1;0;919.0;919;2024-01-15;2024-01-15;0.0;268.8
6556812;3;3;0;275.0;420;2025-05-28;2026-02-25;0.0;1461.0
6557733;2;1;1;767.5;1528;2022-05-16;2026-07-15;0.0;747.5
6558255;1;0;1;1.0;1;2026-07-21;2026-07-21;0.0;106.85000000000001
6565033;4;4;0;34.0;40;2026-06-12;2026-06-25;0.0;1075.2
6566045;2;2;0;39.0;76;2026-05-07;2026-07-20;0.0;1124.55
6567076;2;1;1;227.5;454;2025-04-24;2026-07-21;0.0;1476.8
6578753;1;0;1;1.0;1;2026-07-21;2026-07-21;0.0;283.5
6592247;2;1;1;32.5;64;2026-05-19;2026-07-21;50.0;2385.46
6592385;5;5;0;63.6;140;2026-03-04;2026-06-19;0.0;1970.1
6595912;2;2;0;476.5;770;2024-06-12;2026-01-20;0.0;537.6
6599671;1;1;0;23.0;23;2026-06-29;2026-06-29;0.0;747.3
6600836;2;0;2;2.0;2;2026-07-20;2026-07-20;0.0;905.9000000000001
6601331;1;1;0;499.0;499;2025-03-10;2025-03-10;0.0;268.8
6605366;1;1;0;827.0;827;2024-04-16;2024-04-16;0.0;328.8
6606223;2;2;0;82.0;102;2026-04-11;2026-05-21;0.0;1434.6
6607891;1;1;0;384.0;384;2025-07-03;2025-07-03;0.0;447.0
6619201;2;0;2;1.5;2;2026-07-20;2026-07-21;0.0;225.5
6619919;1;1;0;75.0;75;2026-05-08;2026-05-08;100.0;313.5
6621017;1;1;0;482.0;482;2025-03-27;2025-03-27;0.0;447.0
6621789;20;14;6;55.1;257;2025-11-07;2026-07-21;0.0;20901.5
6624270;2;2;0;5.0;5;2026-07-17;2026-07-17;0.0;2381.1
6624946;1;1;0;126.0;126;2026-03-18;2026-03-18;0.0;1075.5
6625525;1;0;1;1.0;1;2026-07-21;2026-07-21;0.0;49.9
6626306;4;3;1;28.0;99;2026-04-14;2026-07-20;0.0;1856.7
663093;2;2;0;310.5;314;2025-09-11;2025-09-18;0.0;1551.0
6644373;1;0;1;2.0;2;2026-07-20;2026-07-20;0.0;239.8
665006;1;0;1;2.0;2;2026-07-20;2026-07-20;0.0;664.25
6653661;1;0;1;16.0;16;2026-07-06;2026-07-06;0.0;732.1500000000001
6654575;1;0;1;2.0;2;2026-07-20;2026-07-20;0.0;439.2
6660937;1;0;1;3.0;3;2026-07-19;2026-07-19;0.0;936.6700000000001
6662872;1;0;1;2.0;2;2026-07-20;2026-07-20;0.0;417.69999999999993
6663863;1;0;1;2.0;2;2026-07-20;2026-07-20;0.0;149.7
6664083;1;1;0;34.0;34;2026-06-18;2026-06-18;100.0;433.5
6664311;1;0;1;1.0;1;2026-07-21;2026-07-21;0.0;89.8
6664868;1;0;1;1.0;1;2026-07-21;2026-07-21;0.0;160.9
6665676;1;1;0;527.0;527;2025-02-10;2025-02-10;0.0;268.8
6668161;2;2;0;31.5;59;2026-05-24;2026-07-18;100.0;1392.15
6681118;1;1;0;102.0;102;2026-04-11;2026-04-11;0.0;388.8
668535;12;12;0;76.4;145;2026-02-27;2026-07-10;0.0;7647.299999999999
6686208;2;2;0;285.0;473;2025-04-05;2026-04-16;0.0;1764.3
6688101;5;5;0;66.8;116;2026-03-28;2026-07-14;0.0;2778.3999999999996
6688490;1;0;1;1.0;1;2026-07-21;2026-07-21;0.0;403.35
6695247;3;1;2;23.0;54;2026-05-29;2026-07-19;33.3;1077.8
6699821;2;0;2;5.0;5;2026-07-17;2026-07-17;0.0;1189.8
6705427;1;0;1;1.0;1;2026-07-21;2026-07-21;0.0;126.75000000000001
6708110;1;0;1;2.0;2;2026-07-20;2026-07-20;0.0;299.4
6715138;5;5;0;111.6;203;2025-12-31;2026-07-13;100.0;5002.900000000001
6715975;3;2;1;28.3;75;2026-05-08;2026-07-20;0.0;2180.3
6721892;1;1;0;22.0;22;2026-06-30;2026-06-30;0.0;447.0
6731808;1;1;0;50.0;50;2026-06-02;2026-06-02;100.0;611.7
6747779;1;0;1;14.0;14;2026-07-08;2026-07-08;0.0;763.3
675648;1;1;0;26.0;26;2026-06-26;2026-06-26;0.0;955.5
6768754;1;1;0;230.0;230;2025-12-04;2025-12-04;0.0;1015.5
6773224;1;0;1;2.0;2;2026-07-20;2026-07-20;0.0;319.36
6776267;1;1;0;1793.0;1793;2021-08-24;2021-08-24;0.0;298.5
6789884;1;1;0;23.0;23;2026-06-29;2026-06-29;0.0;715.5
6789988;10;10;0;133.4;518;2025-02-19;2026-06-23;100.0;4917.0
6798447;2;0;2;2.0;2;2026-07-20;2026-07-20;0.0;303.2
6800864;1;1;0;184.0;184;2026-01-19;2026-01-19;0.0;268.8
6803094;1;0;1;2.0;2;2026-07-20;2026-07-20;0.0;441.31
6803160;1;1;0;33.0;33;2026-06-19;2026-06-19;0.0;567.0
6803849;2;0;2;2.5;3;2026-07-19;2026-07-20;0.0;289.3
6805218;2;2;0;123.0;189;2026-01-14;2026-05-26;0.0;686.1
6808110;1;1;0;53.0;53;2026-05-30;2026-05-30;0.0;748.8
6815327;2;0;2;2.0;2;2026-07-20;2026-07-20;0.0;622.8
6816211;1;0;1;1.0;1;2026-07-21;2026-07-21;0.0;113.7
6816696;1;0;1;2.0;2;2026-07-20;2026-07-20;0.0;151.6
6816798;1;1;0;448.0;448;2025-04-30;2025-04-30;0.0;268.8
6818880;1;0;1;2.0;2;2026-07-20;2026-07-20;0.0;309.59999999999997
6818948;1;1;0;66.0;66;2026-05-17;2026-05-17;0.0;897.3
6821416;9;9;0;135.4;330;2025-08-26;2026-07-06;0.0;4023.0
6822142;1;1;0;14.0;14;2026-07-08;2026-07-08;0.0;1125.45
6823562;1;0;1;1.0;1;2026-07-21;2026-07-21;0.0;77.85000000000001
6829820;1;0;1;1.0;1;2026-07-21;2026-07-21;0.0;374.52000000000004
6833486;2;2;0;65.5;84;2026-04-29;2026-06-05;0.0;837.6
6835647;1;1;0;149.0;149;2026-02-23;2026-02-23;0.0;448.8
6836625;2;0;2;2.0;2;2026-07-20;2026-07-20;0.0;472.94999999999993
6837050;2;0;2;4.0;4;2026-07-18;2026-07-18;0.0;782.1
6843045;1;0;1;1.0;1;2026-07-21;2026-07-21;0.0;37.9
6843290;1;0;1;2.0;2;2026-07-20;2026-07-20;0.0;544.0500000000001
6846633;1;1;0;708.0;708;2024-08-13;2024-08-13;0.0;268.8
6874547;1;1;0;302.0;302;2025-09-23;2025-09-23;0.0;777.3
6876537;2;0;2;8.5;15;2026-07-07;2026-07-20;0.0;2024.1
6881439;1;1;0;1.0;1;2026-07-21;2026-07-21;0.0;496.95
6884140;1;1;0;84.0;84;2026-04-29;2026-04-29;0.0;268.8
6887421;1;1;0;148.0;148;2026-02-24;2026-02-24;100.0;433.5
6888963;2;2;0;131.5;250;2025-11-14;2026-07-09;0.0;1802.85
6898562;1;1;0;96.0;96;2026-04-17;2026-04-17;0.0;448.8
6915901;1;1;0;228.0;228;2025-12-06;2025-12-06;0.0;627.0
6915950;1;0;1;2.0;2;2026-07-20;2026-07-20;0.0;539.36
6916943;2;1;1;285.0;569;2024-12-30;2026-07-21;0.0;581.7
6918141;1;0;1;8.0;8;2026-07-14;2026-07-14;0.0;428.95
6921880;1;1;0;53.0;53;2026-05-30;2026-05-30;0.0;927.0
6921917;1;1;0;29.0;29;2026-06-23;2026-06-23;0.0;537.3
6922548;2;2;0;8.5;9;2026-07-13;2026-07-14;0.0;1197.6
6922885;6;1;5;19.0;28;2026-06-24;2026-07-10;0.0;5738.0
6925350;1;0;1;18.0;18;2026-07-04;2026-07-04;0.0;808.2
6926832;1;1;0;51.0;51;2026-06-01;2026-06-01;0.0;268.8
6929167;1;1;0;95.0;95;2026-04-18;2026-04-18;0.0;268.8
6940017;3;0;3;1.7;2;2026-07-20;2026-07-21;0.0;660.6999999999999
6940894;4;4;0;42.8;107;2026-04-06;2026-07-14;100.0;4333.8
6947966;1;1;0;41.0;41;2026-06-11;2026-06-11;0.0;1255.5
6949015;1;1;0;2.0;2;2026-07-20;2026-07-20;0.0;748.8
6951593;1;1;0;71.0;71;2026-05-12;2026-05-12;0.0;477.3
6952272;1;1;0;142.0;142;2026-03-02;2026-03-02;0.0;328.8
6955212;1;1;0;30.0;30;2026-06-22;2026-06-22;0.0;488.95
6963355;1;1;0;37.0;37;2026-06-15;2026-06-15;0.0;597.3
6964759;1;1;0;49.0;49;2026-06-03;2026-06-03;0.0;715.5
6967487;2;1;1;375.0;749;2024-07-03;2026-07-21;0.0;318.7
6967793;1;0;1;4.0;4;2026-07-18;2026-07-18;0.0;1935.0499999999997
6968141;1;1;0;39.0;39;2026-06-13;2026-06-13;0.0;388.8
6968822;1;1;0;173.0;173;2026-01-30;2026-01-30;0.0;328.8
6969212;2;2;0;481.0;491;2025-03-18;2025-04-07;0.0;837.6
6971731;1;1;0;79.0;79;2026-05-04;2026-05-04;0.0;717.3
6971765;1;1;0;77.0;77;2026-05-06;2026-05-06;0.0;987.3
6978267;1;1;0;289.0;289;2025-10-06;2025-10-06;0.0;447.0
6979538;3;3;0;438.7;533;2025-02-04;2025-08-13;0.0;1701.0
6980353;2;2;0;237.5;361;2025-07-26;2026-03-30;0.0;1195.8
6981317;2;2;0;19.0;19;2026-07-03;2026-07-03;0.0;1194.6
698410;1;1;0;131.0;131;2026-03-13;2026-03-13;0.0;1047.3
6993993;1;1;0;848.0;848;2024-03-26;2024-03-26;0.0;388.8
6996984;1;0;1;1.0;1;2026-07-21;2026-07-21;0.0;95.85000000000001
6997579;3;2;1;102.3;240;2025-11-24;2026-07-12;0.0;1031.5
699844;2;2;0;220.5;233;2025-12-01;2025-12-26;0.0;1451.1
699906;1;1;0;174.0;174;2026-01-29;2026-01-29;0.0;835.5
6999499;1;0;1;5.0;5;2026-07-17;2026-07-17;0.0;499.0
7002725;1;1;0;925.0;925;2024-01-09;2024-01-09;0.0;447.0
7006276;1;1;0;16.0;16;2026-07-06;2026-07-06;0.0;567.0
7007214;1;0;1;1.0;1;2026-07-21;2026-07-21;0.0;37.9
7009009;1;0;1;2.0;2;2026-07-20;2026-07-20;0.0;311.40000000000003
7020227;1;1;0;79.0;79;2026-05-04;2026-05-04;0.0;567.0
7022959;2;2;0;81.5;135;2026-03-09;2026-06-24;0.0;597.6
7024450;1;1;0;34.0;34;2026-06-18;2026-06-18;0.0;447.0
7026437;1;1;0;49.0;49;2026-06-03;2026-06-03;0.0;388.8
702898;1;1;0;64.0;64;2026-05-19;2026-05-19;0.0;897.3
7030173;1;0;1;2.0;2;2026-07-20;2026-07-20;0.0;283.5
7031013;1;0;1;4.0;4;2026-07-18;2026-07-18;0.0;462.79999999999995
7031673;2;1;1;15.5;29;2026-06-23;2026-07-20;0.0;548.6
7031902;3;2;1;52.7;113;2026-03-31;2026-07-13;0.0;1384.0
7031944;2;2;0;11.5;16;2026-07-06;2026-07-15;50.0;812.25
7034316;2;2;0;598.5;645;2024-10-15;2025-01-16;0.0;1431.0
7036294;1;1;0;102.0;102;2026-04-11;2026-04-11;0.0;268.8
703882;1;0;1;0.0;0;2026-07-22;2026-07-22;0.0;0.0
7045385;1;0;1;2.0;2;2026-07-20;2026-07-20;0.0;335.55
7049118;1;1;0;219.0;219;2025-12-15;2025-12-15;100.0;582.0
7051691;1;1;0;37.0;37;2026-06-15;2026-06-15;0.0;567.0
705381;1;1;0;163.0;163;2026-02-09;2026-02-09;0.0;537.3
7057066;1;0;1;2.0;2;2026-07-20;2026-07-20;0.0;274.25
7064042;1;0;1;2.0;2;2026-07-20;2026-07-20;0.0;289.35
7064984;1;1;0;95.0;95;2026-04-18;2026-04-18;0.0;537.3
7065633;1;1;0;191.0;191;2026-01-12;2026-01-12;0.0;748.8
706586;1;1;0;876.0;876;2024-02-27;2024-02-27;0.0;358.5
7065895;1;1;0;15.0;15;2026-07-07;2026-07-07;0.0;328.8
707317;3;3;0;40.7;58;2026-05-25;2026-06-25;0.0;2178.0
7083047;2;2;0;20.5;22;2026-06-30;2026-07-03;0.0;1074.0
7084908;2;2;0;500.0;928;2024-01-06;2026-05-11;0.0;1433.1
7086163;2;2;0;157.5;167;2026-02-05;2026-02-24;0.0;1134.0
7086974;1;0;1;1.0;1;2026-07-21;2026-07-21;0.0;37.9
7087015;1;0;1;1.0;1;2026-07-21;2026-07-21;0.0;435.20000000000005
7087137;1;1;0;100.0;100;2026-04-13;2026-04-13;0.0;657.3
7091210;1;1;0;473.0;473;2025-04-05;2025-04-05;0.0;268.8
709342;1;0;1;1.0;1;2026-07-21;2026-07-21;0.0;79.84
709394;2;0;2;2.0;2;2026-07-20;2026-07-20;0.0;606.4
7094080;2;2;0;96.5;146;2026-02-26;2026-06-05;0.0;1074.6
7096811;1;1;0;198.0;198;2026-01-05;2026-01-05;0.0;777.3
7098576;1;1;0;16.0;16;2026-07-06;2026-07-06;0.0;747.3
7098807;1;1;0;28.0;28;2026-06-24;2026-06-24;0.0;567.0
7101192;1;0;1;1.0;1;2026-07-21;2026-07-21;0.0;111.85000000000001
7102028;10;7;3;98.2;393;2025-06-24;2026-07-13;0.0;5372.0
71106;3;2;1;361.3;901;2024-02-02;2026-07-09;0.0;1337.9
7114824;4;4;0;1545.2;2743;2019-01-17;2026-04-29;0.0;1284.3
7117213;1;1;0;975.0;975;2023-11-20;2023-11-20;0.0;418.5
7117417;2;0;2;1.5;2;2026-07-20;2026-07-21;0.0;622.5
711816;1;1;0;11.0;11;2026-07-11;2026-07-11;0.0;1995.6
7118465;1;1;0;673.0;673;2024-09-17;2024-09-17;0.0;268.8
7125601;1;1;0;167.0;167;2026-02-05;2026-02-05;0.0;507.0
7127324;2;0;2;1.0;1;2026-07-21;2026-07-21;0.0;497.26000000000005
7131085;1;0;1;1.0;1;2026-07-21;2026-07-21;0.0;155.70000000000002
7132305;3;3;0;449.3;672;2024-09-18;2026-06-22;0.0;1674.9
7133111;1;1;0;364.0;364;2025-07-23;2025-07-23;0.0;298.5
7141738;1;1;0;215.0;215;2025-12-19;2025-12-19;0.0;567.0
7142025;2;1;1;36.5;72;2026-05-11;2026-07-21;0.0;433.7
7143037;3;1;2;6.7;16;2026-07-06;2026-07-20;0.0;2701.8500000000004
7143252;2;1;1;29.5;58;2026-05-25;2026-07-21;0.0;378.6
7143652;1;0;1;1.0;1;2026-07-21;2026-07-21;0.0;267.65000000000003
7149034;1;1;0;56.0;56;2026-05-27;2026-05-27;100.0;642.0
715042;1;0;1;1.0;1;2026-07-21;2026-07-21;0.0;134.7
715121;1;0;1;2.0;2;2026-07-20;2026-07-20;0.0;531.4
715437;4;4;0;40.8;77;2026-05-06;2026-07-14;0.0;3289.5
715448;1;1;0;2.0;2;2026-07-20;2026-07-20;0.0;765.45
715484;1;0;1;1.0;1;2026-07-21;2026-07-21;0.0;151.6
7156545;1;1;0;15.0;15;2026-07-07;2026-07-07;0.0;765.45
716308;1;1;0;5.0;5;2026-07-17;2026-07-17;0.0;715.5
7163386;2;2;0;42.5;63;2026-05-20;2026-06-30;0.0;757.75
7171115;1;0;1;7.0;7;2026-07-15;2026-07-15;0.0;904.05
717286;1;0;1;1.0;1;2026-07-21;2026-07-21;0.0;44.9
7173449;2;2;0;50.0;58;2026-05-25;2026-06-10;0.0;954.0
7173656;1;0;1;6.0;6;2026-07-16;2026-07-16;0.0;1321.7099999999998
7176749;1;0;1;1.0;1;2026-07-21;2026-07-21;0.0;134.7
7177255;1;1;0;149.0;149;2026-02-23;2026-02-23;0.0;298.5
7180350;2;2;0;83.0;145;2026-02-27;2026-07-01;100.0;1417.45
7185096;8;8;0;114.1;303;2025-09-22;2026-07-15;0.0;2892.9
7187598;1;1;0;282.0;282;2025-10-13;2025-10-13;0.0;507.0
7189410;1;0;1;1.0;1;2026-07-21;2026-07-21;0.0;454.8
7193747;1;1;0;58.0;58;2026-05-25;2026-05-25;0.0;897.3
7195212;1;0;1;2.0;2;2026-07-20;2026-07-20;0.0;179.6
719730;1;0;1;2.0;2;2026-07-20;2026-07-20;0.0;151.6
719838;2;0;2;21.5;22;2026-06-30;2026-07-01;0.0;1629.6999999999998
7203797;1;0;1;2.0;2;2026-07-20;2026-07-20;0.0;199.6
7205884;1;0;1;2.0;2;2026-07-20;2026-07-20;0.0;179.6
7209579;2;0;2;3.5;6;2026-07-16;2026-07-21;0.0;628.6999999999999
721212;1;0;1;1.0;1;2026-07-21;2026-07-21;0.0;49.9
7214527;1;1;0;63.0;63;2026-05-20;2026-05-20;0.0;567.0
7215361;1;1;0;2220.0;2220;2020-06-23;2020-06-23;0.0;298.5
7216083;2;2;0;159.5;184;2026-01-19;2026-03-09;0.0;837.6
721633;1;0;1;1.0;1;2026-07-21;2026-07-21;0.0;1167.75
7220402;2;2;0;148.0;254;2025-11-10;2026-06-10;0.0;687.3
7226839;1;0;1;2.0;2;2026-07-20;2026-07-20;0.0;274.75
7227403;1;0;1;1.0;1;2026-07-21;2026-07-21;0.0;113.7
7227525;3;1;2;173.3;518;2025-02-19;2026-07-21;0.0;1287.1
7227962;1;1;0;587.0;587;2024-12-12;2024-12-12;0.0;447.0
7228274;1;0;1;2.0;2;2026-07-20;2026-07-20;0.0;265.3
7228777;1;0;1;6.0;6;2026-07-16;2026-07-16;0.0;1464.87
7229561;1;0;1;2.0;2;2026-07-20;2026-07-20;0.0;89.8
7229784;1;1;0;222.0;222;2025-12-12;2025-12-12;0.0;328.8
7231441;1;0;1;3.0;3;2026-07-19;2026-07-19;0.0;664.25
7231973;2;0;2;3.0;4;2026-07-18;2026-07-20;0.0;580.9
7232662;2;1;1;1100.0;2198;2020-07-15;2026-07-20;0.0;450.1
7235342;1;1;0;11.0;11;2026-07-11;2026-07-11;0.0;1005.45
7236820;1;1;0;616.0;616;2024-11-13;2024-11-13;0.0;777.3
723876;1;1;0;322.0;322;2025-09-03;2025-09-03;0.0;1015.5
723960;1;1;0;621.0;621;2024-11-08;2024-11-08;0.0;388.8
7242871;3;2;1;16.0;20;2026-07-02;2026-07-10;0.0;1459.8000000000002
7245839;3;3;0;41.0;44;2026-06-08;2026-06-16;0.0;1611.8999999999999
7245930;3;0;3;1.3;2;2026-07-20;2026-07-21;0.0;548.9
7246345;1;1;0;1072.0;1072;2023-08-15;2023-08-15;0.0;298.5
7246806;1;0;1;12.0;12;2026-07-10;2026-07-10;0.0;909.6
7248015;1;1;0;22.0;22;2026-06-30;2026-06-30;0.0;370.75
7259855;1;0;1;4.0;4;2026-07-18;2026-07-18;0.0;854.8000000000001
7260176;1;0;1;2.0;2;2026-07-20;2026-07-20;0.0;385.5
7260777;1;0;1;1.0;1;2026-07-21;2026-07-21;0.0;113.7
7261680;1;0;1;4.0;4;2026-07-18;2026-07-18;0.0;760.7500000000001
7266;1;0;1;1.0;1;2026-07-21;2026-07-21;0.0;75.8
7271951;3;2;1;48.3;93;2026-04-20;2026-07-21;0.0;1664.55
7273630;2;1;1;42.0;79;2026-05-04;2026-07-17;0.0;2011.0500000000002
7275828;3;1;2;25.7;39;2026-06-13;2026-07-15;0.0;3729.1500000000005
7281150;1;1;0;343.0;343;2025-08-13;2025-08-13;0.0;735.6
728288;1;0;1;2.0;2;2026-07-20;2026-07-20;0.0;249.5
7285432;1;1;0;124.0;124;2026-03-20;2026-03-20;0.0;507.0
7286046;1;1;0;179.0;179;2026-01-24;2026-01-24;0.0;268.8
7288322;1;0;1;2.0;2;2026-07-20;2026-07-20;0.0;433.35
7288635;1;1;0;56.0;56;2026-05-27;2026-05-27;0.0;298.5
7295533;1;1;0;1084.0;1084;2023-08-03;2023-08-03;0.0;418.5
7300964;1;1;0;841.0;841;2024-04-02;2024-04-02;0.0;447.0
7301001;1;0;1;3.0;3;2026-07-19;2026-07-19;0.0;643.0500000000001
7304459;1;0;1;2.0;2;2026-07-20;2026-07-20;0.0;201.55
7304481;1;0;1;2.0;2;2026-07-20;2026-07-20;0.0;134.7
730945;2;1;1;223.0;438;2025-05-10;2026-07-14;50.0;1202.0
7313961;4;3;1;23.0;44;2026-06-08;2026-07-13;25.0;4645.24
731456;1;0;1;2.0;2;2026-07-20;2026-07-20;0.0;189.5
7314966;1;0;1;12.0;12;2026-07-10;2026-07-10;0.0;1167.75
7315670;2;2;0;184.0;184;2026-01-19;2026-01-19;0.0;537.6
731724;1;0;1;8.0;8;2026-07-14;2026-07-14;0.0;1342.2
7317956;2;2;0;34.0;41;2026-06-11;2026-06-25;0.0;687.3
7321219;3;0;3;2.0;2;2026-07-20;2026-07-20;0.0;3961.1499999999996
732725;4;4;0;81.5;112;2026-04-01;2026-07-20;0.0;2596.5
7329365;1;0;1;12.0;12;2026-07-10;2026-07-10;0.0;713.0500000000001
7330039;1;1;0;21.0;21;2026-07-01;2026-07-01;0.0;715.5
7330208;1;1;0;79.0;79;2026-05-04;2026-05-04;0.0;388.8
7331307;1;0;1;1.0;1;2026-07-21;2026-07-21;0.0;296.55
7332282;1;1;0;2171.0;2171;2020-08-11;2020-08-11;0.0;298.5
7334536;1;1;0;126.0;126;2026-03-18;2026-03-18;0.0;507.0
7337095;1;1;0;23.0;23;2026-06-29;2026-06-29;0.0;447.0
7337679;6;6;0;508.5;1127;2023-06-21;2026-07-20;0.0;1642.5
7338500;1;0;1;1.0;1;2026-07-21;2026-07-21;0.0;355.40000000000003
7340023;2;2;0;509.0;540;2025-01-28;2025-03-31;0.0;1851.0
7340651;1;1;0;13.0;13;2026-07-09;2026-07-09;0.0;917.25
734740;1;1;0;170.0;170;2026-02-02;2026-02-02;0.0;537.3
7350899;1;1;0;70.0;70;2026-05-13;2026-05-13;0.0;1045.5
7351196;2;2;0;95.5;169;2026-02-03;2026-06-30;0.0;2224.7999999999997
7351679;1;1;0;315.0;315;2025-09-10;2025-09-10;0.0;388.8
7361915;1;0;1;1.0;1;2026-07-21;2026-07-21;0.0;266.55
7362149;1;0;1;1.0;1;2026-07-21;2026-07-21;0.0;241.65000000000003
7362563;4;4;0;100.8;145;2026-02-27;2026-07-01;0.0;1495.2
7363583;1;1;0;162.0;162;2026-02-10;2026-02-10;0.0;567.0
7364251;1;1;0;23.0;23;2026-06-29;2026-06-29;0.0;447.0
7367060;6;6;0;166.3;380;2025-07-07;2026-05-14;0.0;3898.5
7369223;1;1;0;715.0;715;2024-08-06;2024-08-06;0.0;268.8
7370298;1;1;0;592.0;592;2024-12-07;2024-12-07;0.0;448.5
7372130;1;0;1;23.0;23;2026-06-29;2026-06-29;0.0;1147.7
7376264;1;1;0;29.0;29;2026-06-23;2026-06-23;0.0;388.8
7377132;1;1;0;20.0;20;2026-07-02;2026-07-02;0.0;328.8
7377335;1;1;0;807.0;807;2024-05-06;2024-05-06;0.0;955.5
7377388;1;1;0;13.0;13;2026-07-09;2026-07-09;0.0;298.5
7378182;1;1;0;147.0;147;2026-02-25;2026-02-25;0.0;388.8
7379732;1;1;0;106.0;106;2026-04-07;2026-04-07;0.0;715.5
7379739;1;1;0;75.0;75;2026-05-08;2026-05-08;0.0;775.5
7380950;1;0;1;9.0;9;2026-07-13;2026-07-13;0.0;1361.8500000000001
7383986;1;0;1;1.0;1;2026-07-21;2026-07-21;0.0;151.6
7384303;1;1;0;13.0;13;2026-07-09;2026-07-09;0.0;917.4
7385552;1;1;0;243.0;243;2025-11-21;2025-11-21;0.0;388.8
7387675;3;3;0;199.7;303;2025-09-22;2026-03-09;0.0;1503.6
7394772;1;0;1;2.0;2;2026-07-20;2026-07-20;0.0;319.6
7396918;1;0;1;1.0;1;2026-07-21;2026-07-21;0.0;172.8
7399177;1;0;1;2.0;2;2026-07-20;2026-07-20;0.0;324.2
7409079;1;0;1;1.0;1;2026-07-21;2026-07-21;0.0;149.7
740947;1;0;1;1.0;1;2026-07-21;2026-07-21;0.0;455.36
7410051;3;0;3;2.3;3;2026-07-19;2026-07-20;0.0;678.6
7410389;3;2;1;101.7;189;2026-01-14;2026-07-21;0.0;1252.3
7412172;1;0;1;2.0;2;2026-07-20;2026-07-20;0.0;189.5
7413624;2;2;0;301.0;581;2024-12-18;2026-07-01;0.0;1406.35
742055;2;2;0;279.0;440;2025-05-08;2026-03-26;0.0;1552.8
7421944;1;1;0;1721.0;1721;2021-11-04;2021-11-04;0.0;447.0
7422327;1;1;0;551.0;551;2025-01-17;2025-01-17;0.0;447.0
7424145;2;2;0;43.0;63;2026-05-20;2026-06-29;0.0;597.6
7427458;4;3;1;18.2;30;2026-06-22;2026-07-14;0.0;1608.6000000000001
7427824;2;2;0;337.5;562;2025-01-06;2026-03-31;0.0;895.8
7430303;3;3;0;74.7;162;2026-02-10;2026-06-21;33.3;1389.3000000000002
7433594;2;2;0;223.0;437;2025-05-11;2026-07-13;0.0;657.6
7433659;3;3;0;343.0;420;2025-05-28;2025-11-04;0.0;806.4000000000001
7437639;3;2;1;87.7;133;2026-03-11;2026-07-12;0.0;1106.1
7438676;1;1;0;264.0;264;2025-10-31;2025-10-31;0.0;328.8
7440062;1;0;1;2.0;2;2026-07-20;2026-07-20;0.0;549.3100000000001
7440976;1;0;1;2.0;2;2026-07-20;2026-07-20;0.0;299.45
7448263;1;1;0;18.0;18;2026-07-04;2026-07-04;0.0;1015.5
7449023;1;0;1;13.0;13;2026-07-09;2026-07-09;0.0;2095.55
7453900;2;0;2;13.0;17;2026-07-05;2026-07-13;0.0;1591.8000000000002
7454666;4;3;1;155.8;583;2024-12-16;2026-07-21;0.0;2368.1
7458225;1;1;0;629.0;629;2024-10-31;2024-10-31;0.0;268.5
7461128;1;1;0;113.0;113;2026-03-31;2026-03-31;0.0;268.8
7463836;3;3;0;68.3;90;2026-04-23;2026-06-26;100.0;1775.7
7464302;8;8;0;45.2;135;2026-03-09;2026-07-13;100.0;4053.6
746647;3;3;0;222.0;439;2025-05-09;2026-06-08;0.0;1790.1
7473454;1;1;0;390.0;390;2025-06-27;2025-06-27;0.0;478.5
7473480;5;5;0;211.4;293;2025-10-02;2026-07-17;0.0;2683.5
7479513;1;1;0;74.0;74;2026-05-09;2026-05-09;0.0;1015.5
7485953;1;0;1;11.0;11;2026-07-11;2026-07-11;0.0;530.6
7486275;2;2;0;413.5;813;2024-04-30;2026-07-08;0.0;587.55
7487556;1;1;0;152.0;152;2026-02-20;2026-02-20;0.0;1015.5
7487618;4;4;0;133.8;167;2026-02-05;2026-04-08;0.0;1135.2
7488431;3;2;1;98.3;268;2025-10-27;2026-07-21;33.3;3389.59
7489946;1;1;0;474.0;474;2025-04-04;2025-04-04;0.0;268.8
7491;1;0;1;2.0;2;2026-07-20;2026-07-20;0.0;249.5
749110;2;2;0;154.0;188;2026-01-15;2026-03-24;0.0;1004.4000000000001
749155;1;1;0;15.0;15;2026-07-07;2026-07-07;0.0;717.3
7492857;2;0;2;2.5;3;2026-07-19;2026-07-20;0.0;606.4
7495821;1;0;1;1.0;1;2026-07-21;2026-07-21;0.0;179.55
7496593;1;1;0;8.0;8;2026-07-14;2026-07-14;0.0;1125.45
749693;1;0;1;2.0;2;2026-07-20;2026-07-20;0.0;113.7
749730;1;1;0;3501.0;3501;2016-12-20;2016-12-20;0.0;328.5
7503636;1;0;1;9.0;9;2026-07-13;2026-07-13;0.0;718.5600000000001
750857;2;0;2;16.5;27;2026-06-25;2026-07-16;0.0;4572.43
7510600;1;0;1;1.0;1;2026-07-21;2026-07-21;0.0;87.85000000000001
752279;1;0;1;2.0;2;2026-07-20;2026-07-20;0.0;99.8
753120;1;1;0;847.0;847;2024-03-27;2024-03-27;0.0;268.8
7534683;3;0;3;1.7;2;2026-07-20;2026-07-21;0.0;420.9
7549846;2;1;1;31.0;54;2026-05-29;2026-07-14;0.0;629.0899999999999
755122;2;2;0;21.5;42;2026-06-10;2026-07-21;0.0;1184.55
7551383;2;2;0;122.5;184;2026-01-19;2026-05-22;50.0;1447.2
7551391;6;6;0;218.5;495;2025-03-14;2026-07-08;0.0;1732.8000000000002
7551470;1;0;1;2.0;2;2026-07-20;2026-07-20;0.0;267.6
7551593;1;1;0;1.0;1;2026-07-21;2026-07-21;0.0;1875.45
7552134;1;1;0;17.0;17;2026-07-05;2026-07-05;0.0;318.75
755782;1;1;0;42.0;42;2026-06-10;2026-06-10;0.0;1015.5
7558982;1;0;1;1.0;1;2026-07-21;2026-07-21;0.0;113.7
756538;2;0;2;2.0;2;2026-07-20;2026-07-20;0.0;748.5
7570988;1;1;0;186.0;186;2026-01-17;2026-01-17;0.0;268.8
7575870;2;0;2;1.0;1;2026-07-21;2026-07-21;0.0;607.25
7576212;1;0;1;9.0;9;2026-07-13;2026-07-13;0.0;1011.5999999999999
7582671;1;0;1;2.0;2;2026-07-20;2026-07-20;0.0;559.25
7582863;3;0;3;1.7;2;2026-07-20;2026-07-21;0.0;797.1
7583787;1;1;0;482.0;482;2025-03-27;2025-03-27;0.0;268.8
7584280;1;1;0;200.0;200;2026-01-03;2026-01-03;100.0;333.6
7589091;1;1;0;8.0;8;2026-07-14;2026-07-14;0.0;268.8
7590430;1;1;0;132.0;132;2026-03-12;2026-03-12;0.0;268.8
7591424;1;1;0;37.0;37;2026-06-15;2026-06-15;0.0;447.0
7591626;1;1;0;162.0;162;2026-02-10;2026-02-10;0.0;268.8
7591934;1;0;1;1.0;1;2026-07-21;2026-07-21;0.0;134.7
7593241;1;1;0;30.0;30;2026-06-22;2026-06-22;0.0;819.25
759953;1;1;0;9.0;9;2026-07-13;2026-07-13;0.0;268.8
760039;1;1;0;99.0;99;2026-04-14;2026-04-14;0.0;627.0
7603007;1;1;0;120.0;120;2026-03-24;2026-03-24;0.0;268.8
7605071;1;0;1;2.0;2;2026-07-20;2026-07-20;0.0;385.5
7605692;1;0;1;3.0;3;2026-07-19;2026-07-19;0.0;575.1
7607136;2;0;2;2.0;2;2026-07-20;2026-07-20;0.0;626.1
7608642;1;1;0;11.0;11;2026-07-11;2026-07-11;0.0;715.5
7609080;2;2;0;426.5;617;2024-11-12;2025-11-28;0.0;807.3
7609203;1;0;1;1.0;1;2026-07-21;2026-07-21;0.0;75.8
7617477;1;0;1;1.0;1;2026-07-21;2026-07-21;0.0;549.3100000000001
7619178;1;1;0;1472.0;1472;2022-07-11;2022-07-11;0.0;567.0
7621448;1;1;0;469.0;469;2025-04-09;2025-04-09;0.0;748.8
7621560;2;2;0;3414.0;3740;2016-04-25;2018-02-06;0.0;597.0
7639434;1;1;0;1469.0;1469;2022-07-14;2022-07-14;0.0;0.0
7639448;1;0;1;0.0;0;2026-07-22;2026-07-22;0.0;0.0
7641618;1;0;1;2.0;2;2026-07-20;2026-07-20;0.0;894.8000000000001
7641827;1;1;0;19.0;19;2026-07-03;2026-07-03;0.0;657.3
7642132;6;6;0;150.5;443;2025-05-05;2026-07-09;0.0;1852.8000000000002
7646595;1;1;0;83.0;83;2026-04-30;2026-04-30;0.0;567.0
7648495;1;0;1;4.0;4;2026-07-18;2026-07-18;0.0;1007.1
7655157;1;1;0;302.0;302;2025-09-23;2025-09-23;0.0;747.3
766017;1;0;1;1.0;1;2026-07-21;2026-07-21;0.0;113.7
7663645;3;0;3;1.7;3;2026-07-19;2026-07-21;0.0;1084.05
7665413;1;1;0;842.0;842;2024-04-01;2024-04-01;0.0;447.0
7668157;5;3;2;46.0;169;2026-02-03;2026-07-20;0.0;2431.2
7669016;1;0;1;1.0;1;2026-07-21;2026-07-21;0.0;223.70000000000002
7671674;1;1;0;538.0;538;2025-01-30;2025-01-30;0.0;288.90000000000003
7677924;1;1;0;83.0;83;2026-04-30;2026-04-30;0.0;837.3
7679261;1;1;0;29.0;29;2026-06-23;2026-06-23;0.0;268.8
7681682;1;1;0;163.0;163;2026-02-09;2026-02-09;0.0;657.3
7682008;1;1;0;414.0;414;2025-06-03;2025-06-03;0.0;178.5
768312;4;4;0;103.2;269;2025-10-26;2026-06-22;0.0;2813.4
768343;1;0;1;1.0;1;2026-07-21;2026-07-21;0.0;119.69999999999999
7683454;1;0;1;1.0;1;2026-07-21;2026-07-21;0.0;233.54999999999998
7685350;5;5;0;90.6;185;2026-01-18;2026-06-30;40.0;3277.7999999999997
7685890;12;12;0;399.2;758;2024-06-24;2026-07-06;0.0;8093.4
7686026;1;0;1;3.0;3;2026-07-19;2026-07-19;0.0;389.25
7688044;1;1;0;4.0;4;2026-07-18;2026-07-18;0.0;1375.5
7688673;1;0;1;1.0;1;2026-07-21;2026-07-21;0.0;271.58000000000004
768870;2;0;2;13.0;16;2026-07-06;2026-07-12;0.0;3500.7
7689021;2;2;0;539.5;581;2024-12-18;2025-03-11;0.0;1992.9
7693921;3;3;0;256.3;470;2025-04-08;2026-06-13;0.0;984.6
7694422;1;1;0;3785.0;3785;2016-03-11;2016-03-11;0.0;447.0
7697536;2;2;0;59.0;59;2026-05-24;2026-05-24;0.0;3351.0
7698083;2;2;0;109.0;207;2025-12-27;2026-07-11;0.0;2424.3
7701382;2;1;1;90.5;179;2026-01-24;2026-07-20;0.0;1772.4
770899;3;3;0;123.0;247;2025-11-17;2026-06-30;0.0;1164.6
7709800;1;1;0;100.0;100;2026-04-13;2026-04-13;0.0;837.3
7711116;1;1;0;37.0;37;2026-06-15;2026-06-15;0.0;447.0
7713261;1;1;0;222.0;222;2025-12-12;2025-12-12;0.0;735.6
7714320;4;1;3;6.0;21;2026-07-01;2026-07-21;0.0;707.9000000000001
7715433;1;1;0;68.0;68;2026-05-15;2026-05-15;0.0;567.0
7715477;3;1;2;4.0;8;2026-07-14;2026-07-20;0.0;761.5
7718020;2;2;0;274.0;519;2025-02-18;2026-06-23;0.0;775.8
7724285;2;2;0;51.5;52;2026-05-31;2026-06-01;0.0;1914.6
7724719;1;0;1;9.0;9;2026-07-13;2026-07-13;0.0;1483.8
7725274;1;1;0;254.0;254;2025-11-10;2025-11-10;0.0;447.0
7725279;1;1;0;30.0;30;2026-06-22;2026-06-22;0.0;268.8
7726766;3;3;0;127.3;130;2026-03-14;2026-03-18;100.0;2826.0
773662;2;1;1;182.5;358;2025-07-29;2026-07-15;0.0;1006.0
773723;1;0;1;3.0;3;2026-07-19;2026-07-19;0.0;641.1
773945;1;1;0;85.0;85;2026-04-28;2026-04-28;0.0;1015.5
7742900;1;1;0;16.0;16;2026-07-06;2026-07-06;0.0;537.3
7743807;1;1;0;16.0;16;2026-07-06;2026-07-06;0.0;447.0
7745724;1;1;0;62.0;62;2026-05-21;2026-05-21;100.0;491.7
7748583;2;2;0;184.0;340;2025-08-16;2026-06-24;0.0;657.6
7749781;2;2;0;17.5;26;2026-06-26;2026-07-13;0.0;1362.75
7755074;2;0;2;3.5;5;2026-07-17;2026-07-20;0.0;888.8
7755180;1;0;1;1.0;1;2026-07-21;2026-07-21;0.0;458.55
7758462;1;1;0;155.0;155;2026-02-17;2026-02-17;0.0;268.8
7759198;1;1;0;273.0;273;2025-10-22;2025-10-22;0.0;268.8
7759210;1;0;1;2.0;2;2026-07-20;2026-07-20;0.0;113.7
776028;2;2;0;182.5;323;2025-09-02;2026-06-10;0.0;984.3
7760632;2;0;2;2.0;2;2026-07-20;2026-07-20;0.0;1101.6499999999999
7760878;4;4;0;435.5;928;2024-01-06;2026-06-08;75.0;2242.8
7770259;2;2;0;29.5;30;2026-06-22;2026-06-23;0.0;1158.5
7771380;1;0;1;1.0;1;2026-07-21;2026-07-21;0.0;499.0
7773157;4;4;0;19.0;23;2026-06-29;2026-07-07;100.0;3224.6
7774975;1;1;0;18.0;18;2026-07-04;2026-07-04;0.0;328.8
7774984;1;1;0;119.0;119;2026-03-25;2026-03-25;0.0;925.5
7776829;1;0;1;1.0;1;2026-07-21;2026-07-21;0.0;145.73
7780399;4;3;1;191.5;378;2025-07-09;2026-07-21;0.0;2016.0
7780417;2;2;0;82.5;149;2026-02-23;2026-07-06;100.0;1633.9499999999998
7787919;2;2;0;4.0;7;2026-07-15;2026-07-21;0.0;895.8
7789951;2;2;0;1249.5;2323;2020-03-12;2026-01-27;0.0;955.8
7790451;1;1;0;261.0;261;2025-11-03;2025-11-03;0.0;268.8
7795948;2;2;0;911.0;961;2023-12-04;2024-03-13;0.0;1062.6
779868;3;2;1;57.7;79;2026-05-04;2026-07-07;0.0;1525.35
7801100;2;2;0;110.0;197;2026-01-06;2026-06-29;0.0;1196.65
7803056;1;1;0;172.0;172;2026-01-31;2026-01-31;0.0;268.8
7803544;1;0;1;1.0;1;2026-07-21;2026-07-21;0.0;134.7
7806049;2;2;0;148.5;261;2025-11-03;2026-06-16;100.0;627.0
7809988;1;0;1;3.0;3;2026-07-19;2026-07-19;0.0;648.75
7810047;2;0;2;2.0;2;2026-07-20;2026-07-20;0.0;359.2
7814774;1;0;1;1.0;1;2026-07-21;2026-07-21;0.0;99.8
7817298;1;1;0;1007.0;1007;2023-10-19;2023-10-19;0.0;1404.0
7817623;4;1;3;27.0;72;2026-05-11;2026-07-17;0.0;2378.3
7818923;1;0;1;4.0;4;2026-07-18;2026-07-18;0.0;594.9
781897;1;0;1;2.0;2;2026-07-20;2026-07-20;0.0;762.4799999999999
7819938;2;0;2;2.0;3;2026-07-19;2026-07-21;0.0;300.3
7819946;2;2;0;92.0;92;2026-04-21;2026-04-21;0.0;537.6
7820517;2;1;1;371.5;741;2024-07-11;2026-07-20;50.0;713.2
782079;1;1;0;123.0;123;2026-03-21;2026-03-21;0.0;955.5
7822083;1;0;1;2.0;2;2026-07-20;2026-07-20;0.0;189.5
7833891;2;1;1;88.5;173;2026-01-30;2026-07-18;50.0;881.4
7835495;1;0;1;3.0;3;2026-07-19;2026-07-19;0.0;189.5
7836245;1;1;0;51.0;51;2026-06-01;2026-06-01;0.0;388.8
7837256;2;2;0;390.0;487;2025-03-22;2025-10-02;0.0;1572.9
7837505;1;1;0;19.0;19;2026-07-03;2026-07-03;0.0;348.90000000000003
7844520;1;1;0;1365.0;1365;2022-10-26;2022-10-26;0.0;418.5
784538;1;1;0;61.0;61;2026-05-22;2026-05-22;0.0;735.6
7845975;1;0;1;9.0;9;2026-07-13;2026-07-13;0.0;493.9
7848946;5;5;0;369.0;1309;2022-12-21;2026-07-12;0.0;1481.85
7849140;1;1;0;86.0;86;2026-04-27;2026-04-27;0.0;567.0
7854154;2;2;0;239.5;302;2025-09-23;2026-01-26;0.0;537.6
7855392;1;1;0;638.0;638;2024-10-22;2024-10-22;0.0;507.0
785981;6;4;2;77.7;140;2026-03-04;2026-07-01;0.0;7547.699999999999
7861565;1;1;0;36.0;36;2026-06-16;2026-06-16;0.0;447.0
7862455;2;2;0;419.0;586;2024-12-13;2025-11-12;0.0;895.8
7864978;1;0;1;2.0;2;2026-07-20;2026-07-20;0.0;621.15
7865616;5;4;1;15.2;24;2026-06-28;2026-07-17;0.0;1299.7
7869765;1;0;1;2.0;2;2026-07-20;2026-07-20;0.0;491.40000000000003
7869925;4;2;2;37.5;109;2026-04-04;2026-07-20;0.0;1317.2
7870126;1;1;0;110.0;110;2026-04-03;2026-04-03;0.0;328.8
7874309;1;1;0;36.0;36;2026-06-16;2026-06-16;0.0;647.1
7874787;1;1;0;1293.0;1293;2023-01-06;2023-01-06;0.0;418.5
7876299;1;0;1;3.0;3;2026-07-19;2026-07-19;0.0;737.1
7876799;1;1;0;14.0;14;2026-07-08;2026-07-08;0.0;268.8
7877078;1;1;0;16.0;16;2026-07-06;2026-07-06;0.0;947.25
7877232;1;0;1;1.0;1;2026-07-21;2026-07-21;0.0;37.9
7877608;3;3;0;365.7;478;2025-03-31;2026-02-23;0.0;1222.8
7883070;1;1;0;25.0;25;2026-06-27;2026-06-27;0.0;310.75
7889504;1;1;0;1112.0;1112;2023-07-06;2023-07-06;0.0;418.5
7891844;2;2;0;157.0;169;2026-02-03;2026-02-27;0.0;657.6
7893766;2;2;0;124.5;189;2026-01-14;2026-05-23;0.0;657.6
7894393;1;1;0;386.0;386;2025-07-01;2025-07-01;0.0;268.8
7898138;2;2;0;333.0;499;2025-03-10;2026-02-05;0.0;597.6
7899754;7;6;1;276.3;488;2025-03-21;2026-07-21;0.0;1726.5
7900031;1;0;1;3.0;3;2026-07-19;2026-07-19;0.0;416.9
7901420;3;3;0;46.0;113;2026-03-31;2026-07-18;0.0;3226.5
7905901;2;0;2;1.5;2;2026-07-20;2026-07-21;0.0;1370.2
7905922;1;1;0;22.0;22;2026-06-30;2026-06-30;0.0;488.95
7907582;1;0;1;1.0;1;2026-07-21;2026-07-21;0.0;155.70000000000002
7909346;1;1;0;70.0;70;2026-05-13;2026-05-13;0.0;2247.3
7909542;6;3;3;57.7;197;2026-01-06;2026-07-20;0.0;1461.5
7914222;4;4;0;86.5;126;2026-03-18;2026-07-07;0.0;2170.6499999999996
7915607;1;1;0;77.0;77;2026-05-06;2026-05-06;0.0;298.5
7922993;1;0;1;2.0;2;2026-07-20;2026-07-20;0.0;324.2
7924111;1;1;0;152.0;152;2026-02-20;2026-02-20;0.0;537.3
7924181;1;1;0;405.0;405;2025-06-12;2025-06-12;0.0;537.3
7925578;1;1;0;43.0;43;2026-06-09;2026-06-09;0.0;747.3
7926561;2;0;2;1.5;2;2026-07-20;2026-07-21;0.0;744.7
7927735;1;1;0;92.0;92;2026-04-21;2026-04-21;100.0;602.1
7927964;1;1;0;2389.0;2389;2020-01-06;2020-01-06;0.0;418.5
7928263;1;1;0;456.0;456;2025-04-22;2025-04-22;0.0;775.5
7928970;5;0;5;2.0;2;2026-07-20;2026-07-20;0.0;1741.4
7933011;1;0;1;2.0;2;2026-07-20;2026-07-20;0.0;361.35
7933713;1;0;1;2.0;2;2026-07-20;2026-07-20;0.0;534.2
7933791;1;0;1;2.0;2;2026-07-20;2026-07-20;0.0;658.3499999999999
7934229;1;0;1;2.0;2;2026-07-20;2026-07-20;0.0;229.55
7934249;1;1;0;20.0;20;2026-07-02;2026-07-02;0.0;268.8
7934699;1;0;1;22.0;22;2026-06-30;2026-06-30;0.0;1207.8
7939400;3;0;3;1.7;2;2026-07-20;2026-07-21;0.0;984.25
793965;2;2;0;22.5;40;2026-06-12;2026-07-17;0.0;827.55
7940057;1;0;1;4.0;4;2026-07-18;2026-07-18;0.0;848.35
7941366;1;0;1;2.0;2;2026-07-20;2026-07-20;0.0;189.5
7946292;1;1;0;163.0;163;2026-02-09;2026-02-09;0.0;537.3
7947107;1;1;0;41.0;41;2026-06-11;2026-06-11;0.0;717.3
7947308;3;3;0;311.3;630;2024-10-30;2026-04-07;0.0;2298.0
7947371;3;0;3;6.7;9;2026-07-13;2026-07-20;0.0;3750.0
7950443;1;0;1;5.0;5;2026-07-17;2026-07-17;0.0;574.8
7950475;2;1;1;19.5;33;2026-06-19;2026-07-16;0.0;674.4
7950620;1;0;1;3.0;3;2026-07-19;2026-07-19;0.0;428.95
795628;1;0;1;3.0;3;2026-07-19;2026-07-19;0.0;334.25
7963193;3;0;3;3.3;7;2026-07-15;2026-07-21;0.0;1067.4
7963704;1;1;0;406.0;406;2025-06-11;2025-06-11;0.0;897.3
7964199;2;0;2;8.5;16;2026-07-06;2026-07-21;0.0;758.0
7967329;1;0;1;5.0;5;2026-07-17;2026-07-17;0.0;812.2399999999999
7973524;2;1;1;12.0;22;2026-06-30;2026-07-20;0.0;610.2
7973742;1;1;0;316.0;316;2025-09-09;2025-09-09;0.0;388.8
7974074;2;2;0;460.0;470;2025-04-08;2025-04-28;0.0;537.6
7976404;3;3;0;78.0;84;2026-04-29;2026-05-08;0.0;1910.1
7977068;3;3;0;134.0;250;2025-11-14;2026-05-29;33.3;2016.0
7977285;1;1;0;27.0;27;2026-06-25;2026-06-25;0.0;447.0
7979465;3;1;2;6.3;9;2026-07-13;2026-07-20;0.0;1526.55
7979687;1;0;1;1.0;1;2026-07-21;2026-07-21;0.0;335.55
7980056;1;1;0;11.0;11;2026-07-11;2026-07-11;0.0;657.3
7980767;3;3;0;182.7;198;2026-01-05;2026-02-19;0.0;1968.3
7982452;1;0;1;1.0;1;2026-07-21;2026-07-21;0.0;37.9
7984105;1;1;0;394.0;394;2025-06-23;2025-06-23;0.0;388.8
7984172;1;0;1;7.0;7;2026-07-15;2026-07-15;0.0;2752.1000000000004
7990988;2;2;0;548.0;968;2023-11-27;2026-03-16;0.0;1015.8
7991435;3;2;1;123.3;345;2025-08-11;2026-07-16;0.0;2489.3999999999996
7994299;1;1;0;18.0;18;2026-07-04;2026-07-04;0.0;418.5
7998191;1;0;1;1.0;1;2026-07-21;2026-07-21;0.0;77.85000000000001
7998352;2;2;0;13.5;18;2026-07-04;2026-07-13;0.0;715.8
7999466;1;1;0;27.0;27;2026-06-25;2026-06-25;0.0;490.75
8000028;1;1;0;71.0;71;2026-05-12;2026-05-12;0.0;268.8
8000847;1;0;1;5.0;5;2026-07-17;2026-07-17;0.0;491.05
8000980;1;1;0;404.0;404;2025-06-13;2025-06-13;0.0;747.3
8002074;1;0;1;1.0;1;2026-07-21;2026-07-21;0.0;201.55
8003549;1;0;1;11.0;11;2026-07-11;2026-07-11;0.0;416.9
8003594;1;0;1;2.0;2;2026-07-20;2026-07-20;0.0;395.40000000000003
8010302;2;2;0;158.5;161;2026-02-11;2026-02-16;0.0;717.6
8013353;2;2;0;759.0;974;2023-11-21;2025-01-24;0.0;850.8
8013968;1;0;1;1.0;1;2026-07-21;2026-07-21;0.0;37.9
8016297;2;0;2;9.0;16;2026-07-06;2026-07-20;0.0;1023.3
8018188;1;1;0;72.0;72;2026-05-11;2026-05-11;0.0;1015.5
8024489;2;2;0;325.5;626;2024-11-03;2026-06-27;0.0;1236.55
8024810;1;0;1;9.0;9;2026-07-13;2026-07-13;0.0;1302.1900000000003
8027545;1;0;1;1.0;1;2026-07-21;2026-07-21;0.0;199.6
8031336;1;0;1;1.0;1;2026-07-21;2026-07-21;0.0;134.7
8031948;1;1;0;9.0;9;2026-07-13;2026-07-13;0.0;887.25
8035180;1;0;1;2.0;2;2026-07-20;2026-07-20;0.0;189.5
8035642;1;1;0;315.0;315;2025-09-10;2025-09-10;0.0;447.0
8041276;3;2;1;31.0;81;2026-05-02;2026-07-17;0.0;2434.9
8041452;1;1;0;166.0;166;2026-02-06;2026-02-06;0.0;268.8
8043118;1;0;1;2.0;2;2026-07-20;2026-07-20;0.0;199.6
8045541;1;1;0;80.0;80;2026-05-03;2026-05-03;0.0;747.0
8046531;4;4;0;80.0;180;2026-01-23;2026-07-13;0.0;1493.4
8046884;1;0;1;2.0;2;2026-07-20;2026-07-20;0.0;343.47
8047199;1;0;1;1.0;1;2026-07-21;2026-07-21;0.0;113.80000000000001
8050734;1;1;0;9.0;9;2026-07-13;2026-07-13;0.0;537.3
8052092;1;1;0;96.0;96;2026-04-17;2026-04-17;0.0;507.0
805627;1;0;1;2.0;2;2026-07-20;2026-07-20;0.0;199.64999999999998
8057492;1;0;1;13.0;13;2026-07-09;2026-07-09;0.0;678.5500000000001
8061166;1;1;0;141.0;141;2026-03-03;2026-03-03;0.0;268.8
8065194;2;2;0;20.0;21;2026-07-01;2026-07-03;0.0;629.5
8068759;1;0;1;8.0;8;2026-07-14;2026-07-14;0.0;1593.7599999999998
8068804;4;3;1;63.0;139;2026-03-05;2026-07-21;0.0;3902.7
8076617;1;1;0;57.0;57;2026-05-26;2026-05-26;0.0;537.3
8079203;1;1;0;165.0;165;2026-02-07;2026-02-07;0.0;268.8
8082336;1;0;1;5.0;5;2026-07-17;2026-07-17;0.0;433.90000000000003
8083984;1;0;1;1.0;1;2026-07-21;2026-07-21;0.0;266.55
8084035;2;2;0;112.5;125;2026-03-19;2026-04-13;50.0;1178.7
8085374;1;1;0;51.0;51;2026-06-01;2026-06-01;0.0;537.3
8088370;1;1;0;21.0;21;2026-07-01;2026-07-01;0.0;747.3
8089873;1;1;0;224.0;224;2025-12-10;2025-12-10;0.0;328.8
8091690;1;0;1;1.0;1;2026-07-21;2026-07-21;0.0;151.6
8091987;1;1;0;96.0;96;2026-04-17;2026-04-17;0.0;328.8
8092221;1;1;0;78.0;78;2026-05-05;2026-05-05;0.0;715.5
8092730;1;0;1;2.0;2;2026-07-20;2026-07-20;0.0;311.40000000000003
8096158;1;0;1;2.0;2;2026-07-20;2026-07-20;0.0;163.65
8100351;1;0;1;2.0;2;2026-07-20;2026-07-20;0.0;395.40000000000003
8100588;1;1;0;539.0;539;2025-01-29;2025-01-29;0.0;507.0
8100607;1;0;1;2.0;2;2026-07-20;2026-07-20;0.0;384.0
8105561;1;1;0;324.0;324;2025-09-01;2025-09-01;0.0;328.8
8105697;1;1;0;9.0;9;2026-07-13;2026-07-13;0.0;715.5
8109219;1;1;0;162.0;162;2026-02-10;2026-02-10;0.0;447.0
811595;2;0;2;1.5;2;2026-07-20;2026-07-21;0.0;151.6
811601;4;3;1;71.2;251;2025-11-13;2026-07-17;0.0;1915.8
8116307;1;1;0;170.0;170;2026-02-02;2026-02-02;0.0;507.0
8123125;1;0;1;6.0;6;2026-07-16;2026-07-16;0.0;409.15
8124807;1;1;0;64.0;64;2026-05-19;2026-05-19;0.0;318.6
8125506;1;1;0;116.0;116;2026-03-28;2026-03-28;0.0;268.8
8125935;1;0;1;0.0;0;2026-07-22;2026-07-22;0.0;0.0
8127624;2;2;0;26.0;36;2026-06-16;2026-07-06;0.0;1364.55
8127924;8;8;0;134.4;760;2024-06-22;2026-07-13;0.0;7068.65
8129374;2;2;0;1929.5;2242;2020-06-01;2022-02-16;100.0;796.8
8129884;2;2;0;122.0;124;2026-03-20;2026-03-24;0.0;895.8
8130777;1;1;0;359.0;359;2025-07-28;2025-07-28;0.0;567.0
8130906;2;1;1;15.0;16;2026-07-06;2026-07-08;0.0;919.28
8140881;1;1;0;27.0;27;2026-06-25;2026-06-25;0.0;548.95
8143234;1;0;1;2.0;2;2026-07-20;2026-07-20;0.0;419.15
8145244;1;1;0;51.0;51;2026-06-01;2026-06-01;0.0;777.3
8145925;1;1;0;1745.0;1745;2021-10-11;2021-10-11;0.0;358.5
8146193;1;1;0;1.0;1;2026-07-21;2026-07-21;0.0;388.8
8146676;1;1;0;266.0;266;2025-10-29;2025-10-29;0.0;715.5
8148066;1;0;1;2.0;2;2026-07-20;2026-07-20;0.0;231.45
8148638;1;1;0;218.0;218;2025-12-16;2025-12-16;0.0;537.3
8148725;1;1;0;97.0;97;2026-04-16;2026-04-16;0.0;328.8
8150259;1;0;1;3.0;3;2026-07-19;2026-07-19;0.0;159.56
8150871;1;0;1;1.0;1;2026-07-21;2026-07-21;0.0;621.9499999999999
8156301;3;3;0;68.3;98;2026-04-15;2026-07-01;0.0;806.4000000000001
8157278;2;2;0;44.0;51;2026-06-01;2026-06-15;0.0;1194.6
8160209;1;0;1;8.0;8;2026-07-14;2026-07-14;0.0;1302.1900000000003
8162506;2;2;0;88.0;116;2026-03-28;2026-05-23;0.0;657.6
8162528;1;0;1;2.0;2;2026-07-20;2026-07-20;0.0;75.8
8166582;2;2;0;154.0;225;2025-12-09;2026-04-30;0.0;537.6
8167879;1;0;1;3.0;3;2026-07-19;2026-07-19;0.0;249.5
8176422;1;1;0;424.0;424;2025-05-24;2025-05-24;0.0;268.8
8179664;1;1;0;166.0;166;2026-02-06;2026-02-06;0.0;557.4
8180861;3;3;0;325.3;521;2025-02-16;2026-06-16;0.0;1222.8
8183844;1;1;0;77.0;77;2026-05-06;2026-05-06;0.0;388.8
8190408;8;7;1;73.0;134;2026-03-10;2026-07-16;87.5;3686.9
8193800;1;1;0;7.0;7;2026-07-15;2026-07-15;0.0;268.8
8197238;1;1;0;5.0;5;2026-07-17;2026-07-17;0.0;388.8
8198226;1;1;0;289.0;289;2025-10-06;2025-10-06;0.0;1315.5
8198944;2;0;2;9.0;16;2026-07-06;2026-07-20;0.0;1197.0
8208008;1;0;1;1.0;1;2026-07-21;2026-07-21;0.0;151.6
8208057;1;1;0;3519.0;3519;2016-12-02;2016-12-02;0.0;30.0
8209704;1;1;0;31.0;31;2026-06-21;2026-06-21;0.0;835.5
8214973;1;1;0;89.0;89;2026-04-24;2026-04-24;0.0;1075.5
8216359;2;1;1;136.5;271;2025-10-24;2026-07-20;0.0;838.9999999999999
821791;1;1;0;268.0;268;2025-10-27;2025-10-27;0.0;895.5
8218679;1;0;1;22.0;22;2026-06-30;2026-06-30;0.0;1439.15
8226015;1;1;0;37.0;37;2026-06-15;2026-06-15;100.0;493.5
8227587;1;1;0;51.0;51;2026-06-01;2026-06-01;0.0;268.8
8230755;2;1;1;36.0;71;2026-05-12;2026-07-21;0.0;406.65000000000003
8233760;2;2;0;9.5;11;2026-07-11;2026-07-14;0.0;1911.0
8233855;1;1;0;3554.0;3554;2016-10-28;2016-10-28;0.0;298.5
8240630;2;2;0;212.0;394;2025-06-23;2026-06-22;0.0;537.6
8241912;1;1;0;26.0;26;2026-06-26;2026-06-26;0.0;447.0
8242114;1;1;0;198.0;198;2026-01-05;2026-01-05;0.0;268.8
8243932;1;1;0;84.0;84;2026-04-29;2026-04-29;0.0;715.5
8248913;1;1;0;23.0;23;2026-06-29;2026-06-29;100.0;671.7
8249085;1;1;0;153.0;153;2026-02-19;2026-02-19;0.0;627.0
8249257;1;1;0;420.0;420;2025-05-28;2025-05-28;0.0;388.8
8249286;3;3;0;119.0;219;2025-12-15;2026-06-03;33.3;1149.3
8250326;13;13;0;227.2;412;2025-06-05;2026-04-11;0.0;11348.1
8257227;1;0;1;3.0;3;2026-07-19;2026-07-19;0.0;299.4
8257698;1;1;0;107.0;107;2026-04-06;2026-04-06;0.0;268.8
8257928;1;1;0;436.0;436;2025-05-12;2025-05-12;0.0;447.0
8257957;1;0;1;1.0;1;2026-07-21;2026-07-21;0.0;319.36
8259017;2;2;0;77.5;105;2026-04-08;2026-06-02;0.0;537.6
8260307;2;2;0;407.5;702;2024-08-19;2026-03-31;0.0;1551.0
826303;2;0;2;2.0;2;2026-07-20;2026-07-20;0.0;555.1
8263146;3;3;0;73.3;189;2026-01-14;2026-07-13;0.0;1431.3
827296;1;1;0;178.0;178;2026-01-25;2026-01-25;0.0;747.3
8278036;2;0;2;1.0;1;2026-07-21;2026-07-21;0.0;544.95
8278042;5;5;0;275.0;442;2025-05-06;2026-03-26;0.0;2238.6
82794;10;8;2;33.8;49;2026-06-03;2026-07-17;0.0;11378.75
8281409;1;1;0;121.0;121;2026-03-23;2026-03-23;0.0;268.8
8282045;2;2;0;5.5;6;2026-07-16;2026-07-17;0.0;777.6
8282348;3;3;0;218.7;468;2025-04-10;2026-05-22;0.0;2148.3
8284443;1;1;0;72.0;72;2026-05-11;2026-05-11;0.0;268.8
8287226;1;1;0;754.0;754;2024-06-28;2024-06-28;0.0;735.6
8288201;6;5;1;44.2;126;2026-03-18;2026-07-15;33.3;5329.5
8296648;2;1;1;62.0;121;2026-03-23;2026-07-19;0.0;1918.5500000000002
8297398;2;1;1;36.0;58;2026-05-25;2026-07-08;0.0;887.25
8299367;2;2;0;332.0;566;2025-01-02;2026-04-15;0.0;1752.8999999999999
8303935;1;1;0;2.0;2;2026-07-20;2026-07-20;0.0;417.3
8304072;1;0;1;16.0;16;2026-07-06;2026-07-06;0.0;606.4
8312192;1;0;1;8.0;8;2026-07-14;2026-07-14;0.0;492.70000000000005
8312718;5;5;0;76.0;108;2026-04-05;2026-06-05;20.0;3781.2
8317544;1;1;0;1196.0;1196;2023-04-13;2023-04-13;0.0;418.5
8319011;1;0;1;1.0;1;2026-07-21;2026-07-21;0.0;163.65
8319879;1;1;0;10.0;10;2026-07-12;2026-07-12;0.0;747.3
8320347;1;1;0;15.0;15;2026-07-07;2026-07-07;0.0;587.25
832258;2;2;0;8.5;16;2026-07-06;2026-07-21;0.0;1791.0
8323298;1;1;0;254.0;254;2025-11-10;2025-11-10;0.0;268.8
8329192;1;1;0;31.0;31;2026-06-21;2026-06-21;0.0;388.8
833013;2;0;2;1.5;2;2026-07-20;2026-07-21;0.0;846.8000000000001
8333552;1;0;1;2.0;2;2026-07-20;2026-07-20;0.0;389.25
8354287;1;0;1;15.0;15;2026-07-07;2026-07-07;0.0;1634.8500000000001
8354872;1;1;0;988.0;988;2023-11-07;2023-11-07;0.0;117.3
8367864;1;0;1;2.0;2;2026-07-20;2026-07-20;0.0;494.25
8369496;1;0;1;2.0;2;2026-07-20;2026-07-20;0.0;350.55
8369865;2;2;0;79.0;81;2026-05-02;2026-05-06;0.0;955.8
8394410;4;4;0;118.8;198;2026-01-05;2026-06-26;0.0;2058.8999999999996
8399050;1;1;0;2.0;2;2026-07-20;2026-07-20;0.0;388.8
840131;2;2;0;474.5;475;2025-04-03;2025-04-04;0.0;657.6
8418650;3;3;0;17.3;27;2026-06-25;2026-07-20;0.0;1521.3000000000002
842094;1;0;1;2.0;2;2026-07-20;2026-07-20;0.0;134.7
8426095;1;0;1;1.0;1;2026-07-21;2026-07-21;0.0;369.31
842890;1;1;0;66.0;66;2026-05-17;2026-05-17;0.0;268.8
843529;2;1;1;12.5;23;2026-06-29;2026-07-20;0.0;1128.8
8439983;4;3;1;50.5;162;2026-02-10;2026-07-19;0.0;1324.4
8440945;3;1;2;11.0;29;2026-06-23;2026-07-20;0.0;3526.1499999999996
844680;1;0;1;2.0;2;2026-07-20;2026-07-20;0.0;227.60000000000002
844996;3;0;3;8.0;14;2026-07-08;2026-07-21;0.0;1337.3
8454713;1;0;1;2.0;2;2026-07-20;2026-07-20;0.0;389.31
846137;1;1;0;8.0;8;2026-07-14;2026-07-14;0.0;595.5
8463022;1;0;1;5.0;5;2026-07-17;2026-07-17;0.0;1504.0
8464721;1;1;0;98.0;98;2026-04-15;2026-04-15;0.0;268.8
8465796;1;1;0;9.0;9;2026-07-13;2026-07-13;0.0;268.8
8466054;1;1;0;23.0;23;2026-06-29;2026-06-29;0.0;639.25
8466445;1;1;0;159.0;159;2026-02-13;2026-02-13;0.0;447.0
8473376;3;3;0;63.3;124;2026-03-20;2026-06-22;0.0;1731.3
848283;1;1;0;49.0;49;2026-06-03;2026-06-03;0.0;627.0
8483574;3;3;0;175.3;282;2025-10-13;2026-07-18;0.0;806.4000000000001
8485084;1;1;0;307.0;307;2025-09-18;2025-09-18;0.0;388.8
8486792;1;1;0;2452.0;2452;2019-11-04;2019-11-04;0.0;298.5
8487032;1;1;0;641.0;641;2024-10-19;2024-10-19;0.0;358.5
848757;1;0;1;2.0;2;2026-07-20;2026-07-20;0.0;149.7
8487915;1;1;0;981.0;981;2023-11-14;2023-11-14;0.0;167.10000000000002
8488968;1;1;0;733.0;733;2024-07-19;2024-07-19;0.0;448.8
8488988;1;0;1;26.0;26;2026-06-26;2026-06-26;0.0;2123.25
8491113;1;1;0;629.0;629;2024-10-31;2024-10-31;0.0;388.8
8493182;1;1;0;79.0;79;2026-05-04;2026-05-04;0.0;448.8
8498987;1;1;0;587.0;587;2024-12-12;2024-12-12;0.0;448.5
849954;1;1;0;40.0;40;2026-06-12;2026-06-12;0.0;835.5
8507390;3;0;3;1.3;2;2026-07-20;2026-07-21;0.0;755.0
8508785;1;1;0;184.0;184;2026-01-19;2026-01-19;0.0;298.5
8508980;1;0;1;22.0;22;2026-06-30;2026-06-30;0.0;2990.35
8514059;1;1;0;51.0;51;2026-06-01;2026-06-01;100.0;313.5
8522622;2;1;1;7.0;9;2026-07-13;2026-07-17;0.0;628.15
8525712;1;0;1;1.0;1;2026-07-21;2026-07-21;0.0;75.8
8531866;1;1;0;184.0;184;2026-01-19;2026-01-19;0.0;328.8
8534530;1;1;0;59.0;59;2026-05-24;2026-05-24;0.0;447.0
8536174;1;1;0;27.0;27;2026-06-25;2026-06-25;0.0;895.5
8536881;1;0;1;9.0;9;2026-07-13;2026-07-13;0.0;454.8
8537966;3;3;0;70.3;117;2026-03-27;2026-06-14;0.0;2688.3
8538153;3;3;0;177.0;289;2025-10-06;2026-04-13;0.0;866.4000000000001
8539378;1;1;0;16.0;16;2026-07-06;2026-07-06;0.0;378.75
8548534;7;7;0;26.7;51;2026-06-01;2026-07-21;0.0;4841.4
8550926;1;0;1;2.0;2;2026-07-20;2026-07-20;0.0;274.5
8550971;1;0;1;3.0;3;2026-07-19;2026-07-19;0.0;219.5
8551232;2;1;1;18.5;28;2026-06-24;2026-07-13;0.0;723.6
8551239;3;2;1;209.3;359;2025-07-28;2026-07-21;0.0;1537.8
8570850;1;1;0;13.0;13;2026-07-09;2026-07-09;0.0;945.45
8575467;4;4;0;420.0;635;2024-10-25;2026-07-03;0.0;1671.6
8576239;1;1;0;9.0;9;2026-07-13;2026-07-13;0.0;537.3
8582579;2;2;0;214.5;287;2025-10-08;2026-03-02;0.0;717.6
8583331;1;1;0;562.0;562;2025-01-06;2025-01-06;0.0;557.4
8583510;1;0;1;1.0;1;2026-07-21;2026-07-21;0.0;205.65000000000003
8586991;4;3;1;236.0;450;2025-04-28;2026-07-08;0.0;2514.5499999999997
8589794;3;2;1;9.7;24;2026-06-28;2026-07-20;0.0;1245.1
8589858;1;0;1;2.0;2;2026-07-20;2026-07-20;0.0;159.68
8592534;1;1;0;120.0;120;2026-03-24;2026-03-24;0.0;388.8
8595417;4;3;1;121.5;218;2025-12-16;2026-07-20;0.0;3463.1900000000005
8604845;2;2;0;129.5;189;2026-01-14;2026-05-13;0.0;806.0999999999999
8607174;1;0;1;1.0;1;2026-07-21;2026-07-21;0.0;95.85000000000001
8609107;2;2;0;71.0;98;2026-04-15;2026-06-08;0.0;537.6
8609132;1;0;1;7.0;7;2026-07-15;2026-07-15;0.0;466.84999999999997
861542;1;1;0;125.0;125;2026-03-19;2026-03-19;0.0;268.8
8619289;1;0;1;1.0;1;2026-07-21;2026-07-21;0.0;341.52000000000004
8619422;1;1;0;1171.0;1171;2023-05-08;2023-05-08;0.0;298.5
86198;1;1;0;191.0;191;2026-01-12;2026-01-12;0.0;537.3
8623565;2;2;0;381.0;523;2025-02-14;2025-11-25;0.0;2032.8
8623579;1;1;0;301.0;301;2025-09-24;2025-09-24;0.0;925.5
8624698;1;1;0;300.0;300;2025-09-25;2025-09-25;100.0;1120.2
8625159;8;8;0;1064.6;2647;2019-04-23;2026-04-22;0.0;3357.0
8625386;1;0;1;1.0;1;2026-07-21;2026-07-21;0.0;245.55000000000004
8627540;2;2;0;342.0;419;2025-05-29;2025-10-30;0.0;1074.6
8627581;1;1;0;138.0;138;2026-03-06;2026-03-06;0.0;388.8
8636324;4;3;1;72.2;224;2025-12-10;2026-07-21;0.0;2578.65
863703;3;3;0;501.3;1282;2023-01-17;2026-04-10;0.0;957.6
8637057;3;2;1;32.3;91;2026-04-22;2026-07-21;0.0;1399.8
863716;1;1;0;8.0;8;2026-07-14;2026-07-14;0.0;388.8
8641207;4;4;0;54.0;107;2026-04-06;2026-07-14;0.0;2628.0
864360;2;2;0;61.0;106;2026-04-07;2026-07-06;0.0;986.0999999999999
8652095;3;3;0;269.0;392;2025-06-25;2026-03-23;0.0;1224.6
8653640;2;2;0;381.5;484;2025-03-25;2025-10-16;0.0;657.6
8655282;1;1;0;65.0;65;2026-05-18;2026-05-18;0.0;477.3
8657825;1;0;1;11.0;11;2026-07-11;2026-07-11;0.0;454.8
8659498;3;3;0;232.3;355;2025-08-01;2026-07-21;0.0;926.4000000000001
8661908;1;1;0;49.0;49;2026-06-03;2026-06-03;0.0;927.0
8662072;1;0;1;1.0;1;2026-07-21;2026-07-21;0.0;223.70000000000002
8662193;2;0;2;2.0;2;2026-07-20;2026-07-20;0.0;478.9
866617;3;3;0;383.0;511;2025-02-26;2025-09-17;0.0;2266.5
8671764;3;3;0;265.0;483;2025-03-26;2026-07-15;0.0;1552.8
8673470;1;1;0;18.0;18;2026-07-04;2026-07-04;0.0;507.0
8676167;2;0;2;11.0;16;2026-07-06;2026-07-16;0.0;2190.88
8678113;5;5;0;90.8;212;2025-12-22;2026-07-10;0.0;2807.7
8687497;2;1;1;1.0;1;2026-07-21;2026-07-21;0.0;655.85
8687539;2;1;1;361.0;706;2024-08-15;2026-07-06;0.0;1566.2
8691709;1;1;0;27.0;27;2026-06-25;2026-06-25;0.0;388.8
8692058;3;0;3;2.0;2;2026-07-20;2026-07-20;0.0;1030.0
8692744;3;3;0;255.3;299;2025-09-26;2025-12-10;0.0;866.4000000000001
8695171;1;0;1;1.0;1;2026-07-21;2026-07-21;0.0;113.7
8702817;1;0;1;1.0;1;2026-07-21;2026-07-21;0.0;111.85000000000001
870432;1;1;0;170.0;170;2026-02-02;2026-02-02;0.0;268.8
8704670;1;1;0;9.0;9;2026-07-13;2026-07-13;0.0;1497.3
8704760;1;0;1;2.0;2;2026-07-20;2026-07-20;0.0;346.5
8705402;3;3;0;174.3;287;2025-10-08;2026-07-16;0.0;2181.3
8705415;2;2;0;54.5;107;2026-04-06;2026-07-20;0.0;2212.8
8707045;1;1;0;337.0;337;2025-08-19;2025-08-19;0.0;507.0
8708028;1;0;1;8.0;8;2026-07-14;2026-07-14;0.0;303.2
870836;1;1;0;216.0;216;2025-12-18;2025-12-18;0.0;567.0
8709403;3;2;1;47.0;79;2026-05-04;2026-07-17;0.0;2944.0499999999997
8710428;1;1;0;819.0;819;2024-04-24;2024-04-24;0.0;268.8
8710472;1;1;0;6.0;6;2026-07-16;2026-07-16;0.0;567.0
8713048;1;1;0;16.0;16;2026-07-06;2026-07-06;0.0;537.3
8713307;1;1;0;86.0;86;2026-04-27;2026-04-27;0.0;797.4
8713474;1;1;0;78.0;78;2026-05-05;2026-05-05;0.0;715.5
8715500;1;0;1;2.0;2;2026-07-20;2026-07-20;0.0;327.58000000000004
8717013;1;0;1;12.0;12;2026-07-10;2026-07-10;0.0;848.3
871766;1;1;0;187.0;187;2026-01-16;2026-01-16;0.0;917.4
872659;3;3;0;65.0;65;2026-05-18;2026-05-18;0.0;926.4000000000001
8727016;2;2;0;81.0;83;2026-04-30;2026-05-04;0.0;537.6
8727134;1;1;0;37.0;37;2026-06-15;2026-06-15;0.0;268.8
8730768;1;0;1;1.0;1;2026-07-21;2026-07-21;0.0;95.85000000000001
8731008;2;2;0;662.5;1143;2023-06-05;2026-01-21;0.0;895.8
8731214;1;0;1;8.0;8;2026-07-14;2026-07-14;0.0;360.28999999999996
8739519;2;2;0;204.0;338;2025-08-18;2026-05-13;100.0;925.2
8740263;1;1;0;16.0;16;2026-07-06;2026-07-06;0.0;616.95
8741434;5;5;0;633.2;2668;2019-04-02;2026-07-01;0.0;2355.0
8741715;1;0;1;2.0;2;2026-07-20;2026-07-20;0.0;659.0
8748104;1;0;1;1.0;1;2026-07-21;2026-07-21;0.0;199.6
8748184;2;2;0;225.5;274;2025-10-21;2026-01-26;50.0;582.3
8749592;1;1;0;518.0;518;2025-02-19;2025-02-19;0.0;447.0
8751893;1;1;0;847.0;847;2024-03-27;2024-03-27;0.0;268.8
8756803;3;3;0;182.7;281;2025-10-14;2026-05-02;66.7;1852.8
8761963;1;0;1;2.0;2;2026-07-20;2026-07-20;0.0;670.9499999999999
8762346;1;1;0;742.0;742;2024-07-10;2024-07-10;0.0;328.5
8763309;1;1;0;109.0;109;2026-04-04;2026-04-04;0.0;1075.5
8767581;2;2;0;1357.0;1357;2022-11-03;2022-11-03;0.0;894.0
8776033;2;1;1;38.0;75;2026-05-08;2026-07-21;0.0;488.65000000000003
8780872;2;2;0;43.0;43;2026-06-09;2026-06-09;0.0;955.8
8781510;1;0;1;2.0;2;2026-07-20;2026-07-20;0.0;477.35
8781646;4;3;1;24.8;68;2026-05-15;2026-07-20;0.0;1378.0
8782011;7;4;3;54.6;131;2026-03-13;2026-07-21;0.0;4488.35
8783425;1;1;0;145.0;145;2026-02-27;2026-02-27;0.0;537.3
8783965;1;1;0;70.0;70;2026-05-13;2026-05-13;0.0;268.8
8792125;1;0;1;1.0;1;2026-07-21;2026-07-21;0.0;569.0
8792196;1;0;1;8.0;8;2026-07-14;2026-07-14;0.0;858.1500000000001
8792471;1;1;0;344.0;344;2025-08-12;2025-08-12;0.0;388.8
8793404;1;1;0;106.0;106;2026-04-07;2026-04-07;0.0;657.3
8793498;1;1;0;134.0;134;2026-03-10;2026-03-10;0.0;268.8
8796286;2;2;0;79.5;144;2026-02-28;2026-07-07;0.0;537.6
8808584;1;0;1;10.0;10;2026-07-12;2026-07-12;0.0;493.9
8811071;1;1;0;111.0;111;2026-04-02;2026-04-02;0.0;268.8
8811582;1;1;0;11.0;11;2026-07-11;2026-07-11;0.0;318.75
8811731;1;1;0;527.0;527;2025-02-10;2025-02-10;100.0;313.5
8811768;4;2;2;5.0;8;2026-07-14;2026-07-20;0.0;2233.45
8812001;1;0;1;2.0;2;2026-07-20;2026-07-20;0.0;113.7
8815636;1;1;0;47.0;47;2026-06-05;2026-06-05;0.0;1075.5
8820132;3;0;3;1.3;2;2026-07-20;2026-07-21;0.0;2222.1000000000004
8825551;1;0;1;2.0;2;2026-07-20;2026-07-20;0.0;249.55
8827379;3;3;0;245.7;349;2025-08-07;2026-03-30;100.0;940.5
8828696;1;1;0;868.0;868;2024-03-06;2024-03-06;0.0;268.8
8829029;2;2;0;328.5;357;2025-07-30;2025-09-25;0.0;955.8
8830513;6;6;0;71.0;111;2026-04-02;2026-07-14;0.0;1712.7
8831028;1;1;0;51.0;51;2026-06-01;2026-06-01;0.0;447.0
8833346;1;0;1;2.0;2;2026-07-20;2026-07-20;0.0;199.6
8839332;1;1;0;43.0;43;2026-06-09;2026-06-09;0.0;567.0
8839520;2;2;0;221.5;397;2025-06-20;2026-06-06;0.0;537.6
884399;10;8;2;50.6;83;2026-04-30;2026-07-21;0.0;15745.5
8848717;1;1;0;54.0;54;2026-05-29;2026-05-29;0.0;837.3
8848895;2;0;2;1.5;2;2026-07-20;2026-07-21;0.0;1870.3
8850254;1;1;0;43.0;43;2026-06-09;2026-06-09;100.0;313.5
885080;2;0;2;1.0;1;2026-07-21;2026-07-21;0.0;189.6
8851548;1;0;1;0.0;0;2026-07-22;2026-07-22;0.0;0.0
8852475;1;1;0;473.0;473;2025-04-05;2025-04-05;0.0;328.8
8854758;1;1;0;63.0;63;2026-05-20;2026-05-20;0.0;268.8
8858316;2;2;0;92.0;92;2026-04-21;2026-04-21;0.0;537.6
8858443;1;1;0;372.0;372;2025-07-15;2025-07-15;0.0;268.8
886191;6;4;2;148.7;292;2025-10-03;2026-07-20;0.0;3788.1
8870364;2;0;2;15.0;16;2026-07-06;2026-07-08;0.0;1587.85
887190;7;3;4;19.3;77;2026-05-06;2026-07-21;0.0;2293.45
8873254;1;0;1;5.0;5;2026-07-17;2026-07-17;0.0;698.6500000000001
888266;1;0;1;21.0;21;2026-07-01;2026-07-01;0.0;1447.1
8883208;1;0;1;1.0;1;2026-07-21;2026-07-21;0.0;540.3
8885167;1;1;0;42.0;42;2026-06-10;2026-06-10;0.0;955.5
8890399;1;1;0;331.0;331;2025-08-25;2025-08-25;0.0;925.5
8891747;1;1;0;628.0;628;2024-11-01;2024-11-01;0.0;328.8
8891911;1;1;0;8.0;8;2026-07-14;2026-07-14;0.0;328.8
8891981;1;0;1;3.0;3;2026-07-19;2026-07-19;0.0;538.8
8892804;1;1;0;15.0;15;2026-07-07;2026-07-07;0.0;567.0
8894801;5;5;0;40.4;54;2026-05-29;2026-07-02;100.0;4468.0
8895593;1;0;1;2.0;2;2026-07-20;2026-07-20;0.0;239.45
8909446;1;1;0;47.0;47;2026-06-05;2026-06-05;0.0;567.0
890953;1;0;1;2.0;2;2026-07-20;2026-07-20;0.0;638.95
8914381;3;3;0;106.0;152;2026-02-20;2026-05-22;100.0;940.5
8915005;3;3;0;438.0;826;2024-04-17;2026-03-04;0.0;1522.8
892098;1;0;1;1.0;1;2026-07-21;2026-07-21;0.0;99.8
892123;1;1;0;1364.0;1364;2022-10-27;2022-10-27;0.0;507.0
892165;1;1;0;273.0;273;2025-10-22;2025-10-22;0.0;775.5
892189;2;0;2;7.0;12;2026-07-10;2026-07-20;0.0;748.5
8924037;1;1;0;85.0;85;2026-04-28;2026-04-28;0.0;328.8
8927135;1;0;1;2.0;2;2026-07-20;2026-07-20;0.0;113.7
8928088;1;1;0;176.0;176;2026-01-27;2026-01-27;0.0;268.8
8928161;3;0;3;1.3;2;2026-07-20;2026-07-21;0.0;341.1
8928204;5;5;0;156.8;219;2025-12-15;2026-06-22;0.0;1584.0
8928284;2;0;2;5.0;9;2026-07-13;2026-07-21;0.0;854.8
8928435;1;0;1;26.0;26;2026-06-26;2026-06-26;0.0;1302.1
8928511;2;1;1;35.0;68;2026-05-15;2026-07-20;0.0;508.25
8928537;2;2;0;49.0;50;2026-06-02;2026-06-04;0.0;1374.6
8928551;1;1;0;107.0;107;2026-04-06;2026-04-06;0.0;328.8
8928594;1;1;0;1010.0;1010;2023-10-16;2023-10-16;0.0;447.0
8928604;1;1;0;78.0;78;2026-05-05;2026-05-05;0.0;268.8
8928677;1;1;0;35.0;35;2026-06-17;2026-06-17;0.0;777.3
8928714;1;1;0;138.0;138;2026-03-06;2026-03-06;100.0;313.5
8928728;1;1;0;35.0;35;2026-06-17;2026-06-17;0.0;1497.3
8928745;1;0;1;2.0;2;2026-07-20;2026-07-20;0.0;201.55
8928749;1;0;1;1.0;1;2026-07-21;2026-07-21;0.0;122.85000000000001
8928836;1;0;1;1.0;1;2026-07-21;2026-07-21;0.0;89.8
8928858;1;0;1;1.0;1;2026-07-21;2026-07-21;0.0;558.99
8928924;2;1;1;1.5;2;2026-07-20;2026-07-21;0.0;1239.15
8929036;3;0;3;4.0;9;2026-07-13;2026-07-21;0.0;748.5
8929122;2;2;0;773.0;1532;2022-05-12;2026-07-08;0.0;1584.0
8929194;1;0;1;4.0;4;2026-07-18;2026-07-18;0.0;1006.6499999999999
8929305;4;4;0;67.0;126;2026-03-18;2026-07-20;0.0;1464.9
8929358;1;0;1;1.0;1;2026-07-21;2026-07-21;0.0;113.7
8929368;1;1;0;6.0;6;2026-07-16;2026-07-16;0.0;498.75
8929393;1;1;0;1052.0;1052;2023-09-04;2023-09-04;0.0;99.0
8929423;1;1;0;35.0;35;2026-06-17;2026-06-17;0.0;837.3
8929486;1;1;0;32.0;32;2026-06-20;2026-06-20;0.0;328.8
8929561;1;1;0;476.0;476;2025-04-02;2025-04-02;0.0;567.0
8929737;1;1;0;2179.0;2179;2020-08-03;2020-08-03;0.0;298.5
8929819;1;1;0;76.0;76;2026-05-07;2026-05-07;0.0;955.5
8929823;1;1;0;20.0;20;2026-07-02;2026-07-02;0.0;268.8
8929836;4;3;1;161.0;257;2025-11-07;2026-07-21;0.0;2551.65
8929846;4;1;3;36.0;141;2026-03-03;2026-07-21;0.0;1737.2
8929876;1;1;0;78.0;78;2026-05-05;2026-05-05;0.0;1497.3
8929932;2;0;2;1.0;1;2026-07-21;2026-07-21;0.0;233.55
8929984;2;2;0;1669.0;2989;2018-05-16;2025-08-07;0.0;1004.4
8929988;1;0;1;2.0;2;2026-07-20;2026-07-20;0.0;189.5
8929991;1;1;0;16.0;16;2026-07-06;2026-07-06;0.0;1075.5
8930310;2;0;2;10.0;11;2026-07-11;2026-07-13;0.0;1310.2600000000002
8930352;1;1;0;198.0;198;2026-01-05;2026-01-05;100.0;760.2
8930606;1;1;0;22.0;22;2026-06-30;2026-06-30;0.0;537.3
8931040;1;1;0;481.0;481;2025-03-28;2025-03-28;0.0;835.5
8931147;1;1;0;404.0;404;2025-06-13;2025-06-13;0.0;328.8
8931231;1;0;1;2.0;2;2026-07-20;2026-07-20;0.0;245.54999999999998
8931274;8;8;0;13.9;35;2026-06-17;2026-07-21;0.0;2746.8
8931427;2;2;0;371.0;373;2025-07-14;2025-07-18;0.0;1294.2
8931671;1;0;1;1.0;1;2026-07-21;2026-07-21;0.0;49.9
8931809;1;0;1;1.0;1;2026-07-21;2026-07-21;0.0;401.4
893602;1;0;1;2.0;2;2026-07-20;2026-07-20;0.0;151.6
894317;2;1;1;37.0;66;2026-05-17;2026-07-14;0.0;2214.0
894387;1;1;0;2590.0;2590;2019-06-19;2019-06-19;0.0;567.0
896950;1;1;0;54.0;54;2026-05-29;2026-05-29;0.0;447.0
899100;1;1;0;390.0;390;2025-06-27;2025-06-27;0.0;268.8
899452;1;0;1;1.0;1;2026-07-21;2026-07-21;0.0;37.9
900325;2;2;0;54.0;86;2026-04-27;2026-06-30;0.0;1714.75
901166;2;2;0;32.0;43;2026-06-09;2026-07-01;0.0;2241.0
902366;2;0;2;1.0;2;2026-07-20;2026-07-22;0.0;113.7
9028130;1;0;1;1.0;1;2026-07-21;2026-07-21;0.0;155.70000000000002
9039215;1;1;0;26.0;26;2026-06-26;2026-06-26;0.0;777.3
9039698;1;0;1;3.0;3;2026-07-19;2026-07-19;0.0;199.6
9040150;1;0;1;9.0;9;2026-07-13;2026-07-13;0.0;404.1
9041193;1;0;1;1.0;1;2026-07-21;2026-07-21;0.0;191.70000000000002
9041930;2;0;2;2.5;3;2026-07-19;2026-07-20;0.0;341.1
9041955;2;0;2;13.5;15;2026-07-07;2026-07-10;0.0;1422.0
9042199;3;2;1;202.0;320;2025-09-05;2026-07-09;0.0;1803.6
9042602;2;2;0;184.0;247;2025-11-17;2026-03-23;0.0;657.6
9042791;1;0;1;2.0;2;2026-07-20;2026-07-20;0.0;179.6
9042813;3;3;0;38.3;60;2026-05-23;2026-07-12;0.0;1701.8999999999999
9042902;1;1;0;30.0;30;2026-06-22;2026-06-22;0.0;1057.45
9042922;1;1;0;106.0;106;2026-04-07;2026-04-07;0.0;268.8
9043278;1;0;1;2.0;2;2026-07-20;2026-07-20;0.0;936.5999999999999
9043475;1;1;0;7.0;7;2026-07-15;2026-07-15;0.0;887.25
9045325;1;0;1;11.0;11;2026-07-11;2026-07-11;0.0;1147.7
9045629;1;1;0;198.0;198;2026-01-05;2026-01-05;0.0;507.0
9045707;1;1;0;57.0;57;2026-05-26;2026-05-26;0.0;388.8
9045958;1;1;0;442.0;442;2025-05-06;2025-05-06;0.0;388.8
9045985;1;1;0;15.0;15;2026-07-07;2026-07-07;0.0;388.8
9046490;1;1;0;1646.0;1646;2022-01-18;2022-01-18;0.0;448.5
9046939;1;1;0;72.0;72;2026-05-11;2026-05-11;0.0;447.0
9047080;1;0;1;1.0;1;2026-07-21;2026-07-21;0.0;37.9
9048392;1;1;0;30.0;30;2026-06-22;2026-06-22;0.0;408.90000000000003
9048515;2;2;0;102.0;139;2026-03-05;2026-05-18;0.0;1497.6
9049132;2;2;0;101.0;168;2026-02-04;2026-06-18;0.0;1462.5
9049206;1;0;1;1.0;1;2026-07-21;2026-07-21;0.0;179.6
9049244;2;1;1;97.0;186;2026-01-17;2026-07-14;0.0;1207.65
9049518;2;2;0;261.0;373;2025-07-14;2026-02-23;0.0;1524.3
9049660;1;0;1;1.0;1;2026-07-21;2026-07-21;0.0;75.8
9052758;5;4;1;75.6;198;2026-01-05;2026-07-20;40.0;4092.6
9052786;1;1;0;274.0;274;2025-10-21;2025-10-21;0.0;388.8
9052993;2;2;0;184.0;195;2026-01-08;2026-01-30;0.0;1881.0
9053018;3;0;3;1.0;2;2026-07-20;2026-07-22;0.0;644.85
907575;1;1;0;518.0;518;2025-02-19;2025-02-19;0.0;448.8
907701;1;0;1;2.0;2;2026-07-20;2026-07-20;0.0;314.3
913020;1;0;1;2.0;2;2026-07-20;2026-07-20;0.0;189.5
913571;1;1;0;11.0;11;2026-07-11;2026-07-11;0.0;927.0
915783;6;2;4;9.3;23;2026-06-29;2026-07-21;0.0;2170.8
917227;1;0;1;2.0;2;2026-07-20;2026-07-20;0.0;493.9
917569;9;5;4;50.7;166;2026-02-06;2026-07-21;22.2;7421.6
919282;2;1;1;267.5;534;2025-02-03;2026-07-21;0.0;736.9
920810;1;1;0;30.0;30;2026-06-22;2026-06-22;0.0;268.8
921516;11;11;0;70.2;141;2026-03-03;2026-06-27;0.0;3405.3
9228875;2;2;0;32.0;34;2026-06-18;2026-06-22;0.0;2574.3
9230859;4;4;0;459.0;989;2023-11-06;2026-02-13;0.0;2376.3
9231063;1;0;1;1.0;1;2026-07-21;2026-07-21;0.0;541.35
923173;1;1;0;177.0;177;2026-01-26;2026-01-26;0.0;268.8
9231772;1;0;1;3.0;3;2026-07-19;2026-07-19;0.0;199.6
9242298;1;0;1;2.0;2;2026-07-20;2026-07-20;0.0;1027.8500000000001
9246285;6;6;0;546.2;700;2024-08-21;2025-07-29;0.0;2512.8
9246843;1;1;0;72.0;72;2026-05-11;2026-05-11;0.0;388.8
9249086;1;1;0;22.0;22;2026-06-30;2026-06-30;0.0;430.75
9250033;1;1;0;40.0;40;2026-06-12;2026-06-12;0.0;328.8
9250858;1;0;1;6.0;6;2026-07-16;2026-07-16;0.0;817.5600000000001
9251054;2;2;0;215.5;377;2025-07-10;2026-05-29;0.0;835.8
9251488;1;0;1;1.0;1;2026-07-21;2026-07-21;0.0;155.70000000000002
9252849;2;2;0;69.5;93;2026-04-20;2026-06-06;0.0;1014.0
9253032;1;0;1;2.0;2;2026-07-20;2026-07-20;0.0;447.40000000000003
9261395;1;1;0;348.0;348;2025-08-08;2025-08-08;0.0;388.8
9263437;1;0;1;3.0;3;2026-07-19;2026-07-19;0.0;289.35
9271697;1;1;0;2200.0;2200;2020-07-13;2020-07-13;0.0;268.5
9272154;2;1;1;10.0;11;2026-07-11;2026-07-13;0.0;1415.3
9272939;2;1;1;8.5;16;2026-07-06;2026-07-21;0.0;680.1
9274865;1;1;0;137.0;137;2026-03-07;2026-03-07;0.0;447.0
9282031;1;1;0;93.0;93;2026-04-20;2026-04-20;0.0;268.8
9283622;1;1;0;31.0;31;2026-06-21;2026-06-21;0.0;537.3
9283715;2;2;0;290.5;321;2025-09-04;2025-11-04;100.0;627.0
9283858;1;0;1;2.0;2;2026-07-20;2026-07-20;0.0;389.25
928678;1;0;1;21.0;21;2026-07-01;2026-07-01;0.0;795.9
9287936;1;1;0;148.0;148;2026-02-24;2026-02-24;0.0;388.8
9293935;1;1;0;22.0;22;2026-06-30;2026-06-30;0.0;388.8
929944;2;2;0;21.0;21;2026-07-01;2026-07-01;0.0;1314.6
9300553;9;9;0;66.0;106;2026-04-07;2026-06-24;0.0;3379.2000000000003
930336;1;0;1;9.0;9;2026-07-13;2026-07-13;0.0;758.0
9308133;1;1;0;35.0;35;2026-06-17;2026-06-17;0.0;595.5
9310462;3;3;0;660.0;660;2024-09-30;2024-09-30;0.0;866.4000000000001
9313752;6;6;0;152.7;246;2025-11-18;2026-05-20;0.0;3768.6
9315634;1;1;0;77.0;77;2026-05-06;2026-05-06;100.0;642.0
931655;7;3;4;23.6;58;2026-05-25;2026-07-20;0.0;7310.75
9319328;1;1;0;278.0;278;2025-10-17;2025-10-17;0.0;447.0
9321792;1;1;0;237.0;237;2025-11-27;2025-11-27;0.0;268.8
9322936;2;1;1;64.0;127;2026-03-17;2026-07-21;0.0;1921.2
932586;1;1;0;672.0;672;2024-09-18;2024-09-18;0.0;268.8
9329187;1;0;1;1.0;1;2026-07-21;2026-07-21;0.0;155.70000000000002
9330646;1;0;1;1.0;1;2026-07-21;2026-07-21;0.0;127.80000000000001
9332976;3;2;1;26.3;34;2026-06-18;2026-07-07;0.0;3629.8
9334357;1;1;0;1528.0;1528;2022-05-16;2022-05-16;0.0;418.5
9340797;1;0;1;3.0;3;2026-07-19;2026-07-19;0.0;287.55
9342320;3;2;1;162.0;418;2025-05-30;2026-06-30;0.0;1823.6
9343954;1;1;0;22.0;22;2026-06-30;2026-06-30;0.0;747.3
9344496;2;2;0;188.5;216;2025-12-18;2026-02-11;0.0;2424.3
9345787;1;1;0;143.0;143;2026-03-01;2026-03-01;0.0;268.8
9345846;1;1;0;9.0;9;2026-07-13;2026-07-13;0.0;616.95
9346140;2;0;2;13.0;13;2026-07-09;2026-07-09;0.0;6362.3
9349823;1;1;0;124.0;124;2026-03-20;2026-03-20;0.0;567.0
9351051;1;0;1;19.0;19;2026-07-03;2026-07-03;0.0;1137.15
935617;1;1;0;15.0;15;2026-07-07;2026-07-07;100.0;712.0500000000001
9358919;1;1;0;23.0;23;2026-06-29;2026-06-29;0.0;447.0
9362702;1;0;1;2.0;2;2026-07-20;2026-07-20;0.0;239.45
9362902;6;1;5;24.5;128;2026-03-16;2026-07-21;0.0;1601.6
9368416;2;0;2;2.0;2;2026-07-20;2026-07-20;0.0;1024.7
937565;1;0;1;3.0;3;2026-07-19;2026-07-19;0.0;491.40000000000003
937574;4;0;4;2.2;3;2026-07-19;2026-07-20;0.0;558.6999999999999
9382649;1;0;1;7.0;7;2026-07-15;2026-07-15;0.0;265.3
938308;2;2;0;36.0;46;2026-06-06;2026-06-26;0.0;1416.55
9383297;1;1;0;51.0;51;2026-06-01;2026-06-01;0.0;388.8
9383356;1;1;0;594.0;594;2024-12-05;2024-12-05;0.0;328.8
9384647;1;1;0;88.0;88;2026-04-25;2026-04-25;0.0;388.8
9385264;1;1;0;43.0;43;2026-06-09;2026-06-09;0.0;775.5
9385430;1;1;0;240.0;240;2025-11-24;2025-11-24;100.0;671.7
9385592;1;0;1;1.0;1;2026-07-21;2026-07-21;0.0;122.85000000000001
9388004;6;0;6;2.7;4;2026-07-18;2026-07-21;0.0;4121.55
9389423;1;0;1;2.0;2;2026-07-20;2026-07-20;0.0;2683.7999999999997
9393863;1;0;1;9.0;9;2026-07-13;2026-07-13;0.0;862.1999999999999
9394417;1;0;1;11.0;11;2026-07-11;2026-07-11;0.0;416.9
9396014;2;0;2;2.0;3;2026-07-19;2026-07-21;0.0;872.8500000000001
9396211;1;1;0;124.0;124;2026-03-20;2026-03-20;0.0;567.0
939967;1;1;0;30.0;30;2026-06-22;2026-06-22;0.0;717.3
9405871;1;1;0;35.0;35;2026-06-17;2026-06-17;0.0;537.3
9407206;1;0;1;1.0;1;2026-07-21;2026-07-21;0.0;111.85000000000001
9407746;1;0;1;2.0;2;2026-07-20;2026-07-20;0.0;296.55
9414726;5;5;0;77.8;78;2026-05-05;2026-05-06;100.0;1567.5
9415071;1;1;0;533.0;533;2025-02-04;2025-02-04;100.0;463.2
9416963;2;2;0;65.0;111;2026-04-02;2026-07-03;0.0;943.95
941978;16;16;0;20.3;26;2026-06-26;2026-07-10;0.0;10078.5
9426628;1;1;0;19.0;19;2026-07-03;2026-07-03;0.0;448.8
9426977;6;6;0;389.0;481;2025-03-28;2025-09-18;83.3;5273.1
9427512;1;1;0;107.0;107;2026-04-06;2026-04-06;0.0;388.8
9427650;1;1;0;26.0;26;2026-06-26;2026-06-26;100.0;1102.15
9441923;1;1;0;2.0;2;2026-07-20;2026-07-20;0.0;537.3
9443268;1;1;0;29.0;29;2026-06-23;2026-06-23;0.0;1539.25
9446046;1;1;0;36.0;36;2026-06-16;2026-06-16;0.0;328.8
9446502;1;1;0;212.0;212;2025-12-22;2025-12-22;0.0;537.3
9450384;1;1;0;22.0;22;2026-06-30;2026-06-30;0.0;268.8
9454594;1;0;1;3.0;3;2026-07-19;2026-07-19;0.0;335.47
9456821;1;1;0;77.0;77;2026-05-06;2026-05-06;100.0;582.0
9457638;1;1;0;1185.0;1185;2023-04-24;2023-04-24;0.0;268.5
9457658;2;0;2;2.0;2;2026-07-20;2026-07-20;0.0;303.2
9458142;1;1;0;127.0;127;2026-03-17;2026-03-17;0.0;268.8
9465153;1;1;0;1457.0;1457;2022-07-26;2022-07-26;0.0;567.0
9469647;1;0;1;2.0;2;2026-07-20;2026-07-20;0.0;399.2
9469787;1;0;1;1.0;1;2026-07-21;2026-07-21;0.0;127.80000000000001
9471064;1;0;1;1.0;1;2026-07-21;2026-07-21;0.0;143.7
9471509;1;1;0;315.0;315;2025-09-10;2025-09-10;0.0;388.8
9472758;1;1;0;65.0;65;2026-05-18;2026-05-18;0.0;268.8
947513;2;1;1;22.0;40;2026-06-12;2026-07-18;0.0;1276.5
947824;1;1;0;833.0;833;2024-04-10;2024-04-10;0.0;627.0
9481289;3;3;0;41.0;117;2026-03-27;2026-07-19;33.3;1359.6
9482939;1;1;0;89.0;89;2026-04-24;2026-04-24;0.0;1015.5
9492049;1;1;0;268.0;268;2025-10-27;2025-10-27;0.0;567.0
9493305;2;0;2;1.5;2;2026-07-20;2026-07-21;0.0;324.4
9493686;1;0;1;1.0;1;2026-07-21;2026-07-21;0.0;113.7
9495319;2;2;0;253.5;471;2025-04-07;2026-06-16;0.0;1224.3
949626;2;0;2;2.5;3;2026-07-19;2026-07-20;0.0;1040.4
949806;1;1;0;12.0;12;2026-07-10;2026-07-10;0.0;715.5
9499684;1;0;1;1.0;1;2026-07-21;2026-07-21;0.0;113.7
9500137;1;0;1;2.0;2;2026-07-20;2026-07-20;0.0;361.35
9503441;1;0;1;2.0;2;2026-07-20;2026-07-20;0.0;75.8
951169;2;2;0;208.0;267;2025-10-28;2026-02-23;0.0;806.0999999999999
951186;1;0;1;2.0;2;2026-07-20;2026-07-20;0.0;224.5
951813;3;0;3;1.3;2;2026-07-20;2026-07-21;0.0;1035.45
956238;2;0;2;1.0;1;2026-07-21;2026-07-21;0.0;194.6
958628;1;1;0;9.0;9;2026-07-13;2026-07-13;0.0;837.3
959065;1;1;0;3.0;3;2026-07-19;2026-07-19;0.0;378.75
9651598;10;7;3;92.7;176;2026-01-27;2026-07-21;0.0;7238.009999999999
9653975;1;1;0;1614.0;1614;2022-02-19;2022-02-19;0.0;298.5
9655023;11;10;1;223.7;644;2024-10-16;2026-07-18;36.4;5906.35
9656059;1;0;1;1.0;1;2026-07-21;2026-07-21;0.0;283.5
9656234;1;0;1;9.0;9;2026-07-13;2026-07-13;0.0;748.5
9660587;1;1;0;83.0;83;2026-04-30;2026-04-30;0.0;748.8
9666497;2;2;0;673.5;958;2023-12-07;2025-06-28;0.0;805.5
9672812;12;12;0;83.2;302;2025-09-23;2026-07-07;0.0;8921.1
9680626;1;1;0;359.0;359;2025-07-28;2025-07-28;0.0;507.0
9690885;11;11;0;121.3;314;2025-09-11;2026-07-16;0.0;3216.9
969109;1;1;0;464.0;464;2025-04-14;2025-04-14;0.0;447.0
9692474;1;1;0;158.0;158;2026-02-14;2026-02-14;0.0;268.8
9693580;1;1;0;19.0;19;2026-07-03;2026-07-03;0.0;328.8
9694217;1;0;1;2.0;2;2026-07-20;2026-07-20;0.0;199.45
9694658;1;0;1;4.0;4;2026-07-18;2026-07-18;0.0;1155.6
9695425;1;1;0;30.0;30;2026-06-22;2026-06-22;0.0;1015.5
9696728;1;1;0;126.0;126;2026-03-18;2026-03-18;0.0;328.8
9696812;1;1;0;196.0;196;2026-01-07;2026-01-07;0.0;655.5
9698317;2;0;2;2.0;2;2026-07-20;2026-07-20;0.0;2237.0
9710408;1;0;1;1.0;1;2026-07-21;2026-07-21;0.0;151.6
9711750;2;2;0;404.5;793;2024-05-20;2026-07-06;0.0;715.8
9711986;1;1;0;314.0;314;2025-09-11;2025-09-11;0.0;955.5
9712195;1;0;1;11.0;11;2026-07-11;2026-07-11;0.0;1760.4
9712339;2;1;1;34.5;50;2026-06-02;2026-07-03;0.0;4027.0499999999993
9712942;3;0;3;9.7;16;2026-07-06;2026-07-19;0.0;4292.650000000001
9713287;3;3;0;69.7;91;2026-04-22;2026-06-11;0.0;1203.0
9716624;1;1;0;173.0;173;2026-01-30;2026-01-30;0.0;567.0
9718871;1;1;0;306.0;306;2025-09-19;2025-09-19;0.0;328.8
971888;1;1;0;6.0;6;2026-07-16;2026-07-16;0.0;715.5
9718928;1;1;0;93.0;93;2026-04-20;2026-04-20;0.0;1075.5
9730841;2;2;0;698.5;1080;2023-08-07;2025-09-08;0.0;587.4000000000001
973127;1;1;0;1.0;1;2026-07-21;2026-07-21;100.0;882.0
9732537;1;1;0;504.0;504;2025-03-05;2025-03-05;100.0;313.5
9733221;1;1;0;34.0;34;2026-06-18;2026-06-18;0.0;567.0
973329;1;0;1;2.0;2;2026-07-20;2026-07-20;0.0;205.61999999999998
9733371;1;1;0;2.0;2;2026-07-20;2026-07-20;0.0;388.8
973364;1;0;1;1.0;1;2026-07-21;2026-07-21;0.0;75.8
973707;2;0;2;1.5;2;2026-07-20;2026-07-21;0.0;335.3
9740248;1;1;0;483.0;483;2025-03-26;2025-03-26;0.0;587.1
9740778;1;1;0;68.0;68;2026-05-15;2026-05-15;0.0;955.5
9742418;1;1;0;33.0;33;2026-06-19;2026-06-19;0.0;268.8
9742819;1;1;0;188.0;188;2026-01-15;2026-01-15;0.0;268.8
9743978;4;4;0;208.8;406;2025-06-11;2026-06-12;0.0;1195.2
9744013;2;2;0;346.0;691;2024-08-30;2026-07-21;0.0;537.6
97466;2;1;1;12.0;23;2026-06-29;2026-07-21;0.0;644.1
9750039;4;3;1;470.5;1715;2021-11-10;2026-07-19;0.0;2900.65
9752085;3;3;0;23.0;37;2026-06-15;2026-07-16;0.0;2173.35
9754798;1;1;0;517.0;517;2025-02-20;2025-02-20;0.0;388.8
9758750;1;1;0;14.0;14;2026-07-08;2026-07-08;0.0;268.8
9760707;1;1;0;50.0;50;2026-06-02;2026-06-02;0.0;837.3
9763120;1;0;1;2.0;2;2026-07-20;2026-07-20;0.0;151.6
9765029;3;2;1;110.0;282;2025-10-13;2026-07-10;0.0;1128.2
9765093;1;0;1;1.0;1;2026-07-21;2026-07-21;0.0;231.63000000000002
9765701;3;3;0;63.3;98;2026-04-15;2026-06-17;0.0;2510.1
9765725;2;0;2;3.0;4;2026-07-18;2026-07-20;0.0;227.39999999999998
9773149;2;2;0;250.5;255;2025-11-09;2025-11-18;0.0;537.6
9773297;3;2;1;203.0;304;2025-09-21;2026-07-19;0.0;1633.0
9773695;1;1;0;22.0;22;2026-06-30;2026-06-30;0.0;430.75
9775799;2;2;0;207.5;238;2025-11-26;2026-01-26;50.0;1120.8
9776142;1;1;0;9.0;9;2026-07-13;2026-07-13;0.0;388.8
9781245;3;1;2;17.3;50;2026-06-02;2026-07-21;0.0;1726.45
9783894;3;3;0;410.0;617;2024-11-12;2025-09-29;0.0;984.6
979464;3;2;1;32.3;60;2026-05-23;2026-07-21;0.0;1105.5
9798903;2;2;0;174.0;262;2025-11-02;2026-04-27;0.0;537.6
980249;1;1;0;138.0;138;2026-03-06;2026-03-06;0.0;537.3
9807055;2;2;0;296.0;296;2025-09-29;2025-09-29;0.0;1674.6
9808276;2;2;0;1086.0;1086;2023-08-01;2023-08-01;0.0;717.0
981060;1;1;0;371.0;371;2025-07-16;2025-07-16;0.0;507.0
981228;3;0;3;1.3;2;2026-07-20;2026-07-21;0.0;994.6400000000001
9814123;1;1;0;474.0;474;2025-04-04;2025-04-04;0.0;1015.5
9823914;1;1;0;163.0;163;2026-02-09;2026-02-09;0.0;447.0
9826959;1;1;0;9.0;9;2026-07-13;2026-07-13;0.0;597.3
9831154;1;0;1;1.0;1;2026-07-21;2026-07-21;0.0;263.65000000000003
9835592;1;1;0;19.0;19;2026-07-03;2026-07-03;0.0;775.5
9840984;2;0;2;2.0;2;2026-07-20;2026-07-20;0.0;199.6
9853629;2;2;0;49.5;97;2026-04-16;2026-07-20;0.0;657.6
9857178;1;1;0;1482.0;1482;2022-07-01;2022-07-01;0.0;150.0
9861929;1;1;0;24.0;24;2026-06-28;2026-06-28;0.0;997.45
987244;1;1;0;1144.0;1144;2023-06-04;2023-06-04;0.0;388.8
9885777;1;1;0;21.0;21;2026-07-01;2026-07-01;0.0;488.95
9887313;1;0;1;8.0;8;2026-07-14;2026-07-14;0.0;1062.0
9888960;1;1;0;1072.0;1072;2023-08-15;2023-08-15;100.0;935.6999999999999
9892054;1;0;1;9.0;9;2026-07-13;2026-07-13;0.0;416.9
9897999;5;5;0;46.2;117;2026-03-27;2026-07-07;0.0;4001.1
990536;2;0;2;1.5;2;2026-07-20;2026-07-21;0.0;269.4
9906817;1;1;0;118.0;118;2026-03-26;2026-03-26;100.0;582.0
9915429;2;1;1;401.0;800;2024-05-13;2026-07-20;0.0;480.1
9919401;1;1;0;21.0;21;2026-07-01;2026-07-01;0.0;759.25
9923665;1;1;0;14.0;14;2026-07-08;2026-07-08;0.0;647.25
9931355;1;1;0;179.0;179;2026-01-24;2026-01-24;0.0;418.5
9932290;2;2;0;192.0;371;2025-07-16;2026-07-09;0.0;447.3
9936531;1;1;0;215.0;215;2025-12-19;2025-12-19;0.0;448.8
993684;1;0;1;1.0;1;2026-07-21;2026-07-21;0.0;416.9
9937369;1;0;1;7.0;7;2026-07-15;2026-07-15;0.0;1023.3
9939943;2;1;1;4.5;7;2026-07-15;2026-07-20;0.0;1266.9
9939996;1;0;1;1.0;1;2026-07-21;2026-07-21;0.0;383.40000000000003
9949187;1;1;0;484.0;484;2025-03-25;2025-03-25;0.0;507.0
9956757;1;0;1;2.0;2;2026-07-20;2026-07-20;0.0;311.40000000000003
9957418;1;1;0;404.0;404;2025-06-13;2025-06-13;0.0;268.8
995856;1;1;0;100.0;100;2026-04-13;2026-04-13;0.0;268.8
9965961;1;1;0;23.0;23;2026-06-29;2026-06-29;0.0;388.8
9970231;1;1;0;127.0;127;2026-03-17;2026-03-17;0.0;447.0
997611;1;0;1;5.0;5;2026-07-17;2026-07-17;0.0;343.0
9990865;3;1;2;11.7;26;2026-06-26;2026-07-21;0.0;897.3
9990868;2;0;2;4.0;7;2026-07-15;2026-07-21;0.0;3732.3000000000006
9991860;1;1;0;986.0;986;2023-11-09;2023-11-09;0.0;448.5
9993124;2;1;1;99.5;198;2026-01-05;2026-07-21;0.0;826.6
