CODIGO_CLIENTE;VOLUME_TOTAL_2024;VOLUME_TOTAL_2025;VOLUME_TOTAL_2026;VOLUME_24M;AGENCIAS_DISTINTAS;MESES_ATIVOS_MAX;VOLUME_AD_TOTAL;VOLUME_AM_TOTAL
10001979;12;11;7;22.0;1;29;4.0;26.0
10005327;1;13;0;14.0;1;12;0.0;14.0
10005603;2;0;0;0.0;2;1;2.0;0.0
10006222;1;2;0;1.0;2;1;3.0;0.0
10006628;6;0;0;0.0;1;6;0.0;6.0
10008102;12;12;6;24.0;1;31;0.0;30.0
10008602;9;19;12;34.0;2;25;0.0;40.0
10009717;2;2;1;0.0;2;0;5.0;0.0
10010505;3;2;0;0.0;1;0;5.0;0.0
10011465;2;3;0;2.0;2;2;5.0;0.0
10011855;1;0;0;0.0;1;0;1.0;0.0
10012252;17;8;7;31.0;1;18;21.0;11.0
10013496;0;24;7;29.0;1;22;9.0;22.0
10013917;3;3;3;4.0;1;4;9.0;0.0
10014422;0;4;2;5.0;1;4;6.0;0.0
10016458;1;1;1;1.0;1;1;3.0;0.0
10017993;6;10;4;16.0;1;17;6.0;14.0
10018198;12;12;6;24.0;1;31;0.0;30.0
10018224;5;20;7;36.0;1;27;1.0;31.0
10032007;14;14;6;25.0;1;29;3.0;31.0
10032702;12;12;7;25.0;1;31;0.0;31.0
10033280;18;27;19;55.0;1;40;46.0;18.0
10035058;2;12;7;18.0;1;18;5.0;16.0
10035554;22;16;5;31.0;1;30;39.0;4.0
10035633;5;18;2;23.0;1;18;0.0;25.0
10035968;1;1;0;0.0;1;0;2.0;0.0
10036159;0;1;0;0.0;1;0;1.0;0.0
10036956;2;0;0;0.0;1;2;0.0;2.0
10037949;8;3;0;5.0;1;10;0.0;11.0
10038355;1;1;3;3.0;1;3;5.0;0.0
10040685;0;2;2;1.0;1;1;4.0;0.0
1004075;4;2;0;3.0;1;5;6.0;0.0
10040932;2;1;0;0.0;1;1;3.0;0.0
1004098;4;1;1;2.0;3;5;6.0;0.0
1004109;0;1;1;0.0;1;0;2.0;0.0
10041224;1;0;1;1.0;1;2;2.0;0.0
100413;8;4;1;10.0;2;11;8.0;5.0
10041383;0;2;1;3.0;1;3;3.0;0.0
10048294;7;0;0;0.0;1;6;0.0;7.0
10048574;6;3;3;11.0;2;11;5.0;7.0
10048645;15;16;7;25.0;1;32;8.0;30.0
10048831;6;12;5;22.0;1;23;0.0;23.0
10051786;0;1;0;0.0;1;0;1.0;0.0
10052401;3;1;0;3.0;1;4;0.0;4.0
10052566;1;1;1;0.0;1;0;3.0;0.0
10053766;9;3;0;7.0;1;9;3.0;9.0
10054652;1;3;0;2.0;1;2;4.0;0.0
10055075;23;10;4;22.0;2;21;5.0;32.0
1005531;8;6;3;10.0;1;14;6.0;11.0
10055488;1;0;0;0.0;1;0;1.0;0.0
10055623;2;11;1;12.0;1;13;0.0;14.0
10056145;5;9;0;13.0;1;14;0.0;14.0
1005672;0;1;0;0.0;1;0;1.0;0.0
1005706;7;7;5;9.0;1;13;7.0;12.0
10058172;0;1;2;3.0;1;3;0.0;3.0
10058662;5;6;3;11.0;1;11;14.0;0.0
10058668;2;5;3;10.0;1;10;1.0;9.0
10058934;2;1;0;0.0;1;1;3.0;0.0
10059088;1;3;1;2.0;1;2;5.0;0.0
10059516;14;14;12;34.0;1;33;3.0;37.0
10060819;0;0;0;0.0;1;0;0.0;0.0
1006128;1;2;1;0.0;2;0;4.0;0.0
10062044;7;6;2;13.0;1;16;0.0;15.0
10062739;1;1;0;0.0;1;0;2.0;0.0
10067971;4;1;1;2.0;1;4;1.0;5.0
10068714;15;32;15;57.0;1;49;24.0;38.0
10069242;0;0;1;0.0;1;0;1.0;0.0
10069327;8;5;0;5.0;1;12;7.0;6.0
10070364;19;21;11;40.0;1;31;2.0;49.0
10071588;2;6;0;8.0;1;8;0.0;8.0
10071601;12;40;18;67.0;1;32;0.0;70.0
10072017;4;12;7;21.0;3;14;1.0;22.0
10072053;3;5;9;15.0;1;14;0.0;17.0
10072567;1;1;0;0.0;1;0;2.0;0.0
10073964;9;5;9;19.0;1;19;0.0;23.0
10074398;2;1;0;0.0;1;1;3.0;0.0
10074590;1;1;1;1.0;1;1;3.0;0.0
10075017;12;9;0;14.0;1;21;0.0;21.0
10075181;2;2;0;2.0;1;3;0.0;4.0
10075538;12;4;1;10.0;2;16;10.0;7.0
10076345;2;1;0;0.0;1;0;3.0;0.0
10077767;12;15;9;32.0;1;32;0.0;36.0
10078073;1;1;1;0.0;1;0;3.0;0.0
10079517;5;2;0;5.0;1;7;7.0;0.0
10080720;4;31;1;37.0;1;15;3.0;33.0
10081255;4;2;0;1.0;1;5;6.0;0.0
10082132;1;2;0;1.0;1;1;3.0;0.0
10082393;3;6;0;4.0;3;7;4.0;5.0
10082835;2;4;6;10.0;3;10;8.0;4.0
10088703;0;1;1;2.0;1;2;2.0;0.0
10089081;14;20;15;47.0;4;44;36.0;13.0
10089208;0;9;6;16.0;1;16;0.0;15.0
10089933;3;5;2;8.0;1;9;10.0;0.0
1009034;11;7;4;13.0;5;20;14.0;8.0
10090422;6;0;0;0.0;1;6;0.0;6.0
10090753;1;1;0;0.0;1;0;2.0;0.0
10093580;2;2;3;6.0;1;6;4.0;3.0
10093830;3;2;2;7.0;1;8;0.0;7.0
1009520;5;2;0;2.0;3;4;7.0;0.0
10095505;0;4;0;4.0;1;4;0.0;4.0
1009593;3;3;1;2.0;1;2;7.0;0.0
1009713;0;1;0;0.0;1;0;1.0;0.0
10097345;2;17;8;28.0;1;20;1.0;26.0
10097806;0;0;1;0.0;1;0;1.0;0.0
10098741;19;12;10;29.0;1;36;5.0;36.0
10099239;1;1;1;0.0;1;0;3.0;0.0
10099477;2;9;12;24.0;2;18;8.0;15.0
1009961;10;5;0;7.0;1;14;0.0;15.0
10101969;19;8;23;37.0;1;23;7.0;43.0
10102540;3;0;3;3.0;1;6;0.0;6.0
1010282;0;4;2;4.0;3;4;6.0;0.0
10104286;10;0;0;2.0;1;9;0.0;10.0
10107723;5;3;0;4.0;1;6;0.0;8.0
10109645;0;1;5;7.0;1;7;6.0;0.0
1010983;33;62;41;129.0;2;56;86.0;50.0
10109923;9;0;0;2.0;5;8;1.0;8.0
10110371;3;3;2;3.0;1;4;8.0;0.0
10111567;5;2;0;2.0;1;7;7.0;0.0
10111719;0;12;0;12.0;1;5;1.0;11.0
10112697;14;63;38;114.0;2;34;3.0;112.0
10113248;2;3;3;7.0;1;7;8.0;0.0
10115980;13;4;0;9.0;1;16;0.0;17.0
1011889;2;1;1;0.0;1;0;4.0;0.0
10120915;12;10;0;15.0;1;22;0.0;22.0
10121013;7;1;0;1.0;1;6;2.0;6.0
10121262;2;17;6;24.0;1;17;25.0;0.0
10121360;19;5;13;19.0;1;22;10.0;27.0
10121866;3;12;1;11.0;1;12;16.0;0.0
10125075;6;4;3;12.0;1;11;13.0;0.0
1012671;0;7;0;8.0;1;5;0.0;7.0
10126761;1;1;1;1.0;1;2;3.0;0.0
1012737;1;1;0;0.0;1;0;2.0;0.0
10127822;13;3;0;7.0;1;14;2.0;14.0
1013070;5;4;2;6.0;3;8;11.0;0.0
10132907;24;24;12;48.0;1;31;0.0;60.0
10133461;1;1;1;1.0;1;2;3.0;0.0
10135023;1;1;1;2.0;3;2;3.0;0.0
10135657;0;0;0;0.0;1;0;0.0;0.0
10135756;0;8;0;8.0;1;8;0.0;8.0
10138162;0;1;0;1.0;1;1;1.0;0.0
10138256;2;0;1;1.0;1;1;3.0;0.0
10139645;1;1;0;1.0;3;1;2.0;0.0
10140870;4;8;12;22.0;8;22;13.0;11.0
10141453;12;12;6;24.0;1;31;0.0;30.0
10141817;1;0;0;0.0;1;0;1.0;0.0
10142068;1;1;1;0.0;1;0;3.0;0.0
10143107;3;0;0;0.0;3;2;3.0;0.0
10143519;22;32;7;50.0;1;29;7.0;54.0
10143603;13;12;2;19.0;1;26;0.0;27.0
10143768;1;0;1;0.0;1;0;2.0;0.0
10144432;1;1;0;0.0;1;0;2.0;0.0
10144828;1;1;0;0.0;1;0;2.0;0.0
10145080;6;17;9;29.0;1;29;19.0;13.0
10147331;6;1;0;1.0;1;4;4.0;3.0
10147815;6;3;2;5.0;1;10;11.0;0.0
10147884;3;5;6;12.0;1;15;0.0;14.0
10148707;4;3;0;5.0;1;7;0.0;7.0
1014881;3;9;0;12.0;1;12;4.0;8.0
10149145;3;3;2;1.0;1;1;8.0;0.0
1015082;8;4;2;5.0;2;10;14.0;0.0
10155990;1;1;1;1.0;1;1;3.0;0.0
10156308;1;2;0;0.0;1;0;3.0;0.0
1015651;35;13;6;37.0;1;31;0.0;54.0
10156645;12;12;6;24.0;1;31;0.0;30.0
10157067;0;19;4;22.0;1;15;0.0;23.0
10157530;3;5;0;7.0;1;7;2.0;6.0
10159242;5;6;3;13.0;1;16;14.0;0.0
10159599;12;11;0;16.0;1;20;0.0;23.0
10160711;4;0;0;0.0;1;3;4.0;0.0
10160851;14;6;2;10.0;1;15;22.0;0.0
10161414;11;0;2;4.0;1;11;4.0;9.0
1016245;1;1;0;0.0;1;0;2.0;0.0
10162525;1;0;0;0.0;1;1;1.0;0.0
10163399;16;6;0;13.0;1;16;3.0;19.0
10163505;0;1;2;3.0;1;3;3.0;0.0
10164468;3;2;0;5.0;1;5;0.0;5.0
10166447;9;31;18;61.0;1;25;0.0;58.0
10167448;4;1;5;5.0;1;9;6.0;4.0
10168242;0;2;3;5.0;3;5;4.0;1.0
10168429;15;13;7;25.0;1;34;5.0;30.0
10169047;4;3;3;8.0;1;11;3.0;7.0
10170008;1;0;0;0.0;1;0;1.0;0.0
10170131;0;0;4;5.0;1;5;0.0;4.0
1017472;3;3;0;3.0;1;6;0.0;6.0
1017593;2;1;1;0.0;2;0;4.0;0.0
1017595;0;1;0;0.0;2;0;1.0;0.0
1017642;4;1;0;1.0;1;3;1.0;4.0
10177291;1;2;0;0.0;1;0;3.0;0.0
10178139;1;2;1;1.0;1;1;4.0;0.0
10178727;1;1;0;0.0;1;0;2.0;0.0
10179673;1;1;0;0.0;1;1;2.0;0.0
10179858;3;0;0;1.0;1;2;3.0;0.0
10180605;1;1;1;0.0;1;0;3.0;0.0
10182518;2;1;1;1.0;1;1;4.0;0.0
10182621;2;0;0;0.0;1;1;2.0;0.0
1018279;4;10;3;15.0;1;11;2.0;15.0
10183307;1;2;0;0.0;1;0;3.0;0.0
10183575;0;5;5;10.0;1;10;0.0;10.0
10183810;1;0;0;0.0;1;1;1.0;0.0
10183911;1;1;0;0.0;1;0;2.0;0.0
10185523;40;1;1;7.0;1;10;3.0;39.0
10185706;1;1;1;0.0;1;0;3.0;0.0
10185997;3;1;1;0.0;1;2;5.0;0.0
10186160;1;3;3;4.0;1;4;3.0;4.0
10187040;1;0;0;0.0;1;1;1.0;0.0
10187399;14;5;0;7.0;1;10;3.0;16.0
10189061;1;3;1;4.0;1;4;5.0;0.0
10189248;0;0;0;0.0;1;0;0.0;0.0
10189334;0;1;0;1.0;1;1;1.0;0.0
10190116;0;15;7;20.0;1;9;0.0;22.0
10192579;0;9;0;8.0;1;8;0.0;9.0
10192834;33;37;18;73.0;1;32;0.0;88.0
10192998;6;0;2;4.0;1;5;2.0;6.0
10193234;0;2;1;1.0;1;1;3.0;0.0
10193671;4;0;0;0.0;1;4;0.0;4.0
10202456;0;10;6;17.0;1;16;0.0;16.0
1020331;0;17;86;119.0;1;9;0.0;103.0
1020423;18;0;0;2.0;1;11;2.0;16.0
10204436;4;0;0;0.0;2;4;0.0;4.0
10205479;2;0;0;0.0;1;1;2.0;0.0
10205549;1;1;1;0.0;1;0;3.0;0.0
10207702;20;12;6;25.0;1;31;0.0;38.0
10208394;3;4;1;4.0;1;6;8.0;0.0
10208680;2;1;0;1.0;1;1;3.0;0.0
10211942;0;8;2;9.0;1;7;1.0;9.0
10211964;12;0;0;5.0;1;12;0.0;12.0
10214224;0;0;6;7.0;1;7;0.0;6.0
10215294;20;64;45;116.0;1;32;2.0;127.0
10215521;1;0;0;1.0;1;1;1.0;0.0
10215663;0;9;6;15.0;1;15;0.0;15.0
1021609;18;37;8;50.0;2;39;7.0;56.0
10222510;2;5;2;8.0;1;8;9.0;0.0
10222986;3;8;0;11.0;1;11;0.0;11.0
10223757;1;1;0;0.0;1;0;2.0;0.0
10224558;1;7;1;9.0;1;9;0.0;9.0
10226427;10;0;0;3.0;1;10;0.0;10.0
10226451;2;4;1;2.0;1;2;7.0;0.0
10226581;1;17;0;19.0;1;12;0.0;18.0
10226597;4;11;6;20.0;1;13;0.0;21.0
10226930;0;2;1;3.0;1;3;3.0;0.0
10227335;1;9;9;17.0;1;12;4.0;15.0
10227694;12;12;6;24.0;1;31;0.0;30.0
10227790;2;3;2;3.0;1;3;7.0;0.0
10229141;4;11;2;15.0;1;19;0.0;17.0
10229947;11;29;20;61.0;3;38;8.0;52.0
10230144;9;8;8;17.0;1;20;2.0;23.0
10230530;3;6;6;14.0;1;16;0.0;15.0
10231422;6;0;0;0.0;1;6;0.0;6.0
10231498;0;8;6;14.0;1;14;1.0;13.0
10231728;3;1;0;4.0;1;4;0.0;4.0
10231730;17;24;14;51.0;1;31;0.0;55.0
10233838;1;0;0;0.0;1;1;1.0;0.0
10234051;2;1;1;0.0;1;0;4.0;0.0
10234272;0;6;4;9.0;2;9;3.0;7.0
1023553;12;1;0;7.0;1;9;8.0;5.0
10235855;0;1;0;0.0;1;0;1.0;0.0
10237128;1;0;0;0.0;1;0;1.0;0.0
10237514;0;1;0;0.0;1;0;1.0;0.0
10237823;5;15;9;28.0;1;28;6.0;23.0
10238085;0;2;1;2.0;1;2;3.0;0.0
10238192;18;2;0;2.0;2;10;2.0;18.0
10238424;0;10;6;17.0;1;17;0.0;16.0
10238531;7;7;2;8.0;1;13;10.0;6.0
10238782;1;4;0;4.0;1;3;5.0;0.0
10239295;4;0;0;1.0;1;4;0.0;4.0
10239329;3;1;0;0.0;1;0;4.0;0.0
10239358;20;21;0;32.0;1;20;1.0;40.0
1024252;2;0;0;0.0;1;1;2.0;0.0
10243851;2;1;0;2.0;1;2;3.0;0.0
10244108;2;5;0;3.0;1;4;7.0;0.0
10244149;10;1;0;2.0;1;7;0.0;11.0
10245464;0;18;15;35.0;1;17;0.0;33.0
10248432;1;1;2;3.0;1;4;0.0;4.0
1024847;14;43;20;72.0;3;40;14.0;63.0
10249814;23;20;3;34.0;1;29;2.0;44.0
10252201;0;0;6;7.0;1;6;0.0;6.0
10252600;5;2;4;8.0;1;11;0.0;11.0
10252922;1;1;0;0.0;1;0;2.0;0.0
10253943;12;12;3;20.0;1;27;0.0;27.0
10253958;0;1;6;7.0;1;7;0.0;7.0
10254436;0;1;1;0.0;1;0;2.0;0.0
10256150;0;2;1;3.0;1;3;3.0;0.0
10258300;7;2;0;2.0;1;9;0.0;9.0
10258765;14;0;0;4.0;1;10;0.0;14.0
10259034;1;0;0;0.0;1;0;1.0;0.0
10259274;8;8;2;15.0;1;13;18.0;0.0
10259912;12;29;18;51.0;1;31;3.0;56.0
10267012;24;24;12;47.0;1;31;0.0;60.0
10267301;3;16;7;24.0;1;22;8.0;18.0
10267504;3;0;0;2.0;1;3;3.0;0.0
10269122;3;4;2;10.0;1;11;3.0;6.0
10270960;2;7;8;20.0;1;16;0.0;17.0
10271116;13;6;15;23.0;1;13;0.0;34.0
10272001;4;0;5;7.0;1;9;0.0;9.0
10272748;0;2;1;1.0;1;1;3.0;0.0
10273659;3;2;1;3.0;1;3;6.0;0.0
10274892;18;17;20;50.0;3;30;4.0;51.0
10274955;0;1;6;8.0;1;8;0.0;7.0
10275370;1;1;1;0.0;1;0;3.0;0.0
10275736;16;10;0;14.0;1;12;0.0;26.0
10275850;1;1;2;1.0;2;1;4.0;0.0
10276133;0;1;1;0.0;1;0;2.0;0.0
10276249;1;1;0;1.0;1;2;2.0;0.0
10276586;15;1;0;6.0;1;11;2.0;14.0
10276801;1;1;1;0.0;1;0;3.0;0.0
10277586;2;1;2;5.0;1;5;0.0;5.0
10277741;0;4;0;4.0;1;4;0.0;4.0
10277890;6;0;0;3.0;1;4;0.0;6.0
10278145;10;10;2;16.0;1;15;3.0;19.0
10278211;5;1;0;1.0;1;5;6.0;0.0
10278469;2;0;0;0.0;1;0;2.0;0.0
10285851;11;0;0;4.0;1;11;0.0;11.0
10286728;17;11;6;32.0;1;20;2.0;32.0
10287479;2;2;1;0.0;1;0;5.0;0.0
1028776;6;8;3;11.0;2;15;17.0;0.0
10287830;5;0;0;0.0;1;5;0.0;5.0
10288280;17;15;11;38.0;1;29;0.0;43.0
10288281;2;1;0;0.0;1;1;3.0;0.0
10289371;6;7;0;10.0;2;13;13.0;0.0
1029020;5;4;0;5.0;1;8;5.0;4.0
10290637;0;1;0;0.0;2;0;1.0;0.0
10290814;13;12;2;18.0;1;13;27.0;0.0
10290818;14;14;12;33.0;1;31;0.0;40.0
10291020;0;12;12;28.0;1;17;4.0;20.0
10291467;0;2;8;10.0;1;9;4.0;6.0
10291595;16;12;6;25.0;1;31;0.0;34.0
10294336;4;2;0;6.0;1;6;0.0;6.0
10294348;9;11;7;22.0;1;23;5.0;22.0
10294528;2;1;1;1.0;1;2;4.0;0.0
10294739;10;1;0;6.0;1;11;0.0;11.0
10296006;0;19;6;27.0;1;17;0.0;25.0
10297443;1;0;0;0.0;1;0;1.0;0.0
10297476;1;1;0;2.0;1;2;2.0;0.0
10299454;1;1;1;0.0;1;0;3.0;0.0
10299990;0;4;0;4.0;1;4;0.0;4.0
1030402;2;15;15;33.0;1;7;0.0;32.0
10307618;3;0;0;0.0;1;1;3.0;0.0
10309218;2;0;0;2.0;1;2;2.0;0.0
10309728;12;1;2;4.0;1;8;0.0;15.0
10311265;3;3;0;2.0;1;5;2.0;4.0
10311315;0;0;0;0.0;1;0;0.0;0.0
10311670;1;1;0;0.0;1;0;2.0;0.0
10312005;5;1;2;3.0;3;6;8.0;0.0
10312457;4;5;2;10.0;1;10;5.0;6.0
10312499;11;9;11;24.0;1;29;16.0;15.0
10312929;2;0;2;3.0;1;4;4.0;0.0
10313199;0;3;1;3.0;1;3;4.0;0.0
10314253;0;1;0;0.0;1;0;1.0;0.0
10314826;3;0;0;0.0;1;3;3.0;0.0
10315501;1;10;5;18.0;1;18;0.0;16.0
10315775;2;2;0;4.0;1;4;1.0;3.0
10315864;0;2;6;9.0;1;9;0.0;8.0
10315919;7;1;1;4.0;1;6;9.0;0.0
10317212;3;4;0;4.0;1;4;3.0;4.0
10317477;1;1;0;0.0;1;0;2.0;0.0
10318695;1;1;1;1.0;1;1;3.0;0.0
10319095;1;0;0;0.0;2;0;1.0;0.0
10319146;15;3;0;4.0;1;16;9.0;9.0
10319338;1;0;0;0.0;1;0;1.0;0.0
10320049;4;0;0;0.0;1;4;0.0;4.0
10322422;0;1;2;2.0;1;2;3.0;0.0
10322647;1;1;0;0.0;1;0;2.0;0.0
10322728;9;6;3;13.0;1;17;18.0;0.0
10322814;5;0;0;0.0;1;5;0.0;5.0
10323018;2;5;1;6.0;2;5;8.0;0.0
10323199;1;1;0;0.0;1;1;2.0;0.0
103254;0;27;4;32.0;1;10;0.0;31.0
10329193;5;1;0;6.0;1;6;0.0;6.0
10329262;0;1;1;0.0;1;0;2.0;0.0
10329780;12;2;1;9.0;1;16;0.0;15.0
10330225;0;2;0;2.0;2;2;2.0;0.0
10330534;10;8;0;10.0;1;18;2.0;16.0
10330855;1;0;0;0.0;1;0;1.0;0.0
10330996;3;2;0;3.0;1;3;5.0;0.0
10331053;12;10;0;15.0;1;22;0.0;22.0
10333148;0;0;1;0.0;1;0;1.0;0.0
1033357;0;1;1;0.0;2;0;2.0;0.0
10333685;0;1;7;8.0;1;6;2.0;6.0
10336730;10;0;0;5.0;1;10;0.0;10.0
1033830;0;5;0;5.0;1;4;0.0;5.0
10338605;1;1;0;1.0;1;1;2.0;0.0
10338754;15;6;0;16.0;1;13;0.0;21.0
10338888;12;6;0;11.0;1;18;0.0;18.0
10339210;2;0;0;1.0;1;1;2.0;0.0
10339462;0;3;7;11.0;1;9;0.0;10.0
10339939;1;2;3;5.0;1;5;6.0;0.0
10340606;19;27;9;55.0;1;28;3.0;52.0
1034236;0;2;1;3.0;3;3;3.0;0.0
10342403;12;12;6;24.0;1;31;0.0;30.0
1034313;0;1;2;2.0;2;2;3.0;0.0
10343137;2;1;0;0.0;1;2;3.0;0.0
10343564;10;0;4;11.0;1;11;2.0;12.0
10344149;23;95;104;230.0;1;41;11.0;211.0
10344244;1;1;0;0.0;1;0;2.0;0.0
10348518;0;20;16;38.0;1;17;5.0;31.0
10348731;9;6;10;22.0;1;20;0.0;25.0
10350491;1;2;1;0.0;1;0;4.0;0.0
10350973;2;2;5;7.0;1;8;4.0;5.0
10351202;1;1;0;0.0;1;0;2.0;0.0
10351289;0;0;3;5.0;1;3;3.0;0.0
10352512;2;3;3;5.0;2;5;8.0;0.0
10352534;36;32;10;58.0;1;31;0.0;78.0
10353193;12;12;6;24.0;1;31;0.0;30.0
10353254;0;5;2;4.0;1;4;7.0;0.0
1035385;3;2;0;1.0;1;2;5.0;0.0
10353867;14;6;0;10.0;2;18;5.0;15.0
10356801;0;1;1;2.0;1;2;2.0;0.0
10357222;0;14;12;28.0;1;16;0.0;26.0
10357377;4;3;0;5.0;2;5;2.0;5.0
10357550;4;45;7;56.0;1;21;0.0;56.0
10357618;1;8;20;30.0;1;13;5.0;24.0
10358305;8;13;9;29.0;1;21;0.0;30.0
10360917;11;0;0;4.0;1;11;0.0;11.0
10363272;12;13;6;25.0;1;31;0.0;31.0
10363737;1;1;1;2.0;1;2;3.0;0.0
10365023;0;1;1;0.0;1;0;2.0;0.0
1036507;1;1;0;0.0;1;0;2.0;0.0
10365113;1;8;6;16.0;1;13;0.0;15.0
1036518;1;0;0;1.0;1;1;1.0;0.0
10365526;0;3;1;1.0;1;1;4.0;0.0
10365920;1;1;0;0.0;1;0;2.0;0.0
10366839;1;0;0;0.0;1;0;1.0;0.0
10366945;1;1;0;1.0;1;1;2.0;0.0
10367742;0;1;0;1.0;1;1;1.0;0.0
10368079;0;6;11;16.0;1;12;3.0;14.0
10368173;0;0;0;0.0;1;0;0.0;0.0
10368525;0;6;0;6.0;1;6;2.0;4.0
10369322;12;4;0;9.0;1;16;0.0;16.0
10370017;2;0;0;0.0;1;0;2.0;0.0
10370775;0;5;0;5.0;1;5;0.0;5.0
10372511;0;1;2;1.0;3;1;3.0;0.0
10372893;9;10;6;24.0;1;25;0.0;25.0
10373034;8;18;0;20.0;1;13;0.0;26.0
10377409;15;68;89;178.0;1;34;4.0;168.0
10378262;1;1;1;0.0;1;0;3.0;0.0
1038234;6;10;7;24.0;1;25;19.0;4.0
1038296;3;2;1;0.0;1;2;6.0;0.0
10384614;12;14;7;26.0;1;32;3.0;30.0
10384822;3;7;0;10.0;1;10;0.0;10.0
10385399;1;5;0;4.0;1;4;2.0;4.0
1038553;0;4;6;11.0;1;11;0.0;10.0
10385614;5;6;7;14.0;1;13;0.0;18.0
10386303;39;13;2;26.0;3;26;5.0;49.0
10386833;3;2;0;2.0;1;5;0.0;5.0
10386851;1;1;0;0.0;1;0;2.0;0.0
10387046;4;2;0;4.0;1;7;0.0;6.0
10387980;1;9;28;42.0;1;15;0.0;38.0
10388094;0;1;0;0.0;1;0;1.0;0.0
10389805;2;25;13;39.0;1;29;24.0;16.0
10389837;5;7;6;16.0;1;18;8.0;10.0
10390899;7;25;14;44.0;1;26;2.0;44.0
10391398;1;0;0;0.0;1;0;1.0;0.0
10391947;14;5;2;12.0;1;15;21.0;0.0
10392119;27;14;0;24.0;1;20;0.0;41.0
10392357;16;56;35;102.0;1;31;2.0;105.0
103924;0;1;1;0.0;1;0;2.0;0.0
10394010;1;1;1;1.0;1;1;3.0;0.0
10395042;14;19;12;41.0;1;38;17.0;28.0
10395717;2;3;1;2.0;3;2;6.0;0.0
10396235;9;0;0;3.0;1;6;0.0;9.0
10397348;17;18;12;39.0;1;34;5.0;42.0
10398304;2;5;6;13.0;2;13;2.0;11.0
10399813;1;3;1;2.0;2;2;5.0;0.0
10399996;1;0;1;1.0;1;1;2.0;0.0
10400080;19;16;3;22.0;1;25;9.0;29.0
10400088;0;15;11;25.0;1;17;5.0;21.0
1040102;12;12;0;17.0;1;24;0.0;24.0
10405147;1;1;0;0.0;1;0;2.0;0.0
10405307;1;4;2;6.0;1;6;3.0;4.0
10405801;0;1;1;0.0;1;0;2.0;0.0
10407580;3;3;0;5.0;1;5;0.0;6.0
10409366;4;11;0;12.0;1;12;2.0;13.0
10409492;3;3;1;2.0;1;2;7.0;0.0
10409522;2;2;0;0.0;1;0;4.0;0.0
10409530;1;1;0;0.0;1;2;2.0;0.0
10410378;12;0;0;2.0;1;7;0.0;12.0
10410597;7;11;7;24.0;1;26;0.0;25.0
10410833;12;12;7;25.0;1;31;0.0;31.0
10412559;0;1;0;1.0;1;1;1.0;0.0
10412802;5;12;6;24.0;1;24;0.0;23.0
10412806;3;1;5;10.0;1;10;5.0;4.0
10413072;8;10;9;18.0;1;19;13.0;14.0
10413194;36;38;30;88.0;1;31;0.0;104.0
10413997;13;15;7;27.0;1;34;3.0;32.0
10414214;1;3;1;2.0;1;2;5.0;0.0
1041446;4;5;3;8.0;1;11;5.0;7.0
10415968;7;8;0;13.0;1;15;0.0;15.0
10417149;0;5;0;4.0;1;4;0.0;5.0
10417186;26;34;18;67.0;1;31;0.0;78.0
10417300;1;2;0;0.0;2;0;3.0;0.0
10417502;0;9;0;9.0;1;9;0.0;9.0
10419749;12;24;6;36.0;3;33;28.0;14.0
10420334;2;0;0;0.0;1;0;2.0;0.0
10420821;0;1;2;2.0;1;2;3.0;0.0
10422;3;6;3;1.0;3;2;12.0;0.0
1042219;1;1;0;0.0;1;1;2.0;0.0
1042513;2;7;3;9.0;1;7;12.0;0.0
10426785;1;1;1;0.0;1;0;3.0;0.0
10426869;24;24;12;48.0;1;32;0.0;60.0
10427921;9;10;5;18.0;1;23;2.0;22.0
10428077;45;17;5;39.0;1;31;6.0;61.0
10429650;0;0;5;7.0;1;4;0.0;5.0
10429920;2;3;0;2.0;1;2;5.0;0.0
10429952;2;2;0;1.0;1;1;4.0;0.0
10430119;1;1;0;0.0;1;1;2.0;0.0
10432526;22;0;0;7.0;1;11;0.0;22.0
10432814;12;12;6;24.0;1;31;0.0;30.0
10432945;3;1;1;1.0;1;1;5.0;0.0
10433088;5;3;3;5.0;1;10;11.0;0.0
10433597;2;7;3;10.0;1;12;5.0;7.0
10434381;1;2;0;1.0;1;1;3.0;0.0
10434419;0;1;0;1.0;1;1;1.0;0.0
10434841;3;2;1;0.0;1;2;6.0;0.0
10435534;1;2;2;1.0;1;1;5.0;0.0
10435839;2;0;0;1.0;2;2;2.0;0.0
10436218;4;0;0;0.0;1;4;0.0;4.0
10436350;52;8;2;24.0;2;31;22.0;40.0
10436385;5;7;6;17.0;1;13;0.0;18.0
10436697;1;0;0;0.0;4;0;1.0;0.0
10437249;13;0;0;1.0;1;8;0.0;13.0
10440124;3;3;0;6.0;1;6;0.0;6.0
10440215;0;6;0;6.0;1;5;0.0;6.0
10440292;1;3;1;1.0;1;1;5.0;0.0
10440555;1;1;0;0.0;1;0;2.0;0.0
10440582;3;3;10;13.0;1;9;8.0;8.0
10440690;7;6;2;9.0;5;13;15.0;0.0
10440788;12;2;0;7.0;1;14;0.0;14.0
10441121;0;5;11;17.0;1;10;0.0;16.0
104412;0;0;4;4.0;1;4;0.0;4.0
104421;6;14;1;19.0;1;19;4.0;17.0
10445908;1;2;0;0.0;1;0;3.0;0.0
10447880;4;7;12;23.0;2;16;14.0;9.0
10451514;1;0;0;0.0;1;1;1.0;0.0
10451803;1;12;0;13.0;1;13;0.0;13.0
10452129;13;12;3;20.0;3;25;24.0;4.0
10453570;1;0;0;0.0;1;0;1.0;0.0
10455384;23;22;7;36.0;3;44;31.0;21.0
10455511;4;0;0;1.0;1;4;0.0;4.0
10457145;23;26;10;45.0;1;32;0.0;59.0
10457512;5;3;2;6.0;1;7;6.0;4.0
10458600;1;6;3;9.0;1;9;3.0;7.0
10459051;3;1;0;0.0;1;0;4.0;0.0
10460660;1;1;0;0.0;1;0;2.0;0.0
10461348;24;9;0;20.0;1;21;0.0;33.0
10461692;8;9;13;30.0;1;20;5.0;25.0
10471347;2;4;2;5.0;1;5;8.0;0.0
10474617;1;2;1;0.0;1;0;4.0;0.0
10475288;1;1;0;0.0;1;0;2.0;0.0
10475639;18;0;0;4.0;1;11;0.0;18.0
10476071;4;2;2;4.0;1;4;8.0;0.0
10476184;3;10;0;12.0;3;13;0.0;13.0
10476677;2;1;0;0.0;1;0;3.0;0.0
10476704;12;5;0;10.0;1;17;0.0;17.0
10477143;2;2;1;3.0;1;3;5.0;0.0
10478128;7;0;0;5.0;1;7;0.0;7.0
10478844;10;0;0;4.0;1;10;0.0;10.0
10479012;5;0;1;1.0;1;6;0.0;6.0
10479068;0;2;0;0.0;1;0;2.0;0.0
10479742;2;27;74;105.0;1;23;11.0;92.0
104800;16;14;6;30.0;5;34;30.0;6.0
10481719;13;4;0;9.0;1;16;0.0;17.0
1048190;0;0;1;0.0;2;0;1.0;0.0
10482731;0;5;0;5.0;1;5;0.0;5.0
10485293;0;2;11;15.0;1;10;0.0;13.0
10486072;7;5;6;11.0;1;17;0.0;18.0
1049044;0;1;1;0.0;1;0;2.0;0.0
10492197;10;10;0;14.0;1;19;2.0;18.0
10493924;0;1;1;0.0;2;0;2.0;0.0
10495063;1;2;0;0.0;1;0;3.0;0.0
10495425;4;0;0;0.0;1;3;0.0;4.0
10495611;2;4;1;4.0;1;5;7.0;0.0
10495654;10;9;3;19.0;1;18;0.0;22.0
10496226;0;1;1;1.0;1;1;2.0;0.0
10496277;7;7;0;9.0;1;13;0.0;14.0
10496348;0;9;7;17.0;1;17;1.0;15.0
10496404;0;0;1;1.0;1;1;1.0;0.0
10498466;12;12;6;24.0;1;31;0.0;30.0
10500578;12;12;6;24.0;1;31;0.0;30.0
10501046;15;13;7;33.0;1;27;0.0;35.0
10502461;4;5;2;10.0;1;11;11.0;0.0
10502690;9;4;1;10.0;1;12;14.0;0.0
10502920;1;0;0;0.0;1;0;1.0;0.0
10503189;5;0;0;2.0;1;5;0.0;5.0
10503656;1;1;0;0.0;1;0;2.0;0.0
10503728;9;0;0;3.0;1;6;0.0;9.0
10504607;1;0;0;0.0;1;0;1.0;0.0
10508675;4;3;0;4.0;2;4;7.0;0.0
10508810;1;3;0;3.0;1;3;4.0;0.0
10508823;0;19;12;32.0;1;19;0.0;31.0
10509116;2;6;5;11.0;1;11;2.0;11.0
1050936;0;0;11;13.0;1;6;0.0;11.0
10513548;1;0;0;0.0;1;0;1.0;0.0
10513554;6;0;0;6.0;2;6;0.0;6.0
10513578;0;0;11;14.0;1;6;0.0;11.0
1051358;18;8;1;14.0;1;26;14.0;13.0
10513971;1;1;0;0.0;1;0;2.0;0.0
10520393;2;0;0;0.0;5;0;2.0;0.0
10521153;3;20;5;25.0;1;18;4.0;24.0
10522296;0;2;2;3.0;1;3;4.0;0.0
10522813;6;2;3;11.0;3;9;2.0;9.0
10524553;2;2;0;5.0;1;5;0.0;4.0
10525541;0;11;13;26.0;1;16;0.0;24.0
10526237;1;1;0;0.0;1;0;2.0;0.0
10528726;2;2;0;1.0;1;2;4.0;0.0
10529060;7;7;2;11.0;1;11;16.0;0.0
10529130;0;12;3;15.0;1;14;0.0;15.0
10529644;14;12;3;21.0;1;26;15.0;14.0
10530728;1;5;5;10.0;1;10;5.0;6.0
10530909;1;1;0;1.0;1;2;2.0;0.0
10531634;0;1;2;1.0;1;1;3.0;0.0
10531798;19;4;6;19.0;1;23;0.0;29.0
10533066;2;0;0;0.0;1;0;2.0;0.0
10533295;5;34;12;53.0;1;22;0.0;51.0
10534161;6;1;2;8.0;1;9;4.0;5.0
10535780;0;5;6;12.0;1;12;2.0;9.0
10535865;16;0;6;12.0;1;15;0.0;22.0
1053727;24;36;18;67.0;1;39;6.0;72.0
10537514;0;9;6;16.0;1;16;0.0;15.0
10543811;7;4;1;4.0;1;9;6.0;6.0
10546436;12;4;0;9.0;1;16;0.0;16.0
10547159;1;3;0;4.0;1;4;0.0;4.0
10547235;2;0;0;0.0;1;1;2.0;0.0
10547380;5;0;0;0.0;1;5;0.0;5.0
10547523;1;1;0;0.0;1;1;2.0;0.0
10547654;3;4;0;5.0;1;7;0.0;7.0
10547899;5;12;6;22.0;1;18;0.0;23.0
10547906;12;12;5;24.0;1;31;0.0;29.0
10548567;4;2;6;13.0;1;14;0.0;12.0
10548845;5;3;1;6.0;1;9;9.0;0.0
10549708;8;8;0;16.0;1;12;2.0;14.0
10550007;0;1;0;0.0;1;0;1.0;0.0
10551722;12;12;6;24.0;1;31;0.0;30.0
10554286;0;0;0;0.0;1;0;0.0;0.0
10554813;7;0;0;3.0;1;6;0.0;7.0
10556011;0;1;1;0.0;1;0;2.0;0.0
10557669;4;1;0;1.0;1;2;5.0;0.0
10558333;1;1;0;0.0;1;0;2.0;0.0
10559005;1;6;18;27.0;1;13;3.0;22.0
10559306;12;12;6;24.0;1;31;0.0;30.0
1056006;18;10;0;20.0;1;21;2.0;26.0
10560072;25;15;1;25.0;1;25;2.0;39.0
1056117;12;12;6;24.0;1;31;0.0;30.0
1056152;4;6;2;6.0;5;7;12.0;0.0
1056159;3;4;3;4.0;1;5;6.0;4.0
1056284;0;3;6;10.0;1;9;0.0;9.0
10566300;10;0;0;4.0;1;9;2.0;8.0
10566960;0;17;23;45.0;1;18;0.0;40.0
10567192;2;0;0;0.0;1;0;2.0;0.0
10567750;1;0;0;0.0;1;0;1.0;0.0
10567926;14;12;0;17.0;1;24;0.0;26.0
10568298;3;1;0;4.0;1;4;4.0;0.0
10568457;23;1;0;5.0;1;15;5.0;19.0
10568551;16;0;0;0.0;1;3;0.0;16.0
10569570;1;1;0;1.0;1;1;2.0;0.0
10570146;1;0;1;1.0;1;1;2.0;0.0
10570361;2;1;1;1.0;1;1;4.0;0.0
10570793;6;4;1;5.0;3;7;11.0;0.0
10570832;12;0;0;5.0;1;12;0.0;12.0
10571502;1;2;0;1.0;1;1;3.0;0.0
10572132;0;3;2;5.0;1;5;5.0;0.0
10573784;6;6;2;12.0;2;13;14.0;0.0
1057413;0;3;2;3.0;2;3;5.0;0.0
10574136;1;1;0;0.0;1;0;2.0;0.0
10575497;15;13;7;26.0;1;33;3.0;32.0
10576697;1;1;0;1.0;1;2;2.0;0.0
10577;11;3;1;6.0;1;12;10.0;5.0
10577054;21;1;0;7.0;1;13;0.0;22.0
10577993;4;1;0;1.0;1;5;0.0;5.0
10578039;2;1;0;0.0;1;0;3.0;0.0
10579007;12;0;0;2.0;2;9;0.0;12.0
10579074;6;0;0;0.0;1;3;0.0;6.0
10579162;1;2;0;1.0;1;1;3.0;0.0
1057939;3;3;0;4.0;1;4;6.0;0.0
10579436;0;4;6;11.0;1;11;0.0;10.0
10582868;2;0;0;0.0;1;2;2.0;0.0
10590930;4;4;1;5.0;2;6;9.0;0.0
10592358;1;14;12;29.0;1;19;2.0;25.0
10594352;2;1;1;0.0;1;1;4.0;0.0
10595087;5;12;3;17.0;1;20;0.0;20.0
10595668;4;1;1;3.0;1;4;6.0;0.0
10595819;10;8;0;13.0;1;18;0.0;18.0
10595896;7;0;2;4.0;1;9;2.0;7.0
10596015;3;4;1;5.0;1;5;4.0;4.0
10597549;2;0;0;0.0;2;0;2.0;0.0
10599325;12;12;6;24.0;1;31;0.0;30.0
10600391;1;13;6;21.0;1;20;0.0;20.0
1060115;13;11;4;21.0;1;26;28.0;0.0
10601469;4;4;2;6.0;1;9;2.0;8.0
10601577;12;0;0;7.0;1;6;0.0;12.0
10601930;1;1;0;0.0;1;0;2.0;0.0
10602603;10;4;0;10.0;1;11;0.0;14.0
10602799;2;4;0;3.0;1;3;6.0;0.0
10603232;2;0;1;0.0;1;1;3.0;0.0
10603408;0;0;0;0.0;2;0;0.0;0.0
10605614;1;0;0;1.0;1;1;1.0;0.0
10605980;1;4;0;6.0;1;5;0.0;5.0
10606642;12;0;0;5.0;1;12;0.0;12.0
10607488;1;3;0;6.0;1;6;0.0;4.0
10607519;0;1;0;0.0;1;0;1.0;0.0
10607939;0;1;1;1.0;1;1;2.0;0.0
10614018;1;1;1;0.0;1;0;3.0;0.0
1061478;9;8;0;12.0;1;13;17.0;0.0
10615156;12;12;1;18.0;1;25;0.0;25.0
10615210;12;13;7;26.0;1;33;1.0;31.0
10615308;1;1;0;1.0;1;1;2.0;0.0
1061650;2;0;0;0.0;1;1;2.0;0.0
1061673;16;20;12;42.0;1;31;0.0;48.0
10616834;38;36;16;70.0;3;51;12.0;78.0
10618126;0;4;2;1.0;3;1;6.0;0.0
10619247;2;0;0;1.0;1;1;2.0;0.0
10619479;7;4;1;2.0;1;6;8.0;4.0
10621510;14;27;8;40.0;1;32;3.0;46.0
10621849;14;2;0;6.0;1;12;3.0;13.0
10621967;7;0;0;2.0;1;6;0.0;7.0
10622484;12;0;0;3.0;2;12;0.0;12.0
10622666;0;2;6;9.0;1;9;0.0;8.0
10622815;7;1;1;3.0;1;9;0.0;9.0
1062291;1;1;0;1.0;1;1;2.0;0.0
10623130;3;1;0;2.0;1;4;0.0;4.0
10623905;1;0;1;0.0;1;0;2.0;0.0
10623926;7;19;9;30.0;1;21;4.0;31.0
10624223;1;1;1;1.0;1;1;3.0;0.0
10624234;6;4;0;9.0;1;10;0.0;10.0
10625007;0;16;4;20.0;1;15;0.0;20.0
10625318;20;3;0;9.0;1;15;0.0;23.0
10625467;7;7;4;17.0;1;19;3.0;15.0
10626036;70;5;8;34.0;2;33;0.0;83.0
10626965;1;1;0;0.0;1;0;2.0;0.0
10627332;4;11;9;21.0;1;23;11.0;13.0
10629309;0;7;11;17.0;1;6;0.0;18.0
10629316;7;7;5;16.0;1;17;11.0;8.0
10629966;0;4;0;4.0;1;4;0.0;4.0
10630827;23;18;0;33.0;1;20;3.0;38.0
10630965;2;1;0;1.0;1;2;3.0;0.0
10637587;3;4;0;4.0;2;7;0.0;7.0
10639554;12;0;0;5.0;1;12;0.0;12.0
10640027;0;1;0;1.0;1;1;1.0;0.0
1064017;1;7;0;8.0;1;8;0.0;8.0
1064129;38;48;38;105.0;2;57;26.0;98.0
10642280;7;2;4;6.0;1;12;5.0;8.0
10643146;20;9;0;15.0;1;21;0.0;29.0
10643924;12;8;0;13.0;1;20;0.0;20.0
106450;4;0;0;1.0;2;4;4.0;0.0
10645763;12;12;6;24.0;1;31;0.0;30.0
10645813;3;5;6;12.0;1;16;0.0;14.0
10646527;23;19;0;34.0;1;20;5.0;37.0
10648729;2;1;1;0.0;1;1;4.0;0.0
10648926;12;13;7;25.0;1;31;2.0;30.0
10649311;21;24;8;44.0;1;32;0.0;53.0
10649652;10;19;2;24.0;5;30;16.0;15.0
1065029;8;5;0;9.0;4;14;13.0;0.0
10650847;12;13;6;25.0;1;31;0.0;31.0
1065087;2;0;0;1.0;1;1;2.0;0.0
10651558;36;31;16;66.0;1;37;7.0;76.0
10652743;17;3;3;15.0;2;13;0.0;23.0
10653261;18;0;0;6.0;1;5;0.0;18.0
10654233;1;1;0;0.0;1;0;2.0;0.0
10654512;1;2;0;0.0;1;0;3.0;0.0
10661481;1;4;0;5.0;1;5;0.0;5.0
10662177;0;2;0;1.0;1;1;2.0;0.0
10662237;2;2;0;1.0;1;2;4.0;0.0
10662423;3;25;6;34.0;1;21;0.0;34.0
10663127;14;2;1;1.0;1;7;5.0;12.0
10665715;2;2;1;1.0;1;1;5.0;0.0
1066585;0;3;2;3.0;1;3;5.0;0.0
1066653;5;6;3;12.0;2;14;14.0;0.0
10666573;2;4;0;4.0;1;4;6.0;0.0
10666887;14;0;0;1.0;1;8;0.0;14.0
10667677;5;8;1;10.0;1;12;3.0;11.0
10667947;12;13;4;21.0;1;27;0.0;29.0
1066802;0;32;7;39.0;1;24;10.0;29.0
10670429;6;0;0;3.0;1;6;0.0;6.0
10670991;5;0;0;5.0;1;3;0.0;5.0
10671625;7;9;2;15.0;1;15;18.0;0.0
1067232;4;2;1;4.0;2;5;7.0;0.0
10674648;8;0;0;1.0;1;8;0.0;8.0
10675596;7;0;0;8.0;1;3;0.0;7.0
10676421;1;1;0;0.0;1;0;2.0;0.0
1067647;36;37;18;72.0;1;32;0.0;91.0
10676718;5;2;0;3.0;1;6;7.0;0.0
1068628;1;1;0;2.0;1;2;2.0;0.0
10689621;0;4;0;4.0;1;4;0.0;4.0
10689718;0;1;0;1.0;1;1;1.0;0.0
10689785;13;13;6;24.0;1;31;2.0;30.0
10689816;3;0;0;0.0;1;3;3.0;0.0
10690751;5;13;0;15.0;2;15;8.0;10.0
10690775;3;1;0;0.0;2;1;4.0;0.0
10692565;8;5;0;9.0;2;12;0.0;13.0
10693111;14;10;7;26.0;1;22;9.0;22.0
10693176;2;1;1;0.0;1;1;4.0;0.0
10694327;16;24;0;29.0;1;23;0.0;40.0
1069456;5;2;0;5.0;2;6;7.0;0.0
10695691;0;1;0;0.0;1;0;1.0;0.0
10697214;3;2;0;2.0;1;2;5.0;0.0
10697569;44;44;27;88.0;1;33;4.0;111.0
10697654;3;5;2;4.0;1;6;10.0;0.0
10697884;0;1;5;7.0;1;7;0.0;6.0
10701268;1;0;0;0.0;1;0;1.0;0.0
10701598;1;1;0;0.0;1;0;2.0;0.0
10702026;1;3;0;3.0;1;3;0.0;4.0
10703677;7;37;12;51.0;1;25;6.0;50.0
10704077;3;18;39;61.0;4;22;20.0;40.0
10704120;1;1;0;0.0;1;0;2.0;0.0
10705668;2;10;4;14.0;1;14;10.0;6.0
10705720;0;6;4;12.0;1;12;0.0;10.0
10706237;12;24;9;39.0;1;38;13.0;32.0
1070809;2;2;0;1.0;1;2;4.0;0.0
1070937;3;0;0;0.0;4;1;3.0;0.0
10713198;2;2;0;2.0;1;2;4.0;0.0
10713594;1;1;0;0.0;1;0;2.0;0.0
10714171;4;0;0;1.0;1;4;0.0;4.0
10715138;19;0;0;4.0;1;10;0.0;19.0
1071517;12;15;11;32.0;1;31;0.0;38.0
10715500;1;1;0;1.0;1;1;2.0;0.0
10715726;0;3;2;5.0;1;5;0.0;5.0
1071579;1;2;0;1.0;1;1;3.0;0.0
1071592;0;1;10;13.0;1;8;0.0;11.0
1071648;13;16;7;29.0;1;35;5.0;31.0
10716870;1;7;6;12.0;1;12;3.0;11.0
10717631;0;19;24;50.0;1;17;0.0;43.0
10717900;0;6;6;13.0;1;13;0.0;12.0
10718150;0;6;6;14.0;1;14;0.0;12.0
10718672;13;10;1;13.0;1;20;5.0;19.0
10719483;7;0;2;6.0;1;6;0.0;9.0
10719511;3;3;0;1.0;1;1;6.0;0.0
10721359;1;1;0;1.0;1;1;2.0;0.0
10721417;6;0;1;2.0;1;8;0.0;7.0
10722050;2;10;0;12.0;1;7;0.0;12.0
10722737;11;14;6;24.0;1;30;3.0;28.0
10723048;0;1;0;1.0;1;1;1.0;0.0
10724509;17;26;14;42.0;2;27;7.0;50.0
10724762;4;18;1;22.0;1;13;23.0;0.0
10724864;6;3;1;7.0;1;8;6.0;4.0
10724903;7;2;0;6.0;1;8;0.0;9.0
10725393;2;2;1;1.0;1;1;5.0;0.0
10725438;1;2;0;2.0;1;2;3.0;0.0
10725721;15;2;1;3.0;1;11;3.0;15.0
10725999;15;6;0;13.0;2;21;17.0;4.0
10726180;5;3;0;5.0;1;8;8.0;0.0
10730476;1;1;2;0.0;3;0;4.0;0.0
10730813;1;1;1;0.0;1;0;3.0;0.0
107313;3;1;0;0.0;2;3;4.0;0.0
10731530;4;12;6;23.0;1;23;0.0;22.0
1073597;2;5;4;10.0;1;10;11.0;0.0
10737937;1;17;14;35.0;1;19;2.0;30.0
10737966;8;0;1;7.0;1;8;2.0;7.0
1073996;2;0;1;1.0;1;2;3.0;0.0
10740205;1;6;0;6.0;1;6;3.0;4.0
10740388;12;12;6;24.0;1;31;0.0;30.0
10742078;5;0;0;1.0;1;6;0.0;5.0
10742896;1;2;1;0.0;1;0;4.0;0.0
10743913;0;4;14;21.0;3;16;9.0;9.0
10744073;6;11;5;16.0;1;14;18.0;4.0
10746703;11;27;5;38.0;1;26;0.0;43.0
10746758;22;10;0;20.0;1;21;2.0;30.0
10747023;3;19;2;24.0;1;21;7.0;17.0
10747117;29;23;14;50.0;1;32;1.0;65.0
10749705;12;7;0;12.0;1;19;0.0;19.0
10749987;10;0;0;3.0;1;10;0.0;10.0
10750058;3;45;50;105.0;1;17;0.0;98.0
10750411;0;40;28;72.0;1;17;1.0;67.0
10750468;5;5;0;6.0;1;10;0.0;10.0
10754230;0;2;8;10.0;2;10;5.0;5.0
10754282;2;5;2;4.0;1;4;9.0;0.0
10754364;25;3;5;15.0;1;13;4.0;29.0
10754377;2;2;0;3.0;1;3;4.0;0.0
10754627;5;9;0;10.0;1;14;2.0;12.0
10754714;2;0;0;1.0;1;1;2.0;0.0
10755823;12;47;8;66.0;1;30;0.0;67.0
10755906;5;11;6;24.0;1;20;0.0;22.0
10756016;7;3;6;8.0;1;12;6.0;10.0
10762566;6;0;0;0.0;1;6;0.0;6.0
1076464;0;20;0;20.0;1;8;0.0;20.0
1076493;0;2;2;3.0;1;3;4.0;0.0
10765047;10;7;3;11.0;1;15;6.0;14.0
10766638;2;0;1;1.0;1;2;3.0;0.0
10768740;7;0;0;0.0;1;7;0.0;7.0
10769082;2;4;2;4.0;1;4;8.0;0.0
10770837;4;4;0;4.0;1;5;1.0;7.0
10771495;1;0;0;0.0;1;0;1.0;0.0
10771692;2;0;0;0.0;1;1;2.0;0.0
10772558;1;1;3;2.0;1;2;5.0;0.0
10772564;1;2;1;0.0;1;0;4.0;0.0
10772696;1;3;0;3.0;1;4;0.0;4.0
10772762;1;1;1;1.0;1;1;3.0;0.0
10773003;6;6;0;7.0;1;13;0.0;12.0
10774968;10;12;2;19.0;2;24;2.0;22.0
10775534;0;2;0;0.0;1;0;2.0;0.0
10776238;1;1;0;0.0;1;0;2.0;0.0
10776251;1;2;1;1.0;1;1;4.0;0.0
10776768;15;4;0;9.0;1;15;0.0;19.0
10777977;2;1;1;2.0;1;2;4.0;0.0
10778745;1;1;0;1.0;1;2;2.0;0.0
10779058;7;6;1;7.0;1;13;14.0;0.0
10779898;6;3;0;10.0;1;6;0.0;9.0
10779931;2;2;0;3.0;1;3;4.0;0.0
10780989;8;1;0;6.0;1;6;0.0;9.0
10781089;0;1;1;0.0;1;0;2.0;0.0
10781531;1;8;0;9.0;1;7;2.0;7.0
1078489;1;5;0;6.0;1;6;0.0;6.0
1078567;5;1;0;4.0;1;7;0.0;6.0
10786925;1;1;1;1.0;1;1;3.0;0.0
10787796;12;5;0;10.0;1;17;0.0;17.0
10788018;4;0;0;0.0;1;4;0.0;4.0
10788462;14;13;6;27.0;1;27;1.0;32.0
10788667;2;1;1;0.0;1;0;4.0;0.0
10790071;5;1;0;1.0;1;5;2.0;4.0
1079151;1;0;0;0.0;2;0;1.0;0.0
10791689;3;8;8;17.0;1;19;8.0;11.0
10795739;0;1;0;1.0;1;1;1.0;0.0
10795882;9;2;14;23.0;1;19;5.0;20.0
10796033;12;12;6;24.0;1;31;0.0;30.0
10796983;24;14;6;31.0;1;31;0.0;44.0
10797987;11;6;2;12.0;1;16;19.0;0.0
10798216;14;53;108;176.0;1;34;6.0;169.0
1080060;1;2;0;1.0;1;1;3.0;0.0
10802194;24;19;6;36.0;1;31;0.0;49.0
10802204;12;8;0;12.0;1;19;2.0;18.0
10802902;3;5;0;7.0;1;4;8.0;0.0
10802942;21;9;6;19.0;1;27;10.0;26.0
10803291;4;9;0;12.0;1;11;0.0;13.0
10804874;3;10;7;15.0;3;15;20.0;0.0
10815187;0;1;0;0.0;2;0;1.0;0.0
10815613;2;2;1;1.0;2;1;5.0;0.0
10815989;12;12;2;19.0;1;26;0.0;26.0
10816232;2;12;6;21.0;1;21;0.0;20.0
10816581;19;1;0;3.0;1;11;4.0;16.0
10816753;2;2;0;4.0;3;4;4.0;0.0
10817290;3;0;4;4.0;1;6;0.0;7.0
10817501;6;3;1;2.0;1;6;3.0;7.0
10818406;1;1;0;0.0;1;0;2.0;0.0
10819241;3;2;4;10.0;1;11;3.0;6.0
10820239;8;0;0;1.0;1;8;0.0;8.0
10821048;0;2;1;2.0;1;2;3.0;0.0
10821084;12;2;0;5.0;2;8;5.0;9.0
10821336;4;0;0;0.0;1;0;4.0;0.0
10822754;1;0;0;0.0;1;0;1.0;0.0
10824359;8;9;0;15.0;1;11;2.0;15.0
10824748;20;19;17;43.0;1;31;2.0;54.0
10827324;2;3;1;4.0;2;5;0.0;6.0
10827451;0;6;0;7.0;1;7;0.0;6.0
1082748;0;0;5;7.0;1;7;1.0;4.0
10828626;0;1;1;0.0;1;0;2.0;0.0
10830486;13;60;2;68.0;1;26;3.0;72.0
10830573;1;10;10;20.0;1;16;3.0;18.0
10832533;6;9;6;18.0;1;19;21.0;0.0
10832832;22;12;5;25.0;1;29;0.0;39.0
10833526;4;11;5;21.0;1;21;1.0;19.0
10840223;12;12;6;24.0;1;31;0.0;30.0
10842015;12;3;0;3.0;1;9;0.0;15.0
10845574;12;17;12;36.0;1;31;0.0;41.0
10846228;0;0;7;12.0;1;7;0.0;7.0
10846697;7;0;0;3.0;1;5;0.0;7.0
10848710;12;13;12;30.0;3;31;29.0;8.0
10849473;26;1;23;28.0;1;22;14.0;36.0
10849527;1;1;0;0.0;1;0;2.0;0.0
10850089;1;3;1;3.0;1;3;5.0;0.0
10850185;5;1;0;1.0;1;6;0.0;6.0
10850228;6;6;9;19.0;1;19;13.0;8.0
10850717;2;0;0;0.0;2;0;2.0;0.0
10852713;1;1;0;0.0;1;0;2.0;0.0
10852916;2;2;0;2.0;1;2;4.0;0.0
10852995;24;24;0;34.0;1;24;0.0;48.0
10853947;1;1;0;0.0;1;0;2.0;0.0
10854963;11;7;17;32.0;1;22;0.0;35.0
10855361;1;0;1;3.0;1;3;2.0;0.0
10856159;7;6;2;13.0;1;15;0.0;15.0
10856311;1;1;1;0.0;1;0;3.0;0.0
10858987;1;2;1;1.0;1;1;4.0;0.0
1085936;7;2;0;5.0;1;7;0.0;9.0
10860729;12;0;3;8.0;1;14;0.0;15.0
10864262;1;0;0;0.0;1;0;1.0;0.0
10865147;5;2;0;6.0;1;5;0.0;7.0
10866425;17;22;7;30.0;1;28;5.0;41.0
10866959;1;11;12;23.0;1;16;3.0;21.0
10868788;2;2;0;0.0;1;0;4.0;0.0
10869208;0;0;0;0.0;1;0;0.0;0.0
10870111;8;13;7;29.0;1;27;0.0;28.0
10870688;0;0;5;6.0;1;6;0.0;5.0
10872168;0;4;3;7.0;1;7;0.0;7.0
10872637;12;0;0;6.0;1;9;2.0;10.0
10874376;12;12;6;24.0;1;31;0.0;30.0
10876025;14;12;11;31.0;1;29;0.0;37.0
10876196;1;23;2;25.0;1;14;2.0;24.0
10876227;12;12;6;24.0;1;31;0.0;30.0
10877918;3;1;8;9.0;1;9;8.0;4.0
10878617;6;9;10;26.0;1;22;8.0;17.0
10878678;1;2;0;0.0;1;0;3.0;0.0
10889195;0;1;1;0.0;1;0;2.0;0.0
10889640;6;9;6;20.0;1;23;7.0;14.0
10891092;6;17;1;21.0;1;14;5.0;19.0
10891192;1;1;1;0.0;1;0;3.0;0.0
10891848;0;6;6;12.0;1;12;0.0;12.0
10892010;0;0;9;13.0;1;8;1.0;8.0
10893966;0;12;5;17.0;1;16;0.0;17.0
10896389;12;12;1;18.0;1;25;0.0;25.0
10898408;11;13;6;25.0;1;30;3.0;27.0
10898707;0;1;1;1.0;1;1;2.0;0.0
10898811;3;4;1;2.0;1;2;8.0;0.0
108990;2;1;1;2.0;1;2;4.0;0.0
10899315;12;12;6;24.0;1;31;0.0;30.0
10899941;1;1;0;1.0;1;1;2.0;0.0
10900235;11;12;6;23.0;1;29;0.0;29.0
10901318;10;0;0;3.0;1;10;0.0;10.0
10902269;31;25;5;41.0;1;27;0.0;61.0
10904079;3;1;0;0.0;1;0;4.0;0.0
10906971;4;0;0;4.0;1;2;4.0;0.0
10907334;2;2;0;0.0;1;1;4.0;0.0
10916129;10;7;17;33.0;1;24;5.0;29.0
10917253;1;10;11;21.0;1;16;18.0;4.0
10920695;2;0;0;0.0;1;0;2.0;0.0
10920730;8;15;4;25.0;1;19;4.0;23.0
10921739;15;5;0;11.0;1;19;5.0;15.0
1092402;20;16;3;35.0;1;23;0.0;39.0
10927985;6;2;0;5.0;1;8;8.0;0.0
10927997;0;1;0;0.0;1;0;1.0;0.0
10928520;29;24;12;50.0;1;31;0.0;65.0
10935104;1;0;1;2.0;1;2;2.0;0.0
10935579;4;25;26;57.0;1;23;10.0;45.0
10937822;1;1;1;1.0;1;1;3.0;0.0
10945518;1;2;1;1.0;1;2;4.0;0.0
10946732;25;24;12;48.0;1;31;0.0;61.0
10947917;1;13;7;22.0;1;20;3.0;18.0
10947985;0;0;2;1.0;1;1;2.0;0.0
1094908;4;4;2;4.0;3;5;10.0;0.0
10951035;38;8;3;33.0;1;18;2.0;47.0
1095217;13;15;7;27.0;1;34;5.0;30.0
10952765;12;12;2;19.0;1;26;0.0;26.0
10954907;1;0;0;0.0;1;0;1.0;0.0
10955010;0;10;12;24.0;1;15;0.0;22.0
10955669;7;0;0;5.0;1;4;0.0;7.0
10955689;1;1;1;2.0;1;2;3.0;0.0
10958321;19;4;1;9.0;2;14;6.0;18.0
10958684;20;13;0;24.0;1;21;0.0;33.0
10959666;4;0;0;0.0;1;3;0.0;4.0
10959919;1;1;0;0.0;1;1;2.0;0.0
10962515;0;4;2;6.0;1;6;0.0;6.0
10962783;8;9;2;14.0;1;14;6.0;13.0
10963703;0;7;6;13.0;1;13;0.0;13.0
10964003;1;1;1;0.0;1;0;3.0;0.0
10964077;0;4;0;4.0;1;4;0.0;4.0
10964170;3;1;0;1.0;1;2;4.0;0.0
10964894;4;6;5;13.0;2;13;11.0;4.0
10965385;0;3;0;3.0;1;3;0.0;3.0
1096663;1;1;1;0.0;2;0;3.0;0.0
10967351;0;20;28;49.0;1;12;0.0;48.0
1097084;4;3;1;2.0;2;5;8.0;0.0
10972759;13;12;6;27.0;1;27;0.0;31.0
10973468;4;8;0;7.0;1;11;0.0;12.0
10974331;1;0;1;2.0;2;2;2.0;0.0
10974519;1;1;0;0.0;1;0;2.0;0.0
10974583;0;0;13;15.0;1;5;0.0;13.0
10974716;30;28;6;47.0;1;31;0.0;64.0
10975239;0;4;0;3.0;1;3;0.0;4.0
10975634;7;2;1;5.0;1;9;3.0;7.0
10977940;12;12;6;24.0;1;31;0.0;30.0
10978041;1;0;0;0.0;1;0;1.0;0.0
10978188;2;1;0;0.0;1;2;3.0;0.0
10978616;0;1;1;0.0;1;0;2.0;0.0
10978722;1;1;0;0.0;1;0;2.0;0.0
10978921;1;3;1;1.0;1;1;5.0;0.0
10979010;1;0;1;1.0;1;1;2.0;0.0
1098074;17;16;14;42.0;4;37;36.0;11.0
1098120;0;0;2;4.0;1;3;2.0;0.0
10981773;5;13;6;27.0;1;22;21.0;3.0
10981791;0;3;1;3.0;1;3;4.0;0.0
10982743;0;2;0;2.0;1;2;0.0;2.0
10982795;3;6;0;5.0;1;8;3.0;6.0
10982841;1;1;0;1.0;1;2;2.0;0.0
10983378;1;0;0;0.0;1;0;1.0;0.0
10983380;4;4;4;5.0;1;8;2.0;10.0
10986049;3;3;2;7.0;1;7;0.0;8.0
10986512;0;11;12;24.0;1;15;0.0;23.0
10986945;1;0;0;0.0;1;1;1.0;0.0
10987040;3;7;3;11.0;1;11;9.0;4.0
10987090;0;0;3;4.0;1;4;0.0;3.0
10988465;8;0;0;3.0;1;7;8.0;0.0
10989457;17;21;0;31.0;1;22;0.0;38.0
10989683;20;25;1;33.0;1;25;46.0;0.0
10989705;10;10;5;19.0;1;25;25.0;0.0
10991142;24;119;55;205.0;1;27;5.0;193.0
10991464;11;4;5;12.0;3;18;15.0;5.0
10991815;0;1;0;0.0;1;0;1.0;0.0
10999687;0;0;0;0.0;1;0;0.0;0.0
10999968;0;1;6;6.0;1;5;7.0;0.0
11001720;9;5;0;6.0;1;12;2.0;12.0
1100355;2;0;2;2.0;3;2;4.0;0.0
11004359;33;42;0;58.0;1;25;0.0;75.0
11004457;7;3;5;11.0;1;15;0.0;15.0
11006174;9;6;3;16.0;1;14;6.0;12.0
11008981;18;10;15;36.0;1;26;5.0;38.0
11009335;12;12;6;24.0;1;31;0.0;30.0
11009552;0;6;1;7.0;1;5;0.0;7.0
11013234;0;1;1;0.0;1;0;2.0;0.0
11013902;2;0;0;0.0;1;1;2.0;0.0
1101849;4;2;1;2.0;2;3;7.0;0.0
11018589;1;1;0;1.0;1;1;2.0;0.0
11020329;3;0;0;3.0;3;3;3.0;0.0
11020571;5;5;8;17.0;1;17;0.0;18.0
11020789;1;10;5;16.0;1;17;0.0;16.0
1102141;12;3;3;6.0;1;17;11.0;7.0
11021423;7;2;0;4.0;2;11;9.0;0.0
11030437;2;8;0;7.0;1;5;4.0;6.0
11033563;1;3;0;3.0;1;3;4.0;0.0
11033590;2;2;1;1.0;1;1;5.0;0.0
11035383;1;1;0;1.0;1;1;2.0;0.0
11035616;1;1;0;0.0;1;0;2.0;0.0
11035845;1;3;0;2.0;1;2;4.0;0.0
11037372;1;0;1;0.0;1;0;2.0;0.0
11037390;2;3;2;5.0;2;5;7.0;0.0
11040630;14;14;7;28.0;1;31;0.0;35.0
11040738;0;0;1;0.0;1;0;1.0;0.0
11040830;0;1;0;0.0;1;0;1.0;0.0
11041164;12;1;0;6.0;1;13;0.0;13.0
11041203;8;2;2;8.0;1;12;0.0;12.0
11042856;11;0;0;7.0;1;8;1.0;10.0
11045892;4;0;14;24.0;1;8;0.0;18.0
11046953;3;2;1;2.0;1;2;6.0;0.0
11047152;0;1;1;0.0;1;0;2.0;0.0
11047362;3;0;3;4.0;1;7;0.0;6.0
11048223;1;12;6;20.0;1;20;0.0;19.0
11050086;0;1;1;0.0;2;0;2.0;0.0
11050200;11;4;0;9.0;1;15;0.0;15.0
1105040;9;0;0;2.0;1;9;0.0;9.0
11050571;1;1;1;3.0;1;3;3.0;0.0
11051000;0;8;0;8.0;1;8;0.0;8.0
11052544;11;15;12;33.0;1;24;0.0;38.0
11052925;9;1;0;6.0;1;10;0.0;10.0
11063936;0;2;1;1.0;1;1;3.0;0.0
11064587;2;2;0;1.0;1;1;4.0;0.0
11065537;0;1;1;0.0;1;0;2.0;0.0
11065947;0;2;1;2.0;1;2;3.0;0.0
11065972;15;12;1;21.0;1;25;0.0;28.0
11066317;3;1;0;1.0;1;4;0.0;4.0
11067413;5;3;2;5.0;1;7;10.0;0.0
11070049;3;17;9;35.0;1;30;14.0;15.0
11070893;13;21;9;40.0;1;25;8.0;35.0
11071051;6;1;0;4.0;1;6;0.0;7.0
11071145;4;2;1;3.0;4;5;7.0;0.0
11074084;5;2;0;3.0;1;3;7.0;0.0
11074574;2;1;0;1.0;1;2;3.0;0.0
11075175;5;9;1;15.0;1;15;0.0;15.0
11075850;12;5;0;14.0;1;12;0.0;17.0
11077532;4;0;0;0.0;1;4;0.0;4.0
11078274;1;1;0;0.0;1;0;2.0;0.0
11079631;12;12;6;24.0;1;31;0.0;30.0
1108085;2;1;1;0.0;1;0;4.0;0.0
1108191;2;3;0;2.0;1;3;5.0;0.0
1108223;20;7;0;14.0;1;20;0.0;27.0
11082465;14;2;12;22.0;1;18;5.0;23.0
11082731;1;1;0;0.0;3;0;2.0;0.0
11083184;1;1;0;0.0;1;0;2.0;0.0
1108669;1;2;1;0.0;1;0;4.0;0.0
11087453;6;13;12;28.0;4;33;1.0;30.0
11087901;6;3;0;8.0;1;8;2.0;7.0
11104101;13;8;0;13.0;1;20;0.0;21.0
1111068;2;4;0;5.0;1;5;0.0;6.0
11111470;0;1;0;0.0;1;0;1.0;0.0
11111496;14;12;7;28.0;1;31;0.0;33.0
1111683;6;5;0;9.0;2;11;6.0;5.0
11119209;1;2;0;1.0;1;1;3.0;0.0
11119334;2;0;0;2.0;1;2;2.0;0.0
11120497;12;14;22;43.0;1;29;3.0;45.0
111253;0;4;0;4.0;1;4;0.0;4.0
1112633;0;4;0;3.0;1;3;0.0;4.0
11128191;59;82;42;158.0;1;32;0.0;183.0
1112981;36;36;20;74.0;3;60;57.0;35.0
1114064;1;1;1;0.0;3;0;3.0;0.0
11141406;11;13;12;31.0;1;29;1.0;35.0
111458;63;57;34;116.0;4;74;59.0;95.0
1115121;1;1;0;0.0;1;0;2.0;0.0
11153134;0;0;1;0.0;1;0;1.0;0.0
11154125;7;6;2;12.0;1;13;15.0;0.0
11156977;1;0;1;0.0;1;0;2.0;0.0
1115878;2;10;0;12.0;1;12;0.0;12.0
11159675;3;1;1;3.0;1;6;0.0;5.0
11160051;2;1;6;7.0;1;6;2.0;7.0
11160235;1;3;1;4.0;1;4;5.0;0.0
11160436;1;0;1;0.0;1;1;2.0;0.0
11160879;0;0;5;6.0;1;6;0.0;5.0
11160973;1;0;0;1.0;1;1;1.0;0.0
11161897;1;2;0;2.0;1;2;3.0;0.0
1116217;0;0;1;0.0;1;0;1.0;0.0
11162523;1;1;1;3.0;1;3;3.0;0.0
11163170;7;0;3;4.0;1;11;0.0;10.0
1116709;13;4;4;13.0;4;17;21.0;0.0
1116876;4;7;12;26.0;3;18;4.0;19.0
1117040;1;1;1;0.0;3;0;3.0;0.0
1117208;16;6;0;19.0;1;14;21.0;1.0
11172998;10;19;12;40.0;1;29;2.0;39.0
11173131;0;0;8;11.0;1;8;3.0;5.0
1117343;7;0;0;0.0;1;3;0.0;7.0
11173934;7;16;9;27.0;7;30;24.0;8.0
11173942;2;1;0;0.0;1;0;3.0;0.0
11176296;0;2;14;17.0;1;9;2.0;14.0
11176302;2;0;0;0.0;1;1;2.0;0.0
11178607;1;1;0;0.0;1;0;2.0;0.0
11178984;1;0;1;1.0;1;1;2.0;0.0
1118005;4;9;0;10.0;1;13;5.0;8.0
11180966;0;0;5;6.0;1;6;0.0;5.0
1118156;21;22;12;48.0;2;42;40.0;15.0
1118160;2;2;1;0.0;1;0;5.0;0.0
1118452;9;5;3;13.0;1;18;11.0;6.0
11184556;6;46;14;64.0;1;28;2.0;64.0
11185249;1;0;4;8.0;1;4;0.0;5.0
1118849;22;13;2;18.0;1;24;3.0;34.0
11189387;1;1;1;1.0;1;1;3.0;0.0
11192727;7;7;1;11.0;1;5;15.0;0.0
11195670;2;1;1;2.0;1;3;4.0;0.0
11195900;2;2;1;4.0;1;5;5.0;0.0
1120671;4;3;0;6.0;1;6;2.0;5.0
11206942;11;15;6;33.0;1;24;0.0;32.0
11208661;0;10;7;15.0;1;15;4.0;13.0
11209651;0;12;6;19.0;1;19;0.0;18.0
11212007;0;5;0;5.0;1;2;0.0;5.0
1121287;4;0;0;1.0;1;3;4.0;0.0
11212909;2;5;3;7.0;1;7;10.0;0.0
11213029;1;1;0;1.0;1;1;2.0;0.0
11213941;1;1;0;2.0;1;2;2.0;0.0
11214716;2;1;1;0.0;1;0;4.0;0.0
11217218;23;12;6;28.0;1;31;0.0;41.0
11217249;1;3;0;3.0;1;3;4.0;0.0
11217575;7;6;0;12.0;1;11;2.0;11.0
11218162;10;14;7;23.0;1;25;3.0;28.0
11218888;1;1;0;0.0;1;1;2.0;0.0
11219017;16;40;32;83.0;1;32;2.0;86.0
11219230;1;1;0;0.0;1;0;2.0;0.0
11219747;1;7;6;14.0;1;15;0.0;14.0
11220472;12;10;6;24.0;1;31;0.0;28.0
11221891;12;9;2;14.0;4;18;23.0;0.0
11221934;8;0;0;1.0;1;8;0.0;8.0
11222468;1;1;0;0.0;1;0;2.0;0.0
11222477;1;30;18;50.0;1;20;0.0;49.0
11224165;4;29;19;47.0;1;22;0.0;52.0
11224304;7;7;6;21.0;1;21;5.0;15.0
11224424;2;2;1;0.0;1;0;5.0;0.0
11224490;4;2;1;0.0;1;3;7.0;0.0
11224529;2;1;1;1.0;1;1;4.0;0.0
11226726;3;1;2;3.0;1;5;0.0;6.0
1122734;15;2;0;8.0;1;15;1.0;16.0
1123012;0;1;1;1.0;1;1;2.0;0.0
11230449;1;1;1;2.0;1;2;3.0;0.0
11230585;3;9;4;16.0;1;16;0.0;16.0
1123249;2;11;2;12.0;2;11;4.0;11.0
1123460;4;2;1;5.0;1;6;7.0;0.0
1123571;22;30;0;44.0;3;18;2.0;50.0
11240009;1;2;0;1.0;1;1;3.0;0.0
11241362;26;16;6;33.0;3;33;8.0;40.0
11241857;6;8;5;15.0;1;16;3.0;16.0
11242544;4;0;6;8.0;1;11;2.0;8.0
11242691;0;0;1;1.0;1;1;1.0;0.0
11245456;0;9;0;8.0;1;8;0.0;9.0
11245880;3;3;12;20.0;1;12;0.0;18.0
11246141;18;3;1;14.0;2;10;4.0;18.0
11246767;13;2;0;4.0;1;11;0.0;15.0
1124688;15;26;15;49.0;4;48;23.0;33.0
11247590;3;1;0;0.0;1;1;4.0;0.0
11247723;9;12;7;24.0;1;26;0.0;28.0
11248084;0;1;0;0.0;1;0;1.0;0.0
11248203;1;5;2;9.0;1;9;0.0;8.0
11248374;1;1;1;0.0;1;0;3.0;0.0
1124901;25;19;0;29.0;1;22;1.0;43.0
11250590;1;2;1;0.0;1;0;4.0;0.0
11251620;1;1;1;0.0;1;0;3.0;0.0
11251810;1;1;0;0.0;1;0;2.0;0.0
11252021;2;1;0;0.0;1;0;3.0;0.0
11252905;1;7;6;12.0;1;12;2.0;12.0
11256911;0;7;0;7.0;1;7;0.0;7.0
1125723;0;0;1;0.0;2;0;1.0;0.0
11257328;0;4;12;18.0;1;11;0.0;16.0
11260991;4;0;0;0.0;1;4;0.0;4.0
11262563;1;17;7;25.0;1;21;2.0;23.0
1126903;20;18;11;36.0;2;30;7.0;42.0
11270236;10;0;0;3.0;1;10;0.0;10.0
11270531;3;1;1;2.0;1;3;5.0;0.0
11271695;9;16;8;26.0;1;25;0.0;33.0
11272612;14;2;1;9.0;4;15;7.0;10.0
11273226;2;4;0;3.0;1;3;6.0;0.0
1127508;12;12;6;24.0;1;31;0.0;30.0
11276270;1;1;0;0.0;1;0;2.0;0.0
11276348;2;4;2;6.0;2;6;8.0;0.0
11277367;0;13;2;16.0;1;14;6.0;9.0
11279955;24;6;0;15.0;1;17;0.0;30.0
11281572;8;15;7;26.0;1;30;6.0;24.0
11281781;0;13;14;29.0;1;19;0.0;27.0
11281895;12;12;6;24.0;1;31;0.0;30.0
11284932;1;1;0;0.0;1;0;2.0;0.0
11285995;20;10;3;23.0;1;25;0.0;33.0
11286151;0;2;1;0.0;1;0;3.0;0.0
1128701;2;1;1;0.0;1;1;4.0;0.0
11287482;0;2;0;2.0;1;2;2.0;0.0
1128886;0;1;5;7.0;1;7;0.0;6.0
11289289;1;1;0;2.0;1;2;2.0;0.0
11290233;7;0;0;0.0;1;7;0.0;7.0
11290382;3;3;0;3.0;1;5;0.0;6.0
1129441;2;22;8;34.0;1;23;0.0;32.0
11300267;1;15;4;18.0;1;15;10.0;10.0
11302211;5;13;12;28.0;1;22;0.0;30.0
11302237;1;8;6;17.0;1;15;1.0;14.0
11302365;0;0;6;7.0;1;7;0.0;6.0
11304832;0;1;1;1.0;1;1;2.0;0.0
11305614;1;5;3;9.0;1;9;9.0;0.0
11305701;6;7;1;10.0;1;14;14.0;0.0
11306154;4;5;4;8.0;1;12;0.0;13.0
1130882;6;2;2;4.0;1;7;2.0;8.0
11309565;0;2;2;2.0;1;2;4.0;0.0
11310158;1;0;1;0.0;1;0;2.0;0.0
11310208;3;2;1;2.0;1;2;6.0;0.0
11310339;7;2;0;4.0;1;8;3.0;6.0
11310357;1;8;2;9.0;1;9;2.0;9.0
11310853;29;4;1;9.0;1;14;10.0;24.0
11310968;2;0;6;7.0;1;9;0.0;8.0
11311032;14;1;0;6.0;1;13;0.0;15.0
11314839;2;17;17;36.0;1;21;0.0;36.0
11315101;1;0;0;1.0;1;1;1.0;0.0
1131670;7;15;8;28.0;1;28;7.0;23.0
11317546;25;9;13;33.0;3;37;11.0;36.0
1131787;2;0;0;0.0;1;1;2.0;0.0
11318366;0;10;0;10.0;1;10;0.0;10.0
11319909;1;1;1;0.0;1;0;3.0;0.0
1132763;1;1;1;0.0;1;0;3.0;0.0
11327640;9;2;0;6.0;1;9;11.0;0.0
1132850;3;1;0;1.0;1;4;0.0;4.0
11328662;21;12;6;26.0;1;31;0.0;39.0
11328816;7;6;0;7.0;1;11;0.0;13.0
11329255;0;2;11;14.0;1;8;0.0;13.0
11331343;12;11;0;16.0;1;23;0.0;23.0
11333305;4;11;6;22.0;1;22;0.0;21.0
1133408;21;15;4;22.0;4;31;17.0;23.0
11334148;11;2;3;9.0;1;11;2.0;14.0
11334720;4;4;0;3.0;2;3;8.0;0.0
11336923;0;64;7;71.0;1;13;0.0;71.0
1133696;0;1;0;0.0;1;0;1.0;0.0
11337223;4;1;3;7.0;1;8;3.0;5.0
1133759;13;14;15;37.0;1;30;0.0;42.0
11338482;0;1;0;0.0;1;0;1.0;0.0
11339534;7;12;4;20.0;1;24;0.0;23.0
11339648;2;1;0;0.0;1;1;3.0;0.0
11339845;1;2;1;0.0;1;0;4.0;0.0
11341403;1;1;1;0.0;1;0;3.0;0.0
11342623;2;1;0;0.0;1;0;3.0;0.0
11343765;0;2;6;9.0;1;9;0.0;8.0
11343786;1;1;1;1.0;1;1;3.0;0.0
11344375;12;0;0;0.0;1;5;0.0;12.0
11344729;0;0;9;8.0;1;3;9.0;0.0
11345517;23;0;0;9.0;1;12;0.0;23.0
1134656;0;1;0;0.0;1;0;1.0;0.0
11349035;6;21;0;26.0;1;16;0.0;27.0
11349072;37;3;1;7.0;1;13;0.0;41.0
11349309;1;1;0;1.0;1;1;2.0;0.0
11350710;13;22;8;43.0;1;25;4.0;39.0
1135715;1;1;0;2.0;2;2;2.0;0.0
11362103;1;1;0;0.0;1;0;2.0;0.0
11362172;1;1;0;0.0;1;1;2.0;0.0
11362372;3;2;3;4.0;1;7;4.0;4.0
1136483;22;24;6;42.0;3;50;16.0;36.0
11366773;0;4;0;5.0;1;3;0.0;4.0
11367433;2;7;1;8.0;1;8;3.0;7.0
11368409;2;3;1;2.0;1;2;6.0;0.0
11369658;1;0;0;0.0;1;1;1.0;0.0
11370114;1;1;1;0.0;2;0;3.0;0.0
1137048;26;10;7;26.0;2;31;17.0;26.0
11371529;2;1;0;0.0;2;0;3.0;0.0
11371864;1;1;0;0.0;1;1;2.0;0.0
11372372;2;1;0;1.0;1;2;3.0;0.0
11373359;4;7;0;8.0;1;8;4.0;7.0
11373385;15;17;0;21.0;1;20;5.0;27.0
11375662;7;10;6;20.0;2;24;23.0;0.0
11375672;2;2;1;0.0;1;0;5.0;0.0
11378235;37;28;15;63.0;1;31;0.0;80.0
11378949;1;2;0;1.0;1;1;3.0;0.0
11379501;16;30;20;64.0;1;34;10.0;56.0
11382022;3;2;1;1.0;1;2;6.0;0.0
1138256;0;1;0;2.0;1;2;1.0;0.0
11388722;1;13;4;19.0;1;14;0.0;18.0
11389743;1;1;0;0.0;1;0;2.0;0.0
11389944;3;1;0;1.0;1;3;4.0;0.0
11390495;1;1;1;1.0;1;2;3.0;0.0
11390532;16;6;30;43.0;1;20;0.0;52.0
11391521;0;0;5;8.0;1;6;0.0;5.0
11392219;2;1;1;1.0;1;1;4.0;0.0
11392301;3;13;1;17.0;1;16;0.0;17.0
11392352;5;20;9;35.0;1;22;0.0;34.0
11392718;2;0;0;0.0;1;0;2.0;0.0
11392801;9;9;2;16.0;1;19;6.0;14.0
11395649;1;0;0;0.0;1;1;1.0;0.0
11396002;6;0;0;0.0;1;6;0.0;6.0
11396387;5;1;0;6.0;1;6;0.0;6.0
11397633;25;18;6;33.0;1;28;1.0;48.0
11399329;0;7;6;14.0;1;14;0.0;13.0
11399520;1;1;1;2.0;1;2;3.0;0.0
11401341;12;12;6;24.0;1;31;0.0;30.0
11401615;6;3;2;3.0;1;6;11.0;0.0
1140342;1;0;0;0.0;1;0;1.0;0.0
11404162;1;1;1;0.0;1;0;3.0;0.0
1140461;4;5;3;7.0;3;7;12.0;0.0
11406080;5;44;36;88.0;1;22;3.0;82.0
11406166;0;17;18;38.0;1;13;0.0;35.0
1140811;0;1;2;1.0;1;1;3.0;0.0
11412540;0;7;0;7.0;2;7;1.0;6.0
1141364;4;0;0;0.0;1;4;0.0;4.0
11422104;2;0;0;0.0;1;2;2.0;0.0
1142262;14;2;1;6.0;2;13;13.0;4.0
1142668;1;10;0;11.0;1;11;0.0;11.0
1142752;2;2;0;0.0;1;0;4.0;0.0
11427808;31;24;9;44.0;1;31;2.0;62.0
11428047;2;0;0;0.0;1;2;2.0;0.0
11429359;1;1;0;0.0;1;0;2.0;0.0
11429509;2;0;2;3.0;1;3;4.0;0.0
11431608;4;11;0;12.0;1;13;0.0;15.0
11431824;2;1;0;1.0;1;1;3.0;0.0
11432619;0;2;0;2.0;1;2;2.0;0.0
11432904;1;1;0;1.0;1;1;2.0;0.0
11433897;2;1;1;0.0;1;0;4.0;0.0
11437078;5;0;0;0.0;1;5;0.0;5.0
11437486;0;5;6;12.0;1;12;0.0;11.0
11438956;1;6;19;22.0;1;13;7.0;19.0
11439261;5;12;0;17.0;1;17;0.0;17.0
11439390;9;0;0;2.0;1;9;0.0;9.0
11446591;4;5;0;9.0;1;9;0.0;9.0
11449061;36;22;0;38.0;1;24;0.0;58.0
1144915;7;11;1;10.0;1;12;5.0;14.0
11449531;3;6;2;10.0;1;10;2.0;9.0
11449789;4;4;2;7.0;1;9;10.0;0.0
1144990;3;1;2;2.0;1;2;6.0;0.0
11451154;11;12;6;24.0;1;31;0.0;29.0
11452494;5;7;6;17.0;1;19;0.0;18.0
11452794;2;5;0;4.0;4;6;3.0;4.0
11453474;4;7;1;11.0;1;12;2.0;10.0
11454007;1;1;0;1.0;1;1;2.0;0.0
11455594;0;15;12;29.0;1;17;0.0;27.0
1145560;1;1;0;0.0;1;0;2.0;0.0
11457520;4;8;6;17.0;1;18;11.0;7.0
11457570;5;1;0;6.0;1;6;0.0;6.0
11458336;2;2;0;4.0;1;4;0.0;4.0
11462983;1;1;0;1.0;1;1;2.0;0.0
11463269;29;26;12;50.0;1;23;0.0;67.0
11463431;3;3;1;3.0;1;6;0.0;7.0
1146445;16;1;3;4.0;1;8;3.0;17.0
11464698;5;2;2;5.0;1;7;9.0;0.0
1146610;13;10;1;16.0;2;23;4.0;20.0
11468430;0;5;4;6.0;1;6;6.0;3.0
11470071;6;2;1;4.0;1;5;3.0;6.0
11470173;4;0;0;0.0;1;4;0.0;4.0
11473410;11;25;9;45.0;1;26;0.0;45.0
11474706;6;2;2;1.0;1;6;5.0;5.0
1147610;11;71;26;112.0;1;23;3.0;105.0
11478757;5;0;2;11.0;1;4;0.0;7.0
11481652;1;1;0;0.0;1;0;2.0;0.0
11484793;5;0;0;3.0;1;5;0.0;5.0
11484916;9;7;0;10.0;2;14;2.0;14.0
11486460;2;2;0;4.0;1;4;0.0;4.0
11486583;13;13;7;26.0;2;32;2.0;31.0
1148816;7;0;0;0.0;1;7;0.0;7.0
11488974;0;1;4;4.0;1;4;3.0;2.0
11488978;2;0;0;1.0;1;1;2.0;0.0
11489227;2;0;1;2.0;1;2;3.0;0.0
11489413;2;1;0;4.0;1;4;3.0;0.0
11490648;35;36;18;72.0;1;32;0.0;89.0
11490722;11;1;2;4.0;1;10;4.0;10.0
11490823;2;8;2;9.0;1;10;5.0;7.0
114912;5;3;2;4.0;1;5;10.0;0.0
11491549;2;1;1;1.0;1;1;4.0;0.0
11493037;6;2;0;4.0;1;8;1.0;7.0
11493057;1;2;1;2.0;1;2;4.0;0.0
11493531;0;1;1;2.0;1;2;2.0;0.0
1149467;10;4;1;5.0;2;12;4.0;11.0
11495199;0;4;6;11.0;1;11;0.0;10.0
11495366;1;0;0;0.0;1;0;1.0;0.0
11497758;2;3;1;3.0;1;3;6.0;0.0
11498679;1;1;0;0.0;1;0;2.0;0.0
11499745;5;4;3;7.0;1;9;3.0;9.0
1150699;5;0;0;0.0;1;4;5.0;0.0
11507919;3;6;0;8.0;1;8;0.0;9.0
11507920;2;5;0;5.0;1;7;0.0;7.0
11508057;1;0;0;0.0;1;1;1.0;0.0
11508421;1;2;0;1.0;1;1;3.0;0.0
11510391;20;6;0;10.0;1;15;0.0;26.0
11510907;11;11;5;22.0;1;29;0.0;27.0
11512261;0;3;4;7.0;1;7;0.0;7.0
11513499;10;17;6;28.0;1;29;10.0;23.0
11513573;6;5;1;10.0;1;13;0.0;12.0
11514211;1;7;1;5.0;1;5;5.0;4.0
11514394;48;51;1;72.0;1;27;0.0;100.0
11514796;0;2;5;7.0;1;7;0.0;7.0
11515531;4;0;7;16.0;1;6;0.0;11.0
11515628;23;25;12;49.0;1;32;2.0;58.0
11515799;6;4;3;12.0;1;14;2.0;11.0
11515901;2;9;0;11.0;1;11;0.0;11.0
11517743;10;6;1;15.0;1;18;0.0;17.0
11518089;2;2;0;0.0;1;0;4.0;0.0
11518263;1;0;0;0.0;1;0;1.0;0.0
11518482;0;1;1;1.0;1;1;2.0;0.0
11518570;23;30;6;57.0;2;40;0.0;59.0
11519628;24;7;1;15.0;1;19;0.0;32.0
11520616;12;12;6;24.0;1;31;0.0;30.0
11522949;4;0;0;0.0;1;3;0.0;4.0
11523044;7;13;6;23.0;1;24;4.0;22.0
11523202;9;0;0;1.0;1;7;0.0;9.0
11523261;7;5;0;10.0;1;12;0.0;12.0
11523986;29;107;15;144.0;1;40;9.0;142.0
11524423;2;0;0;0.0;1;1;2.0;0.0
11524512;1;1;0;0.0;1;0;2.0;0.0
11524673;1;2;1;2.0;1;2;4.0;0.0
11525014;14;0;0;5.0;1;12;0.0;14.0
11526165;1;2;0;0.0;1;0;3.0;0.0
11527336;0;0;2;2.0;1;2;2.0;0.0
11528366;4;1;0;5.0;1;5;0.0;5.0
11528508;1;6;0;9.0;1;9;1.0;6.0
11528556;0;3;12;15.0;2;9;1.0;14.0
11528585;9;0;0;2.0;1;9;0.0;9.0
11528805;1;0;1;1.0;1;1;2.0;0.0
11529239;5;12;4;21.0;1;21;0.0;21.0
11531486;21;15;6;26.0;1;31;0.0;42.0
1153309;6;5;3;9.0;1;12;14.0;0.0
11534237;0;4;1;5.0;1;5;0.0;5.0
11536319;1;1;0;0.0;1;0;2.0;0.0
11536417;1;1;0;0.0;1;1;2.0;0.0
11539290;2;1;2;3.0;1;3;5.0;0.0
11539684;6;0;0;1.0;1;6;0.0;6.0
11539929;0;1;1;0.0;1;0;2.0;0.0
11541351;1;1;1;0.0;1;0;3.0;0.0
11541705;1;9;6;17.0;1;17;0.0;16.0
11541794;11;6;1;14.0;1;18;1.0;17.0
11542092;4;0;0;1.0;1;4;0.0;4.0
11543219;21;0;0;4.0;1;9;0.0;21.0
11543527;1;1;1;0.0;1;0;3.0;0.0
11543859;7;4;1;7.0;1;9;5.0;7.0
11544976;13;10;14;31.0;1;28;8.0;29.0
11545695;1;1;0;0.0;1;0;2.0;0.0
11548040;2;8;5;15.0;2;15;2.0;13.0
1155084;9;4;3;10.0;1;15;5.0;11.0
11550997;0;17;25;46.0;1;13;1.0;41.0
11552107;1;1;1;0.0;1;0;3.0;0.0
11552442;1;1;2;0.0;1;0;4.0;0.0
11554455;9;1;0;11.0;1;8;1.0;9.0
11554685;10;19;2;25.0;1;22;0.0;31.0
1155718;1;0;1;0.0;2;0;2.0;0.0
1155964;1;0;1;0.0;2;0;2.0;0.0
1156105;1;11;1;11.0;3;11;2.0;11.0
115643;3;15;0;17.0;1;10;0.0;18.0
11564704;46;29;18;67.0;1;32;0.0;93.0
11566564;6;4;0;10.0;1;7;0.0;10.0
11567022;1;2;0;1.0;1;1;3.0;0.0
11567205;1;1;0;1.0;1;1;2.0;0.0
11569387;1;0;0;0.0;1;0;1.0;0.0
11569561;22;12;7;22.0;1;28;6.0;35.0
11569933;4;0;0;1.0;1;3;4.0;0.0
11569937;5;2;3;7.0;4;8;10.0;0.0
11570130;0;1;1;0.0;2;0;2.0;0.0
11570132;2;14;7;23.0;1;22;1.0;22.0
11571369;8;0;2;3.0;1;8;2.0;8.0
11571419;1;0;0;0.0;1;1;1.0;0.0
11572211;12;5;0;10.0;1;17;0.0;17.0
11573947;1;4;2;6.0;2;5;7.0;0.0
11574229;24;22;13;49.0;1;31;0.0;59.0
11574887;0;9;6;16.0;1;16;0.0;15.0
11575521;15;15;6;31.0;1;29;0.0;36.0
11576042;0;0;6;6.0;1;5;0.0;6.0
11577704;3;9;13;23.0;1;15;5.0;20.0
11577862;11;10;0;16.0;1;15;21.0;0.0
11578269;12;0;0;3.0;1;10;1.0;11.0
11578281;0;10;7;19.0;1;12;0.0;17.0
1157874;0;2;0;2.0;1;2;2.0;0.0
11579228;12;12;6;24.0;1;31;0.0;30.0
11580066;17;23;6;41.0;1;31;0.0;46.0
1158264;6;0;0;0.0;1;6;0.0;6.0
1158270;2;5;2;5.0;2;5;9.0;0.0
1158295;7;8;4;17.0;1;21;0.0;19.0
11583406;15;1;2;3.0;1;11;6.0;12.0
11583544;10;4;0;9.0;1;12;0.0;14.0
11584618;0;6;6;13.0;1;11;0.0;12.0
11584756;5;2;0;5.0;1;6;7.0;0.0
11587936;10;21;14;37.0;1;24;8.0;37.0
11592213;1;2;1;2.0;1;3;4.0;0.0
11593930;8;11;6;23.0;1;27;0.0;25.0
11594040;2;17;5;23.0;1;20;4.0;20.0
11595405;14;14;6;28.0;1;31;0.0;34.0
11595805;1;0;0;1.0;1;1;1.0;0.0
11596423;1;4;1;4.0;1;4;6.0;0.0
11598026;3;3;1;5.0;1;5;3.0;4.0
11598708;2;0;0;1.0;1;3;2.0;0.0
11598750;1;1;0;0.0;1;0;2.0;0.0
11598844;12;10;6;19.0;1;21;6.0;22.0
11599220;1;2;1;1.0;2;2;4.0;0.0
11599912;25;3;0;12.0;1;17;4.0;24.0
11603806;11;3;0;3.0;1;8;0.0;14.0
11603877;6;9;0;15.0;1;16;0.0;15.0
11605331;0;11;2;13.0;1;13;0.0;13.0
11609120;0;2;0;2.0;1;2;2.0;0.0
11609489;12;12;6;24.0;1;31;0.0;30.0
11609519;0;2;1;4.0;1;4;0.0;3.0
11609678;5;5;2;9.0;1;11;12.0;0.0
11610767;1;1;2;3.0;1;3;4.0;0.0
11611759;1;2;1;2.0;1;2;4.0;0.0
11619147;7;4;0;4.0;1;8;0.0;11.0
1162230;13;20;41;69.0;3;45;40.0;34.0
11622324;4;7;2;6.0;2;9;6.0;7.0
1162395;8;23;6;32.0;2;31;20.0;17.0
11624289;1;1;0;0.0;1;0;2.0;0.0
11625010;2;7;2;7.0;1;7;3.0;8.0
11625131;12;2;0;7.0;1;14;0.0;14.0
11625739;4;2;0;3.0;1;7;0.0;6.0
11625872;12;12;6;24.0;1;31;0.0;30.0
1162590;0;11;0;11.0;1;7;0.0;11.0
1162748;1;1;2;1.0;1;1;4.0;0.0
11628878;1;1;1;0.0;1;0;3.0;0.0
11629723;1;1;0;0.0;1;0;2.0;0.0
11629783;1;2;0;1.0;1;1;3.0;0.0
11629803;8;1;0;2.0;1;7;2.0;7.0
11630752;4;4;0;3.0;1;5;8.0;0.0
11632004;19;13;1;25.0;1;23;23.0;10.0
11634077;1;3;1;3.0;2;3;5.0;0.0
11635076;1;2;1;0.0;1;0;4.0;0.0
11635335;1;0;0;0.0;1;0;1.0;0.0
1163685;2;1;1;2.0;1;4;4.0;0.0
11637473;19;29;10;44.0;4;37;9.0;49.0
11637499;2;0;0;0.0;2;2;2.0;0.0
11637529;7;3;2;9.0;4;12;4.0;8.0
11637588;6;2;0;4.0;2;6;8.0;0.0
11639222;12;12;6;24.0;1;31;0.0;30.0
11639420;10;0;0;3.0;1;10;0.0;10.0
11640511;2;0;7;8.0;1;8;0.0;9.0
1164053;1;2;1;3.0;1;3;4.0;0.0
11641549;0;12;0;12.0;1;8;0.0;12.0
11641557;19;16;8;34.0;1;35;7.0;36.0
11642126;12;17;6;30.0;1;31;0.0;35.0
11642654;40;1;1;34.0;1;14;0.0;42.0
11643636;18;23;6;40.0;1;32;0.0;47.0
1164718;2;0;1;1.0;1;1;3.0;0.0
1164790;10;23;1;33.0;4;18;30.0;4.0
11651885;0;7;0;7.0;1;7;0.0;7.0
11652312;1;2;1;2.0;1;2;4.0;0.0
11653106;16;16;7;30.0;1;40;12.0;27.0
11653281;1;1;0;1.0;1;1;2.0;0.0
11655747;17;4;4;16.0;2;12;2.0;23.0
11656045;16;10;0;15.0;1;22;0.0;26.0
11656330;10;0;2;5.0;1;12;0.0;12.0
11657731;15;0;0;11.0;1;6;0.0;15.0
1166070;2;0;1;1.0;4;1;3.0;0.0
11662415;1;1;0;0.0;1;0;2.0;0.0
1166317;1;1;0;0.0;1;0;2.0;0.0
11663425;6;0;0;1.0;1;7;0.0;6.0
1166349;5;5;3;10.0;1;12;13.0;0.0
11665005;1;8;6;15.0;3;15;1.0;14.0
1166571;4;4;3;8.0;1;9;11.0;0.0
11665912;8;0;0;0.0;1;4;0.0;8.0
11666281;40;36;12;67.0;1;31;2.0;86.0
11666459;1;1;0;2.0;1;1;2.0;0.0
11666942;4;4;3;9.0;2;9;11.0;0.0
11668736;2;2;1;1.0;1;2;5.0;0.0
1166914;4;0;0;0.0;1;2;0.0;4.0
1167007;0;2;0;0.0;1;0;2.0;0.0
11675240;9;0;1;3.0;1;10;0.0;10.0
11677032;2;2;0;3.0;1;3;4.0;0.0
11678243;0;1;0;0.0;1;0;1.0;0.0
11680164;14;24;9;41.0;1;31;0.0;47.0
11680252;0;0;2;2.0;1;2;2.0;0.0
11681277;13;3;0;4.0;1;9;0.0;16.0
11681604;7;12;11;24.0;1;16;5.0;25.0
11682156;4;7;0;12.0;1;11;0.0;11.0
11682691;2;2;1;5.0;2;5;5.0;0.0
11682710;9;0;0;1.0;1;8;2.0;7.0
11683109;12;12;7;26.0;1;31;0.0;31.0
11683879;0;0;1;0.0;2;0;1.0;0.0
11683904;1;12;0;13.0;1;13;0.0;13.0
11683922;1;0;0;0.0;1;1;1.0;0.0
11684685;1;1;1;0.0;1;0;3.0;0.0
11685205;3;2;0;0.0;3;0;5.0;0.0
11686285;7;9;0;11.0;1;12;6.0;10.0
11686353;7;13;6;25.0;3;27;1.0;25.0
11686399;1;1;0;1.0;1;1;2.0;0.0
11686738;12;1;0;6.0;1;13;0.0;13.0
11689999;1;2;2;1.0;2;1;5.0;0.0
11690373;23;15;6;30.0;1;33;2.0;42.0
11690918;13;2;0;11.0;1;11;0.0;15.0
11692453;3;1;0;0.0;1;3;4.0;0.0
11692660;16;28;24;64.0;1;28;0.0;68.0
11693648;12;12;6;24.0;1;31;0.0;30.0
1169522;1;1;0;2.0;1;2;2.0;0.0
11703407;33;19;15;45.0;1;44;53.0;14.0
11703921;1;1;1;0.0;1;0;3.0;0.0
11704126;7;1;0;6.0;1;5;2.0;6.0
11704549;14;40;15;67.0;1;26;0.0;69.0
11704593;1;1;1;0.0;1;0;3.0;0.0
11705712;0;17;0;17.0;1;9;0.0;17.0
1170589;2;2;1;0.0;3;0;5.0;0.0
1170654;1;1;0;0.0;1;0;2.0;0.0
1170734;15;13;10;28.0;1;32;3.0;35.0
11707484;23;17;0;26.0;2;26;0.0;40.0
11707724;7;0;0;5.0;2;4;0.0;7.0
11707890;2;1;0;1.0;1;1;3.0;0.0
11708336;1;2;3;7.0;1;4;5.0;1.0
11711002;4;15;6;22.0;1;23;0.0;25.0
11713680;0;9;6;15.0;1;13;0.0;15.0
11714100;2;1;2;2.0;1;2;5.0;0.0
11714142;4;2;0;4.0;1;4;6.0;0.0
11714255;2;11;12;25.0;1;14;0.0;25.0
11714284;31;16;6;34.0;1;31;4.0;49.0
11715417;1;0;0;0.0;1;0;1.0;0.0
11717490;9;27;12;48.0;1;24;1.0;47.0
11717523;1;0;0;0.0;1;0;1.0;0.0
11717836;15;13;6;25.0;1;31;0.0;34.0
11718106;0;0;9;10.0;1;6;0.0;9.0
11720455;4;0;0;2.0;1;5;0.0;4.0
11720469;24;24;21;57.0;1;31;0.0;69.0
11721373;9;2;1;8.0;1;13;0.0;12.0
11721529;0;4;2;6.0;2;6;0.0;6.0
11721753;10;16;7;26.0;2;28;4.0;29.0
1172777;2;1;0;0.0;1;0;3.0;0.0
11729328;0;1;2;3.0;1;3;3.0;0.0
11729859;1;4;0;4.0;1;5;0.0;5.0
11730916;1;1;0;0.0;1;1;2.0;0.0
11731264;8;1;0;6.0;1;9;0.0;9.0
11731543;16;16;13;39.0;1;32;3.0;42.0
11731956;9;0;0;2.0;1;9;0.0;9.0
11732066;0;7;12;21.0;1;14;0.0;19.0
11732904;5;2;0;4.0;3;4;7.0;0.0
11733027;1;1;0;0.0;1;0;2.0;0.0
1173408;6;12;5;21.0;4;20;18.0;5.0
11735530;1;3;1;4.0;1;4;0.0;5.0
11736028;12;11;0;17.0;1;24;0.0;23.0
11736171;5;2;1;2.0;1;4;8.0;0.0
11736835;2;1;1;2.0;1;2;4.0;0.0
11737148;2;1;0;0.0;1;1;3.0;0.0
11738230;9;0;0;2.0;1;9;0.0;9.0
11738767;0;0;4;5.0;1;3;4.0;0.0
11739532;5;11;1;15.0;1;16;9.0;8.0
11739695;20;4;0;7.0;1;13;0.0;24.0
1173982;3;5;1;9.0;1;9;2.0;7.0
11739881;0;5;3;8.0;2;8;3.0;5.0
11740149;0;1;0;0.0;1;0;1.0;0.0
11740493;26;12;1;16.0;1;24;29.0;10.0
11740578;4;10;5;22.0;1;22;14.0;5.0
11740906;9;3;0;7.0;1;10;0.0;12.0
11741723;1;2;0;1.0;1;1;3.0;0.0
11743565;12;12;7;25.0;1;32;1.0;30.0
11743584;29;49;22;84.0;1;32;2.0;98.0
11744234;3;6;1;8.0;1;8;10.0;0.0
11744693;1;1;0;1.0;1;2;2.0;0.0
1174520;6;5;7;12.0;1;15;13.0;5.0
11747176;1;1;0;0.0;1;0;2.0;0.0
11747685;7;5;0;5.0;1;10;8.0;4.0
11748238;1;1;0;1.0;1;1;2.0;0.0
11748272;12;12;6;24.0;1;31;0.0;30.0
11748333;3;2;2;0.0;1;1;7.0;0.0
11748372;10;3;12;16.0;3;15;3.0;22.0
1175047;1;1;0;1.0;1;1;2.0;0.0
1175334;1;2;0;1.0;1;1;3.0;0.0
11756983;12;12;6;24.0;1;31;0.0;30.0
11757405;2;0;0;1.0;1;2;2.0;0.0
11757692;2;2;1;1.0;1;1;5.0;0.0
11758027;7;9;3;15.0;2;19;19.0;0.0
11758439;0;7;9;16.0;2;16;0.0;16.0
11758913;8;0;0;3.0;1;8;0.0;8.0
11758924;11;5;1;11.0;1;14;17.0;0.0
11759281;1;1;1;0.0;3;0;3.0;0.0
11759341;1;0;1;1.0;1;2;2.0;0.0
11759378;2;0;0;0.0;1;0;2.0;0.0
11762161;4;3;1;3.0;1;6;8.0;0.0
11762810;11;5;1;6.0;1;13;0.0;17.0
11763461;12;3;0;8.0;1;15;0.0;15.0
11763805;8;0;0;1.0;1;8;0.0;8.0
11763958;0;1;0;0.0;1;0;1.0;0.0
11765282;4;6;3;12.0;1;13;4.0;9.0
11765633;0;1;4;5.0;1;5;0.0;5.0
11766420;2;2;1;3.0;1;3;5.0;0.0
11766472;14;1;0;6.0;1;13;0.0;15.0
11767028;1;1;0;0.0;1;1;2.0;0.0
11767031;2;1;0;1.0;1;1;3.0;0.0
11767342;12;12;6;24.0;1;31;0.0;30.0
1176739;0;3;1;3.0;1;3;4.0;0.0
1176867;13;4;0;9.0;2;15;7.0;10.0
11769858;0;1;0;0.0;2;0;1.0;0.0
11769926;0;0;1;0.0;1;0;1.0;0.0
1177065;6;12;7;17.0;3;21;9.0;16.0
11770833;6;3;0;4.0;2;7;9.0;0.0
11771029;13;21;12;40.0;1;32;0.0;46.0
11771108;4;0;2;5.0;1;5;4.0;2.0
11771269;10;3;0;6.0;1;13;0.0;13.0
11771846;0;3;7;12.0;1;12;4.0;6.0
11772631;0;2;0;2.0;1;2;2.0;0.0
11773348;1;1;0;0.0;1;0;2.0;0.0
11773634;0;1;0;0.0;1;0;1.0;0.0
11774029;1;1;1;0.0;2;0;3.0;0.0
11775319;1;0;0;0.0;1;0;1.0;0.0
11775875;11;20;4;29.0;1;29;8.0;27.0
11776793;1;1;0;1.0;1;1;2.0;0.0
1178076;1;0;0;0.0;1;0;1.0;0.0
11784957;13;13;0;19.0;1;26;1.0;25.0
11787924;0;1;0;0.0;1;0;1.0;0.0
11788092;0;6;0;7.0;1;7;0.0;6.0
11788141;14;19;10;39.0;1;31;1.0;42.0
11788446;10;6;6;19.0;1;18;0.0;22.0
11788720;15;12;3;23.0;1;27;0.0;30.0
11788957;0;0;10;14.0;1;6;0.0;10.0
11790493;5;0;0;0.0;1;5;0.0;5.0
11791914;0;1;0;1.0;1;1;1.0;0.0
11791978;4;2;1;1.0;1;5;3.0;4.0
117934;14;4;4;19.0;1;15;0.0;22.0
11793524;1;1;0;0.0;1;0;2.0;0.0
11794001;19;6;0;10.0;1;17;4.0;21.0
11794344;0;11;14;26.0;1;13;4.0;21.0
1179564;1;0;0;0.0;2;0;1.0;0.0
11796257;2;2;1;0.0;1;2;5.0;0.0
11798659;13;0;0;0.0;1;8;2.0;11.0
11800475;1;0;1;2.0;1;2;2.0;0.0
1180070;5;1;1;3.0;1;5;7.0;0.0
11801296;1;1;0;0.0;1;0;2.0;0.0
11802086;1;1;0;1.0;2;2;2.0;0.0
11803170;6;16;10;31.0;1;24;2.0;30.0
1180477;3;3;0;4.0;1;4;6.0;0.0
1180768;1;5;1;4.0;3;4;7.0;0.0
11810367;1;0;0;1.0;1;1;1.0;0.0
11810437;5;9;0;12.0;1;11;4.0;10.0
11810848;1;8;11;19.0;1;13;1.0;19.0
11810904;1;1;1;0.0;1;0;3.0;0.0
11811346;4;0;0;0.0;1;4;0.0;4.0
11812285;11;0;0;7.0;1;7;6.0;5.0
11812614;0;6;0;6.0;1;6;0.0;6.0
11813669;8;6;3;11.0;1;15;17.0;0.0
11814818;3;0;0;4.0;1;3;0.0;3.0
11815161;0;2;0;2.0;3;2;2.0;0.0
11815615;1;4;10;15.0;1;15;9.0;6.0
11816493;12;0;0;0.0;1;7;0.0;12.0
11816729;25;26;6;58.0;1;24;0.0;57.0
11817032;3;2;2;4.0;1;5;7.0;0.0
11817679;2;4;2;5.0;1;6;0.0;8.0
1181775;9;12;7;26.0;1;29;2.0;26.0
1181904;10;7;5;16.0;1;22;16.0;6.0
1182068;0;1;1;0.0;2;0;2.0;0.0
11820996;1;1;1;0.0;1;0;3.0;0.0
11821073;0;1;0;1.0;1;1;1.0;0.0
11821709;1;1;0;0.0;1;0;2.0;0.0
11821772;1;2;0;2.0;1;2;3.0;0.0
11822177;1;2;1;1.0;2;1;4.0;0.0
11823221;25;21;6;40.0;2;46;23.0;29.0
11823770;5;0;1;3.0;1;4;2.0;4.0
11824022;2;1;0;1.0;1;1;3.0;0.0
1182421;0;1;2;4.0;4;4;3.0;0.0
1182438;13;12;4;21.0;1;28;0.0;29.0
11825281;10;0;0;3.0;1;10;0.0;10.0
11826001;0;2;0;2.0;1;2;2.0;0.0
1182624;0;1;0;1.0;2;1;1.0;0.0
11827431;7;0;0;5.0;1;8;0.0;7.0
11828246;1;0;0;0.0;1;0;1.0;0.0
11828987;8;5;5;16.0;1;18;5.0;13.0
11829521;2;0;0;0.0;1;0;2.0;0.0
11829904;0;1;1;0.0;1;0;2.0;0.0
11830027;1;1;1;0.0;1;0;3.0;0.0
11830750;1;2;1;2.0;4;2;4.0;0.0
11830866;3;1;0;0.0;1;0;4.0;0.0
1183416;2;2;0;1.0;2;1;4.0;0.0
1183475;12;12;8;27.0;1;31;2.0;30.0
1183752;2;12;3;17.0;1;17;0.0;17.0
1183830;24;20;5;35.0;1;28;0.0;49.0
1183920;8;1;0;4.0;1;7;5.0;4.0
11839329;2;1;0;3.0;1;3;0.0;3.0
11839495;9;4;1;7.0;1;10;8.0;6.0
11840829;0;22;8;33.0;1;18;0.0;30.0
1184086;2;2;0;2.0;2;2;4.0;0.0
1184145;5;7;4;12.0;2;15;16.0;0.0
11843659;4;45;18;70.0;1;28;5.0;62.0
11843690;1;0;0;0.0;1;0;1.0;0.0
11843898;4;1;0;5.0;1;5;0.0;5.0
11843919;18;2;0;12.0;1;13;0.0;20.0
11844917;1;2;1;1.0;1;1;4.0;0.0
11844959;1;0;1;0.0;1;0;2.0;0.0
11844973;0;1;0;0.0;2;0;1.0;0.0
11846101;1;0;0;0.0;1;1;1.0;0.0
11846948;2;1;0;0.0;1;0;3.0;0.0
11848374;1;1;0;0.0;1;0;2.0;0.0
11850767;0;1;1;0.0;1;0;2.0;0.0
11851404;1;1;0;0.0;1;0;2.0;0.0
11851837;12;29;1;35.0;1;21;2.0;40.0
1185565;24;24;13;52.0;1;32;0.0;61.0
1185586;7;5;4;14.0;1;15;10.0;6.0
1185807;1;1;0;1.0;1;2;2.0;0.0
11858178;3;2;10;17.0;1;13;7.0;8.0
1185820;10;0;0;0.0;1;3;0.0;10.0
11858384;0;1;0;1.0;1;1;1.0;0.0
11860661;0;1;0;0.0;1;0;1.0;0.0
11860802;0;1;1;2.0;1;2;2.0;0.0
11860891;3;2;0;1.0;1;1;5.0;0.0
1186090;2;1;0;1.0;3;2;3.0;0.0
1186166;7;0;0;7.0;1;4;0.0;7.0
11868555;0;15;8;23.0;1;13;0.0;23.0
11870417;8;26;10;45.0;1;24;0.0;44.0
11870719;28;9;0;18.0;1;17;4.0;33.0
11870832;0;3;0;4.0;1;4;3.0;0.0
11871632;5;1;3;8.0;1;8;2.0;7.0
11873438;3;2;1;4.0;1;4;6.0;0.0
11873741;5;0;0;5.0;1;3;0.0;5.0
11873825;2;8;6;15.0;1;15;2.0;14.0
11874256;13;16;3;28.0;1;24;0.0;32.0
11875286;5;3;0;3.0;1;7;8.0;0.0
11876134;0;1;1;2.0;1;2;2.0;0.0
11876245;0;14;6;21.0;2;21;0.0;20.0
11877270;1;1;1;0.0;1;1;3.0;0.0
11877409;24;0;1;1.0;1;7;2.0;23.0
11877534;3;2;2;1.0;2;1;7.0;0.0
11877546;1;0;0;0.0;1;0;1.0;0.0
11878198;26;39;20;68.0;1;31;2.0;83.0
11879494;0;6;1;7.0;1;4;0.0;7.0
11879634;0;1;0;0.0;1;0;1.0;0.0
11879894;1;3;0;3.0;1;4;0.0;4.0
1188068;2;2;8;14.0;1;12;7.0;5.0
11881767;1;1;0;0.0;1;0;2.0;0.0
1188389;1;1;0;0.0;1;0;2.0;0.0
11887868;1;1;0;0.0;1;0;2.0;0.0
11888000;2;5;0;7.0;1;7;0.0;7.0
11889302;5;5;0;7.0;1;10;0.0;10.0
11895913;5;14;4;22.0;1;19;0.0;23.0
11898978;0;2;0;2.0;2;2;2.0;0.0
11899408;3;3;1;2.0;1;4;7.0;0.0
11899558;7;12;6;24.0;1;26;0.0;25.0
11899609;1;1;1;0.0;1;0;3.0;0.0
11900502;12;17;4;28.0;1;30;0.0;33.0
1190095;1;0;0;1.0;1;2;1.0;0.0
11902200;2;0;0;2.0;1;2;2.0;0.0
11903597;45;0;3;4.0;1;6;0.0;48.0
11904416;1;0;0;0.0;1;0;1.0;0.0
11904859;0;0;4;4.0;1;4;0.0;4.0
1190664;1;1;1;0.0;1;0;3.0;0.0
1190718;0;3;5;8.0;1;8;0.0;8.0
11907231;8;31;19;59.0;1;22;0.0;58.0
11907332;24;3;3;8.0;1;15;5.0;25.0
11908760;0;5;2;7.0;1;7;0.0;7.0
11909281;2;0;0;0.0;1;1;2.0;0.0
11912072;0;11;6;18.0;1;18;0.0;17.0
11912988;1;1;0;0.0;1;0;2.0;0.0
11913559;2;22;19;45.0;1;18;2.0;41.0
11913857;26;27;16;55.0;1;31;0.0;69.0
11914221;3;3;0;1.0;3;3;6.0;0.0
11915800;2;0;0;2.0;1;2;2.0;0.0
11918463;1;2;1;1.0;1;1;4.0;0.0
11928615;6;0;0;0.0;1;6;0.0;6.0
11929168;0;0;2;2.0;1;2;2.0;0.0
11930233;0;5;0;6.0;1;6;0.0;5.0
11930633;4;5;3;7.0;1;8;12.0;0.0
11931594;1;0;1;0.0;1;1;2.0;0.0
11932561;7;0;0;0.0;1;7;0.0;7.0
11932815;1;1;0;0.0;1;0;2.0;0.0
11933918;1;0;0;0.0;1;0;1.0;0.0
1193421;7;8;5;15.0;1;19;16.0;4.0
119372;1;0;0;0.0;1;0;1.0;0.0
11938906;6;0;0;5.0;1;6;0.0;6.0
11939286;11;5;4;15.0;1;15;5.0;15.0
11939316;1;3;10;14.0;1;12;4.0;10.0
11942516;9;1;3;3.0;1;10;8.0;5.0
1194275;0;1;0;1.0;1;1;1.0;0.0
11943619;2;1;0;1.0;2;1;3.0;0.0
11943985;3;0;0;1.0;1;2;3.0;0.0
11944434;2;7;7;13.0;1;13;4.0;12.0
11945869;6;0;0;0.0;1;6;0.0;6.0
11946298;1;1;0;0.0;1;0;2.0;0.0
11955135;7;1;1;1.0;3;8;3.0;6.0
1195526;19;3;0;13.0;1;17;7.0;15.0
1195812;9;12;7;25.0;1;28;0.0;28.0
11958943;20;13;6;26.0;1;31;1.0;38.0
11960460;1;3;0;2.0;1;3;0.0;4.0
11961145;7;9;5;18.0;1;21;5.0;16.0
11966585;2;4;0;2.0;1;2;6.0;0.0
1196664;5;0;0;5.0;1;3;1.0;4.0
11966892;0;1;1;1.0;2;1;2.0;0.0
11967107;15;21;0;31.0;1;18;0.0;36.0
11969488;1;19;23;45.0;2;14;2.0;41.0
11969530;2;8;2;6.0;1;6;7.0;5.0
11969592;1;1;1;0.0;1;0;3.0;0.0
11970971;2;10;0;9.0;1;10;4.0;8.0
11971162;11;18;0;25.0;1;16;6.0;23.0
11971414;7;8;1;12.0;1;12;4.0;12.0
11971473;1;7;8;18.0;1;11;2.0;14.0
11971637;1;1;1;1.0;1;1;3.0;0.0
11972224;1;0;0;0.0;1;0;1.0;0.0
11975275;7;8;0;8.0;1;10;0.0;15.0
11976841;13;2;0;6.0;1;12;2.0;13.0
11980159;2;0;0;0.0;1;0;2.0;0.0
1198476;0;0;0;0.0;2;0;0.0;0.0
1198827;5;0;0;0.0;1;5;0.0;5.0
1199065;0;1;5;6.0;1;6;0.0;6.0
11991250;1;4;3;7.0;1;7;2.0;6.0
11991317;4;1;0;1.0;1;5;2.0;3.0
11991615;12;12;6;24.0;1;31;0.0;30.0
11991813;1;2;1;2.0;2;2;4.0;0.0
11992769;1;1;0;1.0;1;1;2.0;0.0
11998348;2;22;5;30.0;1;14;3.0;26.0
11998921;16;10;8;24.0;1;30;2.0;32.0
11999224;11;1;0;6.0;2;9;12.0;0.0
11999366;12;13;9;29.0;3;32;1.0;33.0
11999388;0;18;12;31.0;1;16;0.0;30.0
12002989;0;4;0;4.0;1;4;0.0;4.0
12003983;5;8;1;12.0;1;10;3.0;11.0
1200574;2;1;0;1.0;3;1;3.0;0.0
12006338;28;3;0;14.0;1;15;0.0;31.0
12009469;2;11;5;17.0;1;17;3.0;15.0
1201002;2;2;0;1.0;1;1;4.0;0.0
12011409;1;0;1;0.0;1;0;2.0;0.0
12014011;1;4;2;7.0;1;7;2.0;5.0
120171;22;5;3;14.0;1;23;4.0;26.0
12021992;4;10;5;20.0;1;21;15.0;4.0
12023257;5;3;1;2.0;1;6;9.0;0.0
12023299;1;1;1;0.0;1;0;3.0;0.0
12023509;1;9;3;14.0;1;14;6.0;7.0
12023853;5;11;6;23.0;1;21;0.0;22.0
12025443;12;17;10;31.0;1;31;2.0;37.0
12025577;17;0;0;9.0;2;14;0.0;17.0
12025637;12;12;6;24.0;1;31;0.0;30.0
12026060;3;4;2;6.0;1;8;9.0;0.0
12026158;12;5;6;16.0;1;23;0.0;23.0
12027678;12;0;1;1.0;1;5;0.0;13.0
12028042;1;0;0;0.0;1;1;1.0;0.0
12029504;27;14;9;32.0;3;50;5.0;45.0
12029762;1;2;1;1.0;1;1;4.0;0.0
12032207;2;2;1;2.0;3;2;5.0;0.0
12033659;0;1;0;0.0;2;0;1.0;0.0
12034315;5;7;3;13.0;3;16;15.0;0.0
12034346;1;3;1;3.0;1;3;5.0;0.0
12034664;1;1;0;0.0;1;0;2.0;0.0
12035111;5;14;8;26.0;1;23;3.0;24.0
12036845;0;10;6;17.0;1;17;0.0;16.0
12037090;0;1;0;1.0;1;1;1.0;0.0
12037647;0;4;0;3.0;1;3;4.0;0.0
12038565;0;1;0;1.0;1;1;1.0;0.0
12039446;0;6;0;6.0;1;4;0.0;6.0
12041397;12;5;0;10.0;1;17;0.0;17.0
12041986;1;1;1;0.0;1;0;3.0;0.0
12044201;2;2;0;1.0;2;1;4.0;0.0
12045160;3;0;1;2.0;1;5;0.0;4.0
12053388;0;2;4;7.0;1;7;0.0;6.0
12053690;1;2;1;0.0;1;0;4.0;0.0
12055022;3;1;4;9.0;1;9;0.0;8.0
12055349;16;20;0;28.0;1;22;2.0;34.0
12056010;2;1;2;0.0;1;2;5.0;0.0
12057937;1;1;0;0.0;1;0;2.0;0.0
12058504;13;12;6;24.0;1;31;0.0;31.0
12058854;2;3;0;5.0;1;5;0.0;5.0
12058945;0;2;2;5.0;1;5;0.0;4.0
12058980;0;2;1;3.0;1;2;0.0;3.0
12059402;0;7;6;13.0;1;13;0.0;13.0
12060361;2;5;1;5.0;1;5;8.0;0.0
12060693;2;49;22;74.0;1;21;0.0;73.0
12061378;2;4;0;4.0;2;6;0.0;6.0
12061477;0;0;7;9.0;1;7;0.0;7.0
12064478;10;0;0;2.0;1;8;0.0;10.0
12064849;8;6;2;13.0;1;18;16.0;0.0
12065042;1;2;0;0.0;1;0;3.0;0.0
12068013;0;4;6;11.0;1;11;0.0;10.0
12068304;4;0;0;0.0;1;2;0.0;4.0
12069524;16;2;2;6.0;2;16;11.0;9.0
12069700;0;2;7;9.0;1;8;0.0;9.0
12070375;10;11;5;19.0;1;26;1.0;25.0
12072564;8;12;6;24.0;1;27;0.0;26.0
12073689;0;3;3;5.0;1;5;2.0;4.0
12074090;12;13;6;25.0;1;31;0.0;31.0
12074150;7;3;0;2.0;1;6;6.0;4.0
12074976;12;4;0;9.0;1;16;0.0;16.0
120755;6;6;2;8.0;1;11;10.0;4.0
12075759;3;0;0;0.0;3;0;3.0;0.0
12084631;7;31;0;35.0;1;15;3.0;35.0
12084731;0;1;0;0.0;1;0;1.0;0.0
12085157;21;7;7;26.0;1;25;0.0;35.0
12085652;5;10;9;20.0;1;20;7.0;17.0
12085946;0;4;1;5.0;1;5;0.0;5.0
12085980;1;1;0;0.0;1;0;2.0;0.0
12085990;1;0;0;0.0;3;0;1.0;0.0
12086135;24;55;11;77.0;1;35;5.0;85.0
12087645;1;0;0;0.0;1;0;1.0;0.0
12089735;0;2;5;7.0;1;7;1.0;6.0
12090899;1;1;0;0.0;1;0;2.0;0.0
12091964;3;2;1;5.0;1;6;6.0;0.0
12092139;0;1;1;1.0;1;1;2.0;0.0
12092252;21;1;1;6.0;1;11;0.0;23.0
12092310;1;0;0;1.0;1;1;1.0;0.0
12094489;13;16;7;34.0;1;25;1.0;35.0
12094867;37;43;8;67.0;1;45;18.0;70.0
12094893;1;0;0;0.0;1;0;1.0;0.0
1209679;24;24;12;48.0;1;32;0.0;60.0
12097538;5;7;2;12.0;2;13;14.0;0.0
12097550;3;0;0;0.0;1;0;3.0;0.0
12097709;17;1;0;6.0;1;13;0.0;18.0
12097739;0;0;0;0.0;2;0;0.0;0.0
12097811;12;1;0;6.0;1;13;0.0;13.0
12098161;14;7;0;16.0;1;14;0.0;21.0
12099897;4;6;0;5.0;1;8;7.0;3.0
12100055;1;1;0;0.0;1;0;2.0;0.0
12100118;0;1;1;0.0;1;0;2.0;0.0
12100423;18;14;15;43.0;1;41;19.0;28.0
12101669;1;3;3;5.0;1;6;7.0;0.0
12102678;12;1;0;6.0;1;13;0.0;13.0
12103602;0;16;15;36.0;1;19;0.0;31.0
12104860;1;1;8;10.0;1;8;3.0;7.0
12106486;1;14;10;24.0;1;17;2.0;23.0
12107851;6;8;36;50.0;1;15;0.0;50.0
12107929;1;1;1;0.0;1;0;3.0;0.0
12118534;7;13;10;31.0;1;25;0.0;30.0
12120413;4;3;0;4.0;1;7;0.0;7.0
12121645;6;6;0;10.0;1;12;12.0;0.0
12123229;12;12;6;24.0;1;31;0.0;30.0
12125076;1;0;0;0.0;1;0;1.0;0.0
12125402;2;1;0;1.0;1;2;3.0;0.0
12125894;0;11;9;20.0;1;15;0.0;20.0
12126248;0;0;1;0.0;1;0;1.0;0.0
12128430;0;0;1;1.0;1;1;1.0;0.0
12130515;6;5;1;9.0;1;11;0.0;12.0
12130516;6;15;8;26.0;1;25;2.0;27.0
12130546;7;0;0;2.0;1;7;7.0;0.0
12132415;12;1;0;6.0;1;13;0.0;13.0
12132776;19;4;0;9.0;1;16;0.0;23.0
12133376;0;0;3;5.0;1;3;0.0;3.0
12133614;3;17;13;31.0;1;17;5.0;28.0
12135949;1;1;0;0.0;1;0;2.0;0.0
12137446;8;5;0;4.0;1;11;4.0;9.0
12137743;6;0;1;0.0;1;5;2.0;5.0
12139775;2;1;2;1.0;1;1;5.0;0.0
1214116;2;10;20;35.0;1;18;0.0;32.0
12149458;6;3;11;18.0;1;17;0.0;20.0
12149637;1;7;2;9.0;1;10;0.0;10.0
12149939;9;21;19;54.0;1;27;0.0;49.0
12150162;13;0;1;3.0;1;9;0.0;14.0
12151735;2;1;4;7.0;1;7;1.0;6.0
12152171;0;7;16;23.0;1;8;0.0;23.0
12153448;4;0;0;0.0;1;4;0.0;4.0
12154222;1;0;0;1.0;1;1;1.0;0.0
12154685;2;1;0;0.0;1;1;3.0;0.0
12155469;6;4;6;8.0;1;13;8.0;8.0
12156438;0;11;0;11.0;1;11;0.0;11.0
12157356;16;6;1;13.0;1;14;2.0;21.0
12157361;7;5;5;13.0;1;19;13.0;4.0
12158526;6;9;0;15.0;1;14;0.0;15.0
12160903;7;0;0;0.0;1;7;0.0;7.0
12160945;0;11;0;11.0;1;11;0.0;11.0
12162667;4;17;0;18.0;1;12;2.0;19.0
12163834;2;1;1;0.0;1;1;4.0;0.0
12163840;34;2;0;7.0;2;13;5.0;31.0
12164020;2;10;2;17.0;1;17;14.0;0.0
12164098;1;1;0;1.0;1;1;2.0;0.0
12164103;49;27;7;49.0;1;43;18.0;65.0
12166266;3;2;1;4.0;1;4;6.0;0.0
12167977;0;1;1;0.0;1;0;2.0;0.0
12168280;3;0;0;2.0;1;2;3.0;0.0
12168542;6;1;0;1.0;1;4;3.0;4.0
12169931;3;13;0;12.0;1;14;5.0;11.0
12170345;4;8;0;10.0;1;12;12.0;0.0
12171029;7;5;3;6.0;1;11;9.0;6.0
12171307;3;2;1;1.0;1;2;6.0;0.0
121723;8;21;12;39.0;1;26;10.0;31.0
12175635;7;15;14;38.0;1;27;10.0;26.0
12181582;0;6;0;6.0;1;6;0.0;6.0
12182744;24;24;12;48.0;1;31;0.0;60.0
12183044;3;3;6;10.0;1;13;0.0;12.0
12186;2;3;0;1.0;2;1;5.0;0.0
1218818;2;2;1;3.0;1;3;5.0;0.0
12188909;3;6;0;7.0;1;7;2.0;7.0
12190516;1;1;0;0.0;1;0;2.0;0.0
12191046;0;7;1;8.0;1;8;0.0;8.0
12191058;9;0;0;2.0;1;9;0.0;9.0
12191152;5;1;0;3.0;1;4;6.0;0.0
12191489;18;4;2;8.0;1;16;8.0;16.0
12192124;1;2;0;0.0;1;0;3.0;0.0
12192413;5;6;0;7.0;1;9;6.0;5.0
12192671;0;4;0;4.0;1;4;0.0;4.0
12192773;1;1;1;0.0;1;0;3.0;0.0
12195574;0;3;0;4.0;6;4;3.0;0.0
12195973;2;7;11;18.0;1;18;11.0;9.0
12196575;4;5;7;15.0;1;15;8.0;8.0
12197855;1;1;1;0.0;1;1;3.0;0.0
12197908;0;1;0;1.0;1;1;1.0;0.0
12198058;9;0;0;3.0;1;9;0.0;9.0
12199547;1;1;0;0.0;1;0;2.0;0.0
1220065;4;1;3;5.0;1;7;4.0;4.0
12201412;11;13;0;18.0;1;21;0.0;24.0
12202036;5;5;0;10.0;1;10;0.0;10.0
12202647;0;0;4;5.0;1;5;0.0;4.0
12204713;5;0;0;0.0;1;4;0.0;5.0
12205623;6;12;6;24.0;1;25;0.0;24.0
12210301;14;8;0;8.0;3;17;0.0;22.0
12210381;8;7;0;13.0;1;12;2.0;13.0
12213702;12;2;0;10.0;1;11;0.0;14.0
12214418;7;5;3;7.0;4;10;15.0;0.0
12214502;46;11;24;56.0;1;28;0.0;81.0
1221470;14;13;6;24.0;2;31;4.0;29.0
12216073;14;7;3;18.0;1;20;13.0;11.0
12216105;12;7;0;12.0;1;19;0.0;19.0
12216202;36;36;18;72.0;1;32;0.0;90.0
12216644;12;4;0;9.0;1;16;0.0;16.0
12217668;1;2;0;0.0;2;0;3.0;0.0
1221836;12;12;4;20.0;1;27;2.0;26.0
12220099;4;0;0;3.0;1;5;0.0;4.0
12220189;1;1;0;0.0;1;0;2.0;0.0
12221117;0;1;1;1.0;1;1;2.0;0.0
12224630;0;0;3;10.0;1;2;0.0;3.0
12224852;1;0;0;0.0;1;0;1.0;0.0
12225084;5;0;1;2.0;1;4;6.0;0.0
12225259;6;13;0;17.0;1;16;2.0;17.0
12225981;0;1;6;8.0;1;8;0.0;7.0
12226088;22;1;1;3.0;1;14;8.0;16.0
12226930;2;5;3;8.0;2;8;6.0;4.0
12227006;10;23;8;38.0;1;28;14.0;27.0
12227192;1;3;0;4.0;1;4;0.0;4.0
12227351;5;5;2;4.0;1;8;12.0;0.0
122274;1;1;0;0.0;1;0;2.0;0.0
12231462;40;18;7;30.0;2;33;8.0;57.0
12232898;0;0;0;0.0;1;0;0.0;0.0
12234814;2;2;0;1.0;1;1;4.0;0.0
12235983;4;5;4;7.0;1;7;13.0;0.0
12236047;1;4;2;5.0;1;5;7.0;0.0
12238090;1;1;0;0.0;1;0;2.0;0.0
1223828;0;1;0;0.0;1;0;1.0;0.0
1224701;0;0;3;4.0;1;4;3.0;0.0
1224816;7;0;0;7.0;1;3;0.0;7.0
12249579;6;2;0;3.0;1;7;2.0;6.0
12251271;10;4;2;4.0;1;9;2.0;14.0
12252082;2;7;11;16.0;2;14;7.0;13.0
12252726;6;4;0;5.0;1;7;2.0;8.0
12252915;13;13;22;47.0;4;45;6.0;42.0
12254682;6;16;0;22.0;1;11;0.0;22.0
12255180;6;9;0;14.0;1;14;1.0;14.0
12255181;5;0;0;5.0;1;5;0.0;5.0
12256922;2;5;0;6.0;1;7;0.0;7.0
12257142;0;6;0;4.0;1;4;2.0;4.0
12257191;4;7;0;9.0;1;10;2.0;9.0
12257462;0;0;1;1.0;1;1;1.0;0.0
12258038;3;8;0;11.0;1;11;0.0;11.0
12259777;1;1;0;0.0;1;0;2.0;0.0
12259986;4;10;0;12.0;1;12;2.0;12.0
12262806;37;26;0;51.0;1;18;0.0;63.0
12264904;7;0;0;0.0;1;7;0.0;7.0
1226505;0;1;0;0.0;1;0;1.0;0.0
12265582;10;12;4;19.0;1;24;6.0;20.0
12266279;24;14;6;31.0;1;31;0.0;44.0
12266925;0;1;0;0.0;1;0;1.0;0.0
12267171;5;5;0;8.0;2;4;10.0;0.0
12268018;0;1;0;0.0;1;0;1.0;0.0
12268432;3;1;1;0.0;1;0;5.0;0.0
12270086;19;4;0;13.0;1;14;0.0;23.0
12270373;6;4;2;7.0;1;12;12.0;0.0
12270483;1;2;0;2.0;1;2;3.0;0.0
12271518;0;2;0;0.0;1;0;2.0;0.0
12272211;2;7;3;8.0;1;9;8.0;4.0
12272331;0;1;1;2.0;1;2;2.0;0.0
12273024;6;0;0;3.0;1;6;0.0;6.0
12273563;3;7;11;23.0;1;19;11.0;10.0
12273818;1;1;1;0.0;1;0;3.0;0.0
12282518;5;0;0;0.0;1;1;0.0;5.0
12283096;2;1;2;1.0;1;2;5.0;0.0
12283443;12;12;6;24.0;1;31;0.0;30.0
12285587;3;3;1;2.0;1;4;7.0;0.0
12285746;4;4;2;5.0;1;6;10.0;0.0
1228764;1;1;1;0.0;1;0;3.0;0.0
12288654;12;12;6;24.0;1;31;0.0;30.0
12291064;0;7;6;14.0;1;14;0.0;13.0
12291190;6;0;2;3.0;1;9;0.0;8.0
12291716;8;7;6;18.0;1;19;10.0;11.0
12291857;2;2;2;2.0;1;2;6.0;0.0
12291931;15;15;4;23.0;3;32;22.0;12.0
12292273;4;0;0;0.0;1;4;0.0;4.0
12293411;0;12;25;39.0;1;15;3.0;34.0
12293642;5;0;0;6.0;1;3;0.0;5.0
12293761;6;2;12;19.0;1;16;7.0;13.0
12293937;12;0;0;5.0;1;12;0.0;12.0
12295235;4;0;0;0.0;1;4;0.0;4.0
12295728;4;25;34;60.0;2;18;8.0;55.0
12296063;0;1;0;0.0;1;0;1.0;0.0
12296329;11;13;6;23.0;1;28;3.0;27.0
12296564;16;10;10;26.0;1;22;0.0;36.0
12298291;3;0;0;1.0;1;2;3.0;0.0
12298435;1;1;0;0.0;1;0;2.0;0.0
12298556;8;11;10;23.0;1;29;21.0;8.0
12299859;4;0;0;3.0;1;4;0.0;4.0
12299921;0;0;1;3.0;1;2;1.0;0.0
12300731;22;14;12;39.0;1;27;48.0;0.0
12303485;1;1;0;0.0;1;0;2.0;0.0
12304228;2;2;4;6.0;1;7;3.0;5.0
12305647;2;1;0;0.0;3;0;3.0;0.0
12306003;13;11;11;30.0;1;35;26.0;9.0
12315384;0;11;6;18.0;1;18;0.0;17.0
12315892;3;8;1;11.0;1;11;4.0;8.0
12315987;0;0;3;6.0;1;4;0.0;3.0
12316406;12;7;2;9.0;1;15;7.0;14.0
12317717;12;12;2;20.0;1;23;0.0;26.0
12317752;21;17;11;40.0;1;31;2.0;47.0
12320562;21;5;2;13.0;1;20;0.0;28.0
12320589;1;2;0;1.0;1;1;3.0;0.0
12321066;1;3;0;5.0;1;5;0.0;4.0
12321968;1;0;1;0.0;3;0;2.0;0.0
12322525;1;3;0;4.0;1;4;0.0;4.0
12322749;7;35;19;64.0;1;23;0.0;61.0
12324608;6;8;3;14.0;1;16;17.0;0.0
12325707;14;4;1;8.0;2;11;0.0;19.0
12326845;1;1;0;0.0;3;0;2.0;0.0
12327482;1;2;0;1.0;1;1;3.0;0.0
12328757;0;6;2;4.0;1;4;4.0;4.0
12330245;11;11;6;21.0;1;28;0.0;28.0
12332548;1;0;0;0.0;1;0;1.0;0.0
12333293;2;2;1;0.0;1;0;5.0;0.0
1233618;0;1;1;2.0;1;2;2.0;0.0
12336181;0;7;5;13.0;1;13;5.0;7.0
12336454;1;1;0;0.0;1;0;2.0;0.0
12336907;3;1;1;0.0;1;1;5.0;0.0
12343014;3;2;0;2.0;1;4;0.0;5.0
12350315;5;1;3;7.0;1;8;5.0;4.0
12350448;0;6;4;10.0;1;10;0.0;10.0
12351311;14;14;4;24.0;1;29;2.0;30.0
12351914;7;28;17;53.0;1;26;0.0;52.0
12352429;6;2;0;3.0;1;5;8.0;0.0
12354965;59;0;0;4.0;1;10;0.0;59.0
12356196;1;17;6;23.0;3;20;2.0;22.0
12356947;4;0;0;2.0;1;4;0.0;4.0
12357457;1;0;4;6.0;1;6;0.0;5.0
12357665;24;27;13;51.0;1;36;4.0;60.0
12360446;11;9;12;25.0;1;24;0.0;32.0
12360532;0;1;0;0.0;1;0;1.0;0.0
12362014;12;1;0;6.0;1;13;0.0;13.0
12363195;2;0;1;0.0;1;1;3.0;0.0
12363608;15;12;9;28.0;1;31;0.0;36.0
1236363;1;1;1;1.0;1;2;3.0;0.0
12366114;70;10;0;35.0;1;19;4.0;76.0
12368718;2;0;0;0.0;1;2;2.0;0.0
12368802;1;1;1;0.0;1;0;3.0;0.0
1237096;1;0;0;1.0;1;1;1.0;0.0
1237250;1;1;0;1.0;1;1;2.0;0.0
12372537;2;0;0;1.0;2;2;2.0;0.0
12374268;13;15;6;28.0;1;33;3.0;31.0
12375882;5;7;4;9.0;1;12;4.0;12.0
123854;3;5;0;9.0;1;9;0.0;8.0
1238695;2;0;0;0.0;1;0;2.0;0.0
12389483;2;11;6;18.0;1;20;0.0;19.0
12391226;19;20;5;38.0;1;41;25.0;19.0
123913;5;1;1;2.0;2;5;3.0;4.0
12392122;2;2;0;4.0;1;4;0.0;4.0
12392194;1;1;0;0.0;1;0;2.0;0.0
12394074;5;8;2;9.0;1;12;11.0;4.0
12397966;9;6;5;17.0;1;16;3.0;17.0
12398594;2;1;0;0.0;1;0;3.0;0.0
1239934;0;1;0;0.0;2;0;1.0;0.0
12400706;8;1;6;8.0;1;10;1.0;14.0
1240279;2;2;0;0.0;3;1;4.0;0.0
12403464;0;13;7;19.0;1;19;3.0;17.0
12405017;1;1;0;0.0;1;0;2.0;0.0
12405841;1;1;1;0.0;1;0;3.0;0.0
12407398;1;2;1;4.0;1;4;0.0;4.0
12409250;0;15;14;31.0;1;17;3.0;26.0
12409670;2;1;0;0.0;1;0;3.0;0.0
12411920;8;12;6;24.0;1;27;0.0;26.0
12412846;13;12;0;17.0;1;22;2.0;23.0
1241490;1;1;1;0.0;2;0;3.0;0.0
12422673;1;2;2;4.0;1;4;2.0;3.0
12423226;1;2;1;2.0;1;2;4.0;0.0
12424426;15;10;1;14.0;2;22;4.0;22.0
12425331;1;5;3;7.0;1;8;0.0;9.0
12426182;0;0;0;0.0;1;0;0.0;0.0
12427400;8;12;9;23.0;1;19;0.0;29.0
12429749;3;4;1;2.0;1;2;8.0;0.0
12429857;1;2;1;1.0;1;1;4.0;0.0
12430079;1;1;5;5.0;1;5;2.0;5.0
12431239;1;0;0;0.0;1;0;1.0;0.0
12435128;6;17;12;34.0;1;22;3.0;32.0
1243869;0;2;1;2.0;5;2;3.0;0.0
12439458;3;29;21;54.0;1;24;5.0;48.0
12439535;7;19;2;28.0;1;18;2.0;26.0
12439651;11;28;16;54.0;1;42;20.0;35.0
12440008;1;1;0;0.0;1;1;2.0;0.0
12440025;1;6;2;8.0;1;8;6.0;3.0
12440953;5;2;2;6.0;1;10;5.0;4.0
12441483;4;4;2;6.0;1;7;10.0;0.0
12441594;15;23;12;46.0;1;31;0.0;50.0
12445089;0;2;4;6.0;1;6;0.0;6.0
12445342;16;37;20;74.0;1;26;0.0;73.0
124456;2;0;1;2.0;1;2;3.0;0.0
12446058;1;5;15;22.0;1;10;2.0;19.0
12448235;1;2;0;1.0;1;2;3.0;0.0
12448636;1;0;0;0.0;1;0;1.0;0.0
12448728;0;2;1;0.0;1;0;3.0;0.0
124529;7;1;2;3.0;1;10;0.0;10.0
12457795;3;1;0;1.0;1;1;4.0;0.0
12458407;30;14;3;24.0;1;29;10.0;37.0
12458567;1;2;0;0.0;1;0;3.0;0.0
12461130;5;0;0;0.0;1;5;0.0;5.0
12461745;1;1;0;0.0;1;0;2.0;0.0
12461971;4;1;0;2.0;1;4;5.0;0.0
12463603;0;0;7;9.0;1;5;0.0;7.0
12464511;10;0;9;14.0;1;16;0.0;19.0
12464567;1;1;0;0.0;1;0;2.0;0.0
12464595;18;14;11;31.0;1;27;6.0;37.0
12464694;1;1;0;0.0;2;1;2.0;0.0
12464799;4;0;1;2.0;1;6;0.0;5.0
12465084;0;1;1;2.0;2;2;2.0;0.0
12465483;15;1;0;4.0;1;11;0.0;16.0
12466954;14;11;4;22.0;1;24;23.0;6.0
12467449;0;1;0;1.0;1;1;1.0;0.0
12467706;30;2;1;13.0;1;18;4.0;29.0
12470556;3;3;0;6.0;1;6;0.0;6.0
12470675;0;9;0;9.0;1;4;0.0;9.0
12471040;3;1;0;0.0;1;0;4.0;0.0
12471045;0;2;0;2.0;1;2;2.0;0.0
12471361;13;12;8;27.0;1;31;0.0;33.0
12471377;8;6;0;12.0;2;15;0.0;14.0
12471408;2;1;1;1.0;1;1;4.0;0.0
12471526;0;1;1;1.0;1;1;2.0;0.0
12471802;21;27;12;50.0;1;34;2.0;58.0
12471942;3;6;6;12.0;1;9;0.0;15.0
12472240;1;1;0;0.0;1;0;2.0;0.0
12475132;1;3;0;2.0;1;2;4.0;0.0
12475413;0;12;2;15.0;3;10;5.0;9.0
1247570;0;5;15;29.0;1;12;0.0;20.0
12475831;0;1;3;4.0;1;3;0.0;4.0
12475879;1;0;0;0.0;1;0;1.0;0.0
12475927;0;7;1;7.0;1;7;8.0;0.0
12481386;0;1;8;14.0;1;8;0.0;9.0
12483487;1;0;0;0.0;1;1;0.0;1.0
1248730;7;0;0;0.0;1;6;0.0;7.0
1249089;3;2;14;20.0;1;12;0.0;19.0
1249142;2;2;0;0.0;1;1;4.0;0.0
12493517;2;0;0;0.0;1;1;2.0;0.0
12493816;0;1;2;5.0;1;5;0.0;3.0
12494036;2;4;6;11.0;1;12;2.0;10.0
12495772;4;15;4;19.0;1;17;6.0;17.0
12495989;2;3;7;9.0;1;10;6.0;6.0
12496395;10;0;0;3.0;1;10;0.0;10.0
12497037;12;2;0;7.0;1;14;0.0;14.0
12497176;0;1;0;0.0;1;0;1.0;0.0
1249779;9;2;0;1.0;4;5;5.0;6.0
12499533;6;0;0;4.0;1;6;0.0;6.0
12499784;7;3;0;8.0;1;11;0.0;10.0
12499845;10;7;0;12.0;1;16;5.0;12.0
12501452;12;12;6;24.0;1;31;0.0;30.0
12505319;1;1;2;1.0;1;1;4.0;0.0
12505808;2;4;0;4.0;1;5;0.0;6.0
12505830;1;0;0;0.0;1;1;1.0;0.0
12506071;1;1;0;1.0;1;2;2.0;0.0
12506259;1;0;0;0.0;1;0;1.0;0.0
12506727;32;56;34;106.0;1;37;7.0;115.0
12506749;0;0;5;8.0;1;4;0.0;5.0
12507155;9;0;0;2.0;1;9;0.0;9.0
1250765;5;6;3;12.0;1;14;14.0;0.0
12507996;5;12;0;14.0;1;17;0.0;17.0
12509677;0;0;0;0.0;1;0;0.0;0.0
12511487;12;5;0;16.0;1;8;2.0;15.0
12513984;0;1;0;0.0;1;0;1.0;0.0
12513994;12;12;6;24.0;1;31;0.0;30.0
12514673;11;1;3;10.0;1;16;0.0;15.0
12515096;3;3;1;4.0;1;4;7.0;0.0
12517395;20;1;0;7.0;1;13;0.0;21.0
12517650;12;6;0;10.0;1;17;0.0;18.0
12518066;3;19;7;29.0;1;21;0.0;29.0
12518598;0;4;0;4.0;1;3;0.0;4.0
12519195;1;3;5;8.0;1;9;0.0;9.0
12519945;12;0;0;5.0;1;11;0.0;12.0
12520223;26;3;1;10.0;1;15;4.0;26.0
12521050;12;12;6;24.0;1;31;0.0;30.0
12530820;7;38;17;64.0;2;39;5.0;57.0
12531962;12;5;0;10.0;1;17;0.0;17.0
1253204;19;19;18;53.0;4;30;56.0;0.0
12532690;12;12;6;24.0;1;31;0.0;30.0
12533177;3;2;1;6.0;1;6;0.0;6.0
1253336;2;1;1;0.0;2;0;4.0;0.0
12533493;4;12;9;26.0;1;18;0.0;25.0
12533625;15;18;7;30.0;1;28;2.0;38.0
12533644;18;0;0;9.0;1;8;0.0;18.0
12534064;4;8;8;20.0;1;21;12.0;8.0
12534071;1;6;7;13.0;1;13;7.0;7.0
12535818;1;1;0;0.0;1;0;2.0;0.0
12536014;2;0;0;0.0;1;2;2.0;0.0
12536230;4;0;0;0.0;1;4;0.0;4.0
12537449;2;11;14;27.0;1;17;6.0;21.0
12539282;3;3;0;3.0;1;5;6.0;0.0
1253953;10;0;0;5.0;1;9;4.0;6.0
12539711;0;7;18;28.0;1;10;0.0;25.0
12539881;14;2;0;12.0;1;9;0.0;16.0
12540720;6;2;0;7.0;1;8;0.0;8.0
12541268;6;4;5;11.0;1;13;11.0;4.0
12542646;1;0;0;0.0;1;0;1.0;0.0
12543353;30;12;6;31.0;1;31;0.0;48.0
12543377;12;12;6;24.0;1;31;0.0;30.0
12544083;1;1;0;0.0;1;0;2.0;0.0
12544137;23;12;1;22.0;1;25;0.0;36.0
12546636;1;3;3;4.0;3;4;7.0;0.0
12548386;0;2;0;2.0;1;2;2.0;0.0
12548588;12;4;8;18.0;1;16;3.0;21.0
12549514;0;1;0;1.0;1;1;1.0;0.0
12549712;11;19;10;35.0;2;35;13.0;27.0
12552460;2;4;2;5.0;1;6;8.0;0.0
12552831;2;0;0;0.0;1;0;2.0;0.0
12553385;0;12;6;18.0;1;9;0.0;18.0
12554018;11;10;12;28.0;1;24;0.0;33.0
12556923;7;2;1;8.0;1;8;7.0;3.0
12557685;12;0;0;5.0;1;12;0.0;12.0
1256501;2;1;0;0.0;1;1;3.0;0.0
125666;0;1;1;0.0;2;0;2.0;0.0
1257139;14;3;0;16.0;1;8;2.0;15.0
12572918;12;12;6;24.0;1;31;0.0;30.0
12573018;12;8;0;13.0;1;20;0.0;20.0
12573408;44;19;9;58.0;1;25;9.0;63.0
12573456;16;23;0;30.0;1;23;9.0;30.0
12574232;12;12;6;24.0;1;31;0.0;30.0
12574821;1;0;0;0.0;2;1;1.0;0.0
12575766;2;2;7;10.0;1;12;3.0;8.0
12577699;5;2;1;6.0;1;7;0.0;8.0
1257997;2;1;0;1.0;3;1;3.0;0.0
12580119;0;4;5;9.0;1;7;0.0;9.0
1258020;0;1;0;0.0;1;0;1.0;0.0
12580812;12;12;6;24.0;1;31;0.0;30.0
12582165;0;14;7;22.0;1;20;3.0;18.0
12582632;1;1;0;1.0;1;1;2.0;0.0
12582740;14;14;7;27.0;1;33;4.0;31.0
12582838;22;3;5;18.0;1;18;1.0;29.0
1258459;2;0;0;0.0;1;1;2.0;0.0
12587256;1;1;0;0.0;1;0;2.0;0.0
12587544;3;2;1;2.0;1;4;6.0;0.0
12588011;8;0;0;3.0;1;7;1.0;7.0
12588374;11;10;10;23.0;1;26;24.0;7.0
12588616;4;7;6;13.0;1;14;0.0;17.0
125898;2;3;2;4.0;2;4;7.0;0.0
12591154;8;1;0;3.0;1;6;2.0;7.0
12591615;12;4;0;9.0;1;16;0.0;16.0
12591672;0;15;15;33.0;1;17;0.0;30.0
12591728;2;2;2;0.0;1;0;6.0;0.0
125922;0;3;20;26.0;1;8;0.0;23.0
12592556;1;2;0;1.0;1;1;3.0;0.0
12594163;1;1;0;1.0;1;1;2.0;0.0
12594457;12;12;6;24.0;1;31;0.0;30.0
1259504;4;2;0;0.0;1;1;6.0;0.0
12595670;20;9;2;22.0;1;19;0.0;31.0
12596410;7;0;0;0.0;1;5;0.0;7.0
12597725;18;10;0;16.0;1;23;4.0;24.0
12598181;0;6;6;13.0;1;13;0.0;12.0
12599337;6;3;0;3.0;1;7;0.0;9.0
12599807;0;0;4;5.0;1;5;0.0;4.0
12600140;0;8;1;11.0;1;11;0.0;9.0
12600268;2;0;0;0.0;1;1;2.0;0.0
1260565;4;2;0;6.0;1;6;0.0;6.0
12610224;12;12;3;20.0;1;27;0.0;27.0
12610733;0;0;6;7.0;1;4;0.0;6.0
12611020;0;1;0;0.0;1;0;1.0;0.0
12611385;12;12;6;24.0;1;31;0.0;30.0
12612684;2;3;8;11.0;1;9;7.0;6.0
12613109;5;13;5;19.0;1;18;16.0;7.0
12613225;2;1;0;0.0;2;0;3.0;0.0
12613457;0;0;4;5.0;1;3;0.0;4.0
12616919;9;9;8;20.0;2;24;0.0;26.0
12617625;2;3;1;4.0;1;5;0.0;6.0
12618794;1;1;0;1.0;1;1;2.0;0.0
12619105;4;1;5;7.0;1;11;0.0;10.0
12619202;5;0;0;1.0;1;3;0.0;5.0
12619463;1;3;1;3.0;1;3;5.0;0.0
12619701;0;1;1;0.0;1;0;2.0;0.0
1262014;0;0;7;10.0;1;4;0.0;7.0
12622175;4;5;0;9.0;1;9;3.0;6.0
12622944;5;13;1;14.0;1;17;0.0;19.0
12623294;0;1;0;1.0;1;1;1.0;0.0
12624025;0;5;6;12.0;1;12;0.0;11.0
12624492;13;1;0;7.0;1;13;0.0;14.0
12625413;3;0;0;3.0;1;4;0.0;3.0
12627763;2;1;1;3.0;1;4;0.0;4.0
12629966;3;0;0;1.0;3;2;3.0;0.0
12630288;4;0;0;0.0;1;4;0.0;4.0
1263367;1;0;1;2.0;3;2;2.0;0.0
12633966;0;3;5;8.0;1;8;0.0;8.0
12636653;7;5;4;8.0;5;12;16.0;0.0
12637143;1;1;0;1.0;1;2;2.0;0.0
1263988;3;13;6;17.0;3;14;5.0;17.0
1264127;1;2;1;4.0;1;5;0.0;4.0
1264674;24;12;6;29.0;1;31;0.0;42.0
12647755;12;12;6;24.0;1;31;0.0;30.0
12649470;4;3;0;5.0;1;7;0.0;7.0
12653148;24;9;0;13.0;1;20;2.0;31.0
12653771;15;12;5;23.0;1;30;0.0;32.0
12654071;8;15;5;22.0;1;24;11.0;17.0
1265452;0;3;8;11.0;1;4;0.0;11.0
12655186;11;9;0;14.0;1;20;0.0;20.0
12655246;5;0;0;0.0;1;4;0.0;5.0
12656130;0;1;0;1.0;1;1;1.0;0.0
12660415;4;1;0;4.0;1;4;1.0;4.0
12660619;20;1;0;3.0;2;10;0.0;21.0
12661128;4;1;0;2.0;1;3;5.0;0.0
12661227;19;2;13;18.0;1;19;4.0;30.0
1266161;12;12;5;22.0;1;29;0.0;29.0
12662159;0;6;1;6.0;1;6;0.0;7.0
12663773;3;4;1;6.0;1;6;3.0;5.0
12665596;12;3;0;8.0;1;15;0.0;15.0
12666055;23;6;0;14.0;1;15;0.0;29.0
12666131;4;0;0;1.0;1;5;0.0;4.0
12667211;4;12;7;23.0;1;23;0.0;23.0
12667312;2;2;1;1.0;2;1;5.0;0.0
12667543;0;4;0;4.0;1;4;0.0;4.0
12673163;0;1;1;0.0;1;0;2.0;0.0
12674077;5;0;0;3.0;1;5;0.0;5.0
12684769;0;7;0;8.0;1;6;0.0;7.0
12686405;0;3;1;1.0;1;1;4.0;0.0
12686528;1;6;0;7.0;1;7;0.0;7.0
1268737;2;2;0;1.0;3;2;4.0;0.0
12691869;1;3;2;4.0;1;5;6.0;0.0
12691980;2;0;0;0.0;1;0;2.0;0.0
12692238;12;44;30;84.0;1;34;0.0;86.0
12692392;13;27;9;45.0;1;32;5.0;44.0
12692583;5;0;0;0.0;1;5;0.0;5.0
12692652;21;1;5;6.0;1;9;0.0;27.0
12692849;1;5;2;6.0;1;6;8.0;0.0
1269299;0;2;0;1.0;1;1;2.0;0.0
12693152;3;1;0;1.0;1;1;4.0;0.0
12693250;0;0;5;6.0;1;6;0.0;5.0
12693319;3;1;1;4.0;1;7;5.0;0.0
12693752;1;1;1;0.0;1;1;3.0;0.0
12693882;5;0;1;2.0;1;6;1.0;5.0
12693944;0;2;3;5.0;1;5;0.0;5.0
12694360;4;1;0;1.0;1;3;5.0;0.0
12694888;12;9;2;16.0;1;22;11.0;12.0
12695236;1;2;2;4.0;1;4;1.0;4.0
12695829;11;12;2;15.0;1;19;3.0;22.0
12697762;10;11;1;17.0;1;22;0.0;22.0
12697968;0;55;16;72.0;1;19;0.0;71.0
12697999;14;2;0;12.0;3;7;2.0;14.0
12698666;0;1;1;1.0;1;1;2.0;0.0
12698878;3;3;0;2.0;1;3;6.0;0.0
12700171;3;5;2;7.0;1;9;4.0;6.0
12700961;3;0;0;0.0;1;2;3.0;0.0
12701551;4;1;0;3.0;1;6;0.0;5.0
12701709;5;3;1;4.0;1;8;3.0;6.0
12707;1;1;0;0.0;1;0;2.0;0.0
1270821;7;8;3;12.0;1;15;18.0;0.0
12712646;8;13;2;17.0;2;19;17.0;6.0
12713483;1;1;0;0.0;1;1;2.0;0.0
12714814;16;22;7;39.0;1;31;0.0;45.0
1271948;1;5;1;8.0;1;8;7.0;0.0
1272586;0;0;1;2.0;2;2;1.0;0.0
12727341;0;0;11;15.0;1;6;0.0;11.0
12728189;1;0;0;1.0;1;1;1.0;0.0
12728819;6;10;21;34.0;3;24;7.0;30.0
1273017;2;4;0;6.0;1;6;2.0;4.0
12730194;2;3;0;1.0;1;1;5.0;0.0
12730285;2;9;6;15.0;1;16;2.0;15.0
1273389;12;1;0;6.0;1;13;0.0;13.0
1273600;2;1;0;2.0;1;2;3.0;0.0
12737300;1;3;4;8.0;1;6;8.0;0.0
12737920;9;12;6;24.0;1;28;0.0;27.0
12741162;3;2;2;1.0;1;2;7.0;0.0
12741732;14;15;12;33.0;1;33;4.0;37.0
12743417;6;5;0;9.0;1;9;11.0;0.0
12743486;0;2;0;0.0;1;0;2.0;0.0
12744797;0;1;1;0.0;1;0;2.0;0.0
12745474;8;12;1;18.0;2;16;4.0;17.0
12748395;1;2;0;1.0;1;1;3.0;0.0
12752747;2;1;0;0.0;1;1;3.0;0.0
12756280;0;0;5;6.0;1;6;0.0;5.0
12757711;5;0;0;1.0;1;4;1.0;4.0
12757744;1;0;0;0.0;1;0;1.0;0.0
12757896;9;10;0;15.0;1;19;0.0;19.0
12758677;14;12;6;24.0;1;31;1.0;31.0
12759523;4;0;0;0.0;1;4;0.0;4.0
12759845;0;3;9;15.0;1;8;0.0;12.0
12773826;9;3;0;10.0;1;6;4.0;8.0
12774360;5;14;13;30.0;1;24;12.0;20.0
12776677;16;9;12;25.0;1;22;1.0;36.0
12776708;6;4;0;8.0;1;10;0.0;10.0
12777557;6;3;0;6.0;1;9;0.0;9.0
12782987;12;23;12;43.0;1;31;0.0;47.0
1278332;2;11;6;17.0;2;14;6.0;13.0
1278837;2;0;2;3.0;1;5;1.0;3.0
1279104;2;3;0;6.0;1;6;5.0;0.0
1279219;6;8;6;17.0;4;18;20.0;0.0
12792257;31;29;11;56.0;1;35;2.0;69.0
12796491;15;11;3;15.0;2;20;6.0;23.0
12797014;0;4;0;3.0;1;3;4.0;0.0
12797037;0;2;0;2.0;1;1;2.0;0.0
128032;26;31;14;57.0;2;40;6.0;65.0
12805630;11;0;6;8.0;1;10;0.0;17.0
12805742;3;1;1;1.0;1;2;5.0;0.0
1280608;1;2;0;1.0;1;1;3.0;0.0
1280850;6;2;1;3.0;1;9;9.0;0.0
1281197;8;14;2;24.0;1;27;12.0;12.0
12826770;1;5;2;6.0;1;6;2.0;6.0
12843833;6;4;9;18.0;3;16;1.0;18.0
12843967;5;6;2;5.0;1;8;13.0;0.0
12844178;0;0;5;8.0;1;4;0.0;5.0
12844375;5;2;1;2.0;1;3;8.0;0.0
12848722;0;13;14;29.0;1;17;2.0;25.0
12850268;0;1;2;3.0;1;3;0.0;3.0
12851420;0;4;0;3.0;1;3;1.0;3.0
12855568;5;1;0;5.0;1;7;6.0;0.0
12865426;12;1;0;6.0;1;13;0.0;13.0
12865795;2;0;0;2.0;1;2;2.0;0.0
12869098;1;9;0;7.0;1;7;3.0;7.0
12869849;5;1;2;3.0;1;6;4.0;4.0
12873007;0;12;9;22.0;1;14;0.0;21.0
12873203;12;12;6;24.0;1;31;0.0;30.0
12873470;1;0;0;0.0;1;0;1.0;0.0
12873588;0;6;0;6.0;1;6;0.0;6.0
12874118;1;3;0;2.0;1;3;4.0;0.0
12876849;8;0;0;2.0;1;8;0.0;8.0
12876900;4;12;5;19.0;1;20;9.0;12.0
12877085;6;0;0;0.0;1;5;6.0;0.0
128792;22;2;2;4.0;3;10;5.0;21.0
12880814;6;0;0;3.0;1;6;1.0;5.0
12882417;1;1;0;1.0;3;2;2.0;0.0
12882715;12;12;6;25.0;1;31;0.0;30.0
12883766;8;12;6;26.0;1;27;0.0;26.0
12894634;2;3;3;6.0;1;8;4.0;4.0
12895004;3;3;2;5.0;1;5;8.0;0.0
12895053;1;1;0;0.0;1;0;2.0;0.0
12897276;1;1;0;0.0;1;0;2.0;0.0
12897504;3;1;0;0.0;1;2;4.0;0.0
12897544;3;5;2;6.0;1;7;10.0;0.0
12898839;1;0;0;0.0;1;0;1.0;0.0
12912517;14;2;5;16.0;1;15;9.0;12.0
12913962;3;2;0;4.0;2;5;0.0;5.0
12914425;3;8;1;11.0;1;11;3.0;9.0
12914856;5;0;0;3.0;1;5;0.0;5.0
12915843;6;1;0;4.0;1;5;2.0;5.0
12917088;0;2;10;20.0;1;5;0.0;12.0
12917107;2;1;0;2.0;1;2;3.0;0.0
12917400;0;0;0;0.0;1;0;0.0;0.0
12922306;0;5;0;6.0;1;6;0.0;5.0
12923148;10;1;0;1.0;1;6;1.0;10.0
12923301;6;11;2;15.0;1;17;19.0;0.0
12923604;2;11;0;13.0;1;13;0.0;13.0
12926754;0;1;1;0.0;1;0;2.0;0.0
12927178;25;4;9;17.0;1;18;0.0;38.0
12927237;1;0;0;1.0;1;1;1.0;0.0
12927525;12;12;6;24.0;1;31;0.0;30.0
12927540;21;24;12;51.0;1;27;4.0;53.0
12928001;2;1;1;0.0;1;0;4.0;0.0
12929018;4;3;0;4.0;1;7;7.0;0.0
12931475;12;13;7;28.0;2;33;1.0;31.0
1293230;2;1;1;0.0;1;0;4.0;0.0
12932939;15;1;0;9.0;1;13;0.0;16.0
12934037;7;51;12;71.0;1;20;0.0;70.0
12934306;0;2;5;6.0;1;6;1.0;6.0
12934864;0;1;2;2.0;1;2;3.0;0.0
12935748;12;0;0;5.0;1;12;0.0;12.0
12936013;4;18;38;66.0;2;21;11.0;49.0
12936122;11;7;0;17.0;1;12;0.0;18.0
12936821;10;8;0;11.0;1;15;2.0;16.0
12936972;0;4;7;11.0;1;10;2.0;9.0
12939940;5;3;0;7.0;1;8;2.0;6.0
12940296;1;3;0;2.0;3;2;4.0;0.0
12940844;8;4;1;5.0;1;8;0.0;13.0
12941223;0;5;2;8.0;1;8;7.0;0.0
12942870;9;3;0;5.0;1;10;6.0;6.0
12943675;2;13;2;15.0;1;9;0.0;17.0
12943796;12;13;5;24.0;1;30;0.0;30.0
12956635;12;6;0;11.0;1;18;0.0;18.0
1295799;0;1;1;2.0;2;2;2.0;0.0
12958690;4;2;2;2.0;1;2;8.0;0.0
12959039;5;30;7;39.0;4;20;2.0;40.0
12963112;3;38;16;57.0;1;21;5.0;52.0
12964593;3;7;0;8.0;1;9;5.0;5.0
12965238;16;19;0;30.0;1;20;2.0;33.0
12965372;1;1;0;0.0;1;0;2.0;0.0
12965568;0;12;6;20.0;2;18;3.0;15.0
12965807;17;8;0;23.0;1;13;0.0;25.0
12965848;1;1;1;0.0;1;0;3.0;0.0
12968251;5;6;4;9.0;1;13;1.0;14.0
12970663;17;46;46;110.0;1;46;69.0;40.0
12970879;1;1;1;1.0;1;1;3.0;0.0
12971442;2;1;0;1.0;2;1;3.0;0.0
12972844;2;3;5;9.0;1;11;10.0;0.0
12975275;1;1;0;0.0;1;0;2.0;0.0
12975562;24;24;12;48.0;1;32;0.0;60.0
12976490;5;0;6;7.0;1;12;0.0;11.0
12976492;4;4;1;5.0;1;10;0.0;9.0
12976717;1;2;0;2.0;2;2;3.0;0.0
12977647;2;10;6;17.0;1;19;0.0;18.0
12980472;12;12;2;19.0;1;26;0.0;26.0
12980568;1;0;0;1.0;1;1;1.0;0.0
12980784;16;2;0;8.0;1;16;4.0;14.0
12981091;1;2;0;0.0;1;0;3.0;0.0
12983070;2;4;6;10.0;1;12;6.0;6.0
12985346;30;35;13;67.0;1;32;0.0;78.0
129890;0;2;2;6.0;1;5;0.0;4.0
1299392;0;1;0;1.0;1;1;1.0;0.0
12994386;7;3;79;113.0;3;17;2.0;87.0
12994763;2;1;0;0.0;1;0;3.0;0.0
12996246;0;0;0;0.0;1;0;0.0;0.0
1299648;14;29;16;45.0;3;32;13.0;46.0
12996641;10;5;0;13.0;1;12;5.0;10.0
12997617;24;13;6;30.0;1;31;0.0;43.0
12997874;3;6;4;14.0;1;11;7.0;6.0
12998101;8;7;3;12.0;1;16;0.0;18.0
12998373;9;6;1;11.0;1;14;2.0;14.0
12999943;0;0;11;12.0;1;7;0.0;11.0
13002291;6;2;0;3.0;1;6;8.0;0.0
13002332;4;5;9;19.0;1;17;2.0;16.0
13002577;0;1;0;0.0;1;0;1.0;0.0
13005965;2;2;0;0.0;1;0;4.0;0.0
13006066;17;25;14;49.0;1;33;3.0;53.0
13007335;12;28;4;37.0;1;27;0.0;44.0
13008167;10;9;4;16.0;1;20;23.0;0.0
13008739;8;14;3;19.0;1;21;21.0;4.0
13008798;0;2;1;1.0;1;1;3.0;0.0
13009202;7;12;0;16.0;1;15;3.0;16.0
13011239;0;0;5;6.0;1;6;0.0;5.0
13012510;4;16;11;32.0;4;23;12.0;19.0
13012773;0;4;0;4.0;1;4;0.0;4.0
13012885;0;0;0;0.0;1;0;0.0;0.0
13013201;3;2;0;1.0;1;1;5.0;0.0
13013400;1;1;1;0.0;1;0;3.0;0.0
13013898;6;12;5;17.0;1;19;0.0;23.0
13013948;12;12;6;24.0;1;31;0.0;30.0
13014070;0;8;6;15.0;1;15;0.0;14.0
13016394;4;3;2;8.0;1;10;0.0;9.0
13016623;2;1;0;0.0;1;0;3.0;0.0
13016653;0;1;24;25.0;1;8;2.0;23.0
13017373;0;0;0;0.0;1;0;0.0;0.0
13018646;0;1;0;0.0;1;0;1.0;0.0
13019094;2;1;0;0.0;1;1;3.0;0.0
13019130;6;7;5;14.0;1;17;18.0;0.0
13019376;8;4;0;9.0;1;12;0.0;12.0
13029842;2;4;5;11.0;1;11;3.0;8.0
13030363;27;21;11;46.0;1;27;5.0;54.0
13030397;24;24;10;45.0;1;32;0.0;58.0
1303217;2;1;0;1.0;1;2;3.0;0.0
13032484;3;6;0;9.0;1;9;3.0;6.0
1303279;0;1;0;0.0;1;0;1.0;0.0
13033567;5;16;11;31.0;1;16;2.0;30.0
13035219;2;0;1;0.0;1;2;3.0;0.0
13036453;0;0;6;7.0;1;7;0.0;6.0
13037998;0;0;2;3.0;1;3;2.0;0.0
13038022;12;12;1;18.0;1;25;0.0;25.0
13038025;0;6;2;8.0;1;7;0.0;8.0
13038536;5;7;0;10.0;1;13;12.0;0.0
13038718;1;0;0;1.0;1;1;1.0;0.0
13039367;13;15;5;22.0;1;29;5.0;28.0
13039673;6;5;3;12.0;1;16;14.0;0.0
13040083;0;0;1;0.0;1;0;1.0;0.0
13041426;3;2;1;1.0;1;2;6.0;0.0
13042065;28;4;3;8.0;1;14;3.0;32.0
13042688;0;16;1;19.0;1;15;2.0;15.0
13044085;3;1;2;0.0;1;0;6.0;0.0
13044730;18;23;1;32.0;1;25;0.0;42.0
13046856;1;1;0;0.0;1;0;2.0;0.0
13047267;7;8;0;16.0;1;8;0.0;15.0
13048608;0;1;0;0.0;1;0;1.0;0.0
13048648;12;4;2;12.0;1;19;0.0;18.0
13048740;2;2;1;2.0;1;2;5.0;0.0
13049357;0;8;5;13.0;1;13;0.0;13.0
13049710;13;13;6;24.0;1;31;0.0;32.0
13049905;3;2;2;4.0;1;6;7.0;0.0
13049954;7;9;4;16.0;2;18;20.0;0.0
13050233;15;10;11;30.0;1;23;4.0;32.0
13051277;20;23;3;45.0;1;20;1.0;45.0
13055406;2;1;0;3.0;2;4;0.0;3.0
13055473;84;134;50;232.0;1;39;6.0;262.0
13056003;0;1;0;1.0;1;1;1.0;0.0
13057125;12;12;6;24.0;1;31;0.0;30.0
1306261;5;13;14;27.0;1;19;10.0;22.0
13066856;6;1;0;5.0;1;4;2.0;5.0
13066858;5;12;6;23.0;1;23;1.0;22.0
13067805;13;17;5;30.0;1;28;0.0;35.0
13068337;12;10;0;15.0;1;22;0.0;22.0
13068636;15;18;6;31.0;1;35;4.0;35.0
13068849;0;3;0;3.0;1;2;0.0;3.0
13069708;0;11;6;18.0;1;18;0.0;17.0
13070040;11;0;0;4.0;1;11;0.0;11.0
13070262;6;0;16;20.0;1;14;2.0;20.0
13070777;1;2;0;2.0;1;2;3.0;0.0
13071175;0;6;6;13.0;1;13;0.0;12.0
13073568;0;6;6;13.0;1;13;0.0;12.0
13074176;0;1;1;0.0;1;0;2.0;0.0
13075826;20;26;23;51.0;2;29;8.0;61.0
13076073;3;12;6;22.0;1;22;0.0;21.0
13076108;0;3;21;32.0;1;10;0.0;24.0
13076117;1;0;0;1.0;1;1;1.0;0.0
13076124;1;1;0;0.0;1;0;2.0;0.0
13076252;4;3;3;8.0;2;10;5.0;5.0
13076336;0;1;0;0.0;1;0;1.0;0.0
13076355;4;3;2;4.0;1;6;2.0;7.0
13076440;1;5;3;8.0;1;8;2.0;7.0
13076570;12;12;6;24.0;1;31;0.0;30.0
13076622;27;6;0;14.0;1;19;2.0;31.0
13077050;3;0;0;1.0;1;2;3.0;0.0
13079242;3;4;2;5.0;1;6;9.0;0.0
13080503;2;3;1;2.0;1;2;6.0;0.0
13081529;0;1;0;0.0;1;0;1.0;0.0
13081706;12;12;6;24.0;1;31;0.0;30.0
13082217;34;10;3;20.0;1;25;4.0;43.0
13083648;6;4;0;9.0;1;10;0.0;10.0
13084020;0;9;0;9.0;1;4;0.0;9.0
13085605;11;2;0;5.0;1;10;4.0;9.0
13087574;4;13;6;23.0;1;24;2.0;21.0
13088417;0;1;0;1.0;1;1;1.0;0.0
13089294;0;0;3;4.0;1;4;0.0;3.0
13090549;20;4;0;10.0;1;16;0.0;24.0
13090611;1;10;10;19.0;2;16;7.0;14.0
13092500;4;9;5;15.0;1;15;3.0;15.0
13093985;4;6;0;7.0;1;11;2.0;8.0
13094035;9;0;0;6.0;1;6;0.0;9.0
13094234;2;12;6;21.0;1;21;0.0;20.0
13094409;0;6;0;7.0;1;7;0.0;6.0
13094999;5;0;0;0.0;1;3;0.0;5.0
1310450;6;3;1;3.0;1;5;6.0;4.0
13108532;9;3;0;6.0;1;11;0.0;12.0
13108596;8;12;3;15.0;1;18;6.0;17.0
1310898;24;15;9;36.0;1;31;0.0;48.0
13109392;1;1;0;0.0;1;0;2.0;0.0
13109565;20;18;2;27.0;1;26;0.0;40.0
13109835;4;2;3;2.0;3;6;9.0;0.0
1311102;7;10;5;19.0;1;20;22.0;0.0
13111462;12;3;0;8.0;1;15;0.0;15.0
1311244;7;26;0;33.0;1;16;0.0;33.0
13112853;1;1;1;3.0;1;4;0.0;3.0
13113649;3;2;1;0.0;1;0;6.0;0.0
13113669;7;1;1;2.0;2;8;2.0;7.0
13114412;0;1;6;8.0;1;8;0.0;7.0
13115503;0;5;0;5.0;1;5;0.0;5.0
13117825;3;2;1;2.0;1;3;6.0;0.0
13118433;0;8;0;8.0;1;4;0.0;8.0
13119134;26;13;6;35.0;2;35;5.0;40.0
13119259;1;1;1;3.0;1;3;3.0;0.0
13119437;1;1;0;0.0;1;0;2.0;0.0
13120094;5;0;0;0.0;1;5;0.0;5.0
13120633;4;3;2;6.0;1;8;1.0;8.0
13120988;0;2;0;0.0;1;0;2.0;0.0
13123787;12;13;8;29.0;1;33;0.0;33.0
13123793;4;9;1;14.0;1;11;0.0;14.0
13124790;0;5;0;5.0;1;4;0.0;5.0
13124941;3;0;3;5.0;1;6;0.0;6.0
13126732;0;6;2;9.0;1;8;0.0;8.0
13126906;6;10;0;12.0;1;8;3.0;13.0
13127139;0;9;6;16.0;1;16;0.0;15.0
13129488;6;1;2;5.0;1;6;9.0;0.0
13134459;3;1;0;1.0;1;3;4.0;0.0
13134612;4;0;0;3.0;1;4;0.0;4.0
131347;0;1;2;2.0;2;2;3.0;0.0
1313679;3;3;0;2.0;1;4;2.0;4.0
1314292;2;1;0;1.0;1;1;3.0;0.0
131437;6;4;5;8.0;3;12;15.0;0.0
13146631;1;1;1;0.0;1;0;3.0;0.0
13151480;3;5;1;8.0;1;9;1.0;8.0
13152457;1;1;0;0.0;1;0;2.0;0.0
13152548;9;8;2;16.0;1;16;4.0;15.0
1315295;1;1;0;0.0;1;0;2.0;0.0
13153809;1;1;0;0.0;2;0;2.0;0.0
13155362;3;1;0;2.0;1;2;4.0;0.0
13155917;1;0;0;0.0;1;1;1.0;0.0
13156862;8;8;2;16.0;1;16;9.0;9.0
13156983;4;3;1;4.0;1;4;8.0;0.0
13157398;8;4;0;9.0;1;12;0.0;12.0
13157960;0;1;0;0.0;1;0;1.0;0.0
13158106;1;1;0;1.0;2;1;2.0;0.0
1316097;0;21;9;33.0;1;16;0.0;30.0
13160997;0;0;8;14.0;1;7;3.0;5.0
13162084;2;2;2;2.0;1;3;6.0;0.0
13162967;0;1;1;0.0;1;0;2.0;0.0
13163092;1;2;0;0.0;1;0;3.0;0.0
13163350;5;3;2;5.0;1;9;2.0;8.0
13163574;6;2;0;6.0;1;8;0.0;8.0
13163652;7;4;6;11.0;1;18;0.0;17.0
13164467;9;4;5;8.0;1;13;8.0;10.0
13171035;3;4;0;7.0;1;7;2.0;5.0
13172249;13;0;0;0.0;1;5;1.0;12.0
1317259;6;1;3;2.0;1;8;2.0;8.0
13173219;1;1;0;1.0;1;1;2.0;0.0
13173914;13;15;6;28.0;1;31;3.0;31.0
13174183;15;8;4;17.0;1;19;2.0;25.0
13174633;1;12;6;17.0;1;17;2.0;17.0
13174677;6;13;8;25.0;1;24;17.0;10.0
13174822;1;3;0;3.0;1;4;0.0;4.0
1317530;3;7;7;14.0;3;14;12.0;5.0
13175855;7;1;0;1.0;1;8;0.0;8.0
13175908;0;2;0;2.0;1;2;2.0;0.0
13176326;7;4;1;4.0;1;8;12.0;0.0
13177855;18;1;0;3.0;1;9;0.0;19.0
13178241;2;1;0;0.0;1;0;3.0;0.0
13178518;3;16;12;30.0;2;24;5.0;26.0
13178691;2;1;0;0.0;1;0;3.0;0.0
13178976;0;1;6;8.0;1;8;0.0;7.0
13178997;15;6;1;8.0;1;15;7.0;15.0
13179229;0;4;0;4.0;1;4;0.0;4.0
13179545;1;10;10;24.0;1;22;13.0;8.0
13180990;36;14;0;29.0;1;17;0.0;50.0
13181237;1;5;0;4.0;1;4;2.0;4.0
13181620;0;1;1;0.0;1;0;2.0;0.0
13182094;5;7;8;16.0;2;16;5.0;15.0
13182153;10;21;0;29.0;2;25;0.0;31.0
13182283;3;4;12;21.0;1;12;0.0;19.0
13183386;4;0;0;1.0;1;4;0.0;4.0
13183537;9;8;0;14.0;3;17;17.0;0.0
13185331;5;3;1;5.0;1;8;9.0;0.0
13185840;8;0;6;9.0;2;16;0.0;14.0
13186676;1;0;0;0.0;2;0;1.0;0.0
13186868;12;15;12;34.0;1;32;0.0;39.0
1318744;4;9;2;14.0;1;14;15.0;0.0
13189474;26;23;12;47.0;1;30;0.0;61.0
13190963;2;3;1;2.0;1;2;6.0;0.0
13192021;0;4;2;6.0;1;6;6.0;0.0
13192086;0;8;0;7.0;1;3;0.0;8.0
13192204;1;3;0;3.0;1;4;0.0;4.0
13193227;6;6;8;18.0;1;21;5.0;15.0
13194153;0;1;0;1.0;1;1;1.0;0.0
13194485;3;6;0;6.0;1;9;0.0;9.0
13194970;21;1;0;0.0;1;6;2.0;20.0
13195789;2;0;0;0.0;1;0;2.0;0.0
13196301;1;1;0;0.0;1;0;2.0;0.0
13197055;0;1;0;2.0;1;2;1.0;0.0
13198055;0;3;6;10.0;1;10;0.0;9.0
13208493;1;1;1;0.0;1;0;3.0;0.0
13208674;1;0;0;0.0;1;0;1.0;0.0
13208737;3;1;0;0.0;1;1;4.0;0.0
13208869;1;12;9;21.0;1;18;2.0;20.0
13209867;0;4;1;6.0;1;6;5.0;0.0
13209912;4;41;4;48.0;1;21;5.0;44.0
13209962;0;0;2;2.0;1;2;2.0;0.0
13210904;0;8;0;8.0;1;8;0.0;8.0
13211645;1;1;0;0.0;1;0;2.0;0.0
13211670;0;1;1;1.0;2;1;2.0;0.0
13212096;12;3;0;8.0;1;15;0.0;15.0
13212406;1;1;1;0.0;1;0;3.0;0.0
13214163;9;6;5;19.0;1;21;5.0;15.0
13214512;6;4;0;6.0;1;9;0.0;10.0
13215036;8;6;3;8.0;4;15;13.0;4.0
13215504;0;1;16;24.0;1;8;0.0;17.0
13217309;9;16;3;26.0;1;25;28.0;0.0
1321733;1;1;0;0.0;1;0;2.0;0.0
13217468;0;4;6;11.0;1;11;0.0;10.0
13217718;11;11;1;17.0;1;21;8.0;15.0
13220518;1;2;2;1.0;1;1;5.0;0.0
13220720;2;0;0;1.0;1;2;2.0;0.0
13220795;12;1;0;6.0;1;13;0.0;13.0
13221374;1;1;0;0.0;1;0;2.0;0.0
13221521;1;2;1;0.0;1;0;4.0;0.0
13222696;1;1;0;0.0;1;0;2.0;0.0
1322389;4;9;1;13.0;1;11;2.0;12.0
1322456;1;1;0;0.0;1;0;2.0;0.0
13225816;1;0;0;0.0;1;0;1.0;0.0
13227121;5;14;9;29.0;2;26;6.0;22.0
13227818;0;8;6;14.0;1;14;3.0;11.0
13228693;1;6;7;11.0;1;11;6.0;8.0
13228704;1;3;2;4.0;1;4;2.0;4.0
13229243;1;6;0;6.0;1;6;3.0;4.0
1322995;1;8;25;35.0;1;18;7.0;27.0
13231449;2;9;0;8.0;1;8;6.0;5.0
13232151;2;0;0;0.0;1;1;2.0;0.0
13233245;2;0;0;0.0;1;0;2.0;0.0
1324410;16;0;0;4.0;1;11;0.0;16.0
1324458;4;7;2;9.0;1;11;5.0;8.0
13246412;1;1;1;2.0;1;2;3.0;0.0
13246466;1;1;0;1.0;1;1;2.0;0.0
13246755;6;6;0;10.0;1;10;4.0;8.0
13246787;1;2;1;1.0;1;1;4.0;0.0
13246861;2;2;2;3.0;1;4;6.0;0.0
13246931;0;4;3;8.0;1;7;0.0;7.0
13246941;5;0;0;5.0;1;5;0.0;5.0
13247209;2;1;0;0.0;1;0;3.0;0.0
13249889;0;10;0;10.0;1;10;2.0;8.0
13250248;1;0;0;0.0;1;0;1.0;0.0
13250492;2;0;0;1.0;1;1;2.0;0.0
13252007;37;40;26;75.0;1;33;6.0;97.0
13252478;9;5;3;11.0;1;17;0.0;17.0
13252969;6;14;4;21.0;1;24;4.0;20.0
13253412;1;2;1;1.0;1;1;4.0;0.0
13255572;0;1;0;1.0;1;1;1.0;0.0
13255757;17;37;0;50.0;1;19;3.0;51.0
13255938;6;0;0;0.0;1;6;0.0;6.0
13256207;2;1;2;4.0;1;5;0.0;5.0
13256657;1;3;3;6.0;1;7;0.0;7.0
13256747;4;1;0;5.0;1;5;5.0;0.0
13257685;7;3;1;2.0;1;4;7.0;4.0
13257753;9;0;0;2.0;1;9;0.0;9.0
13259523;1;1;1;0.0;1;0;3.0;0.0
13259529;1;7;6;15.0;1;15;0.0;14.0
13260730;1;0;0;0.0;1;0;1.0;0.0
1326100;1;3;7;9.0;1;7;4.0;7.0
1326140;4;8;6;16.0;1;14;7.0;11.0
13261576;1;2;0;2.0;1;2;3.0;0.0
13261911;5;0;0;3.0;1;5;0.0;5.0
13262105;0;1;1;1.0;1;1;2.0;0.0
13265565;4;1;6;11.0;1;13;2.0;9.0
1327072;28;6;9;24.0;1;33;33.0;10.0
13274551;1;0;1;1.0;1;1;2.0;0.0
13274764;1;0;1;1.0;1;1;2.0;0.0
13274899;0;6;0;6.0;1;6;0.0;6.0
13275268;7;1;0;2.0;2;8;0.0;8.0
13276272;0;2;1;1.0;1;1;3.0;0.0
13277519;11;3;0;4.0;1;8;0.0;14.0
13278421;0;12;1;13.0;1;13;0.0;13.0
13278531;10;12;6;24.0;1;29;0.0;28.0
13279086;5;6;2;9.0;1;11;7.0;6.0
13279790;2;0;0;0.0;2;1;2.0;0.0
13279826;1;1;0;3.0;1;3;2.0;0.0
13280971;17;1;0;9.0;2;11;2.0;16.0
13281016;1;0;1;0.0;1;0;2.0;0.0
13281955;1;2;0;0.0;1;0;3.0;0.0
13282159;0;5;5;9.0;1;9;1.0;9.0
13282163;11;12;4;21.0;1;27;0.0;27.0
13282500;7;2;2;5.0;1;9;6.0;5.0
13288737;1;5;0;7.0;1;5;0.0;6.0
13288959;5;5;1;4.0;1;6;4.0;7.0
13289338;1;2;1;1.0;1;1;4.0;0.0
13289409;0;1;1;1.0;1;1;2.0;0.0
13289612;11;53;2;58.0;1;24;9.0;57.0
13289911;11;0;0;4.0;1;11;0.0;11.0
13290012;0;0;1;0.0;1;0;1.0;0.0
13293291;21;15;1;26.0;1;25;0.0;37.0
13293641;16;0;0;5.0;1;12;0.0;16.0
13293703;22;17;1;28.0;1;25;0.0;40.0
13294483;1;1;1;0.0;1;0;3.0;0.0
13298734;31;3;0;13.0;1;15;0.0;34.0
13301613;1;1;0;0.0;1;0;2.0;0.0
1330162;1;1;0;1.0;1;1;2.0;0.0
13301746;5;4;0;7.0;1;6;9.0;0.0
1330223;9;5;1;6.0;1;10;6.0;9.0
13302442;1;3;8;12.0;1;12;6.0;6.0
13302600;4;0;0;0.0;1;5;0.0;4.0
13302729;1;1;0;0.0;1;0;2.0;0.0
13303511;12;7;0;12.0;1;19;0.0;19.0
13303614;0;12;18;33.0;1;11;0.0;30.0
13303900;1;2;1;3.0;1;3;4.0;0.0
13304056;3;7;6;15.0;1;16;5.0;11.0
13305972;3;13;9;22.0;1;22;11.0;14.0
13306008;13;21;11;40.0;1;32;2.0;43.0
13306378;3;0;0;0.0;1;1;3.0;0.0
13306512;6;7;0;12.0;1;13;0.0;13.0
13306618;9;19;7;34.0;1;25;0.0;35.0
13309951;9;6;2;14.0;1;18;0.0;17.0
13310493;1;2;0;1.0;1;1;3.0;0.0
1331052;5;4;2;4.0;2;6;11.0;0.0
13311062;10;1;2;6.0;1;7;3.0;10.0
13311224;2;5;5;11.0;1;9;2.0;10.0
13311421;6;0;0;1.0;1;5;0.0;6.0
13313764;2;1;0;0.0;1;0;3.0;0.0
13315215;2;1;0;0.0;2;1;3.0;0.0
13315237;33;52;25;101.0;1;30;0.0;110.0
13317341;2;1;0;2.0;1;2;3.0;0.0
13318069;3;0;0;2.0;1;3;0.0;3.0
13322737;2;1;0;2.0;1;2;3.0;0.0
13323038;0;5;0;5.0;1;3;0.0;5.0
13323862;24;1;0;6.0;1;14;1.0;24.0
13323889;1;1;0;0.0;1;0;2.0;0.0
13324081;2;4;0;6.0;3;6;1.0;5.0
13324138;5;4;3;6.0;1;8;6.0;6.0
13324440;5;1;2;8.0;1;8;3.0;5.0
13324805;1;1;0;0.0;1;0;2.0;0.0
13324954;0;7;3;9.0;1;9;4.0;6.0
13325764;10;1;0;8.0;1;8;2.0;9.0
1332663;2;22;7;27.0;1;16;5.0;26.0
13327672;1;1;1;0.0;1;0;3.0;0.0
13327932;16;22;12;45.0;1;32;0.0;50.0
13328176;7;7;7;22.0;1;21;0.0;21.0
13328193;15;16;0;25.0;1;16;0.0;31.0
13328264;1;0;0;0.0;1;0;1.0;0.0
13328741;45;37;11;74.0;1;45;20.0;73.0
13329572;1;1;2;4.0;1;5;0.0;4.0
13330065;13;1;0;6.0;2;5;2.0;12.0
13332070;3;2;4;6.0;1;9;0.0;9.0
13333205;14;58;36;106.0;1;31;3.0;105.0
13335813;1;1;0;1.0;1;1;2.0;0.0
13336058;2;0;0;2.0;1;2;2.0;0.0
13336572;6;7;5;13.0;1;12;2.0;16.0
13336587;0;9;2;10.0;1;6;11.0;0.0
13337011;1;2;0;1.0;1;1;3.0;0.0
13337504;0;20;12;33.0;1;18;0.0;32.0
13338907;33;0;0;7.0;1;11;0.0;33.0
13339072;49;21;12;51.0;2;39;14.0;68.0
13339378;12;12;6;24.0;1;31;0.0;30.0
13339389;1;1;0;1.0;1;2;2.0;0.0
13339390;12;15;14;28.0;1;21;5.0;36.0
13339586;4;8;1;11.0;1;11;13.0;0.0
13340203;14;0;0;2.0;1;9;0.0;14.0
1334186;0;0;1;1.0;2;1;1.0;0.0
13342874;7;2;0;9.0;1;9;1.0;8.0
13343371;1;1;0;0.0;1;0;2.0;0.0
13343558;0;1;1;2.0;1;2;2.0;0.0
13344130;16;3;0;12.0;1;13;0.0;19.0
13344389;3;7;0;8.0;1;8;3.0;7.0
13344632;1;1;0;0.0;1;0;2.0;0.0
13344829;14;5;6;20.0;1;22;0.0;25.0
13344891;13;5;3;12.0;1;17;7.0;14.0
1334668;12;10;0;15.0;1;22;0.0;22.0
13349546;0;1;0;0.0;1;0;1.0;0.0
13350392;6;17;8;32.0;1;27;5.0;26.0
13350425;1;2;2;3.0;1;3;5.0;0.0
13352261;10;8;0;11.0;1;18;0.0;18.0
13352401;1;0;0;0.0;1;1;1.0;0.0
13353450;12;12;6;24.0;1;31;0.0;30.0
13353636;3;0;0;2.0;1;3;0.0;3.0
13354864;8;2;0;6.0;1;10;2.0;8.0
13355703;14;14;6;26.0;2;33;0.0;34.0
13355984;23;24;12;46.0;1;31;0.0;59.0
13356318;6;7;1;13.0;1;13;2.0;12.0
13357361;4;7;6;15.0;1;12;3.0;14.0
13357881;15;12;9;28.0;1;31;0.0;36.0
13358258;1;1;6;9.0;1;7;2.0;6.0
133585;5;3;3;7.0;1;9;5.0;6.0
13360235;1;0;0;0.0;1;0;1.0;0.0
13364003;2;1;0;0.0;1;1;3.0;0.0
13364401;14;9;10;27.0;1;26;0.0;33.0
13364770;0;4;17;21.0;1;8;0.0;21.0
13364905;4;0;0;3.0;1;4;0.0;4.0
13365031;2;3;1;5.0;1;5;6.0;0.0
1336508;2;1;1;3.0;1;3;4.0;0.0
13365654;22;0;0;2.0;1;9;0.0;22.0
13365797;9;0;0;5.0;1;9;0.0;9.0
13366188;11;36;14;59.0;1;43;23.0;38.0
13367268;9;12;5;22.0;1;25;26.0;0.0
13367421;8;3;0;10.0;1;9;0.0;11.0
13367871;0;4;6;11.0;1;11;0.0;10.0
13368037;0;14;18;36.0;1;16;0.0;32.0
13368075;0;5;2;7.0;1;7;1.0;6.0
13368107;0;1;0;0.0;1;0;1.0;0.0
13368317;2;0;0;1.0;1;1;2.0;0.0
13368318;1;0;6;7.0;1;7;0.0;7.0
13368451;6;0;0;0.0;1;6;0.0;6.0
13368663;17;0;0;3.0;1;9;0.0;17.0
13368746;5;6;2;10.0;2;13;0.0;13.0
13369594;12;21;11;38.0;1;32;0.0;44.0
13370006;12;3;0;9.0;1;15;2.0;13.0
13370517;5;4;0;7.0;1;10;0.0;9.0
13370537;0;6;2;8.0;1;8;2.0;6.0
13370648;21;0;0;7.0;1;11;0.0;21.0
13370704;1;1;1;1.0;1;2;3.0;0.0
13371995;1;6;6;13.0;1;13;2.0;11.0
13372525;0;1;1;0.0;1;0;2.0;0.0
13372610;12;12;6;24.0;1;31;0.0;30.0
13372720;38;25;0;41.0;2;25;0.0;63.0
13373213;4;0;0;2.0;1;5;0.0;4.0
13373239;4;4;5;12.0;1;11;3.0;10.0
13373470;1;1;1;0.0;1;0;3.0;0.0
13373544;2;0;0;2.0;1;2;2.0;0.0
13373606;2;3;0;5.0;1;5;0.0;5.0
13374342;1;2;2;0.0;1;0;5.0;0.0
13374395;5;2;0;3.0;1;5;7.0;0.0
13374486;2;1;0;1.0;1;1;3.0;0.0
13374782;0;2;1;1.0;1;1;3.0;0.0
13374968;2;2;0;2.0;1;4;0.0;4.0
13375076;6;9;0;15.0;1;8;0.0;15.0
13376081;6;11;7;25.0;1;24;1.0;23.0
13376392;0;3;5;8.0;1;8;0.0;8.0
1337970;1;18;1;18.0;1;9;2.0;18.0
13381428;0;11;6;18.0;1;17;0.0;17.0
13381727;3;28;1;28.0;1;13;3.0;29.0
13381876;1;11;0;12.0;1;12;0.0;12.0
13381968;0;3;1;4.0;1;4;0.0;4.0
13382090;12;12;6;24.0;1;31;0.0;30.0
13382281;13;11;1;14.0;1;20;4.0;21.0
13383599;1;0;0;0.0;1;1;1.0;0.0
13385190;2;2;1;0.0;1;1;5.0;0.0
13386064;2;3;1;4.0;1;4;6.0;0.0
13386103;13;0;0;0.0;1;6;0.0;13.0
13386278;12;13;6;25.0;1;31;0.0;31.0
13388118;2;15;0;16.0;1;13;3.0;14.0
13388169;12;12;2;19.0;1;26;1.0;25.0
13389065;1;1;0;1.0;1;1;2.0;0.0
13390496;2;7;16;26.0;1;14;1.0;24.0
13390786;6;22;16;40.0;1;29;5.0;39.0
13390796;0;1;0;0.0;1;0;1.0;0.0
13391216;8;11;12;26.0;1;21;4.0;27.0
13391836;4;8;4;13.0;1;14;16.0;0.0
13391892;26;35;5;64.0;1;31;22.0;44.0
13391916;0;22;39;68.0;1;11;0.0;61.0
13392001;1;1;0;0.0;1;0;2.0;0.0
13392063;0;1;1;1.0;1;1;2.0;0.0
13392169;0;2;0;0.0;1;0;2.0;0.0
13392181;0;10;8;18.0;1;16;2.0;16.0
13392234;0;1;0;0.0;1;0;1.0;0.0
13392729;24;0;7;12.0;1;16;0.0;31.0
13392917;0;0;1;0.0;2;0;1.0;0.0
13392988;6;10;0;11.0;1;13;2.0;14.0
13393405;0;4;2;5.0;1;5;6.0;0.0
13393682;0;0;5;6.0;1;6;0.0;5.0
13393832;9;2;3;10.0;1;11;2.0;12.0
13393938;9;5;0;6.0;2;13;1.0;13.0
13394105;2;12;0;14.0;1;14;0.0;14.0
13394296;1;1;1;0.0;1;0;3.0;0.0
13394382;0;1;0;0.0;1;0;1.0;0.0
13394425;25;0;0;4.0;1;9;0.0;25.0
13394479;0;4;14;18.0;2;10;2.0;16.0
13394791;2;9;6;17.0;1;14;9.0;8.0
13394796;4;0;0;4.0;1;5;0.0;4.0
13394845;8;0;1;5.0;1;8;0.0;9.0
13394890;3;12;6;22.0;1;22;0.0;21.0
13394912;1;3;1;0.0;1;0;5.0;0.0
13394942;4;32;18;56.0;3;37;1.0;53.0
13395192;4;1;0;1.0;1;5;0.0;5.0
13395832;3;2;2;4.0;1;4;7.0;0.0
13396136;13;12;4;21.0;1;28;0.0;29.0
13396154;3;2;1;5.0;1;7;0.0;6.0
13397256;11;0;0;4.0;1;11;0.0;11.0
13402019;32;14;6;37.0;1;33;11.0;41.0
13402259;0;5;0;5.0;1;5;0.0;5.0
13402392;7;1;0;4.0;1;8;8.0;0.0
13402430;0;1;6;8.0;1;8;0.0;7.0
13402685;9;0;0;5.0;1;9;0.0;9.0
13402773;1;1;0;0.0;1;0;2.0;0.0
13403390;1;2;1;4.0;1;4;4.0;0.0
13404131;26;11;0;18.0;1;23;0.0;37.0
13404480;25;25;15;51.0;1;31;2.0;63.0
13404546;3;4;6;14.0;1;14;0.0;13.0
13404693;1;2;1;0.0;1;0;4.0;0.0
13404757;2;3;0;1.0;2;1;5.0;0.0
13404764;8;1;0;1.0;1;8;1.0;8.0
13404901;3;1;0;0.0;1;2;4.0;0.0
13404933;1;1;0;0.0;1;0;2.0;0.0
13405025;0;0;3;4.0;1;4;0.0;3.0
13405134;1;1;0;0.0;1;0;2.0;0.0
13405210;1;3;1;2.0;1;2;5.0;0.0
13405353;2;6;0;8.0;1;8;0.0;8.0
13405442;1;1;0;0.0;1;0;2.0;0.0
13405483;1;1;0;0.0;1;1;2.0;0.0
1340565;5;0;0;2.0;1;6;5.0;0.0
13406170;4;12;5;21.0;1;21;2.0;19.0
13406568;0;34;19;56.0;1;21;3.0;50.0
13407122;1;1;0;0.0;1;1;2.0;0.0
13407316;1;0;0;1.0;1;2;1.0;0.0
13409164;2;4;1;9.0;1;9;0.0;7.0
13409979;12;8;0;13.0;1;20;0.0;20.0
13411118;13;3;1;7.0;1;14;3.0;14.0
13411441;0;0;0;1.0;1;1;0.0;0.0
1341316;4;0;0;0.0;1;3;0.0;4.0
13414428;9;3;0;4.0;1;9;2.0;10.0
13414564;8;27;32;60.0;1;24;1.0;66.0
13414690;0;7;5;14.0;1;10;12.0;0.0
13415012;1;1;1;2.0;1;2;3.0;0.0
13415603;12;34;23;66.0;6;57;12.0;57.0
13416369;14;12;6;24.0;1;31;0.0;32.0
13416677;9;1;0;3.0;1;10;0.0;10.0
13421964;11;6;8;19.0;1;21;10.0;15.0
13422349;12;12;6;24.0;1;31;0.0;30.0
13422822;4;2;0;2.0;1;5;6.0;0.0
13427097;0;5;6;12.0;1;12;0.0;11.0
13428517;1;1;0;1.0;1;1;2.0;0.0
13431360;6;10;6;17.0;1;23;0.0;22.0
13431483;1;1;1;1.0;1;1;3.0;0.0
13432051;10;12;6;22.0;1;29;0.0;28.0
13432385;2;1;1;0.0;1;1;4.0;0.0
13432882;12;12;6;24.0;1;31;0.0;30.0
13432961;8;3;0;8.0;1;11;0.0;11.0
13433001;5;0;0;1.0;1;5;0.0;5.0
13433219;4;5;8;18.0;1;15;0.0;17.0
13433685;0;1;1;3.0;1;3;2.0;0.0
13434634;1;2;4;7.0;3;7;7.0;0.0
13435790;15;11;0;19.0;1;21;0.0;26.0
13436296;0;5;1;6.0;1;6;6.0;0.0
13437770;2;0;1;0.0;1;2;3.0;0.0
13441560;10;0;0;0.0;1;8;5.0;5.0
13442878;5;22;17;46.0;1;23;2.0;42.0
13443056;2;3;1;1.0;1;2;6.0;0.0
13443138;29;11;4;28.0;1;26;7.0;37.0
13443203;9;6;13;19.0;1;16;3.0;25.0
13443473;0;8;6;16.0;1;15;0.0;14.0
13443509;7;11;4;22.0;1;21;12.0;10.0
1344393;2;0;6;7.0;1;5;0.0;8.0
13444441;5;10;0;11.0;1;12;0.0;15.0
13445362;0;7;6;12.0;1;12;2.0;11.0
13445365;32;24;12;53.0;1;32;0.0;68.0
13446618;0;1;2;2.0;1;2;3.0;0.0
13446817;24;12;4;29.0;1;33;11.0;29.0
1344777;2;5;4;11.0;1;11;11.0;0.0
1344788;0;1;0;0.0;1;0;1.0;0.0
13448551;0;11;6;18.0;1;18;0.0;17.0
13448778;2;0;0;0.0;1;0;2.0;0.0
1344933;1;1;0;0.0;2;0;2.0;0.0
13449348;12;19;14;39.0;1;32;2.0;43.0
1344937;5;3;2;2.0;2;3;10.0;0.0
13449599;9;8;0;10.0;1;16;0.0;17.0
13449775;6;21;5;31.0;1;22;2.0;30.0
13450086;3;0;0;0.0;1;2;3.0;0.0
1345044;32;24;9;55.0;3;35;13.0;52.0
1345077;1;3;6;7.0;1;6;4.0;6.0
13451689;9;0;0;3.0;1;8;0.0;9.0
13451811;0;5;3;6.0;1;6;8.0;0.0
13454084;12;6;8;19.0;1;24;2.0;24.0
13455225;12;6;0;12.0;1;19;0.0;18.0
13455991;1;8;0;8.0;1;8;4.0;5.0
13456367;0;2;0;0.0;1;0;2.0;0.0
13456513;2;6;0;4.0;1;4;4.0;4.0
13461452;12;0;3;8.0;1;13;3.0;12.0
13462171;0;0;10;11.0;1;6;0.0;10.0
13462617;1;1;0;0.0;1;0;2.0;0.0
13463328;3;0;0;1.0;1;1;3.0;0.0
13463345;1;1;1;0.0;1;0;3.0;0.0
13463395;0;0;2;1.0;1;1;0.0;2.0
13464460;8;3;11;24.0;1;15;0.0;22.0
13465085;2;1;2;3.0;1;5;0.0;5.0
13465154;12;7;0;12.0;1;19;0.0;19.0
13465254;2;7;0;8.0;1;7;9.0;0.0
13465411;2;2;9;12.0;1;10;1.0;12.0
13465599;1;2;1;0.0;1;0;4.0;0.0
13465916;12;12;0;17.0;1;24;0.0;24.0
13466256;0;16;11;27.0;1;12;0.0;27.0
13467382;12;4;0;9.0;1;16;0.0;16.0
1346751;15;9;0;12.0;1;19;5.0;19.0
13467532;0;3;9;12.0;2;8;4.0;8.0
13467559;5;2;1;3.0;1;5;8.0;0.0
13467953;1;0;0;0.0;1;0;1.0;0.0
13468234;3;8;9;21.0;1;17;3.0;17.0
13468923;7;3;1;4.0;1;9;7.0;4.0
13469152;10;10;1;14.0;1;16;0.0;21.0
13469592;10;10;2;13.0;1;19;2.0;20.0
13471953;0;1;1;1.0;1;1;2.0;0.0
13473374;3;0;0;0.0;1;1;3.0;0.0
13473385;17;2;0;7.0;2;19;0.0;19.0
13473497;11;30;12;46.0;1;29;0.0;53.0
13473517;6;3;0;3.0;1;9;0.0;9.0
13473525;0;4;0;4.0;1;4;0.0;4.0
13474516;49;54;29;116.0;1;31;0.0;132.0
13474871;11;10;6;19.0;2;21;7.0;20.0
13475111;2;3;0;1.0;1;1;5.0;0.0
13475401;4;0;0;0.0;1;4;0.0;4.0
13475525;2;2;1;1.0;2;1;5.0;0.0
13475579;2;1;0;1.0;2;1;3.0;0.0
13475616;0;4;4;9.0;1;9;0.0;8.0
13475767;2;3;3;5.0;3;5;8.0;0.0
13475973;7;11;0;14.0;1;13;0.0;18.0
13476094;12;0;0;5.0;1;12;0.0;12.0
13476321;3;3;0;6.0;1;6;0.0;6.0
13476344;0;21;6;26.0;1;16;0.0;27.0
13476482;0;5;0;5.0;1;5;0.0;5.0
13476499;12;0;0;5.0;1;12;0.0;12.0
13476818;7;0;0;1.0;1;4;0.0;7.0
13476949;1;1;0;2.0;1;2;2.0;0.0
13477076;1;4;0;4.0;1;5;0.0;5.0
13477161;0;0;5;7.0;1;7;2.0;3.0
13477174;6;51;14;71.0;1;24;0.0;71.0
13477558;35;43;20;87.0;2;49;15.0;83.0
13477795;0;3;12;19.0;1;12;2.0;13.0
13478073;1;12;5;18.0;1;18;0.0;18.0
13478129;3;0;0;1.0;1;2;3.0;0.0
13478137;3;2;0;5.0;1;5;0.0;5.0
13478175;0;5;0;4.0;1;4;0.0;5.0
13478207;0;9;2;12.0;3;9;3.0;8.0
13480810;0;6;2;6.0;1;6;8.0;0.0
13480949;9;0;0;6.0;1;9;0.0;9.0
13481206;0;2;4;6.0;1;6;0.0;6.0
13481824;1;0;14;17.0;1;7;3.0;12.0
13490476;12;12;2;19.0;1;26;0.0;26.0
13490581;0;1;2;2.0;1;2;3.0;0.0
13490727;1;0;0;1.0;1;2;1.0;0.0
13491196;5;5;2;9.0;1;10;12.0;0.0
13491233;1;1;0;1.0;1;1;2.0;0.0
13491596;22;19;0;25.0;1;22;4.0;37.0
13491651;10;12;7;24.0;1;31;2.0;27.0
13491744;4;30;24;59.0;2;22;0.0;58.0
13492602;5;0;4;5.0;1;10;0.0;9.0
13494834;8;0;0;0.0;1;5;0.0;8.0
13495324;8;12;0;12.0;1;11;0.0;20.0
13495849;1;5;1;5.0;1;5;7.0;0.0
13496841;12;3;0;8.0;1;15;0.0;15.0
13496852;4;1;5;7.0;1;8;3.0;7.0
13496985;2;2;1;1.0;1;3;5.0;0.0
13497191;6;11;6;23.0;1;24;0.0;23.0
13498280;10;1;0;4.0;1;9;2.0;9.0
13499084;9;23;10;38.0;1;27;4.0;38.0
13499104;13;12;0;19.0;1;24;0.0;25.0
13500213;5;0;0;0.0;1;3;5.0;0.0
13500285;6;0;0;3.0;1;6;0.0;6.0
13500570;0;0;3;3.0;1;3;3.0;0.0
13501769;5;4;5;10.0;1;12;2.0;12.0
13501908;12;12;9;28.0;1;31;0.0;33.0
1350361;11;25;16;43.0;3;42;36.0;16.0
13503617;9;3;1;2.0;1;8;5.0;8.0
13504372;4;4;1;6.0;1;10;9.0;0.0
13506009;0;2;5;7.0;1;6;0.0;7.0
13513363;0;32;4;37.0;1;7;0.0;36.0
13513531;0;1;0;0.0;1;0;1.0;0.0
1351374;3;3;0;3.0;1;4;6.0;0.0
13514761;1;1;0;0.0;1;1;2.0;0.0
13515138;23;9;7;22.0;1;26;4.0;35.0
13515220;2;0;2;2.0;1;3;0.0;4.0
13515259;2;26;14;44.0;1;21;4.0;38.0
13516706;3;14;2;16.0;1;15;5.0;14.0
13516871;3;12;13;26.0;1;17;2.0;26.0
13517100;0;5;2;7.0;1;7;0.0;7.0
1351853;1;0;1;0.0;1;0;2.0;0.0
13518725;0;4;4;9.0;2;8;4.0;4.0
13519269;2;1;3;4.0;1;5;0.0;6.0
13519331;6;1;0;2.0;1;6;2.0;5.0
1352004;14;12;1;18.0;1;23;0.0;27.0
1352033;3;2;1;0.0;1;1;6.0;0.0
13520533;2;5;6;12.0;1;14;0.0;13.0
13522244;2;1;0;0.0;1;0;3.0;0.0
13522914;7;6;1;8.0;1;13;5.0;9.0
13523113;0;7;5;13.0;1;11;0.0;12.0
13524066;9;0;0;2.0;1;9;0.0;9.0
13524114;5;6;3;9.0;3;12;14.0;0.0
13524122;1;1;0;1.0;1;1;2.0;0.0
13524224;3;2;0;2.0;1;5;0.0;5.0
13524594;8;1;0;2.0;1;8;4.0;5.0
13524826;1;1;0;2.0;1;2;2.0;0.0
13525222;1;29;19;51.0;1;22;3.0;46.0
13525779;22;14;0;22.0;1;22;2.0;34.0
13525860;6;7;1;13.0;1;14;14.0;0.0
13525982;1;0;0;0.0;1;0;1.0;0.0
13527142;1;17;3;21.0;1;16;8.0;13.0
13528158;12;1;0;6.0;1;13;0.0;13.0
13528185;0;1;1;2.0;1;2;2.0;0.0
13528253;1;0;0;0.0;2;0;1.0;0.0
13528276;2;4;1;2.0;2;3;7.0;0.0
13528443;2;0;0;0.0;1;0;2.0;0.0
13528643;0;1;0;0.0;1;0;1.0;0.0
13528706;0;67;0;67.0;1;11;0.0;67.0
13528746;7;7;0;13.0;1;13;0.0;14.0
13528992;14;14;4;20.0;1;11;2.0;30.0
13529156;0;7;13;24.0;1;13;0.0;20.0
13529199;10;18;6;34.0;1;25;0.0;34.0
13530279;0;6;0;5.0;1;4;0.0;6.0
13530508;0;8;0;7.0;1;7;4.0;4.0
13530715;1;0;0;0.0;1;1;1.0;0.0
13531216;13;9;0;14.0;1;22;1.0;21.0
13537805;1;1;0;1.0;1;1;2.0;0.0
13538538;6;0;0;4.0;1;6;0.0;6.0
13538551;4;0;0;0.0;1;4;0.0;4.0
13538616;0;9;0;9.0;1;6;1.0;8.0
13538857;4;3;0;2.0;2;4;7.0;0.0
13539438;0;6;2;7.0;1;7;1.0;7.0
13539594;13;4;0;11.0;1;18;8.0;9.0
13541105;4;0;0;4.0;1;4;0.0;4.0
13542301;6;5;2;12.0;1;12;13.0;0.0
13542432;20;0;0;6.0;1;11;0.0;20.0
1354366;9;17;13;35.0;1;28;39.0;0.0
13543840;1;1;1;1.0;1;1;3.0;0.0
13543968;1;13;8;22.0;1;17;3.0;19.0
13544468;11;20;1;23.0;1;21;4.0;28.0
13544779;0;0;1;1.0;1;1;1.0;0.0
13544780;4;4;1;4.0;2;4;9.0;0.0
13544883;2;0;0;0.0;1;1;2.0;0.0
13545154;1;1;0;1.0;1;1;2.0;0.0
13545192;27;10;28;48.0;1;25;7.0;58.0
13545225;0;9;2;12.0;1;12;0.0;11.0
13545275;1;1;0;1.0;1;1;2.0;0.0
13545355;0;11;5;16.0;1;16;0.0;16.0
13545416;1;0;0;0.0;1;1;1.0;0.0
13545433;5;30;24;64.0;1;25;0.0;59.0
13545454;9;21;13;41.0;1;30;5.0;38.0
13545467;16;3;0;17.0;1;9;0.0;19.0
13545527;8;12;2;19.0;1;22;0.0;22.0
13545730;4;2;11;18.0;2;11;0.0;17.0
13545806;22;2;0;9.0;1;14;0.0;24.0
13545808;0;3;0;1.0;1;1;3.0;0.0
1354587;9;5;6;14.0;2;18;15.0;5.0
13545881;1;15;3;17.0;3;10;3.0;16.0
13545897;5;3;0;4.0;1;6;4.0;4.0
13545970;30;0;0;0.0;1;7;0.0;30.0
13546017;0;14;0;14.0;1;7;0.0;14.0
13546117;0;1;1;0.0;1;0;2.0;0.0
13546131;0;18;18;38.0;1;14;0.0;36.0
13547284;1;6;2;8.0;1;8;2.0;7.0
13547327;15;25;9;44.0;1;27;5.0;44.0
13547373;1;1;0;1.0;1;1;2.0;0.0
13547424;0;1;1;0.0;1;0;2.0;0.0
13547463;1;1;0;0.0;1;0;2.0;0.0
13549418;0;1;0;1.0;1;1;1.0;0.0
13549478;2;3;3;5.0;3;6;8.0;0.0
13549831;16;0;0;10.0;1;10;0.0;16.0
13551711;2;0;0;0.0;1;1;2.0;0.0
13551763;1;2;1;1.0;1;1;4.0;0.0
13551796;0;2;1;2.0;2;2;3.0;0.0
13551915;1;2;2;2.0;1;2;5.0;0.0
13552008;1;0;2;3.0;1;3;3.0;0.0
13552781;15;12;6;21.0;1;29;6.0;27.0
13552802;7;0;0;3.0;1;6;0.0;7.0
13553458;0;0;1;0.0;1;0;1.0;0.0
13553532;9;2;0;4.0;2;10;3.0;8.0
13553823;13;3;0;8.0;1;16;2.0;14.0
13554028;1;4;2;4.0;1;5;4.0;3.0
13554121;2;1;0;0.0;1;0;3.0;0.0
13554439;0;0;8;11.0;1;5;0.0;8.0
13554558;0;3;2;5.0;1;4;0.0;5.0
13554561;1;1;0;0.0;1;1;2.0;0.0
13554606;0;9;6;17.0;1;15;0.0;15.0
13554616;5;5;0;6.0;2;9;5.0;5.0
13554622;0;0;2;3.0;2;3;2.0;0.0
13554686;0;2;0;0.0;1;0;2.0;0.0
13554734;1;1;0;0.0;1;0;2.0;0.0
13554831;1;1;1;2.0;1;2;3.0;0.0
13555049;21;25;15;48.0;2;41;1.0;60.0
13555124;1;2;1;2.0;1;2;4.0;0.0
13555135;0;10;0;9.0;1;9;0.0;10.0
13555267;0;4;0;4.0;1;4;4.0;0.0
13555327;31;24;9;45.0;1;29;2.0;62.0
13555561;0;2;0;2.0;1;2;2.0;0.0
13555707;5;0;0;0.0;1;5;0.0;5.0
13555745;7;11;0;15.0;3;18;8.0;10.0
13555786;0;15;1;14.0;1;9;2.0;14.0
13556422;2;3;1;3.0;1;3;6.0;0.0
13556722;1;2;0;2.0;1;2;3.0;0.0
13557756;1;1;0;0.0;1;0;2.0;0.0
13558518;16;20;1;31.0;1;23;0.0;37.0
13559346;0;1;0;0.0;1;0;1.0;0.0
13567224;17;15;6;27.0;1;30;0.0;38.0
13568129;10;1;0;4.0;1;10;4.0;7.0
13568571;3;2;0;5.0;1;5;0.0;5.0
13570628;12;12;0;16.0;1;23;0.0;24.0
13572527;6;8;2;10.0;1;13;2.0;14.0
13572874;0;0;3;4.0;1;4;0.0;3.0
1357432;4;9;4;14.0;1;12;9.0;8.0
13576006;0;2;0;0.0;1;0;2.0;0.0
13576184;0;3;4;5.0;1;5;7.0;0.0
13576285;4;3;0;3.0;1;6;7.0;0.0
1357648;22;0;0;6.0;1;9;22.0;0.0
13576496;3;0;0;0.0;1;4;0.0;3.0
13578982;3;2;7;8.0;1;10;1.0;11.0
1357901;2;6;2;10.0;1;11;3.0;7.0
13579028;33;26;16;59.0;1;33;2.0;73.0
13579135;0;1;0;1.0;1;1;1.0;0.0
13579468;3;6;0;7.0;2;7;9.0;0.0
13579517;7;0;0;7.0;1;3;0.0;7.0
1357961;24;19;6;39.0;1;28;0.0;49.0
13580314;1;0;3;3.0;1;4;0.0;4.0
13580731;24;22;0;32.0;1;20;0.0;46.0
13580877;38;115;105;273.0;7;81;28.0;230.0
13581054;12;12;6;24.0;1;31;0.0;30.0
13582963;5;0;0;0.0;1;5;0.0;5.0
13583439;0;1;6;7.0;1;6;0.0;7.0
13583704;18;16;11;40.0;1;31;5.0;40.0
13584708;16;6;0;11.0;1;18;0.0;22.0
13584845;18;20;3;33.0;1;27;0.0;41.0
13584869;0;1;0;0.0;1;0;1.0;0.0
13585091;2;3;0;4.0;1;6;0.0;5.0
13585774;8;9;4;19.0;1;19;12.0;9.0
13593306;9;0;0;4.0;1;7;0.0;9.0
13594180;4;1;0;1.0;1;4;5.0;0.0
13594299;24;29;15;56.0;1;32;0.0;68.0
13594470;8;4;0;9.0;1;13;0.0;12.0
13595160;5;8;1;11.0;1;12;7.0;7.0
13595659;1;1;0;0.0;1;0;2.0;0.0
13595894;6;10;4;18.0;1;20;1.0;19.0
1359634;9;17;2;22.0;1;15;6.0;22.0
13596431;1;1;1;3.0;1;3;3.0;0.0
13596568;0;3;4;6.0;1;6;7.0;0.0
1359831;9;2;1;2.0;1;9;5.0;7.0
13598981;0;9;14;26.0;1;12;0.0;23.0
13599079;0;1;1;1.0;1;1;2.0;0.0
13599119;7;5;10;16.0;1;20;9.0;13.0
1359968;1;1;0;0.0;1;0;2.0;0.0
13599881;0;0;4;4.0;1;4;0.0;4.0
13600299;10;0;0;4.0;1;11;0.0;10.0
13600351;12;8;0;13.0;1;20;0.0;20.0
13601125;0;2;0;0.0;1;0;2.0;0.0
13602560;0;4;12;17.0;1;11;0.0;16.0
13603053;0;4;0;4.0;1;4;0.0;4.0
13604619;1;1;0;0.0;1;0;2.0;0.0
13604769;1;0;3;3.0;1;3;0.0;4.0
13604774;0;1;0;2.0;2;2;1.0;0.0
13605047;2;1;0;2.0;3;2;3.0;0.0
13605486;2;1;1;0.0;1;0;4.0;0.0
13605622;1;1;0;1.0;1;2;2.0;0.0
13606759;0;3;0;3.0;1;3;0.0;3.0
13607433;6;6;3;8.0;1;11;11.0;4.0
13607711;1;3;1;0.0;1;0;5.0;0.0
13607912;16;0;0;3.0;3;13;3.0;13.0
13607944;8;4;0;9.0;1;13;0.0;12.0
13608939;5;14;3;23.0;1;12;0.0;22.0
13609388;1;1;0;0.0;1;0;2.0;0.0
13611449;3;0;0;0.0;1;2;3.0;0.0
13611715;14;13;4;21.0;1;29;3.0;28.0
13612810;14;6;1;8.0;1;17;13.0;8.0
1361364;2;3;1;1.0;1;2;6.0;0.0
1361602;0;1;1;0.0;1;0;2.0;0.0
1361690;1;0;0;0.0;1;0;1.0;0.0
13623222;5;0;0;0.0;1;5;0.0;5.0
13623441;1;2;0;2.0;1;2;3.0;0.0
13623674;4;3;1;4.0;1;5;3.0;5.0
13624209;30;0;0;9.0;1;10;0.0;30.0
13625697;25;10;1;20.0;1;23;0.0;36.0
13628074;4;5;12;20.0;1;17;7.0;14.0
13628882;6;4;3;10.0;1;11;6.0;7.0
13629288;2;1;0;1.0;1;1;3.0;0.0
13629963;33;20;4;34.0;1;31;5.0;52.0
13630212;0;3;0;2.0;1;2;3.0;0.0
13633684;12;14;7;27.0;1;31;0.0;33.0
13634681;1;1;0;1.0;1;1;2.0;0.0
13636916;25;10;0;23.0;1;23;4.0;31.0
13636953;2;1;1;0.0;1;0;4.0;0.0
13636962;12;17;19;45.0;1;32;0.0;48.0
1363734;1;1;0;0.0;2;0;2.0;0.0
13637624;1;12;6;19.0;1;20;0.0;19.0
13637782;5;5;0;10.0;1;11;2.0;8.0
13638370;26;26;13;49.0;1;32;5.0;60.0
13638371;0;6;1;8.0;1;8;0.0;7.0
13638564;13;9;1;11.0;1;17;14.0;9.0
13638724;5;8;0;9.0;1;11;5.0;8.0
13638953;20;20;0;26.0;1;24;5.0;35.0
13641623;1;1;1;1.0;2;1;3.0;0.0
13641669;2;1;0;0.0;3;0;3.0;0.0
13641806;9;5;2;10.0;1;12;11.0;5.0
13642320;6;0;0;0.0;2;6;2.0;4.0
13642367;12;4;0;11.0;1;13;16.0;0.0
13642593;4;2;1;1.0;1;4;7.0;0.0
13642879;22;1;1;11.0;1;15;0.0;24.0
13643777;2;1;0;2.0;1;2;3.0;0.0
13643802;24;9;0;22.0;1;20;0.0;33.0
13644228;0;2;0;2.0;1;2;2.0;0.0
1365112;0;5;1;6.0;1;6;0.0;6.0
13653482;3;6;1;10.0;1;8;4.0;6.0
13653784;0;5;0;5.0;1;5;1.0;4.0
13654496;0;3;6;10.0;1;10;0.0;9.0
13656872;22;14;6;31.0;1;31;0.0;42.0
1365767;3;6;3;10.0;1;11;6.0;6.0
1365789;1;3;1;5.0;1;5;2.0;3.0
13658900;1;6;0;6.0;1;7;0.0;7.0
13658977;3;3;0;5.0;1;5;6.0;0.0
13659225;0;12;6;19.0;1;19;0.0;18.0
13659683;2;2;1;1.0;1;1;5.0;0.0
13659907;2;2;0;3.0;1;5;0.0;4.0
13660178;0;1;0;0.0;1;0;1.0;0.0
1366401;0;14;10;23.0;1;11;0.0;24.0
13664640;7;1;0;0.0;3;6;2.0;6.0
13665065;0;1;1;1.0;2;1;2.0;0.0
13665666;1;1;5;6.0;1;6;2.0;5.0
13666285;1;0;0;0.0;1;0;1.0;0.0
13667612;6;17;10;33.0;1;25;0.0;33.0
13669484;13;14;1;21.0;1;27;2.0;26.0
13669622;12;12;6;24.0;1;31;0.0;30.0
13669961;0;5;6;12.0;1;12;0.0;11.0
13673666;11;11;1;16.0;3;18;0.0;23.0
13673744;10;12;7;23.0;1;28;0.0;29.0
1367406;1;1;1;0.0;1;0;3.0;0.0
13674872;0;9;6;16.0;1;16;0.0;15.0
13675614;11;37;15;61.0;1;30;6.0;57.0
13676316;12;1;0;5.0;1;8;2.0;11.0
1368087;3;1;0;0.0;1;2;2.0;2.0
13683388;1;3;0;4.0;1;4;4.0;0.0
13683852;1;4;0;4.0;1;5;1.0;4.0
13684882;12;12;0;17.0;1;24;0.0;24.0
13685338;12;1;0;0.0;1;9;3.0;10.0
13686040;27;7;3;15.0;2;19;3.0;34.0
13686381;0;0;6;8.0;1;5;0.0;6.0
13686455;32;24;16;59.0;1;37;0.0;72.0
13686545;7;14;6;25.0;2;26;7.0;20.0
13689059;1;0;0;0.0;1;1;1.0;0.0
13689357;1;3;1;3.0;1;4;1.0;4.0
13690129;1;0;0;0.0;1;0;1.0;0.0
13690188;3;11;2;17.0;1;17;0.0;16.0
13690211;14;3;0;8.0;1;15;2.0;15.0
13690221;2;3;0;3.0;1;4;5.0;0.0
13692579;16;22;6;38.0;1;21;5.0;39.0
13694095;2;1;0;0.0;1;0;3.0;0.0
13694920;1;1;0;0.0;1;0;2.0;0.0
13695067;2;0;0;0.0;1;1;2.0;0.0
13696427;12;13;15;35.0;1;29;0.0;40.0
13696524;1;5;4;6.0;1;6;4.0;6.0
13698096;0;3;4;6.0;1;6;2.0;5.0
13699198;3;1;0;4.0;1;4;0.0;4.0
13699596;1;1;0;0.0;1;0;2.0;0.0
13702180;10;0;2;6.0;1;13;0.0;12.0
13702402;0;10;0;10.0;1;10;0.0;10.0
1370272;2;6;2;8.0;1;6;0.0;10.0
13702863;1;3;2;5.0;1;6;5.0;1.0
1370322;1;5;27;38.0;1;13;0.0;33.0
13703508;1;1;1;1.0;3;1;3.0;0.0
13704263;14;5;5;15.0;1;20;7.0;17.0
13705090;2;12;6;21.0;1;21;0.0;20.0
13705210;2;1;0;2.0;1;2;3.0;0.0
13705241;0;2;0;1.0;1;1;2.0;0.0
13705440;3;20;12;36.0;1;22;0.0;35.0
13705782;12;4;3;16.0;1;14;0.0;19.0
13706593;8;6;3;7.0;1;6;0.0;17.0
13707294;1;14;6;25.0;1;20;0.0;21.0
13707718;9;12;9;31.0;1;25;0.0;30.0
13707848;12;12;6;24.0;1;31;0.0;30.0
1370870;1;2;1;1.0;2;2;4.0;0.0
1370895;0;1;6;6.0;1;5;2.0;5.0
1371329;3;2;1;0.0;1;0;6.0;0.0
13718486;3;69;50;131.0;1;25;2.0;120.0
13718548;2;2;3;3.0;1;3;7.0;0.0
13719350;1;1;0;0.0;1;0;2.0;0.0
13720396;0;0;4;5.0;1;5;0.0;4.0
13720995;5;1;0;2.0;1;6;2.0;4.0
13721112;13;6;1;13.0;1;20;2.0;18.0
13726779;1;5;4;11.0;1;11;0.0;10.0
13727695;1;1;4;4.0;1;4;2.0;4.0
13731446;23;27;5;46.0;1;36;12.0;43.0
13732137;2;3;2;3.0;1;3;7.0;0.0
13732709;4;0;0;1.0;1;3;4.0;0.0
13732903;0;10;7;18.0;1;16;0.0;17.0
13736796;6;0;0;0.0;1;6;0.0;6.0
13736973;1;1;0;0.0;1;0;2.0;0.0
13737082;0;0;1;0.0;1;0;1.0;0.0
13738138;3;1;0;0.0;1;2;4.0;0.0
13738983;4;2;2;6.0;1;8;0.0;8.0
13739447;6;6;3;15.0;1;15;4.0;11.0
13739461;5;3;0;5.0;1;8;0.0;8.0
13739483;12;12;6;24.0;1;31;0.0;30.0
13740765;0;1;1;0.0;1;0;2.0;0.0
13741076;24;11;0;21.0;1;17;2.0;33.0
1374309;5;5;1;6.0;2;8;11.0;0.0
13744518;19;22;11;42.0;1;42;18.0;34.0
13744619;11;2;0;6.0;1;13;0.0;13.0
13745238;0;2;0;1.0;1;1;2.0;0.0
13746572;4;1;2;6.0;2;6;2.0;5.0
13747513;13;10;3;22.0;1;19;6.0;20.0
13747829;7;20;16;37.0;1;22;3.0;40.0
13749973;4;7;2;9.0;1;11;13.0;0.0
137582;0;1;0;1.0;1;1;1.0;0.0
13768802;1;1;0;0.0;1;0;2.0;0.0
13768872;1;3;0;4.0;1;4;4.0;0.0
13768974;16;12;6;24.0;1;31;0.0;34.0
13769082;20;2;0;6.0;1;13;1.0;21.0
13769732;12;12;6;24.0;1;31;0.0;30.0
13772147;22;3;0;19.0;1;12;0.0;25.0
13772646;0;1;0;2.0;1;2;1.0;0.0
13772921;10;12;5;22.0;1;28;0.0;27.0
13773248;1;4;2;6.0;1;7;0.0;7.0
13775595;0;0;3;4.0;1;4;0.0;3.0
13775607;13;5;0;10.0;1;17;0.0;18.0
13776108;0;5;6;12.0;1;12;0.0;11.0
13776443;23;5;5;19.0;1;21;0.0;33.0
13779663;2;1;1;0.0;1;1;4.0;0.0
13779872;2;2;0;2.0;1;3;0.0;4.0
13780028;12;17;12;36.0;1;31;0.0;41.0
13780608;1;1;0;0.0;1;0;2.0;0.0
13780858;2;6;0;8.0;1;8;3.0;5.0
13781209;10;1;0;6.0;1;11;0.0;11.0
13784982;2;3;0;4.0;1;6;0.0;5.0
13785066;0;11;4;15.0;1;7;0.0;15.0
13785081;0;4;0;4.0;1;4;0.0;4.0
13785489;2;2;1;0.0;1;0;5.0;0.0
13786076;17;19;10;41.0;1;31;46.0;0.0
13786513;10;3;1;4.0;1;10;5.0;9.0
13787355;12;3;0;8.0;1;15;0.0;15.0
13787653;0;7;0;7.0;1;7;0.0;7.0
1378918;0;18;2;18.0;1;9;20.0;0.0
1379514;14;30;28;66.0;1;36;9.0;63.0
1379733;0;2;1;2.0;4;2;3.0;0.0
13802653;0;1;1;0.0;1;0;2.0;0.0
13804137;0;19;11;31.0;1;17;0.0;30.0
13804404;18;3;4;8.0;1;15;6.0;19.0
13804664;1;0;0;0.0;1;0;1.0;0.0
1380694;0;24;12;38.0;1;23;1.0;35.0
13808163;0;3;2;5.0;1;5;0.0;5.0
13808985;3;5;0;5.0;1;4;4.0;4.0
13809858;0;3;4;8.0;1;8;0.0;7.0
13810318;3;0;0;4.0;1;2;0.0;3.0
13810351;0;3;0;2.0;1;2;3.0;0.0
13810414;2;0;0;0.0;1;2;2.0;0.0
13810718;4;9;0;11.0;1;11;9.0;4.0
13811392;4;0;0;3.0;1;4;0.0;4.0
13815239;4;3;1;1.0;1;2;8.0;0.0
13816560;1;1;0;0.0;1;0;2.0;0.0
13817425;2;17;13;34.0;2;26;6.0;26.0
13817996;7;0;0;2.0;1;7;0.0;7.0
13820663;0;0;22;33.0;1;4;0.0;22.0
13820705;0;1;1;0.0;1;0;2.0;0.0
13822307;0;4;1;5.0;1;5;0.0;5.0
13822519;2;0;0;0.0;1;0;2.0;0.0
13823138;10;16;2;25.0;1;20;0.0;28.0
13823428;0;1;6;8.0;1;8;0.0;7.0
13823731;1;4;3;9.0;1;9;0.0;8.0
13823971;0;6;0;6.0;1;4;0.0;6.0
13824064;12;0;0;4.0;1;8;0.0;12.0
13826953;0;1;2;3.0;1;3;3.0;0.0
13827479;36;52;33;111.0;1;40;16.0;105.0
13829056;1;1;0;0.0;1;0;2.0;0.0
13829196;34;37;29;89.0;1;40;8.0;92.0
13829382;3;0;5;6.0;1;6;4.0;4.0
13829603;2;1;0;0.0;1;0;3.0;0.0
13829856;0;1;1;0.0;1;0;2.0;0.0
13830525;1;3;1;3.0;1;3;5.0;0.0
13843238;6;2;1;6.0;1;10;9.0;0.0
13844191;0;9;5;12.0;2;12;4.0;10.0
13844615;13;14;22;45.0;1;28;16.0;33.0
13844623;0;12;0;13.0;1;9;3.0;9.0
13844820;4;1;0;0.0;1;4;5.0;0.0
13845137;11;0;5;8.0;1;15;0.0;16.0
13845346;20;6;9;21.0;1;22;2.0;33.0
13848274;2;2;1;3.0;1;3;5.0;0.0
13848693;8;10;4;20.0;1;23;0.0;22.0
13849966;2;0;0;0.0;1;0;2.0;0.0
13850743;29;12;6;31.0;1;31;0.0;47.0
13850924;11;1;0;11.0;1;7;0.0;12.0
13851802;18;13;7;27.0;1;29;7.0;31.0
13851913;0;1;1;1.0;1;1;2.0;0.0
13853731;13;10;5;20.0;1;26;0.0;28.0
13854717;3;9;12;28.0;1;21;1.0;23.0
13854791;2;1;0;0.0;1;0;3.0;0.0
13854979;1;1;1;2.0;1;2;3.0;0.0
13856727;12;12;6;24.0;1;31;0.0;30.0
13856740;1;0;1;2.0;1;2;2.0;0.0
13856852;0;1;1;0.0;1;0;2.0;0.0
13856977;3;5;0;7.0;1;6;2.0;6.0
13857019;3;7;0;10.0;1;10;0.0;10.0
13860121;1;18;10;29.0;1;18;3.0;26.0
13860224;0;2;1;3.0;1;3;3.0;0.0
13860720;7;0;0;1.0;1;7;0.0;7.0
13860938;11;6;0;7.0;1;13;0.0;17.0
13860970;0;16;7;28.0;1;15;0.0;23.0
13861009;12;12;6;24.0;1;31;0.0;30.0
13861649;12;4;0;9.0;1;16;0.0;16.0
13861896;0;0;4;4.0;1;4;0.0;4.0
13862239;8;10;0;18.0;1;14;0.0;18.0
13862821;5;2;7;10.0;1;13;2.0;12.0
13863680;2;0;1;1.0;1;2;3.0;0.0
13864304;18;15;0;23.0;1;28;4.0;29.0
13866492;1;1;0;0.0;1;0;2.0;0.0
13866524;0;10;6;17.0;1;17;0.0;16.0
13866980;0;14;22;41.0;1;14;0.0;36.0
13867118;0;0;3;4.0;1;4;0.0;3.0
13867316;25;7;0;20.0;1;16;0.0;32.0
13867590;15;18;13;42.0;1;30;0.0;46.0
13867955;31;19;12;45.0;1;31;0.0;62.0
13868007;1;1;1;2.0;1;2;3.0;0.0
13869317;3;14;24;45.0;1;17;5.0;36.0
13871205;14;13;4;22.0;1;29;2.0;29.0
13881287;11;0;0;4.0;1;11;0.0;11.0
13881443;2;0;0;0.0;1;1;2.0;0.0
13885093;10;0;0;3.0;1;9;0.0;10.0
13887371;12;29;20;60.0;1;44;42.0;19.0
138874;1;0;1;0.0;2;0;2.0;0.0
13887957;2;1;0;1.0;1;1;3.0;0.0
13888058;12;1;0;6.0;1;13;0.0;13.0
13888642;12;1;0;6.0;1;13;0.0;13.0
13889161;1;2;0;0.0;1;0;3.0;0.0
13889562;21;1;0;9.0;1;15;2.0;20.0
13890573;1;0;0;0.0;1;0;1.0;0.0
13891739;11;1;0;0.0;1;7;3.0;9.0
13891826;18;19;6;36.0;1;31;0.0;43.0
13894597;12;12;1;18.0;1;25;0.0;25.0
13896123;2;4;1;0.0;3;0;7.0;0.0
13897216;12;12;6;24.0;1;31;0.0;30.0
13901361;2;4;3;6.0;1;6;9.0;0.0
13901575;2;2;0;0.0;1;0;4.0;0.0
13901972;0;1;1;0.0;1;0;2.0;0.0
13902163;4;2;0;2.0;1;6;0.0;6.0
13902621;2;4;0;2.0;1;2;6.0;0.0
13902958;8;0;0;1.0;1;8;0.0;8.0
13903225;4;4;6;14.0;1;14;4.0;10.0
13903616;11;26;18;54.0;1;35;3.0;52.0
13903665;9;2;0;6.0;1;10;1.0;10.0
13906960;1;9;4;11.0;1;11;3.0;11.0
13907832;2;0;0;0.0;1;1;2.0;0.0
1390815;9;16;10;35.0;4;24;4.0;31.0
13908520;1;0;1;1.0;1;1;2.0;0.0
13911098;2;1;0;1.0;2;2;3.0;0.0
13922439;13;12;6;25.0;1;31;0.0;31.0
13923071;2;9;1;12.0;1;12;3.0;9.0
13923181;28;33;17;62.0;2;40;10.0;68.0
13923244;0;4;2;6.0;1;5;6.0;0.0
13923678;1;1;1;2.0;1;2;3.0;0.0
13924215;3;2;3;6.0;1;6;8.0;0.0
13924325;0;4;0;4.0;1;4;0.0;4.0
13925052;1;11;10;19.0;1;14;7.0;15.0
13925192;3;3;1;3.0;1;3;7.0;0.0
13925807;3;14;5;21.0;1;18;0.0;22.0
13925823;0;19;7;27.0;1;21;4.0;22.0
13926105;4;3;5;9.0;1;10;4.0;8.0
13926727;0;11;7;19.0;1;17;2.0;16.0
13930074;3;1;1;0.0;1;2;5.0;0.0
13930147;1;0;0;0.0;1;0;1.0;0.0
13930365;15;0;0;4.0;1;11;0.0;15.0
13930387;1;1;1;0.0;1;0;3.0;0.0
13930875;1;2;0;0.0;2;0;3.0;0.0
13931257;1;1;0;0.0;1;1;2.0;0.0
13931867;0;0;0;0.0;1;0;0.0;0.0
13933574;7;14;13;30.0;5;26;22.0;12.0
13934824;0;10;7;19.0;1;17;0.0;17.0
13937569;9;17;7;27.0;1;28;0.0;33.0
13937772;2;2;0;2.0;1;3;4.0;0.0
13938280;0;2;1;2.0;2;2;3.0;0.0
13939334;0;23;14;38.0;1;18;0.0;37.0
13939738;3;1;0;2.0;1;4;0.0;4.0
13940025;1;9;3;13.0;1;12;13.0;0.0
13940049;7;13;0;21.0;1;16;0.0;20.0
13940085;0;0;3;4.0;1;4;0.0;3.0
13940127;0;3;1;5.0;1;5;0.0;4.0
13940273;42;58;1;78.0;1;36;19.0;82.0
13940451;16;6;20;31.0;1;22;2.0;40.0
13940625;3;9;6;18.0;1;15;18.0;0.0
13940701;17;18;0;25.0;1;27;6.0;29.0
13941350;9;11;1;14.0;4;19;21.0;0.0
13944241;3;2;1;3.0;1;3;6.0;0.0
13944754;5;21;0;26.0;1;16;0.0;26.0
13945149;1;1;0;0.0;1;1;2.0;0.0
13946434;1;1;1;1.0;1;1;3.0;0.0
13947428;12;1;0;6.0;1;13;0.0;13.0
13952769;1;2;1;1.0;1;1;4.0;0.0
13953174;3;13;6;23.0;1;23;1.0;21.0
1395396;2;1;0;0.0;2;0;3.0;0.0
13968369;12;16;11;36.0;1;21;2.0;37.0
13968722;1;1;0;0.0;1;0;2.0;0.0
1396920;1;0;0;0.0;1;0;1.0;0.0
13969637;1;2;1;1.0;1;1;4.0;0.0
13971273;2;3;2;3.0;1;4;3.0;4.0
13972491;0;31;2;33.0;1;8;0.0;33.0
13972886;1;1;0;0.0;2;0;2.0;0.0
13976057;1;2;1;1.0;1;1;4.0;0.0
13977202;6;1;2;3.0;1;7;1.0;8.0
13977505;8;2;1;4.0;1;9;5.0;6.0
13980699;2;3;1;1.0;1;2;6.0;0.0
13981849;0;0;1;1.0;1;1;1.0;0.0
13981945;4;13;9;22.0;1;18;8.0;18.0
13982397;1;15;17;36.0;2;23;19.0;14.0
13982605;0;2;4;5.0;1;5;2.0;4.0
13982752;0;1;1;1.0;1;1;2.0;0.0
13982820;1;1;1;1.0;1;1;3.0;0.0
13982822;0;8;1;9.0;1;6;0.0;9.0
13983257;3;12;6;22.0;1;22;0.0;21.0
13983305;3;2;4;5.0;1;7;5.0;4.0
1398336;5;7;3;13.0;2;16;15.0;0.0
13983818;2;0;0;0.0;1;1;2.0;0.0
13984033;0;1;1;0.0;1;0;2.0;0.0
13984132;7;10;0;15.0;1;17;0.0;17.0
13984579;4;10;3;20.0;1;13;0.0;17.0
13984725;1;2;1;1.0;1;1;4.0;0.0
13984763;6;7;2;12.0;1;14;15.0;0.0
13984903;30;19;10;40.0;1;35;7.0;52.0
13984925;1;3;3;6.0;1;5;2.0;5.0
13985028;2;1;1;1.0;1;1;4.0;0.0
13985086;18;45;6;64.0;1;21;2.0;67.0
13985350;1;1;3;4.0;1;4;2.0;3.0
13985675;1;1;0;0.0;1;0;2.0;0.0
13987460;0;6;0;6.0;1;5;0.0;6.0
13987608;2;1;1;4.0;1;4;4.0;0.0
13987761;1;2;3;2.0;1;3;6.0;0.0
13987973;0;0;6;7.0;1;5;0.0;6.0
13988000;1;1;0;0.0;1;0;2.0;0.0
13988850;14;7;0;15.0;1;19;3.0;18.0
13988922;1;1;1;1.0;1;1;3.0;0.0
13988953;0;1;0;0.0;1;0;1.0;0.0
13988960;4;3;2;7.0;1;6;9.0;0.0
13989130;2;1;0;1.0;1;1;3.0;0.0
13989234;1;0;0;0.0;1;1;1.0;0.0
13989467;2;6;1;9.0;1;9;3.0;6.0
13989708;3;2;0;5.0;1;6;5.0;0.0
13990101;0;1;1;0.0;1;0;2.0;0.0
13990279;5;3;3;8.0;1;10;0.0;11.0
13990619;11;0;1;4.0;1;10;6.0;6.0
13990961;18;5;0;16.0;1;16;0.0;23.0
13990962;2;5;6;11.0;1;12;3.0;10.0
13991366;1;1;1;0.0;1;0;3.0;0.0
13991507;3;1;0;4.0;1;4;0.0;4.0
13991834;1;0;2;9.0;1;3;0.0;3.0
13992404;1;0;0;0.0;1;1;1.0;0.0
14002986;0;2;0;2.0;1;2;2.0;0.0
14003740;14;27;31;69.0;1;31;3.0;69.0
14004134;0;3;0;3.0;1;3;0.0;3.0
14006524;2;1;0;1.0;1;1;2.0;1.0
14007071;0;7;14;24.0;1;11;0.0;21.0
14007129;3;1;1;1.0;1;1;5.0;0.0
14007308;13;23;6;35.0;2;32;0.0;42.0
14007563;1;1;1;1.0;1;1;3.0;0.0
14007833;23;9;2;15.0;1;20;3.0;31.0
14008294;4;1;0;1.0;1;5;0.0;5.0
14008340;2;10;4;13.0;2;13;2.0;14.0
14008562;0;10;16;27.0;1;12;0.0;26.0
14009190;0;4;0;4.0;1;4;0.0;4.0
14009308;0;10;0;11.0;1;11;0.0;10.0
14009310;0;1;13;17.0;1;8;0.0;14.0
1400932;1;2;2;5.0;1;5;5.0;0.0
14010192;2;0;0;1.0;1;1;2.0;0.0
14010233;0;11;7;21.0;1;18;0.0;18.0
14010369;0;11;0;11.0;1;11;0.0;11.0
1401264;12;3;0;8.0;1;15;0.0;15.0
14013524;1;8;3;12.0;1;12;2.0;10.0
14014482;2;0;2;2.0;1;4;0.0;4.0
14014717;4;1;0;1.0;2;2;5.0;0.0
14016212;12;8;0;14.0;1;17;12.0;8.0
14016580;4;4;1;9.0;1;9;0.0;9.0
14016742;39;9;6;33.0;1;20;3.0;51.0
14019139;1;0;0;0.0;1;0;1.0;0.0
14019563;1;0;0;0.0;1;1;1.0;0.0
14021233;50;7;0;36.0;1;19;2.0;55.0
14021945;1;0;0;0.0;1;0;1.0;0.0
14022070;1;1;1;0.0;1;0;3.0;0.0
14024910;0;4;0;4.0;1;4;0.0;4.0
14025354;15;2;9;15.0;1;17;0.0;26.0
14027765;2;1;0;0.0;1;0;3.0;0.0
140279;2;2;2;5.0;1;5;6.0;0.0
14028161;0;0;8;10.0;1;5;0.0;8.0
14028206;1;2;0;2.0;3;2;3.0;0.0
14029069;1;3;1;4.0;1;3;5.0;0.0
14029199;7;18;16;45.0;1;26;2.0;39.0
1402939;2;11;3;14.0;1;13;6.0;10.0
14029652;5;4;0;4.0;1;9;0.0;9.0
14039454;3;0;0;0.0;1;4;3.0;0.0
14039645;0;0;1;1.0;1;1;1.0;0.0
14040212;1;0;4;5.0;2;6;0.0;5.0
14040304;1;1;0;0.0;1;0;2.0;0.0
14040647;0;4;6;10.0;1;9;4.0;6.0
14040752;5;11;8;22.0;1;23;13.0;11.0
14042297;1;13;21;39.0;1;19;1.0;34.0
14043249;2;0;0;0.0;1;1;2.0;0.0
14045812;2;2;0;2.0;1;3;4.0;0.0
14047025;4;14;7;23.0;1;23;4.0;21.0
14048126;9;10;0;16.0;1;11;0.0;19.0
14048191;3;1;0;1.0;1;1;4.0;0.0
14048440;10;25;22;61.0;1;30;8.0;49.0
14048486;3;0;1;1.0;1;4;0.0;4.0
14048779;7;0;0;0.0;1;7;0.0;7.0
14049393;12;53;18;87.0;2;49;19.0;64.0
14049547;1;1;0;0.0;1;0;2.0;0.0
14051722;36;15;1;15.0;3;15;5.0;47.0
14052561;1;1;1;1.0;1;1;3.0;0.0
14052565;1;1;0;0.0;1;0;2.0;0.0
14052807;12;17;9;34.0;1;39;14.0;24.0
14052831;0;2;6;9.0;1;9;0.0;8.0
14053427;0;24;19;45.0;1;13;0.0;43.0
14053594;17;12;7;26.0;1;31;0.0;36.0
14053883;15;8;1;14.0;1;19;11.0;13.0
14054286;17;4;5;15.0;1;15;0.0;26.0
14054742;5;24;12;43.0;1;23;0.0;41.0
14055010;2;10;0;11.0;1;6;12.0;0.0
14055737;1;1;0;2.0;1;2;2.0;0.0
14055782;1;1;1;1.0;1;1;3.0;0.0
14058334;0;2;0;2.0;1;2;2.0;0.0
14059349;8;9;0;17.0;1;13;0.0;17.0
14059501;0;1;1;0.0;1;0;2.0;0.0
14060630;0;9;0;9.0;1;5;0.0;9.0
14060730;19;16;0;26.0;1;20;0.0;35.0
14061057;2;5;0;6.0;1;6;0.0;7.0
14061153;0;1;1;0.0;1;0;2.0;0.0
14061315;3;6;1;7.0;1;8;6.0;4.0
14061369;0;19;11;30.0;1;7;0.0;30.0
14064029;12;9;0;14.0;1;21;0.0;21.0
14064217;8;5;0;9.0;1;12;3.0;10.0
14064979;0;0;4;5.0;1;5;0.0;4.0
14065024;12;12;6;24.0;1;31;0.0;30.0
14066437;1;7;2;7.0;1;7;6.0;4.0
14066526;2;1;1;0.0;1;0;4.0;0.0
14067060;1;4;0;3.0;3;3;1.0;4.0
1407517;38;36;12;64.0;1;31;0.0;86.0
14081641;12;15;4;23.0;1;28;3.0;28.0
14082336;3;2;0;5.0;1;5;0.0;5.0
14082911;0;1;0;2.0;1;2;1.0;0.0
14082991;2;0;0;1.0;1;1;2.0;0.0
14083513;1;0;1;0.0;1;0;2.0;0.0
14083528;8;1;0;1.0;1;8;0.0;9.0
14083637;2;1;0;0.0;1;1;3.0;0.0
14083710;21;35;19;72.0;1;47;4.0;71.0
14084176;12;19;5;29.0;1;29;7.0;29.0
14084684;28;17;12;42.0;1;31;0.0;57.0
140847;0;1;0;0.0;2;0;1.0;0.0
14085602;8;2;0;4.0;4;11;1.0;9.0
14085800;2;3;2;5.0;1;7;1.0;6.0
14086124;10;13;11;31.0;1;30;1.0;33.0
14088226;1;1;0;0.0;1;1;2.0;0.0
1408976;3;3;0;4.0;2;6;0.0;6.0
14089942;7;0;0;3.0;1;6;0.0;7.0
14091809;0;11;6;18.0;1;18;0.0;17.0
14095576;3;2;0;1.0;1;3;5.0;0.0
14097554;5;9;3;11.0;1;13;6.0;11.0
14098000;3;4;0;5.0;1;2;7.0;0.0
14098360;1;1;0;2.0;1;3;2.0;0.0
14101021;2;0;0;2.0;1;2;2.0;0.0
14102290;0;36;26;66.0;1;24;6.0;56.0
1410358;1;1;0;0.0;1;0;2.0;0.0
14103729;12;1;0;4.0;1;11;2.0;11.0
14104182;0;5;1;7.0;1;7;0.0;6.0
14104279;0;1;0;0.0;1;0;1.0;0.0
1410661;17;13;3;29.0;3;30;23.0;10.0
14117215;8;12;4;21.0;1;23;0.0;24.0
14117608;12;9;1;15.0;1;22;0.0;22.0
14117621;14;0;0;4.0;1;7;0.0;14.0
14117886;1;0;0;1.0;1;1;1.0;0.0
14118400;0;2;1;0.0;1;0;3.0;0.0
14119573;1;1;0;0.0;1;0;2.0;0.0
14119710;2;5;0;4.0;1;4;3.0;4.0
14120221;1;1;0;0.0;1;0;2.0;0.0
14120415;9;0;2;3.0;2;6;0.0;11.0
14120673;0;23;0;23.0;1;9;0.0;23.0
14121107;3;4;3;10.0;1;10;0.0;10.0
14123209;1;1;0;1.0;1;1;2.0;0.0
14124728;5;7;2;13.0;1;16;5.0;9.0
14125223;11;12;4;21.0;1;27;0.0;27.0
1412662;3;12;6;25.0;2;19;0.0;21.0
14126868;3;4;2;9.0;1;9;0.0;9.0
141276;1;10;6;16.0;2;14;3.0;14.0
14129356;0;0;0;0.0;1;0;0.0;0.0
14129846;2;0;0;0.0;1;0;2.0;0.0
14130382;4;0;0;4.0;1;4;0.0;4.0
14131224;9;0;0;2.0;1;9;0.0;9.0
14132516;11;18;8;35.0;1;29;9.0;28.0
14132746;0;11;9;22.0;1;18;0.0;20.0
14132982;0;0;1;0.0;1;0;1.0;0.0
14133431;4;3;1;5.0;1;8;2.0;6.0
14135374;4;0;0;2.0;1;4;0.0;4.0
1413542;2;4;5;8.0;1;8;11.0;0.0
1413649;36;1;7;15.0;1;15;0.0;44.0
14136588;1;1;0;0.0;1;0;2.0;0.0
14137087;0;0;4;4.0;1;3;0.0;4.0
14138829;11;2;0;5.0;1;12;2.0;11.0
14138868;40;49;41;109.0;5;52;19.0;111.0
14138875;0;3;1;2.0;1;2;4.0;0.0
14139024;0;1;0;0.0;1;0;1.0;0.0
14141872;3;3;0;2.0;2;2;6.0;0.0
14142555;2;0;0;1.0;1;1;2.0;0.0
14143012;0;3;3;6.0;1;6;0.0;6.0
14143042;1;12;11;20.0;3;15;20.0;4.0
14143202;3;1;0;2.0;1;2;4.0;0.0
14143746;17;17;15;42.0;1;46;27.0;22.0
14144305;0;11;24;39.0;1;12;0.0;35.0
14144781;14;6;0;11.0;1;18;0.0;20.0
14145451;0;4;4;8.0;1;8;0.0;8.0
14145499;0;2;0;1.0;1;1;2.0;0.0
14146390;0;1;1;1.0;1;1;2.0;0.0
14156164;2;0;7;11.0;1;5;2.0;7.0
14157528;24;34;24;66.0;1;41;11.0;71.0
14159573;10;10;0;14.0;1;19;17.0;3.0
14159947;2;1;1;1.0;1;1;4.0;0.0
14163700;0;2;0;0.0;1;0;2.0;0.0
14163767;9;1;0;0.0;1;7;2.0;8.0
14164114;0;2;1;3.0;1;3;3.0;0.0
14165291;1;0;0;0.0;1;1;0.0;1.0
14165396;0;1;0;0.0;1;0;1.0;0.0
14165966;7;9;0;10.0;1;15;3.0;13.0
14166338;4;3;2;0.0;1;2;9.0;0.0
14166502;5;2;2;4.0;1;6;2.0;7.0
14166599;22;14;1;18.0;3;24;5.0;32.0
14167491;2;1;1;3.0;1;4;4.0;0.0
14169924;4;27;32;66.0;1;31;18.0;45.0
14170234;0;1;0;0.0;1;0;1.0;0.0
1417173;8;20;0;24.0;2;17;1.0;27.0
14171733;1;0;1;0.0;1;0;2.0;0.0
14172175;5;7;5;15.0;1;16;2.0;15.0
14172184;1;1;1;0.0;1;0;3.0;0.0
14172275;4;11;0;15.0;1;15;0.0;15.0
14172309;0;2;4;6.0;1;6;2.0;4.0
14172591;7;8;0;7.0;1;12;11.0;4.0
1417268;1;1;1;0.0;1;0;3.0;0.0
1417556;2;1;0;0.0;2;1;3.0;0.0
14176149;1;1;0;0.0;1;0;2.0;0.0
1417747;7;0;0;0.0;1;7;0.0;7.0
14178699;15;36;5;52.0;1;28;19.0;37.0
14179215;4;0;0;0.0;1;4;0.0;4.0
14179394;1;3;3;6.0;1;6;6.0;1.0
14179451;1;1;0;0.0;2;0;2.0;0.0
14184890;1;3;0;0.0;1;0;4.0;0.0
14185156;0;2;0;2.0;1;2;2.0;0.0
141872;24;6;21;37.0;1;22;0.0;51.0
1419092;0;1;0;0.0;1;0;1.0;0.0
14196396;2;9;6;13.0;2;10;3.0;14.0
14196743;4;0;0;0.0;1;4;0.0;4.0
14197013;21;10;2;19.0;1;22;2.0;31.0
14197210;2;2;1;2.0;1;2;5.0;0.0
14198580;3;16;34;53.0;1;25;4.0;49.0
14199526;1;2;0;2.0;1;2;3.0;0.0
14199769;3;3;0;6.0;1;6;0.0;6.0
14205860;22;19;11;40.0;1;40;11.0;41.0
14206141;0;3;1;2.0;1;2;4.0;0.0
14206151;1;2;3;7.0;1;7;0.0;6.0
14209228;2;2;2;4.0;3;5;6.0;0.0
14209526;5;0;0;1.0;1;5;0.0;5.0
14209934;2;2;1;3.0;1;3;5.0;0.0
14210457;5;0;0;0.0;1;5;0.0;5.0
14211614;10;12;2;19.0;1;24;0.0;24.0
14211976;13;5;7;19.0;1;24;0.0;25.0
14212315;0;0;4;4.0;1;3;0.0;4.0
14212326;1;9;0;10.0;1;6;0.0;10.0
14215701;0;1;0;0.0;1;0;1.0;0.0
14217840;7;3;0;4.0;1;8;2.0;8.0
14217841;3;72;64;148.0;1;23;5.0;134.0
14217877;6;23;13;39.0;1;25;9.0;33.0
14218099;0;4;0;4.0;1;4;0.0;4.0
14218155;12;12;6;24.0;1;31;0.0;30.0
14218393;1;4;0;5.0;2;5;0.0;5.0
14221460;0;11;9;21.0;2;15;7.0;13.0
14222244;36;27;15;57.0;1;36;6.0;72.0
14222865;4;3;1;4.0;2;5;8.0;0.0
142257;2;13;2;17.0;1;12;0.0;17.0
14226070;11;13;7;25.0;1;29;17.0;14.0
142270;7;12;0;15.0;3;18;8.0;11.0
142275;9;1;1;1.0;1;9;3.0;8.0
14236791;1;1;1;0.0;1;0;3.0;0.0
14238785;1;0;0;0.0;1;0;1.0;0.0
14242707;12;5;0;10.0;1;17;0.0;17.0
14245045;5;0;4;5.0;1;10;0.0;9.0
14245471;9;0;8;11.0;1;14;2.0;15.0
14247135;1;1;0;0.0;1;0;2.0;0.0
14247271;1;1;0;2.0;1;2;2.0;0.0
14247575;9;1;0;5.0;1;11;3.0;7.0
14247611;9;12;4;22.0;1;24;0.0;25.0
14247893;2;1;0;0.0;1;0;3.0;0.0
14250030;0;1;1;0.0;1;0;2.0;0.0
14251604;3;0;0;2.0;1;2;3.0;0.0
14252864;3;1;0;0.0;1;2;4.0;0.0
14252943;4;5;3;5.0;1;6;12.0;0.0
14256581;0;0;1;0.0;1;0;1.0;0.0
14256881;12;12;6;24.0;1;30;0.0;30.0
14257252;1;0;0;0.0;1;0;1.0;0.0
14258891;1;1;1;1.0;1;1;3.0;0.0
14259585;1;6;6;14.0;1;14;0.0;13.0
14260009;0;4;0;4.0;1;4;0.0;4.0
1426565;0;1;1;2.0;1;2;2.0;0.0
14266194;1;1;0;0.0;1;0;2.0;0.0
14266459;0;1;1;1.0;1;1;2.0;0.0
14266492;2;0;11;16.0;1;9;0.0;13.0
14266651;0;2;4;6.0;1;6;0.0;6.0
14266707;24;18;0;28.0;1;21;0.0;42.0
14267231;4;12;8;23.0;3;22;24.0;0.0
14267275;0;5;2;7.0;1;7;1.0;6.0
1427593;2;0;0;0.0;1;2;2.0;0.0
14279195;6;21;6;28.0;1;26;13.0;20.0
14279814;14;7;0;11.0;1;17;0.0;21.0
14280008;5;11;2;11.0;1;10;18.0;0.0
14280249;1;2;1;1.0;1;1;4.0;0.0
14281096;0;4;1;2.0;1;2;5.0;0.0
14281298;34;16;6;27.0;1;34;7.0;49.0
14284449;1;1;0;2.0;1;2;2.0;0.0
14289697;15;5;2;7.0;1;12;0.0;22.0
14289894;19;2;3;7.0;1;14;5.0;19.0
14289936;1;0;0;0.0;1;1;1.0;0.0
14290083;7;15;7;24.0;1;24;6.0;23.0
14290440;0;6;4;10.0;1;10;0.0;10.0
14290455;0;1;0;1.0;1;1;1.0;0.0
14290782;2;5;2;6.0;1;6;9.0;0.0
142923;1;11;5;15.0;1;15;2.0;15.0
14294275;9;0;0;2.0;1;9;0.0;9.0
14294530;2;4;1;2.0;1;2;7.0;0.0
14295206;1;1;1;3.0;1;3;3.0;0.0
1429633;0;9;8;18.0;1;15;0.0;17.0
14300846;22;12;5;25.0;1;29;0.0;39.0
14301468;0;12;12;26.0;1;16;0.0;24.0
1430258;21;20;7;36.0;1;36;40.0;8.0
14302641;0;6;6;15.0;1;10;2.0;10.0
1430553;2;2;6;9.0;1;9;0.0;10.0
14307571;14;11;0;19.0;2;12;1.0;24.0
14307664;7;0;0;5.0;1;7;0.0;7.0
14307836;0;2;0;1.0;1;1;2.0;0.0
14307851;3;0;0;3.0;1;3;0.0;3.0
14308527;7;2;1;1.0;1;7;3.0;7.0
14308543;28;0;0;22.0;2;11;0.0;28.0
14309852;10;10;4;19.0;1;23;24.0;0.0
14310340;41;28;15;46.0;5;39;16.0;68.0
14310432;9;0;1;2.0;1;9;2.0;8.0
14310511;0;1;0;0.0;1;0;1.0;0.0
14311619;10;16;11;35.0;1;30;13.0;24.0
1431182;6;7;0;10.0;3;11;13.0;0.0
14324847;20;18;6;36.0;1;43;30.0;14.0
14325916;1;1;0;0.0;1;0;2.0;0.0
14326849;2;5;1;8.0;1;7;0.0;8.0
14329306;13;4;0;10.0;1;16;0.0;17.0
1433093;16;19;5;31.0;3;36;29.0;11.0
14333315;0;1;0;1.0;1;1;1.0;0.0
14334329;0;6;8;16.0;1;14;8.0;6.0
14339506;1;1;0;0.0;1;0;2.0;0.0
14340137;1;1;0;0.0;1;0;2.0;0.0
14340257;1;2;1;5.0;1;4;0.0;4.0
1434684;1;1;0;1.0;1;2;2.0;0.0
14349439;6;3;1;3.0;1;5;10.0;0.0
14349917;2;0;0;0.0;1;1;2.0;0.0
1436084;1;2;1;0.0;1;0;4.0;0.0
1436359;8;4;1;6.0;1;11;13.0;0.0
14372550;1;0;0;0.0;1;0;1.0;0.0
14373465;29;25;17;53.0;1;48;26.0;45.0
14373978;4;2;1;1.0;1;2;7.0;0.0
143740;1;3;5;7.0;1;7;3.0;6.0
14375449;2;1;0;4.0;1;4;0.0;3.0
14376747;17;0;0;15.0;1;8;1.0;16.0
14376805;11;1;0;5.0;1;11;3.0;9.0
14380991;10;0;0;3.0;2;8;0.0;10.0
14383255;16;4;1;10.0;1;14;0.0;21.0
14388338;2;0;0;0.0;1;1;2.0;0.0
14389274;4;1;2;4.0;1;6;2.0;5.0
14391117;6;2;1;5.0;1;5;4.0;5.0
14392318;1;0;1;1.0;1;1;2.0;0.0
14396071;5;1;0;2.0;1;4;6.0;0.0
1440880;1;12;6;19.0;2;16;0.0;19.0
1441379;1;9;2;11.0;1;11;1.0;11.0
14421199;13;15;2;25.0;1;19;0.0;30.0
14421339;0;0;2;1.0;1;1;2.0;0.0
14424376;3;3;2;5.0;1;7;4.0;4.0
14432810;0;2;1;0.0;1;0;3.0;0.0
14433252;21;12;6;26.0;1;31;0.0;39.0
14433536;15;1;1;14.0;1;10;1.0;16.0
14433751;0;8;1;9.0;1;5;0.0;9.0
1443548;5;0;0;4.0;1;5;0.0;5.0
14439;5;5;3;8.0;4;9;13.0;0.0
1445651;1;1;1;0.0;2;0;3.0;0.0
14458013;1;1;1;0.0;1;0;3.0;0.0
14458195;12;2;18;26.0;1;17;3.0;29.0
14459011;3;4;4;10.0;1;12;3.0;8.0
14459264;1;1;2;4.0;1;3;4.0;0.0
14459576;0;2;1;1.0;1;1;3.0;0.0
14459963;0;0;5;6.0;1;6;0.0;5.0
14461188;12;19;11;37.0;1;26;2.0;40.0
14461779;0;5;6;12.0;1;9;0.0;11.0
14463002;1;4;0;4.0;1;4;5.0;0.0
14463398;13;6;2;16.0;1;15;1.0;20.0
14467329;1;1;1;0.0;1;0;3.0;0.0
14467574;0;4;0;4.0;1;4;0.0;4.0
1446816;1;1;1;3.0;1;3;3.0;0.0
14468960;1;1;0;1.0;1;1;2.0;0.0
14469129;1;1;0;1.0;1;1;2.0;0.0
14470103;15;12;4;21.0;1;28;0.0;31.0
14470291;12;12;7;24.0;1;31;2.0;29.0
14470421;12;12;6;24.0;1;31;0.0;30.0
14470925;2;2;0;1.0;1;2;4.0;0.0
14470934;18;17;3;24.0;3;30;11.0;27.0
14471103;0;3;5;10.0;1;8;0.0;8.0
14471331;2;1;0;0.0;1;0;3.0;0.0
1447421;1;0;0;0.0;2;0;1.0;0.0
14474983;0;4;0;4.0;1;4;0.0;4.0
14475772;8;0;1;1.0;1;9;2.0;7.0
14475938;12;12;6;24.0;1;31;0.0;30.0
14476309;1;2;1;0.0;1;0;4.0;0.0
14476810;0;1;9;12.0;1;8;2.0;8.0
14477659;12;1;2;7.0;1;13;3.0;12.0
14477796;0;5;5;10.0;1;9;0.0;10.0
14477879;3;2;6;9.0;1;10;0.0;11.0
14478113;3;15;4;19.0;1;10;3.0;19.0
1447985;0;13;0;13.0;1;10;0.0;13.0
14481410;2;1;1;0.0;1;1;4.0;0.0
14482998;11;7;0;12.0;1;18;0.0;18.0
14483442;1;1;0;0.0;1;0;2.0;0.0
14485088;0;3;1;3.0;1;3;4.0;0.0
14485312;0;9;0;9.0;1;9;0.0;9.0
14485481;0;1;1;2.0;1;2;2.0;0.0
14488883;20;4;3;20.0;1;21;0.0;27.0
14489387;1;5;2;10.0;1;10;4.0;4.0
14489492;14;4;2;10.0;1;17;5.0;15.0
14490274;1;1;1;0.0;1;0;3.0;0.0
14490504;0;11;0;11.0;1;11;0.0;11.0
14491949;2;2;0;0.0;1;2;4.0;0.0
14493084;12;5;0;10.0;1;17;0.0;17.0
14493108;1;9;4;13.0;2;13;14.0;0.0
14493451;3;8;0;11.0;1;11;0.0;11.0
14508307;0;0;1;0.0;1;0;1.0;0.0
14508317;0;24;30;60.0;1;15;0.0;54.0
14508338;4;9;1;14.0;1;15;3.0;11.0
14508697;1;1;0;0.0;1;0;2.0;0.0
14508846;4;2;0;1.0;1;4;2.0;4.0
14510012;3;1;1;2.0;1;4;5.0;0.0
14511920;0;1;0;0.0;1;0;1.0;0.0
14515146;3;0;0;1.0;1;2;3.0;0.0
14515608;9;10;0;18.0;2;13;1.0;18.0
14515800;1;0;0;0.0;1;0;1.0;0.0
14515930;0;4;0;4.0;1;3;0.0;4.0
14516170;3;1;0;4.0;1;4;0.0;4.0
14517118;1;1;6;10.0;1;9;1.0;7.0
1451855;15;17;6;28.0;1;31;0.0;38.0
14518696;0;6;12;20.0;1;10;0.0;18.0
14518713;1;2;6;13.0;1;5;3.0;6.0
14519600;3;0;0;4.0;1;2;3.0;0.0
1452053;1;1;0;0.0;1;0;2.0;0.0
14525580;0;2;5;7.0;1;7;4.0;3.0
14525735;4;3;0;3.0;1;7;0.0;7.0
14526423;6;8;6;18.0;1;20;13.0;7.0
14526699;2;1;0;0.0;1;0;3.0;0.0
14527915;0;13;9;25.0;1;18;0.0;22.0
14528146;0;2;3;3.0;1;3;5.0;0.0
14528295;13;4;0;10.0;1;16;0.0;17.0
14529017;3;2;1;0.0;1;2;6.0;0.0
14529191;1;1;0;0.0;1;0;2.0;0.0
14532511;5;3;0;3.0;1;6;2.0;6.0
14532635;10;24;5;34.0;1;24;23.0;16.0
14532968;19;20;8;37.0;1;41;8.0;39.0
14533508;14;3;0;7.0;1;15;12.0;5.0
1453534;6;12;4;16.0;1;19;2.0;20.0
14535391;1;0;0;1.0;1;1;1.0;0.0
14535502;6;26;15;46.0;1;24;0.0;47.0
14536218;6;6;2;13.0;1;13;14.0;0.0
14548179;0;1;0;0.0;3;0;1.0;0.0
14548819;3;7;3;9.0;1;11;5.0;8.0
14548900;12;12;0;17.0;1;24;0.0;24.0
14548987;1;0;1;0.0;2;0;2.0;0.0
14549624;4;2;4;6.0;1;8;6.0;4.0
14549728;1;0;0;0.0;1;0;1.0;0.0
14550822;8;9;1;14.0;2;18;18.0;0.0
14555908;15;37;23;69.0;1;32;2.0;73.0
14558443;0;0;9;12.0;1;7;0.0;9.0
14558868;3;5;3;11.0;1;10;0.0;11.0
14559038;4;2;4;10.0;1;10;0.0;10.0
14560488;0;11;6;18.0;1;18;0.0;17.0
14562924;0;3;0;3.0;1;3;3.0;0.0
14564093;0;12;6;19.0;1;19;0.0;18.0
14564981;2;0;0;2.0;1;1;2.0;0.0
14565798;1;11;1;13.0;1;9;1.0;12.0
14565928;12;0;0;3.0;2;10;2.0;10.0
14566321;12;6;0;11.0;1;18;0.0;18.0
14566546;2;1;0;0.0;1;0;3.0;0.0
14566874;3;5;7;12.0;1;13;8.0;7.0
14569171;3;1;3;9.0;1;8;0.0;7.0
14570190;2;0;0;0.0;2;0;2.0;0.0
14570583;26;5;2;11.0;2;20;14.0;19.0
14571878;0;4;0;5.0;1;5;0.0;4.0
14572172;0;4;4;9.0;1;9;0.0;8.0
14572622;8;21;6;34.0;1;27;0.0;35.0
14572831;11;6;1;12.0;1;18;0.0;18.0
14575255;0;4;6;11.0;1;11;0.0;10.0
14576438;14;8;0;13.0;1;20;0.0;22.0
14576456;1;1;1;0.0;1;0;3.0;0.0
14576971;30;28;52;98.0;1;26;0.0;110.0
1457741;24;0;6;15.0;1;19;9.0;21.0
14578372;0;1;0;0.0;1;0;1.0;0.0
14578563;1;1;0;0.0;1;0;2.0;0.0
14578698;13;0;13;22.0;1;14;3.0;23.0
14579255;2;11;6;18.0;1;20;0.0;19.0
14579980;0;4;0;4.0;1;4;0.0;4.0
14591310;5;0;0;5.0;1;5;0.0;5.0
14592078;12;0;0;11.0;1;5;0.0;12.0
14592716;0;1;1;1.0;1;1;2.0;0.0
14593223;3;3;5;11.0;1;13;11.0;0.0
14593833;12;5;0;10.0;1;17;0.0;17.0
14594238;10;4;14;22.0;1;18;5.0;23.0
14594315;10;12;6;24.0;1;30;1.0;27.0
14598161;1;1;0;0.0;1;1;2.0;0.0
14598303;4;0;0;0.0;1;4;0.0;4.0
14598482;2;1;1;1.0;1;1;4.0;0.0
14598961;12;12;6;24.0;1;31;0.0;30.0
1460148;0;4;0;3.0;1;3;0.0;4.0
1460234;0;3;6;10.0;1;10;0.0;9.0
14605206;1;0;0;1.0;1;1;1.0;0.0
14605321;18;16;2;26.0;1;28;6.0;30.0
14606351;9;0;0;2.0;1;9;0.0;9.0
14606749;0;3;9;13.0;1;9;0.0;12.0
14607274;0;11;5;17.0;2;17;0.0;16.0
14607559;13;1;0;2.0;1;8;2.0;12.0
14607993;3;3;0;5.0;1;7;1.0;5.0
1460948;5;4;1;7.0;1;10;6.0;4.0
14610378;1;1;0;0.0;1;0;2.0;0.0
14610547;2;0;0;0.0;1;0;2.0;0.0
14612121;2;11;0;13.0;1;13;0.0;13.0
14612655;13;12;6;26.0;1;30;0.0;31.0
14612750;10;0;0;3.0;1;10;0.0;10.0
14612802;3;4;1;6.0;1;6;8.0;0.0
14612809;5;2;0;7.0;1;7;0.0;7.0
14612890;0;0;2;3.0;1;3;2.0;0.0
14613469;0;0;4;5.0;1;4;0.0;4.0
14613696;0;8;6;15.0;1;15;0.0;14.0
14613728;0;2;12;15.0;1;9;0.0;14.0
14616142;8;5;0;7.0;1;13;2.0;11.0
14617504;31;9;0;22.0;1;18;0.0;40.0
14617805;18;19;4;33.0;1;28;3.0;38.0
14618301;5;16;6;27.0;1;22;27.0;0.0
14618894;12;11;0;16.0;1;23;0.0;23.0
14619157;0;4;12;18.0;1;9;0.0;16.0
14619513;16;15;0;28.0;1;18;0.0;31.0
14631222;0;1;0;0.0;1;0;1.0;0.0
14632198;4;0;0;0.0;2;4;0.0;4.0
14632371;0;17;1;18.0;1;15;8.0;10.0
14632596;5;7;14;30.0;1;22;4.0;22.0
14633674;2;1;0;0.0;1;0;3.0;0.0
14634409;0;1;1;0.0;1;0;2.0;0.0
14634448;1;23;25;52.0;1;20;0.0;49.0
14634592;2;2;0;4.0;1;4;0.0;4.0
14634670;5;14;4;22.0;1;20;0.0;23.0
14635181;2;2;0;2.0;1;3;4.0;0.0
14635189;0;7;0;7.0;1;7;0.0;7.0
14635829;1;1;0;0.0;1;0;2.0;0.0
14635859;3;4;6;11.0;1;10;9.0;4.0
14636490;0;143;36;179.0;2;22;4.0;175.0
14636672;3;7;1;12.0;1;12;0.0;11.0
14637211;0;6;10;18.0;1;10;0.0;16.0
14639838;2;2;1;3.0;1;4;5.0;0.0
14641850;1;1;0;0.0;1;0;2.0;0.0
14641874;15;5;0;10.0;1;16;0.0;20.0
14641881;3;5;3;10.0;1;10;11.0;0.0
14642235;1;3;2;4.0;1;4;2.0;4.0
14642474;0;1;4;5.0;1;5;5.0;0.0
14642919;0;0;1;1.0;1;1;1.0;0.0
14645087;5;2;1;4.0;1;6;8.0;0.0
14645112;0;3;6;10.0;1;10;0.0;9.0
14645818;0;0;6;6.0;1;4;1.0;5.0
14646440;10;5;1;9.0;1;14;1.0;15.0
14646875;2;8;9;18.0;2;12;2.0;17.0
14647218;8;11;4;17.0;1;15;0.0;23.0
14647371;5;0;1;0.0;1;4;2.0;4.0
14647893;1;1;1;0.0;1;0;3.0;0.0
14648217;9;12;10;27.0;1;27;0.0;31.0
14650888;1;1;0;0.0;1;1;2.0;0.0
14651405;11;8;2;23.0;1;15;1.0;20.0
14652063;0;0;1;0.0;1;0;1.0;0.0
14652186;9;17;2;23.0;1;20;22.0;6.0
14652871;2;0;2;2.0;1;4;0.0;4.0
14653289;0;0;0;0.0;1;0;0.0;0.0
14654391;6;0;0;3.0;1;6;1.0;5.0
14656007;12;12;2;19.0;1;26;0.0;26.0
14656762;5;10;0;15.0;1;15;0.0;15.0
14657341;1;1;0;0.0;1;0;2.0;0.0
14657543;3;7;0;9.0;1;8;4.0;6.0
14659005;1;1;0;0.0;1;0;2.0;0.0
14659135;7;12;17;36.0;1;25;0.0;36.0
14669488;12;12;4;21.0;1;28;0.0;28.0
14670189;4;2;2;5.0;1;6;3.0;5.0
14670439;7;6;9;19.0;1;18;4.0;18.0
14671109;0;4;22;30.0;2;14;4.0;22.0
14671839;1;0;0;0.0;1;0;1.0;0.0
14672615;8;15;0;23.0;1;11;0.0;23.0
14672924;4;6;6;13.0;1;11;0.0;16.0
14673156;14;15;2;23.0;1;29;5.0;26.0
14676070;0;1;1;1.0;1;1;2.0;0.0
14676350;3;3;2;3.0;1;5;8.0;0.0
14677577;1;0;0;0.0;1;0;1.0;0.0
14678845;0;12;11;25.0;2;25;8.0;15.0
14679924;0;0;5;6.0;1;5;0.0;5.0
14681290;0;13;24;39.0;1;11;0.0;37.0
14681511;12;9;0;14.0;1;21;0.0;21.0
14681581;13;2;1;14.0;1;6;6.0;10.0
14681794;0;0;0;0.0;1;0;0.0;0.0
14681917;17;21;16;48.0;1;30;0.0;54.0
14681933;1;5;1;6.0;1;6;7.0;0.0
14682057;12;12;6;24.0;1;31;0.0;30.0
14682060;1;1;0;0.0;1;0;2.0;0.0
14682131;2;4;0;6.0;1;2;0.0;6.0
14683565;1;0;1;0.0;1;0;2.0;0.0
14684173;1;10;8;17.0;1;16;6.0;13.0
14684210;8;11;9;28.0;1;24;11.0;17.0
14685968;1;1;0;0.0;1;0;2.0;0.0
14686924;3;11;9;25.0;1;20;19.0;4.0
14686942;10;1;0;4.0;1;11;0.0;11.0
14688437;0;2;2;4.0;1;4;4.0;0.0
14688718;12;3;0;8.0;1;15;0.0;15.0
1468913;3;10;3;14.0;2;13;2.0;14.0
14689477;0;11;8;20.0;1;17;0.0;19.0
14691205;12;9;0;14.0;1;21;0.0;21.0
1469190;0;0;5;5.0;1;3;0.0;5.0
146929;0;1;1;0.0;2;0;2.0;0.0
14693310;1;0;0;0.0;1;1;1.0;0.0
14693906;4;8;0;12.0;1;12;2.0;10.0
14694109;4;9;5;11.0;1;13;8.0;10.0
1469704;5;13;1;16.0;2;18;6.0;13.0
14702940;3;2;1;3.0;2;4;6.0;0.0
1470775;12;1;0;6.0;1;13;0.0;13.0
14709363;3;3;3;5.0;1;6;9.0;0.0
14709800;22;5;0;16.0;1;19;10.0;17.0
14710631;1;2;0;1.0;1;1;3.0;0.0
14710681;7;12;8;25.0;1;24;5.0;22.0
14710685;0;1;2;1.0;1;1;3.0;0.0
14710897;24;24;12;48.0;1;31;0.0;60.0
14711058;37;16;0;15.0;3;22;5.0;48.0
14711292;3;3;2;2.0;1;4;8.0;0.0
14711640;3;5;4;9.0;1;9;5.0;7.0
14714129;4;4;2;7.0;1;9;7.0;3.0
14714401;4;2;2;3.0;1;6;4.0;4.0
14716108;0;11;12;24.0;1;16;0.0;23.0
1471686;1;1;1;3.0;2;3;3.0;0.0
14718169;10;0;0;6.0;1;9;0.0;10.0
14718380;6;2;0;7.0;1;8;2.0;6.0
14718737;16;0;0;0.0;1;7;1.0;15.0
14720095;4;1;4;10.0;1;11;3.0;6.0
14720404;12;12;6;24.0;1;31;0.0;30.0
14720939;1;0;1;1.0;1;1;2.0;0.0
14728673;3;1;0;1.0;1;2;4.0;0.0
14729126;0;1;1;1.0;1;1;2.0;0.0
14729183;1;2;1;0.0;1;0;4.0;0.0
14729347;3;3;3;7.0;1;9;9.0;0.0
14729382;3;2;1;1.0;1;1;6.0;0.0
14729522;6;0;0;3.0;1;5;6.0;0.0
14729853;7;4;0;8.0;1;11;11.0;0.0
14730001;1;1;0;1.0;1;2;2.0;0.0
14730131;12;12;2;19.0;1;26;0.0;26.0
1473056;2;1;0;2.0;1;2;3.0;0.0
14731274;5;1;0;0.0;1;5;1.0;5.0
14731473;8;0;0;3.0;1;8;0.0;8.0
14732514;0;5;0;4.0;1;4;0.0;5.0
14733903;8;14;6;25.0;1;25;28.0;0.0
14733953;0;4;1;5.0;1;5;0.0;5.0
14734194;6;9;6;21.0;1;20;0.0;21.0
14734576;4;0;0;0.0;1;4;0.0;4.0
14735691;2;0;0;0.0;1;0;2.0;0.0
14735723;1;1;0;0.0;1;0;2.0;0.0
14736474;2;1;0;2.0;1;3;3.0;0.0
14736880;11;12;5;28.0;1;14;1.0;27.0
14739245;0;18;6;23.0;1;12;0.0;24.0
14739551;4;0;0;0.0;1;4;0.0;4.0
14742107;8;1;0;4.0;1;7;0.0;9.0
14742202;1;1;0;0.0;1;0;2.0;0.0
14742450;1;1;3;3.0;1;2;5.0;0.0
14742812;7;22;10;44.0;1;21;0.0;39.0
14743538;7;9;1;13.0;1;18;0.0;17.0
14743920;1;1;0;1.0;1;1;2.0;0.0
14744094;3;2;2;2.0;1;3;7.0;0.0
14744238;12;12;6;24.0;1;31;0.0;30.0
14744693;18;0;0;5.0;1;12;2.0;16.0
14745675;0;7;0;7.0;1;5;0.0;7.0
14746255;0;3;2;5.0;1;5;0.0;5.0
14746918;0;0;4;5.0;1;5;0.0;4.0
14755401;18;21;29;56.0;3;23;0.0;68.0
14756780;0;1;0;1.0;1;1;1.0;0.0
14759006;18;2;3;14.0;1;16;10.0;13.0
14760484;0;5;5;10.0;1;7;0.0;10.0
14761146;0;0;1;3.0;1;2;1.0;0.0
14761473;0;6;2;10.0;1;10;1.0;7.0
14761640;0;0;0;0.0;1;0;0.0;0.0
14764612;1;1;0;0.0;1;0;2.0;0.0
14765077;1;1;1;0.0;1;0;3.0;0.0
14765439;27;6;8;21.0;1;22;0.0;41.0
14765510;0;0;0;0.0;2;0;0.0;0.0
14765569;1;1;1;1.0;1;1;3.0;0.0
14766308;1;1;1;0.0;1;0;3.0;0.0
14766783;14;28;12;50.0;1;31;0.0;54.0
14768016;5;13;6;24.0;1;24;0.0;24.0
14768250;6;0;0;0.0;1;6;0.0;6.0
14769055;4;6;0;8.0;1;8;2.0;8.0
1476937;1;1;0;0.0;1;0;2.0;0.0
14770292;14;1;0;4.0;1;11;3.0;12.0
14770996;2;1;0;1.0;1;1;3.0;0.0
14772023;1;0;0;0.0;1;0;1.0;0.0
14772032;5;0;0;0.0;1;5;0.0;5.0
14772096;3;2;0;3.0;2;3;5.0;0.0
14772653;2;8;5;9.0;3;9;15.0;0.0
14778837;7;3;0;8.0;1;10;0.0;10.0
14779188;0;1;1;1.0;1;1;2.0;0.0
14779191;14;0;0;2.0;1;9;0.0;14.0
14779305;1;1;0;2.0;1;2;2.0;0.0
14780654;1;1;0;0.0;1;0;2.0;0.0
14780706;3;0;0;1.0;1;3;0.0;3.0
14780951;12;11;5;22.0;1;26;28.0;0.0
14781017;12;12;10;31.0;1;33;1.0;33.0
14782826;6;0;0;0.0;1;6;0.0;6.0
14783897;13;10;0;18.0;1;23;6.0;17.0
14784339;2;2;0;2.0;3;2;4.0;0.0
14785713;13;6;8;20.0;1;24;1.0;26.0
14786942;1;7;0;8.0;1;8;0.0;8.0
14787526;0;10;3;13.0;1;13;0.0;13.0
14787853;9;8;4;15.0;1;19;9.0;12.0
14788035;18;0;2;7.0;1;12;1.0;19.0
1478905;3;2;1;3.0;1;3;6.0;0.0
14791120;2;0;0;1.0;1;1;2.0;0.0
14791232;2;3;1;6.0;1;6;0.0;6.0
14792022;12;1;1;5.0;1;7;5.0;9.0
14792544;0;5;9;16.0;1;12;0.0;14.0
14793575;18;37;13;61.0;1;27;3.0;65.0
14794337;0;20;14;36.0;1;15;3.0;31.0
14794878;0;3;6;10.0;1;10;0.0;9.0
14794896;2;2;2;4.0;1;6;2.0;4.0
14794902;4;4;3;7.0;1;8;11.0;0.0
14795153;2;0;0;0.0;1;1;2.0;0.0
1479547;1;1;0;0.0;1;0;2.0;0.0
14797655;1;5;0;7.0;1;5;0.0;6.0
14801198;18;12;4;27.0;1;22;2.0;32.0
14801321;13;1;0;1.0;1;9;2.0;12.0
14802102;1;1;0;0.0;1;0;2.0;0.0
14802753;0;7;2;9.0;1;9;0.0;9.0
14802892;11;15;6;26.0;1;30;3.0;29.0
14802913;4;1;1;5.0;1;5;2.0;4.0
14804271;3;5;0;9.0;1;9;1.0;7.0
14804959;2;5;6;12.0;1;14;0.0;13.0
14805016;1;1;0;0.0;1;0;2.0;0.0
14805023;0;1;1;3.0;1;3;2.0;0.0
1480567;2;3;1;1.0;1;1;6.0;0.0
14805878;2;0;0;0.0;2;1;2.0;0.0
14807465;6;2;0;7.0;1;8;0.0;8.0
14809279;12;1;1;11.0;1;10;2.0;12.0
14810871;8;0;0;6.0;1;7;0.0;8.0
14811654;6;1;0;6.0;1;7;0.0;7.0
14811671;1;1;0;0.0;1;0;2.0;0.0
14813732;12;5;0;10.0;1;17;0.0;17.0
14814136;0;4;2;5.0;2;5;1.0;5.0
14814735;6;0;0;0.0;1;6;0.0;6.0
14814812;10;3;0;3.0;1;9;8.0;5.0
14815079;3;0;4;9.0;1;6;0.0;7.0
14815093;11;0;0;4.0;1;11;0.0;11.0
14815248;14;9;7;27.0;1;35;18.0;12.0
14820582;2;3;1;2.0;1;2;6.0;0.0
14821146;1;0;0;0.0;1;0;1.0;0.0
14822258;9;0;0;3.0;1;6;0.0;9.0
14822749;0;1;0;0.0;1;0;1.0;0.0
14822904;0;2;0;2.0;1;2;2.0;0.0
14824005;0;3;0;3.0;1;3;3.0;0.0
14824106;6;0;0;5.0;1;6;0.0;6.0
14824154;12;12;3;20.0;1;27;0.0;27.0
14824208;2;1;0;2.0;1;4;0.0;3.0
14824238;2;0;1;0.0;1;2;3.0;0.0
14825150;7;0;0;0.0;1;7;0.0;7.0
14825391;12;11;6;23.0;1;30;0.0;29.0
14827284;2;2;0;4.0;1;2;0.0;4.0
14827966;1;2;1;0.0;1;0;4.0;0.0
14828142;4;7;7;18.0;1;18;3.0;15.0
14829742;18;0;0;4.0;1;10;0.0;18.0
14829774;0;0;2;1.0;1;1;2.0;0.0
14830133;0;1;0;1.0;2;1;1.0;0.0
14830152;1;5;4;9.0;1;8;2.0;8.0
14830211;0;1;0;0.0;1;0;1.0;0.0
14832771;10;9;0;12.0;1;19;0.0;19.0
14833868;2;1;0;0.0;2;0;3.0;0.0
14834015;4;3;5;10.0;1;14;0.0;12.0
14834155;2;1;1;0.0;1;0;4.0;0.0
1483428;1;0;1;0.0;1;0;2.0;0.0
14839838;0;1;0;0.0;1;0;1.0;0.0
14842367;56;66;40;137.0;3;51;3.0;159.0
14843311;3;1;2;4.0;1;4;6.0;0.0
14843335;4;0;0;0.0;1;2;0.0;4.0
14843445;1;1;0;1.0;1;1;2.0;0.0
14844894;1;1;0;1.0;1;1;2.0;0.0
14845334;12;4;0;9.0;1;16;0.0;16.0
14845343;3;5;5;12.0;1;11;0.0;13.0
14845379;0;5;6;11.0;1;11;0.0;11.0
14845843;0;2;0;2.0;1;2;2.0;0.0
14846057;1;0;0;0.0;1;1;1.0;0.0
14846795;1;1;0;0.0;1;0;2.0;0.0
14847016;0;1;0;1.0;1;1;1.0;0.0
14847137;0;3;1;4.0;1;4;0.0;4.0
14850401;0;0;1;1.0;1;1;1.0;0.0
14850890;3;20;14;38.0;1;21;0.0;37.0
14851420;0;16;0;17.0;1;10;0.0;16.0
14857654;3;10;0;13.0;1;9;0.0;13.0
14858211;30;26;30;70.0;1;40;10.0;76.0
14859564;0;3;1;2.0;1;2;4.0;0.0
14859806;0;1;1;1.0;1;1;2.0;0.0
14860006;1;0;0;0.0;1;1;1.0;0.0
14861172;0;5;0;5.0;1;5;0.0;5.0
14862050;2;3;0;3.0;1;5;0.0;5.0
14862271;12;1;0;6.0;1;13;0.0;13.0
14862487;20;3;0;10.0;1;14;0.0;23.0
14863023;0;20;0;20.0;1;7;0.0;20.0
14865694;1;1;1;0.0;1;1;3.0;0.0
14865996;14;8;0;14.0;1;20;0.0;22.0
14866115;14;13;7;25.0;1;32;4.0;30.0
14866849;2;2;1;3.0;1;3;5.0;0.0
1486723;1;2;3;5.0;1;5;6.0;0.0
14868350;9;1;3;6.0;1;13;0.0;13.0
14868581;13;6;2;10.0;1;16;7.0;14.0
14869540;0;9;6;15.0;1;15;0.0;15.0
14869587;0;9;6;16.0;1;16;0.0;15.0
14871048;1;0;0;0.0;1;1;1.0;0.0
14871551;2;8;9;17.0;2;15;15.0;4.0
1487197;1;1;0;0.0;1;0;2.0;0.0
14872760;15;4;0;9.0;1;16;0.0;19.0
14872847;0;3;0;3.0;1;3;0.0;3.0
14873230;0;1;0;1.0;1;1;1.0;0.0
14878797;4;9;14;29.0;1;23;19.0;8.0
14878836;5;1;1;2.0;1;5;7.0;0.0
14879094;1;1;0;1.0;1;2;2.0;0.0
14879203;32;19;3;35.0;1;27;0.0;54.0
14881027;3;0;0;2.0;1;3;3.0;0.0
14881155;0;1;1;1.0;1;1;2.0;0.0
148812;0;2;1;4.0;1;3;3.0;0.0
14882135;1;5;5;10.0;1;10;4.0;7.0
1488261;1;2;0;1.0;1;1;3.0;0.0
14882721;2;0;0;0.0;1;1;2.0;0.0
14883105;1;1;1;0.0;1;0;3.0;0.0
14883870;4;0;0;1.0;1;3;4.0;0.0
14884258;1;5;1;5.0;1;4;7.0;0.0
14884309;3;1;0;4.0;1;4;0.0;4.0
14885766;6;1;0;4.0;1;7;3.0;4.0
14886380;0;4;0;4.0;1;2;0.0;4.0
14887071;2;6;3;8.0;1;8;7.0;4.0
14887489;14;0;0;5.0;1;12;0.0;14.0
14888098;0;8;6;15.0;1;15;0.0;14.0
14890598;1;1;1;0.0;1;1;3.0;0.0
14893264;0;12;19;33.0;1;11;0.0;31.0
14893347;1;1;0;1.0;1;1;2.0;0.0
14894190;24;15;0;25.0;1;20;0.0;39.0
14902188;2;1;2;3.0;2;5;0.0;5.0
1490225;1;1;0;0.0;1;0;2.0;0.0
14902362;0;1;1;0.0;1;0;2.0;0.0
14902433;0;1;1;1.0;1;1;2.0;0.0
14904714;1;1;0;0.0;1;0;2.0;0.0
14905198;1;1;0;0.0;1;0;2.0;0.0
14905703;3;0;0;0.0;1;1;3.0;0.0
14906116;17;1;0;10.0;1;12;0.0;18.0
14906202;4;7;0;10.0;1;10;0.0;11.0
14906602;12;2;0;7.0;1;14;0.0;14.0
14906843;16;27;10;46.0;2;43;36.0;17.0
14906975;0;9;0;9.0;1;5;0.0;9.0
14910357;1;31;6;36.0;1;18;3.0;35.0
14910678;4;1;0;4.0;1;6;0.0;5.0
14912221;4;0;0;0.0;1;4;0.0;4.0
14912383;12;12;6;24.0;1;31;0.0;30.0
14912429;3;2;0;1.0;1;3;5.0;0.0
14915823;1;1;10;13.0;1;5;3.0;9.0
14916025;6;1;1;7.0;1;8;0.0;8.0
1492107;1;10;1;10.0;2;10;3.0;9.0
14922111;0;21;21;48.0;1;15;0.0;42.0
14922829;3;5;2;9.0;1;9;10.0;0.0
14922841;1;5;1;7.0;1;7;0.0;7.0
14923215;0;8;0;8.0;1;8;0.0;8.0
14923345;1;3;2;2.0;1;2;6.0;0.0
14925335;0;1;0;0.0;1;0;1.0;0.0
1492545;4;0;1;2.0;2;6;0.0;5.0
14925537;4;7;3;7.0;3;7;14.0;0.0
14925620;10;0;0;0.0;1;6;0.0;10.0
14925769;0;6;15;24.0;1;13;2.0;19.0
14927612;0;0;1;0.0;1;0;1.0;0.0
14927927;1;1;0;0.0;1;1;2.0;0.0
14928473;2;10;12;25.0;1;17;2.0;22.0
14928648;1;3;1;0.0;1;0;5.0;0.0
14930641;7;0;0;0.0;1;7;0.0;7.0
14930932;9;2;0;7.0;1;10;3.0;8.0
14930979;8;4;2;10.0;1;13;10.0;4.0
14931011;5;9;6;19.0;1;21;0.0;20.0
14931062;12;12;6;20.0;1;26;0.0;30.0
14931332;1;1;0;0.0;1;0;2.0;0.0
14931336;11;10;0;15.0;1;22;16.0;5.0
14931796;0;13;6;19.0;1;17;0.0;19.0
14932482;12;12;6;24.0;1;31;0.0;30.0
14932613;0;0;0;1.0;2;1;0.0;0.0
14935480;4;3;1;3.0;1;4;8.0;0.0
14937906;0;5;2;4.0;1;4;7.0;0.0
14939679;1;2;1;2.0;1;3;1.0;3.0
1494317;3;4;3;5.0;1;7;10.0;0.0
1494624;0;2;0;2.0;1;2;2.0;0.0
14946254;2;5;1;7.0;1;7;3.0;5.0
1494639;1;13;6;21.0;2;14;2.0;18.0
14947176;1;1;2;2.0;1;2;4.0;0.0
14948316;1;1;0;2.0;1;2;2.0;0.0
14950907;14;18;23;46.0;1;22;2.0;53.0
14951153;33;31;20;65.0;1;32;0.0;84.0
14951384;8;17;7;30.0;1;26;0.0;32.0
14952240;14;0;0;7.0;1;12;0.0;14.0
14952395;1;1;0;0.0;1;0;2.0;0.0
14954416;0;1;0;0.0;1;0;1.0;0.0
14954789;0;8;0;8.0;1;8;0.0;8.0
14954880;0;2;2;2.0;2;2;4.0;0.0
14954889;3;0;0;1.0;1;3;0.0;3.0
14956130;1;1;1;2.0;1;2;3.0;0.0
14956246;12;12;5;22.0;1;29;0.0;29.0
14956520;4;7;3;8.0;1;10;14.0;0.0
14957831;2;4;0;5.0;1;5;2.0;4.0
14957881;11;5;9;16.0;1;17;0.0;25.0
14957932;2;0;0;0.0;1;1;2.0;0.0
14958463;1;1;0;1.0;1;1;2.0;0.0
14958613;31;12;4;34.0;1;21;0.0;47.0
14958656;0;11;0;11.0;1;8;0.0;11.0
14959370;4;3;3;9.0;1;10;2.0;8.0
14959762;0;6;5;13.0;1;13;0.0;11.0
14959873;2;1;0;1.0;1;1;3.0;0.0
14959910;6;6;1;9.0;1;12;9.0;4.0
14961742;0;13;12;27.0;1;18;0.0;25.0
14962138;4;17;13;31.0;1;18;7.0;27.0
14963864;0;10;0;9.0;1;3;0.0;10.0
14964332;13;1;0;7.0;1;14;2.0;12.0
14964442;3;2;1;2.0;1;2;6.0;0.0
1496609;4;5;4;6.0;2;8;13.0;0.0
14971838;6;20;3;28.0;1;21;0.0;29.0
14971930;2;0;8;9.0;1;9;0.0;10.0
14972919;0;2;1;0.0;1;0;3.0;0.0
14973634;21;24;7;42.0;1;32;0.0;52.0
14974145;2;1;0;1.0;1;2;3.0;0.0
14974151;5;14;1;15.0;1;16;4.0;16.0
14974461;4;4;4;12.0;1;13;6.0;6.0
14974633;1;31;54;92.0;1;12;2.0;84.0
14974896;0;1;1;0.0;1;0;2.0;0.0
14974960;2;0;1;1.0;1;1;3.0;0.0
14975148;1;1;1;1.0;1;1;3.0;0.0
14976696;1;1;0;0.0;1;0;2.0;0.0
14977077;5;0;0;0.0;1;5;0.0;5.0
14977182;7;10;5;21.0;1;25;14.0;8.0
14977483;0;0;10;12.0;1;6;0.0;10.0
14977732;2;7;2;12.0;1;11;0.0;11.0
14978222;0;0;0;0.0;1;0;0.0;0.0
14978225;3;1;1;3.0;1;3;5.0;0.0
14979017;5;0;0;2.0;1;5;1.0;4.0
14980537;2;1;0;0.0;1;2;3.0;0.0
14982229;0;1;1;2.0;1;2;2.0;0.0
14984961;0;2;1;2.0;1;2;3.0;0.0
14985046;0;4;0;4.0;1;4;0.0;4.0
14985283;2;12;6;21.0;1;21;0.0;20.0
149854;9;13;6;19.0;1;23;10.0;18.0
14986206;8;0;3;8.0;1;9;3.0;8.0
14986245;11;24;12;42.0;1;27;29.0;18.0
14988680;2;0;0;0.0;1;0;2.0;0.0
14988771;10;0;0;3.0;1;10;0.0;10.0
14989062;4;0;0;0.0;1;4;0.0;4.0
14989691;0;4;5;11.0;1;10;0.0;9.0
14991069;0;4;0;4.0;1;4;0.0;4.0
14991282;0;3;1;3.0;1;3;4.0;0.0
14991317;2;33;86;148.0;2;35;10.0;111.0
14992017;6;1;0;3.0;1;8;2.0;5.0
14992359;0;0;7;9.0;1;7;0.0;7.0
1499460;17;4;1;22.0;2;11;0.0;22.0
1499775;9;0;0;2.0;1;8;1.0;8.0
14999858;12;13;6;25.0;1;31;0.0;31.0
150002;5;2;0;7.0;1;7;0.0;7.0
15000775;2;5;2;4.0;2;4;9.0;0.0
15001294;1;1;0;0.0;1;0;2.0;0.0
15001648;1;8;0;9.0;1;9;0.0;9.0
15001822;1;1;0;0.0;1;0;2.0;0.0
15002076;1;1;0;0.0;1;0;2.0;0.0
15003754;2;1;0;2.0;1;2;3.0;0.0
15005184;0;5;0;6.0;1;6;0.0;5.0
15005729;6;7;6;19.0;1;20;0.0;19.0
15007523;8;12;4;21.0;1;24;0.0;24.0
15008108;2;1;0;0.0;1;0;3.0;0.0
15008253;1;0;0;1.0;1;2;1.0;0.0
15009470;7;1;2;4.0;1;8;2.0;8.0
15011387;9;13;39;54.0;1;18;0.0;61.0
15011872;2;0;0;0.0;1;1;2.0;0.0
15012207;3;2;0;1.0;1;2;5.0;0.0
15013012;4;0;0;0.0;1;4;0.0;4.0
15015615;11;0;10;18.0;1;17;0.0;21.0
15015624;9;12;6;24.0;1;28;0.0;27.0
15015712;12;12;6;24.0;1;31;0.0;30.0
15016193;9;2;1;3.0;1;8;1.0;11.0
15017958;1;1;0;1.0;1;3;2.0;0.0
15018140;1;1;0;0.0;1;0;2.0;0.0
15018164;1;3;0;1.0;1;1;4.0;0.0
15025217;2;1;2;2.0;1;2;5.0;0.0
15025921;0;0;0;0.0;1;0;0.0;0.0
15026336;1;2;0;0.0;1;0;3.0;0.0
15026695;4;0;0;0.0;1;4;0.0;4.0
15027292;3;8;2;11.0;1;8;3.0;10.0
15027535;0;1;3;5.0;2;5;4.0;0.0
15027536;6;0;0;0.0;1;3;0.0;6.0
15027579;1;0;0;0.0;1;1;1.0;0.0
15027827;0;4;2;5.0;1;5;1.0;5.0
15027831;0;9;0;8.0;1;8;2.0;7.0
15027967;1;1;1;0.0;1;0;3.0;0.0
1502863;2;1;1;1.0;2;1;4.0;0.0
15029575;0;2;4;7.0;1;7;0.0;6.0
15029635;0;13;5;19.0;1;15;0.0;18.0
15029831;1;1;0;0.0;1;0;2.0;0.0
15030009;10;7;3;16.0;1;23;0.0;20.0
15030150;12;4;1;7.0;1;14;10.0;7.0
15030436;1;3;1;1.0;1;1;5.0;0.0
15030452;15;12;6;24.0;1;31;0.0;33.0
15030628;2;2;0;0.0;1;0;4.0;0.0
15031504;8;0;3;6.0;1;13;0.0;11.0
15031548;5;1;0;1.0;1;3;5.0;1.0
15031580;9;0;0;2.0;1;9;0.0;9.0
15033332;4;0;1;1.0;1;5;0.0;5.0
15033683;12;12;6;24.0;1;31;0.0;30.0
1503373;8;17;4;25.0;2;24;1.0;28.0
1503429;2;4;0;6.0;1;6;0.0;6.0
15034349;0;31;14;46.0;1;17;0.0;45.0
15034779;5;10;2;18.0;1;14;0.0;17.0
15035700;2;2;1;2.0;1;2;5.0;0.0
15035895;0;7;10;17.0;2;14;3.0;14.0
15037030;12;5;0;10.0;1;16;0.0;17.0
15037061;13;12;6;24.0;1;31;1.0;30.0
15037117;0;0;0;0.0;1;0;0.0;0.0
15037532;11;0;0;5.0;1;11;0.0;11.0
15038053;7;1;0;1.0;1;7;1.0;7.0
15038684;3;18;0;19.0;1;14;4.0;17.0
15038899;20;24;12;51.0;1;30;0.0;56.0
15038968;8;7;0;12.0;1;15;0.0;15.0
15038989;0;7;3;10.0;1;10;2.0;8.0
15039073;0;1;1;2.0;1;2;2.0;0.0
15039371;1;1;1;0.0;1;0;3.0;0.0
15041298;0;15;5;22.0;1;12;0.0;20.0
15041518;17;13;15;42.0;1;32;14.0;31.0
150419;1;2;0;1.0;1;1;3.0;0.0
150438;1;0;0;0.0;3;0;1.0;0.0
15051007;0;1;1;0.0;1;0;2.0;0.0
15051606;1;1;0;0.0;2;1;2.0;0.0
15052298;0;1;21;26.0;1;8;2.0;20.0
15053007;0;4;3;7.0;1;7;1.0;6.0
15053755;0;38;28;71.0;3;39;0.0;66.0
15054011;2;0;0;0.0;1;0;2.0;0.0
15055299;0;1;0;1.0;1;1;1.0;0.0
15055908;2;0;0;2.0;1;2;2.0;0.0
15056388;3;2;0;1.0;1;1;5.0;0.0
15058008;8;2;3;10.0;1;9;2.0;11.0
15058124;5;0;0;0.0;1;2;0.0;5.0
1506044;21;29;23;70.0;2;44;61.0;12.0
15061876;0;10;0;10.0;1;10;0.0;10.0
15061904;2;2;1;1.0;1;1;5.0;0.0
15067166;3;5;1;5.0;1;5;9.0;0.0
15067257;0;0;0;0.0;1;0;0.0;0.0
15067466;0;4;0;4.0;1;4;0.0;4.0
15067577;2;1;0;3.0;1;3;0.0;3.0
15067744;12;12;6;24.0;1;31;0.0;30.0
15068295;11;0;3;8.0;1;13;0.0;14.0
15068761;0;17;0;18.0;1;7;0.0;17.0
15068816;11;0;0;4.0;1;11;0.0;11.0
15076515;13;18;6;32.0;1;35;12.0;25.0
15077771;3;0;0;0.0;1;4;0.0;3.0
15077814;1;3;2;4.0;1;4;6.0;0.0
15078026;0;3;6;10.0;1;10;0.0;9.0
15078157;4;0;0;0.0;1;5;0.0;4.0
15078436;0;2;0;1.0;1;1;2.0;0.0
15079247;0;1;1;0.0;1;0;2.0;0.0
15079999;6;8;4;13.0;2;17;18.0;0.0
15080095;1;1;0;0.0;1;0;2.0;0.0
15080487;0;3;1;4.0;1;4;0.0;4.0
15081870;9;2;4;12.0;1;12;15.0;0.0
15081941;12;5;2;12.0;1;19;0.0;19.0
15082350;5;15;5;21.0;1;18;7.0;18.0
15082697;0;0;0;0.0;1;0;0.0;0.0
15083782;9;23;6;34.0;1;26;0.0;38.0
15083924;0;2;0;0.0;1;0;2.0;0.0
15086743;1;1;0;1.0;1;1;2.0;0.0
15087384;6;4;4;9.0;1;12;2.0;12.0
15087546;8;5;8;19.0;1;15;2.0;19.0
15088159;0;4;0;4.0;1;4;0.0;4.0
15088931;0;2;0;1.0;1;1;2.0;0.0
15089035;2;0;2;4.0;1;5;4.0;0.0
15089039;0;13;16;32.0;1;14;0.0;29.0
15089102;13;22;14;36.0;1;40;24.0;25.0
15089448;2;0;0;1.0;1;1;2.0;0.0
15090612;1;1;0;1.0;2;1;2.0;0.0
15091842;5;22;2;29.0;1;19;0.0;29.0
15092217;0;0;0;0.0;2;0;0.0;0.0
15092235;1;4;6;10.0;1;8;11.0;0.0
15092680;13;6;11;24.0;1;24;2.0;28.0
15093128;12;12;0;17.0;1;24;0.0;24.0
15093404;1;1;1;1.0;1;1;3.0;0.0
15093833;3;5;1;4.0;1;6;9.0;0.0
15095661;5;0;0;2.0;1;5;5.0;0.0
15095828;14;14;6;28.0;1;31;0.0;34.0
15095994;10;12;10;29.0;1;29;0.0;32.0
15096203;0;1;2;3.0;1;3;0.0;3.0
15096590;4;2;2;3.0;1;5;8.0;0.0
15096840;6;6;2;10.0;1;12;14.0;0.0
15096911;0;12;6;19.0;1;19;0.0;18.0
15098443;15;37;9;51.0;1;32;3.0;58.0
1510719;20;11;2;22.0;4;21;14.0;19.0
15107746;2;1;1;1.0;1;2;4.0;0.0
15108024;10;2;4;10.0;1;17;2.0;14.0
15108077;4;15;8;24.0;1;23;3.0;24.0
15108503;0;2;0;1.0;1;1;2.0;0.0
15108649;0;0;2;2.0;1;2;2.0;0.0
15108663;1;1;2;3.0;1;3;4.0;0.0
15108843;14;1;0;6.0;1;13;0.0;15.0
15108995;1;1;0;0.0;1;0;2.0;0.0
15109123;5;13;4;22.0;1;18;3.0;19.0
15109656;0;1;0;1.0;1;1;1.0;0.0
15109975;7;10;9;26.0;1;20;0.0;26.0
15110177;15;12;6;25.0;2;30;2.0;31.0
15110202;1;1;1;0.0;1;0;3.0;0.0
15110579;1;1;0;0.0;1;0;2.0;0.0
15110947;0;0;5;5.0;1;3;0.0;5.0
15110998;18;13;1;26.0;1;17;2.0;30.0
15112055;3;3;1;2.0;1;2;7.0;0.0
15112841;0;1;1;1.0;1;1;2.0;0.0
15113087;5;4;1;6.0;1;8;5.0;5.0
15113429;18;20;7;32.0;2;33;6.0;39.0
15113807;25;46;42;107.0;1;35;2.0;111.0
15114302;0;0;4;5.0;1;4;0.0;4.0
15114461;1;0;0;1.0;1;1;1.0;0.0
1511462;2;0;0;0.0;3;2;2.0;0.0
15115038;23;21;8;39.0;1;32;5.0;47.0
15115090;1;11;0;12.0;1;12;0.0;12.0
15117345;11;9;6;21.0;1;28;0.0;26.0
15118744;1;1;0;0.0;1;0;2.0;0.0
15119001;0;4;4;8.0;1;8;0.0;8.0
15119093;19;14;12;33.0;1;31;0.0;45.0
15119130;0;6;6;13.0;1;13;0.0;12.0
15119719;6;0;0;0.0;1;6;0.0;6.0
15121287;7;9;12;31.0;1;21;1.0;27.0
15123322;1;4;0;4.0;1;6;0.0;5.0
15123398;0;10;3;13.0;1;4;0.0;13.0
15124362;0;8;3;11.0;1;11;0.0;11.0
1512573;17;14;3;25.0;1;31;21.0;13.0
15126349;8;0;0;1.0;1;8;0.0;8.0
15126697;5;3;0;6.0;1;6;3.0;5.0
15126791;2;6;0;5.0;1;5;3.0;5.0
15128708;1;2;1;4.0;1;5;0.0;4.0
1513088;2;3;1;1.0;3;1;6.0;0.0
15137443;40;6;0;23.0;1;15;0.0;46.0
15138246;2;0;0;0.0;1;0;2.0;0.0
15139981;2;0;1;1.0;1;2;3.0;0.0
15140041;6;0;0;0.0;1;5;2.0;4.0
15140399;12;11;0;16.0;1;23;0.0;23.0
15140682;1;1;0;0.0;1;0;2.0;0.0
15141989;7;12;7;23.0;1;22;5.0;21.0
15142082;3;3;0;1.0;1;2;6.0;0.0
1514226;0;9;6;16.0;1;15;2.0;13.0
15143699;0;12;0;12.0;1;9;0.0;12.0
15144430;0;1;1;2.0;1;2;2.0;0.0
15145008;3;2;0;1.0;1;2;5.0;0.0
15146583;6;3;1;9.0;1;11;10.0;0.0
15146836;0;1;1;1.0;1;1;2.0;0.0
15147404;1;1;0;0.0;1;0;2.0;0.0
1514851;2;1;0;2.0;1;3;3.0;0.0
15148721;11;12;1;18.0;1;17;4.0;20.0
15149197;14;9;1;15.0;1;21;0.0;24.0
15151291;15;10;5;21.0;1;26;30.0;0.0
15151574;7;10;14;27.0;1;20;2.0;29.0
15153023;12;13;6;25.0;3;32;2.0;29.0
15153152;0;1;0;0.0;1;0;1.0;0.0
15155043;3;4;8;10.0;2;11;11.0;4.0
1515703;1;0;1;2.0;1;2;2.0;0.0
15157279;1;3;1;2.0;1;2;5.0;0.0
15157873;6;0;0;0.0;1;6;0.0;6.0
15158060;0;3;0;1.0;1;1;3.0;0.0
15158431;4;5;1;5.0;1;9;10.0;0.0
15158783;2;1;1;4.0;1;4;4.0;0.0
15158808;2;1;1;2.0;1;2;4.0;0.0
15159495;20;38;3;53.0;2;28;13.0;48.0
15165560;0;1;6;8.0;1;8;0.0;7.0
15166356;22;44;29;92.0;2;34;0.0;95.0
15166519;11;6;2;12.0;1;19;0.0;19.0
15166714;0;0;6;7.0;1;4;0.0;6.0
15167169;5;1;0;5.0;1;5;2.0;4.0
15168036;0;1;0;0.0;1;0;1.0;0.0
15168091;3;3;1;5.0;1;6;3.0;4.0
15168244;2;0;0;0.0;1;0;2.0;0.0
15168562;3;10;3;11.0;1;13;8.0;8.0
15168578;15;1;0;6.0;1;13;0.0;16.0
15168689;12;12;6;24.0;1;31;0.0;30.0
15168717;29;55;20;88.0;1;36;4.0;100.0
15169378;21;2;0;7.0;1;14;0.0;23.0
15170274;3;3;7;12.0;1;11;4.0;9.0
15170886;0;4;0;4.0;1;4;0.0;4.0
15171012;0;1;0;0.0;3;0;1.0;0.0
15172532;1;0;5;6.0;1;7;0.0;6.0
151741;2;3;2;2.0;1;2;7.0;0.0
1517490;23;59;35;113.0;1;31;0.0;117.0
15175612;2;1;1;0.0;1;2;4.0;0.0
15176359;2;0;0;0.0;1;0;2.0;0.0
15176431;9;2;7;9.0;1;16;3.0;15.0
15180837;3;0;0;0.0;1;2;1.0;2.0
15180908;1;1;1;1.0;1;1;3.0;0.0
15181281;5;1;6;9.0;2;12;1.0;11.0
15181482;4;2;1;3.0;3;6;3.0;4.0
15183460;0;7;8;15.0;1;15;3.0;12.0
15183951;13;2;2;8.0;1;17;11.0;6.0
15184060;1;0;0;1.0;1;1;1.0;0.0
15184751;1;6;3;9.0;1;9;10.0;0.0
15185843;0;2;2;5.0;1;5;0.0;4.0
15186098;0;0;14;17.0;1;5;0.0;14.0
15186126;1;1;0;0.0;1;0;2.0;0.0
15186242;5;1;0;4.0;1;7;0.0;6.0
15186601;12;12;2;19.0;1;26;0.0;26.0
15186679;9;30;24;64.0;2;35;8.0;55.0
15187552;0;1;0;1.0;1;1;1.0;0.0
1518961;1;2;1;0.0;1;0;4.0;0.0
15196085;7;0;0;3.0;1;7;0.0;7.0
15196356;4;8;2;8.0;1;12;1.0;13.0
15196408;2;5;0;6.0;1;6;3.0;4.0
15196609;3;9;10;24.0;1;19;0.0;22.0
15197580;15;12;6;25.0;1;31;0.0;33.0
15200204;2;1;1;0.0;1;0;4.0;0.0
15200589;11;7;4;13.0;3;20;22.0;0.0
15200684;12;12;6;24.0;1;31;0.0;30.0
15200871;1;1;1;0.0;1;0;3.0;0.0
15202249;1;1;0;0.0;1;0;2.0;0.0
15202250;4;0;1;1.0;1;5;0.0;5.0
15202741;3;6;5;11.0;1;12;14.0;0.0
15202857;6;7;0;7.0;1;14;0.0;13.0
15203232;4;3;2;1.0;3;3;9.0;0.0
15203298;14;6;23;42.0;1;19;0.0;43.0
15205598;1;1;1;2.0;1;2;3.0;0.0
15205629;3;2;1;1.0;1;1;6.0;0.0
15206039;0;1;0;3.0;1;3;1.0;0.0
15206047;6;7;3;14.0;1;16;16.0;0.0
15206673;2;2;1;2.0;1;2;5.0;0.0
15207232;22;18;1;23.0;1;19;0.0;41.0
15207972;1;0;0;0.0;1;0;1.0;0.0
15208137;0;1;1;0.0;1;0;2.0;0.0
15208380;3;7;9;18.0;1;15;0.0;19.0
15210236;1;1;0;0.0;1;0;2.0;0.0
15213162;1;1;0;0.0;1;0;2.0;0.0
15215424;7;5;4;14.0;2;14;7.0;9.0
15216217;0;1;3;4.0;1;3;0.0;4.0
1521737;13;9;15;29.0;3;29;21.0;16.0
1521739;0;0;1;1.0;2;1;1.0;0.0
15218318;1;2;0;1.0;1;2;3.0;0.0
1522568;7;6;5;14.0;2;17;11.0;7.0
15225910;2;2;0;0.0;1;0;4.0;0.0
15226094;1;1;0;0.0;1;0;2.0;0.0
15227013;0;0;0;0.0;1;0;0.0;0.0
15227094;6;12;2;19.0;1;20;0.0;20.0
15227182;0;2;0;1.0;1;1;2.0;0.0
15227627;0;2;0;1.0;1;1;2.0;0.0
15228339;12;17;9;33.0;1;31;0.0;38.0
15228576;12;1;0;6.0;1;13;0.0;13.0
15228949;0;0;7;8.0;1;6;3.0;4.0
15229193;3;24;5;32.0;1;20;0.0;32.0
15229208;0;0;5;6.0;1;6;0.0;5.0
15229468;1;1;0;1.0;1;2;2.0;0.0
15229510;1;0;0;1.0;1;1;1.0;0.0
15231434;12;3;0;8.0;1;15;0.0;15.0
15231725;1;1;6;7.0;1;6;3.0;5.0
15232813;1;0;0;0.0;1;0;1.0;0.0
15233636;0;0;1;0.0;2;0;1.0;0.0
15234199;1;0;0;0.0;2;0;1.0;0.0
15234938;3;2;0;6.0;1;6;0.0;5.0
15236357;2;2;1;0.0;1;0;5.0;0.0
15236874;11;1;0;5.0;1;12;0.0;12.0
15238398;2;2;2;2.0;1;2;6.0;0.0
15238828;3;3;2;4.0;1;4;8.0;0.0
15238834;5;2;0;2.0;1;6;7.0;0.0
15238909;29;22;15;56.0;1;31;0.0;66.0
15239003;1;2;0;2.0;1;2;3.0;0.0
15239029;7;10;0;15.0;1;17;0.0;17.0
15239297;36;88;19;129.0;1;42;16.0;127.0
15240985;2;0;0;0.0;1;2;2.0;0.0
15241980;1;3;0;3.0;2;3;4.0;0.0
15242498;1;1;0;0.0;1;0;2.0;0.0
15245581;1;1;3;5.0;1;5;1.0;4.0
15245850;0;5;4;9.0;2;7;0.0;9.0
15246216;0;2;1;2.0;1;2;3.0;0.0
15246556;2;0;1;0.0;1;0;3.0;0.0
15246570;0;3;14;21.0;1;11;4.0;13.0
15247000;7;0;0;3.0;1;7;0.0;7.0
15248282;0;8;0;6.0;1;4;2.0;6.0
1525115;11;8;1;15.0;1;21;0.0;20.0
15257506;3;0;0;2.0;1;3;3.0;0.0
15257652;15;13;2;20.0;1;25;25.0;5.0
15259112;5;8;5;17.0;1;19;0.0;18.0
15259854;16;3;0;8.0;2;18;0.0;19.0
15259982;0;7;0;7.0;1;7;0.0;7.0
152604;5;6;9;14.0;1;7;1.0;19.0
15261447;0;1;0;1.0;2;1;1.0;0.0
15262118;1;2;1;1.0;1;1;4.0;0.0
15262345;26;28;13;56.0;1;33;7.0;60.0
15263061;0;2;0;1.0;1;1;2.0;0.0
15263380;10;10;12;25.0;1;23;8.0;24.0
15263868;5;0;0;0.0;1;4;0.0;5.0
15264560;2;1;0;0.0;1;0;3.0;0.0
15266401;4;1;0;0.0;1;2;5.0;0.0
15267196;2;5;0;5.0;1;5;3.0;4.0
15267498;1;1;1;0.0;1;0;3.0;0.0
15268675;1;7;0;7.0;1;8;1.0;7.0
15270921;8;60;31;107.0;1;23;0.0;99.0
15271179;2;1;3;6.0;1;7;0.0;6.0
15271674;1;0;1;1.0;1;1;2.0;0.0
15272362;1;0;0;0.0;1;1;1.0;0.0
15273126;0;3;2;5.0;1;5;0.0;5.0
15273281;4;2;3;5.0;1;8;9.0;0.0
15273292;0;0;22;26.0;1;7;0.0;22.0
15273351;0;1;5;6.0;1;6;0.0;6.0
15273632;0;1;0;0.0;1;0;1.0;0.0
15274433;3;0;0;1.0;1;1;3.0;0.0
15275637;3;0;0;0.0;2;1;3.0;0.0
15276122;26;24;23;56.0;1;35;4.0;69.0
15276300;0;4;0;5.0;1;5;0.0;4.0
15277678;1;1;5;8.0;1;9;1.0;6.0
15277725;1;0;0;0.0;1;1;1.0;0.0
15277732;0;1;1;3.0;1;3;2.0;0.0
15278429;0;11;12;25.0;1;13;0.0;23.0
15285664;2;1;1;1.0;1;2;4.0;0.0
15286553;0;0;6;5.0;1;4;0.0;6.0
15287492;1;0;0;0.0;1;1;1.0;0.0
15289174;1;2;1;1.0;1;1;4.0;0.0
15291174;0;1;0;1.0;1;1;1.0;0.0
15291438;2;1;0;1.0;1;2;3.0;0.0
15291511;2;1;0;1.0;1;1;3.0;0.0
15291579;1;2;0;1.0;1;1;3.0;0.0
15291616;16;45;18;75.0;1;30;2.0;77.0
15291825;12;6;0;11.0;1;18;0.0;18.0
15291937;3;1;1;1.0;1;1;5.0;0.0
15291990;17;12;0;19.0;1;23;10.0;19.0
15292608;4;3;12;17.0;1;13;3.0;16.0
15292673;2;2;2;2.0;1;3;6.0;0.0
15292754;1;4;3;5.0;1;5;8.0;0.0
15292797;1;1;0;0.0;1;0;2.0;0.0
15292948;16;0;0;2.0;1;8;0.0;16.0
15293208;1;0;0;0.0;1;0;1.0;0.0
15294165;21;55;41;113.0;1;45;18.0;99.0
15295017;2;0;2;3.0;1;5;0.0;4.0
15295609;12;12;6;24.0;1;31;0.0;30.0
15296791;4;6;5;12.0;1;15;3.0;12.0
15296793;1;2;1;1.0;1;1;4.0;0.0
15296912;4;1;0;0.0;1;2;5.0;0.0
15297150;4;2;0;0.0;1;0;6.0;0.0
15298061;1;1;0;0.0;1;0;2.0;0.0
15298386;3;1;0;0.0;1;1;4.0;0.0
15298453;0;1;0;0.0;2;0;1.0;0.0
15299331;1;4;0;3.0;1;3;5.0;0.0
15299394;10;3;0;8.0;1;14;0.0;13.0
15299630;0;0;5;6.0;1;6;0.0;5.0
15299968;1;6;0;5.0;1;5;1.0;6.0
15300495;33;2;5;14.0;1;20;0.0;40.0
15300880;35;34;1;50.0;1;25;0.0;70.0
15301767;2;3;0;4.0;1;4;5.0;0.0
15301892;2;1;1;0.0;1;0;4.0;0.0
15302664;1;1;1;1.0;1;1;3.0;0.0
15305215;7;8;4;16.0;1;19;2.0;17.0
15305489;6;0;0;0.0;1;6;0.0;6.0
1530583;0;0;0;0.0;1;0;0.0;0.0
1530616;8;10;1;16.0;1;17;3.0;16.0
1530696;2;2;0;2.0;1;4;0.0;4.0
1531112;0;0;0;0.0;1;0;0.0;0.0
1531266;0;1;1;1.0;1;1;2.0;0.0
15314917;0;2;2;2.0;1;2;2.0;2.0
15315618;1;0;0;0.0;1;0;1.0;0.0
15316317;3;5;0;3.0;1;4;8.0;0.0
15316334;14;21;16;48.0;2;37;36.0;15.0
15316369;1;1;0;1.0;1;1;2.0;0.0
15316458;10;0;0;0.0;1;8;1.0;9.0
1531757;2;2;2;2.0;1;2;6.0;0.0
15318483;0;3;4;6.0;1;6;7.0;0.0
15319088;28;2;0;15.0;1;11;0.0;30.0
15319549;27;20;5;51.0;1;18;5.0;47.0
15319876;3;1;3;7.0;1;9;7.0;0.0
15320140;19;12;6;24.0;1;31;0.0;37.0
15320290;1;3;3;7.0;1;7;3.0;4.0
15320399;0;5;6;12.0;1;12;0.0;11.0
15321425;0;4;1;7.0;1;7;0.0;5.0
15323987;1;1;0;0.0;1;0;2.0;0.0
15325610;7;1;0;8.0;1;6;0.0;8.0
15327744;6;0;0;0.0;1;6;0.0;6.0
15328507;9;16;7;28.0;1;28;7.0;25.0
15328637;2;1;5;6.0;1;6;3.0;5.0
15329613;9;14;1;18.0;1;16;3.0;21.0
15329777;17;7;0;17.0;1;19;9.0;15.0
15329911;0;36;0;37.0;1;12;3.0;33.0
1533242;1;6;2;7.0;1;6;9.0;0.0
1533496;0;3;4;8.0;1;8;0.0;7.0
15334980;6;1;0;3.0;1;6;1.0;6.0
15335600;5;0;0;4.0;1;5;0.0;5.0
15336291;3;1;0;5.0;1;5;3.0;1.0
15336485;0;6;0;6.0;1;6;0.0;6.0
1533983;1;7;2;10.0;1;8;0.0;10.0
15343827;3;1;0;4.0;1;4;0.0;4.0
15345233;0;14;38;59.0;1;11;0.0;52.0
15345383;0;4;4;7.0;1;7;2.0;6.0
15346725;0;0;1;2.0;1;2;0.0;1.0
15346776;0;2;2;4.0;1;4;0.0;4.0
15346863;1;3;2;2.0;1;2;6.0;0.0
1535058;7;11;4;21.0;1;21;12.0;10.0
15351442;1;2;0;3.0;1;3;3.0;0.0
15354587;0;1;0;0.0;1;0;1.0;0.0
1535751;2;4;2;3.0;1;3;8.0;0.0
15364465;5;4;3;11.0;1;14;0.0;12.0
15367344;97;13;0;36.0;2;41;35.0;75.0
153679;0;2;0;1.0;1;1;2.0;0.0
15373298;2;1;3;3.0;2;4;0.0;6.0
15376390;13;4;0;13.0;2;11;0.0;17.0
15376695;10;27;6;36.0;1;29;7.0;36.0
15376719;3;5;0;6.0;1;6;2.0;6.0
15376740;1;2;1;1.0;1;1;4.0;0.0
15377050;1;14;9;25.0;1;18;1.0;23.0
15377158;2;2;0;0.0;1;0;4.0;0.0
15378266;2;6;1;11.0;1;11;2.0;7.0
15378553;8;0;7;7.0;1;8;0.0;15.0
15381425;5;0;0;2.0;1;5;0.0;5.0
15382047;0;4;0;4.0;1;4;0.0;4.0
15382429;4;0;0;3.0;1;2;0.0;4.0
15382548;9;2;0;7.0;1;11;0.0;11.0
15382952;19;20;17;48.0;1;37;9.0;47.0
15383235;1;6;3;8.0;1;9;2.0;8.0
15383802;13;6;0;10.0;1;17;2.0;17.0
15384829;0;3;1;4.0;1;4;4.0;0.0
15385931;1;3;0;2.0;1;2;4.0;0.0
15386401;4;0;0;0.0;1;5;0.0;4.0
15387726;9;1;0;1.0;1;8;2.0;8.0
1538790;7;7;43;65.0;1;20;0.0;57.0
1538807;0;12;6;19.0;1;19;0.0;18.0
15388123;7;8;6;15.0;1;17;2.0;19.0
15390526;1;16;4;21.0;1;17;0.0;21.0
15390529;17;10;0;11.0;1;16;2.0;25.0
15391866;2;2;1;0.0;1;0;5.0;0.0
15392134;32;28;11;48.0;4;49;63.0;8.0
15392314;1;5;5;11.0;1;12;1.0;10.0
15392495;0;4;0;5.0;1;5;0.0;4.0
15392675;1;0;1;0.0;1;0;2.0;0.0
15394548;2;1;5;9.0;1;7;0.0;8.0
15394839;2;6;0;7.0;1;9;0.0;8.0
15395459;0;5;5;10.0;1;10;0.0;10.0
154001;0;1;0;1.0;2;1;1.0;0.0
1540259;0;0;0;0.0;1;0;0.0;0.0
15406346;22;11;0;26.0;2;25;0.0;33.0
15406414;6;6;3;14.0;1;14;5.0;10.0
15406471;9;2;0;7.0;2;11;2.0;9.0
15406486;2;6;0;9.0;2;10;0.0;8.0
15407098;7;22;16;50.0;1;21;0.0;45.0
15408180;0;1;0;0.0;1;0;1.0;0.0
15409389;8;1;0;1.0;1;7;2.0;7.0
15410728;11;9;2;15.0;1;22;18.0;4.0
15411639;1;6;9;16.0;1;13;2.0;14.0
15412462;6;0;0;0.0;1;6;0.0;6.0
15412860;12;8;0;13.0;1;20;0.0;20.0
15412866;1;0;0;0.0;1;1;1.0;0.0
15413659;1;1;0;0.0;1;0;2.0;0.0
15414366;1;2;2;3.0;1;3;5.0;0.0
15415975;1;3;1;5.0;1;5;1.0;4.0
15416402;2;5;0;5.0;1;6;3.0;4.0
15416839;0;10;1;11.0;1;11;0.0;11.0
15417192;3;3;1;3.0;1;3;7.0;0.0
15418023;1;1;0;1.0;1;1;2.0;0.0
15419306;4;6;2;9.0;1;11;12.0;0.0
15419622;1;1;0;1.0;1;2;2.0;0.0
15419706;1;0;1;0.0;1;0;2.0;0.0
15420053;3;4;3;7.0;1;8;10.0;0.0
1542031;13;1;0;5.0;2;12;2.0;12.0
15421889;1;1;0;0.0;1;0;2.0;0.0
15422396;0;2;2;3.0;1;3;4.0;0.0
15423683;1;1;0;1.0;1;1;2.0;0.0
15424524;5;6;2;10.0;1;11;13.0;0.0
15424526;1;0;0;0.0;1;0;1.0;0.0
15424770;0;0;0;0.0;1;0;0.0;0.0
15424853;6;5;1;10.0;1;13;0.0;12.0
1542486;12;4;7;15.0;1;22;2.0;21.0
15424915;2;9;6;17.0;1;17;2.0;15.0
15425225;0;1;1;0.0;1;0;2.0;0.0
15425736;0;3;1;2.0;1;2;4.0;0.0
15425827;4;3;0;6.0;1;5;0.0;7.0
15425852;78;70;25;126.0;1;33;0.0;173.0
15426023;3;12;0;15.0;1;15;0.0;15.0
15426782;2;1;0;0.0;3;0;3.0;0.0
154346;37;47;35;103.0;6;79;44.0;75.0
15434735;3;1;0;2.0;1;2;4.0;0.0
15435833;11;12;5;22.0;1;28;0.0;28.0
15436319;0;2;0;0.0;1;0;2.0;0.0
15436997;0;0;0;0.0;1;0;0.0;0.0
1543872;12;12;6;24.0;1;31;0.0;30.0
15439297;1;1;0;0.0;1;1;2.0;0.0
1543961;2;1;1;0.0;1;0;4.0;0.0
15440204;1;1;0;0.0;1;0;2.0;0.0
15440895;2;15;5;22.0;1;20;2.0;20.0
15441720;11;8;1;15.0;1;17;7.0;13.0
15443345;0;1;0;0.0;2;0;1.0;0.0
15444626;4;5;3;7.0;1;7;12.0;0.0
15445176;7;3;6;16.0;1;13;3.0;13.0
15445467;18;8;1;17.0;2;21;5.0;22.0
15445472;3;0;0;0.0;1;2;3.0;0.0
15445617;3;0;0;2.0;1;2;2.0;1.0
15445622;4;0;0;2.0;1;3;1.0;3.0
15445655;0;2;9;12.0;2;12;0.0;11.0
15445686;5;1;0;4.0;1;4;6.0;0.0
15445751;1;1;1;0.0;1;0;3.0;0.0
15446009;0;5;0;5.0;1;5;0.0;5.0
15446474;0;5;0;5.0;1;3;0.0;5.0
15449035;1;0;5;3.0;1;3;2.0;4.0
15449352;2;10;6;17.0;1;17;2.0;16.0
15450636;8;11;10;27.0;1;26;0.0;29.0
15450671;3;3;2;2.0;1;3;8.0;0.0
15453106;0;0;2;1.0;1;1;2.0;0.0
15454601;6;21;12;36.0;1;28;27.0;12.0
15455531;9;0;2;5.0;1;12;0.0;11.0
15457263;2;3;1;5.0;1;5;2.0;4.0
15457571;5;1;4;8.0;1;8;6.0;4.0
15467455;1;0;0;0.0;1;1;1.0;0.0
154694;5;3;2;2.0;2;4;10.0;0.0
15469638;4;0;0;0.0;1;4;0.0;4.0
1547356;0;1;6;8.0;1;8;0.0;7.0
1547383;1;1;1;0.0;1;1;3.0;0.0
15475000;0;8;1;9.0;1;9;0.0;9.0
15475261;1;0;0;0.0;1;0;1.0;0.0
15475338;2;0;0;1.0;1;1;2.0;0.0
15477389;10;15;14;31.0;1;26;2.0;37.0
15480159;20;1;0;3.0;1;10;2.0;19.0
15480593;0;5;2;5.0;1;5;7.0;0.0
15481497;2;4;5;13.0;1;11;0.0;11.0
15481798;1;3;0;5.0;1;5;0.0;4.0
15481836;9;12;6;27.0;1;26;0.0;27.0
15481999;4;1;0;0.0;1;2;5.0;0.0
15482114;2;0;0;0.0;1;0;2.0;0.0
15482137;0;1;0;0.0;1;0;1.0;0.0
15482251;0;1;0;0.0;1;0;1.0;0.0
15484434;2;12;0;12.0;1;12;4.0;10.0
15484884;20;6;3;19.0;1;23;0.0;29.0
15485416;0;0;5;6.0;1;6;0.0;5.0
15485770;3;1;0;1.0;1;2;4.0;0.0
15486739;2;3;3;6.0;1;6;4.0;4.0
15487092;2;2;0;4.0;1;4;0.0;4.0
15487539;2;1;0;2.0;2;2;3.0;0.0
15487544;0;19;15;33.0;1;24;12.0;22.0
15488174;1;4;3;5.0;1;4;2.0;6.0
15488823;3;3;1;4.0;1;5;7.0;0.0
15498178;9;4;0;10.0;1;10;0.0;13.0
15498489;0;0;4;4.0;1;3;0.0;4.0
15500406;1;0;5;6.0;1;5;1.0;5.0
15500864;5;1;0;3.0;1;4;2.0;4.0
15500942;4;3;0;2.0;1;4;7.0;0.0
15501185;1;1;0;0.0;1;1;2.0;0.0
15503779;9;9;1;12.0;1;19;0.0;19.0
15504380;6;6;0;11.0;1;12;0.0;12.0
15506431;5;3;1;4.0;1;8;2.0;7.0
15506459;12;8;7;21.0;1;27;0.0;27.0
1550667;0;1;1;1.0;1;1;2.0;0.0
15508753;0;2;1;2.0;1;2;3.0;0.0
15509366;1;0;0;0.0;1;1;1.0;0.0
15509456;13;16;6;29.0;1;31;0.0;35.0
15510475;5;0;0;2.0;1;5;0.0;5.0
15510566;5;0;0;4.0;1;5;0.0;5.0
15510582;21;7;4;13.0;3;27;9.0;23.0
15510778;1;3;1;0.0;1;0;5.0;0.0
15511332;9;11;10;30.0;1;22;30.0;0.0
15513654;0;1;0;1.0;1;1;1.0;0.0
15514887;2;0;0;0.0;1;1;2.0;0.0
15515005;3;1;1;2.0;1;4;5.0;0.0
15515010;11;9;3;20.0;1;21;23.0;0.0
15515331;1;1;0;0.0;1;0;2.0;0.0
15515340;0;3;3;4.0;1;4;2.0;4.0
15515656;1;1;0;0.0;1;0;2.0;0.0
15516166;3;0;0;1.0;2;2;3.0;0.0
15516401;0;9;6;16.0;1;16;0.0;15.0
15518756;0;1;0;0.0;1;0;1.0;0.0
15518789;1;2;0;1.0;1;1;3.0;0.0
15519126;3;1;3;4.0;1;8;0.0;7.0
15519442;7;4;0;7.0;1;10;11.0;0.0
15519649;7;3;0;7.0;1;9;1.0;9.0
15520093;2;1;0;0.0;1;0;3.0;0.0
15520446;2;2;1;3.0;1;5;0.0;5.0
15520707;12;7;0;14.0;1;14;0.0;19.0
15522772;2;1;0;1.0;1;1;3.0;0.0
15529565;3;1;0;2.0;1;4;0.0;4.0
15529773;0;1;1;0.0;1;0;2.0;0.0
15529842;2;6;0;7.0;1;8;2.0;6.0
15530606;1;0;0;1.0;1;1;1.0;0.0
15530864;2;5;2;9.0;1;9;0.0;9.0
15530903;12;12;13;33.0;1;31;0.0;37.0
15531339;2;0;0;0.0;1;1;2.0;0.0
15531476;0;0;0;0.0;1;0;0.0;0.0
15532181;1;8;6;13.0;1;13;2.0;13.0
15532326;1;9;0;9.0;1;6;1.0;9.0
15532331;1;5;0;6.0;2;6;1.0;5.0
15532691;12;1;3;10.0;2;17;0.0;16.0
15532829;0;0;0;0.0;1;0;0.0;0.0
15536492;8;13;7;22.0;1;20;0.0;28.0
15537037;21;18;6;35.0;1;30;0.0;45.0
15537750;1;1;0;0.0;1;0;2.0;0.0
15537964;0;1;0;1.0;1;1;1.0;0.0
15537972;22;16;9;36.0;1;32;0.0;47.0
15538129;0;3;0;2.0;1;2;3.0;0.0
15540057;2;2;9;10.0;1;8;3.0;10.0
15540492;18;0;0;10.0;1;11;0.0;18.0
15541464;1;1;0;0.0;1;0;2.0;0.0
15541678;3;8;4;12.0;1;14;3.0;12.0
15543415;0;16;9;26.0;1;20;0.0;25.0
15544270;3;1;0;1.0;1;1;4.0;0.0
15546804;1;1;0;0.0;1;0;2.0;0.0
15548500;20;7;1;17.0;1;28;17.0;11.0
15549124;13;3;0;8.0;1;9;0.0;16.0
15549745;1;2;0;0.0;1;0;3.0;0.0
15551269;1;0;0;0.0;1;0;1.0;0.0
15551481;1;5;0;6.0;1;6;0.0;6.0
15551698;0;2;11;15.0;1;9;0.0;13.0
15551792;7;3;0;8.0;1;10;0.0;10.0
155535;10;6;5;13.0;1;14;5.0;16.0
155543;4;2;1;2.0;2;4;7.0;0.0
15558907;0;1;0;0.0;1;0;1.0;0.0
15559855;0;2;4;7.0;1;7;0.0;6.0
15559871;0;2;1;0.0;1;0;3.0;0.0
15560829;4;15;0;18.0;1;11;0.0;19.0
15561372;7;7;1;10.0;1;9;5.0;10.0
15564052;12;6;0;11.0;1;18;0.0;18.0
15564304;9;16;11;30.0;1;20;0.0;36.0
15564371;4;2;1;0.0;1;0;7.0;0.0
15564522;1;1;0;0.0;1;0;2.0;0.0
15565067;9;2;0;5.0;1;11;0.0;11.0
15566384;5;14;0;15.0;1;14;4.0;15.0
15566881;1;11;1;11.0;1;11;3.0;10.0
15567334;0;2;1;3.0;1;3;3.0;0.0
15569271;2;0;2;3.0;1;3;0.0;4.0
15569685;0;0;4;4.0;1;2;0.0;4.0
15569811;4;10;3;15.0;1;14;17.0;0.0
15570198;3;2;0;7.0;1;7;0.0;5.0
15570282;0;1;1;3.0;1;3;2.0;0.0
15570829;9;0;0;2.0;1;9;0.0;9.0
15571172;0;5;9;15.0;1;10;14.0;0.0
15573350;5;5;0;9.0;1;9;0.0;10.0
15574756;2;1;6;4.0;1;6;4.0;5.0
15575651;1;0;0;0.0;1;1;1.0;0.0
15579206;12;12;2;19.0;1;26;0.0;26.0
15579873;2;11;11;26.0;1;20;0.0;24.0
15580131;1;1;0;1.0;2;1;2.0;0.0
15580210;2;5;1;7.0;1;7;8.0;0.0
15580258;1;1;1;0.0;1;0;3.0;0.0
15580277;0;0;7;9.0;1;5;0.0;7.0
15588089;3;8;2;9.0;1;9;4.0;9.0
15589186;18;19;7;36.0;1;34;28.0;16.0
15589240;3;1;0;1.0;1;2;4.0;0.0
15589346;3;3;0;3.0;1;5;1.0;5.0
15589529;1;1;1;0.0;1;0;3.0;0.0
15589755;3;2;1;0.0;1;1;6.0;0.0
15589802;0;7;6;14.0;1;14;0.0;13.0
15590391;8;2;1;8.0;1;11;3.0;8.0
15590809;1;1;0;0.0;1;0;2.0;0.0
15591107;11;0;0;4.0;1;6;0.0;11.0
15591681;16;9;10;22.0;1;28;11.0;24.0
15591754;4;0;0;1.0;1;4;0.0;4.0
15594449;1;8;2;10.0;1;10;0.0;11.0
15594536;1;2;1;1.0;1;1;4.0;0.0
15594746;6;4;0;8.0;1;10;5.0;5.0
15595549;1;1;0;2.0;2;2;2.0;0.0
15598038;7;0;0;0.0;1;4;0.0;7.0
15599149;3;0;0;0.0;1;1;3.0;0.0
15600668;1;2;0;1.0;1;1;3.0;0.0
15600677;2;5;7;12.0;1;10;14.0;0.0
15600678;17;0;0;5.0;1;12;0.0;17.0
15600780;3;1;1;5.0;1;5;0.0;5.0
1560157;1;1;1;1.0;1;1;3.0;0.0
15603614;8;3;0;12.0;1;8;0.0;11.0
15603871;6;0;0;0.0;1;6;0.0;6.0
15605387;1;1;0;0.0;1;0;2.0;0.0
15606379;0;0;0;0.0;1;0;0.0;0.0
15606386;8;11;23;44.0;1;24;2.0;40.0
15606406;2;0;0;0.0;2;2;1.0;1.0
15608232;1;1;0;2.0;1;2;2.0;0.0
15608744;1;0;1;4.0;1;4;2.0;0.0
15609150;1;1;2;1.0;1;1;4.0;0.0
1561432;6;0;0;0.0;1;6;0.0;6.0
1561680;2;2;1;2.0;1;2;5.0;0.0
156176;11;8;2;12.0;1;17;6.0;15.0
1561968;7;4;0;6.0;1;10;11.0;0.0
15621201;1;1;0;1.0;1;1;2.0;0.0
15621484;4;0;2;6.0;1;3;0.0;6.0
15622143;1;8;4;10.0;1;8;3.0;10.0
15622731;24;24;7;41.0;1;29;0.0;55.0
15622869;12;10;9;24.0;4;21;2.0;29.0
15628913;1;2;1;0.0;1;0;4.0;0.0
15629764;0;10;6;18.0;1;15;0.0;16.0
15631315;2;1;0;0.0;1;0;3.0;0.0
15634131;0;2;1;1.0;1;1;3.0;0.0
15634401;2;1;0;0.0;1;0;3.0;0.0
15635657;0;1;0;0.0;1;0;1.0;0.0
1563940;4;6;2;9.0;1;13;12.0;0.0
15639758;2;7;6;14.0;1;15;2.0;13.0
15639997;2;15;9;26.0;1;16;4.0;22.0
15640945;13;2;0;13.0;1;8;15.0;0.0
1564619;2;2;0;2.0;1;3;4.0;0.0
15652126;4;2;2;4.0;1;8;8.0;0.0
15652321;1;0;0;0.0;1;0;1.0;0.0
15652612;12;13;8;27.0;1;34;3.0;30.0
1565316;17;8;2;13.0;1;18;27.0;0.0
15653179;0;5;3;9.0;1;8;0.0;8.0
15653242;0;11;1;12.0;1;8;0.0;12.0
1565361;2;10;3;12.0;1;10;15.0;0.0
1565447;0;5;0;5.0;1;5;0.0;5.0
15656336;1;1;0;0.0;1;1;2.0;0.0
15657711;4;6;2;11.0;1;13;6.0;6.0
15660955;1;1;0;0.0;1;0;2.0;0.0
15661053;5;0;0;0.0;1;2;0.0;5.0
15661350;6;0;0;2.0;1;5;0.0;6.0
15661804;0;0;7;10.0;1;5;0.0;7.0
15662184;1;1;0;1.0;1;1;2.0;0.0
15663515;2;1;1;0.0;1;0;4.0;0.0
15663660;1;2;0;2.0;1;1;3.0;0.0
15664120;8;7;18;26.0;1;16;4.0;29.0
15664431;5;0;0;4.0;1;4;1.0;4.0
15665820;9;0;0;2.0;1;9;0.0;9.0
15665849;1;4;2;3.0;1;3;7.0;0.0
15666704;0;12;7;17.0;1;13;3.0;16.0
15667087;2;38;49;95.0;1;22;6.0;83.0
15667303;1;0;0;0.0;1;1;1.0;0.0
15669383;0;1;1;0.0;1;0;2.0;0.0
15669844;6;1;0;0.0;1;6;2.0;5.0
15670590;12;12;6;24.0;1;31;0.0;30.0
15670762;2;4;6;12.0;1;13;0.0;12.0
15670914;56;42;16;81.0;1;34;4.0;110.0
1567120;1;1;0;0.0;1;0;2.0;0.0
15671279;0;13;6;17.0;4;15;3.0;16.0
1567131;1;0;0;0.0;1;0;1.0;0.0
15671879;0;1;1;0.0;1;0;2.0;0.0
15672392;3;3;0;4.0;1;4;6.0;0.0
15679866;1;1;0;0.0;1;0;2.0;0.0
15681626;0;1;0;0.0;1;0;1.0;0.0
15682407;0;1;1;0.0;1;0;2.0;0.0
15684758;0;1;1;0.0;1;0;2.0;0.0
15689241;0;2;2;3.0;1;3;4.0;0.0
15689316;10;29;13;49.0;1;37;22.0;30.0
15691;5;2;2;4.0;1;7;9.0;0.0
15692670;0;4;0;4.0;1;4;0.0;4.0
15693302;1;1;1;0.0;1;0;3.0;0.0
15694659;0;2;6;9.0;1;9;0.0;8.0
15694759;1;0;0;0.0;1;0;1.0;0.0
15694784;1;3;2;5.0;2;5;6.0;0.0
15694935;1;0;0;1.0;1;1;1.0;0.0
15696264;22;18;0;33.0;1;23;0.0;40.0
156966;4;1;0;1.0;1;3;2.0;3.0
15696863;4;5;7;14.0;1;14;6.0;10.0
15697620;0;2;5;6.0;1;6;2.0;5.0
15697630;3;0;5;6.0;1;9;0.0;8.0
1569786;1;2;1;1.0;1;1;4.0;0.0
15698097;1;0;0;0.0;1;0;1.0;0.0
1570279;7;12;6;24.0;1;26;0.0;25.0
15702845;9;8;8;20.0;1;22;8.0;17.0
1570300;3;1;2;2.0;1;2;6.0;0.0
1570580;19;28;12;45.0;1;28;0.0;59.0
1570847;1;2;2;4.0;1;4;5.0;0.0
15714365;27;12;13;24.0;1;21;2.0;50.0
15715090;7;0;0;0.0;1;6;0.0;7.0
15715372;10;3;2;6.0;1;10;15.0;0.0
15721272;3;5;1;4.0;3;6;9.0;0.0
15721293;0;0;0;0.0;3;0;0.0;0.0
15721732;4;3;0;3.0;1;3;7.0;0.0
15722773;4;0;0;0.0;1;4;0.0;4.0
15723143;1;0;0;0.0;1;0;1.0;0.0
15724194;12;12;5;22.0;1;29;0.0;29.0
15727668;1;3;3;8.0;1;9;1.0;6.0
15728724;4;12;6;21.0;1;21;2.0;20.0
15730426;1;1;0;0.0;1;0;2.0;0.0
1573069;2;1;0;2.0;1;3;3.0;0.0
15733787;0;0;4;5.0;1;5;0.0;4.0
15733905;0;1;0;0.0;1;0;1.0;0.0
15735687;4;12;3;18.0;1;11;0.0;19.0
15735744;24;28;12;53.0;3;45;0.0;64.0
15735844;1;1;1;0.0;1;0;3.0;0.0
1573911;5;4;3;9.0;1;11;12.0;0.0
1574296;3;4;1;2.0;2;5;8.0;0.0
1574450;1;1;0;0.0;1;0;2.0;0.0
1574470;0;1;1;0.0;1;0;2.0;0.0
15745751;0;0;4;4.0;1;4;0.0;4.0
1574605;5;0;0;0.0;1;5;0.0;5.0
15746262;0;0;1;1.0;1;1;1.0;0.0
1574648;3;2;1;2.0;1;3;6.0;0.0
15746800;3;3;2;8.0;1;8;8.0;0.0
15746996;2;5;4;11.0;1;12;1.0;10.0
15747888;1;2;1;0.0;2;0;4.0;0.0
1574802;6;12;1;18.0;1;16;0.0;19.0
15748390;2;1;0;2.0;1;5;0.0;3.0
15748911;1;2;1;0.0;3;0;4.0;0.0
15749391;0;1;0;1.0;1;1;1.0;0.0
15750436;2;2;1;1.0;1;1;5.0;0.0
1575136;5;3;6;8.0;1;10;8.0;6.0
15752989;0;1;3;3.0;1;3;4.0;0.0
15753167;3;1;0;3.0;1;3;4.0;0.0
15753268;13;15;16;40.0;1;35;3.0;41.0
15753503;3;14;0;13.0;1;10;6.0;11.0
15753821;3;4;8;14.0;1;15;8.0;7.0
15755511;4;6;1;10.0;1;10;11.0;0.0
15755613;2;2;1;2.0;1;2;5.0;0.0
15756956;2;10;0;11.0;1;13;0.0;12.0
15758346;0;1;1;0.0;1;0;2.0;0.0
15758673;8;4;6;16.0;1;18;0.0;18.0
15758810;12;12;6;24.0;1;31;0.0;30.0
15760793;5;2;3;5.0;1;9;5.0;5.0
15763336;0;4;9;15.0;1;11;0.0;13.0
15766278;11;5;6;13.0;1;20;2.0;20.0
15766449;1;1;0;1.0;1;1;2.0;0.0
15766499;1;1;0;0.0;1;0;2.0;0.0
15766551;0;1;0;1.0;1;1;1.0;0.0
15768191;9;5;0;10.0;1;14;0.0;14.0
15768543;2;11;5;17.0;1;17;4.0;14.0
15768579;1;0;1;1.0;1;1;2.0;0.0
1577480;0;0;5;6.0;1;4;1.0;4.0
1577502;0;18;4;20.0;1;14;2.0;20.0
15781245;11;3;2;8.0;1;15;0.0;16.0
15783431;4;2;0;6.0;1;6;0.0;6.0
15784740;6;14;8;27.0;1;27;3.0;25.0
15785473;1;1;6;8.0;2;9;1.0;7.0
15787254;2;1;0;2.0;1;2;3.0;0.0
15787404;9;0;0;2.0;1;9;0.0;9.0
15787745;1;0;0;0.0;1;0;1.0;0.0
15788882;8;8;2;15.0;1;17;13.0;5.0
15789907;0;1;0;1.0;1;1;1.0;0.0
1579502;6;1;0;4.0;1;7;0.0;7.0
15796344;4;9;7;15.0;1;15;10.0;10.0
15798143;2;2;0;4.0;1;4;0.0;4.0
15798320;4;3;0;1.0;1;2;7.0;0.0
15799763;1;0;0;1.0;1;2;1.0;0.0
15799774;7;5;4;14.0;1;16;3.0;13.0
15800955;0;11;4;15.0;1;15;0.0;15.0
15811743;0;3;2;3.0;1;3;5.0;0.0
15812684;7;0;0;0.0;1;7;0.0;7.0
158141;1;3;1;3.0;1;3;5.0;0.0
158142;5;4;5;7.0;2;9;10.0;4.0
15814414;2;1;1;1.0;2;2;4.0;0.0
15818470;5;1;0;2.0;1;6;0.0;6.0
15819921;6;17;7;32.0;1;14;0.0;30.0
15820507;0;1;0;0.0;1;0;1.0;0.0
15820578;1;1;0;0.0;1;0;2.0;0.0
15821038;1;0;0;0.0;1;1;1.0;0.0
15824699;0;4;1;5.0;1;5;0.0;5.0
15825042;1;1;0;0.0;1;0;2.0;0.0
15825438;6;0;0;0.0;1;6;0.0;6.0
1582754;3;12;6;18.0;4;20;2.0;19.0
15830329;2;1;0;0.0;1;0;3.0;0.0
15830886;19;16;12;35.0;1;36;12.0;35.0
15831037;4;1;0;3.0;2;4;5.0;0.0
15835112;13;23;11;36.0;1;30;3.0;44.0
15836619;0;2;6;9.0;1;9;0.0;8.0
15837233;6;4;0;7.0;2;7;10.0;0.0
15837405;7;1;0;2.0;1;6;2.0;6.0
1583859;6;1;0;5.0;1;6;3.0;4.0
1583904;3;9;7;16.0;1;17;6.0;13.0
1584152;5;9;0;11.0;5;11;14.0;0.0
15846307;3;3;2;4.0;1;5;8.0;0.0
15848274;1;0;0;0.0;1;0;1.0;0.0
1584884;1;1;0;0.0;1;1;2.0;0.0
1584918;0;1;0;1.0;1;1;1.0;0.0
15849407;12;12;6;24.0;1;31;0.0;30.0
15849730;2;1;6;8.0;1;10;4.0;5.0
15854454;1;2;4;7.0;1;7;7.0;0.0
15854717;1;1;0;0.0;1;0;2.0;0.0
15857500;0;0;0;0.0;1;0;0.0;0.0
15857865;4;1;1;3.0;1;5;2.0;4.0
15858556;14;0;0;5.0;1;9;0.0;14.0
15858621;0;1;0;0.0;2;0;1.0;0.0
15859067;1;1;0;0.0;1;0;2.0;0.0
15859609;19;28;2;42.0;1;26;0.0;49.0
15865044;0;1;0;0.0;1;0;1.0;0.0
15865695;1;2;1;1.0;1;1;4.0;0.0
1586833;1;0;0;0.0;1;0;1.0;0.0
15869282;1;5;0;5.0;1;6;0.0;6.0
15869728;2;9;2;10.0;1;6;4.0;9.0
15869920;2;0;0;0.0;1;0;2.0;0.0
1587098;2;2;0;0.0;1;1;4.0;0.0
15882357;4;5;0;5.0;1;10;0.0;9.0
15885622;1;0;0;0.0;1;0;1.0;0.0
15885780;4;14;1;16.0;1;17;0.0;19.0
15886199;0;3;1;0.0;1;0;4.0;0.0
15886329;2;0;0;1.0;1;1;2.0;0.0
15890804;0;2;5;7.0;1;7;2.0;5.0
15891603;3;4;1;2.0;2;4;8.0;0.0
1589243;6;9;5;20.0;2;18;1.0;19.0
15892855;5;6;0;9.0;1;11;2.0;9.0
1589375;9;0;0;2.0;1;10;1.0;8.0
15895492;3;1;4;7.0;1;10;2.0;6.0
15896378;2;1;0;0.0;1;0;3.0;0.0
15898115;12;4;1;10.0;1;16;1.0;16.0
15902661;12;10;0;15.0;1;22;0.0;22.0
15906872;13;25;16;50.0;1;29;2.0;52.0
15908551;1;0;0;0.0;1;0;1.0;0.0
159113;12;11;10;31.0;3;28;25.0;8.0
1591548;9;6;1;11.0;1;16;16.0;0.0
1591897;6;7;2;10.0;1;14;3.0;12.0
15920735;0;1;1;1.0;1;1;2.0;0.0
1592102;1;1;0;0.0;1;0;2.0;0.0
15921315;2;2;0;0.0;1;1;4.0;0.0
15926474;1;1;0;0.0;1;0;2.0;0.0
1592673;2;0;0;0.0;2;0;2.0;0.0
15927792;0;0;0;0.0;1;0;0.0;0.0
15927799;0;1;0;1.0;1;1;1.0;0.0
15932166;0;3;6;10.0;1;10;0.0;9.0
15938810;9;0;3;6.0;1;12;0.0;12.0
15939916;3;7;2;12.0;1;12;8.0;4.0
1594092;0;1;0;0.0;1;0;1.0;0.0
15944435;0;9;3;12.0;1;12;0.0;12.0
15945071;2;2;0;3.0;1;3;0.0;4.0
15957018;8;3;0;7.0;1;11;11.0;0.0
15957803;3;0;1;1.0;1;5;0.0;4.0
1595862;0;30;10;42.0;1;27;12.0;28.0
1595930;0;1;5;6.0;1;6;0.0;6.0
15970273;2;3;3;7.0;1;7;3.0;5.0
15971910;11;0;0;4.0;1;11;0.0;11.0
1597402;2;0;0;2.0;1;2;2.0;0.0
15978499;3;1;0;0.0;1;3;4.0;0.0
15978933;0;1;1;0.0;2;0;2.0;0.0
15979347;3;3;0;6.0;1;8;0.0;6.0
15983249;0;4;0;3.0;1;3;4.0;0.0
15985119;1;6;5;12.0;1;10;4.0;8.0
1599001;3;1;0;1.0;1;3;4.0;0.0
15995892;0;0;4;5.0;1;5;0.0;4.0
15997769;12;4;6;15.0;1;22;0.0;22.0
16004537;1;1;1;1.0;1;1;3.0;0.0
16005353;56;74;41;145.0;1;37;0.0;171.0
16005597;12;4;4;13.0;1;19;6.0;14.0
16014188;12;12;6;24.0;1;31;0.0;30.0
16014237;1;2;0;0.0;1;0;3.0;0.0
1602000;1;0;0;0.0;1;0;1.0;0.0
1602005;1;1;0;0.0;1;0;2.0;0.0
16027584;12;12;6;24.0;1;31;0.0;30.0
1603042;13;12;6;25.0;1;29;0.0;31.0
160377;3;33;54;100.0;1;20;0.0;90.0
16053615;2;0;0;0.0;1;0;2.0;0.0
16055366;0;8;2;9.0;2;9;5.0;5.0
16058226;10;6;0;13.0;1;8;2.0;14.0
16059982;0;1;0;1.0;1;1;1.0;0.0
16060565;4;12;1;17.0;1;15;0.0;17.0
16068351;1;1;0;0.0;1;0;2.0;0.0
16079596;3;1;2;2.0;1;2;6.0;0.0
16080323;1;2;1;0.0;2;0;4.0;0.0
16081218;4;2;0;2.0;1;6;0.0;6.0
16087390;12;1;0;7.0;1;12;0.0;13.0
16089180;5;0;2;7.0;1;8;0.0;7.0
16092390;1;1;0;0.0;1;0;2.0;0.0
16099267;1;2;0;1.0;1;1;3.0;0.0
16101022;1;1;0;0.0;1;0;2.0;0.0
16102551;6;0;0;0.0;1;5;2.0;4.0
16103150;2;10;0;10.0;1;11;2.0;10.0
16104181;0;0;6;8.0;1;6;0.0;6.0
16104504;4;1;0;5.0;1;5;0.0;5.0
16105378;0;1;2;4.0;1;4;0.0;3.0
16118826;0;1;1;0.0;1;0;2.0;0.0
16119219;3;1;2;3.0;1;5;6.0;0.0
161238;5;5;0;8.0;1;12;10.0;0.0
16123821;0;5;6;12.0;1;12;4.0;7.0
16125630;7;1;0;6.0;1;7;0.0;8.0
16125631;1;1;0;0.0;1;0;2.0;0.0
16125773;20;30;9;43.0;2;28;7.0;52.0
16128474;0;16;12;30.0;1;18;0.0;28.0
16132242;2;1;0;0.0;1;0;3.0;0.0
16137331;1;2;1;1.0;2;1;4.0;0.0
16137863;2;1;1;0.0;1;1;4.0;0.0
16142919;15;16;8;30.0;1;30;5.0;34.0
16143679;0;1;1;1.0;1;1;2.0;0.0
16154849;1;1;2;4.0;1;4;0.0;4.0
16155227;6;10;2;16.0;1;18;0.0;18.0
16155487;6;5;0;8.0;1;9;2.0;9.0
16157110;1;1;0;1.0;1;1;2.0;0.0
16163113;1;2;1;1.0;1;1;4.0;0.0
16163602;1;0;1;1.0;1;1;2.0;0.0
16164667;5;2;0;3.0;1;7;7.0;0.0
16166036;12;4;8;14.0;1;18;0.0;24.0
16167705;4;13;7;24.0;1;24;3.0;21.0
16171748;23;23;11;41.0;1;31;3.0;54.0
16177287;6;1;3;8.0;1;9;0.0;10.0
16177847;12;4;0;9.0;1;16;0.0;16.0
16178717;3;1;0;3.0;1;5;4.0;0.0
16179016;0;0;0;0.0;2;0;0.0;0.0
16179225;0;2;1;2.0;1;2;3.0;0.0
16188626;0;4;0;4.0;1;3;0.0;4.0
16189695;1;28;8;37.0;1;23;6.0;31.0
16189706;4;5;8;15.0;1;13;4.0;13.0
16190369;7;18;6;30.0;1;25;0.0;31.0
16194885;5;0;2;2.0;1;7;0.0;7.0
16195314;5;8;0;12.0;1;13;0.0;13.0
16195545;0;2;2;3.0;1;3;4.0;0.0
16200480;41;83;6;117.0;1;32;5.0;125.0
16200562;50;65;14;108.0;1;32;0.0;129.0
16201409;12;6;0;11.0;1;18;0.0;18.0
16201474;0;2;1;1.0;1;1;3.0;0.0
16201522;17;9;8;21.0;1;25;3.0;31.0
16202385;0;5;0;5.0;1;5;0.0;5.0
16202566;8;9;4;15.0;2;18;21.0;0.0
16202674;17;11;8;27.0;1;34;25.0;11.0
16205854;11;2;1;1.0;1;6;2.0;12.0
16207341;3;0;0;1.0;1;2;3.0;0.0
16208049;2;1;0;0.0;1;2;3.0;0.0
16211564;12;2;0;7.0;1;14;0.0;14.0
16211642;4;3;1;2.0;1;2;8.0;0.0
16212769;0;2;1;0.0;1;0;3.0;0.0
16213041;4;10;0;14.0;1;11;2.0;12.0
16214292;4;9;0;10.0;1;14;5.0;8.0
1622;0;1;1;0.0;1;0;2.0;0.0
16226893;4;4;4;6.0;1;9;3.0;9.0
16228375;2;0;0;0.0;2;2;2.0;0.0
16230160;0;2;4;7.0;1;7;0.0;6.0
16232095;1;1;1;0.0;1;0;3.0;0.0
16232441;1;2;0;3.0;1;3;3.0;0.0
16233251;0;0;0;0.0;1;0;0.0;0.0
16233311;14;19;5;34.0;2;35;27.0;11.0
16235586;2;0;2;4.0;1;2;4.0;0.0
16236722;0;4;6;12.0;1;12;0.0;10.0
16239368;2;1;0;1.0;1;1;3.0;0.0
16240847;5;22;12;40.0;1;22;3.0;36.0
16243750;4;5;4;9.0;1;9;2.0;11.0
16244152;1;0;0;0.0;1;0;1.0;0.0
16248381;14;23;12;45.0;1;37;42.0;7.0
16263110;0;2;6;9.0;1;9;0.0;8.0
16265051;1;1;0;0.0;1;0;2.0;0.0
16265219;2;2;0;3.0;1;4;4.0;0.0
16268206;2;3;4;9.0;1;10;5.0;4.0
16268732;6;0;0;2.0;1;8;6.0;0.0
16271518;1;0;12;14.0;1;14;6.0;7.0
1627407;26;14;7;29.0;1;32;5.0;42.0
16275246;2;2;0;1.0;1;1;4.0;0.0
1627750;2;6;4;9.0;1;4;3.0;9.0
16279317;2;3;2;3.0;1;3;7.0;0.0
16281108;13;21;0;27.0;1;25;3.0;31.0
16281265;1;0;0;0.0;1;1;1.0;0.0
16282924;4;12;6;19.0;1;22;0.0;22.0
16283144;7;6;1;10.0;1;11;8.0;6.0
16285466;7;11;11;26.0;2;23;3.0;26.0
16285784;12;12;6;24.0;1;31;0.0;30.0
1628594;1;1;0;1.0;1;1;2.0;0.0
1628814;7;2;2;3.0;2;6;4.0;7.0
16290151;8;6;9;17.0;1;18;8.0;15.0
16291525;7;8;0;12.0;1;16;0.0;15.0
16291615;4;0;0;3.0;1;4;0.0;4.0
16292834;6;3;1;7.0;1;10;1.0;9.0
16311749;3;3;1;4.0;1;4;7.0;0.0
16312318;12;12;3;20.0;1;27;0.0;27.0
16312662;12;14;6;26.0;1;32;1.0;31.0
16313130;14;8;4;16.0;1;15;15.0;11.0
16314875;0;1;0;0.0;1;0;1.0;0.0
16317596;5;1;1;2.0;1;6;3.0;4.0
16318280;1;1;0;0.0;1;0;2.0;0.0
16318775;20;29;20;48.0;1;24;4.0;65.0
1631905;2;1;0;2.0;1;2;3.0;0.0
16319372;2;4;2;8.0;1;8;0.0;8.0
1631944;1;1;0;1.0;1;1;2.0;0.0
16320225;10;0;0;3.0;1;10;0.0;10.0
16320586;0;4;2;6.0;1;6;0.0;6.0
16320741;10;0;0;5.0;1;8;2.0;8.0
16321630;0;6;6;13.0;1;13;0.0;12.0
16324931;13;13;8;26.0;1;33;4.0;30.0
16325216;1;1;0;1.0;1;1;2.0;0.0
16325467;3;3;2;4.0;1;7;0.0;8.0
16326428;1;0;0;0.0;1;0;1.0;0.0
16326769;0;2;9;12.0;1;8;1.0;10.0
16327789;3;3;1;3.0;2;4;7.0;0.0
163306;0;6;13;19.0;1;10;2.0;17.0
163308;0;1;1;1.0;1;1;2.0;0.0
16330979;0;0;8;11.0;1;5;0.0;8.0
16331107;1;12;6;20.0;1;20;0.0;19.0
16334136;1;0;0;0.0;2;0;1.0;0.0
1633443;3;14;7;25.0;4;25;10.0;14.0
16334583;9;0;0;2.0;1;9;0.0;9.0
16334980;1;7;5;11.0;2;12;1.0;12.0
1633713;15;27;8;37.0;1;27;3.0;47.0
1633839;12;0;0;4.0;1;12;1.0;11.0
163485;12;14;7;26.0;2;33;3.0;30.0
1634954;0;35;2;37.0;1;12;0.0;37.0
16357406;10;0;0;7.0;1;6;0.0;10.0
16357641;1;2;1;3.0;1;3;4.0;0.0
16358891;3;10;5;16.0;1;15;15.0;3.0
16360422;5;12;6;18.0;1;20;3.0;20.0
16360498;28;5;0;14.0;1;17;0.0;33.0
16361388;1;2;2;4.0;2;4;5.0;0.0
16361418;12;12;6;24.0;1;31;0.0;30.0
16365753;12;24;1;30.0;1;25;0.0;37.0
1637293;2;0;0;0.0;1;0;2.0;0.0
16373694;0;1;1;1.0;1;1;2.0;0.0
16374951;4;3;0;4.0;1;8;0.0;7.0
16375432;4;2;0;1.0;1;4;2.0;4.0
1638241;3;6;8;16.0;2;18;12.0;5.0
1638573;17;18;9;31.0;3;33;40.0;4.0
1638603;7;12;5;21.0;1;16;0.0;24.0
1638744;2;6;3;10.0;1;8;5.0;6.0
16387642;1;1;0;0.0;1;0;2.0;0.0
16387775;5;3;0;4.0;1;6;4.0;4.0
1638871;6;4;2;11.0;1;12;8.0;4.0
16389441;3;4;1;7.0;1;7;8.0;0.0
16390076;1;1;0;1.0;1;1;2.0;0.0
16390726;0;2;0;1.0;2;1;2.0;0.0
16395337;1;0;0;0.0;1;0;1.0;0.0
1639583;18;17;11;39.0;2;38;22.0;24.0
16396098;10;0;0;2.0;1;9;0.0;10.0
16396789;12;12;6;24.0;1;31;0.0;30.0
16396968;1;0;0;0.0;1;0;1.0;0.0
16397877;1;0;0;0.0;3;0;1.0;0.0
16398292;13;10;6;24.0;1;24;0.0;29.0
16398694;1;1;0;0.0;1;0;2.0;0.0
16403356;4;5;1;7.0;1;7;10.0;0.0
16403736;0;0;1;0.0;3;0;1.0;0.0
16404661;1;7;4;11.0;1;11;0.0;12.0
16404737;11;0;4;10.0;1;16;0.0;15.0
16407803;3;3;1;3.0;1;5;7.0;0.0
16411686;12;12;6;24.0;1;31;0.0;30.0
16411700;1;1;0;0.0;1;1;2.0;0.0
16414986;4;0;0;0.0;1;4;0.0;4.0
16415260;2;2;1;0.0;2;0;5.0;0.0
16416011;0;0;1;0.0;1;0;1.0;0.0
16416150;3;7;0;8.0;1;8;7.0;3.0
1641634;0;9;0;9.0;1;4;0.0;9.0
16417120;0;8;6;15.0;1;15;0.0;14.0
16417703;0;2;1;2.0;1;2;3.0;0.0
16417761;0;5;2;9.0;1;9;0.0;7.0
16417841;0;14;13;30.0;1;17;0.0;27.0
16418074;0;1;1;1.0;1;1;2.0;0.0
16419178;0;4;2;5.0;1;5;6.0;0.0
1641944;3;1;1;1.0;1;2;5.0;0.0
164278;58;0;0;0.0;1;4;0.0;58.0
16428620;8;18;5;26.0;1;21;6.0;25.0
16428758;0;7;1;8.0;1;7;2.0;6.0
16430305;6;1;0;4.0;1;4;3.0;4.0
16431899;1;1;0;0.0;1;0;2.0;0.0
16432830;5;2;5;7.0;1;12;0.0;12.0
16433176;1;0;0;1.0;1;1;1.0;0.0
16433928;2;11;8;17.0;1;16;3.0;18.0
16435676;8;8;3;13.0;1;15;2.0;17.0
16436545;1;1;0;0.0;1;0;2.0;0.0
16436846;1;9;6;16.0;1;17;0.0;16.0
1643725;15;0;0;8.0;1;12;0.0;15.0
16437494;1;1;1;0.0;1;0;3.0;0.0
16439057;2;1;0;0.0;1;0;3.0;0.0
1644;0;11;12;25.0;1;15;0.0;23.0
16442324;1;1;0;0.0;1;0;2.0;0.0
16442734;10;11;6;24.0;1;29;0.0;27.0
16442811;3;0;0;3.0;1;3;0.0;3.0
16443127;2;1;0;0.0;1;0;3.0;0.0
16443545;2;2;3;3.0;2;3;4.0;3.0
16447040;2;33;49;92.0;1;21;2.0;82.0
16449316;9;30;30;79.0;1;30;4.0;65.0
16449982;14;0;0;1.0;1;8;0.0;14.0
16451353;4;1;0;1.0;1;4;5.0;0.0
16451441;1;1;0;1.0;1;1;2.0;0.0
16452483;10;3;2;5.0;1;10;2.0;13.0
16453303;1;1;0;0.0;2;0;2.0;0.0
16454162;9;22;17;45.0;4;35;23.0;25.0
16455701;1;1;0;0.0;1;0;2.0;0.0
16456830;7;0;0;0.0;1;7;0.0;7.0
16465435;5;2;1;3.0;1;5;8.0;0.0
16467912;1;0;1;0.0;1;1;2.0;0.0
16468781;1;1;0;0.0;1;0;2.0;0.0
16469535;1;1;0;0.0;1;0;2.0;0.0
16469704;2;0;0;0.0;1;0;2.0;0.0
16470564;6;3;5;10.0;1;15;0.0;14.0
16473054;28;40;31;90.0;1;31;1.0;98.0
16473562;1;0;0;0.0;1;0;1.0;0.0
16474048;7;3;2;7.0;1;9;12.0;0.0
16474638;3;3;0;3.0;1;6;6.0;0.0
16474767;2;0;1;1.0;1;3;3.0;0.0
16476536;1;5;2;8.0;1;8;0.0;8.0
16476698;3;7;1;8.0;1;11;2.0;9.0
16476743;11;3;0;7.0;1;14;0.0;14.0
16477739;1;0;0;0.0;1;0;1.0;0.0
16479429;0;13;12;27.0;1;15;0.0;25.0
16479670;1;2;1;3.0;1;4;0.0;4.0
16479907;2;14;30;46.0;1;18;4.0;42.0
16480011;7;25;2;26.0;1;19;2.0;32.0
16480047;1;0;0;0.0;1;0;1.0;0.0
16480876;12;12;4;21.0;1;28;0.0;28.0
16482082;12;7;0;12.0;1;19;0.0;19.0
16484059;0;1;4;5.0;1;5;0.0;5.0
16484697;1;1;0;2.0;1;2;2.0;0.0
16485019;36;30;5;47.0;5;50;33.0;38.0
16485236;2;0;0;0.0;1;1;2.0;0.0
16486264;1;0;0;0.0;1;0;1.0;0.0
16486573;6;7;4;12.0;1;14;17.0;0.0
16487164;3;4;4;10.0;1;10;11.0;0.0
16487420;1;9;0;10.0;1;8;0.0;10.0
16487475;4;0;0;0.0;1;4;0.0;4.0
1648767;3;12;6;19.0;1;22;0.0;21.0
16487761;1;0;0;0.0;1;0;1.0;0.0
16487864;8;0;0;3.0;1;6;8.0;0.0
16488406;7;0;0;0.0;1;4;0.0;7.0
16488465;2;1;1;2.0;1;3;4.0;0.0
16490670;8;12;6;24.0;1;27;0.0;26.0
16490739;1;0;0;1.0;1;2;1.0;0.0
16490844;7;0;1;7.0;1;9;0.0;8.0
16491626;18;1;0;2.0;3;9;2.0;17.0
16492394;4;6;2;11.0;1;12;12.0;0.0
16492618;1;1;0;0.0;1;0;2.0;0.0
16492726;2;1;1;0.0;1;0;4.0;0.0
16492875;2;1;3;5.0;1;7;0.0;6.0
16493021;7;4;0;7.0;1;9;3.0;8.0
16493047;8;0;0;0.0;1;4;0.0;8.0
16493473;8;0;0;0.0;1;6;0.0;8.0
16493846;12;2;0;5.0;1;13;2.0;12.0
16494012;6;1;3;8.0;1;8;2.0;8.0
16494092;0;174;44;225.0;1;19;0.0;218.0
1650434;32;0;0;7.0;1;11;0.0;32.0
16504399;1;2;1;0.0;1;0;4.0;0.0
16506770;1;5;0;5.0;1;5;3.0;3.0
16507127;1;0;0;0.0;1;0;1.0;0.0
16507152;12;2;0;8.0;1;14;0.0;14.0
16507374;2;0;0;1.0;1;1;2.0;0.0
16507519;8;12;0;18.0;1;18;0.0;20.0
16508074;6;3;7;12.0;1;15;4.0;12.0
1650960;0;0;1;1.0;1;1;1.0;0.0
1651002;14;21;12;38.0;1;31;4.0;43.0
16511154;2;0;0;0.0;1;2;0.0;2.0
16511662;1;1;0;0.0;1;0;2.0;0.0
16511663;2;2;1;0.0;3;0;5.0;0.0
16512693;6;0;1;2.0;1;6;0.0;7.0
16514046;12;12;6;24.0;1;31;0.0;30.0
16515999;4;10;4;17.0;1;19;9.0;9.0
16516734;25;20;24;54.0;1;27;6.0;63.0
16517011;1;0;0;0.0;1;1;1.0;0.0
1651713;5;3;0;2.0;1;5;8.0;0.0
16517711;1;4;1;3.0;1;3;2.0;4.0
16518214;8;4;3;8.0;2;11;15.0;0.0
16520125;2;0;0;1.0;1;2;2.0;0.0
16520175;0;5;7;14.0;1;13;0.0;12.0
16522884;12;12;5;22.0;1;29;0.0;29.0
16523562;14;6;0;11.0;1;16;0.0;20.0
16524977;3;4;1;6.0;1;7;8.0;0.0
1652761;0;2;1;0.0;1;0;3.0;0.0
16528123;4;0;1;3.0;1;5;0.0;5.0
1653320;6;3;0;10.0;1;11;4.0;5.0
1654026;1;1;0;0.0;1;0;2.0;0.0
16540806;9;10;5;23.0;1;22;15.0;9.0
16541469;10;9;6;21.0;1;24;3.0;22.0
16542495;15;31;0;38.0;1;24;0.0;46.0
16542977;5;0;0;2.0;1;4;0.0;5.0
16543067;9;6;0;7.0;1;13;0.0;15.0
16543184;3;6;6;14.0;1;14;2.0;13.0
16544628;0;5;6;12.0;1;12;0.0;11.0
16547952;1;1;0;0.0;1;0;2.0;0.0
16548006;2;14;6;18.0;1;17;8.0;14.0
16550129;1;2;0;1.0;1;1;3.0;0.0
16550229;5;1;1;1.0;1;4;3.0;4.0
16550692;2;2;0;4.0;1;4;0.0;4.0
16550751;2;16;6;25.0;1;22;0.0;24.0
16553990;0;0;5;6.0;1;6;0.0;5.0
16554309;3;1;0;2.0;1;2;4.0;0.0
16558142;10;4;0;7.0;1;14;0.0;14.0
16558684;1;2;19;25.0;1;10;2.0;20.0
16559996;12;10;0;15.0;1;22;0.0;22.0
16560452;2;0;1;1.0;1;2;3.0;0.0
16560521;0;5;2;8.0;1;8;2.0;5.0
1656130;11;0;0;4.0;1;11;0.0;11.0
16561410;1;2;0;2.0;2;2;3.0;0.0
16561420;0;1;2;4.0;1;4;0.0;3.0
16561659;0;1;1;2.0;1;2;2.0;0.0
16561767;3;4;7;15.0;1;16;5.0;9.0
16561925;2;3;0;2.0;1;2;5.0;0.0
16562248;0;1;0;0.0;1;0;1.0;0.0
16562923;3;17;5;23.0;1;17;4.0;21.0
16565427;0;1;0;1.0;1;1;1.0;0.0
16566308;5;5;5;11.0;1;14;0.0;15.0
16567582;0;2;4;7.0;1;6;0.0;6.0
16568313;1;0;1;0.0;1;0;2.0;0.0
16569320;1;0;1;1.0;1;1;2.0;0.0
16569625;1;0;0;0.0;1;1;1.0;0.0
165756;3;21;18;43.0;3;22;4.0;38.0
1657746;5;10;8;18.0;1;16;6.0;17.0
1657994;8;0;0;1.0;2;4;1.0;7.0
1658022;7;0;0;5.0;1;8;0.0;7.0
16582033;34;30;18;66.0;1;31;0.0;82.0
16584159;12;9;6;21.0;1;28;0.0;27.0
16585224;2;1;0;2.0;1;2;3.0;0.0
16585498;0;0;7;8.0;1;6;0.0;7.0
16585712;0;1;0;0.0;1;0;1.0;0.0
16588863;21;13;6;23.0;1;29;10.0;30.0
16589402;1;0;0;1.0;1;1;1.0;0.0
16591108;0;1;1;0.0;1;0;2.0;0.0
16591461;1;2;1;4.0;3;4;4.0;0.0
16591894;1;1;1;0.0;1;0;3.0;0.0
16592199;1;0;1;1.0;3;1;2.0;0.0
1659277;12;12;6;24.0;1;31;0.0;30.0
1659524;8;5;1;8.0;1;10;4.0;10.0
16598583;0;0;7;8.0;1;6;0.0;7.0
16599040;4;2;2;4.0;1;6;8.0;0.0
16599505;1;0;0;0.0;1;0;1.0;0.0
16602185;1;1;0;0.0;1;0;2.0;0.0
16602879;5;5;2;3.0;1;5;12.0;0.0
16604882;1;6;6;14.0;1;14;0.0;13.0
16605206;0;0;2;2.0;1;2;2.0;0.0
16605515;0;23;18;42.0;1;13;1.0;40.0
16605766;0;15;15;31.0;1;20;2.0;28.0
16605890;12;9;0;14.0;1;21;0.0;21.0
1660862;9;11;2;19.0;3;19;18.0;4.0
166161;15;20;5;36.0;1;23;26.0;14.0
16618443;8;6;0;12.0;1;10;0.0;14.0
16619453;19;0;0;0.0;1;5;0.0;19.0
16622310;8;13;5;26.0;1;25;26.0;0.0
16629903;2;3;0;5.0;1;4;0.0;5.0
1663168;3;5;9;17.0;1;17;12.0;5.0
16632315;0;0;1;0.0;1;0;1.0;0.0
1663413;5;4;0;4.0;1;7;9.0;0.0
16634730;1;0;0;0.0;1;0;1.0;0.0
16636792;4;6;1;8.0;1;8;11.0;0.0
16636846;12;2;3;11.0;1;17;0.0;17.0
1664244;26;13;12;39.0;1;27;1.0;50.0
16643230;1;1;1;0.0;1;0;3.0;0.0
16643267;12;12;6;24.0;1;31;0.0;30.0
16643411;0;1;1;1.0;1;1;2.0;0.0
16643787;0;1;0;0.0;3;0;1.0;0.0
16644970;10;11;2;15.0;1;19;23.0;0.0
166459;1;1;0;0.0;1;0;2.0;0.0
16646911;1;1;0;1.0;1;1;2.0;0.0
16648784;1;2;0;2.0;1;2;3.0;0.0
1665407;1;2;3;2.0;3;2;6.0;0.0
16656262;1;1;0;0.0;1;1;2.0;0.0
16657402;1;0;0;0.0;1;0;1.0;0.0
16659859;1;0;1;1.0;1;1;2.0;0.0
1666033;1;1;1;0.0;1;0;3.0;0.0
16663435;3;3;1;2.0;1;2;7.0;0.0
16664172;3;4;1;6.0;2;6;8.0;0.0
16665527;0;1;7;10.0;1;8;0.0;8.0
16667714;2;1;0;0.0;1;2;3.0;0.0
16669088;16;6;1;17.0;2;18;0.0;23.0
16669586;0;0;1;0.0;1;0;1.0;0.0
16670065;12;13;10;28.0;1;29;0.0;35.0
16672692;2;4;0;6.0;1;6;0.0;6.0
16672736;2;5;7;13.0;1;10;14.0;0.0
16672884;3;0;0;0.0;1;1;3.0;0.0
16673049;3;11;6;21.0;1;21;0.0;20.0
16676151;3;10;0;13.0;1;13;0.0;13.0
16677451;0;3;3;6.0;1;6;0.0;6.0
16678450;2;1;0;3.0;1;3;0.0;3.0
1668025;4;13;4;21.0;1;21;16.0;5.0
1668073;10;8;17;33.0;1;23;2.0;33.0
1668088;4;4;1;5.0;1;5;9.0;0.0
16681121;1;1;0;0.0;1;0;2.0;0.0
16681252;1;1;0;2.0;1;2;2.0;0.0
16681359;5;7;2;13.0;1;14;14.0;0.0
16681377;12;10;4;19.0;1;25;9.0;17.0
16681420;9;0;0;1.0;1;8;0.0;9.0
16681972;0;1;0;0.0;1;0;1.0;0.0
16682282;11;14;6;27.0;1;29;31.0;0.0
16682375;0;17;15;36.0;1;15;0.0;32.0
16682555;8;7;1;10.0;1;13;3.0;13.0
16682725;0;1;1;0.0;1;0;2.0;0.0
16683620;2;3;3;4.0;1;4;8.0;0.0
16684676;3;2;0;3.0;1;3;5.0;0.0
16691;0;0;1;4.0;1;3;1.0;0.0
16695668;1;10;4;16.0;1;16;5.0;10.0
16695679;4;0;0;1.0;1;4;4.0;0.0
16695943;2;3;1;1.0;1;1;6.0;0.0
16697390;6;0;0;0.0;1;6;0.0;6.0
16698388;0;16;18;39.0;1;18;0.0;34.0
16698635;12;0;0;5.0;1;12;0.0;12.0
16698676;2;2;1;2.0;1;2;5.0;0.0
1670128;14;13;6;26.0;2;31;2.0;31.0
16701857;1;1;0;0.0;1;0;2.0;0.0
16702097;2;3;1;4.0;1;4;0.0;6.0
16702676;12;12;6;24.0;1;31;0.0;30.0
16703192;1;0;1;0.0;1;0;2.0;0.0
16703208;0;9;3;13.0;1;13;0.0;12.0
16703304;11;34;10;53.0;1;26;0.0;55.0
16709067;3;1;0;0.0;1;1;4.0;0.0
16710592;46;31;17;72.0;1;52;18.0;76.0
16711311;3;3;0;5.0;1;6;0.0;6.0
16713311;2;1;4;10.0;1;8;0.0;7.0
16713632;1;2;0;2.0;1;3;3.0;0.0
16714451;6;9;4;11.0;1;14;3.0;16.0
16715835;20;0;0;0.0;1;6;0.0;20.0
16716595;1;1;1;0.0;1;0;3.0;0.0
16716651;7;10;5;19.0;2;24;22.0;0.0
16716860;1;5;1;6.0;1;6;0.0;7.0
16717015;1;1;0;0.0;1;0;2.0;0.0
1671793;25;24;12;48.0;1;31;0.0;61.0
1671805;2;3;0;3.0;1;5;5.0;0.0
16720308;3;8;0;7.0;1;8;3.0;8.0
16721408;0;8;5;13.0;1;8;0.0;13.0
16732079;6;10;0;15.0;1;16;0.0;16.0
16733161;7;5;1;9.0;1;11;13.0;0.0
16733250;10;22;0;23.0;1;21;0.0;32.0
16734190;10;7;0;12.0;1;17;0.0;17.0
16734244;0;0;4;5.0;1;5;0.0;4.0
16735231;1;1;1;2.0;1;2;3.0;0.0
16735928;5;18;8;27.0;1;26;4.0;27.0
1673604;15;6;0;9.0;4;17;5.0;16.0
16736351;13;0;0;0.0;1;5;0.0;13.0
16736690;3;4;2;8.0;1;9;2.0;7.0
16736783;12;1;0;6.0;1;13;0.0;13.0
16737041;4;1;1;2.0;1;6;0.0;6.0
16737105;6;6;2;11.0;1;12;4.0;10.0
16739814;5;0;0;0.0;1;5;0.0;5.0
16740257;24;24;4;38.0;1;27;0.0;52.0
16742927;11;10;6;24.0;1;24;23.0;4.0
1674362;1;0;0;0.0;1;0;1.0;0.0
16745824;4;0;4;7.0;1;8;0.0;8.0
16745932;12;12;6;24.0;1;31;0.0;30.0
16747200;3;3;3;7.0;1;9;5.0;4.0
16747874;17;3;2;8.0;1;14;9.0;13.0
16749234;1;1;1;1.0;1;1;3.0;0.0
16752624;0;11;2;13.0;1;9;0.0;13.0
16753369;6;11;0;16.0;1;17;0.0;17.0
16753484;0;7;0;7.0;1;7;0.0;7.0
16754584;10;1;1;3.0;1;10;2.0;10.0
16754924;1;1;0;0.0;1;0;2.0;0.0
16755517;1;2;0;0.0;1;0;3.0;0.0
16755552;1;2;3;4.0;1;4;2.0;4.0
16759199;10;10;3;21.0;1;25;23.0;0.0
16760829;5;2;0;7.0;1;7;0.0;7.0
16774689;15;12;7;25.0;1;31;0.0;34.0
16778509;9;0;0;0.0;1;5;0.0;9.0
16778734;0;15;11;28.0;1;14;0.0;26.0
16778795;0;2;0;1.0;1;1;2.0;0.0
16778965;3;0;0;1.0;1;2;3.0;0.0
16779307;7;9;0;13.0;1;14;8.0;8.0
16780393;12;9;0;14.0;1;21;0.0;21.0
1678145;2;3;3;8.0;1;8;8.0;0.0
16781769;1;1;1;1.0;1;1;3.0;0.0
1678344;1;2;3;9.0;1;5;0.0;6.0
16783776;4;13;3;17.0;2;15;13.0;7.0
16784952;1;1;0;0.0;1;0;2.0;0.0
16785906;1;1;0;0.0;1;0;2.0;0.0
16786444;2;1;2;0.0;1;0;5.0;0.0
16786458;2;11;8;22.0;1;17;0.0;21.0
16786944;4;7;0;9.0;1;11;0.0;11.0
16787166;12;12;6;24.0;1;31;0.0;30.0
16788943;0;9;1;10.0;1;10;0.0;10.0
16789943;0;2;0;2.0;1;2;2.0;0.0
16791108;12;11;0;16.0;1;23;0.0;23.0
16791322;16;15;0;22.0;1;20;0.0;31.0
16791422;1;1;0;1.0;2;1;2.0;0.0
16791623;5;6;0;7.0;1;11;0.0;11.0
16794646;40;10;0;28.0;1;18;2.0;48.0
16795391;2;2;0;2.0;1;4;0.0;4.0
16795810;2;3;0;2.0;1;4;0.0;5.0
16795996;4;4;2;7.0;1;9;10.0;0.0
16796526;7;13;9;24.0;1;28;18.0;11.0
16796617;12;12;7;25.0;1;31;0.0;31.0
16796812;1;1;0;0.0;1;0;2.0;0.0
16797350;19;23;8;39.0;1;33;3.0;47.0
16807938;1;3;1;3.0;1;3;5.0;0.0
16809470;5;0;0;5.0;1;4;0.0;5.0
16810569;1;1;1;0.0;1;0;3.0;0.0
16813048;1;0;0;0.0;1;0;1.0;0.0
16813480;3;35;1;39.0;1;15;1.0;38.0
16816862;0;0;4;5.0;1;5;0.0;4.0
1681769;11;0;0;0.0;2;8;0.0;11.0
16819050;2;0;0;0.0;1;0;2.0;0.0
16819632;12;7;0;12.0;1;19;0.0;19.0
16819738;2;1;10;12.0;1;7;4.0;9.0
16820027;4;4;0;9.0;1;9;0.0;8.0
16820177;1;1;0;0.0;1;0;2.0;0.0
16820241;3;2;0;5.0;1;5;0.0;5.0
16820729;19;20;6;36.0;1;32;6.0;39.0
16820818;1;5;2;4.0;1;4;8.0;0.0
16821451;15;16;17;41.0;1;30;0.0;48.0
16821487;1;1;0;0.0;1;0;2.0;0.0
16821748;14;3;0;9.0;1;15;0.0;17.0
16821913;25;3;0;9.0;1;15;0.0;28.0
16821956;0;1;0;0.0;3;0;1.0;0.0
16824734;2;0;0;3.0;1;3;2.0;0.0
16825572;45;28;11;58.0;1;40;9.0;75.0
16825875;0;8;1;5.0;1;4;3.0;6.0
16826565;1;1;1;0.0;1;0;3.0;0.0
16827311;1;1;0;0.0;1;0;2.0;0.0
16829544;4;4;1;7.0;1;8;9.0;0.0
1682972;42;20;8;49.0;6;42;15.0;55.0
1682975;1;0;0;0.0;1;0;1.0;0.0
16829929;7;3;0;2.0;1;6;3.0;7.0
16830026;1;1;1;0.0;1;0;3.0;0.0
16830480;2;0;0;1.0;1;2;2.0;0.0
16830558;3;2;0;1.0;1;3;5.0;0.0
16830700;15;14;15;35.0;1;30;0.0;44.0
16830845;2;2;0;1.0;1;2;4.0;0.0
16831127;2;6;7;15.0;1;13;0.0;15.0
16832212;1;14;12;24.0;1;18;5.0;22.0
16832259;17;15;9;37.0;1;31;33.0;8.0
16832564;1;0;0;0.0;1;0;1.0;0.0
16833161;0;1;0;1.0;1;1;1.0;0.0
16833344;10;0;0;3.0;1;10;0.0;10.0
1683844;1;2;0;1.0;2;1;3.0;0.0
1683847;1;1;0;1.0;1;1;2.0;0.0
16841956;1;1;0;0.0;1;0;2.0;0.0
16842223;1;0;0;0.0;1;0;1.0;0.0
16843096;13;1;0;7.0;1;13;0.0;14.0
16844271;12;12;6;24.0;1;31;0.0;30.0
16844659;5;8;1;10.0;1;15;0.0;14.0
16844925;2;1;0;1.0;1;1;3.0;0.0
16845291;6;2;1;3.0;1;7;9.0;0.0
16848363;24;24;12;48.0;1;31;0.0;60.0
1685026;1;2;0;0.0;1;0;3.0;0.0
16850557;12;6;0;11.0;1;18;0.0;18.0
16850600;2;1;1;0.0;1;0;4.0;0.0
16851208;4;0;0;0.0;1;3;0.0;4.0
16851454;13;1;0;5.0;1;16;9.0;5.0
16851510;2;1;0;1.0;2;3;0.0;3.0
16853847;1;0;0;1.0;1;1;1.0;0.0
16854807;4;7;5;16.0;1;15;16.0;0.0
16855318;11;0;0;4.0;1;11;0.0;11.0
16855444;9;14;6;24.0;1;27;0.0;29.0
16855658;2;2;0;2.0;1;2;4.0;0.0
16856555;1;0;0;0.0;1;0;1.0;0.0
16857144;3;3;5;13.0;1;10;0.0;11.0
16857165;0;9;6;16.0;1;16;0.0;15.0
1686024;5;0;0;0.0;1;5;0.0;5.0
16860248;4;2;0;2.0;1;5;0.0;6.0
16860265;2;0;0;0.0;1;1;2.0;0.0
16860724;2;1;0;0.0;1;0;3.0;0.0
16860816;4;3;2;4.0;2;6;9.0;0.0
16861117;24;25;9;45.0;1;32;0.0;58.0
16861470;13;17;12;37.0;1;31;0.0;42.0
16862283;1;1;2;4.0;1;4;0.0;4.0
16862682;0;1;0;0.0;3;0;1.0;0.0
16862768;1;5;7;11.0;2;11;3.0;10.0
16863098;1;1;0;0.0;1;0;2.0;0.0
16863405;12;12;6;24.0;1;31;0.0;30.0
16863439;0;4;1;5.0;1;5;0.0;5.0
16863752;12;27;11;45.0;1;31;13.0;37.0
16864931;5;4;0;7.0;1;7;0.0;9.0
16866369;28;8;0;19.0;3;22;6.0;30.0
16868172;0;1;1;2.0;1;2;2.0;0.0
16870153;12;12;6;24.0;1;31;0.0;30.0
16873505;1;0;0;0.0;1;0;1.0;0.0
16880470;19;0;0;5.0;1;10;0.0;19.0
16880795;1;2;0;1.0;1;1;3.0;0.0
16881250;15;5;0;9.0;1;15;2.0;18.0
16881402;9;11;0;13.0;1;15;0.0;20.0
16882158;9;0;0;2.0;1;5;0.0;9.0
16882902;3;7;0;8.0;1;8;4.0;6.0
16884485;18;21;5;36.0;1;29;0.0;44.0
16887614;9;16;7;26.0;1;25;4.0;28.0
16887897;1;2;0;0.0;1;0;3.0;0.0
16887972;15;9;0;19.0;1;15;0.0;24.0
16888096;0;2;0;0.0;1;0;2.0;0.0
16888139;1;0;0;0.0;1;0;1.0;0.0
16888229;1;2;0;0.0;1;0;3.0;0.0
16890968;30;8;0;17.0;1;20;0.0;38.0
16891180;3;1;0;2.0;1;2;4.0;0.0
16891880;24;34;17;63.0;1;31;0.0;75.0
1689288;0;21;26;53.0;1;13;0.0;47.0
16893934;4;2;1;2.0;1;3;7.0;0.0
16894398;39;75;44;160.0;1;35;21.0;137.0
16895224;1;6;0;7.0;1;6;2.0;5.0
16895616;1;1;0;0.0;1;0;2.0;0.0
16896410;0;5;1;7.0;1;5;0.0;6.0
16896420;6;0;0;0.0;1;6;0.0;6.0
16897165;2;1;1;1.0;1;2;4.0;0.0
16900292;10;0;0;5.0;1;10;0.0;10.0
16901680;0;2;2;1.0;1;1;4.0;0.0
16901717;0;1;0;0.0;1;0;1.0;0.0
16901964;0;1;0;0.0;1;0;1.0;0.0
16902243;1;1;1;0.0;1;0;3.0;0.0
16903292;2;0;0;0.0;1;0;2.0;0.0
1690361;3;12;5;19.0;1;17;5.0;15.0
1690456;7;5;1;7.0;2;12;13.0;0.0
16905821;0;1;1;2.0;1;2;2.0;0.0
1690638;1;1;0;0.0;1;0;2.0;0.0
16906555;11;1;0;6.0;2;13;12.0;0.0
16907528;1;4;2;5.0;1;5;7.0;0.0
16907849;4;3;1;3.0;1;6;8.0;0.0
16907919;1;1;6;6.0;1;6;3.0;5.0
16908347;2;1;1;0.0;1;1;4.0;0.0
16908514;4;2;0;3.0;1;4;6.0;0.0
16908637;0;3;0;1.0;1;1;3.0;0.0
16908899;2;1;2;2.0;1;2;5.0;0.0
16909975;1;0;0;0.0;1;1;1.0;0.0
16919547;4;11;3;16.0;1;17;3.0;15.0
16921015;7;0;0;0.0;1;7;0.0;7.0
16921545;8;2;0;5.0;1;9;0.0;10.0
16921759;1;2;1;0.0;1;0;4.0;0.0
16922121;6;0;0;0.0;1;6;0.0;6.0
16922309;9;14;4;23.0;1;25;0.0;27.0
16923110;3;6;1;5.0;1;8;2.0;8.0
16923342;1;1;0;0.0;1;0;2.0;0.0
16923797;2;6;0;6.0;1;7;4.0;4.0
16925380;4;4;7;12.0;1;13;6.0;9.0
16926655;1;1;5;7.0;1;7;0.0;7.0
16929593;4;12;6;18.0;1;21;0.0;22.0
16929643;12;1;0;6.0;1;13;0.0;13.0
16932185;8;1;1;3.0;1;6;2.0;8.0
16932379;1;0;0;0.0;1;0;1.0;0.0
16932723;12;12;6;24.0;1;31;0.0;30.0
16932765;29;79;45;155.0;1;39;14.0;139.0
16933727;5;3;5;8.0;1;7;0.0;13.0
16934448;1;2;0;2.0;1;2;3.0;0.0
16934925;0;12;11;22.0;1;10;0.0;23.0
16935179;10;7;1;11.0;1;15;4.0;14.0
16944947;1;2;1;2.0;1;2;4.0;0.0
16945001;1;1;1;0.0;1;0;3.0;0.0
16945352;40;27;9;49.0;1;31;2.0;74.0
1694862;12;4;0;9.0;1;16;0.0;16.0
16954611;1;1;1;1.0;1;1;3.0;0.0
16957177;16;16;10;35.0;1;32;6.0;36.0
16957712;1;11;6;16.0;1;16;3.0;15.0
16957895;0;0;1;0.0;1;0;1.0;0.0
16958101;2;2;1;3.0;1;3;5.0;0.0
16959007;12;12;6;24.0;1;31;0.0;30.0
16962315;7;9;13;26.0;1;23;19.0;10.0
16962420;7;3;0;7.0;1;9;6.0;4.0
16963707;1;0;0;0.0;1;0;1.0;0.0
16964185;2;1;0;1.0;1;2;3.0;0.0
1696428;19;36;30;78.0;1;38;17.0;68.0
16964406;0;3;2;2.0;2;2;5.0;0.0
16964649;0;0;6;7.0;1;5;0.0;6.0
16964723;9;3;1;8.0;1;12;0.0;13.0
16966964;0;6;13;20.0;1;11;0.0;19.0
16967845;2;1;0;2.0;1;3;3.0;0.0
1696856;1;1;0;0.0;1;0;2.0;0.0
16973268;5;4;0;7.0;1;8;2.0;7.0
16973698;1;1;0;1.0;1;2;2.0;0.0
16973767;1;2;0;3.0;1;2;3.0;0.0
16974134;0;2;7;9.0;1;7;0.0;9.0
16974755;4;3;0;6.0;1;6;0.0;7.0
16975079;6;7;5;11.0;1;14;6.0;12.0
16975452;3;5;0;8.0;1;8;0.0;8.0
16975622;10;24;23;60.0;1;26;3.0;54.0
16975990;1;1;1;0.0;1;0;3.0;0.0
16978988;1;2;1;0.0;1;0;4.0;0.0
16979229;8;14;1;22.0;1;23;0.0;23.0
16979969;4;5;0;5.0;1;9;0.0;9.0
16980455;58;132;42;200.0;1;41;8.0;224.0
1698051;10;7;1;11.0;1;12;8.0;10.0
16980614;1;2;1;0.0;1;0;4.0;0.0
16980639;0;0;4;5.0;1;5;0.0;4.0
16981118;5;0;0;3.0;1;5;0.0;5.0
16981969;5;3;0;7.0;2;9;0.0;8.0
1698502;3;1;0;0.0;1;1;4.0;0.0
1698697;1;11;8;20.0;1;19;3.0;17.0
16991378;2;2;0;3.0;1;3;4.0;0.0
1699161;0;5;0;4.0;1;4;1.0;4.0
16992524;12;5;4;13.0;1;20;6.0;15.0
16993862;0;2;0;1.0;1;1;2.0;0.0
16994366;5;4;0;1.0;1;5;9.0;0.0
16994411;0;1;0;2.0;1;2;1.0;0.0
16994519;6;7;4;16.0;1;17;0.0;17.0
16994595;1;0;0;0.0;1;0;1.0;0.0
16994809;1;2;1;0.0;1;0;4.0;0.0
16994816;2;0;0;1.0;1;1;2.0;0.0
16995176;0;5;0;4.0;1;4;0.0;5.0
16995354;5;11;1;12.0;1;15;6.0;11.0
16997140;0;19;10;30.0;1;17;0.0;29.0
16997691;6;0;0;6.0;1;2;0.0;6.0
16997792;6;31;3;34.0;1;19;0.0;40.0
1699823;0;1;0;0.0;2;0;1.0;0.0
16998782;4;3;1;3.0;1;3;8.0;0.0
17001130;3;5;0;6.0;1;6;2.0;6.0
1700124;12;3;8;13.0;2;16;6.0;17.0
17003196;2;0;0;0.0;1;0;2.0;0.0
17003562;1;0;1;0.0;1;0;2.0;0.0
17004465;9;26;0;32.0;1;19;0.0;35.0
17005510;0;7;18;28.0;1;10;0.0;25.0
17005581;1;0;0;1.0;1;1;1.0;0.0
17005841;12;7;0;12.0;1;19;0.0;19.0
17005998;0;9;1;10.0;1;10;0.0;10.0
17009000;2;5;3;5.0;1;5;10.0;0.0
17009515;2;5;0;6.0;1;6;2.0;5.0
17010145;6;19;2;22.0;1;20;13.0;14.0
17010784;2;2;0;3.0;1;5;0.0;4.0
17011495;6;4;0;9.0;1;10;0.0;10.0
17014816;1;1;0;0.0;1;0;2.0;0.0
17015033;0;3;0;3.0;1;3;0.0;3.0
17015399;0;2;0;0.0;3;0;2.0;0.0
17015435;1;0;0;0.0;1;0;1.0;0.0
17016663;1;35;26;67.0;1;20;0.0;62.0
17016826;7;13;7;26.0;1;26;0.0;27.0
17018598;12;13;6;25.0;1;32;1.0;30.0
17029773;44;3;6;20.0;1;20;0.0;53.0
17031814;6;7;0;12.0;1;9;1.0;12.0
17032344;0;1;1;0.0;1;0;2.0;0.0
17032682;3;0;0;0.0;1;0;3.0;0.0
17033596;5;2;0;0.0;2;3;7.0;0.0
1703559;9;19;6;28.0;1;21;2.0;32.0
17037904;0;0;0;0.0;1;0;0.0;0.0
17038882;13;15;10;27.0;1;18;0.0;38.0
17039036;1;5;9;12.0;1;12;7.0;8.0
1703906;11;9;0;12.0;1;17;20.0;0.0
17039393;2;1;0;1.0;1;3;0.0;3.0
17039744;1;6;1;8.0;1;7;0.0;8.0
17041121;1;6;0;5.0;1;5;2.0;5.0
17044754;6;6;6;15.0;1;15;5.0;13.0
17044770;2;7;2;8.0;2;8;11.0;0.0
17046791;2;0;0;0.0;1;0;2.0;0.0
17047069;14;6;1;19.0;1;18;6.0;15.0
17047105;0;12;22;36.0;2;21;1.0;33.0
17049137;9;3;3;6.0;3;12;2.0;13.0
17049967;7;5;1;5.0;1;10;13.0;0.0
17051504;15;0;0;5.0;1;12;0.0;15.0
17051964;2;0;0;0.0;1;1;2.0;0.0
17052764;12;6;0;11.0;1;18;0.0;18.0
17054422;3;23;1;27.0;1;17;0.0;27.0
17055488;14;12;1;18.0;1;25;0.0;27.0
17056370;6;1;4;6.0;1;11;0.0;11.0
17058370;1;0;0;0.0;1;0;1.0;0.0
1705900;13;19;12;38.0;1;31;0.0;44.0
17059169;0;4;6;11.0;1;11;0.0;10.0
17059751;0;13;0;12.0;1;12;2.0;11.0
17068310;1;1;0;0.0;1;1;2.0;0.0
17068526;27;34;3;45.0;1;14;0.0;64.0
17069452;4;9;19;34.0;1;17;0.0;32.0
17069573;8;0;0;0.0;1;7;1.0;7.0
17070111;8;6;5;11.0;1;16;0.0;19.0
1707139;0;0;0;0.0;1;0;0.0;0.0
1707161;0;1;1;1.0;1;1;2.0;0.0
17073691;1;2;1;0.0;1;0;4.0;0.0
17074025;3;3;4;9.0;1;11;0.0;10.0
17075519;0;11;0;12.0;1;6;0.0;11.0
17075539;1;1;0;0.0;1;0;2.0;0.0
17076044;1;1;0;0.0;1;0;2.0;0.0
17076168;25;27;0;38.0;1;21;0.0;52.0
17079446;0;4;14;20.0;1;9;0.0;18.0
17079496;5;0;0;4.0;1;5;0.0;5.0
17081662;7;0;2;0.0;2;6;3.0;6.0
17082128;0;1;2;2.0;1;2;3.0;0.0
17082152;2;1;0;0.0;1;0;3.0;0.0
17082461;3;6;0;7.0;1;7;0.0;9.0
17082492;8;7;16;30.0;1;24;2.0;29.0
17082510;0;37;56;97.0;1;14;2.0;91.0
17082533;0;0;0;0.0;1;0;0.0;0.0
17082538;24;24;12;48.0;1;31;0.0;60.0
17082546;0;1;0;0.0;1;0;1.0;0.0
17082603;2;0;0;0.0;1;1;2.0;0.0
17082652;3;12;8;22.0;1;20;18.0;5.0
17082663;0;8;0;9.0;1;5;0.0;8.0
17082685;0;7;1;8.0;1;8;0.0;8.0
17082719;4;0;0;0.0;1;4;0.0;4.0
17082727;1;0;1;1.0;1;1;2.0;0.0
17082743;36;36;18;72.0;1;32;0.0;90.0
17082745;0;7;0;6.0;1;5;0.0;7.0
17082746;1;0;0;0.0;1;0;1.0;0.0
17082760;2;12;6;19.0;1;20;0.0;20.0
17082771;0;1;0;1.0;1;1;1.0;0.0
17082800;9;4;0;9.0;1;13;0.0;13.0
17082842;2;3;0;3.0;1;5;0.0;5.0
17082854;0;0;1;0.0;1;0;1.0;0.0
17082862;17;0;0;3.0;1;9;0.0;17.0
17082886;1;1;1;1.0;1;1;3.0;0.0
17082924;42;58;5;92.0;1;40;12.0;93.0
17082954;1;2;6;9.0;1;10;0.0;9.0
17082961;0;21;12;34.0;1;16;0.0;33.0
17082983;3;3;0;6.0;1;6;0.0;6.0
17082991;9;6;3;14.0;1;19;0.0;18.0
17083008;0;0;0;0.0;1;0;0.0;0.0
17083014;13;7;0;12.0;1;19;0.0;20.0
17083020;7;0;0;5.0;1;8;0.0;7.0
17083037;0;0;0;0.0;1;0;0.0;0.0
17083060;0;0;2;2.0;1;1;2.0;0.0
17083086;1;4;6;10.0;1;10;3.0;8.0
17083098;22;51;6;75.0;1;25;3.0;76.0
17083148;12;13;6;24.0;1;31;1.0;30.0
17083177;6;0;0;0.0;1;6;0.0;6.0
17083191;4;4;10;14.0;1;14;1.0;17.0
17083194;1;1;0;0.0;1;0;2.0;0.0
17083195;2;11;8;20.0;1;18;7.0;14.0
17083252;22;21;6;35.0;1;31;0.0;49.0
17083261;9;6;2;10.0;1;13;10.0;7.0
17083263;8;0;0;1.0;1;8;0.0;8.0
17083284;0;1;0;1.0;1;1;0.0;1.0
17083309;15;14;4;23.0;1;30;6.0;27.0
17083325;5;5;1;4.0;2;8;2.0;9.0
17083343;13;3;0;6.0;1;12;0.0;16.0
17083345;11;0;0;0.0;1;5;0.0;11.0
17083392;0;13;7;19.0;1;13;13.0;7.0
17083467;1;0;0;0.0;1;1;0.0;1.0
17083498;1;1;3;4.0;1;5;0.0;5.0
17083504;0;40;2;43.0;1;8;0.0;42.0
17083509;0;1;3;2.0;1;2;4.0;0.0
17083530;9;0;0;3.0;1;7;8.0;1.0
17083533;28;12;6;29.0;1;33;2.0;44.0
17083542;12;12;3;20.0;1;27;0.0;27.0
17083560;12;0;1;6.0;2;8;1.0;12.0
17083599;0;1;4;8.0;1;5;0.0;5.0
17083616;0;0;0;0.0;1;0;0.0;0.0
17083623;0;0;0;0.0;1;0;0.0;0.0
17083624;22;0;0;9.0;1;12;0.0;22.0
17083642;1;0;0;0.0;1;0;1.0;0.0
17083646;0;1;0;0.0;1;0;1.0;0.0
17083665;3;5;12;19.0;1;13;0.0;20.0
17083668;3;0;0;0.0;1;3;0.0;3.0
17083673;0;4;6;11.0;1;11;0.0;10.0
17083684;1;1;0;2.0;1;2;2.0;0.0
17083690;8;5;0;7.0;1;8;0.0;13.0
17083712;13;9;3;21.0;1;22;5.0;20.0
17083724;12;12;6;24.0;1;31;0.0;30.0
17083784;9;10;7;19.0;1;23;3.0;23.0
17083794;2;0;0;0.0;1;0;2.0;0.0
17083812;20;0;0;0.0;1;6;0.0;20.0
17083848;5;1;2;3.0;1;5;8.0;0.0
17083897;0;0;0;0.0;1;0;0.0;0.0
17083908;22;33;38;78.0;4;42;14.0;79.0
17083936;0;0;0;0.0;1;0;0.0;0.0
17083938;0;0;1;0.0;1;0;1.0;0.0
17084390;20;11;4;19.0;1;23;6.0;29.0
17084409;0;0;4;4.0;1;3;0.0;4.0
17084416;0;15;1;17.0;1;11;0.0;16.0
17084421;3;18;11;33.0;1;26;4.0;28.0
17084427;0;0;1;0.0;1;0;1.0;0.0
17084461;16;5;0;10.0;1;18;3.0;18.0
17084486;10;23;38;68.0;1;33;14.0;57.0
17084526;8;0;0;1.0;1;8;0.0;8.0
17084546;8;5;1;8.0;1;12;14.0;0.0
17084561;2;2;0;1.0;1;1;4.0;0.0
17084570;2;14;13;30.0;1;18;0.0;29.0
17084583;7;1;0;2.0;1;8;0.0;8.0
17084594;17;22;8;35.0;1;32;8.0;39.0
17084612;33;16;27;59.0;2;29;2.0;74.0
17084623;4;2;0;4.0;1;7;0.0;6.0
17084643;1;1;0;0.0;1;0;2.0;0.0
17084696;0;9;2;11.0;1;11;0.0;11.0
17084699;0;0;0;0.0;1;0;0.0;0.0
17084707;0;5;2;7.0;1;7;0.0;7.0
17084710;6;5;0;5.0;2;11;0.0;11.0
17084739;0;0;0;0.0;1;0;0.0;0.0
17084765;12;9;0;14.0;1;21;0.0;21.0
17084805;2;4;0;7.0;1;7;0.0;6.0
17084823;0;12;6;19.0;1;19;0.0;18.0
17084828;2;4;2;6.0;1;6;8.0;0.0
17084880;0;3;1;1.0;1;1;4.0;0.0
17084887;9;8;0;14.0;1;13;0.0;17.0
17084917;44;24;18;61.0;1;31;0.0;86.0
17084939;7;1;0;5.0;1;8;0.0;8.0
17084950;12;11;5;21.0;1;28;0.0;28.0
17084955;5;14;0;18.0;1;15;0.0;19.0
17085023;2;4;6;11.0;1;9;7.0;5.0
17085030;10;22;40;74.0;1;29;5.0;67.0
17085081;0;34;20;58.0;1;12;0.0;54.0
17085085;1;1;0;0.0;1;0;2.0;0.0
17085112;1;0;0;0.0;1;0;1.0;0.0
17085127;0;42;43;93.0;1;17;1.0;84.0
17085271;12;6;0;11.0;1;18;0.0;18.0
17085308;4;1;0;4.0;1;4;5.0;0.0
17085320;0;28;14;44.0;1;18;0.0;42.0
17085321;0;9;0;9.0;1;9;0.0;9.0
17085322;13;1;0;9.0;2;8;0.0;14.0
17085324;0;1;0;0.0;1;0;1.0;0.0
17085404;0;2;1;2.0;1;2;3.0;0.0
17085406;2;1;0;0.0;1;0;3.0;0.0
17085419;12;12;6;24.0;1;31;0.0;30.0
17085471;6;8;1;11.0;1;16;0.0;15.0
17085484;12;12;6;23.0;1;30;0.0;30.0
17085492;24;4;6;20.0;1;22;2.0;32.0
17085498;10;2;0;7.0;1;10;0.0;12.0
17085560;0;1;0;0.0;1;0;1.0;0.0
17085567;0;15;8;22.0;1;15;5.0;18.0
17085570;12;6;0;9.0;1;12;0.0;18.0
17085588;8;12;0;17.0;1;21;6.0;14.0
17085605;0;1;0;0.0;1;0;1.0;0.0
17085641;3;3;2;5.0;1;7;8.0;0.0
17085651;6;2;1;2.0;3;7;5.0;4.0
17085686;3;2;7;10.0;2;12;3.0;9.0
17085725;0;0;5;5.0;1;2;0.0;5.0
17085827;3;35;14;56.0;1;26;7.0;45.0
17085843;0;39;36;82.0;1;15;0.0;75.0
17085865;11;0;0;4.0;1;11;0.0;11.0
17085871;12;20;5;29.0;1;28;0.0;37.0
17085874;6;10;4;15.0;1;16;20.0;0.0
17085897;11;2;0;8.0;1;15;0.0;13.0
17085940;0;1;1;0.0;1;0;2.0;0.0
17085943;0;4;1;5.0;1;5;0.0;5.0
17085963;19;6;6;16.0;2;21;2.0;29.0
17085965;2;15;7;24.0;2;21;24.0;0.0
17085974;12;12;6;24.0;1;31;0.0;30.0
17085977;2;1;0;0.0;1;0;3.0;0.0
17085985;2;60;0;61.0;1;19;0.0;62.0
17086037;7;0;0;0.0;1;7;0.0;7.0
17086054;7;1;3;5.0;1;8;2.0;9.0
17086079;33;13;0;19.0;1;24;2.0;44.0
17086084;4;8;5;16.0;1;17;0.0;17.0
17086093;2;4;1;3.0;1;3;7.0;0.0
17086105;0;0;8;12.0;1;4;0.0;8.0
17086107;3;4;1;5.0;1;7;2.0;6.0
17086110;0;1;0;1.0;1;1;1.0;0.0
17086139;7;5;0;10.0;1;12;0.0;12.0
17086204;7;12;6;26.0;1;24;0.0;25.0
17086206;4;19;12;37.0;1;23;0.0;35.0
17086208;1;1;0;0.0;1;0;2.0;0.0
17086242;14;0;0;9.0;1;10;0.0;14.0
17086268;0;1;13;17.0;1;8;0.0;14.0
17086288;13;3;0;8.0;1;15;0.0;16.0
17086295;0;0;5;7.0;1;4;0.0;5.0
17086296;2;4;0;6.0;1;6;0.0;6.0
17086308;8;2;0;4.0;1;9;0.0;10.0
17086344;5;3;4;8.0;1;12;12.0;0.0
17086353;91;126;44;205.0;1;34;0.0;261.0
17086357;22;0;0;6.0;1;14;4.0;18.0
17086366;33;3;0;12.0;1;15;0.0;36.0
17086370;9;41;11;52.0;1;27;11.0;50.0
17086438;0;5;0;6.0;1;4;0.0;5.0
17086456;4;2;9;11.0;1;11;0.0;15.0
17086465;12;2;0;7.0;1;14;0.0;14.0
17086515;2;0;0;0.0;1;2;0.0;2.0
17086518;5;8;0;9.0;1;9;0.0;13.0
17086530;9;0;0;2.0;1;9;0.0;9.0
17087016;8;0;0;1.0;1;6;1.0;7.0
17087043;4;8;4;11.0;1;12;11.0;5.0
17087108;12;12;6;24.0;1;31;0.0;30.0
17087109;12;12;6;24.0;1;31;0.0;30.0
17087126;8;0;0;5.0;1;5;0.0;8.0
17087183;0;7;6;14.0;1;14;0.0;13.0
17087196;1;1;1;2.0;1;2;3.0;0.0
17087238;6;0;0;0.0;1;6;0.0;6.0
17087247;1;4;1;3.0;1;3;6.0;0.0
17087275;19;3;0;8.0;1;15;0.0;22.0
17087286;0;5;5;10.0;1;10;0.0;10.0
17087297;1;56;60;127.0;5;27;1.0;116.0
17087319;11;0;0;4.0;1;11;0.0;11.0
17087344;2;0;0;0.0;1;1;2.0;0.0
17087359;14;14;6;22.0;1;29;3.0;31.0
17087361;3;1;6;8.0;1;10;3.0;7.0
17087366;10;5;2;12.0;1;15;10.0;7.0
17087373;6;3;3;6.0;1;8;0.0;12.0
17087439;0;7;4;12.0;1;12;1.0;10.0
17087444;4;10;0;14.0;1;13;0.0;14.0
17087585;0;0;7;9.0;1;5;0.0;7.0
17087633;25;32;14;59.0;1;33;2.0;69.0
17087638;1;7;7;14.0;1;13;0.0;15.0
17087672;4;0;0;0.0;1;2;0.0;4.0
17087692;4;2;1;4.0;1;4;7.0;0.0
17087702;5;10;7;16.0;1;19;1.0;21.0
17087714;0;0;0;0.0;1;0;0.0;0.0
17087715;9;3;0;3.0;1;10;3.0;9.0
17087770;1;1;4;5.0;1;4;2.0;4.0
17087781;20;22;12;46.0;1;31;0.0;54.0
17087797;0;1;2;2.0;1;2;3.0;0.0
17087799;21;9;0;19.0;1;17;0.0;30.0
17087805;7;21;12;34.0;3;21;8.0;32.0
17087806;1;1;0;1.0;1;1;2.0;0.0
17087818;12;11;0;16.0;1;23;0.0;23.0
17087830;24;24;12;48.0;1;32;0.0;60.0
17087897;5;2;0;2.0;1;4;7.0;0.0
17087933;4;14;3;19.0;1;20;6.0;15.0
17087968;4;3;1;3.0;1;6;4.0;4.0
17087981;3;0;2;3.0;1;5;0.0;5.0
17088049;31;36;12;70.0;1;28;0.0;79.0
17088073;2;5;0;6.0;1;3;2.0;5.0
17088106;20;24;12;46.0;1;36;5.0;51.0
17088122;10;0;0;1.0;1;8;0.0;10.0
17088149;0;1;1;1.0;1;1;2.0;0.0
17088187;26;10;0;20.0;1;19;0.0;36.0
17088198;3;0;0;0.0;1;3;0.0;3.0
17088209;3;2;0;1.0;1;1;5.0;0.0
17088246;21;22;0;32.0;1;20;0.0;43.0
17088255;4;0;0;1.0;1;4;0.0;4.0
17088277;21;15;6;32.0;1;31;2.0;40.0
17088469;1;1;0;0.0;1;0;2.0;0.0
17090980;12;12;0;17.0;1;24;0.0;24.0
17091606;0;0;0;0.0;1;0;0.0;0.0
17093514;4;8;0;9.0;1;13;0.0;12.0
17093729;28;24;12;53.0;1;31;0.0;64.0
17093906;1;1;0;0.0;1;0;2.0;0.0
17094639;17;3;0;5.0;1;11;3.0;17.0
17095045;8;0;0;2.0;1;7;2.0;6.0
17095518;0;3;1;4.0;1;4;0.0;4.0
17097122;8;20;7;37.0;1;29;30.0;5.0
17097245;5;0;0;3.0;1;3;1.0;4.0
17099876;2;0;0;0.0;1;1;2.0;0.0
17100395;11;0;0;4.0;1;11;0.0;11.0
17100780;4;10;3;12.0;1;13;4.0;13.0
17100976;5;5;0;9.0;1;11;0.0;10.0
17101764;1;14;9;25.0;1;26;7.0;17.0
1710461;5;0;0;0.0;1;5;0.0;5.0
17111773;12;12;6;24.0;1;31;0.0;30.0
17113157;7;1;2;5.0;1;9;0.0;10.0
17113344;1;0;0;0.0;1;1;1.0;0.0
17113519;12;7;0;12.0;1;19;0.0;19.0
17114702;3;2;2;5.0;1;5;0.0;7.0
17115474;1;0;1;1.0;1;1;2.0;0.0
17115918;2;0;1;3.0;1;3;3.0;0.0
1711764;0;4;0;4.0;1;4;0.0;4.0
17119291;2;0;0;0.0;1;0;2.0;0.0
17120115;0;1;12;14.0;1;10;1.0;12.0
17120791;6;1;0;1.0;1;7;0.0;7.0
17121885;16;28;7;44.0;1;33;11.0;40.0
17122972;3;22;6;31.0;1;21;0.0;31.0
17122984;6;16;10;32.0;1;26;0.0;32.0
17126325;1;1;0;0.0;1;0;2.0;0.0
17126387;31;12;8;30.0;1;32;1.0;50.0
17127375;1;8;0;9.0;1;9;0.0;9.0
17128337;1;8;1;9.0;1;10;2.0;8.0
17128415;5;3;3;9.0;1;12;11.0;0.0
17131650;0;10;4;14.0;1;12;14.0;0.0
17133589;2;2;0;0.0;2;0;4.0;0.0
17134422;7;0;0;0.0;1;6;0.0;7.0
17135018;1;1;1;0.0;1;0;3.0;0.0
17135405;0;1;1;0.0;1;0;2.0;0.0
17136131;1;1;1;0.0;1;0;3.0;0.0
17138868;18;26;0;37.0;1;21;1.0;43.0
17141559;0;0;5;6.0;1;6;0.0;5.0
17141603;0;2;2;4.0;1;4;4.0;0.0
17141696;0;0;1;2.0;1;2;1.0;0.0
17142317;2;0;0;0.0;1;1;2.0;0.0
17142789;1;1;0;1.0;1;1;2.0;0.0
17142798;8;0;0;0.0;1;4;0.0;8.0
17155904;1;2;6;9.0;1;8;5.0;4.0
17156733;0;0;0;1.0;1;1;0.0;0.0
17157057;1;17;11;31.0;1;19;9.0;20.0
17159590;3;0;0;1.0;1;3;0.0;3.0
17160050;1;0;0;0.0;1;0;1.0;0.0
17161937;12;12;5;22.0;2;29;0.0;29.0
17162539;7;3;0;8.0;1;11;4.0;6.0
17163159;8;5;1;7.0;1;13;5.0;9.0
17163247;3;2;1;3.0;1;4;6.0;0.0
17166011;3;2;0;2.0;1;2;5.0;0.0
17166023;12;12;6;24.0;1;31;0.0;30.0
17166546;0;0;0;0.0;1;0;0.0;0.0
17169091;6;9;0;14.0;1;15;0.0;15.0
17169189;5;9;0;12.0;1;12;2.0;12.0
17169304;1;1;1;0.0;1;0;3.0;0.0
17170988;1;1;1;0.0;1;0;3.0;0.0
17171102;2;1;2;2.0;1;3;5.0;0.0
1717155;4;5;5;13.0;1;15;11.0;3.0
17171907;8;6;5;18.0;1;13;4.0;15.0
17171988;8;0;0;1.0;1;8;0.0;8.0
17173058;12;12;6;24.0;1;31;0.0;30.0
1717399;10;10;4;22.0;1;29;24.0;0.0
17174185;3;6;2;9.0;1;8;4.0;7.0
17174485;2;0;0;0.0;1;0;2.0;0.0
17175175;13;12;0;17.0;1;24;0.0;25.0
17176468;20;11;3;25.0;1;22;0.0;34.0
17176483;25;33;18;58.0;1;34;6.0;70.0
17176595;6;12;6;24.0;1;25;0.0;24.0
17176616;10;1;0;3.0;1;10;0.0;11.0
17176805;54;41;35;110.0;1;31;0.0;130.0
1717681;24;24;12;48.0;1;31;0.0;60.0
17176832;0;0;0;0.0;1;0;0.0;0.0
17176834;0;0;0;0.0;1;0;0.0;0.0
17176846;4;6;10;19.0;1;18;4.0;16.0
17176882;12;12;6;24.0;1;31;0.0;30.0
17176893;8;18;5;27.0;2;25;31.0;0.0
17176898;14;2;1;6.0;1;10;4.0;13.0
17176937;0;13;36;56.0;1;13;1.0;48.0
17177082;22;0;0;8.0;1;12;0.0;22.0
17177086;8;0;1;0.0;1;5;1.0;8.0
17177101;7;22;6;31.0;1;29;3.0;32.0
17177121;7;2;0;1.0;2;8;2.0;7.0
17177287;0;1;0;1.0;1;1;0.0;1.0
17177306;8;31;20;61.0;1;27;0.0;59.0
17177443;5;10;6;20.0;1;20;2.0;19.0
17177454;53;7;0;20.0;1;17;0.0;60.0
17177500;6;3;2;2.0;4;6;6.0;5.0
17177502;3;12;6;22.0;1;22;0.0;21.0
17177537;12;11;0;16.0;1;23;0.0;23.0
1717841;0;3;15;24.0;1;10;0.0;18.0
17178719;0;1;0;0.0;1;0;1.0;0.0
17178749;1;7;7;16.0;1;16;2.0;13.0
17178876;4;22;10;34.0;1;21;0.0;36.0
17179646;18;0;0;3.0;1;9;0.0;18.0
1718086;10;7;0;12.0;1;8;2.0;15.0
17181514;1;5;7;13.0;1;11;5.0;8.0
17181693;9;7;6;20.0;1;22;0.0;22.0
17181700;6;2;0;2.0;2;6;4.0;4.0
17181701;7;8;9;19.0;1;18;0.0;24.0
17181708;0;0;0;0.0;1;0;0.0;0.0
17181724;12;5;0;10.0;1;17;0.0;17.0
17181727;0;1;8;11.0;1;6;9.0;0.0
17181728;22;4;0;12.0;1;16;0.0;26.0
17181748;14;1;0;6.0;1;13;0.0;15.0
17181770;18;0;0;7.0;1;13;0.0;18.0
17181958;2;3;0;3.0;1;5;0.0;5.0
17182649;4;6;4;11.0;1;11;14.0;0.0
17186019;0;0;0;0.0;1;0;0.0;0.0
17190819;8;11;3;19.0;1;13;16.0;6.0
17193276;12;4;2;11.0;1;13;18.0;0.0
17194248;1;1;0;0.0;1;0;2.0;0.0
17194789;5;9;0;14.0;1;14;0.0;14.0
17198244;2;1;1;0.0;2;0;4.0;0.0
17198956;4;36;13;53.0;2;26;5.0;48.0
17198965;1;3;1;4.0;3;4;5.0;0.0
17201723;7;0;0;1.0;1;7;0.0;7.0
17202811;1;2;0;1.0;1;1;3.0;0.0
17202903;13;2;1;11.0;1;17;0.0;16.0
17203119;6;0;0;5.0;1;6;0.0;6.0
17203835;3;2;0;1.0;1;2;5.0;0.0
17204585;2;0;0;0.0;1;1;0.0;2.0
17204602;0;4;6;10.0;1;8;4.0;6.0
17204664;1;1;1;1.0;1;1;3.0;0.0
17204700;0;5;3;7.0;2;7;0.0;8.0
17204801;0;0;6;7.0;1;7;0.0;6.0
17204867;2;4;1;4.0;1;4;7.0;0.0
17204893;0;7;7;16.0;1;13;6.0;8.0
17204912;11;2;0;3.0;4;9;5.0;8.0
17204977;3;0;5;6.0;1;6;2.0;6.0
17205161;0;4;0;5.0;1;5;0.0;4.0
17205180;1;21;10;33.0;1;20;3.0;29.0
17205206;1;1;0;0.0;1;0;2.0;0.0
17205214;1;0;0;0.0;1;0;1.0;0.0
17205253;2;0;0;0.0;2;0;2.0;0.0
1720587;3;3;1;2.0;1;2;7.0;0.0
17207041;14;9;0;18.0;1;17;0.0;23.0
17208691;16;4;0;14.0;1;12;0.0;20.0
17208903;9;2;0;4.0;1;10;0.0;11.0
17208974;7;7;2;10.0;1;13;16.0;0.0
17209010;3;3;1;3.0;1;4;7.0;0.0
17209102;12;12;6;24.0;1;31;0.0;30.0
17209314;0;7;0;7.0;1;7;0.0;7.0
17209438;3;29;1;32.0;1;15;0.0;33.0
1720966;13;19;27;58.0;1;28;4.0;55.0
17210211;6;3;2;4.0;2;6;11.0;0.0
17211198;18;16;6;28.0;1;32;2.0;38.0
17211291;8;6;0;6.0;2;9;0.0;14.0
17212341;12;12;6;24.0;2;31;0.0;30.0
17212682;3;2;0;2.0;1;4;0.0;5.0
17212922;9;5;1;7.0;1;13;0.0;15.0
17213325;12;8;0;13.0;1;20;0.0;20.0
17213390;5;2;0;3.0;1;5;3.0;4.0
17216104;12;14;3;22.0;1;27;0.0;29.0
17216482;10;1;1;2.0;4;9;3.0;9.0
17217070;5;12;2;17.0;1;15;0.0;19.0
17218184;0;31;6;38.0;1;18;2.0;35.0
17218531;2;6;8;13.0;1;13;5.0;11.0
1721870;2;1;0;0.0;1;0;3.0;0.0
17219042;0;1;0;0.0;1;0;1.0;0.0
17222068;10;6;4;18.0;1;22;1.0;19.0
17222194;12;12;6;24.0;1;31;0.0;30.0
17223528;2;2;3;6.0;1;8;0.0;7.0
17225691;6;12;5;23.0;1;24;0.0;23.0
17225971;0;5;5;11.0;1;11;0.0;10.0
17226332;3;5;3;7.0;1;7;11.0;0.0
17226515;6;2;1;5.0;1;9;9.0;0.0
17226701;11;14;9;30.0;1;23;0.0;34.0
17226764;6;1;0;6.0;1;8;0.0;7.0
17226970;19;15;0;25.0;1;18;0.0;34.0
17226995;3;3;4;7.0;1;7;5.0;5.0
1723357;6;7;7;21.0;1;18;15.0;5.0
1723769;9;6;2;9.0;1;13;17.0;0.0
1723830;0;2;3;6.0;1;5;0.0;5.0
17239704;4;3;0;7.0;1;6;1.0;6.0
17240459;12;12;4;21.0;1;28;0.0;28.0
17240506;2;10;3;17.0;1;17;1.0;14.0
17242354;2;1;0;0.0;1;3;3.0;0.0
17242411;1;0;0;0.0;1;1;1.0;0.0
17242845;6;7;20;34.0;1;18;0.0;33.0
17243845;13;6;0;10.0;1;12;0.0;19.0
17244085;9;1;1;1.0;1;8;3.0;8.0
17245544;5;8;0;13.0;3;13;1.0;12.0
17247696;1;0;0;0.0;1;0;1.0;0.0
17247745;0;4;0;4.0;1;4;0.0;4.0
17247980;24;24;10;45.0;1;32;0.0;58.0
17249687;1;0;0;0.0;1;0;1.0;0.0
17249777;3;1;7;14.0;2;8;0.0;11.0
17249827;15;0;0;6.0;1;7;1.0;14.0
17250714;4;0;0;0.0;2;4;0.0;4.0
17250728;8;0;0;1.0;1;7;0.0;8.0
17251262;11;4;0;10.0;1;12;0.0;15.0
17251329;3;4;1;4.0;1;4;4.0;4.0
17251372;4;1;0;2.0;3;2;5.0;0.0
17253758;0;10;6;17.0;1;17;0.0;16.0
17253986;0;1;0;1.0;1;1;1.0;0.0
17254168;0;3;0;3.0;1;3;3.0;0.0
17254223;1;1;0;1.0;1;2;2.0;0.0
17254314;1;1;0;0.0;1;0;2.0;0.0
17254367;3;2;0;4.0;2;4;0.0;5.0
17255111;2;8;5;17.0;1;13;15.0;0.0
1725619;1;12;6;20.0;1;20;0.0;19.0
17256498;1;1;0;0.0;1;0;2.0;0.0
17256982;5;2;1;5.0;1;6;4.0;4.0
17257850;4;3;2;5.0;1;7;2.0;7.0
17260296;4;14;0;18.0;1;11;0.0;18.0
1726131;0;4;3;7.0;1;7;7.0;0.0
17261417;1;1;0;0.0;1;0;2.0;0.0
17261716;14;14;2;23.0;1;26;1.0;29.0
17262566;12;9;4;17.0;1;25;1.0;24.0
17263622;0;0;0;0.0;2;0;0.0;0.0
17263721;2;2;0;2.0;1;2;4.0;0.0
17263728;4;3;2;3.0;1;3;9.0;0.0
17263765;0;1;10;10.0;2;7;11.0;0.0
17263781;0;9;6;16.0;1;16;0.0;15.0
17263848;0;0;6;6.0;1;6;3.0;3.0
17263853;6;6;4;12.0;1;15;16.0;0.0
17263990;0;2;0;1.0;1;1;2.0;0.0
17266915;14;12;1;13.0;1;17;0.0;27.0
17268757;4;6;0;5.0;1;9;3.0;7.0
17269007;12;12;6;24.0;1;31;0.0;30.0
1726936;6;3;0;2.0;4;4;9.0;0.0
17270577;4;2;8;16.0;1;12;0.0;14.0
17270600;12;12;6;24.0;1;31;0.0;30.0
17270705;0;2;1;2.0;1;2;3.0;0.0
17271059;29;12;6;27.0;1;31;0.0;47.0
17271150;0;1;0;1.0;1;1;1.0;0.0
17271504;2;2;0;4.0;1;4;0.0;4.0
17271844;0;0;5;5.0;1;5;0.0;5.0
17272175;12;15;12;34.0;1;31;0.0;39.0
1727280;1;3;5;6.0;2;6;5.0;4.0
1727310;4;0;0;4.0;1;4;0.0;4.0
1727565;1;3;1;8.0;1;8;2.0;3.0
1728384;4;0;0;0.0;1;4;0.0;4.0
17284104;7;12;6;22.0;1;26;0.0;25.0
17285039;14;3;0;17.0;1;6;0.0;17.0
17286310;5;8;2;15.0;1;16;15.0;0.0
17286850;6;4;0;4.0;1;8;0.0;10.0
172895;0;18;39;62.0;5;13;2.0;55.0
17290929;7;10;11;25.0;1;23;3.0;25.0
17291275;1;1;1;0.0;2;0;3.0;0.0
17292518;1;0;6;7.0;1;8;0.0;7.0
17292598;3;4;1;2.0;2;2;8.0;0.0
17293211;8;2;1;1.0;1;8;3.0;8.0
17293745;21;17;0;32.0;1;17;0.0;38.0
17293983;12;16;16;39.0;3;31;3.0;41.0
17298106;2;0;0;0.0;1;0;2.0;0.0
17298361;4;6;7;19.0;1;16;7.0;10.0
17298549;0;1;0;0.0;1;0;1.0;0.0
17298781;12;4;6;16.0;1;23;1.0;21.0
17300214;1;0;0;0.0;1;0;1.0;0.0
1730053;3;2;0;0.0;2;2;5.0;0.0
17300611;10;0;0;6.0;1;6;0.0;10.0
17301140;7;6;0;11.0;1;12;7.0;6.0
17301617;12;13;8;26.0;1;30;0.0;33.0
17304214;7;4;0;9.0;1;6;2.0;9.0
17304638;0;5;0;5.0;1;5;0.0;5.0
17305375;10;35;29;76.0;1;25;4.0;70.0
17306037;3;2;1;1.0;1;2;6.0;0.0
17306849;8;0;0;1.0;1;8;0.0;8.0
1730800;12;12;8;27.0;1;31;0.0;32.0
17308139;0;1;0;0.0;1;0;1.0;0.0
17311457;1;1;0;0.0;1;1;2.0;0.0
17312079;3;1;0;1.0;1;1;4.0;0.0
17312650;1;0;3;4.0;1;4;0.0;4.0
17312982;5;2;1;5.0;1;7;4.0;4.0
17313647;2;4;5;10.0;1;10;4.0;7.0
17313962;2;4;2;9.0;1;9;3.0;5.0
17314362;15;3;6;14.0;2;21;0.0;24.0
17314377;4;0;0;0.0;2;4;0.0;4.0
1731515;5;5;2;7.0;1;9;12.0;0.0
17316372;0;4;1;6.0;1;5;0.0;5.0
17326119;1;1;0;0.0;1;1;2.0;0.0
1732642;7;1;0;3.0;3;7;8.0;0.0
17326694;4;0;0;0.0;1;4;0.0;4.0
17326702;8;11;0;18.0;2;18;2.0;17.0
17326932;14;20;12;39.0;1;31;0.0;46.0
17327011;36;36;18;72.0;1;32;0.0;90.0
17328003;22;4;0;12.0;1;16;0.0;26.0
17329058;0;0;1;0.0;3;0;1.0;0.0
17335206;12;12;6;24.0;2;31;0.0;30.0
17335979;0;0;1;0.0;2;0;1.0;0.0
17336045;12;10;0;15.0;1;22;0.0;22.0
17337007;1;1;0;1.0;1;1;2.0;0.0
17337186;5;3;1;3.0;1;5;9.0;0.0
17338066;1;3;1;1.0;1;1;5.0;0.0
17340127;2;1;1;3.0;1;5;0.0;4.0
17340276;2;1;1;1.0;1;1;4.0;0.0
17340999;1;2;1;1.0;1;1;4.0;0.0
1734544;2;2;1;1.0;2;1;5.0;0.0
17346538;3;2;1;2.0;1;2;6.0;0.0
17346985;2;3;1;1.0;1;1;6.0;0.0
17347043;8;23;17;46.0;1;38;27.0;21.0
17347589;6;3;0;8.0;2;10;9.0;0.0
17348348;0;1;1;1.0;1;1;2.0;0.0
17349000;1;1;1;0.0;1;0;3.0;0.0
17349586;0;7;0;7.0;1;6;0.0;7.0
17349603;16;30;6;51.0;1;29;3.0;49.0
17349912;4;0;3;4.0;3;6;2.0;5.0
17350351;3;1;0;1.0;1;2;4.0;0.0
17350437;8;0;0;5.0;1;8;0.0;8.0
17350639;0;3;0;3.0;1;3;0.0;3.0
17351191;7;7;0;12.0;1;14;0.0;14.0
17351885;5;8;5;16.0;1;15;2.0;16.0
17354026;2;0;0;0.0;1;0;2.0;0.0
17355443;16;7;2;15.0;1;23;15.0;10.0
1736770;3;8;6;14.0;1;15;3.0;14.0
17370646;13;1;0;7.0;1;12;0.0;14.0
17370959;7;0;0;0.0;1;6;0.0;7.0
17371091;5;0;0;0.0;1;5;0.0;5.0
17371651;12;11;6;19.0;1;26;0.0;29.0
1737198;12;3;1;11.0;2;12;4.0;12.0
17372341;0;2;2;3.0;2;3;4.0;0.0
17373424;8;4;0;4.0;1;10;2.0;10.0
17374837;7;3;1;8.0;1;12;11.0;0.0
17374881;1;1;1;0.0;1;0;3.0;0.0
17374893;0;1;0;0.0;1;0;1.0;0.0
17377688;1;1;0;0.0;1;0;2.0;0.0
17378308;10;1;0;6.0;1;11;0.0;11.0
17378991;7;2;2;8.0;1;9;3.0;8.0
17379499;17;32;5;44.0;1;27;0.0;54.0
17379510;9;13;5;22.0;1;25;5.0;22.0
17380088;2;6;4;11.0;1;11;2.0;10.0
17380962;0;0;0;0.0;1;0;0.0;0.0
17381695;0;0;3;4.0;1;4;0.0;3.0
17381706;2;16;12;32.0;1;20;0.0;30.0
17381803;6;8;0;14.0;1;13;0.0;14.0
17381878;1;1;0;0.0;1;1;2.0;0.0
17382258;5;5;0;6.0;1;9;2.0;8.0
17382715;1;3;0;4.0;1;4;0.0;4.0
17384394;4;3;2;7.0;1;7;0.0;9.0
17385346;8;1;0;1.0;5;5;5.0;4.0
17385642;7;0;0;0.0;1;7;1.0;6.0
17385838;5;4;1;8.0;1;8;10.0;0.0
17387179;7;1;0;3.0;1;6;8.0;0.0
17387611;3;1;0;2.0;1;5;0.0;4.0
17387881;1;1;0;1.0;1;2;2.0;0.0
17388901;2;74;66;153.0;1;20;2.0;140.0
17389163;9;5;0;11.0;1;11;0.0;14.0
17389590;11;5;6;16.0;1;23;0.0;22.0
17390256;6;0;0;2.0;1;7;2.0;4.0
17391054;3;7;0;8.0;1;10;0.0;10.0
1739166;5;6;2;9.0;1;10;13.0;0.0
17392533;3;2;0;1.0;2;1;5.0;0.0
17392994;0;1;1;0.0;1;0;2.0;0.0
1739315;9;4;2;8.0;1;11;4.0;11.0
17393344;6;3;2;2.0;1;9;11.0;0.0
17393556;1;6;0;5.0;1;5;2.0;5.0
17393618;1;1;1;0.0;3;1;3.0;0.0
17393920;2;1;0;1.0;1;1;3.0;0.0
1739823;0;3;6;10.0;1;10;0.0;9.0
1739917;12;7;0;12.0;1;19;0.0;19.0
17399828;6;1;0;3.0;1;7;7.0;0.0
17400935;9;4;4;12.0;1;17;3.0;14.0
17401022;12;22;12;41.0;1;32;0.0;46.0
17402349;7;8;2;11.0;1;15;13.0;4.0
17403298;1;2;0;1.0;1;1;3.0;0.0
17403556;1;0;0;0.0;1;0;1.0;0.0
17404115;19;36;29;71.0;1;23;3.0;81.0
1740618;35;63;4;94.0;1;30;7.0;95.0
1741546;1;1;1;0.0;2;0;3.0;0.0
17416389;1;1;0;0.0;1;0;2.0;0.0
17416854;12;10;0;15.0;1;22;0.0;22.0
17417021;4;5;3;11.0;2;11;12.0;0.0
17417093;17;14;4;29.0;1;29;4.0;31.0
17417163;3;1;1;2.0;1;5;0.0;5.0
17418184;0;3;8;13.0;1;10;0.0;11.0
17418355;0;2;1;1.0;1;1;3.0;0.0
17418537;0;4;0;4.0;1;4;0.0;4.0
17420264;8;14;10;29.0;1;24;3.0;29.0
17420864;4;3;4;8.0;1;11;0.0;11.0
17420970;2;3;0;1.0;1;2;5.0;0.0
1742125;8;6;3;8.0;4;13;17.0;0.0
17422015;2;1;1;0.0;1;0;4.0;0.0
17422523;12;12;6;24.0;1;31;0.0;30.0
17425511;1;1;0;1.0;2;1;2.0;0.0
17426325;1;0;1;1.0;1;1;2.0;0.0
17426791;3;3;6;13.0;1;13;0.0;12.0
17426808;1;2;1;2.0;1;2;4.0;0.0
17428031;10;26;14;45.0;1;31;3.0;47.0
17428927;4;0;8;9.0;1;9;7.0;5.0
17429276;3;1;0;3.0;1;3;0.0;4.0
17429339;1;1;0;1.0;1;1;2.0;0.0
17429743;1;1;0;0.0;1;0;2.0;0.0
17439908;1;1;0;0.0;1;0;2.0;0.0
17440339;5;1;2;3.0;1;6;0.0;8.0
17440556;17;37;24;91.0;1;39;13.0;65.0
17440939;2;1;1;0.0;1;1;4.0;0.0
17442126;4;1;0;5.0;1;4;0.0;5.0
17443664;2;2;1;1.0;1;1;5.0;0.0
17445881;11;1;0;5.0;1;12;0.0;12.0
17447689;1;1;1;0.0;2;0;3.0;0.0
17448185;2;3;2;3.0;1;4;7.0;0.0
17449341;7;0;0;0.0;1;6;0.0;7.0
1745419;6;5;1;8.0;2;12;2.0;10.0
1746052;5;0;3;3.0;1;8;4.0;4.0
17462743;3;1;1;2.0;1;2;5.0;0.0
17463377;5;4;7;17.0;1;13;0.0;16.0
17463623;6;0;0;0.0;1;6;0.0;6.0
17464152;0;7;3;11.0;1;11;0.0;10.0
17467084;0;5;4;6.0;1;6;3.0;6.0
17467488;8;20;6;31.0;1;23;0.0;34.0
17468238;1;1;0;0.0;1;0;2.0;0.0
17468978;4;2;1;2.0;1;5;7.0;0.0
17472112;3;3;0;6.0;1;8;6.0;0.0
17472997;0;0;4;5.0;1;5;0.0;4.0
17473191;4;0;0;2.0;1;4;4.0;0.0
17474450;3;0;0;1.0;1;3;3.0;0.0
17474655;1;2;2;3.0;1;3;5.0;0.0
17475113;10;0;0;3.0;1;10;0.0;10.0
17475655;0;0;6;7.0;1;7;0.0;6.0
17475989;5;6;4;7.0;1;10;5.0;10.0
17476422;5;8;4;13.0;1;12;0.0;17.0
17479706;28;14;2;24.0;1;24;0.0;44.0
17479844;0;0;1;1.0;1;1;1.0;0.0
17480100;4;0;0;0.0;1;4;0.0;4.0
17480659;4;7;0;9.0;1;9;6.0;5.0
17481148;12;12;6;24.0;1;31;0.0;30.0
17483733;4;0;3;3.0;2;6;2.0;5.0
17484448;0;2;1;0.0;1;0;3.0;0.0
1748503;2;1;3;4.0;1;5;0.0;6.0
1748531;2;1;0;0.0;1;0;3.0;0.0
17488011;1;1;0;0.0;1;0;2.0;0.0
17489189;41;15;18;47.0;1;28;0.0;74.0
17489272;1;0;0;0.0;1;0;1.0;0.0
17489983;1;1;0;0.0;1;0;2.0;0.0
17490765;0;3;4;6.0;1;6;4.0;3.0
17491545;1;1;0;0.0;1;0;2.0;0.0
17494177;1;1;0;0.0;1;0;2.0;0.0
17494301;0;3;4;8.0;1;8;0.0;7.0
17495342;0;1;0;1.0;1;1;1.0;0.0
17496439;2;1;0;0.0;2;1;3.0;0.0
17496527;1;1;0;0.0;1;0;2.0;0.0
17497105;2;1;0;0.0;1;1;3.0;0.0
17497299;12;12;6;24.0;1;31;0.0;30.0
1750212;29;35;17;65.0;1;48;22.0;59.0
1751184;7;0;3;4.0;1;8;0.0;10.0
1751321;3;12;6;22.0;1;22;0.0;21.0
1751347;1;1;0;0.0;1;0;2.0;0.0
17513782;12;0;0;5.0;1;12;0.0;12.0
17514814;1;2;1;0.0;1;0;4.0;0.0
17515061;4;4;6;10.0;1;10;9.0;5.0
17515821;0;0;1;0.0;1;0;1.0;0.0
17517705;4;1;0;5.0;1;5;0.0;5.0
17518040;4;0;0;0.0;1;4;0.0;4.0
17518358;2;7;12;21.0;1;12;5.0;16.0
17520257;0;6;1;7.0;1;7;0.0;7.0
1752129;0;1;1;0.0;1;0;2.0;0.0
17522278;5;0;0;1.0;2;3;5.0;0.0
17524033;8;10;0;14.0;1;11;5.0;13.0
17527115;22;17;0;26.0;1;23;0.0;39.0
17527342;2;1;0;1.0;1;3;3.0;0.0
17527654;12;0;1;8.0;1;10;0.0;13.0
17528065;0;4;5;9.0;1;9;3.0;6.0
17528166;27;20;14;49.0;1;37;10.0;51.0
17528205;0;2;2;4.0;1;4;0.0;4.0
17528408;1;1;0;0.0;1;0;2.0;0.0
17529312;17;4;0;16.0;1;12;0.0;21.0
17529728;1;1;0;0.0;1;0;2.0;0.0
17530784;8;6;6;13.0;1;17;0.0;20.0
17531072;7;4;0;9.0;1;11;0.0;11.0
17531226;0;1;1;1.0;1;1;2.0;0.0
17531370;12;5;0;10.0;1;17;0.0;17.0
17531898;11;3;0;4.0;1;9;3.0;11.0
17532449;12;12;6;24.0;1;31;0.0;30.0
17532512;1;2;1;0.0;1;0;4.0;0.0
17534590;24;20;6;35.0;1;32;3.0;47.0
17536193;1;0;1;0.0;1;0;2.0;0.0
17537528;0;4;6;11.0;1;11;0.0;10.0
17538579;2;6;7;12.0;1;12;7.0;8.0
17539271;10;0;1;4.0;1;9;2.0;9.0
17540;3;4;2;3.0;1;4;9.0;0.0
17542270;4;0;2;3.0;1;5;1.0;5.0
17542980;15;13;6;26.0;2;32;0.0;34.0
17543094;2;1;6;8.0;1;8;3.0;6.0
17543505;0;3;0;0.0;1;0;3.0;0.0
17543569;9;15;8;30.0;1;32;5.0;27.0
1754396;6;4;1;6.0;1;9;11.0;0.0
17544743;9;6;8;21.0;1;23;17.0;6.0
1754476;1;0;0;1.0;1;1;1.0;0.0
17548;9;4;1;3.0;1;6;8.0;6.0
17560156;15;10;2;20.0;1;24;27.0;0.0
17561457;0;11;0;11.0;1;11;0.0;11.0
17563650;1;12;8;22.0;1;20;0.0;21.0
17564576;1;1;0;1.0;2;1;2.0;0.0
1756561;3;27;13;41.0;1;19;4.0;39.0
17567172;1;1;0;0.0;1;0;2.0;0.0
17567183;3;11;0;14.0;1;14;0.0;14.0
17567561;2;0;0;0.0;1;1;2.0;0.0
17570101;2;11;0;14.0;1;12;0.0;13.0
17570792;9;12;5;22.0;1;25;0.0;26.0
17573639;8;6;0;9.0;1;12;0.0;14.0
17574448;4;0;0;2.0;1;5;0.0;4.0
17574534;8;1;0;4.0;1;10;0.0;9.0
17574638;1;2;1;1.0;1;1;4.0;0.0
17574909;0;4;0;4.0;1;4;0.0;4.0
17575120;0;2;1;3.0;1;3;3.0;0.0
1757583;4;4;0;4.0;2;5;8.0;0.0
17575855;0;1;1;0.0;1;0;2.0;0.0
17576196;4;4;0;7.0;1;9;0.0;8.0
17576876;1;1;0;0.0;1;0;2.0;0.0
17577615;2;1;2;0.0;1;0;5.0;0.0
17577749;0;5;16;26.0;1;12;0.0;21.0
17578049;8;9;0;14.0;1;18;0.0;17.0
17578151;1;4;1;5.0;1;4;6.0;0.0
17578480;1;0;1;1.0;1;1;2.0;0.0
17579048;0;1;1;0.0;1;0;2.0;0.0
17579457;1;1;1;1.0;1;1;3.0;0.0
17580425;0;0;4;5.0;1;5;0.0;4.0
17581349;1;1;1;0.0;2;0;3.0;0.0
17582442;1;1;0;1.0;1;1;2.0;0.0
17582652;5;3;3;9.0;1;9;3.0;8.0
17583286;8;1;0;2.0;1;9;0.0;9.0
17583394;8;0;3;5.0;1;7;0.0;11.0
17583808;3;1;0;4.0;1;4;4.0;0.0
17584232;0;3;0;1.0;2;1;3.0;0.0
17584428;7;2;1;9.0;1;7;4.0;6.0
17586313;13;4;0;11.0;1;15;1.0;16.0
17588152;7;11;4;17.0;1;17;1.0;21.0
17588574;0;1;0;0.0;1;0;1.0;0.0
17590011;1;0;1;0.0;1;0;2.0;0.0
17590031;7;0;0;0.0;1;7;0.0;7.0
17591606;1;1;0;0.0;1;0;2.0;0.0
17592660;0;2;0;2.0;1;2;2.0;0.0
17592749;12;3;0;8.0;1;15;0.0;15.0
17603530;0;1;0;1.0;1;1;1.0;0.0
17605652;5;0;0;4.0;1;5;0.0;5.0
17606003;4;3;6;12.0;1;14;0.0;13.0
17609473;1;1;0;1.0;1;1;2.0;0.0
17612170;12;16;11;34.0;1;31;0.0;39.0
17613234;0;3;0;0.0;1;0;3.0;0.0
17614255;11;12;5;22.0;1;26;0.0;28.0
17614468;1;12;6;20.0;1;20;0.0;19.0
1761583;1;1;1;0.0;1;0;3.0;0.0
17616857;12;6;0;11.0;1;18;0.0;18.0
1761966;5;30;11;47.0;2;32;13.0;33.0
17620410;0;8;6;14.0;1;14;2.0;12.0
17621150;7;1;0;2.0;1;5;4.0;4.0
17621282;5;0;0;0.0;1;5;0.0;5.0
17622744;3;12;0;13.0;1;12;0.0;15.0
17623430;1;1;1;0.0;1;0;3.0;0.0
17624369;1;1;0;0.0;1;0;2.0;0.0
17628958;0;1;1;0.0;1;0;2.0;0.0
17629119;1;23;13;39.0;1;24;9.0;28.0
1762962;6;22;2;27.0;1;18;0.0;30.0
17631243;1;1;0;0.0;1;0;2.0;0.0
1763340;1;7;0;7.0;1;7;2.0;6.0
1763418;28;1;3;7.0;1;15;3.0;29.0
17636666;0;10;6;17.0;1;17;0.0;16.0
17637210;6;0;0;0.0;1;4;0.0;6.0
17638039;1;1;0;0.0;1;0;2.0;0.0
1763820;3;3;2;2.0;1;2;8.0;0.0
17638218;1;13;0;14.0;1;10;0.0;14.0
17638754;0;0;18;20.0;1;5;0.0;18.0
1763975;0;1;2;3.0;1;3;0.0;3.0
17640108;2;0;0;0.0;1;0;2.0;0.0
17657580;19;5;9;22.0;1;20;0.0;33.0
17657965;0;1;1;0.0;1;0;2.0;0.0
1765846;0;0;1;0.0;1;0;1.0;0.0
17660038;19;57;34;105.0;1;34;5.0;105.0
17662021;2;0;0;0.0;1;1;2.0;0.0
17662095;1;4;0;5.0;1;5;0.0;5.0
17662298;7;13;26;44.0;1;24;0.0;46.0
17662315;5;0;0;4.0;1;5;0.0;5.0
17664561;23;22;8;34.0;1;30;3.0;50.0
17666201;8;5;0;13.0;4;12;0.0;13.0
17666317;4;2;1;7.0;1;7;2.0;5.0
17667738;0;1;0;1.0;1;1;1.0;0.0
17668627;0;1;0;1.0;1;1;1.0;0.0
17668842;1;1;0;0.0;1;0;2.0;0.0
17669173;3;4;2;8.0;1;9;9.0;0.0
17671051;1;9;5;15.0;1;15;1.0;14.0
1767239;11;0;0;3.0;1;10;0.0;11.0
17679135;1;0;0;0.0;1;1;1.0;0.0
17679785;0;1;5;6.0;1;6;0.0;6.0
17680634;0;1;1;0.0;1;0;2.0;0.0
17681464;10;4;5;14.0;1;18;1.0;18.0
1768243;8;28;24;58.0;2;34;11.0;49.0
1768371;13;17;8;35.0;1;35;30.0;8.0
17687480;1;3;3;6.0;1;6;2.0;5.0
17688028;4;28;19;48.0;1;17;2.0;49.0
17688418;2;15;10;25.0;1;11;2.0;25.0
17688499;13;8;0;16.0;1;17;2.0;19.0
17689484;1;1;1;0.0;1;0;3.0;0.0
17690;15;7;3;12.0;4;20;15.0;10.0
17692598;0;6;6;14.0;1;14;0.0;12.0
17693429;5;8;4;22.0;1;23;17.0;0.0
1770608;2;2;1;1.0;1;1;5.0;0.0
17707330;36;29;12;58.0;1;31;0.0;77.0
17711244;2;3;5;8.0;1;8;0.0;10.0
17711358;15;12;7;24.0;1;34;6.0;28.0
17711635;12;9;5;20.0;1;27;0.0;26.0
17713365;1;2;2;4.0;2;4;5.0;0.0
17716390;15;22;1;29.0;1;24;0.0;38.0
17716577;8;1;1;3.0;1;10;0.0;10.0
17717231;1;1;0;0.0;1;0;2.0;0.0
17718603;0;9;10;22.0;1;15;1.0;18.0
17719302;5;0;0;0.0;1;5;0.0;5.0
17720859;2;1;0;0.0;1;1;3.0;0.0
17721192;25;12;0;23.0;1;24;0.0;37.0
17722610;21;0;0;0.0;1;4;0.0;21.0
17725205;2;1;0;1.0;1;2;3.0;0.0
17726622;2;12;13;26.0;1;12;0.0;27.0
17728935;13;11;0;16.0;1;20;8.0;16.0
17732013;5;4;4;12.0;1;14;0.0;13.0
17732051;16;1;0;11.0;1;13;0.0;17.0
17732949;3;1;1;0.0;1;0;5.0;0.0
17733260;0;9;6;16.0;1;16;0.0;15.0
17733859;0;5;0;5.0;1;5;0.0;5.0
17736112;1;0;0;0.0;1;0;1.0;0.0
17736561;4;2;1;4.0;1;5;7.0;0.0
17736590;4;0;0;5.0;1;5;0.0;4.0
17737049;3;12;6;18.0;1;15;3.0;18.0
17737165;6;0;0;5.0;1;4;0.0;6.0
1773770;6;2;2;7.0;2;9;10.0;0.0
17740264;2;3;1;2.0;1;2;6.0;0.0
17741620;14;2;0;4.0;2;11;6.0;10.0
17741682;1;1;1;0.0;1;0;3.0;0.0
17741773;2;1;0;0.0;1;0;3.0;0.0
17741784;12;7;0;12.0;1;19;0.0;19.0
17743642;1;10;0;11.0;1;11;0.0;11.0
17743934;12;17;14;37.0;1;31;0.0;43.0
17744184;1;0;0;0.0;1;0;1.0;0.0
17744959;9;0;2;6.0;1;11;0.0;11.0
17745052;1;1;0;0.0;1;0;2.0;0.0
17745889;5;7;1;13.0;1;13;0.0;13.0
17758992;6;5;1;8.0;1;9;5.0;7.0
17760281;4;13;5;18.0;1;19;2.0;20.0
1776064;0;1;0;0.0;1;0;1.0;0.0
1776086;2;1;0;0.0;1;1;3.0;0.0
17761010;2;2;14;17.0;1;10;0.0;18.0
17761590;0;3;0;2.0;1;2;3.0;0.0
17762721;1;1;1;1.0;1;1;3.0;0.0
17762949;0;1;5;9.0;1;7;2.0;4.0
17763900;2;13;15;30.0;1;20;4.0;26.0
17765040;81;1;0;3.0;1;11;2.0;80.0
17765521;2;1;1;0.0;1;1;4.0;0.0
17768317;5;0;12;14.0;1;10;0.0;17.0
17768970;1;4;19;30.0;1;13;4.0;20.0
17769025;14;33;20;63.0;1;31;1.0;66.0
17769335;9;8;9;23.0;1;23;0.0;26.0
17769616;1;1;1;0.0;1;0;3.0;0.0
17771974;1;0;0;0.0;1;0;1.0;0.0
17772306;21;16;6;27.0;1;31;0.0;43.0
17772373;3;2;1;1.0;1;2;6.0;0.0
17772518;12;12;1;18.0;1;25;0.0;25.0
17773035;1;1;0;0.0;1;0;2.0;0.0
17773480;3;2;0;1.0;3;2;5.0;0.0
17773584;12;9;6;21.0;1;28;0.0;27.0
17773634;1;3;1;1.0;1;1;5.0;0.0
1777370;5;13;0;14.0;2;8;7.0;11.0
17774441;1;3;1;1.0;1;1;5.0;0.0
17778250;27;0;0;8.0;1;11;0.0;27.0
17778347;4;5;0;8.0;1;8;0.0;9.0
1777886;1;1;0;0.0;1;0;2.0;0.0
1777974;1;1;0;0.0;4;0;2.0;0.0
1777996;13;11;10;23.0;1;26;11.0;23.0
17780040;2;1;0;1.0;1;1;3.0;0.0
17780519;8;11;8;29.0;1;30;18.0;9.0
17783290;1;1;0;2.0;1;2;2.0;0.0
17784825;0;8;2;10.0;1;8;0.0;10.0
17784856;3;22;18;49.0;1;23;3.0;40.0
17786412;12;15;4;28.0;1;25;0.0;31.0
17786499;19;11;1;22.0;1;21;4.0;27.0
17787508;2;1;3;4.0;1;5;3.0;3.0
17787609;4;4;3;11.0;1;12;11.0;0.0
17787764;2;3;0;1.0;1;1;5.0;0.0
17788318;4;2;1;2.0;1;5;7.0;0.0
17791057;1;1;1;4.0;1;4;3.0;0.0
17791077;8;1;3;8.0;1;12;3.0;9.0
17792952;0;2;12;17.0;1;10;0.0;14.0
17794120;1;7;4;12.0;1;12;0.0;12.0
17794774;5;0;0;0.0;1;5;0.0;5.0
17795817;8;6;7;15.0;1;18;2.0;19.0
17796100;11;0;0;4.0;1;11;0.0;11.0
17797446;1;1;1;0.0;1;0;3.0;0.0
17808957;4;6;0;10.0;1;10;0.0;10.0
17810455;12;12;6;24.0;1;31;0.0;30.0
17811366;1;1;2;2.0;1;2;4.0;0.0
17812674;24;31;23;67.0;1;31;0.0;78.0
17812954;1;4;1;3.0;1;3;6.0;0.0
1781305;1;1;0;0.0;1;0;2.0;0.0
17813234;2;0;0;0.0;1;0;2.0;0.0
17813291;15;2;0;5.0;1;11;2.0;15.0
17813541;0;1;0;1.0;1;1;1.0;0.0
17813677;0;2;3;5.0;1;5;0.0;5.0
17813688;3;2;0;3.0;1;4;5.0;0.0
17814698;0;18;0;18.0;1;12;3.0;15.0
17818517;4;3;0;3.0;1;5;3.0;4.0
17818540;3;0;0;1.0;1;2;3.0;0.0
17818686;13;1;3;5.0;1;11;0.0;17.0
17818957;5;0;25;30.0;1;11;2.0;28.0
17819506;8;0;0;1.0;1;8;0.0;8.0
17820722;1;1;0;1.0;2;1;2.0;0.0
1782079;0;1;0;0.0;2;0;1.0;0.0
17821684;18;10;2;16.0;1;23;2.0;28.0
1782341;11;10;3;20.0;2;22;10.0;14.0
17831360;2;2;2;1.0;4;2;6.0;0.0
17833396;3;2;1;1.0;1;1;6.0;0.0
17833430;24;8;0;17.0;1;16;0.0;32.0
17833607;2;0;0;0.0;1;1;2.0;0.0
17833903;12;12;6;24.0;1;31;0.0;30.0
17834185;1;1;0;1.0;1;1;2.0;0.0
17835613;2;1;0;1.0;1;1;3.0;0.0
17837298;0;0;1;1.0;1;1;1.0;0.0
17837459;19;5;0;11.0;1;16;1.0;23.0
17837755;3;1;1;2.0;1;3;0.0;5.0
17838097;20;10;0;13.0;1;19;3.0;27.0
17840120;2;0;0;2.0;1;2;2.0;0.0
17840849;13;14;4;24.0;1;30;27.0;4.0
17840882;14;5;0;9.0;1;16;3.0;16.0
17841425;8;4;0;2.0;1;7;2.0;10.0
1784697;0;2;9;12.0;1;6;1.0;10.0
1784737;1;1;0;0.0;1;0;2.0;0.0
1784766;7;0;0;0.0;1;7;0.0;7.0
1784853;2;1;6;6.0;4;3;3.0;6.0
17852263;0;2;0;1.0;1;1;2.0;0.0
17857278;8;5;3;13.0;1;16;2.0;14.0
17858098;2;6;1;7.0;1;8;3.0;6.0
17858152;8;0;0;0.0;1;6;1.0;7.0
17858518;8;1;0;1.0;1;8;0.0;9.0
17859288;6;2;1;3.0;1;8;9.0;0.0
17859648;4;8;4;14.0;1;14;16.0;0.0
17859675;12;5;0;10.0;1;17;0.0;17.0
17860648;1;2;1;3.0;1;3;4.0;0.0
17861671;7;3;1;4.0;1;10;11.0;0.0
17861724;0;10;16;33.0;1;13;0.0;26.0
17861836;24;29;12;52.0;1;28;1.0;64.0
17862539;5;7;3;16.0;1;18;15.0;0.0
17866418;1;1;0;0.0;1;1;2.0;0.0
17868897;5;7;6;14.0;1;15;11.0;7.0
17869334;0;4;6;12.0;1;11;0.0;10.0
17869798;3;10;6;21.0;1;22;0.0;19.0
17870863;15;6;1;12.0;1;18;0.0;22.0
17873330;2;0;0;0.0;1;0;2.0;0.0
17874868;1;2;1;3.0;1;4;0.0;4.0
17876409;19;8;3;19.0;1;22;5.0;25.0
17876704;2;16;17;38.0;1;18;3.0;32.0
17877471;18;9;6;25.0;1;27;0.0;33.0
17877551;1;2;1;3.0;1;3;4.0;0.0
17877777;0;1;0;0.0;1;0;1.0;0.0
17879149;5;14;6;26.0;1;24;0.0;25.0
17879370;4;0;0;0.0;1;4;0.0;4.0
17879539;12;4;0;9.0;1;16;0.0;16.0
17883328;3;1;0;4.0;1;4;0.0;4.0
17884100;0;1;2;2.0;1;2;3.0;0.0
17885568;3;1;0;0.0;1;1;4.0;0.0
17885593;6;7;0;12.0;1;12;0.0;13.0
17885735;13;11;0;14.0;1;21;3.0;21.0
17887534;9;12;3;20.0;1;24;0.0;24.0
17887676;0;0;1;0.0;1;0;1.0;0.0
17891710;4;10;10;24.0;1;20;17.0;7.0
17892597;1;1;0;0.0;1;0;2.0;0.0
17893461;7;5;0;10.0;1;12;0.0;12.0
17893490;14;16;3;30.0;1;23;0.0;33.0
1789403;6;1;1;6.0;2;7;2.0;6.0
1789415;26;25;12;48.0;1;32;3.0;60.0
17896105;0;3;6;12.0;1;8;0.0;9.0
17896108;6;8;7;23.0;1;19;4.0;17.0
17896308;2;0;0;2.0;1;3;2.0;0.0
17897411;2;2;0;1.0;1;3;4.0;0.0
17897981;6;6;0;7.0;3;7;12.0;0.0
17898288;8;20;11;37.0;2;29;39.0;0.0
17898393;2;14;8;26.0;3;25;0.0;24.0
1789987;2;1;1;1.0;2;1;4.0;0.0
1790288;3;13;6;19.0;4;20;3.0;19.0
1790682;2;3;2;3.0;1;3;7.0;0.0
1790735;12;16;0;21.0;1;19;5.0;23.0
1790783;0;0;7;9.0;1;6;0.0;7.0
1791007;14;20;14;47.0;2;39;19.0;29.0
17913907;1;1;0;0.0;2;0;2.0;0.0
17914311;0;1;2;3.0;1;3;3.0;0.0
17914504;0;0;1;0.0;1;0;1.0;0.0
17914527;1;0;0;0.0;1;0;1.0;0.0
17914690;7;2;3;7.0;1;13;7.0;5.0
17914795;4;0;0;0.0;1;1;4.0;0.0
17915395;2;3;1;2.0;1;2;6.0;0.0
17915443;0;0;3;2.0;1;2;3.0;0.0
17917893;2;2;1;2.0;1;2;5.0;0.0
17918294;6;11;1;12.0;1;16;3.0;15.0
17918567;9;14;0;19.0;1;21;4.0;19.0
1792052;2;3;0;2.0;1;3;5.0;0.0
179226;11;7;3;11.0;4;17;21.0;0.0
179259;5;0;0;0.0;1;4;0.0;5.0
17928124;1;1;0;0.0;2;0;2.0;0.0
17928864;0;16;9;25.0;2;24;8.0;17.0
17930562;3;4;1;6.0;1;7;8.0;0.0
17931131;1;0;0;0.0;1;0;1.0;0.0
17931783;12;12;6;24.0;1;31;0.0;30.0
17932296;2;2;0;1.0;1;1;4.0;0.0
17933544;10;4;2;6.0;1;13;6.0;10.0
17936074;5;1;0;3.0;1;4;2.0;4.0
17936401;6;0;0;3.0;1;6;0.0;6.0
17936429;2;10;4;14.0;1;16;0.0;16.0
17937070;0;1;0;1.0;1;1;1.0;0.0
17937204;5;4;1;6.0;1;10;0.0;10.0
17941660;2;10;8;17.0;1;14;6.0;14.0
17941810;14;9;0;14.0;1;21;0.0;23.0
17941911;2;2;1;2.0;1;3;5.0;0.0
17941971;4;0;2;2.0;1;6;0.0;6.0
17943206;1;1;0;0.0;1;0;2.0;0.0
17944329;12;12;4;21.0;1;28;0.0;28.0
17948267;1;0;0;2.0;1;2;1.0;0.0
17949644;10;9;5;23.0;1;30;24.0;0.0
17949713;7;12;11;30.0;1;26;0.0;30.0
17949948;3;6;1;9.0;1;10;0.0;10.0
17950277;0;5;0;5.0;1;4;0.0;5.0
17951887;0;1;0;1.0;1;1;1.0;0.0
17953557;1;4;0;4.0;1;4;5.0;0.0
17954040;3;1;1;2.0;1;4;1.0;4.0
17954445;3;2;3;7.0;1;8;8.0;0.0
1796344;2;1;1;0.0;1;0;4.0;0.0
17969017;16;1;0;10.0;1;10;0.0;17.0
17971085;5;3;0;5.0;1;8;2.0;6.0
17973551;0;1;6;7.0;1;7;1.0;6.0
17973716;2;1;0;0.0;1;0;3.0;0.0
17974594;0;5;6;12.0;1;12;0.0;11.0
17974728;3;1;0;0.0;4;1;4.0;0.0
17974770;3;3;1;2.0;1;2;7.0;0.0
17975102;2;1;0;0.0;1;0;3.0;0.0
17975311;6;0;0;0.0;1;6;0.0;6.0
1797892;8;7;0;12.0;3;12;6.0;9.0
17978988;0;1;1;3.0;1;3;2.0;0.0
17980840;4;0;0;0.0;1;4;0.0;4.0
17982031;3;6;0;6.0;1;6;9.0;0.0
17982562;0;0;1;1.0;1;1;1.0;0.0
17983316;4;5;2;6.0;1;6;11.0;0.0
17983747;9;0;0;2.0;1;9;0.0;9.0
17983880;2;3;2;3.0;1;3;7.0;0.0
17984275;1;1;0;0.0;1;0;2.0;0.0
17988948;11;3;0;8.0;1;12;0.0;14.0
17989121;21;0;0;5.0;1;9;0.0;21.0
17990525;22;19;15;39.0;1;29;7.0;49.0
17991422;1;11;8;16.0;1;16;5.0;15.0
17995004;66;42;12;84.0;1;31;0.0;120.0
17996476;10;1;0;6.0;1;11;0.0;11.0
17997560;10;10;4;18.0;1;22;6.0;18.0
17998714;0;1;0;1.0;1;1;1.0;0.0
1800132;13;15;2;25.0;1;28;26.0;4.0
18002673;2;2;1;0.0;1;0;5.0;0.0
18003626;8;0;0;4.0;1;8;1.0;7.0
18004880;7;3;1;7.0;1;9;11.0;0.0
18006647;25;17;6;27.0;1;27;8.0;40.0
180067;5;11;13;26.0;1;20;4.0;25.0
18007085;9;11;0;21.0;1;5;0.0;20.0
18008621;1;2;1;4.0;1;3;0.0;4.0
18017;10;1;0;2.0;1;9;2.0;9.0
1801731;2;2;1;1.0;1;1;5.0;0.0
18023636;12;10;0;15.0;1;22;0.0;22.0
18023754;1;3;3;6.0;1;6;0.0;7.0
18024995;25;33;9;54.0;1;32;0.0;67.0
18026857;12;3;0;8.0;1;15;0.0;15.0
18027097;3;0;0;1.0;1;1;3.0;0.0
18027698;0;2;1;0.0;1;0;3.0;0.0
18027869;0;2;6;9.0;1;9;0.0;8.0
18027910;0;1;1;1.0;3;1;2.0;0.0
18027940;1;0;0;0.0;1;0;1.0;0.0
18028051;5;4;1;7.0;1;9;10.0;0.0
18028293;1;0;0;0.0;1;0;1.0;0.0
18028692;1;2;1;1.0;1;1;4.0;0.0
18033123;2;1;0;2.0;1;2;3.0;0.0
180361;8;12;5;24.0;3;25;17.0;8.0
18037375;1;0;0;1.0;1;1;1.0;0.0
18040167;7;1;0;6.0;1;9;0.0;8.0
1804156;1;2;0;3.0;1;3;0.0;3.0
18041989;0;4;2;6.0;1;6;0.0;6.0
18042411;7;1;0;5.0;1;7;2.0;6.0
18042645;1;1;0;1.0;1;1;2.0;0.0
1804326;3;4;1;5.0;1;6;8.0;0.0
18043721;7;15;6;29.0;1;25;0.0;28.0
18044838;6;4;1;5.0;1;10;0.0;11.0
18044892;2;2;0;1.0;1;2;4.0;0.0
18045017;2;1;0;0.0;2;2;3.0;0.0
18045844;21;4;0;10.0;1;16;0.0;25.0
1804693;0;39;32;82.0;1;23;3.0;68.0
1804741;20;24;12;48.0;1;44;0.0;56.0
18049288;1;0;0;0.0;1;1;1.0;0.0
18049957;7;5;5;12.0;3;16;4.0;13.0
18054339;19;11;0;18.0;1;24;0.0;30.0
1805439;3;0;0;0.0;1;3;0.0;3.0
1805607;2;3;1;2.0;1;2;6.0;0.0
18058206;0;1;4;6.0;1;6;1.0;4.0
18059227;0;0;0;0.0;1;0;0.0;0.0
18062737;13;13;2;24.0;1;28;20.0;8.0
1806469;1;0;1;2.0;1;2;2.0;0.0
18079432;12;15;6;25.0;1;32;3.0;30.0
18080828;2;3;2;4.0;1;4;7.0;0.0
18081342;32;31;12;58.0;1;31;0.0;75.0
18083292;5;14;9;26.0;1;29;5.0;23.0
18088037;0;2;0;1.0;1;1;2.0;0.0
18090637;0;11;10;20.0;1;13;0.0;21.0
18090875;3;13;7;23.0;1;22;1.0;22.0
1809198;1;1;0;0.0;1;0;2.0;0.0
18093704;12;14;6;26.0;1;31;0.0;32.0
18094247;12;2;0;7.0;1;14;0.0;14.0
18094445;0;0;1;1.0;1;1;1.0;0.0
18097742;32;32;4;54.0;1;29;6.0;62.0
18097833;0;6;10;18.0;1;11;0.0;16.0
18098171;12;12;3;20.0;1;27;0.0;27.0
18099650;19;12;15;31.0;1;29;6.0;40.0
18102552;1;5;0;6.0;1;6;0.0;6.0
18102656;1;1;0;1.0;1;1;2.0;0.0
18103459;5;4;0;7.0;1;9;1.0;8.0
18107418;1;1;1;0.0;1;0;3.0;0.0
18107533;3;11;7;20.0;1;20;2.0;19.0
18107550;2;2;0;0.0;2;0;4.0;0.0
18108498;1;0;0;0.0;1;0;1.0;0.0
18108537;4;1;0;1.0;1;2;5.0;0.0
18112504;10;11;6;23.0;1;28;0.0;27.0
18114243;9;2;3;8.0;1;15;3.0;11.0
1811452;2;3;1;1.0;1;1;6.0;0.0
1811516;9;7;1;14.0;1;12;4.0;13.0
1811528;10;12;2;19.0;1;24;0.0;24.0
18115396;2;0;0;0.0;1;3;2.0;0.0
18119201;3;9;0;11.0;1;8;8.0;4.0
18120775;15;11;4;17.0;1;22;0.0;30.0
18122658;4;5;9;14.0;1;13;7.0;11.0
1812413;2;1;1;1.0;1;1;4.0;0.0
1812485;4;3;4;11.0;1;11;0.0;11.0
1813797;15;9;4;19.0;1;26;22.0;6.0
18142070;10;1;0;4.0;1;11;0.0;11.0
18142889;2;5;2;9.0;1;9;0.0;9.0
18143402;3;10;6;17.0;1;19;0.0;19.0
18143986;5;6;6;14.0;1;15;8.0;9.0
18144350;12;12;6;23.0;1;30;0.0;30.0
18144544;1;1;0;1.0;1;1;2.0;0.0
18145485;1;1;0;0.0;1;0;2.0;0.0
18147477;0;0;0;0.0;2;0;0.0;0.0
18147482;15;0;0;4.0;1;11;0.0;15.0
18147550;9;13;19;41.0;1;32;25.0;16.0
1815030;1;1;1;0.0;1;0;3.0;0.0
18150837;1;2;1;0.0;1;0;4.0;0.0
18151532;29;16;2;30.0;1;38;17.0;30.0
18151675;0;0;5;6.0;1;6;0.0;5.0
1815618;12;3;0;8.0;1;15;0.0;15.0
18156525;0;11;1;12.0;1;9;2.0;10.0
18156709;21;14;7;30.0;1;37;9.0;33.0
18159061;21;6;0;17.0;1;22;19.0;8.0
1816059;15;11;1;17.0;1;23;8.0;19.0
18162834;0;1;0;2.0;1;2;1.0;0.0
18168661;1;1;0;1.0;2;2;2.0;0.0
18173239;2;0;0;0.0;1;2;2.0;0.0
18174614;1;2;0;3.0;1;3;0.0;3.0
18176151;12;6;0;11.0;1;18;0.0;18.0
18181255;1;0;4;4.0;1;5;0.0;5.0
18181956;2;0;0;0.0;1;1;2.0;0.0
1819331;8;3;4;7.0;1;12;15.0;0.0
1819663;14;12;8;25.0;1;24;34.0;0.0
18204665;52;58;24;112.0;1;34;3.0;131.0
18211138;8;5;7;19.0;1;18;3.0;17.0
18212224;6;1;0;2.0;1;8;2.0;5.0
18217852;0;1;0;1.0;2;1;1.0;0.0
18219021;4;4;0;4.0;3;7;4.0;4.0
18227595;0;0;0;0.0;2;0;0.0;0.0
18230681;3;0;6;8.0;1;9;0.0;9.0
18231934;2;1;0;0.0;1;0;3.0;0.0
18238026;7;1;2;4.0;1;10;3.0;7.0
18238609;1;1;0;0.0;1;0;2.0;0.0
18240615;2;0;0;2.0;1;3;2.0;0.0
18241701;10;6;7;18.0;2;23;15.0;8.0
18242275;22;38;0;50.0;1;21;2.0;58.0
18248178;4;1;1;3.0;1;6;6.0;0.0
18250385;1;0;0;0.0;1;1;1.0;0.0
18250543;2;0;0;0.0;1;1;2.0;0.0
18250936;2;2;0;3.0;1;5;0.0;4.0
18251723;6;4;0;7.0;1;7;4.0;6.0
1826313;1;1;1;0.0;1;0;3.0;0.0
18271371;0;10;21;34.0;1;17;0.0;31.0
1827146;3;2;1;1.0;1;2;6.0;0.0
18271978;1;1;0;0.0;1;0;2.0;0.0
18273223;1;1;0;0.0;1;0;2.0;0.0
18275390;3;8;3;11.0;2;11;7.0;7.0
18275422;0;4;4;9.0;1;8;0.0;8.0
18275585;196;39;13;85.0;2;33;2.0;246.0
18281727;8;12;0;15.0;1;19;3.0;17.0
18283848;1;2;1;0.0;1;0;4.0;0.0
18284471;1;0;0;0.0;2;0;1.0;0.0
18293235;0;0;1;2.0;1;2;1.0;0.0
18294062;1;3;1;1.0;1;1;5.0;0.0
18294801;0;0;4;4.0;1;4;0.0;4.0
18296229;1;2;1;1.0;1;1;4.0;0.0
1829749;0;6;7;18.0;1;10;9.0;4.0
18301291;8;8;0;11.0;1;18;0.0;16.0
18308772;13;7;2;12.0;1;20;6.0;16.0
18309874;2;3;1;0.0;1;0;6.0;0.0
18311602;6;11;11;27.0;1;21;6.0;22.0
18317702;2;1;3;4.0;1;6;2.0;4.0
183194;8;10;12;32.0;1;22;0.0;30.0
18320151;5;2;0;6.0;1;7;0.0;7.0
1832495;1;0;0;0.0;2;0;1.0;0.0
18338238;6;4;1;6.0;2;9;4.0;7.0
1834500;1;4;2;6.0;1;7;2.0;5.0
18347858;1;0;0;0.0;1;2;1.0;0.0
18349073;10;14;7;27.0;1;30;4.0;27.0
18350709;0;2;1;1.0;1;1;3.0;0.0
18350890;10;6;1;10.0;1;13;3.0;14.0
18351507;12;11;0;16.0;1;15;4.0;19.0
18353204;4;9;2;14.0;1;16;4.0;11.0
18353303;9;0;0;2.0;1;9;0.0;9.0
18353381;1;0;3;3.0;1;4;0.0;4.0
18353868;5;12;6;24.0;1;24;0.0;23.0
18353875;27;18;22;57.0;1;41;21.0;46.0
1835520;25;1;0;5.0;1;10;0.0;26.0
18357720;5;12;6;19.0;1;24;0.0;23.0
18359010;1;3;0;3.0;1;4;0.0;4.0
18359114;1;1;0;0.0;1;0;2.0;0.0
18360831;12;4;0;9.0;1;16;0.0;16.0
18363665;4;0;1;1.0;1;5;1.0;4.0
18370102;1;1;0;0.0;1;0;2.0;0.0
18370491;2;1;0;1.0;1;1;3.0;0.0
18373392;2;0;0;0.0;1;0;2.0;0.0
1837441;1;0;0;0.0;2;0;1.0;0.0
18377351;2;3;2;2.0;1;2;7.0;0.0
18377705;1;2;0;0.0;1;0;3.0;0.0
18378175;40;0;0;0.0;1;7;0.0;40.0
18378716;5;6;6;11.0;1;8;0.0;17.0
18379545;0;2;14;21.0;1;9;0.0;16.0
18382239;1;1;0;0.0;1;0;2.0;0.0
18382770;0;0;55;66.0;1;7;0.0;55.0
1839487;2;4;0;4.0;1;4;6.0;0.0
18404749;0;1;0;0.0;2;0;1.0;0.0
1840830;3;5;2;6.0;1;6;10.0;0.0
18408996;0;4;0;4.0;1;4;0.0;4.0
1841067;26;24;15;61.0;2;58;21.0;44.0
18410881;1;1;0;0.0;1;0;2.0;0.0
18411110;3;7;2;9.0;2;9;12.0;0.0
18411303;2;6;0;7.0;1;9;0.0;8.0
18411393;0;2;1;0.0;1;0;3.0;0.0
18411527;12;3;0;8.0;1;15;0.0;15.0
18411848;3;2;0;2.0;1;4;5.0;0.0
18412030;1;1;0;0.0;1;1;2.0;0.0
18412541;1;1;2;3.0;1;4;0.0;4.0
1841274;6;12;7;25.0;1;26;2.0;23.0
18416933;2;2;2;5.0;1;7;6.0;0.0
18417078;0;0;10;12.0;1;6;0.0;10.0
18417901;13;81;35;125.0;1;35;14.0;115.0
18421350;12;5;8;21.0;1;21;0.0;25.0
18422674;1;0;1;0.0;1;0;2.0;0.0
18422853;0;0;8;11.0;1;4;0.0;8.0
18427278;3;2;0;0.0;1;0;5.0;0.0
18428128;4;7;11;19.0;1;15;9.0;13.0
18428764;6;4;0;7.0;1;7;4.0;6.0
18429363;0;3;1;0.0;1;0;4.0;0.0
18429380;1;4;0;4.0;1;3;1.0;4.0
1842941;7;4;6;11.0;1;18;0.0;17.0
18429534;1;1;1;1.0;2;1;3.0;0.0
18429715;12;12;6;24.0;1;31;0.0;30.0
18430756;12;12;6;24.0;1;31;0.0;30.0
18430858;2;1;2;3.0;1;3;5.0;0.0
18431593;5;2;0;5.0;1;6;2.0;5.0
18436087;2;1;2;2.0;1;2;5.0;0.0
18436765;3;1;0;0.0;1;1;4.0;0.0
18437158;0;22;5;27.0;1;14;0.0;27.0
18437885;3;2;0;2.0;1;3;5.0;0.0
18438716;0;1;0;1.0;1;1;1.0;0.0
18438859;10;0;0;3.0;1;10;0.0;10.0
18440101;1;3;6;10.0;1;9;0.0;10.0
18441329;1;2;6;8.0;1;9;0.0;9.0
18441744;1;20;7;31.0;1;19;3.0;25.0
18442347;1;1;1;3.0;2;3;3.0;0.0
1844720;2;5;0;6.0;3;6;7.0;0.0
1844987;14;8;3;21.0;1;22;12.0;13.0
18462832;28;15;15;39.0;1;48;30.0;28.0
1846284;0;0;8;11.0;1;5;0.0;8.0
18463127;2;0;0;1.0;1;3;2.0;0.0
18464246;2;1;0;1.0;1;2;3.0;0.0
18464704;2;1;1;3.0;1;5;0.0;4.0
18466227;1;12;6;20.0;1;20;0.0;19.0
18467132;2;11;0;11.0;1;7;13.0;0.0
18470;2;2;1;2.0;1;2;5.0;0.0
18471123;8;7;4;14.0;1;17;0.0;19.0
18471412;5;1;0;4.0;1;5;6.0;0.0
1847214;2;1;0;0.0;1;1;3.0;0.0
18472546;1;4;0;2.0;1;1;5.0;0.0
18473216;0;6;0;6.0;1;5;0.0;6.0
18474225;11;0;0;4.0;1;11;0.0;11.0
18476036;20;12;6;25.0;1;31;0.0;38.0
18476217;10;0;1;4.0;1;11;3.0;8.0
18477147;4;4;2;6.0;1;8;10.0;0.0
18477359;6;3;1;5.0;1;8;6.0;4.0
18477918;12;2;0;7.0;1;14;0.0;14.0
18480877;1;1;0;0.0;1;0;2.0;0.0
18481067;1;13;6;20.0;1;15;1.0;19.0
1848119;10;16;5;25.0;1;25;0.0;31.0
18481201;3;3;0;2.0;1;2;6.0;0.0
18481261;2;2;1;1.0;1;1;5.0;0.0
1848244;12;3;0;4.0;1;7;5.0;10.0
18482566;0;12;6;19.0;1;19;0.0;18.0
18483698;1;3;0;3.0;1;4;0.0;4.0
18483946;0;0;4;5.0;1;5;0.0;4.0
18485070;18;22;1;29.0;1;25;0.0;41.0
18485366;1;2;2;4.0;1;4;5.0;0.0
18487274;6;13;1;10.0;1;14;12.0;8.0
18487466;8;1;0;6.0;1;5;2.0;7.0
18490090;22;3;4;15.0;1;16;0.0;29.0
18490488;2;2;0;2.0;1;3;4.0;0.0
18494378;2;0;0;0.0;1;0;2.0;0.0
18494527;0;0;5;7.0;1;4;0.0;5.0
18496308;1;1;0;0.0;1;1;2.0;0.0
18497225;5;0;8;16.0;3;16;0.0;13.0
18500297;3;2;0;2.0;1;6;0.0;5.0
18501013;1;0;1;0.0;1;1;2.0;0.0
1850261;1;3;0;1.0;2;1;4.0;0.0
18502638;1;1;0;1.0;1;1;2.0;0.0
18503109;1;0;0;0.0;1;0;1.0;0.0
18503436;2;1;0;0.0;1;1;3.0;0.0
18503968;0;0;1;0.0;1;0;1.0;0.0
18506242;1;1;0;2.0;1;2;2.0;0.0
1850688;0;2;3;5.0;1;5;2.0;3.0
18512;3;3;5;8.0;2;8;6.0;5.0
18519584;2;2;5;7.0;1;7;5.0;4.0
18522162;14;4;3;7.0;1;10;2.0;19.0
18522672;0;0;1;0.0;1;0;1.0;0.0
18525235;0;4;0;4.0;1;4;4.0;0.0
18525345;20;8;3;16.0;1;23;2.0;29.0
18526035;0;1;1;0.0;1;0;2.0;0.0
18527033;9;0;0;2.0;1;9;0.0;9.0
18527400;4;0;0;2.0;1;1;4.0;0.0
18528605;1;1;0;0.0;1;0;2.0;0.0
18528757;19;12;6;30.0;1;31;0.0;37.0
18532978;12;12;6;24.0;1;31;0.0;30.0
1853320;3;2;1;3.0;1;4;6.0;0.0
1853363;15;13;7;22.0;1;30;9.0;26.0
18534062;1;1;0;0.0;2;0;2.0;0.0
18534156;3;1;1;2.0;1;3;5.0;0.0
18534911;21;8;9;29.0;1;22;0.0;38.0
18537772;2;0;0;1.0;1;1;2.0;0.0
18538262;5;9;6;17.0;1;14;7.0;13.0
18542971;5;2;0;4.0;1;7;0.0;7.0
18543353;1;3;3;7.0;1;7;7.0;0.0
18545774;0;3;6;8.0;1;8;2.0;7.0
18547004;26;13;0;33.0;1;13;0.0;39.0
18547224;2;2;4;6.0;1;6;8.0;0.0
18547944;0;0;22;40.0;1;7;0.0;22.0
18548238;2;0;0;0.0;1;1;2.0;0.0
18548545;2;2;1;0.0;1;0;5.0;0.0
18549872;1;0;0;0.0;1;0;1.0;0.0
18555178;11;0;0;7.0;1;7;11.0;0.0
18555480;2;0;0;0.0;1;2;2.0;0.0
18556370;1;0;0;0.0;1;1;1.0;0.0
18556699;6;4;2;3.0;2;6;9.0;3.0
18560508;0;0;4;4.0;1;3;0.0;4.0
18561371;13;10;2;15.0;1;19;0.0;25.0
18561902;6;10;19;34.0;1;17;0.0;35.0
18562344;1;0;1;0.0;1;0;2.0;0.0
18563304;3;1;1;2.0;1;2;5.0;0.0
18564245;1;5;4;9.0;1;10;0.0;10.0
18566765;12;6;0;11.0;1;18;0.0;18.0
18581833;0;3;1;2.0;1;2;4.0;0.0
18581973;11;10;8;24.0;1;26;8.0;21.0
18582567;0;1;1;0.0;1;0;2.0;0.0
18582673;2;2;0;4.0;1;4;0.0;4.0
18583183;12;12;6;24.0;1;31;0.0;30.0
18583193;0;3;9;15.0;1;9;0.0;12.0
18583604;14;12;6;24.0;1;31;0.0;32.0
18584152;12;7;6;19.0;1;26;0.0;25.0
18584607;0;0;0;0.0;1;0;0.0;0.0
18585828;5;7;6;14.0;1;15;3.0;15.0
18587251;6;11;6;23.0;1;25;0.0;23.0
18587460;14;13;6;26.0;1;32;0.0;33.0
18587467;1;1;0;1.0;1;1;2.0;0.0
18592900;6;1;1;1.0;1;5;4.0;4.0
18593400;2;0;0;0.0;1;2;0.0;2.0
18594310;3;1;0;1.0;1;2;4.0;0.0
18596608;2;6;1;7.0;1;8;4.0;5.0
1859771;12;12;6;24.0;1;31;0.0;30.0
18600755;13;5;1;9.0;1;16;3.0;16.0
18600911;2;0;1;1.0;1;1;3.0;0.0
18604148;2;8;0;10.0;1;10;0.0;10.0
18604471;7;0;0;0.0;1;4;0.0;7.0
18609939;3;0;0;0.0;1;1;3.0;0.0
18610024;4;1;0;5.0;1;5;0.0;5.0
18611624;5;5;10;18.0;1;17;2.0;18.0
18612391;3;2;3;4.0;1;6;8.0;0.0
1861332;2;1;0;0.0;1;0;3.0;0.0
18613350;1;0;1;0.0;1;0;2.0;0.0
18613781;1;2;3;5.0;1;5;0.0;6.0
18614475;1;2;2;4.0;1;4;5.0;0.0
18614969;12;5;0;10.0;1;17;0.0;17.0
18617713;5;7;0;11.0;1;11;0.0;12.0
18619136;1;0;0;1.0;1;1;1.0;0.0
18623080;5;5;0;8.0;1;7;4.0;6.0
18625175;2;5;1;6.0;1;8;0.0;8.0
18640567;12;0;0;5.0;1;12;0.0;12.0
18640631;14;3;4;10.0;1;17;0.0;21.0
18640677;1;1;1;1.0;1;1;3.0;0.0
18640707;2;1;0;1.0;1;1;3.0;0.0
18641702;12;22;4;31.0;1;28;0.0;38.0
18642312;0;6;7;14.0;1;11;0.0;13.0
18646010;7;0;0;0.0;1;7;0.0;7.0
18646190;14;8;6;21.0;1;24;0.0;28.0
18646944;10;0;0;3.0;1;10;0.0;10.0
18650416;19;2;0;20.0;1;7;3.0;18.0
18651644;3;1;0;4.0;1;4;0.0;4.0
18651838;6;9;5;15.0;1;16;7.0;13.0
18652666;0;9;5;12.0;1;8;6.0;8.0
1865274;4;0;0;0.0;1;4;0.0;4.0
18654907;2;0;0;0.0;3;0;2.0;0.0
18656043;1;1;0;0.0;1;0;2.0;0.0
18656265;1;0;10;13.0;1;8;0.0;11.0
18658987;24;7;0;17.0;1;17;0.0;31.0
18659440;1;1;0;0.0;1;0;2.0;0.0
18661848;1;1;0;0.0;1;0;2.0;0.0
18661973;6;1;1;1.0;1;6;2.0;6.0
18663334;14;24;12;45.0;1;31;0.0;50.0
18663866;7;0;0;1.0;2;6;3.0;4.0
18664124;1;0;0;0.0;1;0;1.0;0.0
18664716;0;2;0;0.0;1;0;2.0;0.0
18665162;9;21;11;38.0;1;36;16.0;25.0
18667688;8;12;0;17.0;2;20;0.0;20.0
18668711;1;2;1;0.0;1;0;4.0;0.0
18669320;14;3;0;10.0;1;14;0.0;17.0
18669367;13;7;4;17.0;1;24;0.0;24.0
18669656;0;5;1;6.0;1;6;0.0;6.0
18670327;2;2;2;5.0;1;5;2.0;4.0
18670656;2;10;9;23.0;1;22;9.0;12.0
18670784;4;7;2;8.0;2;8;13.0;0.0
18670929;7;4;1;7.0;1;10;0.0;12.0
18671991;2;26;4;32.0;1;13;4.0;28.0
18672351;1;1;0;0.0;1;0;2.0;0.0
18672394;2;2;0;1.0;1;3;0.0;4.0
18672520;1;1;0;1.0;1;1;2.0;0.0
18672687;1;19;14;36.0;2;17;5.0;29.0
18673014;0;3;4;7.0;1;6;0.0;7.0
18676326;4;9;3;11.0;1;15;2.0;14.0
18676904;21;7;2;20.0;1;22;0.0;30.0
18677256;7;9;0;14.0;1;16;0.0;16.0
18677404;24;16;6;33.0;1;31;0.0;46.0
18677799;1;1;1;4.0;1;5;3.0;0.0
18680213;4;6;1;7.0;1;8;11.0;0.0
18680789;8;0;0;2.0;1;8;0.0;8.0
18681058;1;8;5;13.0;1;12;3.0;11.0
18681062;1;0;0;0.0;1;0;1.0;0.0
18681159;18;52;19;77.0;1;30;2.0;87.0
18682043;1;3;0;2.0;1;3;0.0;4.0
18682382;1;1;1;0.0;1;0;3.0;0.0
18682597;1;1;1;0.0;1;0;3.0;0.0
18682790;11;13;1;16.0;1;20;4.0;21.0
18682841;2;2;2;3.0;2;3;6.0;0.0
18698277;1;2;0;0.0;1;0;3.0;0.0
18698593;0;5;2;7.0;1;7;3.0;4.0
18699319;1;2;0;1.0;1;1;3.0;0.0
18700899;3;3;1;3.0;1;3;7.0;0.0
18701843;1;1;0;1.0;1;1;2.0;0.0
18702871;12;10;0;15.0;1;22;0.0;22.0
18706518;2;2;1;0.0;1;0;5.0;0.0
18708174;0;2;0;2.0;1;2;2.0;0.0
18709874;22;9;18;33.0;1;23;4.0;45.0
18710223;17;19;0;29.0;1;22;0.0;36.0
18710305;5;13;3;15.0;1;14;0.0;21.0
18710625;5;10;0;13.0;1;13;6.0;9.0
18710892;46;24;12;57.0;1;33;1.0;81.0
18710940;3;8;3;12.0;1;13;7.0;7.0
18711684;2;2;1;2.0;1;2;5.0;0.0
18712269;4;0;1;6.0;1;6;0.0;5.0
18716717;1;14;0;13.0;1;12;0.0;15.0
18716749;4;0;2;4.0;2;8;0.0;6.0
18716843;2;1;1;3.0;1;4;0.0;4.0
18717;4;4;7;12.0;3;13;9.0;6.0
18718268;0;1;0;0.0;1;0;1.0;0.0
18718513;0;5;0;5.0;1;3;0.0;5.0
18718523;0;3;0;4.0;1;4;3.0;0.0
18718835;0;10;0;10.0;1;10;0.0;10.0
1871924;3;3;0;1.0;2;1;6.0;0.0
18722479;1;1;0;1.0;1;1;2.0;0.0
18723759;9;0;0;5.0;1;9;0.0;9.0
18723907;7;0;0;1.0;1;7;0.0;7.0
18724062;3;2;1;2.0;1;5;2.0;4.0
18724938;4;2;1;3.0;1;6;7.0;0.0
18726300;5;31;12;43.0;1;32;4.0;44.0
18726349;0;2;1;1.0;1;1;3.0;0.0
18726556;1;4;4;8.0;1;8;3.0;6.0
18727140;5;1;2;4.0;1;8;0.0;8.0
18727257;33;6;6;34.0;1;17;2.0;43.0
18731409;11;0;0;0.0;1;6;0.0;11.0
18731862;1;3;0;5.0;1;5;0.0;4.0
18731930;4;1;0;1.0;1;4;5.0;0.0
18732661;13;5;0;10.0;1;17;0.0;18.0
18732975;2;5;3;11.0;1;11;0.0;10.0
18733229;1;1;0;0.0;1;0;2.0;0.0
18733263;5;6;3;14.0;2;16;14.0;0.0
18733358;10;0;0;3.0;1;10;0.0;10.0
18735780;4;0;2;3.0;4;6;1.0;5.0
18736772;13;6;0;6.0;1;8;0.0;19.0
18737012;1;0;0;0.0;1;1;1.0;0.0
1874984;1;0;1;1.0;1;2;2.0;0.0
18754925;5;0;0;0.0;1;5;0.0;5.0
18755540;1;0;0;0.0;1;0;1.0;0.0
18762570;0;0;1;1.0;1;1;1.0;0.0
18762663;0;11;2;12.0;1;12;0.0;13.0
18762818;6;10;3;13.0;1;19;0.0;19.0
18764807;1;1;0;0.0;1;0;2.0;0.0
18766515;0;1;0;0.0;1;0;1.0;0.0
18766647;1;2;0;2.0;1;3;1.0;2.0
18767286;0;2;0;0.0;1;0;2.0;0.0
18769322;5;11;21;36.0;1;25;21.0;16.0
18769833;10;4;0;9.0;1;14;0.0;14.0
18770245;5;4;2;6.0;1;9;4.0;7.0
18770325;1;7;0;6.0;1;6;2.0;6.0
18771336;0;1;0;0.0;1;0;1.0;0.0
18771416;6;1;2;8.0;1;7;5.0;4.0
18771442;3;6;0;9.0;1;9;0.0;9.0
18771690;10;0;0;3.0;1;10;0.0;10.0
18772900;5;0;5;6.0;1;9;5.0;5.0
18773634;0;5;0;5.0;1;5;1.0;4.0
18773873;4;1;1;2.0;1;6;6.0;0.0
18774099;9;9;6;18.0;1;24;4.0;20.0
18774517;1;5;0;4.0;1;4;6.0;0.0
18775083;2;1;0;2.0;1;2;3.0;0.0
18777122;0;3;5;10.0;1;7;0.0;8.0
18777232;8;9;0;14.0;1;17;0.0;17.0
18777864;3;1;0;0.0;1;2;4.0;0.0
18778081;10;7;0;11.0;1;18;0.0;17.0
18779007;31;0;0;4.0;1;11;0.0;31.0
18779571;1;1;0;0.0;1;0;2.0;0.0
18779588;0;0;0;0.0;1;0;0.0;0.0
18780502;0;0;0;0.0;2;0;0.0;0.0
18780871;8;7;1;7.0;1;11;4.0;12.0
18781424;5;1;0;2.0;1;6;0.0;6.0
18782012;0;5;6;12.0;1;12;0.0;11.0
18782290;3;3;0;6.0;1;6;0.0;6.0
18782430;4;3;1;1.0;1;5;2.0;6.0
18783061;1;4;1;6.0;1;7;2.0;4.0
18783409;0;5;9;14.0;1;10;3.0;11.0
18796041;13;15;9;31.0;1;30;0.0;37.0
18796317;10;7;15;25.0;1;22;6.0;26.0
18797170;3;2;2;3.0;1;3;7.0;0.0
18798542;12;16;16;42.0;1;33;1.0;43.0
18799067;3;2;2;4.0;1;4;7.0;0.0
18801070;19;1;0;5.0;1;12;0.0;20.0
18801100;12;12;1;18.0;1;25;0.0;25.0
18801247;3;0;0;2.0;1;2;3.0;0.0
18801385;3;1;0;2.0;1;4;4.0;0.0
18804998;2;1;2;5.0;1;6;1.0;4.0
18805578;1;1;0;0.0;1;0;2.0;0.0
18806000;4;2;2;8.0;1;7;5.0;3.0
18808173;1;0;0;0.0;1;0;1.0;0.0
18808700;3;1;0;2.0;1;4;4.0;0.0
188092;0;10;15;26.0;1;10;0.0;25.0
18809246;3;12;0;16.0;1;10;2.0;13.0
18812534;8;0;0;2.0;1;8;0.0;8.0
18812990;0;1;0;0.0;1;0;1.0;0.0
18813216;1;0;0;0.0;1;1;1.0;0.0
18813801;0;1;0;0.0;1;0;1.0;0.0
18813957;0;2;0;1.0;1;1;2.0;0.0
18814587;15;9;0;13.0;1;20;3.0;21.0
18814648;5;3;4;12.0;1;12;7.0;5.0
18816058;0;1;16;20.0;2;10;0.0;17.0
18816431;1;2;0;1.0;1;2;3.0;0.0
18816854;1;0;0;0.0;1;0;1.0;0.0
18816981;12;3;0;8.0;1;15;0.0;15.0
18817003;12;0;0;5.0;1;12;0.0;12.0
18818055;7;0;0;0.0;1;6;2.0;5.0
18820390;12;1;6;13.0;1;20;0.0;19.0
18820887;0;2;4;7.0;1;6;2.0;4.0
18823289;0;0;1;1.0;1;1;1.0;0.0
18823322;2;1;0;0.0;1;0;3.0;0.0
18825749;12;7;12;22.0;2;27;17.0;14.0
18827803;0;0;4;5.0;1;5;0.0;4.0
18828297;12;7;0;12.0;1;19;0.0;19.0
18828305;116;143;57;263.0;1;32;0.0;316.0
18829255;0;8;6;15.0;1;15;0.0;14.0
1883163;3;1;0;3.0;1;4;0.0;4.0
18831811;0;20;6;26.0;1;18;0.0;26.0
18831947;1;1;1;0.0;1;0;3.0;0.0
18832462;8;13;7;26.0;1;28;0.0;28.0
18832620;1;12;3;15.0;1;14;2.0;14.0
18833112;12;15;9;30.0;1;31;0.0;36.0
18833259;9;8;0;13.0;1;17;0.0;17.0
1883995;34;51;9;82.0;1;30;0.0;94.0
18849983;1;3;0;3.0;1;3;0.0;4.0
18850345;15;14;6;25.0;1;32;4.0;31.0
18851425;0;0;5;7.0;1;5;0.0;5.0
18853849;3;3;6;11.0;1;11;2.0;10.0
18856210;0;7;0;7.0;1;6;0.0;7.0
18856230;5;4;4;10.0;1;12;13.0;0.0
18856816;0;8;3;12.0;1;12;2.0;9.0
18856912;2;0;0;2.0;1;1;2.0;0.0
1885756;2;10;11;21.0;1;16;5.0;18.0
18858016;1;1;0;2.0;1;2;2.0;0.0
18858998;4;4;0;7.0;1;8;0.0;8.0
18859472;8;0;0;2.0;1;8;0.0;8.0
18860116;0;5;0;5.0;1;5;0.0;5.0
18860658;1;1;1;1.0;1;2;3.0;0.0
18863764;19;0;0;3.0;1;10;0.0;19.0
18864315;0;4;8;15.0;4;11;12.0;0.0
18864699;5;3;0;8.0;1;8;0.0;8.0
18865414;24;23;2;36.0;1;27;0.0;49.0
18865773;0;1;0;0.0;1;0;1.0;0.0
18867248;1;0;1;0.0;1;0;2.0;0.0
18867274;1;1;0;0.0;1;0;2.0;0.0
18867293;10;0;0;3.0;1;10;0.0;10.0
18867508;5;2;2;3.0;1;5;9.0;0.0
18867628;1;1;0;0.0;1;0;2.0;0.0
18869049;11;5;0;11.0;1;14;0.0;16.0
188699;0;6;1;9.0;1;8;0.0;7.0
18870528;0;1;0;2.0;1;2;1.0;0.0
18870721;1;1;0;0.0;1;0;2.0;0.0
18871821;0;1;0;1.0;1;1;1.0;0.0
18872188;1;1;0;0.0;1;0;2.0;0.0
18874315;12;12;0;17.0;1;24;0.0;24.0
18874610;6;0;0;0.0;1;6;0.0;6.0
18877940;1;3;1;2.0;1;2;5.0;0.0
18878194;1;0;1;1.0;1;1;2.0;0.0
18878513;24;28;10;53.0;1;29;0.0;62.0
18879602;0;0;1;0.0;1;0;1.0;0.0
18879710;20;16;15;42.0;1;33;1.0;50.0
18880111;4;22;7;35.0;1;22;0.0;33.0
18881585;3;0;0;2.0;1;4;0.0;3.0
18881747;1;1;0;0.0;1;0;2.0;0.0
18882714;9;3;0;8.0;1;12;0.0;12.0
18896565;0;1;1;1.0;1;1;2.0;0.0
18897485;1;1;0;0.0;1;0;2.0;0.0
18897589;0;0;4;4.0;1;4;0.0;4.0
18899469;0;7;0;8.0;1;8;0.0;7.0
18902740;12;3;0;3.0;1;9;0.0;15.0
18903285;23;30;15;55.0;1;43;0.0;68.0
18903306;10;2;11;20.0;1;17;7.0;16.0
18903480;3;22;0;24.0;1;12;0.0;25.0
18904991;3;7;0;10.0;1;10;0.0;10.0
18905063;1;0;1;1.0;1;1;2.0;0.0
18905131;2;1;8;9.0;1;8;4.0;7.0
18905587;1;1;0;1.0;1;1;2.0;0.0
18906816;2;9;6;16.0;1;14;0.0;17.0
18906881;0;1;3;4.0;1;4;0.0;4.0
18910808;0;0;1;0.0;1;0;1.0;0.0
18910922;10;8;0;13.0;1;18;0.0;18.0
18911577;0;1;1;0.0;1;0;2.0;0.0
18911639;0;6;0;6.0;1;5;1.0;5.0
18912577;12;14;2;25.0;1;22;18.0;10.0
18912664;2;1;0;0.0;1;0;3.0;0.0
18912973;1;0;0;0.0;1;0;1.0;0.0
18913488;3;3;1;5.0;1;5;7.0;0.0
18913598;17;18;3;28.0;1;26;2.0;36.0
18914485;0;5;0;6.0;1;6;0.0;5.0
18914509;1;1;0;0.0;1;0;2.0;0.0
18914834;2;3;3;8.0;1;7;2.0;6.0
18914917;5;1;0;1.0;1;4;6.0;0.0
18919103;1;1;0;0.0;1;0;2.0;0.0
18919570;1;1;1;0.0;1;0;3.0;0.0
18920327;1;1;0;0.0;1;0;2.0;0.0
18920435;1;0;0;0.0;1;0;1.0;0.0
18920872;30;3;0;11.0;1;16;2.0;31.0
18920956;1;2;1;0.0;1;0;4.0;0.0
18921665;14;0;0;6.0;1;14;6.0;8.0
18923527;8;1;6;9.0;1;14;11.0;4.0
18923881;4;9;4;13.0;2;14;17.0;0.0
18924342;10;12;2;19.0;1;25;0.0;24.0
18925063;1;2;0;1.0;1;1;3.0;0.0
18926234;1;1;0;2.0;1;2;2.0;0.0
1892636;10;16;4;26.0;1;18;4.0;26.0
18928455;2;17;7;29.0;1;23;22.0;4.0
18940318;1;1;0;0.0;1;0;2.0;0.0
18941097;12;12;6;24.0;1;31;0.0;30.0
18941888;0;0;1;1.0;1;1;1.0;0.0
18942071;0;2;6;9.0;1;9;0.0;8.0
18942380;12;12;6;24.0;1;31;0.0;30.0
18942699;12;12;6;24.0;1;31;0.0;30.0
18943076;3;2;0;5.0;1;5;0.0;5.0
18943221;27;12;6;28.0;1;31;0.0;45.0
18943635;0;0;0;0.0;1;0;0.0;0.0
18944079;2;3;2;4.0;1;6;0.0;7.0
18944519;0;0;4;5.0;1;5;0.0;4.0
18944715;3;5;4;10.0;1;11;12.0;0.0
18944849;10;9;11;23.0;1;25;2.0;28.0
18945143;47;22;6;34.0;1;31;0.0;75.0
18945408;0;10;0;9.0;1;9;0.0;10.0
18947276;1;0;0;0.0;1;0;1.0;0.0
18948179;1;1;1;0.0;1;0;3.0;0.0
18948396;1;1;1;0.0;1;0;3.0;0.0
18948488;1;0;0;0.0;1;2;1.0;0.0
18948967;0;1;0;1.0;1;1;1.0;0.0
18949782;3;1;0;2.0;1;6;0.0;4.0
18950024;16;0;0;0.0;1;5;0.0;16.0
18950771;12;12;6;24.0;1;31;0.0;30.0
18951251;10;9;0;12.0;1;19;0.0;19.0
18954646;0;2;0;2.0;1;2;2.0;0.0
18955216;1;2;4;6.0;1;6;2.0;5.0
18955480;6;11;6;22.0;1;24;0.0;23.0
18957478;0;0;1;2.0;1;2;1.0;0.0
18957634;0;1;0;0.0;1;0;1.0;0.0
18960513;3;63;30;101.0;1;22;0.0;96.0
18961880;8;11;29;44.0;1;19;0.0;48.0
18962836;1;0;1;1.0;1;2;2.0;0.0
18963380;2;2;0;1.0;1;1;4.0;0.0
1896395;0;0;0;0.0;1;0;0.0;0.0
18964223;1;1;0;0.0;1;0;2.0;0.0
18964313;4;7;3;15.0;1;15;0.0;14.0
18966774;4;0;0;2.0;1;4;0.0;4.0
18966780;1;3;8;13.0;1;11;0.0;12.0
18968139;25;1;0;11.0;1;16;3.0;23.0
18968672;1;0;0;0.0;1;0;1.0;0.0
18969131;3;3;1;5.0;1;5;7.0;0.0
18969383;7;8;1;13.0;1;8;3.0;13.0
1897178;11;18;0;22.0;2;24;0.0;29.0
1897490;2;11;5;17.0;1;12;2.0;16.0
18981821;1;1;0;1.0;1;1;2.0;0.0
18981871;3;5;2;8.0;1;8;10.0;0.0
18982860;2;7;6;13.0;1;13;4.0;11.0
18983557;0;31;31;68.0;1;16;0.0;62.0
18984121;1;1;0;1.0;1;1;2.0;0.0
18984923;3;7;5;12.0;1;13;4.0;11.0
18984932;6;1;0;1.0;1;5;0.0;7.0
18985131;30;10;0;19.0;3;25;18.0;22.0
18985174;2;3;1;1.0;1;2;6.0;0.0
18985397;1;0;0;0.0;1;0;1.0;0.0
18985872;1;2;1;1.0;1;1;4.0;0.0
18986003;1;1;0;1.0;2;1;2.0;0.0
18986012;7;3;0;4.0;1;9;2.0;8.0
18986625;4;2;0;5.0;1;6;0.0;6.0
18986736;1;0;0;0.0;1;0;1.0;0.0
18987055;9;1;10;15.0;1;17;0.0;20.0
18990429;0;1;0;1.0;1;1;1.0;0.0
18990516;0;0;1;1.0;1;1;1.0;0.0
18990719;5;8;6;17.0;1;19;7.0;12.0
18991078;11;12;2;19.0;1;25;0.0;25.0
18991149;2;2;0;1.0;1;1;4.0;0.0
18991427;0;4;0;3.0;1;3;0.0;4.0
18992709;2;12;6;21.0;1;21;0.0;20.0
18994956;2;1;0;0.0;1;1;3.0;0.0
18996003;3;10;0;11.0;1;12;0.0;13.0
18996737;12;1;0;3.0;5;10;2.0;11.0
18996872;2;0;0;0.0;1;1;2.0;0.0
18997228;0;1;1;1.0;1;1;2.0;0.0
18997412;2;6;0;6.0;1;7;1.0;7.0
18998036;0;3;6;10.0;1;10;0.0;9.0
18998523;1;3;1;0.0;4;0;5.0;0.0
18998954;11;1;0;3.0;2;10;2.0;10.0
18999866;4;3;1;8.0;1;8;8.0;0.0
19002293;0;4;8;13.0;1;10;0.0;12.0
19003050;1;5;0;6.0;1;6;0.0;6.0
19003947;12;2;0;7.0;1;14;0.0;14.0
19004609;2;2;0;1.0;1;3;4.0;0.0
19004841;2;6;0;5.0;1;4;3.0;5.0
19004956;1;5;6;13.0;1;14;2.0;10.0
19005470;2;4;2;4.0;1;4;8.0;0.0
19005690;0;2;2;2.0;1;2;4.0;0.0
19006010;2;0;0;0.0;1;1;2.0;0.0
19006502;11;1;0;6.0;1;13;0.0;12.0
19008215;11;0;3;5.0;1;11;0.0;14.0
19008666;15;22;0;34.0;1;15;0.0;37.0
19009724;1;0;0;0.0;1;0;1.0;0.0
19009825;2;2;0;5.0;1;4;4.0;0.0
19009834;4;2;6;9.0;1;13;0.0;12.0
19010485;13;10;1;13.0;1;20;4.0;20.0
19010723;2;6;2;7.0;2;8;10.0;0.0
19011094;4;9;2;12.0;1;16;0.0;15.0
19011404;1;1;0;0.0;1;0;2.0;0.0
1901306;2;0;0;0.0;1;0;2.0;0.0
19013222;9;15;4;22.0;1;24;8.0;20.0
19026984;5;0;0;5.0;1;3;0.0;5.0
19028713;1;0;0;0.0;1;0;1.0;0.0
19029939;3;3;1;2.0;2;2;7.0;0.0
1903;1;2;0;3.0;1;3;3.0;0.0
19031468;12;11;0;17.0;1;24;0.0;23.0
19031683;4;8;18;28.0;2;24;13.0;17.0
1903343;60;27;18;64.0;1;43;16.0;89.0
19034529;1;1;0;0.0;1;0;2.0;0.0
19035454;0;1;1;2.0;1;2;2.0;0.0
19037104;1;1;0;1.0;1;1;2.0;0.0
19037273;1;0;0;0.0;1;2;1.0;0.0
19038003;0;11;0;10.0;3;10;0.0;11.0
19038286;12;12;6;24.0;1;31;0.0;30.0
19038400;12;10;0;15.0;1;22;0.0;22.0
19038976;0;1;6;8.0;1;8;0.0;7.0
19039237;2;9;2;8.0;1;5;6.0;7.0
19042776;7;0;0;0.0;1;6;0.0;7.0
19045049;4;2;4;11.0;1;11;0.0;10.0
19045725;11;1;0;5.0;1;12;0.0;12.0
19045894;0;1;2;0.0;1;0;3.0;0.0
19046097;3;12;19;39.0;1;20;0.0;34.0
19050291;22;30;18;60.0;1;32;0.0;70.0
19050702;10;1;8;17.0;1;15;0.0;19.0
19051772;1;0;5;9.0;1;7;0.0;6.0
19051847;1;2;0;0.0;1;0;3.0;0.0
19052285;4;0;0;1.0;1;4;0.0;4.0
19052340;17;21;3;39.0;1;17;2.0;39.0
19053831;1;7;0;8.0;1;8;0.0;8.0
19054923;7;23;18;48.0;1;24;5.0;43.0
19069906;1;1;0;0.0;1;0;2.0;0.0
19069985;1;1;0;0.0;1;0;2.0;0.0
19071047;5;11;5;19.0;1;18;0.0;21.0
1907106;13;1;0;4.0;1;11;4.0;10.0
19071374;2;3;0;2.0;1;3;5.0;0.0
1907191;0;2;0;2.0;1;1;2.0;0.0
19072505;13;12;6;24.0;1;31;0.0;31.0
19072775;0;4;0;5.0;1;5;0.0;4.0
19073418;1;1;2;1.0;1;1;4.0;0.0
19073718;21;14;23;51.0;1;24;0.0;58.0
19073874;1;2;4;7.0;1;7;0.0;7.0
19074570;2;0;0;0.0;1;0;2.0;0.0
19074746;2;1;1;0.0;1;0;4.0;0.0
19075479;44;49;16;92.0;1;32;2.0;107.0
19075716;1;3;0;2.0;2;2;4.0;0.0
1907839;1;12;4;16.0;1;8;0.0;17.0
19078475;5;10;0;15.0;1;15;0.0;15.0
19078654;12;14;0;19.0;1;21;2.0;24.0
19080809;2;1;0;1.0;2;2;3.0;0.0
19081079;2;0;0;2.0;1;2;2.0;0.0
19081167;7;17;1;25.0;1;15;0.0;25.0
19081965;6;1;1;1.0;1;5;4.0;4.0
19082081;1;2;0;2.0;1;2;3.0;0.0
19085309;3;8;6;15.0;1;18;0.0;17.0
19086098;7;0;0;5.0;1;7;0.0;7.0
19086629;13;3;0;9.0;1;15;0.0;16.0
19087723;1;1;0;1.0;1;1;2.0;0.0
19088491;2;0;0;0.0;1;0;2.0;0.0
19088698;1;4;0;3.0;1;3;5.0;0.0
1908888;18;11;13;26.0;4;26;32.0;10.0
19089288;0;8;10;21.0;1;16;0.0;18.0
19089343;1;9;0;9.0;1;6;3.0;7.0
19092673;8;0;0;0.0;1;6;0.0;8.0
19093361;24;6;0;16.0;2;28;0.0;30.0
19093666;0;2;0;1.0;1;1;2.0;0.0
19094024;10;0;6;6.0;1;12;0.0;16.0
19094099;22;0;0;0.0;1;5;0.0;22.0
19094174;2;2;0;2.0;1;4;0.0;4.0
19095735;0;1;0;0.0;1;0;1.0;0.0
19095795;7;2;0;5.0;1;9;0.0;9.0
19097247;22;16;6;31.0;1;36;7.0;37.0
1909798;1;1;0;0.0;2;0;2.0;0.0
19100181;2;1;0;2.0;1;2;0.0;3.0
19102444;1;4;1;4.0;1;4;2.0;4.0
1911461;12;1;0;6.0;1;13;0.0;13.0
19115964;12;12;6;24.0;1;31;0.0;30.0
19117837;0;3;8;11.0;1;7;2.0;9.0
19118256;16;3;6;18.0;1;17;2.0;23.0
19119373;6;4;0;9.0;1;10;0.0;10.0
19121332;12;1;0;6.0;1;13;0.0;13.0
19121533;8;4;2;10.0;1;13;3.0;11.0
19126279;4;1;0;5.0;1;3;0.0;5.0
19127128;1;3;0;6.0;1;5;3.0;1.0
19127833;1;1;0;0.0;1;0;2.0;0.0
19127988;1;4;0;4.0;1;5;0.0;5.0
19128025;0;3;1;4.0;1;4;0.0;4.0
19128135;11;0;1;5.0;1;12;0.0;12.0
19128702;8;9;0;13.0;1;17;1.0;16.0
19128841;0;13;11;25.0;1;14;0.0;24.0
19131178;4;0;0;2.0;1;4;0.0;4.0
19131193;12;12;6;24.0;1;31;0.0;30.0
19131518;2;2;1;1.0;1;1;5.0;0.0
19132153;1;2;0;4.0;1;4;0.0;3.0
19132517;1;2;1;1.0;1;1;4.0;0.0
19134681;0;1;0;0.0;1;0;1.0;0.0
19135422;1;0;0;1.0;1;1;1.0;0.0
19135703;1;4;2;6.0;1;6;2.0;5.0
19135761;4;0;0;0.0;1;4;0.0;4.0
19136706;51;62;37;124.0;1;32;0.0;150.0
19136719;0;4;9;16.0;1;9;0.0;13.0
19139152;0;6;6;13.0;1;13;3.0;9.0
19139243;2;0;0;0.0;1;1;2.0;0.0
1914080;2;1;0;0.0;1;1;3.0;0.0
19140919;3;2;0;2.0;2;3;5.0;0.0
19141188;19;0;2;1.0;1;9;3.0;18.0
19141228;2;3;4;9.0;1;9;0.0;9.0
19142364;1;1;0;1.0;1;1;2.0;0.0
19143108;1;2;1;2.0;1;2;4.0;0.0
19144359;4;0;0;2.0;1;4;0.0;4.0
19144569;12;2;0;7.0;1;14;0.0;14.0
1914580;6;2;0;3.0;1;7;3.0;5.0
1914888;6;6;2;14.0;1;16;14.0;0.0
19161478;24;24;12;48.0;1;32;0.0;60.0
19161919;1;9;6;16.0;1;16;2.0;14.0
19162434;1;1;1;0.0;1;0;3.0;0.0
19164347;2;0;0;0.0;1;1;2.0;0.0
19164404;5;0;0;5.0;1;1;5.0;0.0
19165380;1;1;0;0.0;1;0;2.0;0.0
19166079;6;4;1;4.0;1;8;11.0;0.0
1916625;4;1;0;1.0;1;5;0.0;5.0
19166447;0;3;6;10.0;1;10;0.0;9.0
19167776;1;7;0;8.0;1;8;0.0;8.0
19170359;0;3;8;11.0;2;10;1.0;10.0
19170515;3;2;1;1.0;1;1;6.0;0.0
19170638;2;0;0;0.0;1;1;2.0;0.0
19170826;3;3;2;2.0;1;3;8.0;0.0
19171031;1;0;0;0.0;1;0;1.0;0.0
19171227;4;15;0;19.0;1;10;2.0;17.0
1917157;18;5;4;18.0;1;25;14.0;13.0
19172217;13;36;18;63.0;1;32;0.0;67.0
19172647;1;2;0;3.0;1;3;3.0;0.0
19172963;1;8;28;38.0;1;14;4.0;33.0
19172988;4;0;0;0.0;1;4;0.0;4.0
19173600;2;2;1;0.0;1;0;5.0;0.0
19173982;6;6;0;11.0;1;12;0.0;12.0
19174002;0;0;37;52.0;1;5;0.0;37.0
19174339;1;7;0;8.0;1;8;0.0;8.0
19176901;27;15;9;32.0;1;25;0.0;51.0
19177799;5;0;0;0.0;1;5;0.0;5.0
19178180;1;1;0;0.0;1;0;2.0;0.0
19179632;0;1;0;0.0;1;0;1.0;0.0
19180222;8;1;0;4.0;1;9;0.0;9.0
19181332;6;0;0;0.0;1;5;0.0;6.0
19181665;6;4;6;12.0;1;13;3.0;13.0
19185043;8;2;4;8.0;1;14;5.0;9.0
19185664;6;6;1;8.0;1;8;7.0;6.0
19186051;6;0;0;5.0;1;6;0.0;6.0
19186929;11;0;0;4.0;1;11;0.0;11.0
19187742;1;1;0;1.0;1;1;2.0;0.0
19187946;2;15;9;24.0;1;22;16.0;10.0
19188206;12;12;6;24.0;1;31;0.0;30.0
1918958;19;2;4;21.0;1;18;0.0;25.0
19194000;0;3;1;0.0;1;0;4.0;0.0
19195606;1;1;2;0.0;1;0;4.0;0.0
19195686;1;2;1;1.0;1;1;4.0;0.0
19195785;1;1;0;0.0;1;0;2.0;0.0
1919610;11;12;6;23.0;1;30;0.0;29.0
19199071;0;1;0;0.0;1;0;1.0;0.0
1920583;15;9;4;27.0;2;24;16.0;12.0
19215109;2;0;0;0.0;2;0;2.0;0.0
19215160;2;4;0;4.0;1;7;6.0;0.0
19215656;5;0;0;0.0;1;5;0.0;5.0
19215824;0;1;1;1.0;1;1;2.0;0.0
19216816;3;3;0;2.0;1;2;6.0;0.0
19218221;4;1;0;2.0;1;3;5.0;0.0
19220661;10;5;0;10.0;1;15;0.0;15.0
19221846;18;13;9;30.0;1;27;6.0;34.0
192222;10;24;8;39.0;2;30;36.0;6.0
19222543;1;7;6;14.0;1;15;0.0;14.0
19223304;1;0;0;1.0;2;1;1.0;0.0
19223868;4;5;0;9.0;1;9;0.0;9.0
19223958;4;2;1;1.0;1;3;7.0;0.0
19225419;0;4;7;12.0;1;11;0.0;11.0
19226571;11;0;0;4.0;1;11;0.0;11.0
19226654;1;0;0;0.0;1;0;1.0;0.0
19227262;6;0;0;2.0;1;6;0.0;6.0
19229597;1;5;10;15.0;1;13;9.0;7.0
19229640;1;2;1;3.0;1;3;4.0;0.0
19229700;2;1;0;1.0;1;1;3.0;0.0
19230298;37;38;2;46.0;1;27;3.0;74.0
19230454;1;0;0;0.0;1;1;1.0;0.0
19232782;0;5;3;8.0;1;8;0.0;8.0
19232939;2;2;2;5.0;2;5;6.0;0.0
19233231;2;5;4;9.0;1;10;5.0;6.0
19233635;1;0;0;0.0;1;0;1.0;0.0
19233673;32;155;56;238.0;1;60;31.0;212.0
19234039;3;5;1;6.0;1;7;9.0;0.0
19234453;6;12;3;20.0;1;21;0.0;21.0
19236795;5;8;0;11.0;1;12;2.0;11.0
19237005;2;3;1;1.0;1;1;6.0;0.0
19237208;13;22;4;29.0;1;29;7.0;32.0
19239271;9;0;0;5.0;1;7;0.0;9.0
1923934;7;9;4;19.0;1;22;20.0;0.0
19240776;5;1;0;5.0;1;6;0.0;6.0
19240927;2;1;1;1.0;1;1;4.0;0.0
1924124;0;0;0;0.0;1;0;0.0;0.0
19241275;12;10;0;15.0;1;22;0.0;22.0
19241593;0;0;3;4.0;1;4;0.0;3.0
19242199;1;1;0;0.0;1;0;2.0;0.0
19254338;0;1;0;1.0;1;1;1.0;0.0
19254667;0;2;1;0.0;1;0;3.0;0.0
19254712;21;21;5;34.0;1;29;0.0;47.0
19255156;0;0;4;4.0;1;4;0.0;4.0
19256341;0;0;4;5.0;1;5;0.0;4.0
19258435;14;0;0;1.0;1;8;14.0;0.0
19258458;13;10;0;20.0;1;12;0.0;23.0
19258509;0;1;0;1.0;1;1;1.0;0.0
19258725;8;42;37;90.0;1;30;7.0;80.0
19259046;3;4;0;5.0;1;8;0.0;7.0
1926088;9;14;11;28.0;1;24;2.0;32.0
19261326;5;0;0;0.0;1;5;0.0;5.0
19261488;2;1;0;1.0;1;1;3.0;0.0
19263802;14;3;0;8.0;1;15;0.0;17.0
19264080;1;1;0;1.0;1;1;2.0;0.0
19264214;3;6;0;6.0;1;9;0.0;9.0
19264374;0;3;2;5.0;1;5;0.0;5.0
19264751;0;1;1;0.0;1;0;2.0;0.0
19264789;0;2;2;5.0;1;5;4.0;0.0
19264919;3;0;0;0.0;1;4;0.0;3.0
19265288;13;28;20;57.0;1;33;1.0;60.0
19265588;0;0;6;7.0;1;7;0.0;6.0
19265724;31;0;0;14.0;1;12;0.0;31.0
19266020;2;1;0;2.0;1;2;3.0;0.0
19266153;0;4;1;5.0;1;5;0.0;5.0
19266155;4;2;0;7.0;1;7;0.0;6.0
19266402;4;1;0;0.0;1;4;5.0;0.0
19266812;1;0;0;0.0;2;0;1.0;0.0
19267756;2;1;1;1.0;1;1;4.0;0.0
19269822;2;0;0;0.0;1;1;2.0;0.0
19269980;12;3;0;7.0;1;14;1.0;14.0
19270927;5;14;20;40.0;1;29;20.0;19.0
19271289;1;2;0;1.0;1;1;3.0;0.0
19271369;2;2;0;1.0;1;3;4.0;0.0
19272225;11;0;0;6.0;1;10;3.0;8.0
19272990;1;0;0;0.0;2;0;1.0;0.0
19273359;1;0;0;0.0;1;0;1.0;0.0
19273799;0;1;0;0.0;1;0;1.0;0.0
19273823;12;0;0;5.0;1;12;0.0;12.0
19275420;0;1;1;0.0;1;0;2.0;0.0
19277261;1;0;0;0.0;1;1;1.0;0.0
19277885;4;1;0;0.0;1;4;5.0;0.0
19278246;4;2;2;7.0;1;8;0.0;8.0
19279654;12;2;0;7.0;1;14;0.0;14.0
1928122;0;38;17;58.0;1;16;4.0;51.0
19281720;4;11;3;16.0;1;16;8.0;10.0
19284129;3;1;0;3.0;1;4;0.0;4.0
19284728;22;2;0;12.0;1;13;0.0;24.0
19285343;8;0;0;2.0;1;7;3.0;5.0
19285974;11;37;13;57.0;1;34;56.0;5.0
19286332;2;1;1;0.0;1;0;4.0;0.0
19287043;3;5;3;6.0;3;6;11.0;0.0
19287200;10;1;4;10.0;1;13;0.0;15.0
19287287;12;12;6;24.0;1;31;0.0;30.0
19287489;12;12;6;24.0;1;31;0.0;30.0
19288374;4;0;3;4.0;1;5;2.0;5.0
19299881;2;0;0;2.0;1;2;2.0;0.0
19300105;1;2;0;1.0;1;1;3.0;0.0
19300694;6;8;0;7.0;1;13;0.0;14.0
19300950;1;1;1;0.0;1;0;3.0;0.0
19301482;1;1;0;0.0;1;0;2.0;0.0
19301502;12;0;0;5.0;1;12;0.0;12.0
19301708;4;19;24;44.0;1;16;3.0;44.0
19302679;4;1;0;0.0;1;4;5.0;0.0
19303209;3;2;3;8.0;1;7;8.0;0.0
19304265;0;5;1;6.0;1;6;0.0;6.0
19305111;1;2;0;0.0;1;0;3.0;0.0
19306023;1;3;2;0.0;1;0;6.0;0.0
19307180;1;0;1;2.0;1;2;2.0;0.0
19307517;8;6;5;15.0;1;22;13.0;6.0
19307521;1;1;0;1.0;1;1;2.0;0.0
19308224;0;1;1;0.0;1;0;2.0;0.0
19308274;0;0;14;17.0;1;6;0.0;14.0
19308761;4;1;0;1.0;1;4;5.0;0.0
19309834;12;12;6;24.0;1;31;0.0;30.0
19310238;3;6;1;8.0;1;9;3.0;7.0
19310282;1;2;0;0.0;1;0;3.0;0.0
19310454;6;1;0;3.0;1;7;0.0;7.0
19311214;0;12;5;17.0;1;17;0.0;17.0
1931272;10;5;7;13.0;5;17;16.0;6.0
19313750;11;0;0;5.0;1;11;0.0;11.0
19313879;13;0;0;7.0;1;8;0.0;13.0
1931399;3;2;3;8.0;1;8;3.0;5.0
19314258;4;0;0;1.0;1;4;0.0;4.0
19314370;0;0;6;7.0;1;7;0.0;6.0
19314931;4;0;0;3.0;2;4;4.0;0.0
19317384;4;2;1;1.0;1;3;7.0;0.0
1931984;11;6;4;12.0;1;19;5.0;16.0
19320796;1;7;3;10.0;1;10;2.0;9.0
1932365;2;0;0;0.0;1;0;2.0;0.0
19324189;12;4;0;9.0;1;16;0.0;16.0
19324515;2;10;10;20.0;1;16;7.0;15.0
19326793;6;12;4;16.0;2;19;0.0;22.0
19327171;1;0;0;0.0;1;0;1.0;0.0
19327572;1;0;0;0.0;2;0;1.0;0.0
19327968;11;3;2;5.0;1;10;16.0;0.0
19328644;9;0;0;4.0;1;9;2.0;7.0
19328966;12;6;0;13.0;1;15;1.0;17.0
19330991;5;5;1;3.0;1;7;4.0;7.0
19331069;7;1;0;1.0;1;7;3.0;5.0
19331144;1;1;1;0.0;1;0;3.0;0.0
19331149;23;0;0;9.0;1;12;0.0;23.0
19331560;0;3;5;8.0;1;5;0.0;8.0
19332092;1;1;1;0.0;1;0;3.0;0.0
19332598;0;1;0;0.0;3;0;1.0;0.0
1934381;10;1;0;2.0;1;9;2.0;9.0
1934408;13;10;2;18.0;2;20;25.0;0.0
19345988;2;1;0;0.0;1;0;3.0;0.0
19346149;2;3;3;4.0;1;4;8.0;0.0
19346858;0;2;1;0.0;1;0;3.0;0.0
19347697;26;22;10;33.0;1;29;4.0;54.0
19348258;0;0;4;5.0;1;5;0.0;4.0
19348381;1;1;2;3.0;1;4;0.0;4.0
19348492;12;12;0;17.0;1;24;0.0;24.0
1934878;2;3;2;6.0;1;3;0.0;7.0
19348966;4;0;1;0.0;1;4;1.0;4.0
19349449;12;14;7;26.0;1;31;2.0;31.0
19349507;0;0;1;0.0;3;0;1.0;0.0
19350234;16;17;12;34.0;1;27;1.0;44.0
19352358;2;1;0;0.0;1;1;3.0;0.0
19352605;4;8;0;9.0;3;11;3.0;9.0
19352714;3;6;3;9.0;1;10;12.0;0.0
1935314;8;12;7;23.0;2;20;6.0;21.0
1935345;1;2;1;0.0;1;0;4.0;0.0
19353519;0;5;4;9.0;1;7;1.0;8.0
19354515;2;6;4;12.0;1;13;0.0;12.0
19354782;4;12;0;13.0;1;16;0.0;16.0
19355246;0;0;0;0.0;1;0;0.0;0.0
19355768;4;4;1;7.0;1;9;9.0;0.0
19355901;0;1;0;0.0;1;0;1.0;0.0
19356043;11;4;0;9.0;1;15;0.0;15.0
19356153;17;22;6;39.0;2;32;1.0;44.0
19357185;4;0;0;1.0;1;4;0.0;4.0
19358639;0;4;12;19.0;1;11;0.0;16.0
19358913;12;0;0;1.0;1;7;0.0;12.0
1935990;1;0;0;0.0;2;1;1.0;0.0
1936039;0;0;0;0.0;1;0;0.0;0.0
19360472;1;1;0;1.0;1;2;2.0;0.0
19360575;3;10;1;11.0;1;9;4.0;10.0
19360880;6;0;0;3.0;1;6;2.0;4.0
19361899;0;11;0;11.0;1;11;0.0;11.0
19361952;69;92;52;204.0;1;25;0.0;213.0
1936215;1;2;0;1.0;1;1;3.0;0.0
19362161;1;0;2;1.0;1;1;3.0;0.0
1936254;0;1;5;7.0;1;3;2.0;4.0
19362631;8;12;6;24.0;1;28;0.0;26.0
19362677;7;15;0;15.0;1;14;8.0;14.0
19363011;8;9;0;15.0;1;15;0.0;17.0
1936349;5;6;1;8.0;1;10;6.0;6.0
1936437;22;27;6;44.0;1;31;1.0;54.0
19364412;0;8;12;23.0;1;11;0.0;20.0
19365203;4;22;11;34.0;1;18;3.0;34.0
19365552;3;3;0;4.0;1;5;2.0;4.0
19365757;2;1;0;0.0;1;2;3.0;0.0
19367157;2;12;6;20.0;1;20;3.0;17.0
1936801;5;5;2;5.0;1;7;12.0;0.0
19368072;3;1;2;3.0;1;6;2.0;4.0
19368550;4;1;2;2.0;1;6;1.0;6.0
19368776;12;1;0;6.0;1;13;0.0;13.0
19369019;25;0;0;7.0;1;11;0.0;25.0
19369335;0;2;1;2.0;1;2;3.0;0.0
19369801;9;11;4;21.0;3;25;24.0;0.0
19371795;7;0;0;4.0;1;7;0.0;7.0
19372426;5;6;0;9.0;1;11;4.0;7.0
19373394;3;5;2;6.0;1;7;10.0;0.0
19374138;1;1;1;0.0;1;0;3.0;0.0
19375809;12;12;6;24.0;1;31;0.0;30.0
19375922;2;5;0;6.0;1;7;0.0;7.0
19375954;1;1;1;0.0;1;0;3.0;0.0
19376054;5;3;4;5.0;1;7;12.0;0.0
19376086;13;2;0;2.0;1;8;0.0;15.0
19376226;1;0;0;0.0;1;0;1.0;0.0
19376246;17;1;1;6.0;1;11;2.0;17.0
19376567;10;10;8;25.0;2;27;28.0;0.0
19377253;3;1;3;4.0;1;4;7.0;0.0
1938280;8;4;0;9.0;1;12;0.0;12.0
19388488;2;8;1;9.0;1;11;0.0;11.0
19388609;0;10;3;13.0;1;11;1.0;12.0
19388857;4;2;0;4.0;1;4;2.0;4.0
19389981;0;1;0;0.0;1;0;1.0;0.0
19390045;1;12;12;27.0;1;16;0.0;25.0
19392371;6;7;3;12.0;1;11;3.0;13.0
19393034;4;0;2;7.0;1;7;0.0;6.0
19393130;6;13;4;21.0;1;23;9.0;14.0
19393503;3;8;6;16.0;1;18;5.0;12.0
19393541;2;0;0;1.0;1;3;2.0;0.0
19394156;0;1;1;1.0;1;1;2.0;0.0
19395944;0;2;1;1.0;1;1;3.0;0.0
19396062;9;6;6;19.0;1;23;1.0;20.0
19396442;1;1;0;0.0;1;0;2.0;0.0
19396584;6;0;0;0.0;1;7;0.0;6.0
19396718;1;4;2;4.0;1;4;3.0;4.0
19396897;12;0;2;8.0;1;15;0.0;14.0
19396908;12;5;0;10.0;1;17;0.0;17.0
19397149;11;11;6;23.0;1;30;0.0;28.0
19397744;3;1;0;2.0;1;3;4.0;0.0
19397869;1;0;0;1.0;1;1;1.0;0.0
19399416;2;3;0;2.0;1;2;5.0;0.0
19399570;10;0;0;4.0;1;10;0.0;10.0
19399652;20;5;1;11.0;1;17;3.0;23.0
19399892;5;7;5;13.0;1;16;14.0;3.0
1940023;2;1;0;1.0;1;1;3.0;0.0
19400260;2;2;0;0.0;1;0;4.0;0.0
19401702;12;2;0;1.0;1;7;4.0;10.0
19403189;1;1;1;1.0;1;1;3.0;0.0
19403533;0;3;3;7.0;1;7;0.0;6.0
1940362;6;18;1;20.0;3;20;11.0;14.0
19403923;1;1;0;0.0;1;0;2.0;0.0
19403997;2;4;1;1.0;1;1;7.0;0.0
19404127;2;11;6;20.0;1;20;0.0;19.0
19405542;6;1;4;8.0;1;8;6.0;5.0
19405877;4;3;0;3.0;1;7;2.0;5.0
19406454;2;1;0;0.0;1;0;3.0;0.0
19406516;11;2;0;7.0;1;13;2.0;11.0
19406591;1;2;0;1.0;1;1;3.0;0.0
1940943;1;0;0;0.0;1;0;1.0;0.0
19409603;27;10;0;20.0;1;17;0.0;37.0
19409625;1;1;0;0.0;1;0;2.0;0.0
19409676;0;1;0;0.0;1;0;1.0;0.0
19410047;14;4;0;7.0;1;12;0.0;18.0
19410417;8;3;3;10.0;1;11;0.0;14.0
19410562;12;18;12;37.0;1;31;0.0;42.0
19410764;1;0;0;1.0;1;1;1.0;0.0
19411235;12;9;0;14.0;1;21;0.0;21.0
19411936;12;12;4;22.0;1;29;0.0;28.0
19413106;2;0;0;0.0;1;1;2.0;0.0
19417228;6;2;0;3.0;1;7;1.0;7.0
19417247;7;11;5;19.0;1;19;3.0;20.0
19419188;0;0;3;4.0;1;4;0.0;3.0
19419481;2;1;0;0.0;1;0;3.0;0.0
19420559;20;31;18;61.0;1;33;2.0;67.0
19420577;1;1;0;1.0;1;1;2.0;0.0
19421134;1;1;0;0.0;1;0;2.0;0.0
1942275;4;0;0;0.0;1;3;0.0;4.0
19433486;0;5;3;9.0;1;9;0.0;8.0
19434489;14;10;5;19.0;1;22;1.0;28.0
19434572;3;3;0;1.0;1;2;6.0;0.0
19434830;2;8;5;13.0;1;16;0.0;15.0
19435250;19;17;3;24.0;4;27;25.0;14.0
19435387;1;1;0;1.0;1;1;2.0;0.0
19435885;6;0;0;0.0;1;4;1.0;5.0
19436767;8;0;0;1.0;1;5;2.0;6.0
19436964;2;3;3;6.0;1;8;0.0;8.0
19437002;9;0;0;2.0;1;9;0.0;9.0
19437027;7;5;2;12.0;1;16;14.0;0.0
19437109;12;12;1;20.0;1;20;0.0;25.0
19437151;0;0;2;1.0;1;1;2.0;0.0
19437567;0;1;6;5.0;2;5;3.0;4.0
19437769;6;0;0;3.0;1;6;6.0;0.0
19439024;1;0;0;1.0;1;1;1.0;0.0
19439869;21;0;0;7.0;1;12;1.0;20.0
19441123;9;5;0;11.0;1;13;2.0;12.0
19442028;5;21;6;30.0;1;26;2.0;30.0
19442572;8;18;7;35.0;1;26;1.0;32.0
19444424;6;10;0;18.0;1;13;0.0;16.0
19444863;4;1;3;6.0;1;10;0.0;8.0
19445369;0;1;0;1.0;2;1;1.0;0.0
19445975;5;8;13;27.0;1;20;2.0;24.0
19446547;8;6;5;15.0;1;19;2.0;17.0
19449236;5;1;2;8.0;1;9;8.0;0.0
19449680;1;58;0;58.0;2;4;7.0;52.0
19450089;10;2;0;6.0;1;11;0.0;12.0
19450512;1;0;0;0.0;1;1;1.0;0.0
1945073;5;8;2;12.0;1;14;15.0;0.0
19452091;7;5;0;11.0;1;13;0.0;12.0
19452369;14;21;8;38.0;1;31;0.0;43.0
1945295;1;1;0;0.0;1;0;2.0;0.0
19452975;5;7;1;9.0;1;11;13.0;0.0
19453142;0;16;12;30.0;1;19;0.0;28.0
19453578;0;1;0;1.0;1;1;1.0;0.0
19453736;1;2;6;9.0;1;10;0.0;9.0
19457677;1;7;0;9.0;1;8;3.0;5.0
1945816;3;1;11;14.0;5;9;4.0;11.0
1946015;2;1;0;0.0;1;0;3.0;0.0
19460289;1;1;0;0.0;1;1;2.0;0.0
1946055;11;10;6;23.0;1;26;27.0;0.0
19463680;12;12;6;24.0;1;31;0.0;30.0
1946427;7;9;4;15.0;1;19;6.0;14.0
19465554;12;1;0;1.0;1;8;0.0;13.0
19465758;1;11;6;18.0;1;19;0.0;18.0
19465931;7;0;0;1.0;1;7;0.0;7.0
19466129;30;27;4;43.0;1;34;7.0;54.0
19466686;1;1;0;1.0;1;1;2.0;0.0
19466927;27;25;6;48.0;1;32;5.0;53.0
1946713;0;3;2;3.0;1;3;5.0;0.0
19467520;0;4;0;4.0;1;4;0.0;4.0
19467684;1;1;0;1.0;1;2;2.0;0.0
1946820;7;20;22;51.0;1;26;0.0;49.0
19468221;0;0;6;6.0;1;6;0.0;6.0
19470480;0;26;15;42.0;1;17;0.0;41.0
19473315;9;0;0;0.0;1;7;0.0;9.0
1948152;3;4;2;1.0;5;1;9.0;0.0
19481938;17;19;7;33.0;1;31;43.0;0.0
19482834;0;1;0;1.0;1;1;1.0;0.0
19485722;5;29;13;41.0;1;14;2.0;45.0
19486;0;4;0;4.0;1;4;0.0;4.0
19488310;5;0;0;0.0;1;5;0.0;5.0
19489294;8;7;3;14.0;1;15;6.0;12.0
19492126;1;1;0;1.0;1;1;2.0;0.0
19492169;12;12;4;21.0;1;28;0.0;28.0
19495772;10;10;7;20.0;1;23;9.0;18.0
19496387;29;12;2;25.0;1;17;6.0;37.0
194966;0;2;5;6.0;1;6;2.0;5.0
19497856;4;0;0;4.0;1;2;0.0;4.0
19499725;0;0;2;3.0;1;3;2.0;0.0
19500600;1;1;0;0.0;1;0;2.0;0.0
19500670;24;19;6;36.0;1;31;0.0;49.0
19503514;11;5;6;12.0;1;18;0.0;22.0
19503644;3;1;1;2.0;1;5;0.0;5.0
19504024;6;6;1;11.0;1;11;8.0;5.0
19504045;22;4;2;11.0;1;17;2.0;26.0
19505010;1;1;0;0.0;1;0;2.0;0.0
19505887;5;3;0;3.0;1;8;0.0;8.0
19507947;2;1;1;1.0;1;1;4.0;0.0
19510350;8;0;0;1.0;1;8;0.0;8.0
19510435;0;5;0;5.0;1;4;0.0;5.0
1951049;2;2;1;1.0;2;1;5.0;0.0
19511153;3;2;0;3.0;1;5;0.0;5.0
19511967;12;12;6;24.0;1;31;0.0;30.0
19512613;1;2;1;1.0;1;1;4.0;0.0
19514117;0;1;1;0.0;1;0;2.0;0.0
19514710;5;9;0;8.0;1;13;0.0;14.0
19515233;2;14;1;16.0;1;16;9.0;8.0
1951688;12;0;0;0.0;1;7;0.0;12.0
19518648;16;0;0;2.0;1;9;0.0;16.0
19520331;11;3;0;8.0;1;15;0.0;14.0
1952037;14;16;1;17.0;1;16;20.0;11.0
19529605;3;3;2;2.0;1;2;8.0;0.0
19530718;3;0;1;1.0;1;4;0.0;4.0
19530840;6;4;1;9.0;1;9;4.0;7.0
19530861;2;3;1;2.0;1;2;6.0;0.0
19532126;34;33;10;59.0;1;34;2.0;75.0
19532776;1;1;2;4.0;3;4;4.0;0.0
19532847;8;14;13;31.0;1;24;3.0;32.0
19533000;1;0;0;0.0;1;0;1.0;0.0
1953316;3;4;2;6.0;2;6;9.0;0.0
19533247;1;1;1;0.0;1;0;3.0;0.0
19533363;5;12;7;23.0;1;25;13.0;11.0
19533452;0;1;1;0.0;1;0;2.0;0.0
19533626;3;5;1;4.0;1;5;9.0;0.0
19533666;0;1;0;0.0;1;0;1.0;0.0
19537630;1;1;0;0.0;1;0;2.0;0.0
19538900;4;5;0;5.0;1;7;9.0;0.0
19538939;0;1;2;4.0;1;4;0.0;3.0
19539871;0;4;0;4.0;1;4;0.0;4.0
19540428;6;2;0;7.0;1;8;0.0;8.0
19540863;1;1;0;1.0;1;1;2.0;0.0
19541003;2;2;5;10.0;1;11;0.0;9.0
19541494;7;0;0;0.0;1;7;0.0;7.0
19541725;1;1;1;0.0;1;0;3.0;0.0
19542114;15;4;0;8.0;1;15;1.0;18.0
19545253;1;1;0;0.0;1;0;2.0;0.0
19545261;2;6;0;6.0;4;6;8.0;0.0
19546426;8;24;17;44.0;1;30;19.0;30.0
19547224;24;0;0;9.0;1;15;4.0;20.0
19548907;29;17;9;30.0;1;25;2.0;53.0
19548954;3;5;1;8.0;1;8;9.0;0.0
19549012;1;3;0;4.0;1;4;0.0;4.0
19549156;6;3;3;7.0;1;9;6.0;6.0
19549171;2;0;4;5.0;1;5;2.0;4.0
19551381;3;0;6;7.0;1;10;0.0;9.0
19552461;5;6;0;11.0;1;11;0.0;11.0
19552972;15;1;0;3.0;1;9;0.0;16.0
19554096;8;7;3;11.0;1;16;12.0;6.0
19554982;1;0;0;1.0;1;1;1.0;0.0
19554983;1;1;0;0.0;2;0;2.0;0.0
19556561;22;42;3;58.0;1;27;11.0;56.0
19559864;2;1;1;1.0;1;1;4.0;0.0
19560777;19;13;6;24.0;1;31;3.0;35.0
19561054;12;12;4;21.0;1;28;0.0;28.0
19561100;1;1;0;0.0;1;0;2.0;0.0
19561153;2;0;0;0.0;1;0;2.0;0.0
19561706;10;0;10;13.0;1;14;0.0;20.0
19561899;4;1;1;5.0;1;8;1.0;5.0
19562;0;4;0;5.0;1;5;0.0;4.0
19562501;6;5;2;11.0;1;12;13.0;0.0
19563393;20;0;0;9.0;1;12;0.0;20.0
19563526;2;2;2;4.0;1;4;6.0;0.0
19564188;10;6;0;11.0;1;16;0.0;16.0
19564260;1;0;0;0.0;1;0;1.0;0.0
19564955;4;0;1;1.0;1;5;0.0;5.0
19565009;20;4;0;10.0;1;16;0.0;24.0
19574758;0;0;2;0.0;1;0;2.0;0.0
19578868;1;1;1;0.0;1;0;3.0;0.0
19581111;1;0;0;0.0;1;0;1.0;0.0
195812;1;1;0;0.0;1;0;2.0;0.0
19581280;12;0;0;5.0;1;12;0.0;12.0
19581431;8;7;0;5.0;1;8;8.0;7.0
19581874;12;12;4;21.0;1;28;0.0;28.0
19582594;1;2;0;1.0;1;1;3.0;0.0
19584249;4;0;0;0.0;1;4;0.0;4.0
19587298;4;0;0;0.0;1;4;0.0;4.0
19587445;0;6;6;17.0;1;13;7.0;5.0
19587534;7;0;0;3.0;1;8;0.0;7.0
19588019;3;0;0;0.0;1;2;3.0;0.0
19589191;1;1;1;0.0;1;0;3.0;0.0
19589289;0;1;0;0.0;1;0;1.0;0.0
19589589;4;0;0;0.0;1;3;0.0;4.0
19592972;2;6;0;6.0;1;6;2.0;6.0
19595348;14;12;6;25.0;1;31;0.0;32.0
19595568;4;2;0;3.0;1;6;2.0;4.0
19596221;1;0;1;1.0;1;1;2.0;0.0
19597057;12;12;6;24.0;1;31;0.0;30.0
19597080;1;1;0;0.0;1;0;2.0;0.0
19598191;0;2;0;1.0;1;1;2.0;0.0
19602255;6;1;0;7.0;2;9;4.0;3.0
19602792;2;2;2;6.0;1;7;3.0;3.0
19602935;4;0;0;3.0;1;4;0.0;4.0
19604398;1;1;0;1.0;1;1;2.0;0.0
19604456;2;1;1;1.0;1;2;4.0;0.0
1960480;6;0;0;3.0;2;4;3.0;3.0
1960498;10;6;1;6.0;2;10;11.0;6.0
19607739;8;0;2;6.0;1;11;0.0;10.0
19608750;1;2;0;1.0;1;1;3.0;0.0
1960910;2;9;4;12.0;3;10;5.0;10.0
19610313;0;0;5;10.0;1;2;0.0;5.0
19610570;1;1;0;0.0;1;0;2.0;0.0
19610948;1;2;3;7.0;1;8;0.0;6.0
19611313;1;1;0;0.0;1;0;2.0;0.0
19611329;12;22;18;47.0;2;33;2.0;50.0
19611393;2;2;2;0.0;1;0;6.0;0.0
19611916;7;0;0;4.0;1;5;2.0;5.0
19612241;1;1;0;0.0;1;1;2.0;0.0
19612714;17;1;0;6.0;1;10;1.0;17.0
19623206;46;53;5;75.0;1;32;5.0;99.0
1962504;0;0;0;0.0;1;0;0.0;0.0
19626834;2;2;1;5.0;1;5;0.0;5.0
19626906;10;7;0;16.0;1;10;0.0;17.0
1962707;7;6;5;11.0;1;15;15.0;3.0
19627761;6;7;3;16.0;1;17;16.0;0.0
1963025;1;2;1;2.0;1;2;4.0;0.0
19630589;3;2;0;3.0;1;6;0.0;5.0
19631751;1;1;0;0.0;1;0;2.0;0.0
19631797;19;28;24;64.0;1;42;14.0;57.0
19632274;12;12;0;17.0;1;24;0.0;24.0
19632406;15;16;0;24.0;1;23;0.0;31.0
19635757;4;9;6;16.0;1;20;0.0;19.0
19636173;2;1;0;1.0;1;1;3.0;0.0
19636294;4;2;5;7.0;1;8;0.0;11.0
1963664;7;0;0;0.0;2;6;2.0;5.0
19637131;7;3;2;6.0;2;13;4.0;8.0
19637711;2;0;0;1.0;1;3;2.0;0.0
19638599;1;0;2;1.0;1;1;3.0;0.0
19639971;0;3;1;6.0;1;6;0.0;4.0
19640405;8;17;15;41.0;1;29;0.0;40.0
19640411;3;10;3;11.0;1;11;6.0;10.0
19640707;1;0;1;0.0;1;0;2.0;0.0
19641646;2;0;0;0.0;1;0;2.0;0.0
19644162;1;0;0;0.0;1;0;1.0;0.0
19644475;2;4;1;1.0;1;1;7.0;0.0
19644792;3;6;0;9.0;1;9;0.0;9.0
19645446;1;2;1;1.0;1;1;4.0;0.0
19645653;3;16;12;34.0;1;22;0.0;31.0
19645802;0;10;0;10.0;1;10;0.0;10.0
19645919;16;0;0;12.0;1;12;4.0;12.0
19646309;2;4;11;19.0;1;12;0.0;17.0
19647564;0;1;1;0.0;1;0;2.0;0.0
19647990;6;0;0;1.0;1;6;0.0;6.0
19648090;2;3;1;0.0;1;0;6.0;0.0
19648395;1;1;1;0.0;2;1;3.0;0.0
19648565;0;4;0;4.0;1;4;0.0;4.0
19648583;2;12;5;19.0;1;19;0.0;19.0
19649156;0;9;0;10.0;1;10;0.0;9.0
19654172;6;4;0;6.0;1;8;4.0;6.0
19654182;2;1;0;1.0;1;2;3.0;0.0
19654745;0;5;0;5.0;1;5;0.0;5.0
19655117;4;0;0;0.0;1;4;0.0;4.0
19656639;1;2;0;2.0;1;2;3.0;0.0
19657150;1;1;0;0.0;1;0;2.0;0.0
19657349;2;7;0;7.0;1;8;2.0;7.0
19657895;4;2;0;5.0;1;5;0.0;6.0
19661870;1;9;0;8.0;1;8;2.0;8.0
19662252;3;1;0;0.0;1;1;4.0;0.0
19662841;12;0;0;5.0;1;12;0.0;12.0
19663195;5;0;0;0.0;1;5;0.0;5.0
1966468;2;0;0;0.0;1;0;2.0;0.0
19664751;12;17;12;36.0;1;31;0.0;41.0
19665301;0;1;0;0.0;1;0;1.0;0.0
19665431;5;6;2;7.0;1;9;3.0;10.0
1966735;1;1;0;0.0;2;0;2.0;0.0
1967353;0;8;0;7.0;1;4;0.0;8.0
196736;8;15;6;22.0;1;20;0.0;29.0
19678497;2;4;1;4.0;1;4;7.0;0.0
19678514;12;2;0;7.0;1;14;0.0;14.0
19678531;1;0;0;0.0;1;0;1.0;0.0
1967940;2;1;0;0.0;1;1;3.0;0.0
19680497;3;1;0;1.0;1;1;4.0;0.0
19681465;3;9;4;14.0;1;15;2.0;14.0
19682291;1;8;4;11.0;2;10;3.0;10.0
19682770;0;4;0;4.0;1;4;0.0;4.0
19683149;9;37;28;79.0;2;30;0.0;74.0
1968379;7;4;0;8.0;2;9;2.0;9.0
19687955;3;0;0;0.0;7;1;3.0;0.0
19689459;10;7;0;12.0;1;18;0.0;17.0
19689567;3;0;1;1.0;1;4;0.0;4.0
19690202;0;0;1;1.0;1;1;1.0;0.0
19692059;1;1;5;6.0;1;6;3.0;4.0
19692074;12;12;6;24.0;1;31;0.0;30.0
19692497;5;1;1;3.0;1;7;3.0;4.0
19692928;13;14;6;28.0;2;32;0.0;33.0
19694524;8;13;8;21.0;2;26;17.0;12.0
19695270;14;12;6;23.0;1;30;0.0;32.0
19695440;1;2;0;2.0;1;3;0.0;3.0
19695682;0;2;1;2.0;1;2;3.0;0.0
19697356;7;4;0;2.0;1;8;5.0;6.0
19697466;0;1;0;0.0;1;0;1.0;0.0
19697485;6;12;6;24.0;1;25;0.0;24.0
19697623;11;0;0;4.0;1;11;0.0;11.0
19697880;2;19;6;29.0;1;20;0.0;27.0
19698597;0;0;1;1.0;1;1;1.0;0.0
19698687;1;1;0;0.0;1;0;2.0;0.0
19699036;3;4;1;5.0;1;6;3.0;5.0
19699836;1;1;0;0.0;1;0;2.0;0.0
19702244;0;4;0;3.0;1;3;0.0;4.0
19703983;24;30;0;40.0;1;21;0.0;54.0
19705896;12;0;0;0.0;1;3;0.0;12.0
19705920;0;3;1;1.0;1;1;4.0;0.0
19706021;1;8;7;14.0;1;14;9.0;7.0
19706353;1;0;0;0.0;1;0;1.0;0.0
19706448;3;7;0;7.0;1;10;0.0;10.0
19706736;1;0;0;0.0;1;0;1.0;0.0
19710550;9;9;0;14.0;1;18;0.0;18.0
19711149;0;0;4;4.0;1;4;0.0;4.0
19713428;14;0;0;6.0;1;10;0.0;14.0
19713986;2;3;5;6.0;2;7;4.0;6.0
19714770;1;4;0;4.0;1;5;0.0;5.0
19715922;5;1;4;7.0;1;11;0.0;10.0
19728787;0;0;2;1.0;1;1;2.0;0.0
19729316;1;1;1;2.0;1;2;3.0;0.0
19732030;1;0;0;0.0;1;1;1.0;0.0
197322;1;1;0;0.0;1;0;2.0;0.0
19732419;0;11;2;13.0;1;11;0.0;13.0
19733480;1;1;0;0.0;1;0;2.0;0.0
19733942;4;3;2;6.0;1;7;0.0;9.0
19738118;3;4;2;7.0;1;9;9.0;0.0
19738715;13;12;6;25.0;1;31;0.0;31.0
19740238;0;1;0;0.0;1;0;1.0;0.0
19740318;4;3;1;3.0;1;6;3.0;5.0
19740767;6;11;14;32.0;1;21;0.0;31.0
1974088;0;22;6;29.0;1;20;0.0;28.0
19741450;7;21;7;29.0;1;24;8.0;27.0
1974365;17;6;0;15.0;1;16;0.0;23.0
1974380;11;13;1;19.0;2;22;2.0;23.0
19744768;2;1;0;0.0;1;0;3.0;0.0
19745723;42;12;4;35.0;2;33;0.0;58.0
19746467;0;3;1;5.0;1;5;0.0;4.0
19746661;9;0;0;2.0;1;9;0.0;9.0
19747393;1;4;1;3.0;1;3;6.0;0.0
19747498;0;10;6;17.0;1;17;0.0;16.0
19749361;9;4;0;7.0;1;13;0.0;13.0
1975135;1;1;1;1.0;1;1;3.0;0.0
1975238;1;2;1;2.0;1;2;4.0;0.0
19752455;8;36;46;101.0;1;23;0.0;90.0
19754041;11;0;0;4.0;1;11;0.0;11.0
19755034;11;1;0;6.0;1;12;0.0;12.0
19755554;2;4;1;8.0;1;8;0.0;7.0
19755697;8;7;5;17.0;1;20;0.0;20.0
19756037;7;0;1;0.0;2;6;3.0;5.0
19756121;36;38;9;62.0;1;27;0.0;83.0
19756480;2;1;0;0.0;1;0;3.0;0.0
19756931;8;0;0;3.0;1;6;0.0;8.0
19756942;1;1;0;0.0;1;0;2.0;0.0
1975758;4;5;4;10.0;2;11;13.0;0.0
19761387;1;1;0;0.0;1;0;2.0;0.0
19761451;10;12;6;24.0;1;29;0.0;28.0
19761920;1;1;0;1.0;1;1;2.0;0.0
19762808;3;2;0;5.0;1;5;5.0;0.0
19763784;0;0;0;0.0;1;0;0.0;0.0
19769523;3;1;0;1.0;1;2;4.0;0.0
19778293;3;2;1;2.0;1;3;6.0;0.0
19779565;5;1;6;13.0;1;8;0.0;12.0
19780030;2;4;1;4.0;1;4;7.0;0.0
19781763;0;0;0;0.0;1;0;0.0;0.0
19781864;2;1;0;1.0;1;1;3.0;0.0
19782132;6;1;5;6.0;1;10;1.0;11.0
19782498;1;1;0;1.0;1;1;2.0;0.0
19783029;1;1;0;0.0;1;0;2.0;0.0
19783717;2;3;3;7.0;1;7;8.0;0.0
1978419;15;6;0;11.0;1;18;0.0;21.0
19785811;10;4;1;6.0;1;11;2.0;13.0
19787312;2;7;0;8.0;1;9;0.0;9.0
19789504;1;2;2;2.0;1;2;5.0;0.0
19789853;1;1;0;1.0;1;1;2.0;0.0
19790337;2;3;3;10.0;1;10;8.0;0.0
19790410;18;26;15;50.0;1;27;0.0;59.0
19790578;7;20;13;36.0;1;25;34.0;6.0
19790760;11;0;0;5.0;1;7;0.0;11.0
19791201;21;0;0;7.0;1;12;3.0;18.0
19794657;11;24;1;33.0;1;21;0.0;36.0
19795306;2;0;0;0.0;1;0;2.0;0.0
19796325;0;0;5;6.0;1;6;0.0;5.0
19796744;0;1;0;0.0;1;0;1.0;0.0
19797058;7;0;0;0.0;1;7;0.0;7.0
19797757;1;1;0;0.0;1;0;2.0;0.0
19798024;23;26;12;51.0;1;30;4.0;57.0
19799064;1;2;0;1.0;1;1;3.0;0.0
19800938;9;5;0;5.0;1;11;2.0;12.0
19801479;11;22;1;33.0;2;19;0.0;34.0
19801613;4;0;0;0.0;1;4;0.0;4.0
19803102;4;10;4;17.0;1;17;10.0;8.0
19803837;15;0;0;5.0;1;12;0.0;15.0
19804146;2;0;0;0.0;1;1;2.0;0.0
1980490;1;7;6;12.0;1;12;2.0;12.0
19808018;1;1;0;1.0;1;2;1.0;1.0
1980837;11;11;1;19.0;1;25;0.0;23.0
19812219;0;5;6;12.0;1;12;0.0;11.0
19812366;10;0;0;3.0;1;10;0.0;10.0
19812784;1;1;0;0.0;1;0;2.0;0.0
19812811;9;0;0;3.0;1;9;0.0;9.0
19812843;6;6;0;12.0;1;13;0.0;12.0
1981490;14;18;12;32.0;1;22;3.0;41.0
1981710;0;4;1;5.0;3;5;5.0;0.0
19824930;5;10;0;15.0;1;8;0.0;15.0
19825371;72;28;8;69.0;1;20;0.0;108.0
19826289;1;1;0;0.0;2;0;2.0;0.0
19826364;3;0;3;3.0;1;6;0.0;6.0
19828185;1;1;0;0.0;3;0;2.0;0.0
19828688;0;0;5;5.0;1;5;0.0;5.0
19829364;1;2;2;3.0;1;3;5.0;0.0
19833289;0;13;3;17.0;1;14;0.0;16.0
19833528;2;12;0;13.0;1;13;1.0;13.0
19833641;3;0;0;0.0;1;4;0.0;3.0
19833970;0;4;1;3.0;3;3;5.0;0.0
19834326;3;1;1;0.0;1;3;5.0;0.0
19834831;4;0;0;3.0;1;4;0.0;4.0
19834962;1;2;1;5.0;1;5;1.0;3.0
19835437;4;9;9;21.0;1;18;1.0;21.0
19836452;12;12;6;24.0;1;31;0.0;30.0
19836886;10;11;5;21.0;1;26;0.0;26.0
19836965;19;0;0;5.0;1;12;0.0;19.0
19836998;1;1;1;0.0;2;0;3.0;0.0
19840065;1;0;0;1.0;1;1;1.0;0.0
19840319;2;2;0;3.0;1;3;4.0;0.0
19841161;3;1;0;2.0;1;5;0.0;4.0
19841404;8;7;4;18.0;1;18;0.0;19.0
19841596;9;8;0;7.0;1;11;2.0;15.0
19842082;10;12;10;31.0;1;28;0.0;32.0
19842300;1;1;0;0.0;1;0;2.0;0.0
19842308;2;2;0;4.0;1;2;4.0;0.0
19843241;12;12;15;35.0;1;32;13.0;26.0
19843360;1;0;0;0.0;1;1;1.0;0.0
19843408;2;1;0;1.0;1;2;3.0;0.0
19843491;1;1;0;1.0;1;1;2.0;0.0
19843673;6;0;0;0.0;2;6;1.0;5.0
19843823;6;12;6;24.0;1;25;3.0;21.0
19844372;8;20;11;38.0;1;27;0.0;39.0
19844465;0;7;1;6.0;1;6;4.0;4.0
1984548;1;9;1;10.0;1;7;4.0;7.0
1984551;9;7;0;12.0;1;16;0.0;16.0
19845642;1;1;0;0.0;1;0;2.0;0.0
19847531;23;25;19;55.0;1;30;3.0;64.0
19848786;0;5;7;12.0;1;10;3.0;9.0
19848828;0;0;4;5.0;1;5;0.0;4.0
1984921;1;2;0;1.0;1;1;3.0;0.0
19849595;3;1;1;1.0;3;2;5.0;0.0
19849918;12;12;6;24.0;1;31;0.0;30.0
19850056;25;21;11;45.0;1;48;39.0;18.0
1985064;1;1;0;1.0;1;1;2.0;0.0
19851353;7;1;0;3.0;1;7;4.0;4.0
19851560;2;5;2;6.0;1;7;5.0;4.0
19851833;6;8;3;12.0;1;18;0.0;17.0
19851871;1;2;1;2.0;1;2;4.0;0.0
1985232;5;6;1;13.0;3;11;11.0;1.0
19852706;0;1;0;0.0;1;0;1.0;0.0
19852764;8;0;0;1.0;1;8;0.0;8.0
19853293;1;2;1;2.0;1;2;4.0;0.0
19853378;0;2;1;1.0;1;1;3.0;0.0
19853556;12;0;0;5.0;1;12;0.0;12.0
1985399;4;15;10;25.0;2;27;15.0;14.0
19856943;3;12;6;22.0;1;22;0.0;21.0
19858103;1;1;0;0.0;1;0;2.0;0.0
19859531;2;15;1;17.0;1;9;2.0;16.0
19860631;4;2;0;2.0;1;6;0.0;6.0
19860988;8;3;0;8.0;1;9;3.0;8.0
1986213;0;8;0;8.0;1;6;0.0;8.0
1986496;0;1;0;0.0;1;0;1.0;0.0
19866375;33;41;23;88.0;1;28;0.0;97.0
19867471;0;2;1;3.0;1;3;3.0;0.0
1986845;3;0;0;3.0;1;4;3.0;0.0
19868494;0;10;13;25.0;1;17;2.0;21.0
1987394;3;2;1;1.0;1;2;6.0;0.0
19874727;1;0;1;0.0;1;0;2.0;0.0
19876325;10;16;6;29.0;1;28;3.0;29.0
19877635;13;2;1;14.0;1;11;5.0;11.0
19877928;12;5;0;10.0;1;17;0.0;17.0
19878531;3;1;2;3.0;1;3;6.0;0.0
19880868;3;12;0;13.0;1;14;2.0;13.0
19880887;12;8;0;13.0;1;20;0.0;20.0
19880929;1;1;0;0.0;1;0;2.0;0.0
19881463;2;3;7;12.0;1;12;0.0;12.0
19881803;1;5;3;9.0;1;9;9.0;0.0
19882146;12;12;7;26.0;3;33;0.0;31.0
19885463;1;0;0;1.0;2;1;1.0;0.0
19886236;2;4;1;2.0;1;3;7.0;0.0
19886302;6;2;1;1.0;1;6;3.0;6.0
19886325;1;0;1;0.0;1;0;2.0;0.0
19886473;11;0;0;4.0;1;11;0.0;11.0
19886985;24;30;23;65.0;1;35;6.0;71.0
19887145;2;1;0;1.0;1;1;3.0;0.0
19887334;1;1;0;0.0;1;0;2.0;0.0
19887527;2;1;0;1.0;1;1;3.0;0.0
19887947;4;1;0;2.0;1;5;5.0;0.0
19888381;0;6;0;5.0;1;5;2.0;4.0
19888589;4;22;6;33.0;1;23;0.0;32.0
19889185;0;6;0;6.0;1;6;0.0;6.0
19889357;2;1;0;1.0;1;2;3.0;0.0
19890226;5;35;57;181.0;1;24;4.0;93.0
19890376;8;0;0;1.0;1;6;0.0;8.0
19890860;1;1;0;1.0;1;1;2.0;0.0
19892985;1;1;0;0.0;1;0;2.0;0.0
19894098;5;5;0;9.0;1;6;0.0;10.0
19895603;5;11;4;16.0;1;17;15.0;5.0
19896011;1;16;9;25.0;2;16;2.0;24.0
1989606;3;8;17;27.0;1;17;18.0;10.0
19896122;12;12;6;24.0;1;31;0.0;30.0
1989673;0;0;5;6.0;1;6;0.0;5.0
19896855;1;1;0;0.0;1;0;2.0;0.0
19896909;1;3;1;2.0;1;2;5.0;0.0
19897083;1;0;0;0.0;1;0;1.0;0.0
19897113;2;0;1;1.0;1;2;3.0;0.0
19897751;2;1;0;0.0;1;0;3.0;0.0
19897859;0;1;0;0.0;1;0;1.0;0.0
19901552;21;11;0;18.0;1;23;0.0;32.0
19901838;1;2;1;4.0;1;4;0.0;4.0
19904593;8;0;0;0.0;1;7;0.0;8.0
19905328;1;1;0;0.0;1;0;2.0;0.0
19905530;1;1;0;0.0;1;0;2.0;0.0
19905788;2;3;0;0.0;1;0;5.0;0.0
19909857;8;0;0;2.0;1;6;0.0;8.0
19910037;17;40;106;177.0;1;29;5.0;158.0
19910063;12;1;0;6.0;1;13;0.0;13.0
19910942;9;0;2;4.0;1;10;2.0;9.0
19911426;7;0;0;3.0;2;7;0.0;7.0
19911877;13;10;3;20.0;4;22;26.0;0.0
19913949;28;21;17;60.0;1;26;0.0;66.0
1992099;8;10;6;22.0;1;25;0.0;24.0
1992131;1;1;0;0.0;1;0;2.0;0.0
19929803;3;15;4;21.0;1;12;0.0;22.0
19929974;1;0;0;0.0;1;0;1.0;0.0
19931172;0;9;7;17.0;1;16;0.0;16.0
19931310;10;12;6;24.0;1;29;0.0;28.0
19931977;5;0;0;0.0;1;5;0.0;5.0
19932308;22;23;10;42.0;4;41;20.0;35.0
19932443;1;1;0;1.0;1;1;2.0;0.0
19932586;6;5;6;15.0;1;16;17.0;0.0
19932882;1;1;0;1.0;1;1;2.0;0.0
19932953;2;1;0;0.0;1;1;3.0;0.0
1993357;12;33;10;53.0;1;23;0.0;55.0
19933915;16;4;0;15.0;1;14;0.0;20.0
19934880;0;2;1;0.0;2;0;3.0;0.0
19936719;0;2;0;2.0;1;2;2.0;0.0
19937057;0;3;0;3.0;1;3;0.0;3.0
19937066;11;5;1;7.0;1;14;12.0;5.0
19937248;0;0;2;0.0;1;0;2.0;0.0
19937414;3;6;0;7.0;1;8;3.0;6.0
19937782;4;3;0;4.0;1;8;0.0;7.0
19938536;0;1;1;0.0;1;0;2.0;0.0
19938659;0;0;5;6.0;1;6;0.0;5.0
19939839;4;6;2;9.0;1;11;12.0;0.0
19939931;0;4;0;5.0;1;5;0.0;4.0
19940094;3;1;0;3.0;1;4;0.0;4.0
19940466;2;12;0;14.0;1;14;0.0;14.0
19940877;3;5;7;14.0;1;14;6.0;9.0
19944831;2;2;1;0.0;1;0;5.0;0.0
19945522;0;2;1;3.0;1;3;3.0;0.0
19945642;2;0;0;0.0;1;0;2.0;0.0
19946186;1;3;0;3.0;1;4;0.0;4.0
19946278;0;3;7;15.0;1;13;2.0;8.0
19946561;5;3;2;9.0;1;9;7.0;3.0
19946765;12;12;1;18.0;1;25;0.0;25.0
19947157;0;6;4;11.0;1;10;0.0;10.0
19947186;3;6;0;7.0;1;5;3.0;6.0
19947742;0;2;0;2.0;1;2;0.0;2.0
19948094;2;5;0;3.0;1;3;7.0;0.0
19950803;3;0;0;1.0;1;2;3.0;0.0
19950977;6;23;29;57.0;1;23;0.0;58.0
19952087;2;11;0;11.0;3;12;5.0;8.0
19953364;0;1;0;1.0;1;1;1.0;0.0
19953698;0;2;0;0.0;1;0;2.0;0.0
19954169;1;0;0;0.0;1;0;1.0;0.0
19954724;2;14;1;16.0;1;16;0.0;17.0
19954862;0;1;0;0.0;2;0;1.0;0.0
19954903;12;9;5;20.0;1;27;0.0;26.0
19955346;11;0;0;4.0;1;11;0.0;11.0
19955742;5;0;1;2.0;1;7;0.0;6.0
19956775;5;0;0;0.0;1;5;0.0;5.0
1995683;8;12;8;26.0;1;26;13.0;15.0
19958535;2;2;1;1.0;1;1;5.0;0.0
19958985;21;50;9;79.0;2;27;2.0;78.0
19959222;0;4;6;11.0;1;11;0.0;10.0
19960130;3;1;1;0.0;1;0;5.0;0.0
19960344;3;1;0;0.0;1;1;4.0;0.0
19960702;1;17;24;45.0;3;25;8.0;34.0
19960815;1;1;0;0.0;1;0;2.0;0.0
19961554;5;3;1;5.0;1;6;9.0;0.0
19962152;9;3;0;5.0;1;12;0.0;12.0
19963687;1;0;1;1.0;1;2;2.0;0.0
19964916;10;9;6;22.0;1;27;0.0;25.0
1996745;19;11;0;24.0;1;14;0.0;30.0
1996772;2;11;4;18.0;1;18;0.0;17.0
19978550;5;0;0;0.0;1;5;0.0;5.0
19980438;9;8;0;10.0;1;17;0.0;17.0
19980858;9;0;0;8.0;1;6;0.0;9.0
1998105;2;2;1;2.0;1;2;5.0;0.0
1998232;6;0;0;4.0;1;5;6.0;0.0
19982591;1;1;1;1.0;1;1;3.0;0.0
19984904;6;0;0;0.0;1;6;0.0;6.0
19985434;0;1;1;0.0;1;0;2.0;0.0
19985812;1;1;0;2.0;4;2;2.0;0.0
19986327;0;0;5;6.0;1;6;0.0;5.0
19986961;17;0;0;5.0;2;11;3.0;14.0
19987752;3;22;1;25.0;1;16;2.0;24.0
19988524;1;1;0;0.0;1;0;2.0;0.0
19989137;0;1;3;4.0;1;4;0.0;4.0
19992503;12;12;6;24.0;1;31;0.0;30.0
19992750;12;12;6;24.0;1;31;0.0;30.0
19993590;1;0;0;0.0;1;1;1.0;0.0
19994107;11;9;0;14.0;1;20;0.0;20.0
19994800;4;0;0;0.0;1;4;0.0;4.0
19997730;0;3;0;3.0;1;3;0.0;3.0
19999263;13;22;5;34.0;1;29;0.0;40.0
20001078;23;1;0;10.0;1;13;0.0;24.0
20001103;62;2;5;33.0;1;20;0.0;69.0
2000111;5;5;6;12.0;1;15;9.0;7.0
20001671;21;19;6;32.0;1;31;0.0;46.0
20002933;5;0;0;0.0;1;3;0.0;5.0
20003533;0;6;12;20.0;1;11;0.0;18.0
20003546;12;12;6;24.0;1;31;0.0;30.0
20003568;6;1;0;0.0;1;5;7.0;0.0
20004013;12;12;6;23.0;1;30;0.0;30.0
20004291;4;0;0;2.0;1;4;4.0;0.0
20006746;1;0;0;0.0;1;0;1.0;0.0
20007831;5;18;17;41.0;1;24;2.0;38.0
20007958;2;4;4;10.0;1;10;10.0;0.0
2000801;8;15;1;22.0;1;12;4.0;20.0
2000804;10;4;7;10.0;3;18;13.0;8.0
20008848;8;0;5;7.0;1;14;0.0;13.0
20009136;1;0;0;1.0;1;1;1.0;0.0
20010864;10;46;0;53.0;2;16;0.0;56.0
20011094;6;1;2;7.0;1;8;9.0;0.0
20011564;4;4;0;5.0;1;8;0.0;8.0
20012747;2;1;0;0.0;1;0;3.0;0.0
20023978;15;8;0;8.0;1;12;1.0;22.0
20024562;2;1;0;0.0;1;0;3.0;0.0
20025116;3;10;6;15.0;1;16;14.0;5.0
20025977;10;0;0;3.0;1;10;0.0;10.0
20026052;0;1;0;0.0;1;0;1.0;0.0
20026200;2;0;0;0.0;1;1;2.0;0.0
20026275;1;1;1;0.0;1;0;3.0;0.0
20026301;12;6;0;11.0;1;18;0.0;18.0
20026403;5;8;0;13.0;1;7;0.0;13.0
20027408;1;1;2;3.0;1;4;4.0;0.0
20028538;3;5;1;8.0;1;6;9.0;0.0
20028878;0;18;4;23.0;1;16;2.0;20.0
20029115;0;1;0;0.0;1;0;1.0;0.0
20029131;5;26;30;59.0;1;23;1.0;60.0
20029140;11;1;0;5.0;1;12;0.0;12.0
20029319;12;11;0;16.0;1;23;0.0;23.0
20032947;10;9;0;15.0;1;16;2.0;17.0
20033353;0;1;0;0.0;1;0;1.0;0.0
20033460;1;2;1;0.0;1;0;4.0;0.0
20033493;4;4;0;7.0;1;7;8.0;0.0
20035144;1;0;6;7.0;1;8;1.0;6.0
20035817;0;1;1;2.0;1;2;2.0;0.0
20036109;9;1;0;6.0;1;10;0.0;10.0
20036235;4;0;0;0.0;1;2;0.0;4.0
20039496;0;3;4;6.0;1;5;3.0;4.0
20040333;29;20;14;42.0;1;27;0.0;63.0
20040363;2;3;0;2.0;1;2;5.0;0.0
20040385;2;0;0;0.0;1;0;2.0;0.0
20041151;12;5;0;8.0;3;17;3.0;14.0
20042419;4;3;0;4.0;1;7;0.0;7.0
20042738;1;0;0;1.0;1;1;1.0;0.0
20042798;2;8;6;15.0;1;17;0.0;16.0
20042852;13;7;0;12.0;1;18;2.0;18.0
20042892;0;0;5;5.0;1;4;0.0;5.0
20043491;34;23;11;58.0;1;28;68.0;0.0
20046011;1;1;0;0.0;1;0;2.0;0.0
20046031;10;11;0;16.0;1;8;2.0;19.0
20046207;5;0;0;0.0;1;5;0.0;5.0
20046316;1;1;0;1.0;1;1;2.0;0.0
20046467;15;2;14;23.0;1;20;0.0;31.0
20046517;1;0;0;0.0;1;0;1.0;0.0
20046904;5;12;3;20.0;1;20;0.0;20.0
20047046;3;0;0;3.0;1;3;3.0;0.0
20047215;0;2;0;0.0;1;0;2.0;0.0
20047860;14;2;0;5.0;1;11;3.0;13.0
20048871;10;7;5;20.0;1;18;3.0;19.0
20049847;3;4;8;14.0;1;14;3.0;12.0
20050026;7;2;2;8.0;1;10;6.0;5.0
20050311;1;6;10;18.0;1;13;0.0;17.0
2005264;0;0;1;1.0;1;1;1.0;0.0
20053573;1;1;0;1.0;1;1;2.0;0.0
20055435;5;0;1;2.0;1;6;1.0;5.0
200559;2;1;0;1.0;1;2;3.0;0.0
20056355;10;8;0;14.0;1;18;2.0;16.0
20056447;8;1;0;6.0;1;9;0.0;9.0
20056797;20;0;0;0.0;1;7;0.0;20.0
20057483;0;5;2;6.0;1;6;7.0;0.0
20057802;2;7;6;15.0;1;15;4.0;11.0
20058508;14;24;6;38.0;1;29;0.0;44.0
2006039;9;1;3;6.0;1;13;2.0;11.0
2006707;5;5;3;5.0;1;8;13.0;0.0
20074557;2;0;0;0.0;1;0;2.0;0.0
20075556;2;2;1;0.0;1;0;5.0;0.0
20076229;23;12;6;28.0;1;31;0.0;41.0
20076476;12;10;0;15.0;1;22;0.0;22.0
20077258;0;6;6;13.0;1;13;0.0;12.0
20078502;1;2;1;0.0;1;0;4.0;0.0
20082269;5;0;0;2.0;1;5;0.0;5.0
20082477;4;0;0;0.0;1;4;0.0;4.0
20083035;5;1;5;5.0;1;6;0.0;11.0
20083280;4;0;0;0.0;1;4;0.0;4.0
2008428;12;4;0;8.0;1;15;0.0;16.0
20084788;3;0;0;1.0;2;3;3.0;0.0
20085354;3;1;0;0.0;1;4;0.0;4.0
20085428;4;4;9;13.0;1;13;4.0;13.0
20091145;2;12;6;19.0;1;21;0.0;20.0
20091556;1;0;0;0.0;2;0;1.0;0.0
20094672;12;6;0;11.0;1;18;0.0;18.0
20095781;1;1;0;1.0;1;1;2.0;0.0
20096021;1;1;0;1.0;1;1;2.0;0.0
20096178;13;7;0;12.0;1;19;0.0;20.0
20096207;3;0;2;2.0;1;5;0.0;5.0
20096299;14;32;13;54.0;1;28;0.0;59.0
20096821;18;12;1;18.0;1;25;0.0;31.0
20097400;3;20;4;27.0;1;17;0.0;27.0
20097523;0;52;3;56.0;1;13;0.0;55.0
2010074;8;11;4;19.0;4;22;23.0;0.0
2010316;1;0;0;1.0;1;1;1.0;0.0
20107663;3;4;1;3.0;1;3;8.0;0.0
20108074;5;15;10;28.0;1;21;0.0;30.0
20108453;9;10;1;15.0;1;17;20.0;0.0
20108568;8;0;3;5.0;1;10;2.0;9.0
20108590;1;3;0;4.0;1;4;0.0;4.0
20109025;3;4;2;4.0;1;5;9.0;0.0
20110532;10;0;0;3.0;1;10;0.0;10.0
20111847;1;1;0;0.0;1;0;2.0;0.0
20112233;12;0;0;5.0;1;12;0.0;12.0
20125496;8;2;0;3.0;1;8;6.0;4.0
20125797;0;1;1;2.0;1;2;2.0;0.0
20126810;0;0;6;7.0;1;7;0.0;6.0
20126977;4;0;0;1.0;1;3;0.0;4.0
20127134;13;19;6;26.0;1;24;3.0;35.0
20128099;10;0;0;0.0;1;3;0.0;10.0
20128435;22;30;7;45.0;1;29;2.0;57.0
20128714;11;2;0;4.0;1;11;9.0;4.0
20130125;0;1;0;0.0;1;0;1.0;0.0
20130414;24;20;5;33.0;1;33;0.0;49.0
20130543;26;13;0;21.0;1;22;1.0;38.0
20130832;0;1;0;0.0;1;0;1.0;0.0
20130921;4;6;2;11.0;1;11;4.0;8.0
20131037;1;2;0;3.0;1;3;3.0;0.0
20131080;4;0;0;0.0;1;4;0.0;4.0
20131185;9;4;2;9.0;1;16;0.0;15.0
20131240;0;0;0;0.0;1;0;0.0;0.0
20131426;0;6;8;14.0;1;7;0.0;14.0
20131470;2;2;3;6.0;1;6;2.0;5.0
20131588;19;22;10;43.0;1;32;7.0;44.0
20132018;12;12;6;24.0;1;31;0.0;30.0
20132021;2;2;1;2.0;1;2;5.0;0.0
20132457;2;1;1;1.0;1;1;4.0;0.0
20132520;0;7;0;7.0;1;7;0.0;7.0
20132679;12;11;0;19.0;1;13;4.0;19.0
20132813;3;5;0;8.0;1;6;0.0;8.0
20135410;2;3;0;5.0;1;4;0.0;5.0
20135723;0;7;3;10.0;1;9;0.0;10.0
20136037;1;2;1;0.0;1;0;4.0;0.0
20136064;4;2;2;10.0;1;10;0.0;8.0
20136478;4;4;1;3.0;1;6;2.0;7.0
20137026;3;9;0;12.0;1;12;0.0;12.0
20137208;1;0;0;0.0;1;0;1.0;0.0
20138398;1;1;1;0.0;1;0;3.0;0.0
20138716;8;25;25;56.0;1;26;4.0;54.0
20139288;0;4;0;4.0;1;4;0.0;4.0
20139360;8;30;19;56.0;1;27;0.0;57.0
20140103;2;1;0;0.0;1;0;3.0;0.0
20140167;2;0;0;0.0;1;0;2.0;0.0
20140379;2;3;2;6.0;1;6;1.0;6.0
20140560;2;1;6;8.0;1;9;3.0;6.0
20140638;1;1;0;1.0;1;1;2.0;0.0
20141000;1;2;1;2.0;1;2;4.0;0.0
20142472;1;1;0;0.0;1;0;2.0;0.0
20142511;11;12;8;24.0;3;30;5.0;26.0
20142547;12;9;0;14.0;1;21;0.0;21.0
20145335;0;10;6;17.0;1;17;2.0;14.0
20145362;3;1;0;2.0;2;3;4.0;0.0
20145807;4;5;13;21.0;1;16;13.0;9.0
20146069;9;1;0;6.0;1;10;0.0;10.0
20146103;1;5;0;6.0;1;6;0.0;6.0
20146124;14;0;0;5.0;1;12;2.0;12.0
20146310;9;18;8;35.0;1;29;13.0;22.0
20147335;0;1;1;2.0;1;2;2.0;0.0
20147525;1;3;0;1.0;1;1;4.0;0.0
20148324;1;4;0;3.0;1;4;0.0;5.0
20148743;4;0;0;3.0;1;4;0.0;4.0
20149320;12;11;0;16.0;1;23;0.0;23.0
20149723;0;0;9;11.0;1;7;0.0;9.0
2015101;3;5;3;10.0;3;11;11.0;0.0
20153674;4;0;0;0.0;1;4;0.0;4.0
20154291;17;5;0;15.0;1;13;2.0;20.0
20154337;1;1;0;0.0;1;0;2.0;0.0
20154471;0;0;5;6.0;1;3;0.0;5.0
20154600;2;1;0;1.0;1;2;3.0;0.0
20154746;4;0;0;3.0;1;4;0.0;4.0
20154925;12;12;6;24.0;1;31;0.0;30.0
20155677;12;7;0;12.0;1;19;0.0;19.0
20156224;0;1;0;0.0;1;0;1.0;0.0
20156434;16;19;2;30.0;1;26;0.0;37.0
20156442;0;2;0;0.0;1;0;2.0;0.0
20156541;0;0;4;5.0;1;5;0.0;4.0
20156877;1;1;1;1.0;1;1;3.0;0.0
20156995;7;6;3;10.0;1;13;6.0;10.0
20157014;4;6;0;9.0;1;11;0.0;10.0
20158022;4;2;1;2.0;1;5;7.0;0.0
20160980;0;4;0;4.0;1;4;0.0;4.0
20161286;1;0;1;1.0;1;2;2.0;0.0
20161638;1;2;0;0.0;1;0;3.0;0.0
20161953;1;1;0;0.0;1;0;2.0;0.0
20162819;5;0;0;0.0;1;6;0.0;5.0
20162973;10;6;0;11.0;1;13;0.0;16.0
20163342;1;4;1;5.0;1;5;2.0;4.0
20164895;21;29;12;53.0;1;31;0.0;62.0
20165454;2;2;0;3.0;1;5;0.0;4.0
20165935;28;9;2;16.0;1;21;6.0;33.0
20166618;24;14;6;30.0;1;31;0.0;44.0
20167142;5;0;0;0.0;1;5;0.0;5.0
20167218;8;6;7;17.0;1;18;1.0;20.0
2016856;1;1;2;2.0;1;2;4.0;0.0
2017758;0;0;4;5.0;1;5;0.0;4.0
20180774;22;13;12;33.0;1;29;0.0;47.0
20181156;1;1;0;0.0;1;0;2.0;0.0
20181654;4;20;1;21.0;1;17;3.0;22.0
20182796;0;3;1;3.0;1;3;4.0;0.0
20183305;1;3;1;0.0;1;0;5.0;0.0
20183331;1;0;0;0.0;1;0;1.0;0.0
20183571;13;3;1;4.0;1;11;3.0;14.0
20183732;8;0;0;7.0;1;6;0.0;8.0
20185943;14;6;0;13.0;1;15;0.0;20.0
2018686;0;6;6;13.0;1;13;0.0;12.0
20187243;7;5;3;14.0;1;19;15.0;0.0
20187942;3;2;3;5.0;1;5;8.0;0.0
2018839;2;5;2;6.0;1;6;9.0;0.0
20190480;1;1;0;1.0;1;1;2.0;0.0
20190950;5;1;0;2.0;1;7;0.0;6.0
20191012;0;1;0;0.0;1;0;1.0;0.0
20191072;3;1;0;0.0;1;1;4.0;0.0
20191582;1;2;0;0.0;1;0;3.0;0.0
20192216;35;40;1;59.0;1;25;0.0;76.0
20192718;1;2;0;0.0;1;0;3.0;0.0
20192785;2;0;0;1.0;1;2;2.0;0.0
20192866;0;3;2;5.0;1;5;0.0;5.0
20193213;0;6;0;6.0;1;6;0.0;6.0
20194492;14;15;6;30.0;1;31;0.0;35.0
20194524;2;5;2;3.0;1;3;9.0;0.0
20194564;1;2;1;4.0;1;4;4.0;0.0
20194905;1;1;0;0.0;1;0;2.0;0.0
20195030;12;8;0;13.0;1;20;0.0;20.0
20195614;2;2;1;4.0;1;4;5.0;0.0
20195661;0;0;8;8.0;1;6;0.0;8.0
20196355;1;0;0;0.0;1;1;1.0;0.0
20198696;2;0;1;0.0;1;0;3.0;0.0
20198981;31;37;21;78.0;1;34;1.0;88.0
20199618;11;0;0;4.0;1;11;0.0;11.0
20199862;22;11;1;23.0;1;21;0.0;34.0
20199924;0;3;1;5.0;1;5;0.0;4.0
20200302;11;0;0;4.0;1;11;0.0;11.0
20200476;2;0;0;0.0;1;2;2.0;0.0
20200774;12;12;0;17.0;1;24;0.0;24.0
20201707;6;4;4;13.0;1;9;5.0;9.0
20202167;3;2;3;5.0;1;6;0.0;8.0
20202825;22;10;5;20.0;1;31;7.0;30.0
20203434;1;1;1;1.0;1;1;3.0;0.0
20204464;4;0;0;0.0;1;4;0.0;4.0
20206948;1;0;0;0.0;1;0;1.0;0.0
20207138;1;1;0;0.0;1;0;2.0;0.0
20208683;0;1;0;1.0;1;1;1.0;0.0
20208757;13;6;7;16.0;1;18;0.0;26.0
20209475;0;1;1;0.0;1;0;2.0;0.0
20209669;1;0;0;0.0;1;0;1.0;0.0
2021011;15;22;12;45.0;1;33;4.0;45.0
20210771;12;12;6;24.0;1;31;0.0;30.0
20210943;1;4;0;4.0;1;3;5.0;0.0
20211435;8;16;8;30.0;1;31;22.0;10.0
20211580;13;7;5;20.0;1;24;0.0;25.0
20211864;10;18;0;23.0;1;19;3.0;25.0
20212813;3;7;5;12.0;1;13;12.0;3.0
2021582;19;15;5;27.0;2;26;17.0;22.0
20215872;1;1;0;0.0;1;0;2.0;0.0
20216165;15;21;7;33.0;1;32;6.0;37.0
20217152;7;4;0;9.0;1;11;0.0;11.0
20217271;0;8;6;15.0;1;15;0.0;14.0
20217774;12;12;1;18.0;1;25;0.0;25.0
20217952;4;5;7;14.0;1;13;0.0;16.0
20217982;2;2;0;1.0;1;1;4.0;0.0
20218869;0;5;0;5.0;1;5;0.0;5.0
20218983;7;12;6;21.0;1;26;0.0;25.0
20219284;19;7;5;25.0;1;19;0.0;31.0
20219778;0;2;2;4.0;1;4;0.0;4.0
20221560;5;4;0;4.0;1;8;0.0;9.0
20221768;1;2;0;5.0;1;5;0.0;3.0
20223046;5;3;0;2.0;1;4;2.0;6.0
2022379;4;5;2;8.0;1;8;11.0;0.0
20225289;0;1;0;0.0;1;0;1.0;0.0
20230396;1;0;0;0.0;1;0;1.0;0.0
20236327;1;2;0;0.0;3;0;3.0;0.0
20236931;7;2;1;3.0;1;7;1.0;9.0
20238071;6;6;0;7.0;1;12;0.0;12.0
20238410;1;4;1;7.0;1;7;0.0;6.0
20239025;1;1;0;0.0;1;0;2.0;0.0
20239334;2;1;0;0.0;1;0;3.0;0.0
20240125;15;32;21;65.0;1;28;0.0;68.0
20240447;2;1;0;1.0;1;2;3.0;0.0
20240888;3;5;0;6.0;1;7;3.0;5.0
20240954;0;5;1;6.0;1;6;0.0;6.0
20241191;17;11;2;16.0;1;23;4.0;26.0
20241220;10;3;0;8.0;1;13;0.0;13.0
20241246;1;52;45;107.0;1;22;5.0;93.0
20242037;0;1;0;0.0;1;0;1.0;0.0
20242281;1;10;4;14.0;1;14;7.0;8.0
20245670;6;2;0;7.0;1;7;0.0;8.0
20247317;19;12;16;36.0;2;31;0.0;47.0
20247619;5;1;0;6.0;1;6;2.0;4.0
20247703;8;0;0;2.0;1;8;0.0;8.0
20247806;1;2;0;0.0;1;0;3.0;0.0
20248379;13;4;4;14.0;1;21;0.0;21.0
20249427;2;1;1;1.0;1;1;4.0;0.0
20250256;9;0;0;1.0;1;8;0.0;9.0
20251006;1;2;1;0.0;1;0;4.0;0.0
20251543;1;1;4;7.0;1;7;0.0;6.0
20253923;7;0;0;3.0;1;7;0.0;7.0
20253964;3;0;0;2.0;1;4;0.0;3.0
20254104;0;0;1;1.0;1;1;1.0;0.0
20254712;0;1;0;2.0;1;2;1.0;0.0
20255508;2;1;0;0.0;1;0;3.0;0.0
20255569;12;2;0;7.0;1;14;0.0;14.0
20256014;13;0;0;5.0;1;10;0.0;13.0
20256205;12;14;7;25.0;1;32;3.0;30.0
20256304;11;1;1;1.0;1;8;2.0;11.0
20257446;2;2;0;0.0;1;0;4.0;0.0
20257567;10;3;0;3.0;2;8;3.0;10.0
20257755;5;0;0;0.0;1;5;0.0;5.0
20257928;1;1;0;0.0;1;0;2.0;0.0
20258143;0;0;5;5.0;1;3;1.0;4.0
20259051;1;0;0;0.0;1;0;1.0;0.0
20260866;5;0;0;1.0;1;5;0.0;5.0
20261711;1;8;15;25.0;1;12;2.0;22.0
20262596;2;1;1;1.0;1;3;4.0;0.0
20263163;0;4;3;6.0;1;5;7.0;0.0
20263646;1;1;1;1.0;1;1;3.0;0.0
20264170;12;12;6;24.0;1;31;0.0;30.0
20264197;0;0;0;0.0;1;0;0.0;0.0
20264344;6;6;3;14.0;1;16;4.0;11.0
20264656;0;1;1;0.0;1;0;2.0;0.0
20265236;12;14;6;29.0;1;26;0.0;32.0
20265280;12;12;0;17.0;1;24;0.0;24.0
20265294;8;5;0;7.0;1;10;13.0;0.0
20265389;3;12;3;16.0;1;15;1.0;17.0
20265489;19;2;6;19.0;1;14;27.0;0.0
20265867;1;1;1;0.0;1;0;3.0;0.0
2026602;1;0;0;0.0;1;0;1.0;0.0
2026671;13;7;5;13.0;1;18;2.0;23.0
20267145;13;14;7;26.0;1;34;6.0;28.0
20267525;29;23;10;48.0;1;31;2.0;60.0
20267653;16;3;0;8.0;1;15;0.0;19.0
20270137;41;50;18;90.0;1;53;31.0;78.0
20270360;2;1;1;1.0;1;1;4.0;0.0
2027050;1;1;0;0.0;1;0;2.0;0.0
20270867;10;7;0;11.0;1;17;0.0;17.0
20271148;5;0;0;5.0;1;4;0.0;5.0
20271795;0;4;5;9.0;1;5;0.0;9.0
20271856;0;1;0;0.0;2;0;1.0;0.0
20271903;2;1;2;5.0;1;6;0.0;5.0
20273944;4;9;3;13.0;1;16;0.0;16.0
20274131;1;1;1;0.0;1;0;3.0;0.0
20274386;0;6;2;9.0;1;8;0.0;8.0
20274919;1;2;0;0.0;2;0;3.0;0.0
20275646;2;3;0;1.0;1;2;5.0;0.0
20275745;10;4;0;10.0;1;16;0.0;14.0
2028714;19;12;6;31.0;1;31;0.0;37.0
20288857;2;4;12;18.0;1;10;2.0;16.0
20291631;0;2;6;9.0;1;9;0.0;8.0
20291666;6;0;0;0.0;1;6;0.0;6.0
20291910;1;3;3;4.0;2;4;7.0;0.0
20292251;10;12;6;24.0;1;29;0.0;28.0
20292336;3;2;1;5.0;1;6;0.0;6.0
20292452;10;0;0;3.0;1;10;0.0;10.0
20292454;5;6;3;15.0;1;15;4.0;10.0
20292510;1;0;0;0.0;1;0;1.0;0.0
20292589;12;1;0;1.0;1;4;0.0;13.0
20292614;24;34;18;65.0;1;31;0.0;76.0
20292666;0;1;0;1.0;1;1;1.0;0.0
20293142;1;1;1;0.0;1;0;3.0;0.0
20293784;2;0;1;1.0;1;2;3.0;0.0
20293894;1;1;0;2.0;1;2;2.0;0.0
20294089;10;0;0;3.0;1;10;0.0;10.0
20294507;3;6;5;11.0;1;10;4.0;10.0
20295037;2;0;2;3.0;1;4;0.0;4.0
20295655;0;8;0;8.0;1;8;0.0;8.0
20295735;6;0;0;1.0;1;5;1.0;5.0
20295775;2;5;9;19.0;1;14;0.0;16.0
20295799;0;6;0;8.0;1;8;6.0;0.0
20299040;4;4;0;8.0;1;9;0.0;8.0
20300354;8;0;0;1.0;1;8;0.0;8.0
20300417;6;0;2;3.0;1;9;0.0;8.0
20300493;3;0;0;0.0;1;2;3.0;0.0
20301182;0;0;1;1.0;1;1;1.0;0.0
20301200;0;6;1;7.0;1;7;0.0;7.0
20301330;0;4;2;6.0;1;6;0.0;6.0
20301433;3;3;0;5.0;1;6;2.0;4.0
20301719;1;5;0;4.0;1;4;2.0;4.0
20301952;2;9;2;12.0;1;12;3.0;10.0
20302121;40;23;0;43.0;1;23;0.0;63.0
20304567;9;3;0;11.0;3;8;5.0;7.0
20304885;1;1;0;1.0;1;1;2.0;0.0
20304938;3;2;1;2.0;1;1;6.0;0.0
20305149;8;3;1;10.0;1;14;0.0;12.0
20305157;8;5;0;5.0;1;9;0.0;13.0
20305341;1;1;2;4.0;1;4;1.0;3.0
20306080;13;4;2;9.0;1;16;2.0;17.0
20308277;1;0;1;2.0;1;2;2.0;0.0
20308590;1;0;1;0.0;1;0;2.0;0.0
20308812;0;0;0;1.0;1;1;0.0;0.0
20308913;8;1;0;4.0;1;9;0.0;9.0
20309309;1;0;1;0.0;1;0;2.0;0.0
20309349;14;0;0;4.0;1;11;0.0;14.0
20309398;8;7;0;12.0;2;13;2.0;13.0
20309632;0;0;12;17.0;1;5;0.0;12.0
20309690;13;12;6;24.0;1;31;0.0;31.0
20309699;3;1;0;1.0;1;4;0.0;4.0
20309855;0;0;5;6.0;1;6;0.0;5.0
20309984;6;0;2;1.0;1;7;2.0;6.0
20310134;12;12;3;20.0;1;27;0.0;27.0
20310143;19;29;1;43.0;1;27;10.0;39.0
20311579;0;0;6;8.0;1;5;0.0;6.0
20312094;2;10;5;17.0;1;17;2.0;15.0
20312217;13;5;3;14.0;3;20;7.0;14.0
20312503;1;0;0;0.0;1;0;1.0;0.0
20312546;4;1;0;1.0;1;5;0.0;5.0
2031292;1;1;0;0.0;1;0;2.0;0.0
20313115;3;20;12;37.0;1;20;7.0;28.0
20313224;1;0;4;6.0;1;6;0.0;5.0
20313437;2;0;0;0.0;1;0;2.0;0.0
2031419;1;1;1;0.0;1;0;3.0;0.0
20314808;16;3;0;6.0;2;12;0.0;19.0
20317271;2;2;3;3.0;1;3;7.0;0.0
20317306;9;18;11;36.0;1;28;3.0;35.0
20317761;12;18;0;23.0;1;23;0.0;30.0
203205;4;1;0;2.0;1;4;5.0;0.0
20321614;6;4;0;7.0;1;9;10.0;0.0
20321650;4;4;0;2.0;1;6;2.0;6.0
20321850;12;9;0;14.0;1;21;0.0;21.0
20326302;12;1;0;6.0;1;13;0.0;13.0
20327448;22;18;6;32.0;1;30;0.0;46.0
20327726;5;0;6;7.0;1;8;3.0;8.0
20327923;3;1;0;1.0;1;3;0.0;4.0
20328517;4;4;6;11.0;1;11;4.0;10.0
20329492;13;12;6;24.0;1;31;1.0;30.0
20329927;17;6;0;15.0;1;16;0.0;23.0
2033011;0;0;1;1.0;1;1;1.0;0.0
20330340;9;0;0;6.0;1;7;0.0;9.0
20330828;2;1;0;0.0;1;0;3.0;0.0
20330923;0;2;0;1.0;1;1;2.0;0.0
20330928;16;0;0;4.0;2;13;0.0;16.0
20330951;0;4;5;10.0;1;10;0.0;9.0
20331037;9;0;0;2.0;1;9;0.0;9.0
2033660;5;1;1;2.0;1;5;2.0;5.0
20347076;1;2;1;0.0;1;0;4.0;0.0
2034746;1;1;2;0.0;3;0;4.0;0.0
20347707;6;3;0;6.0;1;9;0.0;9.0
20347711;0;0;1;2.0;1;2;1.0;0.0
20349105;5;5;2;8.0;1;11;3.0;9.0
20351070;12;10;4;20.0;1;27;0.0;26.0
20351342;14;22;9;36.0;1;31;0.0;45.0
20351622;1;5;6;12.0;1;12;2.0;10.0
20352111;0;2;6;9.0;1;9;0.0;8.0
20352251;2;5;5;9.0;1;9;3.0;9.0
20352294;40;52;35;112.0;1;31;0.0;127.0
20352478;21;29;16;60.0;1;31;3.0;63.0
20352976;3;3;0;6.0;2;6;2.0;4.0
20353505;6;24;3;29.0;1;19;3.0;30.0
20354115;6;4;11;20.0;1;13;1.0;20.0
20356238;3;3;13;19.0;1;14;7.0;12.0
20357089;0;4;7;11.0;2;10;2.0;9.0
20357169;1;0;0;0.0;1;0;1.0;0.0
20357835;6;6;4;14.0;1;13;16.0;0.0
20358726;0;4;0;4.0;1;4;0.0;4.0
20358853;3;5;1;4.0;1;6;5.0;4.0
20358860;2;0;0;1.0;1;1;2.0;0.0
20358976;8;2;3;10.0;1;13;0.0;13.0
20359523;14;36;2;52.0;4;37;3.0;49.0
20359778;12;3;0;8.0;1;15;0.0;15.0
20359833;16;13;5;26.0;1;29;4.0;30.0
20360030;7;0;0;0.0;1;7;0.0;7.0
20360056;5;0;0;0.0;1;5;0.0;5.0
20360243;10;25;5;32.0;1;27;0.0;40.0
20360858;35;51;17;95.0;1;34;2.0;101.0
20360868;4;0;0;1.0;1;5;0.0;4.0
20361761;6;4;2;9.0;1;11;12.0;0.0
20362109;0;4;0;4.0;1;4;0.0;4.0
20362609;35;12;0;27.0;1;22;0.0;47.0
20365068;9;12;6;24.0;1;26;1.0;26.0
20365384;18;15;18;46.0;3;36;2.0;49.0
20365764;5;10;0;10.0;1;14;0.0;15.0
20366276;5;1;0;6.0;1;6;0.0;6.0
20367291;6;0;0;0.0;1;3;0.0;6.0
20368549;1;2;2;2.0;1;2;5.0;0.0
20369451;8;8;0;14.0;1;14;2.0;14.0
20369498;2;2;0;0.0;1;0;4.0;0.0
20370159;1;2;0;3.0;1;3;3.0;0.0
20371206;11;17;6;29.0;1;26;0.0;34.0
20371540;1;1;1;0.0;1;0;3.0;0.0
20371672;0;0;1;0.0;1;0;1.0;0.0
20372071;3;4;0;5.0;1;5;7.0;0.0
20381374;3;2;0;4.0;1;5;5.0;0.0
20381484;12;4;0;9.0;1;16;0.0;16.0
20381792;2;2;0;1.0;1;1;4.0;0.0
20381965;15;24;12;46.0;1;31;0.0;51.0
20382637;0;10;3;13.0;1;13;0.0;13.0
20383360;8;2;0;7.0;1;9;4.0;6.0
20384030;2;2;1;2.0;1;2;5.0;0.0
20384802;3;1;0;2.0;1;3;4.0;0.0
20385311;2;0;1;2.0;1;4;0.0;3.0
20385320;8;14;16;31.0;1;14;0.0;38.0
20385579;6;0;0;0.0;1;6;0.0;6.0
20386055;7;0;0;0.0;1;7;0.0;7.0
20390141;4;2;1;3.0;1;7;7.0;0.0
2039861;11;15;8;28.0;1;34;5.0;29.0
20399845;1;4;2;8.0;1;9;0.0;7.0
20400841;0;1;1;0.0;1;0;2.0;0.0
20401694;2;1;0;1.0;1;1;3.0;0.0
20401926;0;6;12;20.0;1;11;0.0;18.0
20402265;0;0;1;0.0;1;0;1.0;0.0
20402365;13;9;2;15.0;2;15;24.0;0.0
20402412;2;0;0;2.0;1;2;2.0;0.0
20402492;6;2;0;3.0;1;6;8.0;0.0
20402631;5;0;0;1.0;1;4;0.0;5.0
20404029;1;1;0;0.0;1;1;2.0;0.0
20404149;2;1;0;0.0;1;0;3.0;0.0
20404781;7;6;3;14.0;1;16;6.0;10.0
20404840;2;3;1;6.0;1;7;1.0;5.0
20404872;5;0;0;6.0;1;4;1.0;4.0
20405202;1;2;3;7.0;1;7;0.0;6.0
20405442;0;2;2;4.0;1;4;0.0;4.0
20405538;9;0;1;2.0;1;9;0.0;10.0
20405824;2;15;14;30.0;1;19;0.0;31.0
20406895;6;3;9;12.0;1;11;11.0;7.0
20407146;11;0;0;4.0;1;11;0.0;11.0
20407347;3;18;12;35.0;1;22;0.0;33.0
20409151;0;4;9;15.0;1;11;0.0;13.0
20409863;9;5;0;10.0;1;14;0.0;14.0
20410709;4;0;0;1.0;1;4;0.0;4.0
20410942;0;19;7;27.0;1;18;0.0;26.0
2041116;0;14;9;24.0;1;18;0.0;23.0
20411483;18;11;14;36.0;1;26;0.0;43.0
20411644;11;12;0;15.0;1;18;0.0;23.0
20411870;11;11;4;21.0;1;25;1.0;25.0
20413243;0;1;0;0.0;1;0;1.0;0.0
20413937;2;0;0;0.0;1;0;2.0;0.0
20415214;11;0;0;4.0;1;11;0.0;11.0
2041643;0;1;1;1.0;3;1;2.0;0.0
20417764;11;0;0;5.0;1;11;0.0;11.0
20418436;3;0;0;0.0;1;1;3.0;0.0
20418668;2;7;6;17.0;1;17;7.0;8.0
20419787;10;2;0;5.0;1;12;0.0;12.0
20421345;0;1;4;5.0;1;5;5.0;0.0
20421477;5;3;0;2.0;1;7;0.0;8.0
20421798;2;6;1;9.0;1;9;0.0;9.0
20422127;19;34;21;68.0;1;32;0.0;74.0
20422863;12;16;12;35.0;1;31;0.0;40.0
20425419;0;7;2;11.0;1;11;0.0;9.0
20427091;2;1;0;0.0;1;1;3.0;0.0
20427156;1;1;1;1.0;1;1;3.0;0.0
20427815;2;3;1;5.0;1;5;6.0;0.0
20428043;10;0;0;3.0;1;10;0.0;10.0
20428350;2;1;0;1.0;1;3;3.0;0.0
20428502;2;0;0;0.0;1;1;2.0;0.0
20428768;1;1;1;0.0;1;0;3.0;0.0
20429795;0;4;0;4.0;1;4;0.0;4.0
20429817;1;0;0;1.0;1;1;1.0;0.0
20430190;27;0;0;12.0;1;12;0.0;27.0
20434534;2;10;8;18.0;1;15;2.0;18.0
20435380;6;16;10;33.0;1;25;2.0;30.0
20435440;3;2;1;3.0;1;5;2.0;4.0
20435665;14;9;1;20.0;1;22;13.0;11.0
20435913;0;1;0;0.0;1;0;1.0;0.0
20435982;9;0;0;2.0;1;9;0.0;9.0
20436138;1;2;2;3.0;1;3;5.0;0.0
20436346;0;0;3;4.0;1;4;0.0;3.0
20436500;2;1;0;0.0;1;1;3.0;0.0
20436569;0;4;0;4.0;1;4;0.0;4.0
20436943;6;7;0;10.0;1;15;0.0;13.0
20436945;0;23;6;30.0;1;17;0.0;29.0
20437072;1;5;0;6.0;1;6;0.0;6.0
20437926;1;0;1;1.0;1;2;2.0;0.0
20438576;26;53;16;90.0;1;27;0.0;95.0
20439666;12;6;2;18.0;1;15;1.0;19.0
20439797;2;5;0;4.0;1;4;2.0;5.0
20439891;9;0;0;0.0;1;6;0.0;9.0
20440019;2;2;1;0.0;1;0;5.0;0.0
20441100;1;0;0;0.0;1;0;1.0;0.0
2044665;10;7;2;14.0;2;17;14.0;5.0
2045175;12;20;10;35.0;1;29;0.0;42.0
20454604;1;1;0;0.0;1;0;2.0;0.0
20454610;0;1;1;1.0;1;1;2.0;0.0
20455060;11;0;0;0.0;1;6;0.0;11.0
20455632;3;3;0;7.0;1;7;0.0;6.0
2045570;8;4;2;11.0;1;12;7.0;7.0
20455967;3;7;0;10.0;1;8;3.0;7.0
20456717;0;10;1;11.0;1;7;0.0;11.0
20456892;3;4;1;6.0;1;6;2.0;6.0
20457422;1;0;0;1.0;1;1;1.0;0.0
20457544;10;0;0;3.0;1;10;0.0;10.0
20458267;2;7;11;20.0;2;17;6.0;14.0
20458343;0;6;0;7.0;1;3;0.0;6.0
2045895;15;26;13;48.0;1;33;1.0;53.0
20459048;11;17;4;26.0;1;26;0.0;32.0
20459114;2;0;0;1.0;1;1;2.0;0.0
20459314;4;3;0;7.0;1;7;0.0;7.0
20459588;10;11;0;14.0;1;21;0.0;21.0
20459961;11;8;2;21.0;1;16;1.0;20.0
20460122;22;0;0;10.0;1;11;0.0;22.0
20460411;6;0;0;0.0;1;6;0.0;6.0
20460502;1;0;0;0.0;1;1;1.0;0.0
20461082;0;2;4;7.0;1;7;6.0;0.0
20461446;5;14;0;19.0;1;11;0.0;19.0
20464668;9;0;0;2.0;1;9;0.0;9.0
20465446;12;1;4;11.0;1;18;0.0;17.0
20465855;1;1;0;0.0;1;0;2.0;0.0
20466471;2;1;1;1.0;1;1;4.0;0.0
20466670;0;1;1;2.0;1;2;2.0;0.0
20466876;5;5;2;14.0;1;14;0.0;12.0
20467369;12;12;6;24.0;1;31;0.0;30.0
20468038;1;1;0;0.0;1;0;2.0;0.0
20468310;1;0;0;0.0;1;0;1.0;0.0
2046869;0;4;7;10.0;1;8;0.0;11.0
20468699;2;2;0;4.0;1;4;0.0;4.0
20468731;25;35;8;53.0;3;32;11.0;57.0
20468854;6;3;0;3.0;1;8;0.0;9.0
20470050;1;0;1;0.0;1;0;2.0;0.0
20472650;12;7;0;12.0;1;19;0.0;19.0
20473197;3;3;0;3.0;1;4;6.0;0.0
20473215;0;0;4;5.0;1;5;0.0;4.0
20474183;0;1;3;4.0;1;4;0.0;4.0
20476195;0;1;1;0.0;1;0;2.0;0.0
20476683;1;0;1;1.0;1;2;2.0;0.0
20477202;5;4;2;9.0;1;9;2.0;9.0
20477739;12;0;0;4.0;1;11;0.0;12.0
20477744;0;1;6;7.0;1;7;1.0;6.0
20482;29;8;0;22.0;1;16;0.0;37.0
20482494;0;0;0;1.0;1;1;0.0;0.0
20482983;9;11;0;15.0;1;16;0.0;20.0
20484686;0;1;3;5.0;1;5;0.0;4.0
20485279;0;0;1;2.0;1;2;1.0;0.0
20485514;8;0;0;1.0;1;8;0.0;8.0
20486590;5;0;0;0.0;1;5;0.0;5.0
20489182;1;2;1;3.0;1;4;0.0;4.0
20489818;7;4;3;10.0;1;14;0.0;14.0
20490977;4;11;3;14.0;1;16;3.0;15.0
20491007;0;3;9;15.0;1;10;0.0;12.0
20491172;1;1;0;0.0;1;0;2.0;0.0
20492073;9;14;3;22.0;1;22;2.0;24.0
20508863;18;13;6;28.0;1;31;0.0;37.0
20508901;35;18;0;32.0;1;20;0.0;53.0
20509104;1;0;1;0.0;1;0;2.0;0.0
20509612;7;0;0;0.0;1;7;0.0;7.0
2051012;10;5;1;5.0;1;9;12.0;4.0
2051078;0;0;4;4.0;1;2;4.0;0.0
20510868;12;12;4;21.0;1;28;0.0;28.0
20510878;2;0;0;1.0;1;2;2.0;0.0
20511769;5;8;0;11.0;1;10;2.0;11.0
20512245;1;2;0;3.0;1;4;0.0;3.0
20513309;11;0;0;7.0;1;7;1.0;10.0
20513335;3;2;5;7.0;1;8;5.0;5.0
20513726;12;19;8;39.0;1;26;0.0;39.0
20513878;1;1;0;0.0;1;0;2.0;0.0
20514390;1;1;0;2.0;1;2;2.0;0.0
20515224;0;7;2;9.0;1;6;1.0;8.0
20515290;3;2;0;4.0;1;4;5.0;0.0
20518189;1;7;3;8.0;1;5;3.0;8.0
20519192;3;2;9;12.0;1;12;0.0;14.0
20519325;1;9;1;10.0;1;5;2.0;9.0
20519576;2;1;0;0.0;1;0;3.0;0.0
20519885;2;5;0;8.0;1;6;0.0;7.0
20521238;0;1;0;1.0;1;1;1.0;0.0
20521521;0;1;1;2.0;1;2;2.0;0.0
20521560;7;14;4;22.0;1;21;11.0;14.0
2052203;3;4;1;5.0;1;5;8.0;0.0
20522597;3;14;7;22.0;1;20;0.0;24.0
20523060;0;1;1;0.0;1;0;2.0;0.0
20524391;14;3;0;10.0;1;15;0.0;17.0
2052683;1;1;0;0.0;1;0;2.0;0.0
20527121;1;1;0;1.0;1;1;2.0;0.0
20528415;7;10;2;16.0;1;13;3.0;16.0
20528635;0;8;17;27.0;1;10;0.0;25.0
20529274;1;1;1;0.0;1;0;3.0;0.0
20530562;0;0;0;0.0;2;0;0.0;0.0
2053145;0;9;22;32.0;1;11;0.0;31.0
20531604;5;4;1;7.0;1;8;6.0;4.0
2053186;1;18;1;19.0;1;12;3.0;17.0
20532165;3;1;0;3.0;1;2;4.0;0.0
20532345;5;13;6;21.0;1;23;5.0;19.0
20533440;10;24;0;32.0;1;15;2.0;32.0
20533726;8;0;0;1.0;1;8;0.0;8.0
20534056;17;11;0;16.0;1;23;0.0;28.0
20539024;2;0;0;0.0;1;1;2.0;0.0
20541778;0;1;1;0.0;1;0;2.0;0.0
20543723;1;3;0;2.0;3;2;4.0;0.0
20545259;1;1;1;0.0;1;0;3.0;0.0
20545852;0;2;6;9.0;1;9;0.0;8.0
20548839;2;0;4;4.0;1;3;6.0;0.0
20550561;12;3;0;8.0;1;15;0.0;15.0
20551083;0;6;7;14.0;1;12;0.0;13.0
2055196;2;7;4;13.0;1;14;13.0;0.0
2055224;3;1;1;1.0;4;2;5.0;0.0
20555214;8;7;0;13.0;1;14;3.0;12.0
20559285;3;6;4;11.0;1;11;13.0;0.0
20565241;1;1;1;0.0;1;0;3.0;0.0
20565406;13;11;2;16.0;1;23;2.0;24.0
20565681;3;6;2;9.0;1;9;11.0;0.0
20566676;4;12;6;23.0;1;23;0.0;22.0
20566861;1;1;0;0.0;1;0;2.0;0.0
20567546;1;0;0;0.0;1;0;1.0;0.0
20567851;0;1;0;0.0;1;0;1.0;0.0
20568018;4;4;4;13.0;1;12;3.0;9.0
20568482;6;3;0;7.0;1;8;1.0;8.0
20568841;7;13;10;30.0;1;25;3.0;27.0
20568940;2;0;0;0.0;1;1;2.0;0.0
20569849;5;2;2;5.0;1;8;2.0;7.0
20569964;1;1;0;1.0;1;2;2.0;0.0
20569968;0;10;0;10.0;1;10;0.0;10.0
20570432;3;3;2;5.0;1;7;0.0;8.0
20571109;41;23;1;44.0;1;25;5.0;60.0
20571147;5;2;1;6.0;1;9;0.0;8.0
20571819;1;0;1;0.0;1;0;2.0;0.0
20574872;12;1;0;6.0;1;13;0.0;13.0
20576021;26;0;0;5.0;1;9;0.0;26.0
20576370;7;0;0;0.0;1;7;0.0;7.0
20576660;6;12;6;24.0;1;25;0.0;24.0
20577788;6;1;0;0.0;1;3;7.0;0.0
20577809;0;2;0;0.0;2;0;2.0;0.0
20578465;1;1;1;0.0;1;0;3.0;0.0
20578792;11;0;0;0.0;1;6;0.0;11.0
20578824;0;1;0;0.0;1;0;1.0;0.0
20579390;2;1;1;3.0;1;5;0.0;4.0
20579477;0;10;5;14.0;1;13;0.0;15.0
20580262;4;15;15;35.0;1;21;0.0;34.0
20580324;2;3;3;6.0;1;7;8.0;0.0
20580392;13;1;0;6.0;1;11;0.0;14.0
20581145;3;1;0;2.0;1;2;4.0;0.0
20581943;11;5;0;10.0;1;16;0.0;16.0
20584583;1;1;0;1.0;1;2;2.0;0.0
20584597;12;11;0;16.0;1;23;0.0;23.0
20585208;0;1;1;1.0;1;1;2.0;0.0
20585900;12;12;6;23.0;1;30;0.0;30.0
20585918;5;0;0;0.0;1;2;0.0;5.0
20586415;4;0;0;4.0;1;4;0.0;4.0
20586792;8;12;0;19.0;1;17;0.0;20.0
20587026;6;0;0;0.0;1;6;0.0;6.0
20587295;14;27;14;52.0;1;29;0.0;55.0
20587842;14;28;2;34.0;1;25;2.0;42.0
20588292;22;24;7;36.0;1;30;0.0;53.0
20588294;6;7;6;16.0;1;20;2.0;17.0
20588414;18;6;10;24.0;1;25;0.0;34.0
2058917;2;0;0;0.0;1;2;0.0;2.0
20590455;1;1;0;0.0;1;0;2.0;0.0
20590544;3;3;0;6.0;1;5;0.0;6.0
20591384;1;1;0;1.0;1;1;2.0;0.0
20594652;1;2;3;3.0;1;3;6.0;0.0
20594717;15;8;2;18.0;1;21;2.0;23.0
2059521;2;4;0;1.0;2;2;6.0;0.0
20595511;6;12;6;24.0;1;25;0.0;24.0
20596015;2;1;0;1.0;1;2;0.0;3.0
20597006;24;24;9;43.0;1;29;0.0;57.0
20597577;12;9;0;15.0;1;21;0.0;21.0
20597786;3;0;2;3.0;1;6;0.0;5.0
20598172;0;8;2;10.0;1;10;0.0;10.0
20598889;12;12;6;24.0;1;31;0.0;30.0
20599037;1;1;0;0.0;1;0;2.0;0.0
20599158;0;5;0;5.0;1;5;0.0;5.0
20599220;12;21;7;32.0;2;30;1.0;39.0
20600142;41;46;72;169.0;1;32;5.0;154.0
20600883;11;11;7;27.0;1;31;0.0;29.0
20603424;3;7;6;14.0;1;14;7.0;9.0
20605333;6;0;0;2.0;1;5;0.0;6.0
20605909;1;1;0;0.0;1;0;2.0;0.0
20606408;2;2;0;2.0;1;3;4.0;0.0
20609169;20;30;13;49.0;2;30;1.0;62.0
20610621;14;6;0;8.0;2;12;11.0;9.0
20614513;2;2;2;1.0;1;1;6.0;0.0
2062402;2;1;0;1.0;1;1;3.0;0.0
20627069;5;10;0;15.0;1;13;0.0;15.0
20628835;3;0;0;0.0;1;3;0.0;3.0
20629628;10;0;0;3.0;1;8;0.0;10.0
20630026;6;0;0;3.0;1;6;0.0;6.0
20631008;1;1;0;1.0;1;1;2.0;0.0
20632700;6;11;2;15.0;1;17;5.0;14.0
20633156;10;0;0;1.0;1;8;0.0;10.0
20633284;7;4;2;7.0;1;12;5.0;8.0
20633436;1;1;0;1.0;1;1;2.0;0.0
20633448;10;0;0;0.0;1;5;0.0;10.0
20633661;1;4;1;2.0;2;2;6.0;0.0
20634191;11;1;0;6.0;1;12;0.0;12.0
20634368;1;6;5;12.0;1;13;0.0;12.0
20634674;5;0;0;0.0;1;5;0.0;5.0
20634688;17;0;0;4.0;1;11;0.0;17.0
20635896;10;11;0;16.0;1;21;0.0;21.0
2063605;1;1;0;0.0;1;0;2.0;0.0
20636212;2;0;0;0.0;1;0;2.0;0.0
20636889;1;0;1;1.0;1;1;2.0;0.0
20637767;1;1;0;1.0;1;2;2.0;0.0
20638966;5;3;0;7.0;1;8;2.0;6.0
20639192;1;1;1;4.0;1;4;0.0;3.0
20639551;12;6;0;11.0;1;18;0.0;18.0
20640948;5;0;1;1.0;1;6;0.0;6.0
20641269;2;0;0;1.0;1;1;2.0;0.0
2064159;13;18;5;30.0;1;28;2.0;34.0
20641719;0;3;1;3.0;4;3;4.0;0.0
20642598;0;1;0;1.0;1;1;1.0;0.0
20642615;1;9;2;12.0;1;12;2.0;10.0
20643095;2;5;1;8.0;1;8;2.0;6.0
20643122;4;0;0;1.0;1;4;0.0;4.0
20643427;12;12;6;24.0;1;31;0.0;30.0
20643715;4;0;1;1.0;1;5;0.0;5.0
20643745;3;0;0;2.0;1;3;0.0;3.0
20644431;12;12;3;20.0;1;27;0.0;27.0
20647034;1;4;0;5.0;1;5;1.0;4.0
2065090;5;24;16;49.0;3;42;20.0;25.0
20654984;11;12;6;24.0;1;30;0.0;29.0
20656758;3;0;0;2.0;1;4;0.0;3.0
20656798;11;0;0;4.0;1;11;0.0;11.0
20657295;2;3;1;3.0;1;3;6.0;0.0
20657598;0;1;0;0.0;1;0;1.0;0.0
20658;0;0;0;0.0;1;0;0.0;0.0
20660273;8;1;0;6.0;1;9;0.0;9.0
20660956;1;8;7;17.0;1;16;0.0;16.0
20661593;0;1;8;12.0;1;9;1.0;8.0
20662564;21;12;6;26.0;1;31;0.0;39.0
20662939;1;1;0;0.0;1;1;2.0;0.0
20663156;1;1;0;0.0;1;1;2.0;0.0
20663473;2;0;0;3.0;1;3;2.0;0.0
20663850;1;1;1;2.0;1;2;3.0;0.0
20663995;3;0;0;2.0;1;3;0.0;3.0
20664297;2;0;0;0.0;1;2;2.0;0.0
20668138;3;4;0;5.0;1;7;0.0;7.0
20668601;22;35;24;73.0;1;33;0.0;81.0
20669340;1;1;1;0.0;1;0;3.0;0.0
20669784;12;9;0;14.0;1;21;0.0;21.0
20671444;1;2;0;1.0;1;1;3.0;0.0
20671529;2;2;1;0.0;1;0;5.0;0.0
20672470;15;5;0;11.0;1;17;0.0;20.0
20673282;10;8;4;10.0;1;17;7.0;15.0
20689189;1;0;2;2.0;2;2;3.0;0.0
20689400;2;2;0;2.0;1;4;0.0;4.0
20689941;5;0;0;0.0;1;5;0.0;5.0
20690354;6;2;0;3.0;1;8;0.0;8.0
20690587;1;1;1;0.0;1;0;3.0;0.0
20690726;2;6;0;8.0;1;8;0.0;8.0
20691196;1;2;0;1.0;1;1;3.0;0.0
2069308;1;3;25;36.0;1;12;3.0;26.0
20693457;2;1;0;1.0;1;2;3.0;0.0
20693695;7;6;0;6.0;1;12;4.0;9.0
20693958;1;0;0;0.0;1;1;1.0;0.0
20694039;0;1;0;2.0;1;2;1.0;0.0
20694750;2;6;6;12.0;1;14;0.0;14.0
20698723;11;14;12;33.0;1;29;2.0;35.0
20698829;10;12;5;22.0;1;27;0.0;27.0
20699489;2;6;2;11.0;1;11;10.0;0.0
20699638;2;0;0;0.0;1;0;2.0;0.0
2070;12;9;7;25.0;3;23;28.0;0.0
20700213;19;0;0;4.0;1;11;0.0;19.0
2070045;3;3;0;2.0;1;4;6.0;0.0
20700541;1;1;0;0.0;1;0;2.0;0.0
20700797;5;7;0;9.0;1;11;0.0;12.0
20701038;4;4;0;8.0;1;9;1.0;7.0
20702217;1;1;0;0.0;1;0;2.0;0.0
20702250;7;0;0;7.0;1;5;1.0;6.0
20702264;4;5;0;8.0;1;8;2.0;7.0
20703135;5;11;11;23.0;1;21;2.0;25.0
20703303;23;25;12;51.0;1;31;0.0;60.0
20703634;15;16;6;27.0;1;29;0.0;37.0
20704292;0;2;3;5.0;1;5;5.0;0.0
2070584;0;2;0;0.0;1;0;2.0;0.0
20707449;9;0;0;2.0;1;9;0.0;9.0
20709319;0;1;1;3.0;1;3;2.0;0.0
20709483;0;1;0;1.0;1;1;1.0;0.0
20710818;17;0;0;5.0;1;12;0.0;17.0
20710848;5;0;0;0.0;1;3;0.0;5.0
20711371;2;0;0;0.0;1;1;2.0;0.0
2071138;12;35;24;67.0;1;32;0.0;71.0
20711931;24;12;0;22.0;1;21;0.0;36.0
20711951;9;3;2;6.0;1;13;0.0;14.0
20712012;15;0;0;5.0;1;12;0.0;15.0
20712203;10;0;0;3.0;1;10;0.0;10.0
20712946;2;6;0;7.0;1;7;2.0;6.0
20713733;7;0;0;1.0;1;5;0.0;7.0
20716574;2;6;13;20.0;1;18;7.0;14.0
20717233;0;0;0;0.0;1;0;0.0;0.0
20718696;6;12;6;23.0;1;24;3.0;21.0
20719433;12;0;0;5.0;1;12;0.0;12.0
20719528;1;1;0;2.0;2;2;2.0;0.0
20719796;0;7;10;19.0;1;14;1.0;16.0
20720429;8;0;0;3.0;1;9;0.0;8.0
20720573;12;0;0;5.0;1;12;0.0;12.0
20720752;2;0;0;0.0;1;0;2.0;0.0
20723227;10;1;0;6.0;1;11;0.0;11.0
20724676;24;18;6;35.0;1;31;0.0;48.0
20724863;10;6;0;11.0;1;15;0.0;16.0
20725240;3;2;2;3.0;1;5;7.0;0.0
20725379;5;2;3;4.0;3;9;6.0;4.0
20725889;0;2;2;5.0;1;5;1.0;3.0
20725948;0;1;0;1.0;1;1;1.0;0.0
20726073;0;13;2;16.0;1;13;3.0;12.0
20726657;1;0;0;0.0;1;0;1.0;0.0
20726990;12;0;0;5.0;1;12;0.0;12.0
20728563;15;8;4;14.0;1;21;14.0;13.0
2072857;5;5;5;13.0;1;15;11.0;4.0
20728851;2;0;0;1.0;1;2;2.0;0.0
20728868;1;1;0;0.0;1;0;2.0;0.0
20729696;0;1;6;6.0;1;4;0.0;7.0
20729970;1;20;0;21.0;2;7;0.0;21.0
20730421;12;4;0;9.0;1;16;0.0;16.0
20730978;8;7;7;14.0;1;21;6.0;16.0
2073391;50;36;17;65.0;4;48;84.0;19.0
2074541;3;1;0;1.0;1;3;4.0;0.0
20745771;8;4;6;15.0;1;19;0.0;18.0
20746075;11;10;1;11.0;1;14;0.0;22.0
20746255;9;7;0;8.0;1;10;0.0;16.0
20746645;3;1;1;2.0;1;5;5.0;0.0
20746984;10;1;0;3.0;1;9;3.0;8.0
20747160;12;0;0;2.0;1;9;0.0;12.0
20747523;0;4;12;17.0;1;10;0.0;16.0
20747728;2;1;1;0.0;2;0;4.0;0.0
20748483;12;12;8;25.0;1;31;0.0;32.0
20748543;1;1;0;0.0;1;0;2.0;0.0
20749205;15;15;6;30.0;1;31;0.0;36.0
20749427;8;0;0;2.0;1;8;0.0;8.0
20749447;1;0;0;0.0;1;0;1.0;0.0
20749511;9;11;6;21.0;1;19;5.0;21.0
20749567;8;0;0;2.0;1;8;2.0;6.0
20750832;1;13;19;33.0;1;15;5.0;28.0
20751057;6;13;0;18.0;1;16;0.0;19.0
20751549;0;3;0;3.0;1;3;0.0;3.0
20751851;0;3;6;10.0;1;10;0.0;9.0
20752546;21;1;0;13.0;1;13;0.0;22.0
20754825;9;3;0;2.0;1;8;0.0;12.0
20755145;1;0;0;0.0;1;0;1.0;0.0
20755235;0;1;0;0.0;1;0;1.0;0.0
20756707;0;0;6;7.0;1;7;0.0;6.0
20756798;20;11;5;23.0;1;23;0.0;36.0
20756986;0;6;5;12.0;1;11;0.0;11.0
20757;42;35;9;69.0;1;34;6.0;80.0
20757203;4;0;0;4.0;1;4;0.0;4.0
20757452;10;0;0;3.0;1;10;0.0;10.0
2075750;1;25;36;67.0;1;24;6.0;56.0
20757616;0;8;2;8.0;1;8;3.0;7.0
20759390;7;0;0;0.0;1;7;0.0;7.0
20759923;14;24;4;29.0;1;22;0.0;42.0
20759975;15;24;6;39.0;1;31;0.0;45.0
20760313;0;1;0;1.0;1;1;1.0;0.0
2076320;8;29;10;45.0;1;27;8.0;39.0
2076350;1;0;0;0.0;2;0;1.0;0.0
20763574;15;24;7;40.0;1;32;0.0;46.0
20764019;1;0;0;0.0;1;1;1.0;0.0
20764121;20;19;9;40.0;1;29;0.0;48.0
20764126;9;0;0;2.0;1;7;1.0;8.0
20764413;12;6;0;11.0;1;18;0.0;18.0
20764541;2;0;0;0.0;1;0;2.0;0.0
20764801;1;0;0;0.0;1;0;1.0;0.0
20764948;1;4;3;7.0;1;7;8.0;0.0
20764971;0;6;0;6.0;1;3;0.0;6.0
20765307;1;2;0;0.0;1;0;3.0;0.0
20765521;0;1;0;0.0;1;0;1.0;0.0
20766463;0;11;4;15.0;1;15;0.0;15.0
20766757;1;1;0;0.0;1;0;2.0;0.0
20767132;0;1;0;0.0;1;0;1.0;0.0
20767286;7;11;4;16.0;1;19;3.0;19.0
20767559;1;0;0;0.0;1;0;1.0;0.0
20767834;0;2;1;1.0;1;1;3.0;0.0
20768302;3;0;0;0.0;1;1;3.0;0.0
20770395;10;7;6;14.0;1;17;10.0;13.0
20770483;6;39;48;92.0;1;23;1.0;92.0
20770596;0;5;18;25.0;1;9;0.0;23.0
20771738;1;1;0;0.0;1;0;2.0;0.0
20772813;5;14;17;38.0;2;21;0.0;36.0
20772991;0;1;1;2.0;1;2;2.0;0.0
20775764;4;3;0;6.0;1;2;7.0;0.0
20776060;4;1;0;1.0;2;2;5.0;0.0
20776107;1;2;5;5.0;1;5;2.0;6.0
20776256;3;7;0;6.0;1;7;6.0;4.0
20776392;2;1;0;0.0;1;1;3.0;0.0
20776797;2;0;0;1.0;1;1;2.0;0.0
20780386;0;2;1;2.0;1;2;3.0;0.0
20780454;1;2;1;4.0;1;4;0.0;4.0
20781277;2;0;0;0.0;1;1;2.0;0.0
2078136;1;0;0;0.0;5;0;1.0;0.0
20781380;4;1;0;0.0;1;4;5.0;0.0
20781851;1;5;0;6.0;1;6;0.0;6.0
20782119;0;7;6;14.0;1;14;0.0;13.0
20782294;1;1;0;0.0;1;0;2.0;0.0
20782414;1;2;0;1.0;1;1;3.0;0.0
20782603;7;8;5;16.0;1;19;17.0;3.0
20782939;9;0;0;4.0;1;9;0.0;9.0
20783863;19;8;8;23.0;1;25;3.0;32.0
2078572;3;2;2;2.0;1;3;7.0;0.0
2079602;10;3;0;12.0;1;8;0.0;13.0
2080098;0;0;1;2.0;1;2;1.0;0.0
20801015;4;0;0;1.0;1;4;0.0;4.0
20802268;0;2;0;0.0;1;0;2.0;0.0
20803600;1;6;6;13.0;1;14;0.0;13.0
20804270;14;4;12;20.0;1;18;0.0;30.0
20804987;1;1;0;2.0;1;2;2.0;0.0
20807743;1;4;3;7.0;1;7;8.0;0.0
20808119;1;0;0;0.0;1;0;1.0;0.0
20808223;12;12;6;24.0;1;31;0.0;30.0
20809271;1;1;0;0.0;1;0;2.0;0.0
20809350;12;3;0;8.0;1;15;0.0;15.0
20810188;2;3;1;6.0;1;6;0.0;6.0
20813545;7;11;6;23.0;1;26;1.0;23.0
20814673;9;5;0;10.0;1;15;0.0;14.0
20814899;9;3;0;8.0;1;12;0.0;12.0
20816001;12;5;0;10.0;1;17;0.0;17.0
20816255;9;1;0;1.0;1;7;2.0;8.0
20816628;10;0;0;0.0;1;4;0.0;10.0
20817393;12;5;0;10.0;1;17;0.0;17.0
20818148;11;12;1;18.0;1;24;0.0;24.0
20821534;2;1;1;3.0;1;4;0.0;4.0
20822171;0;7;0;6.0;1;6;2.0;5.0
20823063;0;1;0;1.0;1;1;1.0;0.0
20823334;2;7;5;14.0;1;14;0.0;14.0
20823382;4;5;0;5.0;1;8;3.0;6.0
20824342;5;0;0;2.0;1;5;0.0;5.0
20824724;2;0;0;0.0;1;1;2.0;0.0
20825489;2;2;3;6.0;1;6;7.0;0.0
20825927;24;9;0;14.0;1;21;0.0;33.0
20826104;9;1;0;5.0;1;11;0.0;10.0
20828209;1;1;0;0.0;1;0;2.0;0.0
20828301;9;21;1;26.0;1;20;3.0;28.0
2082927;9;16;9;37.0;1;29;11.0;23.0
20830632;11;0;0;4.0;1;11;0.0;11.0
20831226;2;2;0;0.0;1;1;4.0;0.0
20831253;0;3;0;1.0;1;1;3.0;0.0
20831539;3;0;0;3.0;1;4;0.0;3.0
20833966;1;0;0;0.0;1;0;1.0;0.0
20835456;0;3;3;7.0;1;7;0.0;6.0
20835933;1;17;6;25.0;1;20;0.0;24.0
20835996;1;10;3;12.0;1;12;2.0;12.0
20836113;9;11;3;19.0;1;23;0.0;23.0
20836566;1;1;1;0.0;1;0;3.0;0.0
20839980;5;0;0;0.0;1;5;0.0;5.0
20840305;2;0;0;0.0;2;1;2.0;0.0
20841259;2;1;2;3.0;1;4;2.0;3.0
20841308;3;6;3;10.0;1;12;0.0;12.0
20842426;1;2;1;3.0;1;4;0.0;4.0
20842826;12;12;4;21.0;1;28;0.0;28.0
20843570;2;1;3;4.0;1;6;2.0;4.0
20843859;0;7;0;7.0;1;7;0.0;7.0
20844626;0;5;3;8.0;1;8;4.0;4.0
20844738;3;5;5;15.0;1;14;2.0;11.0
20845369;1;1;0;1.0;1;1;2.0;0.0
20848703;2;1;1;2.0;1;3;0.0;4.0
20859582;2;0;0;2.0;1;2;2.0;0.0
20859632;6;0;1;5.0;1;8;0.0;7.0
2086078;2;11;6;17.0;1;17;2.0;17.0
20861116;11;4;0;9.0;1;13;0.0;15.0
20861606;4;2;1;6.0;1;8;0.0;7.0
2086181;0;15;28;47.0;1;18;2.0;41.0
20862486;4;28;23;56.0;1;24;7.0;48.0
20862975;3;7;5;13.0;1;10;2.0;13.0
20863708;8;12;6;24.0;1;27;0.0;26.0
20864197;9;0;0;2.0;1;9;0.0;9.0
20864508;1;6;5;12.0;1;12;3.0;9.0
20864868;0;4;0;4.0;1;4;0.0;4.0
20864874;5;12;6;23.0;1;23;0.0;23.0
2086562;2;3;0;0.0;1;0;5.0;0.0
20866111;12;2;0;7.0;1;14;0.0;14.0
20866236;12;12;8;27.0;3;34;0.0;32.0
20866355;0;1;0;0.0;1;0;1.0;0.0
2086836;1;1;0;0.0;1;0;2.0;0.0
20868725;1;1;0;0.0;1;1;2.0;0.0
20869533;11;2;1;4.0;1;11;4.0;10.0
20870455;5;11;1;14.0;1;17;0.0;17.0
20872027;1;1;1;0.0;1;0;3.0;0.0
20872889;12;5;0;10.0;1;17;0.0;17.0
20873187;1;1;2;4.0;1;5;0.0;4.0
2087325;48;42;17;83.0;1;31;0.0;107.0
20873414;2;1;0;3.0;1;4;0.0;3.0
20873539;6;0;0;2.0;1;6;0.0;6.0
20873692;12;1;0;6.0;1;13;0.0;13.0
20873750;2;3;1;2.0;1;2;6.0;0.0
20873968;0;1;0;0.0;1;0;1.0;0.0
20877635;16;3;0;8.0;1;15;0.0;19.0
20877696;1;1;0;0.0;1;0;2.0;0.0
20878326;12;2;0;7.0;1;14;0.0;14.0
20878451;0;4;0;4.0;1;4;0.0;4.0
20878496;0;1;0;0.0;1;0;1.0;0.0
20879758;8;12;6;23.0;1;27;0.0;26.0
20880811;5;1;0;0.0;2;4;6.0;0.0
20881411;5;6;4;15.0;1;14;12.0;3.0
20881853;0;11;6;18.0;1;18;0.0;17.0
2088192;0;1;1;0.0;2;0;2.0;0.0
20882361;7;9;0;9.0;1;16;0.0;16.0
20882808;2;2;1;1.0;1;1;5.0;0.0
20884581;5;0;0;5.0;1;4;0.0;5.0
20885369;12;15;2;22.0;1;26;0.0;29.0
20886396;2;3;0;5.0;1;5;0.0;5.0
20886641;0;10;0;10.0;1;10;0.0;10.0
20886998;14;1;0;6.0;1;13;0.0;15.0
20887044;5;13;9;26.0;1;24;10.0;17.0
20887150;1;3;1;4.0;2;5;0.0;5.0
20887437;22;35;30;79.0;1;31;4.0;83.0
20888358;18;44;18;73.0;1;33;4.0;76.0
20889807;23;25;9;40.0;1;27;2.0;55.0
20890125;3;0;0;0.0;2;2;3.0;0.0
20890715;12;12;6;24.0;1;31;0.0;30.0
20891599;9;1;4;9.0;1;12;0.0;14.0
20894909;7;12;15;32.0;1;20;2.0;32.0
20895605;13;12;6;25.0;1;31;0.0;31.0
20896279;1;0;1;1.0;1;2;2.0;0.0
20896808;0;1;0;0.0;1;0;1.0;0.0
20897224;4;8;3;10.0;1;13;4.0;11.0
20897266;5;0;0;0.0;1;5;0.0;5.0
20897475;0;2;1;3.0;1;3;3.0;0.0
20898966;1;17;30;55.0;1;17;1.0;47.0
20899113;2;0;0;0.0;1;2;2.0;0.0
20899169;1;0;5;6.0;1;8;0.0;6.0
20899218;0;3;1;4.0;1;4;0.0;4.0
20899700;2;3;0;2.0;1;4;1.0;4.0
20901407;14;2;0;8.0;1;12;0.0;16.0
20901584;7;18;0;22.0;1;19;0.0;25.0
2090487;4;0;1;2.0;1;4;5.0;0.0
2090834;8;13;3;25.0;1;22;10.0;14.0
20918209;0;1;0;0.0;1;0;1.0;0.0
20920524;6;12;1;19.0;1;14;1.0;18.0
20920577;0;4;0;4.0;1;4;0.0;4.0
20921694;12;7;0;12.0;1;19;0.0;19.0
20922321;2;0;1;1.0;1;2;3.0;0.0
20923132;1;5;0;5.0;1;6;0.0;6.0
20923663;1;1;0;1.0;1;1;2.0;0.0
20929414;13;2;5;9.0;1;12;0.0;20.0
20932697;2;1;1;0.0;1;1;4.0;0.0
20932845;17;0;0;1.0;1;9;2.0;15.0
20933742;2;5;6;12.0;1;13;1.0;12.0
20934698;1;8;7;13.0;1;13;7.0;9.0
20939236;4;1;0;0.0;1;4;2.0;3.0
20939977;1;4;3;6.0;1;6;2.0;6.0
20940604;16;9;11;30.0;1;25;0.0;36.0
20941977;6;0;0;0.0;1;4;0.0;6.0
2094210;5;31;16;50.0;1;38;19.0;33.0
20942562;3;1;0;1.0;1;4;0.0;4.0
20943921;1;4;0;4.0;1;4;0.0;5.0
20946812;8;5;1;9.0;1;14;1.0;13.0
20949268;12;2;0;7.0;1;14;0.0;14.0
20949498;1;6;0;6.0;1;6;2.0;5.0
20949656;1;1;1;2.0;2;2;3.0;0.0
20950893;2;32;14;47.0;1;22;5.0;43.0
20951052;1;1;1;0.0;1;0;3.0;0.0
20952597;5;0;0;1.0;1;6;0.0;5.0
20953756;0;1;0;1.0;1;1;1.0;0.0
20958065;0;6;7;13.0;1;13;0.0;13.0
20958087;2;5;3;11.0;1;11;0.0;10.0
20959062;11;4;12;18.0;1;16;0.0;27.0
20960824;10;12;3;20.0;1;25;0.0;25.0
20961005;6;3;3;6.0;1;10;7.0;5.0
20963256;0;4;0;4.0;1;4;0.0;4.0
2096381;0;2;2;5.0;1;5;0.0;4.0
20964018;0;4;0;4.0;1;4;0.0;4.0
20964836;2;0;0;0.0;1;0;2.0;0.0
2097653;2;12;5;18.0;1;20;0.0;19.0
20986612;4;7;4;15.0;1;15;0.0;15.0
20986774;5;0;0;0.0;1;5;0.0;5.0
20988609;7;0;0;0.0;1;3;0.0;7.0
20989315;1;2;0;0.0;1;0;3.0;0.0
20991799;1;0;0;0.0;1;0;1.0;0.0
20991878;13;12;0;18.0;1;24;0.0;25.0
20992208;9;3;6;15.0;1;19;0.0;18.0
20992564;0;5;0;5.0;1;5;0.0;5.0
20992880;0;6;3;6.0;1;6;2.0;7.0
2099511;3;2;1;0.0;1;1;6.0;0.0
20997215;2;5;1;4.0;1;5;8.0;0.0
21004627;12;1;0;1.0;1;8;0.0;13.0
21005502;1;6;2;9.0;1;9;0.0;9.0
2100651;4;2;2;5.0;1;4;4.0;4.0
2100696;12;12;6;24.0;1;31;0.0;30.0
21007181;6;6;2;11.0;1;14;0.0;14.0
21009190;2;2;8;12.0;1;12;3.0;9.0
21009259;3;10;5;20.0;1;19;10.0;8.0
21015140;10;10;0;14.0;1;18;0.0;20.0
21016966;6;0;0;2.0;1;5;6.0;0.0
21017592;4;2;0;4.0;1;6;0.0;6.0
21017832;0;1;0;0.0;1;0;1.0;0.0
21017852;1;1;1;0.0;1;0;3.0;0.0
21019257;12;19;8;34.0;1;31;0.0;39.0
21020675;0;1;1;0.0;1;0;2.0;0.0
21021182;3;3;2;8.0;1;8;3.0;5.0
21022732;10;0;0;0.0;1;6;0.0;10.0
21026400;1;0;0;0.0;1;1;1.0;0.0
21028434;2;10;8;20.0;1;17;0.0;20.0
2103301;1;0;0;0.0;1;1;1.0;0.0
21033183;16;24;15;47.0;1;39;9.0;46.0
21033510;5;12;18;36.0;1;21;8.0;27.0
21033713;1;1;0;0.0;1;0;2.0;0.0
21037276;3;0;0;2.0;1;3;3.0;0.0
2104637;2;2;1;2.0;4;2;5.0;0.0
21054351;3;1;0;0.0;1;2;4.0;0.0
21055394;4;2;1;3.0;1;4;7.0;0.0
21055711;3;3;0;4.0;1;6;0.0;6.0
21056958;33;13;50;85.0;1;27;0.0;96.0
21057698;1;1;0;0.0;1;0;2.0;0.0
21059591;10;3;0;8.0;1;12;0.0;13.0
21059870;5;1;0;2.0;1;6;6.0;0.0
21061081;5;0;0;0.0;1;6;0.0;5.0
21061272;0;1;0;0.0;1;0;1.0;0.0
21061416;2;7;0;7.0;1;9;0.0;9.0
21064105;4;0;0;0.0;1;2;0.0;4.0
2106425;6;5;1;3.0;2;7;12.0;0.0
21066437;4;4;2;11.0;1;12;0.0;10.0
21066697;11;12;6;24.0;1;30;0.0;29.0
21066712;0;1;8;8.0;1;7;2.0;7.0
21066723;4;6;8;15.0;1;16;13.0;5.0
21067494;10;1;0;4.0;1;11;0.0;11.0
21068138;7;5;2;6.0;1;12;2.0;12.0
21070298;2;13;1;14.0;1;14;0.0;16.0
21070830;10;0;0;5.0;1;9;0.0;10.0
21073371;6;0;0;0.0;1;4;0.0;6.0
21074126;4;0;0;3.0;1;4;0.0;4.0
21075264;2;1;0;2.0;1;2;3.0;0.0
21076151;9;1;4;10.0;1;13;3.0;11.0
21076230;4;0;0;0.0;1;4;0.0;4.0
21076536;18;32;19;64.0;1;31;0.0;69.0
21077345;1;6;0;6.0;1;7;0.0;7.0
21077376;5;6;6;18.0;1;18;0.0;17.0
21077853;5;13;18;36.0;1;24;13.0;23.0
21077925;1;1;0;0.0;1;0;2.0;0.0
21078210;12;11;6;22.0;1;29;0.0;29.0
21079112;2;4;1;7.0;1;8;7.0;0.0
21079214;2;5;0;7.0;1;7;0.0;7.0
21079554;4;0;0;3.0;1;4;0.0;4.0
21080269;2;13;13;29.0;2;17;9.0;19.0
21080556;1;1;1;0.0;1;0;3.0;0.0
2108076;0;4;0;3.0;1;3;0.0;4.0
21081299;31;48;24;90.0;1;31;0.0;103.0
21081805;0;1;0;2.0;1;2;1.0;0.0
21086134;12;31;21;65.0;1;29;0.0;64.0
21086759;11;12;5;21.0;1;28;0.0;28.0
21086841;5;24;12;43.0;1;23;0.0;41.0
21086970;0;6;3;9.0;1;9;0.0;9.0
21087377;12;7;12;27.0;1;26;0.0;31.0
21088110;1;1;2;4.0;1;5;0.0;4.0
21089047;0;4;6;11.0;1;11;0.0;10.0
21090148;2;2;0;1.0;1;2;4.0;0.0
21090849;4;4;0;4.0;1;4;5.0;3.0
21091031;6;3;1;2.0;1;7;4.0;6.0
21091047;1;1;0;0.0;1;0;2.0;0.0
21091548;1;1;1;0.0;1;0;3.0;0.0
21107611;21;4;0;11.0;2;14;3.0;22.0
21108589;7;12;0;17.0;1;19;0.0;19.0
21108847;12;18;5;23.0;1;20;4.0;31.0
21108958;3;0;4;4.0;1;7;0.0;7.0
21110964;1;2;0;3.0;1;3;3.0;0.0
21110981;4;2;1;8.0;1;7;0.0;7.0
21113432;1;5;0;3.0;1;3;6.0;0.0
21113516;21;45;32;92.0;1;30;4.0;94.0
21114094;11;12;1;21.0;1;18;5.0;19.0
21114186;0;8;2;10.0;1;10;0.0;10.0
21114292;1;1;0;1.0;1;2;2.0;0.0
21114409;0;1;1;3.0;2;2;1.0;1.0
21115020;4;2;1;5.0;2;6;3.0;4.0
21115133;9;1;0;7.0;2;5;2.0;8.0
21115203;3;0;0;0.0;2;2;3.0;0.0
21115332;3;1;1;3.0;2;5;5.0;0.0
21119872;16;1;0;9.0;1;12;5.0;12.0
21121682;13;29;29;77.0;1;25;0.0;71.0
21122013;27;4;2;14.0;1;19;0.0;33.0
21122305;0;1;0;0.0;3;0;1.0;0.0
2112321;1;0;0;0.0;2;0;1.0;0.0
21123320;9;10;8;26.0;1;32;8.0;19.0
21123514;11;0;0;6.0;1;9;0.0;11.0
21123564;4;6;3;12.0;1;11;0.0;13.0
21123637;5;1;0;6.0;1;6;0.0;6.0
21123945;11;10;6;21.0;1;21;6.0;21.0
21124279;4;0;5;7.0;1;8;0.0;9.0
21125063;7;0;0;0.0;1;6;0.0;7.0
21125850;1;2;2;4.0;1;5;0.0;5.0
21128561;1;1;0;0.0;1;0;2.0;0.0
21129920;0;0;1;0.0;1;0;1.0;0.0
21129976;0;0;3;4.0;1;4;0.0;3.0
21130703;5;3;3;9.0;1;11;3.0;8.0
21131410;4;1;1;3.0;1;5;2.0;4.0
21131474;7;0;0;2.0;1;7;0.0;7.0
21133098;0;5;11;15.0;1;10;3.0;13.0
21133321;10;5;0;10.0;1;15;0.0;15.0
21133722;7;5;2;6.0;1;9;4.0;10.0
21134245;10;0;0;3.0;1;10;0.0;10.0
21134553;0;0;4;7.0;1;3;0.0;4.0
21138423;24;9;0;29.0;1;11;2.0;31.0
21139114;1;1;0;0.0;1;0;2.0;0.0
21139787;1;0;0;0.0;1;1;1.0;0.0
21140624;1;1;1;0.0;1;0;3.0;0.0
21140788;6;10;5;20.0;1;18;3.0;18.0
21141117;4;0;0;0.0;1;3;0.0;4.0
21142154;0;1;0;1.0;1;1;0.0;1.0
21142808;1;2;1;1.0;1;1;4.0;0.0
21148338;5;12;6;24.0;1;24;0.0;23.0
21148999;0;12;13;27.0;3;27;0.0;25.0
21149119;23;28;6;42.0;1;32;5.0;52.0
21149417;12;12;5;23.0;1;30;0.0;29.0
21149616;3;0;1;1.0;1;2;4.0;0.0
21149831;6;13;0;14.0;1;18;10.0;9.0
21150161;5;0;1;1.0;1;6;0.0;6.0
21150413;1;1;0;0.0;1;1;2.0;0.0
2115119;6;3;4;9.0;1;11;9.0;4.0
21151507;23;71;46;137.0;1;31;0.0;140.0
21152070;1;1;0;1.0;1;1;2.0;0.0
21152145;18;23;6;44.0;1;26;0.0;47.0
2115239;0;24;18;43.0;1;14;0.0;42.0
21152984;0;1;0;0.0;1;0;1.0;0.0
21153443;8;0;0;3.0;1;7;0.0;8.0
21153496;15;12;1;20.0;1;25;0.0;28.0
21159;7;1;1;3.0;3;6;4.0;5.0
21168446;11;0;0;5.0;1;11;0.0;11.0
21169871;4;0;1;3.0;1;5;5.0;0.0
21170407;7;12;0;14.0;1;18;0.0;19.0
21170695;4;0;0;3.0;1;4;0.0;4.0
21170796;2;3;1;0.0;1;0;6.0;0.0
21170947;8;0;0;1.0;1;7;0.0;8.0
21172005;0;1;0;0.0;1;0;1.0;0.0
21173045;3;3;0;2.0;1;5;6.0;0.0
21173320;11;44;26;78.0;1;31;11.0;70.0
21173378;17;0;0;6.0;1;10;0.0;17.0
21173852;14;7;10;22.0;1;23;0.0;31.0
21174073;0;1;1;0.0;1;0;2.0;0.0
21174104;0;3;0;1.0;1;1;3.0;0.0
21175013;10;13;6;24.0;1;28;9.0;20.0
21175181;9;12;6;23.0;1;27;0.0;27.0
21175272;12;6;1;12.0;1;18;0.0;19.0
21176855;22;1;0;10.0;1;13;0.0;23.0
2117732;1;13;5;17.0;1;12;3.0;16.0
21179876;1;1;0;2.0;1;2;2.0;0.0
21180775;2;2;1;5.0;1;7;0.0;5.0
21180854;3;1;0;1.0;1;3;0.0;4.0
21180915;0;0;2;1.0;1;1;2.0;0.0
21181818;5;9;5;14.0;1;17;0.0;19.0
21182604;10;6;12;27.0;1;20;8.0;20.0
21183273;4;1;1;1.0;1;4;6.0;0.0
21183664;0;1;1;0.0;1;0;2.0;0.0
21183666;0;1;0;0.0;1;0;1.0;0.0
21184157;4;8;0;8.0;1;10;0.0;12.0
21184765;0;0;8;9.0;1;6;0.0;8.0
21184924;3;17;11;33.0;1;25;8.0;23.0
21185357;5;0;0;3.0;1;4;0.0;5.0
21186010;12;0;1;6.0;1;12;2.0;11.0
21187847;1;1;0;0.0;1;0;2.0;0.0
21189781;8;17;12;35.0;1;28;0.0;37.0
21190203;5;1;1;6.0;1;7;0.0;7.0
21190351;2;1;0;0.0;1;1;3.0;0.0
21193085;0;0;1;1.0;1;1;1.0;0.0
21193412;0;5;0;5.0;1;5;0.0;5.0
21193743;7;4;9;15.0;1;18;1.0;19.0
21193784;0;1;1;0.0;1;0;2.0;0.0
21194521;20;6;2;17.0;1;19;0.0;28.0
21194583;0;1;1;0.0;1;0;2.0;0.0
21199864;6;12;4;16.0;1;12;0.0;22.0
21199961;0;9;3;13.0;1;13;0.0;12.0
21200115;0;11;13;28.0;1;16;0.0;24.0
21200263;1;3;1;2.0;1;3;2.0;3.0
21201956;23;36;3;54.0;1;25;0.0;62.0
21202790;4;8;0;12.0;1;12;0.0;12.0
21203542;3;1;0;3.0;1;3;4.0;0.0
21204377;0;7;6;14.0;1;14;0.0;13.0
2120562;14;9;5;24.0;5;25;28.0;0.0
21207767;0;1;1;0.0;1;0;2.0;0.0
21208146;14;4;1;6.0;1;11;0.0;19.0
21208702;2;3;2;3.0;1;3;7.0;0.0
21209526;0;0;1;0.0;1;0;1.0;0.0
21209840;0;2;1;1.0;4;1;3.0;0.0
21210550;1;1;8;12.0;1;12;6.0;4.0
21210956;2;1;0;0.0;1;0;3.0;0.0
21211304;1;1;1;0.0;1;0;3.0;0.0
21212075;3;0;0;1.0;1;3;0.0;3.0
2121452;15;15;7;25.0;2;33;9.0;28.0
2121945;0;0;27;39.0;1;6;0.0;27.0
21224906;3;1;0;1.0;1;3;4.0;0.0
21228255;7;0;0;4.0;1;7;2.0;5.0
21228335;1;7;1;8.0;1;9;3.0;6.0
21228369;6;11;13;24.0;1;21;7.0;23.0
21229086;6;22;11;42.0;1;28;11.0;28.0
21230676;9;11;6;24.0;1;28;0.0;26.0
21231422;6;2;2;4.0;1;9;2.0;8.0
21232383;1;3;0;1.0;1;1;4.0;0.0
21233105;0;0;6;7.0;1;7;0.0;6.0
21233545;2;1;1;1.0;1;1;4.0;0.0
21233567;1;2;1;1.0;1;1;4.0;0.0
21233846;0;0;1;0.0;1;0;1.0;0.0
21233932;1;1;0;0.0;1;0;2.0;0.0
21236409;2;0;0;1.0;1;1;2.0;0.0
212367;6;9;4;15.0;2;19;19.0;0.0
21238128;2;10;0;8.0;1;9;7.0;5.0
2123862;0;0;1;1.0;1;1;1.0;0.0
21238727;3;7;3;7.0;1;6;13.0;0.0
21239434;1;1;1;1.0;1;1;3.0;0.0
21239719;1;0;0;0.0;1;0;1.0;0.0
21241348;7;12;7;25.0;1;26;0.0;26.0
21242203;1;3;0;1.0;1;1;4.0;0.0
21244037;11;11;0;16.0;1;22;0.0;22.0
21247025;1;0;1;0.0;1;0;2.0;0.0
21247152;1;1;0;2.0;1;2;2.0;0.0
21247831;2;0;0;0.0;1;1;2.0;0.0
21247847;15;11;8;29.0;1;29;28.0;6.0
21248616;0;0;22;22.0;1;5;0.0;22.0
21249619;6;17;8;33.0;1;23;0.0;31.0
21249621;28;12;8;37.0;1;26;1.0;47.0
21250408;5;4;0;9.0;1;9;0.0;9.0
21250719;2;2;0;2.0;1;2;4.0;0.0
21250745;6;0;0;2.0;1;7;0.0;6.0
21250841;2;2;1;4.0;1;5;0.0;5.0
21251097;15;21;6;33.0;1;31;4.0;38.0
21251437;4;0;0;2.0;1;3;0.0;4.0
21251513;5;0;0;1.0;1;6;0.0;5.0
21254443;6;0;0;3.0;1;6;1.0;5.0
21255174;10;1;0;5.0;1;10;4.0;7.0
21255450;1;0;0;0.0;1;0;1.0;0.0
21255626;0;2;2;4.0;1;4;0.0;4.0
21255975;4;0;0;0.0;1;4;0.0;4.0
21256270;3;4;0;4.0;1;7;7.0;0.0
21256349;2;0;3;5.0;1;5;0.0;5.0
21257130;1;0;1;0.0;1;0;2.0;0.0
21257595;7;3;0;7.0;1;10;0.0;10.0
21258158;0;9;12;23.0;2;12;0.0;21.0
21258271;0;1;0;0.0;2;0;1.0;0.0
21258770;4;34;12;52.0;1;22;0.0;50.0
21258801;1;3;1;2.0;1;2;5.0;0.0
21259898;0;5;2;6.0;1;6;2.0;5.0
21261783;11;23;14;41.0;1;30;2.0;46.0
21263244;12;24;9;34.0;1;23;0.0;45.0
21265649;5;8;0;13.0;1;13;0.0;13.0
21266014;1;4;0;5.0;1;5;1.0;4.0
21266543;2;1;0;2.0;1;2;3.0;0.0
21266645;7;0;0;0.0;1;5;0.0;7.0
21271014;5;3;0;6.0;1;10;1.0;7.0
212729;5;5;2;9.0;3;11;12.0;0.0
2127303;0;1;1;0.0;1;0;2.0;0.0
2127842;5;0;0;0.0;1;5;0.0;5.0
21280297;3;3;2;3.0;1;3;8.0;0.0
21280606;3;12;0;11.0;1;13;8.0;7.0
21280699;1;2;0;0.0;1;0;3.0;0.0
21280743;4;12;5;22.0;1;18;21.0;0.0
21282008;11;12;2;19.0;1;25;0.0;25.0
2128215;3;3;1;1.0;1;3;7.0;0.0
21282946;5;12;3;19.0;1;19;1.0;19.0
21283495;12;12;0;18.0;1;23;0.0;24.0
21283633;2;2;0;1.0;1;1;4.0;0.0
21284079;1;1;0;0.0;1;0;2.0;0.0
21284116;0;15;12;28.0;1;19;0.0;27.0
21284159;1;3;1;3.0;1;3;3.0;2.0
21284171;1;2;1;0.0;1;0;4.0;0.0
21284312;8;0;0;5.0;1;7;1.0;7.0
21284546;2;1;1;1.0;1;1;4.0;0.0
21287766;0;1;1;0.0;1;0;2.0;0.0
21287870;4;0;8;14.0;1;12;0.0;12.0
21288870;0;6;9;17.0;1;13;0.0;15.0
21289564;10;13;10;30.0;1;26;1.0;32.0
21289613;2;5;3;10.0;1;11;10.0;0.0
21289757;2;2;0;0.0;1;0;4.0;0.0
21289766;1;0;5;5.0;1;6;0.0;6.0
21289821;3;1;0;5.0;1;5;0.0;4.0
21290152;6;12;7;23.0;1;23;3.0;22.0
21291541;0;9;3;12.0;1;12;0.0;12.0
21291549;1;0;6;7.0;1;7;2.0;5.0
21291852;1;11;4;14.0;1;13;2.0;14.0
21292257;1;1;2;2.0;1;2;4.0;0.0
21293118;4;0;0;0.0;1;5;0.0;4.0
21293346;1;1;0;0.0;1;0;2.0;0.0
21295480;7;3;0;7.0;1;9;2.0;8.0
21296341;5;0;1;2.0;1;7;0.0;6.0
21296387;17;0;0;7.0;1;11;0.0;17.0
21296593;11;9;0;14.0;1;20;0.0;20.0
21296761;0;8;6;15.0;1;15;0.0;14.0
21297383;2;1;2;2.0;1;2;5.0;0.0
21297767;7;25;28;64.0;1;23;3.0;57.0
21297872;9;0;0;4.0;1;8;0.0;9.0
21298363;7;5;0;12.0;1;9;0.0;12.0
21298441;11;17;10;33.0;1;37;11.0;27.0
21298591;7;8;0;13.0;1;15;3.0;12.0
21299110;0;0;0;0.0;4;0;0.0;0.0
21299230;4;0;0;0.0;1;5;0.0;4.0
21299722;2;0;0;1.0;1;1;2.0;0.0
21299856;2;1;1;0.0;1;0;4.0;0.0
21299881;7;3;0;5.0;1;11;0.0;10.0
21300058;3;9;0;10.0;1;10;2.0;10.0
21300186;3;8;4;14.0;1;15;0.0;15.0
21301000;5;4;1;8.0;1;8;5.0;5.0
21301790;6;12;9;26.0;1;20;0.0;27.0
21302940;1;3;4;5.0;1;5;3.0;5.0
21303287;8;0;0;2.0;1;8;0.0;8.0
21304117;12;7;8;25.0;1;25;3.0;24.0
21304336;2;0;0;0.0;1;1;2.0;0.0
213056;0;13;0;13.0;1;5;1.0;12.0
21305611;0;9;11;22.0;1;14;0.0;20.0
21306067;4;4;0;8.0;1;7;0.0;8.0
21306613;0;2;6;9.0;1;9;0.0;8.0
21306714;7;0;0;4.0;1;6;1.0;6.0
21306890;1;2;0;2.0;1;3;3.0;0.0
21306929;10;6;0;11.0;1;15;0.0;16.0
21307764;17;1;0;4.0;1;10;2.0;16.0
21307781;0;3;1;4.0;1;4;0.0;4.0
21308964;2;1;0;0.0;1;0;3.0;0.0
213103;9;3;2;6.0;1;13;2.0;12.0
21310632;24;15;7;33.0;1;31;1.0;45.0
21310656;11;7;0;12.0;1;18;0.0;18.0
21310901;0;19;11;29.0;1;14;2.0;28.0
21311070;10;5;0;10.0;1;15;0.0;15.0
21311198;4;6;0;6.0;1;10;0.0;10.0
21311409;1;1;0;0.0;1;0;2.0;0.0
21313568;0;3;3;6.0;1;6;0.0;6.0
21313622;1;3;0;3.0;1;3;4.0;0.0
21314222;5;6;0;6.0;1;9;3.0;8.0
21314879;6;0;0;2.0;1;6;0.0;6.0
21315061;2;0;0;0.0;1;0;2.0;0.0
2132913;2;37;38;83.0;1;22;0.0;77.0
21329768;3;0;0;0.0;1;1;3.0;0.0
21330805;16;9;3;18.0;1;24;0.0;28.0
21331603;1;1;0;0.0;1;0;2.0;0.0
21331691;5;1;2;7.0;1;7;2.0;6.0
21332254;6;4;0;8.0;1;8;2.0;8.0
21332619;0;20;3;23.0;1;14;0.0;23.0
21332681;11;6;0;11.0;1;17;0.0;17.0
21332983;3;17;10;31.0;1;22;0.0;30.0
21333222;1;1;0;0.0;1;0;2.0;0.0
21333536;0;1;0;0.0;2;0;1.0;0.0
21333727;13;10;1;15.0;1;21;0.0;24.0
21333985;0;6;6;13.0;1;13;0.0;12.0
21334282;0;2;0;0.0;2;0;2.0;0.0
21334937;2;26;19;51.0;1;21;0.0;47.0
21335512;8;1;2;8.0;1;13;0.0;11.0
21337395;1;2;1;0.0;1;0;4.0;0.0
21337397;2;19;4;25.0;1;17;0.0;25.0
21338320;1;0;0;0.0;1;0;1.0;0.0
2133879;2;7;10;22.0;2;17;6.0;13.0
21338816;0;1;0;0.0;2;0;1.0;0.0
21338935;15;17;5;25.0;1;30;28.0;9.0
21338965;10;1;0;5.0;1;11;0.0;11.0
21339386;4;12;5;20.0;1;20;3.0;18.0
21339699;6;2;3;7.0;1;12;0.0;11.0
2133999;0;11;6;18.0;1;18;0.0;17.0
21340438;6;12;6;24.0;1;25;0.0;24.0
21340449;1;1;0;1.0;1;1;2.0;0.0
21340623;2;0;0;0.0;2;0;2.0;0.0
21341271;0;11;0;11.0;1;9;0.0;11.0
21341539;1;1;0;0.0;1;0;2.0;0.0
21341734;2;1;0;0.0;1;0;3.0;0.0
21341830;1;5;6;12.0;2;12;1.0;11.0
21341877;0;0;0;0.0;1;0;0.0;0.0
21341884;1;1;1;0.0;1;1;3.0;0.0
21342723;8;2;1;2.0;1;8;5.0;6.0
21345471;3;2;0;2.0;1;3;5.0;0.0
21345861;4;3;3;6.0;1;10;0.0;10.0
21346055;11;11;0;16.0;1;22;0.0;22.0
21346108;3;14;0;17.0;1;12;0.0;17.0
21346283;1;2;0;2.0;1;2;3.0;0.0
21348031;2;1;1;5.0;1;6;0.0;4.0
21348648;0;2;2;4.0;1;4;0.0;4.0
21349396;11;4;0;11.0;1;11;0.0;15.0
21350346;2;2;0;0.0;1;0;4.0;0.0
21352863;9;1;1;5.0;1;6;4.0;7.0
21352964;0;2;1;4.0;1;4;0.0;3.0
21353489;20;34;15;63.0;1;31;2.0;67.0
21354353;16;11;1;17.0;1;23;19.0;9.0
21354714;1;0;0;0.0;1;0;1.0;0.0
2135582;1;3;2;6.0;2;6;2.0;4.0
21356981;2;4;0;6.0;1;6;0.0;6.0
21356991;7;0;0;2.0;1;7;0.0;7.0
21358134;15;5;0;16.0;1;15;0.0;20.0
21359499;8;18;0;23.0;1;21;0.0;26.0
21359525;4;0;0;0.0;1;4;0.0;4.0
21361138;2;9;0;11.0;1;11;0.0;11.0
21362486;4;4;0;4.0;1;8;0.0;8.0
21364818;9;12;6;24.0;1;28;0.0;27.0
21365139;2;2;0;2.0;1;3;4.0;0.0
21365764;0;4;1;4.0;1;4;5.0;0.0
21366092;5;12;10;27.0;1;22;4.0;23.0
21384192;1;1;2;1.0;1;1;4.0;0.0
2138764;1;1;0;0.0;2;0;2.0;0.0
21392176;1;0;0;0.0;1;0;1.0;0.0
21392662;2;3;0;4.0;1;5;5.0;0.0
21393186;9;3;3;7.0;1;12;0.0;15.0
21393938;0;11;12;24.0;1;18;0.0;23.0
21394342;2;1;0;0.0;1;0;3.0;0.0
21394370;9;7;0;15.0;1;17;4.0;12.0
21394991;8;0;0;2.0;1;7;0.0;8.0
21395750;2;1;0;0.0;1;0;3.0;0.0
21395950;5;0;0;1.0;1;3;5.0;0.0
21400763;7;0;0;2.0;2;7;0.0;7.0
21402077;12;19;5;33.0;1;22;0.0;36.0
21405693;0;0;0;0.0;2;0;0.0;0.0
21406869;1;4;6;8.0;1;9;7.0;4.0
21406903;10;8;0;13.0;1;18;0.0;18.0
21407160;18;26;0;38.0;1;16;0.0;44.0
21407232;1;0;0;1.0;1;1;1.0;0.0
21407575;0;1;1;1.0;1;1;2.0;0.0
21408130;1;0;0;0.0;1;0;1.0;0.0
21408365;2;0;3;2.0;1;2;5.0;0.0
21408366;15;24;12;48.0;1;29;0.0;51.0
21409019;9;17;11;30.0;1;28;7.0;30.0
21409245;1;4;8;12.0;1;10;3.0;10.0
21409258;5;21;4;27.0;1;18;2.0;28.0
21409579;0;4;2;6.0;1;6;0.0;6.0
21409845;1;0;1;1.0;1;1;2.0;0.0
21410076;5;19;10;36.0;1;33;8.0;26.0
21410142;1;1;0;0.0;1;0;2.0;0.0
21410607;4;1;0;0.0;1;2;5.0;0.0
21410801;0;2;1;1.0;1;1;3.0;0.0
21410903;0;6;0;6.0;1;6;0.0;6.0
21410937;1;1;0;0.0;1;0;2.0;0.0
21411057;0;0;0;0.0;1;0;0.0;0.0
21417017;0;2;0;1.0;1;1;2.0;0.0
2141858;1;0;0;0.0;5;0;1.0;0.0
2141963;14;5;0;10.0;1;16;1.0;18.0
21424152;2;4;0;4.0;1;6;2.0;4.0
21424183;13;14;6;28.0;1;29;0.0;33.0
21424292;2;13;1;15.0;1;10;3.0;13.0
21424661;13;26;0;29.0;1;20;0.0;39.0
21424762;8;12;6;24.0;1;27;0.0;26.0
21424864;15;0;0;5.0;1;10;0.0;15.0
21424916;3;0;3;4.0;1;7;0.0;6.0
21426701;1;8;10;21.0;1;20;11.0;8.0
21426842;13;0;0;5.0;1;8;0.0;13.0
21427136;3;3;1;2.0;1;4;7.0;0.0
21427236;0;4;0;4.0;1;4;0.0;4.0
21427679;3;4;0;4.0;1;7;0.0;7.0
21427716;4;3;0;3.0;1;5;3.0;4.0
21427771;7;12;6;24.0;1;26;0.0;25.0
21427990;0;1;0;0.0;1;0;1.0;0.0
21428465;17;3;0;11.0;1;13;2.0;18.0
21428592;1;0;0;0.0;1;0;1.0;0.0
21428601;3;2;0;2.0;1;4;0.0;5.0
21431281;1;1;0;0.0;1;0;2.0;0.0
21431601;2;1;0;2.0;1;2;3.0;0.0
21431776;10;1;2;11.0;1;12;2.0;11.0
21433841;2;0;4;6.0;1;6;1.0;5.0
21435086;5;0;0;0.0;1;2;0.0;5.0
21435472;0;11;2;14.0;1;12;3.0;10.0
21435737;2;1;0;0.0;1;0;3.0;0.0
21437451;3;0;5;6.0;1;9;1.0;7.0
21437825;6;2;0;3.0;1;8;0.0;8.0
21437964;0;3;2;4.0;1;3;5.0;0.0
21438046;1;2;1;3.0;1;3;4.0;0.0
21438150;4;8;1;14.0;1;13;0.0;13.0
21438605;0;1;0;1.0;1;1;1.0;0.0
21438650;8;8;0;13.0;1;16;0.0;16.0
21438749;20;0;0;9.0;1;10;1.0;19.0
21439560;1;1;0;2.0;1;2;2.0;0.0
21439568;2;1;0;0.0;1;0;3.0;0.0
21440053;1;1;0;0.0;1;0;2.0;0.0
21440841;0;2;0;0.0;1;0;2.0;0.0
21441798;1;1;0;1.0;1;1;2.0;0.0
21441849;6;18;7;26.0;1;21;6.0;25.0
21444624;5;2;0;5.0;1;7;2.0;5.0
21444810;1;12;7;20.0;1;16;2.0;18.0
21444909;0;2;2;3.0;1;3;4.0;0.0
21445431;5;6;0;11.0;1;11;0.0;11.0
21445485;3;3;2;9.0;1;9;0.0;8.0
21445775;1;8;2;8.0;3;8;7.0;4.0
21446458;10;0;0;8.0;1;9;2.0;8.0
21447286;4;0;0;0.0;1;4;0.0;4.0
21447378;5;0;0;1.0;1;5;0.0;5.0
21447669;3;0;0;0.0;1;3;0.0;3.0
21447825;3;2;0;3.0;1;5;5.0;0.0
21448066;0;8;0;9.0;1;9;0.0;8.0
21450558;12;24;12;45.0;1;30;0.0;48.0
21451085;1;2;2;5.0;1;5;0.0;5.0
21451697;0;2;0;2.0;1;2;2.0;0.0
21451809;11;1;0;3.0;1;7;0.0;12.0
21452709;7;5;9;18.0;2;15;9.0;12.0
21453336;10;17;0;20.0;1;18;6.0;21.0
21453839;5;12;6;24.0;1;24;0.0;23.0
21453852;1;1;0;0.0;1;0;2.0;0.0
2145597;0;1;0;1.0;1;1;1.0;0.0
21456876;3;7;3;10.0;1;13;0.0;13.0
21465886;0;1;1;2.0;1;2;2.0;0.0
21466292;7;0;0;2.0;1;7;0.0;7.0
21466478;20;24;11;46.0;1;29;0.0;55.0
21466516;15;33;32;75.0;1;34;5.0;75.0
21466828;6;9;0;14.0;1;10;0.0;15.0
21467379;0;1;1;0.0;1;0;2.0;0.0
21467514;0;2;1;1.0;1;1;3.0;0.0
21468162;3;1;0;2.0;1;4;0.0;4.0
2146892;0;4;1;3.0;2;3;5.0;0.0
21469053;1;9;0;10.0;1;7;0.0;10.0
21469935;8;5;0;10.0;1;13;0.0;13.0
21470073;0;3;2;5.0;1;5;0.0;5.0
21470149;0;2;0;1.0;1;1;2.0;0.0
21470170;5;2;1;5.0;1;7;0.0;8.0
21470276;2;3;0;5.0;1;6;0.0;5.0
21470353;1;1;0;2.0;1;2;2.0;0.0
2147138;19;5;6;12.0;1;19;0.0;30.0
21472779;1;0;1;0.0;1;1;2.0;0.0
21473019;4;0;0;0.0;1;4;0.0;4.0
21474814;16;3;6;18.0;1;20;3.0;22.0
21474817;1;2;1;0.0;1;0;4.0;0.0
21475065;1;3;2;5.0;1;5;6.0;0.0
21475095;2;1;0;0.0;1;0;3.0;0.0
21475149;2;0;0;0.0;1;0;2.0;0.0
21475690;1;0;1;0.0;1;0;2.0;0.0
21475882;3;46;29;83.0;1;23;0.0;78.0
21475988;0;11;3;14.0;1;14;0.0;14.0
21476850;2;2;1;3.0;1;5;0.0;5.0
21479978;5;6;0;12.0;1;14;11.0;0.0
21480034;0;1;0;2.0;1;2;1.0;0.0
21480491;1;0;0;0.0;1;0;1.0;0.0
21480583;0;1;1;0.0;1;0;2.0;0.0
21480730;22;6;10;24.0;1;21;7.0;31.0
21481874;2;5;2;6.0;2;7;9.0;0.0
21482004;4;1;1;0.0;1;3;2.0;4.0
21482297;0;1;0;0.0;1;0;1.0;0.0
21482434;17;45;48;116.0;1;29;0.0;110.0
21482779;1;11;6;20.0;1;16;0.0;18.0
21482861;1;1;0;0.0;1;0;2.0;0.0
21483032;1;1;0;0.0;1;1;2.0;0.0
21483230;1;0;0;0.0;1;0;1.0;0.0
21483311;0;6;5;12.0;1;10;2.0;9.0
21485598;0;0;6;8.0;1;4;0.0;6.0
21486063;5;4;1;8.0;1;11;10.0;0.0
21486852;2;1;0;2.0;1;4;0.0;3.0
21487227;0;4;7;11.0;1;11;0.0;11.0
21488250;16;0;0;7.0;1;11;2.0;14.0
21488642;14;14;6;31.0;2;26;0.0;34.0
21488651;1;0;0;0.0;1;0;1.0;0.0
21488866;1;0;0;0.0;1;1;1.0;0.0
21490163;4;8;2;15.0;1;15;14.0;0.0
21492318;14;25;14;50.0;1;29;0.0;53.0
21493054;10;12;2;19.0;1;24;0.0;24.0
21493795;0;5;0;5.0;1;5;0.0;5.0
21493890;10;6;0;12.0;1;17;0.0;16.0
21494011;6;8;0;12.0;1;14;0.0;14.0
21494140;6;0;1;3.0;1;7;1.0;6.0
21495540;1;5;0;5.0;2;5;6.0;0.0
21495573;0;5;0;4.0;1;4;1.0;4.0
21496008;1;4;1;6.0;1;6;0.0;6.0
21496173;4;0;4;5.0;1;8;0.0;8.0
21496453;3;6;1;7.0;1;9;0.0;10.0
21496513;13;4;1;5.0;1;10;3.0;15.0
21496761;9;9;0;14.0;1;18;0.0;18.0
21497751;2;9;7;15.0;1;16;4.0;14.0
21497889;1;0;0;0.0;1;1;1.0;0.0
21507037;2;1;0;0.0;1;1;3.0;0.0
21508771;3;2;0;2.0;1;5;0.0;5.0
21509113;23;38;24;77.0;4;50;44.0;41.0
21510154;2;4;0;5.0;1;5;6.0;0.0
21510258;3;1;0;0.0;1;0;4.0;0.0
21510839;2;0;0;0.0;1;2;2.0;0.0
21511275;2;2;1;0.0;4;0;5.0;0.0
21511693;0;1;0;1.0;2;1;1.0;0.0
21511792;1;1;0;0.0;1;0;2.0;0.0
21513121;0;1;1;0.0;1;0;2.0;0.0
21513312;4;2;1;3.0;1;7;0.0;7.0
21513638;0;1;0;1.0;1;1;1.0;0.0
21514890;0;1;0;1.0;1;1;1.0;0.0
21517565;8;0;0;8.0;1;5;0.0;8.0
21517812;2;1;0;2.0;1;2;3.0;0.0
21518497;0;1;1;1.0;1;1;2.0;0.0
21518716;7;12;2;17.0;2;17;13.0;8.0
21518836;4;0;0;3.0;1;4;0.0;4.0
21519171;10;12;6;24.0;1;29;0.0;28.0
21522217;1;1;1;3.0;1;4;0.0;3.0
21524579;0;1;0;0.0;2;0;1.0;0.0
21524712;5;13;7;25.0;1;24;0.0;25.0
21525316;10;4;0;9.0;1;9;0.0;14.0
21526114;1;1;1;1.0;1;1;3.0;0.0
21526513;6;4;3;9.0;1;14;0.0;13.0
21526825;2;46;31;81.0;1;27;14.0;65.0
21527660;2;1;0;0.0;1;0;3.0;0.0
21528283;0;16;5;22.0;1;13;1.0;20.0
21529549;1;0;1;0.0;1;0;2.0;0.0
21531089;1;1;0;0.0;1;0;2.0;0.0
21531336;0;11;3;13.0;1;10;6.0;8.0
21532116;13;15;5;28.0;1;26;0.0;33.0
21532119;1;4;0;4.0;1;5;5.0;0.0
21532141;0;2;1;1.0;1;1;3.0;0.0
21532328;1;1;5;6.0;1;6;2.0;5.0
21532425;6;8;1;10.0;1;10;7.0;8.0
21532799;2;2;0;3.0;1;4;0.0;4.0
21532934;1;0;1;0.0;1;0;2.0;0.0
21533576;1;0;0;0.0;1;1;1.0;0.0
21533811;2;1;0;0.0;1;1;3.0;0.0
21534280;1;10;5;15.0;1;14;6.0;10.0
2153429;3;0;2;1.0;3;3;5.0;0.0
21534513;16;20;12;45.0;1;27;0.0;48.0
21535147;11;0;0;4.0;1;8;2.0;9.0
21535266;2;2;0;5.0;1;6;1.0;3.0
21535978;5;1;1;2.0;1;7;1.0;6.0
21536152;10;12;0;17.0;1;22;0.0;22.0
21536740;0;21;14;37.0;1;16;0.0;35.0
2153747;2;1;0;0.0;1;1;3.0;0.0
21538240;3;11;6;22.0;1;22;0.0;20.0
21538763;2;0;0;0.0;1;1;2.0;0.0
21539003;9;13;6;26.0;1;28;0.0;28.0
21539214;2;2;0;2.0;1;4;0.0;4.0
21539826;2;1;1;0.0;1;1;4.0;0.0
21540539;1;1;0;0.0;1;0;2.0;0.0
21541122;2;1;0;1.0;1;1;3.0;0.0
21541686;7;4;0;8.0;1;12;0.0;11.0
21542436;2;11;5;22.0;1;21;0.0;18.0
21542488;0;15;18;36.0;1;12;0.0;33.0
21548099;6;0;0;4.0;1;7;0.0;6.0
21554266;2;2;1;1.0;1;1;5.0;0.0
21554571;2;1;0;0.0;1;0;3.0;0.0
21555037;1;3;9;14.0;1;9;1.0;12.0
21555097;0;7;1;8.0;1;8;0.0;8.0
21555473;5;33;12;51.0;1;20;4.0;46.0
21555636;2;1;2;3.0;1;5;0.0;5.0
21556206;1;2;0;1.0;1;1;3.0;0.0
21556450;4;2;0;2.0;1;6;0.0;6.0
21556558;3;0;0;0.0;1;3;3.0;0.0
21556739;37;0;0;20.0;1;9;0.0;37.0
21557065;12;20;9;34.0;1;29;0.0;41.0
21557583;7;7;1;10.0;1;15;0.0;15.0
21558828;0;3;7;12.0;1;8;0.0;10.0
21559138;0;2;6;9.0;1;9;0.0;8.0
21560171;9;8;0;13.0;1;17;0.0;17.0
21560797;19;8;12;34.0;1;24;1.0;38.0
21562982;2;6;7;13.0;1;10;4.0;11.0
21563032;1;1;0;0.0;1;0;2.0;0.0
21563438;2;0;0;0.0;1;0;2.0;0.0
21563445;1;0;1;1.0;1;1;2.0;0.0
21563660;2;4;1;6.0;1;5;7.0;0.0
21565196;5;0;0;5.0;1;3;0.0;5.0
21565754;1;1;1;0.0;1;0;3.0;0.0
21565864;0;0;0;0.0;1;0;0.0;0.0
21566739;5;0;0;1.0;1;6;5.0;0.0
21567272;5;8;0;13.0;1;12;0.0;13.0
21567814;9;10;6;22.0;1;26;0.0;25.0
21568642;6;10;2;18.0;1;19;0.0;18.0
21569966;3;0;0;0.0;1;4;3.0;0.0
21570199;0;1;0;0.0;1;0;1.0;0.0
21570394;3;3;4;7.0;1;8;4.0;6.0
21570662;2;1;2;3.0;1;4;5.0;0.0
21571716;5;0;0;0.0;1;4;1.0;4.0
21571753;1;1;0;0.0;1;0;2.0;0.0
21571964;0;2;1;1.0;1;1;3.0;0.0
21572241;1;7;0;9.0;1;7;0.0;8.0
21572312;7;5;2;8.0;1;9;14.0;0.0
21572643;2;12;4;16.0;1;18;0.0;18.0
21572995;1;1;0;1.0;1;2;2.0;0.0
21573053;7;0;0;2.0;1;6;0.0;7.0
21573073;6;0;0;1.0;1;6;0.0;6.0
21573878;3;1;0;0.0;1;1;4.0;0.0
21574530;19;13;0;23.0;1;20;0.0;32.0
21575144;0;6;4;11.0;1;10;1.0;9.0
21576273;1;10;2;11.0;1;11;3.0;10.0
21576799;1;1;2;1.0;1;1;4.0;0.0
21577372;16;36;2;44.0;1;24;1.0;53.0
21577527;2;1;0;1.0;1;2;3.0;0.0
21577897;7;0;0;2.0;1;6;0.0;7.0
21577992;0;1;1;1.0;1;1;2.0;0.0
21578124;2;15;17;33.0;1;13;4.0;30.0
21578157;7;3;5;14.0;1;14;2.0;13.0
21578287;7;0;0;5.0;1;7;0.0;7.0
21578508;0;1;6;8.0;1;7;0.0;7.0
21578548;7;6;0;11.0;1;14;0.0;13.0
21578554;19;41;24;76.0;1;31;4.0;80.0
21579501;0;33;51;90.0;1;10;0.0;84.0
21579515;1;1;0;1.0;1;1;2.0;0.0
21580448;5;0;0;0.0;1;4;0.0;5.0
21580583;4;12;6;23.0;1;23;0.0;22.0
21581613;9;0;7;9.0;1;14;2.0;14.0
2158172;0;2;2;2.0;1;2;4.0;0.0
21582544;0;1;1;1.0;1;1;2.0;0.0
21582554;5;12;6;24.0;1;24;0.0;23.0
21582817;13;21;17;43.0;1;29;5.0;46.0
2158330;16;15;6;28.0;1;36;7.0;30.0
21583385;4;1;2;3.0;1;4;7.0;0.0
21584210;1;1;0;1.0;1;1;2.0;0.0
21584849;1;1;3;3.0;1;3;5.0;0.0
21584991;1;1;1;0.0;1;0;3.0;0.0
21585692;3;22;15;41.0;1;23;4.0;36.0
21585807;0;2;1;1.0;1;1;3.0;0.0
21585813;0;1;0;0.0;1;0;1.0;0.0
21586112;2;0;0;0.0;1;2;2.0;0.0
21587086;1;1;0;0.0;1;0;2.0;0.0
21590065;1;1;0;0.0;1;0;2.0;0.0
21596134;16;0;0;8.0;1;7;0.0;16.0
21597618;10;4;0;9.0;1;10;1.0;13.0
21598454;0;1;0;0.0;1;0;1.0;0.0
21598467;4;1;0;4.0;1;4;5.0;0.0
21598848;7;1;0;7.0;1;6;0.0;8.0
21598853;1;1;0;1.0;1;1;2.0;0.0
21599220;7;0;0;6.0;1;5;0.0;7.0
21599259;20;5;2;18.0;1;17;8.0;19.0
21600401;0;4;2;4.0;1;4;6.0;0.0
21600798;1;1;2;2.0;1;2;4.0;0.0
21601617;8;8;0;12.0;1;16;0.0;16.0
21601645;3;1;2;3.0;1;5;0.0;6.0
21602130;0;2;5;6.0;1;6;2.0;5.0
21602706;9;11;0;16.0;1;20;0.0;20.0
2160475;5;9;2;12.0;1;13;9.0;7.0
21604888;1;1;0;0.0;1;0;2.0;0.0
21605247;0;2;2;4.0;1;4;4.0;0.0
21605391;9;10;0;15.0;1;19;0.0;19.0
21605653;8;3;4;13.0;1;16;0.0;15.0
21605729;2;3;0;4.0;1;5;0.0;5.0
21605931;9;10;0;15.0;1;19;0.0;19.0
21606529;6;10;0;12.0;1;15;0.0;16.0
21606798;3;9;0;9.0;1;9;0.0;12.0
21607478;4;2;0;4.0;1;8;0.0;6.0
21608622;0;8;6;13.0;1;13;2.0;12.0
21609254;0;0;5;4.0;1;4;0.0;5.0
21609532;3;6;6;13.0;3;14;2.0;13.0
21609612;4;12;6;19.0;1;21;4.0;18.0
21611045;1;1;0;2.0;1;2;2.0;0.0
21612146;5;0;0;0.0;1;4;0.0;5.0
21613446;9;36;30;74.0;1;35;10.0;65.0
21615221;11;3;0;9.0;1;12;0.0;14.0
21616233;8;0;0;4.0;1;8;0.0;8.0
21616271;10;7;0;12.0;1;16;1.0;16.0
21616292;1;1;0;0.0;1;0;2.0;0.0
21618329;9;7;4;17.0;1;21;0.0;20.0
21618332;2;0;0;1.0;1;2;2.0;0.0
21618677;5;3;0;5.0;1;4;8.0;0.0
21618792;1;4;2;8.0;1;8;1.0;6.0
21619193;1;4;0;5.0;1;5;0.0;5.0
21619827;7;3;0;4.0;1;8;2.0;8.0
21620923;5;11;0;10.0;1;10;2.0;14.0
21620952;7;6;4;13.0;1;15;2.0;15.0
21621096;4;0;0;2.0;1;3;4.0;0.0
21621288;9;3;0;8.0;1;12;0.0;12.0
21621721;0;5;0;4.0;1;4;1.0;4.0
21621866;0;8;0;10.0;1;9;0.0;8.0
21621945;9;7;0;14.0;1;11;0.0;16.0
21622474;0;2;3;6.0;1;6;0.0;5.0
21622483;3;1;0;0.0;1;2;4.0;0.0
21625289;4;0;0;0.0;1;4;0.0;4.0
21626046;8;0;0;4.0;1;8;0.0;8.0
21626594;1;1;0;0.0;1;1;2.0;0.0
21626994;3;5;2;5.0;1;8;10.0;0.0
21627292;5;2;0;3.0;1;7;0.0;7.0
21627703;13;19;1;29.0;1;22;0.0;33.0
21628488;4;3;0;5.0;1;7;0.0;7.0
2163728;14;6;7;13.0;2;24;6.0;21.0
21639929;2;3;10;13.0;1;10;3.0;12.0
21641146;2;15;2;19.0;1;16;0.0;19.0
21641582;1;2;0;0.0;1;0;3.0;0.0
21641688;5;10;6;18.0;1;22;0.0;21.0
21641763;1;1;0;0.0;1;0;2.0;0.0
21641863;2;4;1;5.0;1;5;0.0;7.0
21642069;11;24;12;45.0;1;28;0.0;47.0
21642132;0;3;0;1.0;1;1;3.0;0.0
21642522;5;6;0;6.0;1;10;0.0;11.0
21642783;6;0;0;1.0;1;5;0.0;6.0
21642873;8;0;0;4.0;1;8;0.0;8.0
21643394;1;1;1;1.0;1;2;3.0;0.0
21644076;9;12;0;17.0;1;21;0.0;21.0
21644697;8;2;0;7.0;1;11;2.0;8.0
21645074;3;3;1;3.0;1;4;7.0;0.0
21648365;5;12;6;20.0;1;24;0.0;23.0
21648588;6;1;0;4.0;1;3;2.0;5.0
21649438;5;0;0;1.0;1;5;0.0;5.0
21649620;0;1;0;0.0;1;0;1.0;0.0
21649858;4;3;0;1.0;1;2;7.0;0.0
21649994;8;29;25;61.0;1;28;11.0;51.0
21650132;0;8;0;8.0;1;8;0.0;8.0
21650607;2;8;0;9.0;1;10;3.0;7.0
21650628;0;11;4;17.0;1;15;8.0;7.0
21654294;9;3;1;7.0;1;10;3.0;10.0
21654357;4;7;4;14.0;1;14;1.0;14.0
21654714;17;71;65;169.0;1;30;6.0;147.0
21654991;1;1;1;0.0;1;0;3.0;0.0
21655344;9;9;0;14.0;1;18;0.0;18.0
21655554;1;1;6;10.0;1;10;0.0;8.0
21655709;17;38;20;73.0;1;28;2.0;73.0
21656249;5;5;1;8.0;1;8;11.0;0.0
21656255;10;3;0;9.0;1;12;0.0;13.0
21657411;0;9;6;16.0;1;16;0.0;15.0
21657756;0;3;6;10.0;1;10;1.0;8.0
21660097;1;1;0;0.0;1;1;2.0;0.0
21660246;7;8;6;19.0;1;18;0.0;21.0
21660880;2;0;0;1.0;1;1;2.0;0.0
21661642;49;18;7;41.0;1;28;3.0;71.0
21663242;2;5;0;7.0;1;8;0.0;7.0
21663544;14;33;12;56.0;1;28;0.0;59.0
21663634;9;5;0;10.0;1;14;0.0;14.0
21663772;0;2;1;0.0;1;0;3.0;0.0
21664060;1;1;0;0.0;1;1;2.0;0.0
21664162;0;0;6;6.0;1;4;0.0;6.0
21664643;2;5;0;6.0;1;6;1.0;6.0
21664800;6;0;0;1.0;1;4;0.0;6.0
21665010;1;0;0;1.0;1;1;1.0;0.0
21678549;11;5;7;18.0;1;17;2.0;21.0
21679023;3;0;10;10.0;1;6;0.0;13.0
21679278;1;5;2;8.0;1;8;8.0;0.0
21679381;12;15;14;38.0;1;28;0.0;41.0
21679827;1;7;12;21.0;1;16;11.0;9.0
21680542;2;3;2;3.0;1;4;7.0;0.0
21680586;1;2;0;3.0;1;3;3.0;0.0
21681039;1;1;3;3.0;1;3;5.0;0.0
21681450;23;10;3;28.0;1;19;3.0;33.0
21681694;0;1;1;1.0;1;1;2.0;0.0
21681781;6;0;0;2.0;1;6;0.0;6.0
21681911;0;1;0;1.0;1;1;1.0;0.0
21682036;0;4;0;4.0;1;4;0.0;4.0
21682054;1;1;0;0.0;1;0;2.0;0.0
21682221;13;48;29;88.0;3;45;25.0;65.0
21682613;16;12;13;36.0;1;29;3.0;38.0
21682621;1;2;1;2.0;1;2;4.0;0.0
21682643;35;78;32;130.0;1;38;14.0;131.0
21683382;1;0;0;0.0;1;0;1.0;0.0
21684851;3;1;0;1.0;1;3;0.0;4.0
21685296;2;2;0;4.0;1;4;0.0;4.0
21685801;3;11;5;16.0;1;18;0.0;19.0
21686301;0;5;7;11.0;1;10;0.0;12.0
21687228;1;0;3;2.0;1;2;4.0;0.0
21687266;9;1;0;6.0;1;10;0.0;10.0
21687891;14;4;0;15.0;1;12;0.0;18.0
21687950;1;1;0;0.0;1;1;2.0;0.0
21687994;3;9;6;17.0;1;15;0.0;18.0
21688246;0;4;0;4.0;1;4;4.0;0.0
21689317;7;4;0;7.0;1;11;0.0;11.0
21689519;2;4;2;5.0;1;5;8.0;0.0
21692964;0;6;0;5.0;2;5;1.0;5.0
21692978;0;4;2;3.0;2;3;4.0;2.0
21693451;1;1;0;0.0;1;0;2.0;0.0
21693601;0;1;0;1.0;1;1;1.0;0.0
21693757;31;15;5;42.0;4;22;1.0;50.0
21694306;5;0;0;3.0;1;4;0.0;5.0
21694677;3;4;1;5.0;1;6;8.0;0.0
21694689;3;0;3;3.0;1;7;0.0;6.0
21694834;2;0;1;2.0;1;4;3.0;0.0
21694946;3;7;0;7.0;4;6;6.0;4.0
21695086;5;12;0;15.0;1;13;0.0;17.0
21695330;1;6;2;8.0;1;9;3.0;6.0
21695655;1;1;1;1.0;1;1;3.0;0.0
21695768;1;0;0;0.0;1;2;1.0;0.0
21696020;1;1;0;1.0;1;1;2.0;0.0
21696029;3;1;1;1.0;1;1;5.0;0.0
21697882;2;2;1;0.0;1;0;5.0;0.0
21698050;0;4;0;3.0;1;3;0.0;4.0
21698220;7;12;6;23.0;1;25;0.0;25.0
21698659;11;9;1;19.0;1;21;1.0;20.0
21698773;3;0;3;5.0;1;6;0.0;6.0
21698835;9;1;0;6.0;1;10;0.0;10.0
21699022;5;12;11;26.0;1;22;0.0;28.0
21699486;0;7;6;14.0;1;14;0.0;13.0
21699638;0;9;5;15.0;1;14;0.0;14.0
21700154;1;2;1;0.0;1;0;4.0;0.0
21700713;0;1;1;1.0;1;1;2.0;0.0
21702056;29;51;15;87.0;1;25;0.0;95.0
21703915;3;4;2;5.0;1;5;9.0;0.0
21703934;4;14;1;17.0;1;13;2.0;17.0
21705242;2;1;0;0.0;1;0;3.0;0.0
21705338;5;5;2;10.0;1;10;1.0;11.0
21705388;1;1;5;8.0;1;8;0.0;7.0
21706026;13;9;2;19.0;1;16;0.0;24.0
21706448;4;10;5;18.0;2;18;19.0;0.0
21707308;1;1;1;0.0;1;0;3.0;0.0
21707511;0;15;12;29.0;1;17;0.0;27.0
21707929;1;0;0;0.0;2;0;1.0;0.0
21708607;2;0;0;0.0;1;0;2.0;0.0
2171942;1;2;1;1.0;1;1;4.0;0.0
21721071;10;6;0;13.0;1;13;0.0;16.0
21721299;1;0;0;0.0;1;0;1.0;0.0
21722105;1;1;1;0.0;2;0;3.0;0.0
21722191;0;15;0;15.0;1;12;0.0;15.0
21722335;5;0;0;2.0;1;5;0.0;5.0
21722876;8;11;5;23.0;1;27;0.0;24.0
21722880;4;12;10;28.0;1;23;0.0;26.0
21723808;2;0;0;1.0;1;1;2.0;0.0
21723911;0;14;6;20.0;1;19;0.0;20.0
21724169;0;1;1;1.0;1;1;2.0;0.0
21724289;12;6;0;15.0;1;12;0.0;18.0
21724916;6;0;0;4.0;1;7;0.0;6.0
21725081;1;1;1;1.0;1;1;3.0;0.0
21727615;1;35;24;63.0;1;20;0.0;60.0
21727841;5;2;0;5.0;1;7;0.0;7.0
21728024;9;24;8;40.0;1;28;0.0;41.0
2172850;0;1;0;1.0;1;1;1.0;0.0
21728961;14;0;0;7.0;1;8;0.0;14.0
21729203;1;3;0;0.0;1;0;4.0;0.0
21729355;18;17;4;34.0;1;26;2.0;37.0
21729488;2;1;1;1.0;1;1;4.0;0.0
21729506;9;13;6;26.0;1;28;0.0;28.0
21729919;8;1;2;6.0;1;10;3.0;8.0
21730160;0;11;10;21.0;2;15;0.0;21.0
21730743;1;1;0;0.0;1;0;2.0;0.0
21731020;9;7;3;18.0;1;19;0.0;19.0
21733821;8;13;3;19.0;1;22;2.0;22.0
21734043;8;10;3;20.0;1;17;0.0;21.0
21734723;2;4;0;1.0;1;1;6.0;0.0
21734803;1;1;0;0.0;1;0;2.0;0.0
21734883;3;4;0;4.0;1;7;0.0;7.0
21735659;1;0;1;2.0;1;2;2.0;0.0
21735826;7;0;0;3.0;1;7;0.0;7.0
21737301;0;2;12;17.0;1;7;2.0;12.0
21739386;1;0;0;0.0;1;0;1.0;0.0
21739396;5;18;2;23.0;1;17;0.0;25.0
21739784;4;0;0;1.0;1;4;0.0;4.0
21741074;3;1;9;11.0;1;10;2.0;11.0
21741658;0;4;5;13.0;1;5;0.0;9.0
21741973;4;1;1;1.0;1;3;6.0;0.0
21742650;7;19;0;23.0;1;18;2.0;24.0
21742807;0;9;4;15.0;1;11;0.0;13.0
21742918;7;0;0;4.0;1;7;0.0;7.0
21743767;0;12;6;20.0;1;13;3.0;15.0
21746298;0;0;5;5.0;1;5;0.0;5.0
21746492;6;33;21;61.0;1;27;2.0;58.0
21746629;1;2;2;2.0;1;2;5.0;0.0
217469;10;10;3;21.0;1;20;9.0;14.0
21747428;0;4;0;3.0;1;3;0.0;4.0
21747553;1;1;1;1.0;1;1;3.0;0.0
21747851;4;18;23;44.0;2;29;0.0;45.0
21748732;15;6;0;15.0;1;14;0.0;21.0
217574;16;1;3;6.0;2;13;3.0;17.0
21760942;0;4;0;4.0;1;4;0.0;4.0
21761735;2;0;0;0.0;1;1;2.0;0.0
21762060;7;19;16;43.0;1;25;3.0;39.0
21762066;8;7;1;13.0;1;16;0.0;16.0
21762346;6;1;0;4.0;1;8;0.0;7.0
21762676;2;5;2;6.0;1;6;9.0;0.0
21763120;1;2;2;3.0;1;3;5.0;0.0
21763234;8;13;6;25.0;1;28;0.0;27.0
21763511;0;0;1;0.0;2;0;1.0;0.0
21764269;0;0;5;10.0;2;5;4.0;1.0
21764642;5;0;0;2.0;1;6;0.0;5.0
21764950;4;1;4;7.0;1;8;6.0;3.0
21765325;28;34;22;80.0;1;29;2.0;82.0
21765686;10;0;0;7.0;1;7;0.0;10.0
21765699;11;24;12;44.0;1;27;1.0;46.0
21765705;1;5;1;7.0;1;7;0.0;7.0
21765758;2;32;12;46.0;1;20;4.0;42.0
21765877;0;1;0;0.0;2;0;1.0;0.0
21766152;0;0;2;2.0;1;2;2.0;0.0
21766216;2;1;1;0.0;1;0;4.0;0.0
21767169;14;19;11;43.0;1;27;31.0;13.0
21768360;13;7;0;15.0;1;15;0.0;20.0
21768552;1;1;3;4.0;1;4;5.0;0.0
21768727;0;0;0;0.0;1;0;0.0;0.0
21769410;1;1;0;0.0;1;0;2.0;0.0
21769867;8;12;3;20.0;1;23;0.0;23.0
21769895;9;16;6;28.0;1;27;0.0;31.0
21769925;8;3;1;5.0;3;9;0.0;12.0
21770031;0;1;1;2.0;1;2;2.0;0.0
21770338;7;12;2;19.0;1;21;0.0;21.0
21770519;14;10;10;33.0;1;27;13.0;21.0
21771150;2;0;0;0.0;1;1;2.0;0.0
21771676;9;15;0;23.0;2;20;0.0;24.0
21771751;9;15;6;29.0;1;26;2.0;28.0
21771890;7;7;0;11.0;1;14;0.0;14.0
21771923;0;6;0;6.0;1;6;2.0;4.0
21771943;1;1;0;0.0;1;0;2.0;0.0
21772095;10;10;0;17.0;1;13;3.0;17.0
21772264;2;3;0;4.0;1;4;5.0;0.0
21772498;8;17;8;31.0;1;25;0.0;33.0
21775380;0;1;1;0.0;1;0;2.0;0.0
21775848;0;2;0;1.0;1;1;2.0;0.0
21775972;0;6;7;15.0;1;13;0.0;13.0
21776678;1;2;1;1.0;1;1;4.0;0.0
21776946;3;1;0;2.0;1;3;4.0;0.0
21776957;1;8;0;9.0;1;9;0.0;9.0
21777277;6;5;0;7.0;1;9;3.0;8.0
21777354;6;4;0;8.0;1;8;5.0;5.0
21777568;7;0;0;4.0;1;7;0.0;7.0
21777956;21;9;0;22.0;1;15;4.0;26.0
21778056;2;0;0;1.0;1;1;2.0;0.0
21778248;9;1;0;5.0;1;6;0.0;10.0
21778436;0;2;1;0.0;1;0;3.0;0.0
21778671;0;8;0;9.0;1;6;1.0;7.0
21778824;0;1;0;0.0;1;0;1.0;0.0
21778961;0;5;0;6.0;1;6;0.0;5.0
21779053;8;4;0;9.0;1;12;0.0;12.0
21779395;0;2;2;1.0;1;1;4.0;0.0
21781871;2;1;0;1.0;1;1;3.0;0.0
21781954;0;11;0;11.0;1;7;0.0;11.0
21782397;5;66;30;105.0;1;25;0.0;101.0
21782649;0;0;5;6.0;1;6;0.0;5.0
21783278;5;7;6;18.0;1;18;2.0;16.0
21783600;1;0;1;0.0;1;0;2.0;0.0
21784047;0;1;0;1.0;1;1;1.0;0.0
21784164;11;17;8;35.0;1;22;0.0;36.0
21784495;6;2;3;11.0;1;13;0.0;11.0
21784573;19;24;6;42.0;1;26;0.0;49.0
21784833;0;0;1;1.0;1;1;1.0;0.0
21784847;0;2;12;16.0;1;8;0.0;14.0
21784872;0;1;5;7.0;1;7;0.0;6.0
21785028;8;4;2;13.0;1;12;0.0;14.0
21785544;4;0;0;4.0;1;4;0.0;4.0
21788963;8;1;0;6.0;1;9;0.0;9.0
21789612;1;8;6;15.0;1;14;5.0;10.0
21789615;1;1;4;4.0;1;4;3.0;3.0
21790439;0;12;12;25.0;1;13;0.0;24.0
21791156;12;24;11;44.0;1;27;0.0;47.0
21791209;0;4;0;4.0;1;4;0.0;4.0
21791538;1;1;0;0.0;1;0;2.0;0.0
21791663;1;1;0;1.0;1;1;2.0;0.0
21792029;14;4;3;17.0;1;15;0.0;21.0
21792817;0;4;1;7.0;1;7;0.0;5.0
21803607;7;14;6;24.0;1;24;4.0;23.0
21805092;1;1;1;0.0;1;0;3.0;0.0
21805207;2;6;1;7.0;1;9;0.0;9.0
21805412;1;2;1;3.0;1;4;0.0;4.0
21806131;8;12;6;24.0;1;27;0.0;26.0
21807433;1;4;0;4.0;1;4;5.0;0.0
21807631;0;0;0;0.0;1;0;0.0;0.0
21808866;1;1;0;2.0;1;2;2.0;0.0
21811382;0;14;3;17.0;1;17;5.0;12.0
21812283;2;3;1;2.0;1;3;6.0;0.0
21812558;1;10;6;17.0;1;18;0.0;17.0
21812747;1;3;3;10.0;1;9;2.0;5.0
21813205;7;10;10;30.0;1;27;11.0;16.0
21813482;0;8;3;11.0;1;11;3.0;8.0
21813902;8;12;6;24.0;1;27;0.0;26.0
21814092;2;2;0;3.0;1;3;4.0;0.0
21814467;14;8;10;29.0;1;16;5.0;27.0
21814503;1;9;1;7.0;1;6;4.0;7.0
21814605;4;0;0;1.0;1;4;0.0;4.0
2181474;13;12;8;27.0;1;29;0.0;33.0
21814869;0;2;0;3.0;1;3;2.0;0.0
21814956;0;9;6;14.0;2;14;11.0;4.0
21815642;2;2;0;4.0;1;4;0.0;4.0
21815688;20;2;4;15.0;3;17;0.0;26.0
21815709;1;3;2;0.0;1;0;6.0;0.0
21815837;4;0;0;1.0;1;4;0.0;4.0
21815876;4;0;0;0.0;1;3;0.0;4.0
21815884;8;12;2;19.0;1;22;0.0;22.0
2181599;8;4;1;10.0;1;12;5.0;8.0
21816224;17;51;14;77.0;1;25;0.0;82.0
21816818;5;2;0;4.0;2;3;7.0;0.0
21818350;0;1;0;0.0;2;0;1.0;0.0
21818596;1;1;0;0.0;1;0;2.0;0.0
21819205;1;2;1;4.0;1;4;0.0;4.0
21820178;2;2;6;10.0;1;10;4.0;6.0
21820685;0;5;5;10.0;1;9;2.0;8.0
21821077;5;5;0;8.0;1;11;0.0;10.0
21821896;3;9;4;15.0;1;17;0.0;16.0
21822128;1;3;4;9.0;1;7;4.0;4.0
21823106;0;8;3;12.0;1;12;0.0;11.0
21824655;1;1;1;0.0;1;0;3.0;0.0
21825377;3;0;0;3.0;1;4;0.0;3.0
21825650;11;20;11;41.0;1;27;0.0;42.0
21826229;1;0;0;0.0;1;0;1.0;0.0
21826358;1;1;2;4.0;1;4;0.0;4.0
21826429;1;8;3;10.0;1;9;3.0;9.0
21826927;2;2;0;2.0;2;4;0.0;4.0
21827800;11;10;11;29.0;1;21;0.0;32.0
21827903;0;1;1;0.0;1;0;2.0;0.0
21828062;1;3;2;5.0;1;6;0.0;6.0
21828417;6;19;5;27.0;1;25;20.0;10.0
21831432;2;0;4;6.0;1;7;0.0;6.0
21831864;1;1;1;1.0;1;1;3.0;0.0
21832476;2;4;0;5.0;1;5;6.0;0.0
21832526;3;3;0;5.0;1;5;2.0;4.0
21832630;0;2;0;2.0;1;2;2.0;0.0
21832631;0;1;0;0.0;1;0;1.0;0.0
21832917;1;0;0;0.0;1;0;1.0;0.0
21832998;0;1;6;7.0;1;5;7.0;0.0
21833483;1;1;0;0.0;1;0;2.0;0.0
21834116;4;7;1;8.0;3;6;12.0;0.0
21834381;8;0;0;5.0;1;8;0.0;8.0
21834551;4;0;0;1.0;1;4;0.0;4.0
21834821;1;5;5;11.0;1;11;2.0;9.0
21835125;3;1;0;4.0;1;4;0.0;4.0
21835535;1;1;2;1.0;1;1;4.0;0.0
21836062;8;0;0;5.0;1;5;0.0;8.0
21836495;2;0;0;0.0;1;2;2.0;0.0
21836586;0;1;1;0.0;1;0;2.0;0.0
2184294;2;2;0;2.0;1;4;0.0;4.0
21851685;8;5;0;10.0;1;13;0.0;13.0
21851687;7;0;0;4.0;1;7;0.0;7.0
21851841;4;0;0;1.0;1;4;0.0;4.0
21852272;0;20;7;28.0;1;18;0.0;27.0
21852299;8;4;0;9.0;1;12;0.0;12.0
21852591;0;1;0;1.0;1;1;1.0;0.0
21853288;0;1;1;1.0;1;1;2.0;0.0
21853433;0;1;1;0.0;1;0;2.0;0.0
21853456;1;0;1;1.0;1;1;2.0;0.0
21853479;5;0;0;2.0;1;5;0.0;5.0
21854083;1;5;0;5.0;1;6;0.0;6.0
21854734;1;0;0;0.0;1;0;1.0;0.0
21855601;7;1;1;6.0;1;9;0.0;9.0
21856554;0;8;0;8.0;1;4;0.0;8.0
21856678;6;1;0;4.0;1;7;0.0;7.0
21856702;4;0;0;1.0;1;4;0.0;4.0
21857270;5;0;0;2.0;1;5;0.0;5.0
21857391;1;1;1;0.0;1;0;3.0;0.0
21858953;9;13;0;17.0;1;14;6.0;16.0
21859487;13;49;12;80.0;4;49;17.0;57.0
21859585;4;0;3;5.0;1;8;0.0;7.0
21859750;0;6;6;13.0;1;13;4.0;8.0
21867401;2;0;4;4.0;1;6;0.0;6.0
21867780;14;0;0;8.0;1;7;0.0;14.0
21868095;4;2;0;3.0;1;6;0.0;6.0
21868954;0;3;10;15.0;1;10;0.0;13.0
21869545;3;3;1;2.0;1;2;7.0;0.0
21871088;1;4;0;5.0;1;5;0.0;5.0
21871251;1;1;0;0.0;1;0;2.0;0.0
21874706;4;30;1;34.0;1;11;3.0;32.0
21875064;10;18;25;54.0;1;29;3.0;50.0
21875264;0;0;0;0.0;1;0;0.0;0.0
21875577;0;1;0;0.0;1;0;1.0;0.0
21875783;1;1;0;1.0;1;1;2.0;0.0
21875968;0;0;1;1.0;1;1;1.0;0.0
21875977;3;3;1;3.0;1;4;7.0;0.0
21876502;1;1;0;0.0;1;0;2.0;0.0
21876966;5;21;5;30.0;1;21;0.0;31.0
21877423;9;11;4;20.0;1;23;0.0;24.0
21877695;8;12;0;17.0;1;17;0.0;20.0
21878011;3;1;1;5.0;1;5;0.0;5.0
21878610;2;10;7;15.0;1;13;19.0;0.0
21878775;0;8;6;14.0;1;14;2.0;12.0
21878779;11;0;0;4.0;1;6;0.0;11.0
21878790;15;11;2;24.0;1;17;7.0;21.0
21879708;8;12;10;29.0;1;27;0.0;30.0
21891972;2;0;0;1.0;1;1;2.0;0.0
21892222;2;1;2;6.0;1;7;0.0;5.0
21893397;2;2;0;3.0;1;6;0.0;4.0
21893889;0;3;1;4.0;1;4;0.0;4.0
21894428;0;1;0;0.0;1;0;1.0;0.0
21895056;2;2;1;4.0;1;5;5.0;0.0
21895910;3;0;1;4.0;1;5;0.0;4.0
21896011;4;6;0;11.0;2;10;0.0;10.0
21896188;0;6;6;12.0;1;12;0.0;12.0
21896501;3;2;1;5.0;1;5;3.0;3.0
21897023;1;1;0;0.0;1;0;2.0;0.0
21898472;6;12;0;17.0;1;17;0.0;18.0
21900253;0;3;3;6.0;1;6;2.0;4.0
21900491;0;16;22;41.0;1;19;6.0;32.0
21901047;1;1;0;0.0;1;0;2.0;0.0
21901443;6;14;0;19.0;1;20;0.0;20.0
21901447;7;0;0;5.0;1;7;0.0;7.0
21901660;8;3;0;8.0;1;11;0.0;11.0
21902197;7;11;10;26.0;1;21;0.0;28.0
21902223;0;2;1;0.0;1;0;3.0;0.0
21902669;4;0;0;4.0;1;3;0.0;4.0
21902721;0;1;1;0.0;1;0;2.0;0.0
21903788;0;0;4;7.0;1;3;0.0;4.0
21904087;3;6;6;16.0;1;16;0.0;15.0
2190555;8;16;7;29.0;1;28;7.0;24.0
21905937;0;0;4;4.0;1;3;0.0;4.0
21905947;18;8;0;22.0;1;12;0.0;26.0
21906128;2;1;0;0.0;1;1;3.0;0.0
21906574;8;12;2;19.0;1;22;0.0;22.0
21906780;1;3;3;6.0;1;6;7.0;0.0
21906791;3;6;0;8.0;1;7;0.0;9.0
21906946;0;6;0;5.0;1;5;2.0;4.0
21907062;2;6;0;6.0;1;8;0.0;8.0
21907141;8;32;14;55.0;1;21;0.0;54.0
21907283;0;0;0;0.0;1;0;0.0;0.0
21907395;18;33;1;47.0;1;24;6.0;46.0
21909084;6;0;0;4.0;1;7;0.0;6.0
21909172;1;4;1;2.0;2;2;6.0;0.0
21909314;8;22;3;31.0;1;23;0.0;33.0
21909569;6;16;4;26.0;1;20;0.0;26.0
21909699;0;6;5;10.0;1;10;3.0;8.0
21909777;0;2;1;2.0;1;2;3.0;0.0
21909895;3;4;0;7.0;1;7;0.0;7.0
21909906;0;0;3;3.0;1;3;0.0;3.0
21910228;0;4;8;10.0;1;9;5.0;7.0
21912335;1;1;0;0.0;1;0;2.0;0.0
21913142;6;0;0;3.0;1;5;0.0;6.0
21913522;2;2;4;7.0;1;8;0.0;8.0
21914264;4;1;0;3.0;1;4;1.0;4.0
21914299;7;9;1;16.0;2;19;0.0;17.0
21915072;0;22;17;39.0;1;17;0.0;39.0
21915861;2;2;0;1.0;1;3;0.0;4.0
21916023;0;2;0;0.0;1;0;2.0;0.0
21916299;4;4;0;8.0;1;8;0.0;8.0
21916413;7;7;0;11.0;1;14;10.0;4.0
21916801;0;1;1;0.0;1;0;2.0;0.0
21917051;5;2;2;9.0;1;8;9.0;0.0
21917203;1;1;0;0.0;1;0;2.0;0.0
21917208;14;3;0;13.0;1;9;0.0;17.0
21920265;3;1;3;3.0;1;6;3.0;4.0
21920762;21;30;7;50.0;1;28;6.0;52.0
21920866;0;4;0;4.0;1;4;0.0;4.0
21920926;0;0;8;8.0;1;4;0.0;8.0
21920970;8;12;6;24.0;1;27;0.0;26.0
21921986;1;1;0;1.0;1;1;2.0;0.0
21922058;6;0;0;1.0;1;4;0.0;6.0
21922504;0;3;1;0.0;1;0;4.0;0.0
21923674;2;1;0;1.0;1;1;3.0;0.0
21924880;7;0;0;4.0;1;7;0.0;7.0
21925089;6;0;0;2.0;1;5;0.0;6.0
21935940;8;17;1;23.0;1;18;4.0;22.0
21937178;2;1;0;0.0;1;1;3.0;0.0
21937510;7;5;0;10.0;1;12;0.0;12.0
21937646;0;2;6;9.0;1;9;0.0;8.0
21937841;8;17;6;27.0;1;26;3.0;28.0
21938537;0;7;6;14.0;1;14;0.0;13.0
21938604;1;0;0;0.0;1;2;1.0;0.0
21940072;8;13;9;28.0;1;25;2.0;28.0
21940636;7;11;1;18.0;1;18;0.0;19.0
21940717;2;0;0;0.0;1;1;2.0;0.0
21940775;7;5;0;10.0;1;13;0.0;12.0
21940824;5;0;0;3.0;2;5;0.0;5.0
21941421;5;6;2;10.0;1;10;2.0;11.0
21941494;0;1;6;8.0;1;8;0.0;7.0
21941505;1;5;2;6.0;1;6;4.0;4.0
21941550;3;1;0;1.0;1;1;4.0;0.0
21942207;0;1;1;0.0;1;0;2.0;0.0
21943564;2;3;1;4.0;1;5;0.0;6.0
21943948;8;11;1;16.0;1;16;2.0;18.0
21944771;0;1;6;11.0;1;7;0.0;7.0
21945016;1;1;0;0.0;1;0;2.0;0.0
21945134;11;30;15;57.0;1;28;7.0;49.0
21945142;4;13;0;16.0;1;15;0.0;17.0
21945859;1;10;6;17.0;1;15;0.0;17.0
21945958;28;33;2;54.0;1;21;0.0;63.0
21946066;6;2;0;7.0;1;8;0.0;8.0
21946181;4;9;2;18.0;1;19;15.0;0.0
21946365;0;8;1;11.0;1;11;4.0;5.0
21946807;2;15;11;30.0;1;17;0.0;28.0
21947105;0;8;10;19.0;1;14;0.0;18.0
21948074;2;1;0;0.0;1;0;3.0;0.0
21949789;0;1;4;6.0;1;6;1.0;4.0
21950791;7;3;0;8.0;1;10;0.0;10.0
21951147;0;1;1;2.0;1;2;2.0;0.0
21951170;0;15;18;38.0;1;16;0.0;33.0
21951979;3;0;0;0.0;1;2;3.0;0.0
21952152;1;0;0;1.0;1;2;1.0;0.0
21952856;1;1;0;0.0;1;0;2.0;0.0
21952870;6;14;5;25.0;1;23;0.0;25.0
21953526;0;0;0;0.0;1;0;0.0;0.0
21953808;6;0;3;7.0;1;9;3.0;6.0
21953868;0;0;5;5.0;1;5;0.0;5.0
21954091;1;0;0;0.0;1;0;1.0;0.0
21954656;0;9;6;15.0;2;15;15.0;0.0
21954752;7;10;6;22.0;1;24;0.0;23.0
21955158;7;9;1;14.0;1;16;2.0;15.0
21955256;0;30;41;75.0;1;19;5.0;66.0
21955277;6;10;3;19.0;1;20;0.0;19.0
21957417;1;2;1;3.0;1;3;4.0;0.0
21957604;4;0;0;2.0;1;4;0.0;4.0
21957944;8;2;0;7.0;1;10;0.0;10.0
21958160;4;1;0;3.0;1;5;0.0;5.0
21958775;11;25;13;48.0;1;26;0.0;49.0
21959201;0;5;6;12.0;1;12;0.0;11.0
21959577;0;0;4;5.0;1;5;0.0;4.0
21961444;3;4;0;7.0;1;8;0.0;7.0
21961604;7;6;9;21.0;1;17;0.0;22.0
21961970;1;4;2;5.0;1;5;0.0;7.0
21963869;1;3;0;3.0;1;3;4.0;0.0
21964586;3;1;0;2.0;1;2;4.0;0.0
21964766;4;16;6;25.0;1;21;2.0;24.0
21967904;1;1;1;0.0;1;0;3.0;0.0
21968024;5;8;0;12.0;1;11;2.0;11.0
21968952;1;2;0;2.0;1;2;3.0;0.0
21969383;2;2;0;2.0;1;3;0.0;4.0
21980634;4;0;0;0.0;1;3;0.0;4.0
21981125;1;2;1;2.0;1;2;4.0;0.0
21981577;8;1;0;8.0;1;7;0.0;9.0
21981634;4;8;0;9.0;1;8;0.0;12.0
21981701;7;12;3;20.0;1;22;0.0;22.0
21982792;0;29;18;49.0;1;16;0.0;47.0
21982983;14;8;18;46.0;1;15;2.0;38.0
21983164;0;2;0;0.0;1;0;2.0;0.0
21983379;7;11;9;25.0;2;21;4.0;23.0
21983431;7;9;0;14.0;1;16;2.0;14.0
21983736;15;3;0;12.0;1;10;0.0;18.0
21984846;10;5;1;9.0;1;12;0.0;16.0
21984877;3;9;9;22.0;1;18;0.0;21.0
21985211;0;1;3;4.0;1;4;0.0;4.0
21985231;0;32;9;40.0;1;16;1.0;40.0
21985472;9;45;27;84.0;1;28;5.0;76.0
21985633;0;3;2;4.0;1;4;1.0;4.0
21985998;1;2;0;0.0;1;0;3.0;0.0
21988247;10;24;2;34.0;1;17;0.0;36.0
21989711;0;6;8;15.0;1;12;0.0;14.0
21989887;2;11;5;19.0;1;19;0.0;18.0
21989941;1;1;1;1.0;1;1;3.0;0.0
21990008;0;2;0;1.0;1;1;2.0;0.0
21991406;7;12;6;24.0;1;26;0.0;25.0
21991906;7;9;0;14.0;1;16;0.0;16.0
21994551;5;0;0;3.0;1;4;0.0;5.0
21994731;2;3;0;5.0;1;5;0.0;5.0
21995166;5;0;5;8.0;1;8;0.0;10.0
21995580;4;10;1;15.0;1;14;2.0;13.0
21995765;14;5;0;15.0;1;12;0.0;19.0
21995887;0;7;0;7.0;1;5;0.0;7.0
21996708;0;10;7;19.0;1;17;0.0;17.0
21997165;0;8;0;8.0;1;8;0.0;8.0
21998431;0;0;0;0.0;1;0;0.0;0.0
21998922;2;0;2;4.0;1;4;0.0;4.0
21998935;0;1;2;1.0;1;1;3.0;0.0
21999183;4;0;0;1.0;1;3;0.0;4.0
2200149;1;12;21;36.0;5;25;6.0;28.0
2200220;14;25;7;38.0;1;33;2.0;44.0
22003650;9;38;19;70.0;1;27;2.0;64.0
22004859;0;3;1;5.0;1;5;0.0;4.0
22005119;1;1;0;0.0;1;0;2.0;0.0
22005242;2;1;1;2.0;1;2;4.0;0.0
22005549;1;5;0;5.0;1;4;2.0;4.0
22008418;1;1;0;0.0;1;0;2.0;0.0
22008621;1;1;0;0.0;1;0;2.0;0.0
22009248;0;5;0;4.0;1;3;0.0;5.0
22009375;5;0;0;5.0;1;4;0.0;5.0
22010325;0;1;0;1.0;1;1;1.0;0.0
22010653;7;12;2;19.0;1;21;0.0;21.0
22010772;4;0;0;2.0;1;4;0.0;4.0
22011690;0;17;10;28.0;1;17;0.0;27.0
22011880;0;0;4;3.0;1;2;0.0;4.0
22012327;1;1;1;0.0;1;1;3.0;0.0
2202215;6;0;0;4.0;2;5;6.0;0.0
22023025;6;0;0;2.0;1;4;2.0;4.0
2202337;11;5;2;12.0;1;13;18.0;0.0
22024156;1;1;1;2.0;1;2;3.0;0.0
22024160;1;3;1;0.0;1;0;5.0;0.0
22024641;4;4;1;4.0;1;6;9.0;0.0
22024892;3;20;18;41.0;1;23;2.0;39.0
22025768;2;2;0;3.0;1;3;4.0;0.0
22025906;7;12;6;24.0;1;26;0.0;25.0
22026432;4;8;6;17.0;1;19;0.0;18.0
22026638;2;4;0;6.0;1;6;0.0;6.0
22026899;9;2;0;12.0;1;6;0.0;11.0
22026974;13;3;0;9.0;1;7;0.0;16.0
22027180;0;10;4;15.0;1;15;2.0;12.0
22028402;1;1;1;1.0;1;1;3.0;0.0
22029610;3;0;0;1.0;1;2;0.0;3.0
22030248;5;3;0;4.0;1;6;3.0;5.0
22031057;10;3;0;9.0;1;10;1.0;12.0
22031461;2;0;0;1.0;1;1;2.0;0.0
22031463;0;5;0;5.0;1;5;0.0;5.0
22033005;8;8;0;13.0;1;15;0.0;16.0
22033148;4;0;0;3.0;1;4;0.0;4.0
22033647;1;1;5;6.0;1;6;2.0;5.0
22033760;13;12;6;29.0;1;22;0.0;31.0
22034007;7;7;0;14.0;1;12;0.0;14.0
22034375;0;7;11;19.0;1;11;0.0;18.0
22034781;1;0;0;0.0;1;0;1.0;0.0
22034824;0;1;2;2.0;1;2;3.0;0.0
22034839;4;10;25;40.0;1;13;0.0;39.0
22035195;7;19;20;49.0;2;40;0.0;46.0
22037871;3;8;2;12.0;1;11;7.0;6.0
22038122;4;0;0;2.0;1;4;0.0;4.0
22038362;5;13;4;19.0;2;20;3.0;19.0
22038411;1;0;0;0.0;1;0;1.0;0.0
22038450;1;0;0;1.0;1;1;1.0;0.0
22039176;6;8;1;15.0;1;16;0.0;15.0
22040256;4;8;0;10.0;1;12;0.0;12.0
22041016;0;6;1;6.0;2;6;3.0;4.0
22041305;1;6;1;6.0;1;6;8.0;0.0
22041467;6;0;0;4.0;1;6;0.0;6.0
22048764;0;2;1;1.0;1;1;3.0;0.0
22049017;8;14;3;20.0;1;21;6.0;19.0
22049030;2;1;0;2.0;1;2;3.0;0.0
22049965;1;6;7;11.0;3;10;4.0;10.0
22050017;2;0;0;0.0;1;0;2.0;0.0
22050127;12;1;0;9.0;1;8;0.0;13.0
22050634;6;1;0;6.0;1;7;0.0;7.0
22051286;12;39;19;73.0;1;27;0.0;70.0
22051609;0;18;21;43.0;1;17;0.0;39.0
22051628;2;1;0;1.0;1;1;3.0;0.0
22051720;1;2;0;1.0;1;1;3.0;0.0
22052210;1;0;1;1.0;1;2;2.0;0.0
22052435;2;9;4;11.0;1;10;4.0;11.0
22052437;1;2;1;2.0;1;2;4.0;0.0
22052580;7;0;0;5.0;1;7;0.0;7.0
22062675;0;3;1;1.0;1;1;4.0;0.0
22062804;18;3;0;17.0;1;10;0.0;21.0
22063007;15;9;0;17.0;1;16;0.0;24.0
22063497;20;0;0;14.0;1;5;0.0;20.0
22063740;1;1;0;0.0;1;0;2.0;0.0
22064124;1;1;0;0.0;1;0;2.0;0.0
22064376;0;2;2;4.0;1;4;4.0;0.0
22064424;0;10;9;20.0;1;17;0.0;19.0
22064543;6;17;10;35.0;1;23;0.0;33.0
22064725;7;10;0;16.0;1;18;0.0;17.0
22064793;1;1;0;0.0;1;0;2.0;0.0
22065005;4;10;0;14.0;1;10;0.0;14.0
22065206;7;10;14;31.0;1;22;0.0;31.0
22065596;1;1;0;1.0;1;1;2.0;0.0
22066020;2;12;3;15.0;1;15;2.0;15.0
22066161;0;0;6;8.0;1;5;0.0;6.0
22066176;6;4;0;9.0;1;10;0.0;10.0
22066637;2;3;0;4.0;1;4;5.0;0.0
22066861;1;1;0;0.0;1;0;2.0;0.0
22067604;2;2;1;4.0;1;4;5.0;0.0
22067989;1;1;1;0.0;1;0;3.0;0.0
22070305;0;2;3;5.0;1;5;0.0;5.0
22070581;1;0;1;1.0;1;1;2.0;0.0
22071109;1;0;0;0.0;1;0;1.0;0.0
22071561;18;9;0;21.0;1;14;0.0;27.0
22071884;3;4;0;4.0;1;6;2.0;5.0
22072486;1;1;0;1.0;1;1;2.0;0.0
22072546;4;1;12;15.0;1;10;0.0;17.0
22073085;2;0;4;4.0;1;6;0.0;6.0
22073732;3;7;3;9.0;1;10;13.0;0.0
22073857;1;7;4;12.0;1;12;2.0;10.0
22073999;0;18;0;18.0;1;11;0.0;18.0
22074103;4;8;4;15.0;1;17;0.0;16.0
22077099;10;0;0;5.0;1;4;0.0;10.0
22077179;2;9;4;16.0;2;10;11.0;4.0
22077677;0;2;0;0.0;1;0;2.0;0.0
22077971;2;1;0;0.0;1;0;3.0;0.0
22078333;9;0;0;8.0;1;5;0.0;9.0
22078439;4;2;1;3.0;1;5;2.0;5.0
22078662;1;1;1;1.0;1;1;3.0;0.0
22079106;4;8;2;14.0;1;10;0.0;14.0
22079502;2;4;3;8.0;1;10;0.0;9.0
22079996;5;5;1;12.0;1;12;1.0;10.0
22080189;6;5;0;9.0;1;11;0.0;11.0
2208050;1;1;0;0.0;1;0;2.0;0.0
22084244;8;3;18;30.0;1;11;3.0;26.0
22084543;4;0;0;2.0;1;4;0.0;4.0
22084883;0;11;4;16.0;1;14;0.0;15.0
22085217;9;23;4;33.0;1;18;2.0;34.0
22086392;2;2;0;2.0;1;3;0.0;4.0
22086526;13;16;7;34.0;1;16;2.0;34.0
22086979;1;1;0;0.0;1;0;2.0;0.0
22087049;2;2;0;1.0;2;1;4.0;0.0
22087184;0;15;7;24.0;1;16;0.0;22.0
22087199;1;6;5;13.0;1;10;2.0;10.0
22087525;6;5;0;10.0;1;11;0.0;11.0
22087960;3;2;3;7.0;1;9;0.0;8.0
22090730;14;1;0;11.0;1;8;0.0;15.0
22091863;6;6;2;12.0;1;11;5.0;9.0
22092600;3;6;0;8.0;1;8;0.0;9.0
22093459;1;0;0;0.0;1;1;1.0;0.0
22093953;0;2;4;4.0;1;4;6.0;0.0
22094131;1;10;1;11.0;1;9;2.0;10.0
22094241;0;2;9;13.0;1;9;0.0;11.0
2209571;10;3;3;8.0;1;14;10.0;6.0
2209586;0;1;1;1.0;1;1;2.0;0.0
2209735;0;1;0;0.0;1;0;1.0;0.0
22108478;2;1;1;1.0;1;1;4.0;0.0
22109198;17;16;0;31.0;1;13;0.0;33.0
22109710;6;0;0;5.0;1;6;0.0;6.0
22109732;1;1;0;0.0;1;0;2.0;0.0
22109926;1;1;0;0.0;1;0;2.0;0.0
22110910;0;2;0;2.0;1;2;2.0;0.0
22111237;10;0;0;7.0;1;5;0.0;10.0
22111283;11;0;0;9.0;1;7;0.0;11.0
22111979;0;1;2;5.0;1;5;0.0;3.0
22112037;1;7;3;10.0;2;10;8.0;3.0
22112302;1;2;1;0.0;1;0;4.0;0.0
22112420;0;1;1;1.0;1;1;2.0;0.0
22112818;3;1;0;3.0;1;4;0.0;4.0
22115052;2;1;0;2.0;1;2;3.0;0.0
22115302;4;7;4;14.0;1;15;11.0;4.0
22116276;4;0;0;4.0;1;6;0.0;4.0
22116283;0;1;3;2.0;1;2;4.0;0.0
22117266;5;12;6;22.0;1;23;1.0;22.0
22118484;7;12;6;24.0;1;26;0.0;25.0
22118674;0;20;8;28.0;1;15;0.0;28.0
22118881;1;7;3;8.0;1;7;4.0;7.0
22118923;7;12;6;24.0;1;26;0.0;25.0
22118978;0;3;6;10.0;1;10;1.0;8.0
22119087;1;1;0;1.0;1;1;2.0;0.0
22120286;3;7;0;8.0;1;7;10.0;0.0
22122011;0;1;1;1.0;1;1;2.0;0.0
22123206;1;5;1;4.0;1;4;4.0;3.0
22123287;2;8;0;10.0;1;8;0.0;10.0
22123717;7;12;6;24.0;1;26;0.0;25.0
22124473;3;3;4;9.0;1;9;0.0;10.0
22124839;3;0;3;5.0;1;7;0.0;6.0
22125055;0;6;7;15.0;1;13;2.0;11.0
22125618;2;12;6;21.0;1;21;0.0;20.0
22126062;1;1;0;1.0;1;1;2.0;0.0
22128400;2;3;2;5.0;1;5;7.0;0.0
22128445;1;1;0;2.0;1;2;2.0;0.0
22129094;0;8;1;9.0;1;5;0.0;9.0
22129239;3;7;0;9.0;1;10;10.0;0.0
22131252;0;1;1;0.0;1;0;2.0;0.0
22131284;1;1;1;0.0;1;0;3.0;0.0
22131331;6;17;3;25.0;1;20;0.0;26.0
22131424;1;2;0;2.0;1;3;3.0;0.0
22131472;3;2;2;8.0;1;8;2.0;5.0
22131490;1;1;0;0.0;1;1;2.0;0.0
22131549;6;16;18;42.0;1;33;23.0;17.0
22131782;1;10;0;10.0;1;9;4.0;7.0
22131815;0;8;12;22.0;1;11;0.0;20.0
22131901;5;0;0;4.0;1;5;5.0;0.0
22134747;1;6;0;5.0;1;5;7.0;0.0
22134815;4;1;0;3.0;1;5;0.0;5.0
22135387;0;2;1;1.0;1;1;3.0;0.0
22135539;2;3;1;4.0;1;4;6.0;0.0
22136194;0;1;1;0.0;1;0;2.0;0.0
22137189;6;1;0;6.0;1;7;0.0;7.0
22137608;0;1;0;1.0;1;1;1.0;0.0
2213837;5;4;1;6.0;1;8;10.0;0.0
22139319;0;3;0;4.0;1;4;0.0;3.0
22150945;0;8;0;9.0;1;9;0.0;8.0
22151890;1;1;0;1.0;1;1;2.0;0.0
22152077;8;0;0;7.0;1;5;0.0;8.0
22152720;0;7;0;7.0;1;7;0.0;7.0
22152752;0;1;3;4.0;1;4;0.0;4.0
22152800;1;2;1;3.0;1;4;4.0;0.0
22152913;1;1;1;1.0;1;1;3.0;0.0
22153289;4;1;0;4.0;1;5;0.0;5.0
22153452;0;42;43;93.0;1;17;0.0;85.0
22154206;9;49;28;89.0;1;24;3.0;83.0
22154703;0;1;0;0.0;1;0;1.0;0.0
22154793;2;3;0;2.0;1;3;5.0;0.0
22155712;3;5;0;12.0;1;10;1.0;7.0
22156228;0;1;1;0.0;1;0;2.0;0.0
22156597;7;5;0;11.0;1;11;0.0;12.0
22156980;1;1;1;1.0;1;1;3.0;0.0
22159615;0;9;0;8.0;1;8;0.0;9.0
22160447;1;11;6;20.0;1;20;0.0;18.0
22160647;0;2;1;2.0;1;2;3.0;0.0
22160885;7;3;0;9.0;1;6;0.0;10.0
22161458;10;35;18;58.0;1;28;7.0;56.0
22161505;0;2;0;0.0;1;0;2.0;0.0
2216163;0;1;0;0.0;1;0;1.0;0.0
22161662;1;13;1;13.0;1;9;2.0;13.0
22161902;1;0;0;0.0;2;0;1.0;0.0
22161988;4;0;0;3.0;1;3;0.0;4.0
22162328;0;1;0;0.0;1;0;1.0;0.0
22162612;2;2;0;3.0;1;4;0.0;4.0
22163310;0;11;0;12.0;1;4;0.0;11.0
22163315;5;9;4;17.0;1;18;0.0;18.0
22163530;6;4;1;10.0;1;11;0.0;11.0
22164048;3;5;0;9.0;1;9;0.0;8.0
22166362;9;0;0;8.0;1;4;0.0;9.0
22166419;1;4;1;4.0;1;5;0.0;6.0
22166479;1;3;0;0.0;1;0;4.0;0.0
22167127;0;8;6;15.0;1;10;2.0;12.0
22167336;0;1;1;0.0;1;0;2.0;0.0
22167772;4;0;0;4.0;1;3;0.0;4.0
22167803;0;1;0;0.0;1;0;1.0;0.0
22167956;4;8;8;17.0;1;17;6.0;14.0
22167959;18;26;1;42.0;1;20;0.0;45.0
22168021;4;11;6;22.0;1;23;0.0;21.0
22169756;1;1;0;0.0;1;0;2.0;0.0
22169855;4;4;1;8.0;1;8;5.0;4.0
22169941;1;1;0;1.0;1;1;2.0;0.0
22170091;4;0;0;3.0;1;4;0.0;4.0
221703;2;8;7;16.0;1;14;17.0;0.0
22170327;2;6;0;7.0;1;6;3.0;5.0
22173215;2;0;0;2.0;1;2;2.0;0.0
22173768;0;1;3;3.0;1;3;0.0;4.0
22174234;0;1;1;2.0;1;2;2.0;0.0
22174572;1;27;28;62.0;1;18;2.0;54.0
22175337;10;0;0;9.0;1;6;0.0;10.0
22175914;1;3;0;2.0;1;2;4.0;0.0
22177069;0;4;0;4.0;1;4;0.0;4.0
22177218;4;0;0;3.0;1;4;0.0;4.0
22177284;1;1;0;1.0;1;1;2.0;0.0
22177957;4;1;0;3.0;1;4;0.0;5.0
2217944;4;0;0;0.0;1;5;4.0;0.0
22180613;1;1;1;1.0;2;1;3.0;0.0
22181337;0;0;4;4.0;1;3;0.0;4.0
22182258;2;1;0;2.0;1;3;0.0;3.0
22183117;1;0;1;1.0;1;2;2.0;0.0
22183857;1;12;8;17.0;1;17;6.0;15.0
22184235;1;1;0;0.0;1;0;2.0;0.0
22184400;0;1;1;0.0;1;0;2.0;0.0
22184532;1;0;1;0.0;1;0;2.0;0.0
22184709;0;2;1;0.0;1;0;3.0;0.0
22185018;1;3;0;4.0;1;4;0.0;4.0
22185617;4;10;11;25.0;1;18;3.0;22.0
22197392;1;1;0;1.0;1;2;2.0;0.0
22197452;6;6;1;12.0;1;11;2.0;11.0
22197847;6;7;0;12.0;1;13;0.0;13.0
22197985;0;1;1;1.0;1;1;2.0;0.0
22199781;1;2;0;2.0;1;2;3.0;0.0
22200046;0;5;1;6.0;1;6;2.0;4.0
22200073;3;7;0;11.0;1;11;10.0;0.0
22200567;5;12;6;24.0;1;24;0.0;23.0
2220141;9;17;17;44.0;1;35;24.0;19.0
22201471;4;9;1;14.0;1;11;14.0;0.0
22204220;8;24;13;45.0;1;24;0.0;45.0
22204781;3;3;0;5.0;1;5;0.0;6.0
22204964;3;10;22;39.0;1;17;5.0;30.0
22205015;1;4;0;4.0;1;5;0.0;5.0
22205266;0;2;0;1.0;1;1;2.0;0.0
22205272;0;1;2;4.0;1;4;0.0;3.0
22205657;3;7;6;16.0;1;14;0.0;16.0
22205856;8;0;0;6.0;1;4;0.0;8.0
22206027;8;1;0;9.0;1;6;0.0;9.0
22206567;0;1;0;0.0;1;0;1.0;0.0
22206613;6;2;0;7.0;1;8;0.0;8.0
22206887;1;1;0;2.0;1;2;2.0;0.0
22207465;1;1;0;0.0;1;0;2.0;0.0
22207825;3;4;1;7.0;1;7;0.0;8.0
22207956;0;26;5;28.0;2;15;2.0;29.0
22208192;5;4;1;11.0;1;9;4.0;6.0
22208256;2;2;0;1.0;1;1;4.0;0.0
2221000;16;17;6;34.0;1;30;3.0;36.0
22210723;3;0;1;3.0;1;4;0.0;4.0
22211875;0;2;4;6.0;1;6;0.0;6.0
22212944;5;0;0;5.0;1;5;0.0;5.0
22213761;3;5;0;9.0;1;9;0.0;8.0
22217809;5;7;0;12.0;1;13;2.0;10.0
22218380;1;1;0;0.0;1;0;2.0;0.0
22219239;1;1;0;2.0;1;2;2.0;0.0
22219387;2;8;0;9.0;1;10;0.0;10.0
22219710;17;19;6;40.0;1;25;0.0;42.0
22219817;2;2;0;3.0;1;4;0.0;4.0
22220471;1;0;0;0.0;1;1;1.0;0.0
22220558;6;13;4;23.0;1;21;0.0;23.0
22220627;3;9;3;13.0;1;12;15.0;0.0
22220854;3;11;0;15.0;1;11;0.0;14.0
22221069;6;6;0;11.0;1;12;0.0;12.0
22221098;3;8;5;15.0;1;15;2.0;14.0
22221868;0;14;6;21.0;1;16;0.0;20.0
22221990;6;9;0;15.0;1;13;0.0;15.0
2222270;21;6;4;18.0;5;31;16.0;15.0
22226348;0;1;0;1.0;1;1;1.0;0.0
22226399;0;4;0;4.0;1;3;0.0;4.0
22227266;5;0;0;4.0;1;5;0.0;5.0
22227298;0;17;12;31.0;1;18;0.0;29.0
22227789;2;1;2;5.0;1;5;0.0;5.0
22227819;1;23;5;28.0;1;18;2.0;27.0
22228799;2;5;3;9.0;1;9;10.0;0.0
22229039;1;1;0;2.0;1;2;2.0;0.0
22229390;0;5;16;23.0;1;11;0.0;21.0
22229498;0;0;3;3.0;1;3;3.0;0.0
22229949;3;9;0;11.0;1;10;6.0;6.0
22230001;1;6;0;5.0;1;3;2.0;5.0
22230044;8;22;0;31.0;1;14;0.0;30.0
2224024;14;21;6;33.0;1;34;5.0;36.0
22241258;0;2;0;1.0;1;1;2.0;0.0
22241419;2;0;0;0.0;1;1;2.0;0.0
22242051;0;2;1;1.0;1;1;3.0;0.0
22242065;0;4;6;12.0;1;12;2.0;8.0
22242470;2;2;0;2.0;1;2;4.0;0.0
22243075;3;1;0;4.0;1;4;0.0;4.0
22243482;0;1;1;0.0;1;0;2.0;0.0
22243622;4;12;6;22.0;1;18;0.0;22.0
22244559;1;1;1;1.0;1;1;3.0;0.0
22244573;4;9;12;23.0;1;16;2.0;23.0
22244633;2;0;0;2.0;1;2;2.0;0.0
22244708;0;2;2;4.0;1;4;0.0;4.0
22245407;0;0;7;9.0;1;6;0.0;7.0
22245679;0;1;1;0.0;1;0;2.0;0.0
22246476;0;5;0;5.0;1;5;0.0;5.0
22246732;1;0;1;1.0;1;1;2.0;0.0
22249103;4;7;0;12.0;1;10;4.0;7.0
22249546;0;2;0;2.0;1;2;2.0;0.0
22249724;4;0;0;3.0;1;4;0.0;4.0
22249736;4;0;0;3.0;1;4;0.0;4.0
22249796;0;5;1;6.0;1;6;0.0;6.0
22250169;4;7;0;11.0;1;11;3.0;8.0
22250240;5;11;1;17.0;1;14;0.0;17.0
22250762;6;0;0;5.0;1;4;0.0;6.0
22250946;0;0;4;5.0;1;5;0.0;4.0
22251362;4;3;0;6.0;1;7;2.0;5.0
22251522;0;1;1;1.0;1;1;2.0;0.0
22252801;1;1;1;0.0;1;0;3.0;0.0
22252867;0;8;1;8.0;1;8;2.0;7.0
22253419;1;6;6;12.0;1;10;2.0;11.0
22254736;1;3;0;1.0;1;1;4.0;0.0
22254947;1;2;0;1.0;1;1;3.0;0.0
22255096;2;5;0;7.0;1;7;0.0;7.0
22255696;0;5;6;12.0;1;12;0.0;11.0
22256475;1;1;1;2.0;1;2;3.0;0.0
22256823;1;2;1;2.0;1;2;4.0;0.0
22257636;0;1;0;1.0;1;1;0.0;1.0
22258328;6;8;19;35.0;1;17;0.0;33.0
22258541;3;12;6;22.0;1;22;0.0;21.0
22258893;4;0;6;11.0;1;11;0.0;10.0
22259090;0;2;1;3.0;1;3;3.0;0.0
22259845;1;0;0;0.0;1;0;1.0;0.0
22259952;1;7;1;7.0;2;7;9.0;0.0
22260095;0;1;13;22.0;1;7;2.0;12.0
22260118;1;6;2;7.0;1;7;9.0;0.0
22263142;2;8;1;10.0;1;10;3.0;8.0
22263269;5;0;0;5.0;1;6;0.0;5.0
22263314;2;7;2;11.0;1;11;0.0;11.0
22263346;0;0;4;5.0;1;5;0.0;4.0
2226351;5;0;0;4.0;1;4;1.0;4.0
22263721;0;0;0;0.0;1;0;0.0;0.0
22264518;6;11;6;24.0;1;25;0.0;23.0
22264918;2;4;2;9.0;1;10;0.0;8.0
22265725;0;1;0;0.0;1;0;1.0;0.0
22266022;0;1;1;1.0;1;1;2.0;0.0
22266150;3;8;1;12.0;1;12;0.0;12.0
22269479;5;0;0;4.0;1;5;0.0;5.0
22269956;4;2;0;5.0;1;6;0.0;6.0
22270053;0;0;2;3.0;1;3;2.0;0.0
22270110;4;2;1;6.0;1;7;0.0;7.0
22270255;0;5;0;5.0;1;5;0.0;5.0
22270268;12;8;0;20.0;1;11;0.0;20.0
22270642;4;5;0;9.0;1;9;0.0;9.0
22270749;0;34;9;43.0;2;24;1.0;42.0
22271251;4;0;0;4.0;1;3;0.0;4.0
22272996;2;1;1;1.0;2;1;4.0;0.0
22273053;10;2;6;17.0;1;13;0.0;18.0
22273561;18;66;32;121.0;1;29;5.0;111.0
2227824;2;7;1;8.0;1;9;4.0;6.0
22286245;0;4;1;4.0;1;4;5.0;0.0
22286890;1;1;0;2.0;1;2;2.0;0.0
22287319;0;1;0;0.0;1;0;1.0;0.0
22287439;6;12;1;18.0;1;19;0.0;19.0
22288366;1;1;2;4.0;1;5;0.0;4.0
22288483;3;4;1;3.0;1;3;8.0;0.0
22288929;1;1;0;1.0;1;1;2.0;0.0
22289018;2;1;2;3.0;1;3;5.0;0.0
22289211;0;1;1;1.0;1;1;2.0;0.0
22289250;6;22;3;28.0;1;21;6.0;25.0
22289645;2;0;0;1.0;1;1;2.0;0.0
22289830;6;4;0;9.0;1;10;0.0;10.0
22291059;1;0;0;1.0;1;1;1.0;0.0
22294295;0;11;2;13.0;1;12;0.0;13.0
22294429;2;9;5;16.0;1;16;16.0;0.0
22294948;11;34;11;56.0;1;25;0.0;56.0
22295041;5;5;0;10.0;1;10;0.0;10.0
22295076;8;0;0;9.0;1;5;0.0;8.0
22295248;0;3;3;7.0;1;7;0.0;6.0
22296532;0;1;0;0.0;1;0;1.0;0.0
22297417;1;1;0;0.0;1;0;2.0;0.0
22297803;1;4;0;4.0;1;5;0.0;5.0
22297873;3;18;12;35.0;1;22;0.0;33.0
22298104;7;1;0;7.0;1;6;0.0;8.0
22301282;5;1;0;6.0;1;4;0.0;6.0
22301429;0;1;1;0.0;1;0;2.0;0.0
22301469;6;7;0;12.0;1;13;0.0;13.0
22301758;10;19;3;27.0;1;20;6.0;26.0
22302595;2;0;5;7.0;1;8;2.0;5.0
22302682;1;1;1;1.0;1;1;3.0;0.0
22304619;0;1;0;0.0;1;0;1.0;0.0
22304796;2;3;0;5.0;1;6;0.0;5.0
22307173;1;23;2;27.0;1;15;0.0;26.0
22307235;0;1;1;1.0;1;1;2.0;0.0
22308291;2;0;7;9.0;1;7;3.0;6.0
22308626;1;8;3;11.0;1;10;6.0;6.0
22309030;8;0;0;6.0;1;5;0.0;8.0
22309928;7;24;12;44.0;1;24;0.0;43.0
22310171;0;4;0;4.0;1;4;0.0;4.0
22310854;1;7;6;15.0;1;14;0.0;14.0
22311940;0;2;2;2.0;1;2;4.0;0.0
22312137;0;2;1;1.0;1;1;3.0;0.0
22315299;7;1;0;7.0;1;5;2.0;6.0
22315753;4;11;5;22.0;1;22;0.0;20.0
22316232;1;1;1;0.0;1;0;3.0;0.0
22316721;0;1;1;0.0;1;0;2.0;0.0
22318329;4;3;6;13.0;1;14;0.0;13.0
22318350;1;0;0;0.0;1;0;1.0;0.0
22318566;1;7;2;11.0;1;9;5.0;5.0
22318620;2;5;9;18.0;1;15;4.0;12.0
22318923;3;9;8;22.0;1;18;15.0;5.0
22319001;5;12;6;24.0;1;24;0.0;23.0
22319468;7;21;10;40.0;1;24;0.0;38.0
22320185;1;1;0;2.0;1;2;2.0;0.0
2232772;3;6;2;6.0;1;8;11.0;0.0
22333373;4;12;6;23.0;1;23;0.0;22.0
2233355;10;5;2;8.0;1;14;17.0;0.0
22333863;1;0;0;0.0;1;0;1.0;0.0
22334215;5;3;0;8.0;1;8;0.0;8.0
22334306;4;2;3;9.0;1;9;0.0;9.0
2233458;1;1;0;0.0;1;0;2.0;0.0
22336090;1;2;1;0.0;1;0;4.0;0.0
22337966;5;0;0;5.0;1;5;0.0;5.0
22338886;1;1;2;4.0;1;4;4.0;0.0
22339036;1;2;2;2.0;1;2;5.0;0.0
22341522;1;8;0;7.0;1;7;3.0;6.0
2234204;1;1;3;2.0;3;2;5.0;0.0
22342716;3;3;6;13.0;1;14;0.0;12.0
22342797;1;4;0;5.0;1;5;0.0;5.0
22343148;2;1;0;2.0;1;3;3.0;0.0
22343291;1;8;1;8.0;1;7;2.0;8.0
22343752;2;18;10;32.0;3;28;14.0;16.0
22344779;1;13;15;31.0;1;18;4.0;25.0
22345464;1;2;0;3.0;1;3;3.0;0.0
22346256;5;12;7;26.0;1;24;15.0;9.0
22346416;3;5;0;8.0;1;8;0.0;8.0
22346546;5;6;2;14.0;1;14;0.0;13.0
22346747;1;2;0;1.0;1;1;3.0;0.0
22346915;2;0;0;2.0;1;2;2.0;0.0
22350417;0;10;0;10.0;1;10;0.0;10.0
22350490;5;0;0;5.0;1;5;0.0;5.0
22350585;0;1;0;1.0;1;1;1.0;0.0
22351092;2;2;0;3.0;1;3;4.0;0.0
22351127;0;10;2;10.0;1;10;2.0;10.0
22351750;4;7;0;9.0;1;9;2.0;9.0
22351983;1;9;0;9.0;1;9;3.0;7.0
22352714;0;2;7;11.0;1;6;0.0;9.0
22353167;2;2;1;6.0;1;6;5.0;0.0
22353639;3;1;2;7.0;1;7;0.0;6.0
22353955;2;1;5;9.0;1;6;0.0;8.0
22353964;1;12;3;16.0;1;15;0.0;16.0
22356540;5;18;12;37.0;1;24;0.0;35.0
22356878;5;0;0;5.0;1;5;0.0;5.0
22357132;2;3;0;5.0;1;5;0.0;5.0
22357483;0;1;1;1.0;1;1;2.0;0.0
22357771;0;23;5;28.0;1;8;0.0;28.0
22359233;1;3;0;4.0;1;4;0.0;4.0
22360069;3;1;0;3.0;1;2;4.0;0.0
22360770;1;10;7;16.0;1;15;4.0;14.0
22360819;5;3;0;7.0;1;7;2.0;6.0
22361568;6;23;4;29.0;1;23;9.0;24.0
22361594;4;0;0;4.0;1;4;0.0;4.0
22363558;0;10;7;18.0;1;17;0.0;17.0
22363655;1;1;0;0.0;1;0;2.0;0.0
22363660;1;1;0;0.0;1;0;2.0;0.0
22364006;7;3;0;10.0;1;8;0.0;10.0
22364164;3;3;0;6.0;1;6;0.0;6.0
22364168;0;1;0;0.0;1;0;1.0;0.0
22364555;5;1;0;6.0;1;6;0.0;6.0
22365455;0;3;0;4.0;1;4;3.0;0.0
22365692;10;0;0;10.0;1;3;0.0;10.0
22367011;11;19;8;39.0;1;19;2.0;36.0
2237892;1;1;0;0.0;1;0;2.0;0.0
22383042;1;3;1;0.0;1;0;5.0;0.0
22383066;0;1;0;1.0;1;1;1.0;0.0
22383143;4;15;1;20.0;1;17;0.0;20.0
22383485;10;6;3;18.0;1;13;0.0;19.0
22383538;5;12;2;19.0;1;19;0.0;19.0
22383674;3;5;2;9.0;1;9;10.0;0.0
22383850;1;1;0;1.0;1;1;2.0;0.0
22383959;0;0;2;1.0;1;1;2.0;0.0
22384264;10;5;0;15.0;1;8;0.0;15.0
22384355;2;1;0;3.0;1;3;0.0;3.0
22385011;3;11;6;20.0;1;20;0.0;20.0
22387188;5;6;6;17.0;1;16;4.0;13.0
22387215;1;1;4;6.0;1;5;0.0;6.0
22387510;1;0;5;7.0;1;7;0.0;6.0
22387591;5;7;6;18.0;1;17;1.0;17.0
22387871;0;1;1;1.0;1;1;2.0;0.0
22388570;7;12;4;23.0;1;17;0.0;23.0
22389980;0;1;0;0.0;1;0;1.0;0.0
22390333;2;4;1;7.0;1;7;0.0;7.0
22390460;3;4;1;9.0;1;9;0.0;8.0
22391098;5;12;6;24.0;1;24;0.0;23.0
22391259;0;11;6;18.0;1;18;0.0;17.0
22391442;4;0;0;5.0;1;5;0.0;4.0
22391662;0;3;2;4.0;1;4;0.0;5.0
22391906;15;22;6;44.0;1;24;0.0;43.0
22392441;6;1;0;7.0;1;4;0.0;7.0
22394546;0;1;0;1.0;1;1;1.0;0.0
22395234;1;2;0;2.0;2;2;3.0;0.0
22395417;0;1;0;1.0;1;1;1.0;0.0
22395488;1;0;0;0.0;1;0;1.0;0.0
22395490;4;2;6;12.0;1;11;1.0;11.0
22395547;5;0;0;5.0;1;5;0.0;5.0
22396418;5;12;18;38.0;1;24;9.0;26.0
22396440;10;15;0;25.0;1;13;0.0;25.0
22396808;3;3;0;5.0;1;5;0.0;6.0
22397693;2;7;12;26.0;1;15;5.0;16.0
22397896;4;5;1;9.0;1;9;0.0;10.0
22398148;6;0;0;6.0;1;3;0.0;6.0
22399153;5;36;24;67.0;1;24;3.0;62.0
22401828;1;3;1;4.0;1;4;5.0;0.0
22401937;0;4;0;3.0;1;3;4.0;0.0
22402761;5;2;0;6.0;1;4;0.0;7.0
22402770;1;1;0;0.0;1;0;2.0;0.0
22403097;0;0;1;1.0;1;1;1.0;0.0
22403501;6;1;0;7.0;1;7;1.0;6.0
22404338;0;2;3;5.0;1;4;0.0;5.0
22404436;3;12;6;22.0;1;22;0.0;21.0
22405836;2;1;0;3.0;1;3;0.0;3.0
22405855;1;4;0;6.0;1;6;0.0;5.0
22406242;5;14;0;19.0;1;17;0.0;19.0
22406313;4;0;0;4.0;1;4;0.0;4.0
22406787;1;0;0;1.0;1;1;1.0;0.0
22409040;4;1;0;5.0;1;5;0.0;5.0
22410067;2;15;0;18.0;1;9;0.0;17.0
22410331;5;5;0;10.0;1;10;0.0;10.0
22410777;4;29;14;46.0;1;27;7.0;40.0
22410939;1;4;0;3.0;1;3;5.0;0.0
22411331;4;9;1;14.0;1;14;5.0;9.0
22411756;2;2;0;4.0;1;4;4.0;0.0
22411763;5;6;0;11.0;1;11;0.0;11.0
22413549;1;1;1;2.0;1;2;3.0;0.0
22413651;0;3;1;4.0;1;4;0.0;4.0
22414097;0;1;0;0.0;1;0;1.0;0.0
22424439;0;5;0;6.0;1;6;5.0;0.0
22425278;0;17;3;20.0;1;13;0.0;20.0
22425280;1;2;1;2.0;1;2;4.0;0.0
22426581;1;1;1;1.0;1;1;3.0;0.0
22426685;5;2;0;7.0;1;7;0.0;7.0
22426820;0;0;6;8.0;1;4;0.0;6.0
22427196;0;1;7;9.0;1;8;3.0;5.0
22427821;0;7;4;11.0;1;11;0.0;11.0
22427956;6;0;1;5.0;1;4;2.0;5.0
22428203;0;2;0;1.0;1;1;2.0;0.0
22429283;3;6;2;14.0;1;14;11.0;0.0
22430630;0;1;1;0.0;1;0;2.0;0.0
22432236;0;3;6;10.0;1;10;0.0;9.0
22432281;0;1;0;0.0;1;0;1.0;0.0
22432692;4;19;16;41.0;1;24;2.0;37.0
22432936;11;4;0;15.0;1;8;0.0;15.0
22433292;0;10;6;18.0;1;18;1.0;15.0
22433566;0;1;1;2.0;1;2;2.0;0.0
22433747;1;3;0;4.0;1;4;0.0;4.0
22434132;4;2;0;4.0;1;4;2.0;4.0
22434750;0;2;14;19.0;1;11;11.0;5.0
22434782;7;11;4;22.0;1;21;11.0;11.0
22435346;5;12;6;24.0;1;24;0.0;23.0
22436087;0;4;3;8.0;1;8;0.0;7.0
22436186;0;13;12;25.0;1;14;0.0;25.0
22436349;0;1;1;0.0;1;0;2.0;0.0
22436681;1;0;0;0.0;2;0;1.0;0.0
22438965;5;3;0;10.0;1;9;3.0;5.0
22439230;1;4;3;7.0;1;7;3.0;5.0
22439647;4;15;4;23.0;1;20;0.0;23.0
22439744;3;7;8;18.0;1;15;3.0;15.0
22440790;0;1;1;0.0;1;0;2.0;0.0
22440910;4;4;0;9.0;1;9;2.0;6.0
22441291;5;5;4;17.0;1;14;0.0;14.0
22441357;4;0;0;3.0;1;3;0.0;4.0
22441499;5;1;0;6.0;1;6;0.0;6.0
2244160;14;3;6;14.0;1;22;11.0;12.0
22441630;1;2;0;1.0;1;1;3.0;0.0
22442178;5;3;0;8.0;1;8;0.0;8.0
22442267;3;1;1;2.0;1;2;5.0;0.0
22442617;2;24;21;49.0;1;26;7.0;40.0
2244263;4;9;9;17.0;1;16;8.0;14.0
22442823;1;0;0;1.0;1;1;1.0;0.0
22442846;0;0;0;0.0;1;0;0.0;0.0
22442876;0;1;1;2.0;1;2;2.0;0.0
22442941;4;10;3;18.0;1;17;0.0;17.0
22442943;6;11;0;17.0;1;12;0.0;17.0
22443429;3;9;0;12.0;1;12;0.0;12.0
22445852;4;13;19;35.0;2;22;3.0;33.0
22446011;5;12;6;24.0;1;24;0.0;23.0
22446441;5;8;1;15.0;1;15;3.0;11.0
22446494;3;12;6;22.0;1;22;0.0;21.0
22447169;0;4;6;11.0;1;11;0.0;10.0
22448079;6;0;0;6.0;1;2;0.0;6.0
22449691;4;10;0;15.0;1;15;0.0;14.0
22449803;0;7;0;6.0;1;6;0.0;7.0
22449836;10;13;9;35.0;1;24;0.0;32.0
22450065;0;11;6;19.0;1;17;0.0;17.0
2245056;5;4;4;11.0;1;14;13.0;0.0
2245210;0;0;3;4.0;1;4;0.0;3.0
22452996;0;3;2;5.0;1;5;0.0;5.0
22453212;0;2;0;1.0;1;1;2.0;0.0
22453448;4;16;4;25.0;1;25;7.0;17.0
22453819;1;0;0;1.0;1;1;1.0;0.0
2245423;2;0;0;0.0;1;2;2.0;0.0
22454331;3;17;3;23.0;1;18;0.0;23.0
22455027;10;0;4;15.0;1;7;0.0;14.0
22455210;4;5;6;13.0;1;12;4.0;11.0
22455249;0;0;0;0.0;1;0;0.0;0.0
22456010;1;1;4;6.0;1;6;0.0;6.0
22456633;4;8;1;14.0;2;14;0.0;13.0
22457362;0;2;0;1.0;1;1;2.0;0.0
22457418;1;2;0;2.0;1;2;3.0;0.0
22457725;4;12;0;16.0;1;16;0.0;16.0
22470086;4;1;0;5.0;1;5;5.0;0.0
22470958;2;1;0;1.0;1;1;3.0;0.0
22471863;4;2;0;6.0;1;6;0.0;6.0
22471875;9;10;5;25.0;1;14;0.0;24.0
22472112;2;4;4;10.0;1;10;0.0;10.0
22472292;0;3;6;10.0;1;10;0.0;9.0
22472382;1;1;0;1.0;1;1;2.0;0.0
22472568;4;16;9;31.0;1;20;25.0;4.0
22473084;0;3;12;15.0;1;11;5.0;10.0
22473200;0;0;1;0.0;1;0;1.0;0.0
22473993;1;0;0;1.0;1;1;1.0;0.0
22474058;5;4;0;9.0;1;9;0.0;9.0
22474670;3;9;4;14.0;1;8;2.0;14.0
22475881;6;14;0;21.0;1;17;0.0;20.0
22478475;3;10;3;18.0;1;16;16.0;0.0
22478714;8;0;0;9.0;1;5;0.0;8.0
22478741;0;2;3;5.0;1;5;5.0;0.0
22478849;5;0;0;5.0;1;3;0.0;5.0
22478920;4;9;1;12.0;1;11;7.0;7.0
2247906;15;19;10;37.0;1;31;2.0;42.0
22479269;5;12;2;19.0;1;19;0.0;19.0
22479307;5;12;7;26.0;1;24;0.0;24.0
22479332;1;13;6;21.0;1;20;0.0;20.0
22479667;0;10;0;11.0;1;11;0.0;10.0
22479832;6;31;12;51.0;1;24;0.0;49.0
22479859;4;0;0;4.0;1;3;0.0;4.0
22479929;8;0;0;8.0;1;3;0.0;8.0
22480395;3;0;0;3.0;1;3;3.0;0.0
22480628;0;1;0;0.0;1;0;1.0;0.0
22480711;3;11;0;14.0;1;14;0.0;14.0
22481093;4;0;0;4.0;1;2;0.0;4.0
22482078;4;0;0;5.0;1;5;0.0;4.0
22482705;0;8;4;12.0;1;12;0.0;12.0
2248293;34;3;7;15.0;2;22;2.0;42.0
22483265;1;0;0;1.0;1;1;1.0;0.0
2248353;22;20;8;41.0;2;50;28.0;22.0
22483613;4;0;0;4.0;1;4;0.0;4.0
22486870;2;3;1;6.0;2;6;0.0;6.0
22487024;0;9;6;15.0;1;15;0.0;15.0
22487083;8;3;0;11.0;1;8;0.0;11.0
22487194;5;4;0;9.0;1;9;0.0;9.0
22487333;0;1;0;0.0;1;0;1.0;0.0
22487850;2;3;6;13.0;1;13;0.0;11.0
22488787;0;1;0;0.0;1;0;1.0;0.0
22488864;4;0;0;3.0;1;3;4.0;0.0
22488988;1;1;0;0.0;1;0;2.0;0.0
22489185;0;4;6;11.0;1;11;0.0;10.0
2248970;0;1;0;0.0;1;0;1.0;0.0
22489868;0;5;0;6.0;1;6;2.0;3.0
22489880;6;3;0;9.0;1;8;0.0;9.0
22490096;1;0;1;0.0;1;0;2.0;0.0
22490166;1;1;0;0.0;1;0;2.0;0.0
22490288;4;12;6;23.0;1;23;0.0;22.0
2249189;3;1;0;1.0;1;2;4.0;0.0
22493649;18;0;0;17.0;1;5;0.0;18.0
22494121;4;9;0;14.0;1;14;0.0;13.0
22495992;0;1;1;0.0;2;0;2.0;0.0
22496605;7;11;6;26.0;1;18;0.0;24.0
22496640;11;0;0;11.0;1;5;0.0;11.0
22497044;3;0;0;3.0;1;2;0.0;3.0
22497685;2;1;0;2.0;1;2;3.0;0.0
2249779;27;36;18;70.0;1;32;0.0;81.0
22497827;0;3;0;4.0;1;4;0.0;3.0
22498576;0;1;0;0.0;1;0;1.0;0.0
22500634;0;9;6;16.0;1;16;0.0;15.0
22500767;14;14;0;28.0;1;9;0.0;28.0
22501245;1;1;3;4.0;1;3;5.0;0.0
22501574;4;8;0;12.0;1;12;0.0;12.0
22502132;4;0;0;3.0;1;2;0.0;4.0
22502353;2;2;4;5.0;1;5;8.0;0.0
22502674;4;0;0;4.0;1;4;0.0;4.0
22502774;0;3;1;2.0;1;2;4.0;0.0
22503939;0;2;0;1.0;1;1;2.0;0.0
22505430;0;11;14;26.0;1;16;7.0;18.0
22505483;0;8;7;16.0;1;15;0.0;15.0
22506724;4;9;1;14.0;1;14;0.0;14.0
22517487;0;5;8;14.0;3;10;13.0;0.0
22517553;3;1;0;4.0;1;3;0.0;4.0
22517731;1;3;0;4.0;1;4;0.0;4.0
22518831;4;0;0;6.0;1;4;0.0;4.0
22519015;5;10;4;18.0;1;17;3.0;16.0
22519518;4;7;4;15.0;1;11;9.0;6.0
22519761;4;14;0;19.0;1;13;0.0;18.0
22520539;1;10;0;12.0;1;8;0.0;11.0
22520847;1;1;2;2.0;1;2;4.0;0.0
22521222;2;2;0;1.0;1;1;4.0;0.0
22521225;7;2;0;7.0;1;5;2.0;7.0
22521519;1;6;6;16.0;1;15;0.0;13.0
22522435;0;10;6;17.0;1;17;0.0;16.0
22525012;2;7;10;19.0;1;15;3.0;16.0
22525747;4;9;6;24.0;1;24;1.0;18.0
22525793;5;12;6;24.0;1;23;0.0;23.0
22526015;3;12;2;17.0;1;17;0.0;17.0
22526319;0;11;8;21.0;1;17;1.0;18.0
22526656;2;30;18;52.0;1;19;0.0;50.0
22526786;1;0;0;1.0;1;1;1.0;0.0
2252697;0;1;1;1.0;1;1;2.0;0.0
22526990;4;3;2;13.0;1;10;0.0;9.0
22527293;1;1;5;7.0;1;7;2.0;5.0
22527429;0;1;6;7.0;1;7;2.0;5.0
22528251;4;0;0;5.0;1;3;0.0;4.0
22528944;0;2;0;2.0;1;2;2.0;0.0
22529474;1;1;0;1.0;1;1;2.0;0.0
22532737;0;5;0;5.0;1;4;0.0;5.0
22532835;7;11;1;19.0;1;17;1.0;18.0
22533297;3;3;0;7.0;1;7;0.0;6.0
22533514;5;12;10;29.0;1;23;0.0;27.0
22534070;0;0;5;5.0;1;5;0.0;5.0
22534174;3;6;0;7.0;1;7;4.0;5.0
22534184;2;0;0;2.0;1;2;2.0;0.0
22534207;0;8;6;15.0;1;15;0.0;14.0
22534432;0;1;0;0.0;1;0;1.0;0.0
22534776;1;1;0;0.0;1;0;2.0;0.0
22534779;1;3;0;4.0;1;4;0.0;4.0
22535008;4;1;1;6.0;1;6;0.0;6.0
22535542;6;18;10;35.0;1;26;4.0;30.0
22535587;0;3;0;2.0;1;2;3.0;0.0
22535991;4;0;0;4.0;1;4;0.0;4.0
22536297;0;1;0;0.0;2;0;1.0;0.0
22536329;0;2;1;0.0;1;0;3.0;0.0
22536444;0;0;3;3.0;1;3;0.0;3.0
22536741;5;5;1;10.0;1;10;0.0;11.0
22537009;0;1;1;1.0;1;1;2.0;0.0
22537020;8;35;23;71.0;1;24;0.0;66.0
22539737;12;0;0;14.0;1;5;0.0;12.0
22539897;3;5;1;9.0;1;7;0.0;9.0
22540816;0;6;2;9.0;1;9;0.0;8.0
22542290;1;1;1;0.0;1;0;3.0;0.0
22542377;3;2;0;5.0;1;4;5.0;0.0
22542527;5;24;3;32.0;1;19;0.0;32.0
225429;2;8;7;16.0;1;14;4.0;13.0
22543791;1;3;1;5.0;2;5;5.0;0.0
22543823;4;13;0;18.0;1;13;0.0;17.0
22544283;18;21;4;43.0;1;19;1.0;42.0
22546547;1;1;0;1.0;1;1;2.0;0.0
22546988;1;2;2;3.0;1;3;5.0;0.0
22547315;3;1;0;6.0;1;6;0.0;4.0
22547466;0;1;0;0.0;1;0;1.0;0.0
22547633;1;2;1;0.0;1;0;4.0;0.0
22547800;0;3;2;5.0;1;4;5.0;0.0
22547967;0;10;9;20.0;1;13;2.0;17.0
22548043;3;5;0;7.0;1;3;0.0;8.0
22548726;1;1;0;0.0;1;0;2.0;0.0
22549058;4;12;6;23.0;1;23;0.0;22.0
22549731;5;10;0;15.0;1;13;0.0;15.0
22549786;1;0;0;2.0;1;2;1.0;0.0
22549861;0;3;1;1.0;1;1;2.0;2.0
22550032;1;1;1;1.0;1;1;3.0;0.0
22550224;1;4;2;7.0;1;7;0.0;7.0
22550239;0;3;0;2.0;1;2;3.0;0.0
22550473;9;0;0;9.0;1;4;4.0;5.0
22550559;4;12;5;21.0;1;21;0.0;21.0
22550596;0;1;0;1.0;1;1;1.0;0.0
22550932;1;1;0;0.0;1;0;2.0;0.0
22550973;4;12;6;23.0;1;23;0.0;22.0
22551733;1;1;0;2.0;1;2;2.0;0.0
22551879;0;7;2;10.0;1;10;3.0;6.0
22563702;0;1;0;1.0;1;1;1.0;0.0
22563768;0;2;1;1.0;1;1;3.0;0.0
22564744;6;13;1;19.0;1;13;1.0;19.0
22565264;4;2;0;6.0;1;6;0.0;6.0
22565344;2;2;0;5.0;1;4;1.0;3.0
22565441;0;1;1;1.0;1;1;2.0;0.0
22568856;1;3;0;1.0;1;1;4.0;0.0
22568922;2;2;6;9.0;1;9;0.0;10.0
2257185;0;9;4;11.0;1;11;1.0;12.0
22572097;0;0;0;0.0;1;0;0.0;0.0
22572304;4;12;6;23.0;1;23;0.0;22.0
22572523;1;3;0;4.0;1;4;0.0;4.0
22572627;2;25;11;40.0;1;20;0.0;38.0
22573012;2;2;4;9.0;1;9;2.0;6.0
22573461;4;1;0;5.0;1;5;0.0;5.0
22573746;0;2;0;0.0;1;0;2.0;0.0
22574593;0;1;0;0.0;1;0;1.0;0.0
22574921;0;4;7;11.0;1;9;3.0;8.0
22575612;0;8;1;9.0;1;9;0.0;9.0
22575681;4;12;0;16.0;2;16;0.0;16.0
22575820;1;0;6;8.0;1;8;0.0;7.0
22578657;4;6;0;10.0;1;10;0.0;10.0
22578795;4;3;0;7.0;1;7;0.0;7.0
22580093;0;1;5;7.0;1;7;0.0;6.0
22580199;0;0;8;9.0;1;9;3.0;5.0
22580472;4;1;0;5.0;1;5;0.0;5.0
22580759;1;2;0;2.0;1;2;3.0;0.0
22580767;3;0;0;3.0;1;3;0.0;3.0
22580913;1;1;0;2.0;1;2;2.0;0.0
22581075;6;31;17;56.0;1;37;26.0;28.0
22581855;1;4;7;14.0;1;11;0.0;12.0
22581920;11;18;4;35.0;1;23;2.0;31.0
22585334;7;16;2;25.0;1;18;0.0;25.0
22585667;0;2;0;1.0;1;1;2.0;0.0
22585743;3;2;2;8.0;1;7;0.0;7.0
22586479;0;7;0;7.0;1;4;0.0;7.0
22586591;0;3;6;10.0;1;10;0.0;9.0
2258691;9;8;10;19.0;2;22;7.0;20.0
22587029;2;2;0;4.0;1;4;0.0;4.0
22587641;2;6;1;9.0;1;9;0.0;9.0
22588168;4;0;0;5.0;1;3;0.0;4.0
22588354;4;12;1;17.0;1;17;0.0;17.0
22592442;2;1;2;4.0;1;3;0.0;5.0
22592953;4;14;7;27.0;1;23;5.0;20.0
22593214;10;15;6;31.0;1;15;0.0;31.0
2259340;3;16;6;22.0;1;18;2.0;23.0
22593455;3;4;5;11.0;1;11;6.0;6.0
22593989;3;1;0;4.0;1;4;4.0;0.0
22594264;1;26;0;28.0;1;17;6.0;21.0
22594475;0;0;5;6.0;1;6;0.0;5.0
22595698;0;0;1;0.0;1;0;1.0;0.0
22595791;4;2;0;6.0;1;6;0.0;6.0
22595982;0;2;6;9.0;1;9;0.0;8.0
22596213;3;2;4;8.0;1;8;4.0;5.0
22596407;0;1;1;0.0;1;0;2.0;0.0
22596441;1;1;0;2.0;1;2;2.0;0.0
22607150;0;0;4;5.0;1;5;0.0;4.0
22608193;3;10;5;22.0;1;22;3.0;15.0
22608361;2;28;22;54.0;1;24;7.0;45.0
22608535;1;4;0;5.0;1;4;0.0;5.0
22609340;5;4;0;10.0;1;8;0.0;9.0
22610122;0;1;0;0.0;1;0;1.0;0.0
22610544;4;6;0;10.0;1;10;0.0;10.0
22610549;2;1;0;4.0;1;4;0.0;3.0
22610680;0;9;4;13.0;1;13;0.0;13.0
22611225;1;2;0;1.0;1;1;3.0;0.0
22611273;2;2;1;2.0;1;2;5.0;0.0
22611322;0;2;2;3.0;1;3;4.0;0.0
22611418;0;1;1;0.0;1;0;2.0;0.0
22611886;0;1;0;0.0;1;0;1.0;0.0
22612031;1;1;0;2.0;1;2;2.0;0.0
22612304;4;4;0;8.0;1;8;0.0;8.0
2261322;3;0;1;1.0;2;4;0.0;4.0
22615387;0;5;5;9.0;1;9;5.0;5.0
22615648;0;1;1;0.0;1;0;2.0;0.0
22615824;4;3;0;7.0;1;7;0.0;7.0
22615906;1;3;4;9.0;1;9;0.0;8.0
22616115;4;10;0;14.0;1;14;0.0;14.0
22616280;0;13;1;14.0;1;7;0.0;14.0
22617274;3;3;0;7.0;1;7;0.0;6.0
22617326;0;12;0;12.0;1;9;0.0;12.0
22617472;1;4;1;7.0;1;6;0.0;6.0
22617660;4;10;11;27.0;1;21;0.0;25.0
22618233;0;6;0;5.0;1;5;0.0;6.0
22618945;1;1;0;1.0;1;1;2.0;0.0
22622030;3;12;6;21.0;1;21;0.0;21.0
22622194;7;19;6;33.0;1;20;3.0;29.0
22622201;2;16;7;22.0;2;22;12.0;13.0
22622608;2;3;0;5.0;1;5;0.0;5.0
22622684;7;9;0;14.0;1;9;2.0;14.0
22622719;7;2;0;7.0;1;4;0.0;9.0
22622776;4;7;0;11.0;1;11;0.0;11.0
22622920;1;0;0;1.0;1;1;1.0;0.0
22622994;3;6;2;12.0;1;12;6.0;5.0
22623901;0;0;0;0.0;1;0;0.0;0.0
22624929;4;5;0;9.0;1;9;0.0;9.0
22625118;0;5;5;8.0;1;8;2.0;8.0
22625389;0;1;1;1.0;1;1;2.0;0.0
22627203;0;4;0;4.0;1;4;0.0;4.0
22627914;3;2;0;4.0;1;3;0.0;5.0
2262876;2;2;1;1.0;1;2;5.0;0.0
22629369;3;10;6;20.0;1;20;0.0;19.0
22629604;4;8;0;12.0;1;12;0.0;12.0
22630074;1;4;1;3.0;1;3;6.0;0.0
22630107;4;12;5;21.0;1;21;0.0;21.0
22630848;5;5;0;10.0;1;8;0.0;10.0
22630934;1;0;0;1.0;1;1;1.0;0.0
22631905;4;6;8;19.0;1;17;0.0;18.0
22631950;2;9;12;25.0;1;23;12.0;11.0
2263309;17;13;1;22.0;1;22;1.0;30.0
22634006;4;0;0;4.0;1;4;0.0;4.0
22634223;4;36;13;53.0;1;21;0.0;53.0
22635260;4;7;6;18.0;1;17;4.0;13.0
22635339;4;1;1;6.0;1;6;0.0;6.0
22635813;0;6;0;6.0;1;6;0.0;6.0
22636150;1;24;17;42.0;1;20;0.0;42.0
22637007;0;0;1;0.0;1;0;1.0;0.0
22637140;0;23;7;31.0;1;14;0.0;30.0
22637655;0;1;0;0.0;1;0;1.0;0.0
22638171;4;2;0;6.0;1;6;0.0;6.0
22638376;6;12;0;19.0;1;16;0.0;18.0
22638417;2;2;5;9.0;1;9;2.0;7.0
22638444;0;0;15;15.0;1;6;0.0;15.0
22638606;1;2;8;11.0;1;9;3.0;8.0
22638668;1;1;0;0.0;1;0;2.0;0.0
22639186;1;6;0;7.0;1;7;0.0;7.0
22639688;0;5;4;10.0;1;10;0.0;9.0
22649561;4;8;10;25.0;1;21;2.0;20.0
22649979;0;2;0;1.0;1;1;2.0;0.0
22650334;1;3;1;6.0;1;6;5.0;0.0
22650452;1;1;1;1.0;1;1;3.0;0.0
22650716;0;6;0;6.0;1;6;0.0;6.0
22650770;3;2;0;5.0;1;5;0.0;5.0
22651108;0;2;1;0.0;1;0;3.0;0.0
22651230;0;6;6;12.0;1;12;0.0;12.0
22651448;3;2;0;5.0;1;5;0.0;5.0
22651835;1;2;2;2.0;1;2;5.0;0.0
22651877;2;2;10;15.0;1;10;0.0;14.0
22651942;3;20;1;24.0;1;15;2.0;22.0
226530;0;3;10;16.0;1;10;0.0;13.0
22653197;5;13;6;23.0;1;23;2.0;22.0
22653264;2;4;0;6.0;1;6;3.0;3.0
22653327;0;2;2;5.0;1;5;0.0;4.0
22654606;3;15;10;29.0;1;24;13.0;15.0
22654672;3;12;6;22.0;1;22;0.0;21.0
226571;1;0;0;0.0;1;0;1.0;0.0
22658507;1;3;0;4.0;1;4;0.0;4.0
22658923;0;0;1;0.0;1;0;1.0;0.0
22659199;0;1;0;0.0;1;0;1.0;0.0
22659919;0;1;1;1.0;1;1;2.0;0.0
22660676;0;5;0;5.0;1;5;1.0;4.0
22661275;4;12;6;23.0;1;23;0.0;22.0
22661448;2;23;6;31.0;2;22;3.0;28.0
22661504;0;1;5;8.0;1;8;0.0;6.0
22661678;1;1;1;0.0;1;0;3.0;0.0
22661760;4;12;6;22.0;1;22;0.0;22.0
22661857;0;5;1;6.0;1;6;2.0;4.0
22662962;10;48;0;55.0;1;16;2.0;56.0
22663027;4;7;0;10.0;1;9;0.0;11.0
22664916;0;10;4;13.0;1;8;1.0;13.0
22664997;2;7;0;9.0;1;8;0.0;9.0
22665693;1;0;6;7.0;1;7;0.0;7.0
22665702;3;16;3;22.0;1;18;0.0;22.0
22665715;1;2;0;0.0;1;0;3.0;0.0
22666037;1;0;1;1.0;1;1;2.0;0.0
22666991;0;8;2;10.0;1;10;3.0;7.0
22667589;0;1;0;0.0;1;0;1.0;0.0
22667903;3;8;6;18.0;1;16;0.0;17.0
22668036;4;0;0;3.0;1;2;0.0;4.0
22668207;1;3;0;5.0;1;5;0.0;4.0
22668899;0;2;0;2.0;1;2;2.0;0.0
22668953;2;0;1;4.0;1;4;3.0;0.0
22669165;1;11;6;19.0;1;19;0.0;18.0
22669298;4;0;0;4.0;1;4;0.0;4.0
22669832;0;1;7;10.0;1;8;0.0;8.0
22669840;4;17;6;27.0;1;20;0.0;27.0
22670137;0;0;4;5.0;1;5;0.0;4.0
22671178;1;6;1;8.0;1;8;2.0;6.0
22673067;3;12;10;27.0;1;20;0.0;25.0
22673290;0;2;6;8.0;1;8;0.0;8.0
22673627;4;1;0;5.0;1;5;0.0;5.0
22674312;0;0;0;0.0;1;0;0.0;0.0
22674863;4;0;0;4.0;1;4;0.0;4.0
22676382;0;10;6;17.0;1;17;0.0;16.0
22676483;3;16;12;33.0;1;22;0.0;31.0
22676508;2;6;12;20.0;1;12;0.0;20.0
2267719;5;15;2;19.0;1;20;6.0;16.0
22677524;1;1;1;0.0;1;0;3.0;0.0
22679973;0;0;3;4.0;1;4;0.0;3.0
22680976;3;4;4;11.0;1;11;2.0;9.0
22681121;3;2;0;6.0;1;6;0.0;5.0
22681533;0;5;2;7.0;1;7;7.0;0.0
22682123;1;12;6;20.0;1;20;0.0;19.0
22683768;9;21;15;48.0;1;22;0.0;45.0
22683988;7;3;0;10.0;1;6;0.0;10.0
22684210;0;7;0;6.0;1;6;2.0;5.0
22684303;5;10;1;16.0;1;11;0.0;16.0
22685919;0;1;1;0.0;1;0;2.0;0.0
2268891;14;16;6;29.0;1;29;36.0;0.0
2269007;12;24;13;45.0;1;30;5.0;44.0
22694076;0;0;2;2.0;1;2;2.0;0.0
22696364;4;3;0;7.0;1;7;0.0;7.0
22696923;4;15;0;19.0;1;12;0.0;19.0
22697018;0;3;3;2.0;1;2;6.0;0.0
22697159;1;6;0;8.0;1;8;1.0;6.0
22697533;1;1;0;0.0;1;0;2.0;0.0
22697591;4;11;2;17.0;1;17;0.0;17.0
22697662;0;12;8;24.0;1;17;0.0;20.0
22698105;5;26;3;34.0;1;21;6.0;28.0
22698306;5;3;11;19.0;1;10;0.0;19.0
22698579;8;33;43;96.0;1;23;0.0;84.0
22698795;1;3;1;5.0;1;5;0.0;5.0
22698898;6;42;18;68.0;1;25;0.0;66.0
22700148;5;5;0;9.0;1;9;2.0;8.0
22700650;3;4;0;7.0;1;7;0.0;7.0
22701154;0;0;1;0.0;1;0;1.0;0.0
22701366;4;12;6;23.0;1;23;0.0;22.0
22701418;0;1;0;0.0;1;0;1.0;0.0
22701594;8;1;0;9.0;1;5;0.0;9.0
22701694;3;12;6;22.0;1;22;0.0;21.0
22702107;1;0;1;2.0;1;2;2.0;0.0
22704630;1;4;1;6.0;1;6;6.0;0.0
22705766;3;8;0;13.0;1;13;0.0;11.0
22706227;0;4;3;6.0;1;6;2.0;5.0
22706367;0;6;0;6.0;1;6;0.0;6.0
22706624;4;11;6;21.0;1;21;0.0;21.0
22706762;1;11;6;19.0;1;19;0.0;18.0
22707903;0;1;1;0.0;1;0;2.0;0.0
22707948;1;2;1;2.0;1;2;4.0;0.0
22708917;0;1;1;0.0;1;0;2.0;0.0
22709438;3;12;8;24.0;1;22;0.0;23.0
22709513;4;23;12;40.0;1;23;0.0;39.0
22712865;1;1;0;0.0;1;0;2.0;0.0
22713040;0;8;4;12.0;1;12;0.0;12.0
22713291;0;6;0;5.0;1;5;1.0;5.0
22713543;0;7;0;7.0;1;7;0.0;7.0
2271494;6;11;6;21.0;4;24;23.0;0.0
22715225;3;15;5;25.0;1;21;0.0;23.0
22716705;1;2;1;0.0;1;0;4.0;0.0
22719664;1;7;0;8.0;1;7;8.0;0.0
22721205;1;1;2;4.0;1;4;0.0;4.0
22722079;4;2;0;6.0;1;6;0.0;6.0
22722444;1;4;0;5.0;1;5;0.0;5.0
22722797;7;17;0;24.0;1;14;0.0;24.0
22724051;0;1;5;5.0;1;5;2.0;4.0
22727103;3;8;7;20.0;1;19;0.0;18.0
22727437;0;7;4;11.0;1;11;0.0;11.0
22727836;0;5;0;4.0;1;3;0.0;5.0
2272812;0;0;6;7.0;1;7;0.0;6.0
22728357;0;3;4;8.0;1;8;0.0;7.0
22729150;2;6;0;8.0;1;8;0.0;8.0
22729256;3;1;0;4.0;1;4;0.0;4.0
22730930;0;8;6;15.0;1;15;0.0;14.0
22730969;6;7;0;14.0;1;8;0.0;13.0
22730970;2;5;0;6.0;1;6;2.0;5.0
22730976;0;6;14;20.0;1;8;0.0;20.0
2273109;6;8;2;16.0;1;18;16.0;0.0
22731180;0;1;1;2.0;1;2;2.0;0.0
2273122;6;2;0;6.0;1;7;8.0;0.0
22732187;2;11;17;31.0;1;15;0.0;30.0
22732340;0;2;0;2.0;1;2;2.0;0.0
22733083;1;3;0;0.0;1;0;4.0;0.0
2273414;2;2;0;1.0;1;1;4.0;0.0
22734809;3;0;0;3.0;1;2;3.0;0.0
22744846;0;2;0;1.0;1;1;2.0;0.0
22745076;1;2;0;1.0;1;1;3.0;0.0
22745742;2;12;6;21.0;1;21;0.0;20.0
22745747;0;0;7;9.0;1;5;0.0;7.0
22746481;0;1;0;1.0;1;1;1.0;0.0
22747310;3;3;0;6.0;1;6;0.0;6.0
22747689;1;0;1;2.0;1;2;2.0;0.0
22748072;1;1;1;0.0;1;0;3.0;0.0
22748234;3;4;6;15.0;1;15;0.0;13.0
22748801;3;5;3;9.0;3;9;5.0;6.0
22748802;1;22;19;44.0;1;20;0.0;42.0
22749910;1;1;6;8.0;1;6;0.0;8.0
22750037;0;1;1;3.0;1;3;2.0;0.0
22750726;0;7;1;7.0;1;7;8.0;0.0
22750960;3;12;6;22.0;1;22;0.0;21.0
22752277;3;3;0;6.0;1;6;0.0;6.0
22752458;3;9;0;12.0;1;12;0.0;12.0
22752807;1;0;0;0.0;1;0;1.0;0.0
22752808;0;3;2;3.0;1;3;5.0;0.0
22753019;3;11;0;13.0;1;12;0.0;14.0
22753037;7;3;1;11.0;1;7;0.0;11.0
22753134;3;4;0;6.0;1;6;1.0;6.0
22753245;1;4;0;5.0;1;5;0.0;5.0
22753346;2;11;5;19.0;1;17;0.0;18.0
22753626;1;3;2;2.0;1;2;6.0;0.0
22753682;0;1;0;1.0;1;1;1.0;0.0
22754882;6;10;6;23.0;1;18;0.0;22.0
22755364;0;22;11;34.0;1;17;2.0;31.0
22755369;3;9;2;13.0;1;13;0.0;14.0
22755582;1;2;5;6.0;1;4;3.0;5.0
22755889;3;26;8;38.0;1;22;0.0;37.0
22755890;2;8;2;12.0;1;9;0.0;12.0
22755997;0;6;0;6.0;1;5;0.0;6.0
22756170;1;6;4;13.0;1;13;3.0;8.0
22756224;3;9;0;12.0;1;12;0.0;12.0
22756299;6;8;0;13.0;1;10;6.0;8.0
22756569;1;2;0;1.0;1;1;3.0;0.0
22756631;3;10;0;13.0;1;13;0.0;13.0
22756773;3;5;0;8.0;1;8;0.0;8.0
22756775;0;4;7;12.0;1;11;2.0;9.0
22756914;3;6;2;12.0;1;12;0.0;11.0
2275701;16;22;3;33.0;1;31;13.0;28.0
22758800;0;0;1;1.0;1;1;1.0;0.0
22760653;5;9;1;17.0;1;12;0.0;15.0
22760761;3;1;11;17.0;1;11;0.0;15.0
22760820;4;12;6;22.0;1;22;0.0;22.0
22760910;1;6;8;14.0;1;9;6.0;9.0
22762678;2;4;0;6.0;1;6;0.0;6.0
22762784;1;1;2;1.0;1;1;4.0;0.0
22763194;9;20;23;56.0;1;24;0.0;52.0
22763351;2;0;0;2.0;1;2;2.0;0.0
22763607;0;4;0;4.0;1;3;4.0;0.0
22764536;1;5;6;15.0;1;15;0.0;12.0
22767478;4;6;2;11.0;1;10;0.0;12.0
22767576;1;1;1;0.0;1;0;3.0;0.0
22768129;0;1;0;0.0;1;0;1.0;0.0
22768641;1;1;0;1.0;1;1;2.0;0.0
22768818;3;1;0;4.0;1;4;0.0;4.0
22769018;1;6;0;7.0;1;7;0.0;7.0
22769910;0;4;0;4.0;1;4;0.0;4.0
22770338;3;12;0;15.0;1;15;0.0;15.0
22770471;0;1;0;0.0;1;0;1.0;0.0
22770472;0;2;2;4.0;1;4;4.0;0.0
22770567;0;13;20;36.0;1;14;0.0;33.0
22770943;1;1;0;1.0;1;1;2.0;0.0
22771408;0;4;0;4.0;1;4;0.0;4.0
22774563;3;12;6;22.0;1;22;0.0;21.0
22775195;5;4;0;9.0;1;9;2.0;7.0
22775298;2;9;0;10.0;1;8;4.0;7.0
22776267;0;8;6;16.0;1;16;0.0;14.0
22776711;0;1;0;0.0;1;0;1.0;0.0
22776712;3;10;4;18.0;1;13;0.0;17.0
22776822;2;17;6;27.0;1;18;0.0;25.0
22776953;3;12;6;22.0;1;22;0.0;21.0
22777135;2;11;10;22.0;1;19;5.0;18.0
22777188;3;4;1;9.0;1;7;2.0;6.0
22777621;0;15;17;36.0;1;12;0.0;32.0
22778445;3;9;12;26.0;1;20;0.0;24.0
22779321;0;2;0;1.0;1;1;2.0;0.0
22779645;1;12;6;20.0;1;20;0.0;19.0
22789775;3;6;6;16.0;1;15;2.0;13.0
22790251;1;36;6;47.0;1;20;4.0;39.0
22790411;2;0;0;2.0;1;2;2.0;0.0
22790424;0;2;1;1.0;2;1;3.0;0.0
22790686;0;1;0;0.0;1;0;1.0;0.0
22790712;5;15;0;20.0;1;10;0.0;20.0
2279073;2;3;0;2.0;1;2;5.0;0.0
22790738;4;10;0;14.0;1;13;0.0;14.0
22791595;0;2;0;2.0;1;2;2.0;0.0
22791747;3;12;6;22.0;1;22;0.0;21.0
22791811;2;5;1;6.0;1;6;8.0;0.0
22792036;1;2;0;1.0;1;1;3.0;0.0
22792347;1;3;3;6.0;1;6;7.0;0.0
22793074;3;6;0;9.0;1;9;0.0;9.0
22793135;0;1;2;0.0;1;0;3.0;0.0
22793301;2;12;6;21.0;1;21;0.0;20.0
22793346;3;7;0;10.0;1;10;0.0;10.0
22793355;0;2;1;0.0;1;0;3.0;0.0
22793356;1;12;6;20.0;1;20;0.0;19.0
22794000;0;9;16;28.0;1;19;9.0;16.0
22794150;1;3;0;4.0;1;4;0.0;4.0
2279431;1;1;0;0.0;1;0;2.0;0.0
22794742;0;2;1;0.0;1;0;3.0;0.0
22795044;3;3;0;6.0;1;6;0.0;6.0
22795046;0;2;0;2.0;1;2;2.0;0.0
22795263;3;2;0;5.0;1;5;0.0;5.0
22795837;0;2;3;4.0;1;4;5.0;0.0
22796347;8;9;0;16.0;1;5;0.0;17.0
22797954;0;4;0;5.0;1;3;0.0;4.0
22799417;0;12;3;15.0;1;15;2.0;13.0
22799508;1;1;1;1.0;1;1;3.0;0.0
22799817;0;8;4;12.0;1;12;0.0;12.0
22800189;1;5;6;13.0;1;13;0.0;12.0
22800417;3;14;6;24.0;1;22;0.0;23.0
22800508;1;8;0;9.0;1;9;0.0;9.0
22800542;1;7;3;8.0;2;8;7.0;4.0
22800642;2;0;0;2.0;1;1;2.0;0.0
22801080;1;0;0;1.0;1;1;1.0;0.0
22801208;3;12;6;23.0;1;22;0.0;21.0
22801757;0;2;1;3.0;1;3;0.0;3.0
22802066;1;1;0;0.0;1;0;2.0;0.0
22802204;0;0;3;4.0;1;4;0.0;3.0
22802700;2;8;2;12.0;1;12;2.0;10.0
22803487;0;3;1;0.0;2;0;4.0;0.0
22803958;3;14;1;18.0;1;13;0.0;18.0
22805172;0;2;0;1.0;1;1;2.0;0.0
22805479;3;1;0;3.0;1;3;0.0;4.0
22805959;1;2;0;4.0;1;4;0.0;3.0
22806621;1;1;0;1.0;1;1;2.0;0.0
22806810;0;1;0;1.0;1;1;1.0;0.0
22806930;1;4;2;7.0;1;7;0.0;7.0
22807388;4;0;0;4.0;1;3;0.0;4.0
22807904;0;2;5;7.0;1;7;2.0;5.0
22807951;0;1;0;1.0;1;1;1.0;0.0
22808103;1;6;4;12.0;1;12;2.0;9.0
22808228;0;2;1;1.0;1;1;3.0;0.0
22808642;1;9;4;14.0;1;14;0.0;14.0
22808760;0;6;6;11.0;1;9;0.0;12.0
22808958;2;2;0;4.0;1;4;0.0;4.0
22808990;1;2;0;1.0;1;1;3.0;0.0
2280940;17;10;22;39.0;1;17;0.0;49.0
22809581;2;12;0;14.0;1;14;0.0;14.0
22809632;0;14;27;46.0;1;11;0.0;41.0
22809769;0;11;10;24.0;1;15;0.0;21.0
22809891;0;1;6;8.0;1;6;0.0;7.0
22810555;10;36;4;50.0;1;19;0.0;50.0
2281284;12;10;7;24.0;1;21;6.0;23.0
22813251;3;0;0;3.0;1;3;0.0;3.0
22813289;3;12;6;22.0;1;22;0.0;21.0
22814322;0;1;1;2.0;1;2;2.0;0.0
22814330;0;70;51;128.0;1;24;5.0;116.0
22814354;8;11;0;19.0;1;13;0.0;19.0
22814385;3;8;0;10.0;1;10;0.0;11.0
22814612;6;28;14;51.0;1;26;5.0;43.0
22814614;0;1;0;0.0;1;0;1.0;0.0
22815250;0;1;1;0.0;1;0;2.0;0.0
22815502;0;1;0;1.0;1;1;1.0;0.0
22815778;3;4;0;7.0;1;7;0.0;7.0
22816205;3;19;11;37.0;1;22;0.0;33.0
22816979;2;11;6;22.0;1;22;2.0;17.0
22816981;3;7;0;10.0;1;10;0.0;10.0
22819002;1;6;7;14.0;1;14;2.0;12.0
22821468;5;5;0;8.0;1;5;2.0;8.0
22821567;0;6;26;32.0;1;11;2.0;30.0
22821998;3;6;14;25.0;1;16;0.0;23.0
22822537;3;26;15;46.0;1;24;4.0;40.0
22823778;0;6;7;11.0;1;11;4.0;9.0
22823878;1;15;12;29.0;1;19;0.0;28.0
22824265;1;10;12;25.0;1;15;0.0;23.0
22824878;0;2;2;1.0;1;1;4.0;0.0
22825443;3;1;0;4.0;1;4;0.0;4.0
2282866;22;27;23;64.0;1;40;58.0;14.0
22834543;1;1;1;0.0;1;0;3.0;0.0
22837532;3;5;0;8.0;1;8;0.0;8.0
22837621;2;12;6;21.0;1;21;0.0;20.0
22838866;3;12;5;20.0;1;20;0.0;20.0
22840138;0;0;1;0.0;1;0;1.0;0.0
22840286;3;10;5;16.0;1;16;2.0;16.0
22840336;3;1;0;4.0;1;4;0.0;4.0
22840431;0;54;8;62.0;1;16;0.0;62.0
22840801;3;2;0;5.0;1;5;0.0;5.0
22841134;1;0;1;1.0;1;1;2.0;0.0
22841192;1;6;3;11.0;1;11;10.0;0.0
22841455;6;18;9;37.0;1;23;2.0;31.0
22841504;3;12;6;22.0;1;22;0.0;21.0
22842001;3;12;6;21.0;1;21;0.0;21.0
22842140;1;1;0;1.0;1;1;2.0;0.0
22842178;1;0;1;0.0;1;0;2.0;0.0
22842356;2;0;0;2.0;1;2;2.0;0.0
22842670;3;2;0;5.0;1;5;0.0;5.0
22843050;3;12;6;22.0;1;22;0.0;21.0
22846051;1;11;5;16.0;1;11;0.0;17.0
22846955;3;1;0;4.0;1;4;0.0;4.0
22847476;1;2;0;2.0;1;2;3.0;0.0
22847578;0;1;1;0.0;1;0;2.0;0.0
22847817;0;3;1;2.0;1;2;4.0;0.0
22848082;0;1;1;1.0;1;1;2.0;0.0
22848307;0;4;1;5.0;2;5;5.0;0.0
22848413;3;3;0;6.0;1;5;2.0;4.0
22848456;4;26;10;41.0;1;20;0.0;40.0
22848457;0;3;4;7.0;1;7;0.0;7.0
22849149;0;6;6;13.0;1;10;0.0;12.0
22849150;0;1;0;0.0;1;0;1.0;0.0
22849339;0;0;1;1.0;2;1;1.0;0.0
22849920;1;6;12;22.0;1;13;0.0;19.0
22850355;1;1;1;1.0;1;1;3.0;0.0
22850569;0;1;1;0.0;1;0;2.0;0.0
22850872;2;4;0;6.0;1;6;0.0;6.0
22851108;3;12;6;22.0;1;22;0.0;21.0
22851492;1;3;0;4.0;1;4;0.0;4.0
22851690;0;1;0;0.0;1;0;1.0;0.0
22851893;0;5;3;9.0;1;8;8.0;0.0
22852650;5;11;6;22.0;1;20;0.0;22.0
2285276;8;5;0;9.0;1;12;2.0;11.0
22854245;1;1;0;2.0;1;2;2.0;0.0
22854660;4;5;1;10.0;1;9;2.0;8.0
22854956;1;1;0;2.0;1;2;2.0;0.0
22855071;1;8;3;9.0;2;9;12.0;0.0
22856304;1;13;11;27.0;1;19;0.0;25.0
22856750;1;3;3;8.0;1;8;2.0;5.0
22857083;0;1;5;5.0;1;5;1.0;5.0
22858732;0;2;1;2.0;1;2;3.0;0.0
22858787;1;3;2;2.0;1;2;6.0;0.0
22859578;0;11;14;30.0;1;13;2.0;23.0
22860540;1;1;0;1.0;1;1;2.0;0.0
22862521;0;6;6;12.0;1;12;3.0;9.0
22863244;1;54;34;90.0;1;16;4.0;85.0
22863414;1;6;9;18.0;1;15;1.0;15.0
22863774;0;0;3;4.0;1;4;0.0;3.0
22863927;8;16;8;35.0;1;18;0.0;32.0
22864440;0;5;6;12.0;1;12;0.0;11.0
22864507;5;12;0;17.0;1;7;0.0;17.0
22866015;0;0;2;1.0;1;1;2.0;0.0
2286615;5;5;3;6.0;3;9;6.0;7.0
22866737;1;1;0;0.0;1;0;2.0;0.0
22867160;2;3;0;6.0;1;6;2.0;3.0
22869851;1;13;3;16.0;1;14;0.0;17.0
22871103;1;0;3;3.0;1;3;4.0;0.0
22871467;0;0;0;0.0;2;0;0.0;0.0
22871658;0;7;6;12.0;1;12;2.0;11.0
22872156;1;17;3;23.0;1;17;0.0;21.0
22872621;3;12;6;22.0;1;22;0.0;21.0
22872821;0;3;0;3.0;1;3;0.0;3.0
22873310;1;3;0;4.0;1;4;0.0;4.0
22873358;3;12;6;22.0;1;22;0.0;21.0
22873552;0;0;12;11.0;1;5;0.0;12.0
22874337;3;14;1;19.0;1;16;0.0;18.0
22874657;0;9;6;16.0;1;16;0.0;15.0
22877097;5;5;0;10.0;1;6;0.0;10.0
22881065;0;11;16;27.0;1;20;15.0;12.0
22886936;3;9;0;12.0;1;12;0.0;12.0
22888304;1;3;0;3.0;1;3;4.0;0.0
22888358;0;1;1;1.0;1;1;2.0;0.0
22889557;0;3;0;2.0;1;2;3.0;0.0
22890007;4;0;0;4.0;1;3;0.0;4.0
22890816;4;6;0;10.0;1;9;0.0;10.0
22890817;2;12;0;13.0;1;11;2.0;12.0
22891257;3;1;0;4.0;1;4;0.0;4.0
22891358;3;2;5;10.0;1;10;0.0;10.0
22891423;2;10;5;16.0;1;16;2.0;15.0
22891516;0;1;0;0.0;1;0;1.0;0.0
22892402;3;2;1;6.0;1;6;0.0;6.0
22895311;7;1;0;8.0;1;5;0.0;8.0
22895779;0;15;12;29.0;1;20;0.0;27.0
22895960;1;5;0;6.0;2;6;0.0;6.0
22895983;2;5;1;9.0;1;9;0.0;8.0
22896032;0;1;0;1.0;1;1;1.0;0.0
22896264;3;12;6;22.0;1;22;0.0;21.0
22896276;1;11;1;11.0;1;7;4.0;9.0
22896879;0;3;0;4.0;1;4;0.0;3.0
22897303;0;7;0;9.0;1;8;0.0;7.0
22897399;0;0;1;2.0;1;2;1.0;0.0
22897400;0;3;6;9.0;1;9;0.0;9.0
22899203;3;3;0;6.0;1;6;0.0;6.0
22900023;0;5;0;5.0;1;5;0.0;5.0
22900159;0;5;1;5.0;1;5;3.0;3.0
22903098;3;2;0;5.0;1;5;0.0;5.0
22903099;1;4;0;5.0;1;5;0.0;5.0
22903100;0;5;0;5.0;1;5;0.0;5.0
22903183;3;3;0;6.0;1;6;0.0;6.0
22904414;2;5;7;15.0;1;14;0.0;14.0
22904675;3;15;2;21.0;1;17;0.0;20.0
22905427;3;5;0;8.0;1;8;0.0;8.0
22905943;1;14;6;19.0;1;19;14.0;7.0
22906020;3;22;5;30.0;1;18;2.0;28.0
22906882;0;1;1;2.0;1;2;2.0;0.0
22907679;0;2;1;1.0;1;1;3.0;0.0
22907842;0;1;1;1.0;1;1;2.0;0.0
22910026;0;8;3;11.0;1;10;0.0;11.0
22910177;4;8;7;20.0;1;17;2.0;17.0
22911089;0;1;0;1.0;2;1;1.0;0.0
22911542;0;2;2;4.0;1;4;0.0;4.0
22911566;0;2;2;5.0;1;4;0.0;4.0
22912215;1;1;5;7.0;1;5;0.0;7.0
22913160;3;39;25;72.0;1;22;0.0;67.0
22913508;0;0;2;2.0;1;2;2.0;0.0
22913653;1;4;1;5.0;1;5;2.0;4.0
22914010;1;1;0;2.0;1;2;2.0;0.0
22914240;0;6;0;5.0;1;5;2.0;4.0
22914334;3;4;0;7.0;1;7;0.0;7.0
22914891;1;4;0;6.0;1;6;0.0;5.0
22914962;4;10;0;14.0;1;8;3.0;11.0
22915749;1;1;0;1.0;1;1;2.0;0.0
22915783;4;2;0;6.0;1;4;0.0;6.0
2291604;0;1;0;1.0;2;1;1.0;0.0
2291817;1;0;0;1.0;1;1;1.0;0.0
22918392;3;7;1;14.0;1;14;4.0;7.0
22919531;1;2;2;5.0;1;5;0.0;5.0
22919596;0;1;0;0.0;1;0;1.0;0.0
22919743;2;6;5;16.0;1;12;0.0;13.0
22919850;3;9;0;12.0;1;12;0.0;12.0
22920637;2;2;0;5.0;1;5;0.0;4.0
22921663;0;5;0;5.0;1;5;0.0;5.0
22922155;0;1;0;0.0;1;0;1.0;0.0
22922378;2;6;0;8.0;1;8;0.0;8.0
22923301;0;8;0;8.0;1;5;0.0;8.0
22923407;0;4;0;5.0;1;5;0.0;4.0
2292344;14;0;0;7.0;1;12;0.0;14.0
22934370;3;7;8;19.0;1;15;0.0;18.0
22934696;3;5;7;15.0;1;12;6.0;9.0
22935374;0;1;1;1.0;1;1;2.0;0.0
22935487;0;2;1;0.0;1;0;3.0;0.0
22937201;3;1;0;4.0;1;4;0.0;4.0
22937701;2;3;0;4.0;1;4;0.0;5.0
22938417;2;2;0;4.0;1;4;0.0;4.0
22938518;1;7;0;8.0;1;8;8.0;0.0
22939878;0;7;6;13.0;1;10;0.0;13.0
22940462;0;1;0;1.0;1;1;1.0;0.0
22942467;1;6;0;7.0;1;7;0.0;7.0
22942722;0;8;0;8.0;1;8;0.0;8.0
22943111;1;2;3;6.0;1;6;0.0;6.0
22943112;0;1;1;0.0;1;0;2.0;0.0
22943662;2;6;0;8.0;1;8;0.0;8.0
22943909;1;3;0;4.0;1;4;0.0;4.0
22943928;0;8;6;16.0;1;16;11.0;3.0
22944548;3;10;0;13.0;1;7;0.0;13.0
22946248;2;12;6;21.0;1;21;0.0;20.0
22946405;1;7;0;8.0;1;8;0.0;8.0
22947567;0;1;1;0.0;1;0;2.0;0.0
22949774;0;3;0;4.0;1;3;3.0;0.0
22950071;13;57;17;89.0;1;22;0.0;87.0
22950247;2;8;1;12.0;1;12;0.0;11.0
22950502;4;2;1;3.0;1;3;3.0;4.0
22951496;2;28;1;31.0;1;15;0.0;31.0
22952282;3;10;6;21.0;1;17;0.0;19.0
22952676;0;7;12;21.0;1;11;0.0;19.0
22953183;3;5;1;8.0;1;8;0.0;9.0
22953365;1;3;1;2.0;1;2;5.0;0.0
22954904;2;11;6;20.0;1;20;0.0;19.0
22958228;0;1;0;1.0;1;1;1.0;0.0
22958286;4;9;3;16.0;1;13;16.0;0.0
22959510;0;1;0;1.0;1;1;1.0;0.0
22961438;0;1;1;2.0;1;2;2.0;0.0
22961578;0;10;0;7.0;1;5;2.0;8.0
22964739;2;35;26;66.0;1;21;0.0;63.0
22965019;4;14;1;15.0;1;13;4.0;15.0
22965526;2;8;0;10.0;1;10;0.0;10.0
22965798;2;4;0;6.0;1;6;0.0;6.0
22965967;2;12;6;20.0;1;20;0.0;20.0
22966001;0;1;0;1.0;1;1;1.0;0.0
22967161;2;43;22;65.0;1;23;4.0;63.0
22967523;2;12;1;15.0;1;15;0.0;15.0
22968333;6;1;0;7.0;1;3;0.0;7.0
22968954;2;9;1;11.0;1;11;0.0;12.0
22969671;2;4;0;7.0;1;7;2.0;4.0
22969684;0;1;2;1.0;1;1;3.0;0.0
2296998;15;57;9;68.0;2;39;14.0;67.0
22971170;2;14;1;17.0;1;15;0.0;17.0
22975359;0;4;0;4.0;1;3;0.0;4.0
22977758;0;11;8;21.0;1;19;0.0;19.0
22979311;2;12;3;17.0;1;17;0.0;17.0
22980960;1;1;0;1.0;1;1;2.0;0.0
22981947;0;1;1;1.0;1;1;2.0;0.0
22982583;0;23;12;37.0;1;19;0.0;35.0
22982783;0;2;2;4.0;1;4;0.0;4.0
22983042;2;9;0;11.0;1;11;0.0;11.0
22983320;2;6;0;8.0;1;8;0.0;8.0
22983391;0;1;0;1.0;1;1;1.0;0.0
22984067;4;24;8;37.0;1;21;0.0;36.0
22985123;3;9;0;11.0;1;9;0.0;12.0
22988956;0;0;0;0.0;1;0;0.0;0.0
22989172;2;0;2;5.0;1;5;0.0;4.0
22989431;1;7;4;10.0;1;9;5.0;7.0
22989650;0;3;6;10.0;1;10;0.0;9.0
22990275;0;4;5;8.0;1;8;2.0;7.0
22990869;0;3;0;2.0;2;2;3.0;0.0
22991564;2;4;0;6.0;1;6;0.0;6.0
22991782;2;12;8;22.0;1;20;0.0;22.0
22992185;2;9;6;18.0;1;18;0.0;17.0
2299250;5;15;20;34.0;2;24;23.0;17.0
22992823;0;1;0;0.0;1;0;1.0;0.0
22994282;0;11;0;12.0;1;8;0.0;11.0
22994442;7;31;0;38.0;1;15;2.0;36.0
22995384;2;13;11;31.0;1;23;5.0;21.0
22996563;1;5;0;6.0;1;5;6.0;0.0
22997585;0;6;0;6.0;1;6;0.0;6.0
22997593;0;10;5;13.0;4;11;15.0;0.0
22998300;0;2;0;0.0;1;0;2.0;0.0
22998988;2;9;0;11.0;1;11;0.0;11.0
22999173;0;10;18;32.0;1;14;1.0;27.0
22999659;0;3;1;0.0;1;0;4.0;0.0
22999940;2;4;3;7.0;1;7;1.0;8.0
23000104;0;5;8;15.0;1;12;0.0;13.0
23001000;0;0;1;1.0;1;1;1.0;0.0
23001034;2;13;7;24.0;1;21;0.0;22.0
230014;2;1;2;4.0;3;4;5.0;0.0
23003866;1;12;1;14.0;1;12;3.0;11.0
23003995;1;13;6;21.0;1;21;0.0;20.0
23004128;0;1;1;1.0;1;1;2.0;0.0
23004316;0;7;0;7.0;1;7;0.0;7.0
2300484;0;5;0;4.0;1;4;0.0;5.0
23004896;1;11;20;37.0;1;18;0.0;32.0
23004897;0;1;0;1.0;1;1;1.0;0.0
23005179;2;11;6;20.0;1;20;0.0;19.0
23005180;2;3;5;11.0;1;11;0.0;10.0
23005995;0;1;0;0.0;1;0;1.0;0.0
23006894;2;2;1;6.0;1;6;0.0;5.0
23007796;0;1;0;1.0;1;1;1.0;0.0
23007838;0;5;2;7.0;1;7;0.0;7.0
23007877;0;11;3;12.0;1;12;2.0;12.0
23010543;0;2;0;1.0;1;1;2.0;0.0
23010675;2;10;6;21.0;1;16;0.0;18.0
23010685;0;2;0;3.0;1;3;2.0;0.0
23011510;2;6;3;11.0;1;11;0.0;11.0
23012027;0;18;18;40.0;1;20;3.0;33.0
23012987;0;8;4;11.0;1;11;0.0;12.0
23013077;2;1;4;8.0;1;7;0.0;7.0
23013246;0;2;0;2.0;1;2;2.0;0.0
23013424;0;1;0;1.0;1;1;1.0;0.0
23013562;0;4;0;4.0;1;4;4.0;0.0
23013804;3;13;8;23.0;1;20;3.0;21.0
23013999;0;1;0;0.0;1;0;1.0;0.0
23014096;0;1;1;0.0;1;0;2.0;0.0
23014574;0;3;0;1.0;1;1;3.0;0.0
2301869;0;1;1;2.0;1;2;2.0;0.0
23027662;0;2;2;5.0;1;5;0.0;4.0
23028568;1;11;6;19.0;1;19;0.0;18.0
23028666;2;3;4;9.0;1;9;0.0;9.0
23028733;2;12;6;21.0;1;21;0.0;20.0
23028968;2;7;6;17.0;1;17;0.0;15.0
23029256;2;11;2;15.0;1;14;8.0;7.0
23029346;2;3;0;5.0;1;5;0.0;5.0
23029501;3;17;9;32.0;1;21;0.0;29.0
23030290;0;6;0;7.0;1;4;0.0;6.0
23030291;2;9;0;11.0;1;11;0.0;11.0
23030458;1;1;0;2.0;1;2;2.0;0.0
23030708;0;3;0;1.0;1;1;3.0;0.0
23031192;5;30;33;68.0;1;22;4.0;64.0
23031198;0;4;18;27.0;1;11;0.0;22.0
23031325;2;15;0;16.0;1;12;0.0;17.0
23031481;1;1;1;3.0;1;3;3.0;0.0
23031482;0;2;0;0.0;1;0;2.0;0.0
23031655;0;19;0;20.0;1;11;0.0;19.0
23031832;2;3;0;7.0;1;5;0.0;5.0
23032009;0;1;5;6.0;1;6;0.0;6.0
23032120;1;5;0;6.0;1;4;1.0;5.0
23032122;0;0;4;6.0;1;3;0.0;4.0
23032606;0;9;2;11.0;1;7;0.0;11.0
23032673;1;5;1;7.0;1;7;0.0;7.0
23034902;0;19;0;19.0;1;10;0.0;19.0
23035675;1;1;0;1.0;1;1;2.0;0.0
23035802;2;7;2;11.0;1;11;0.0;11.0
23035839;3;20;7;31.0;1;21;0.0;30.0
23036006;0;4;1;2.0;3;2;5.0;0.0
23036130;0;5;12;19.0;1;10;0.0;17.0
23036399;2;5;0;7.0;1;7;0.0;7.0
23036732;0;2;0;2.0;1;2;2.0;0.0
23036978;0;1;0;1.0;1;1;1.0;0.0
23037517;0;5;0;5.0;1;5;0.0;5.0
23037580;0;1;1;1.0;1;1;2.0;0.0
23037601;2;7;10;19.0;1;12;0.0;19.0
23037818;0;1;0;0.0;1;0;1.0;0.0
23038168;0;12;6;19.0;1;19;0.0;18.0
23038859;2;8;0;10.0;2;10;2.0;8.0
23038905;0;2;1;0.0;1;0;3.0;0.0
23039134;1;11;6;19.0;1;19;0.0;18.0
23039619;0;12;0;13.0;1;7;0.0;12.0
23040299;2;3;0;5.0;1;5;0.0;5.0
23041145;0;1;0;1.0;1;1;1.0;0.0
23043557;1;13;15;33.0;1;24;25.0;4.0
23043662;1;2;1;6.0;1;5;1.0;3.0
23045681;2;4;0;6.0;1;6;0.0;6.0
23046216;0;0;0;0.0;1;0;0.0;0.0
23046868;0;2;3;5.0;1;5;0.0;5.0
23047421;0;7;0;7.0;1;7;2.0;5.0
23047462;0;2;0;3.0;1;3;2.0;0.0
23047489;0;0;1;2.0;1;2;1.0;0.0
23050364;1;8;3;11.0;1;10;12.0;0.0
23050906;2;3;0;5.0;1;5;0.0;5.0
23051646;0;7;6;14.0;1;14;0.0;13.0
2305194;5;2;1;4.0;1;6;8.0;0.0
23052437;2;7;4;14.0;1;14;0.0;13.0
23052565;8;84;39;130.0;1;26;10.0;121.0
23052847;1;3;0;4.0;1;4;0.0;4.0
23053164;0;1;0;0.0;1;0;1.0;0.0
23053247;2;2;0;4.0;1;4;0.0;4.0
23053369;0;10;3;13.0;1;10;0.0;13.0
23055265;0;2;5;7.0;1;3;0.0;7.0
23057529;0;1;1;1.0;1;1;2.0;0.0
23059130;0;1;0;2.0;1;2;1.0;0.0
23059181;0;11;6;18.0;1;18;0.0;17.0
23059182;0;21;14;39.0;1;17;0.0;35.0
23059346;1;2;1;1.0;1;1;4.0;0.0
23059409;3;4;0;7.0;1;7;3.0;4.0
23059664;3;13;0;17.0;1;8;2.0;14.0
23061108;0;4;0;4.0;1;4;0.0;4.0
23061155;0;2;3;5.0;1;5;0.0;5.0
23061311;0;3;3;6.0;1;6;0.0;6.0
23061313;3;17;5;26.0;1;20;0.0;25.0
23061515;1;0;0;1.0;1;1;1.0;0.0
23061681;0;1;0;1.0;1;1;1.0;0.0
23064141;1;3;0;4.0;1;4;0.0;4.0
2306927;5;5;0;6.0;1;10;0.0;10.0
2307180;0;9;0;11.0;1;10;0.0;9.0
23074042;1;5;0;6.0;1;6;0.0;6.0
23074841;0;0;1;2.0;1;2;1.0;0.0
23075962;3;28;13;44.0;1;22;4.0;40.0
23076427;3;2;0;5.0;1;4;0.0;5.0
23076496;0;3;17;20.0;1;9;1.0;19.0
23077170;0;6;8;16.0;1;13;0.0;14.0
23078095;3;5;0;8.0;1;5;0.0;8.0
23078096;0;2;1;1.0;1;1;3.0;0.0
23078217;3;7;0;10.0;1;6;0.0;10.0
23080874;1;4;0;5.0;1;5;0.0;5.0
23081213;2;1;6;10.0;1;10;0.0;9.0
23081257;0;24;12;38.0;1;19;0.0;36.0
23083878;0;6;0;6.0;1;6;6.0;0.0
23084810;2;10;3;16.0;1;15;0.0;15.0
23086189;3;25;6;35.0;1;21;0.0;34.0
23086315;0;4;9;15.0;1;11;0.0;13.0
23086642;0;2;6;8.0;1;7;0.0;8.0
23086761;4;0;0;5.0;1;2;0.0;4.0
23086789;6;19;9;37.0;1;21;0.0;34.0
23087345;2;10;5;18.0;1;17;7.0;10.0
23087563;0;1;1;1.0;1;1;2.0;0.0
23088980;1;2;0;3.0;1;2;3.0;0.0
23089229;2;3;0;5.0;1;5;0.0;5.0
23089504;1;5;9;17.0;1;13;0.0;15.0
23089553;1;12;6;20.0;1;20;0.0;19.0
23092781;0;1;7;8.0;1;5;0.0;8.0
23093444;0;3;6;9.0;1;9;1.0;8.0
23093702;0;0;6;7.0;1;7;0.0;6.0
23096444;0;2;3;5.0;1;5;0.0;5.0
23097538;0;1;0;1.0;1;1;1.0;0.0
23099902;3;23;18;47.0;1;21;0.0;44.0
23100149;0;2;1;1.0;1;1;3.0;0.0
23101143;1;11;6;19.0;1;19;0.0;18.0
2310123;7;12;2;20.0;2;14;3.0;18.0
23101436;0;5;1;6.0;1;6;6.0;0.0
23102012;1;10;0;11.0;1;7;0.0;11.0
23102290;1;6;2;8.0;1;8;5.0;4.0
23103061;1;1;0;1.0;1;1;2.0;0.0
23103174;2;5;1;8.0;1;8;0.0;8.0
23103831;2;11;6;19.0;1;16;1.0;18.0
23104067;0;1;0;0.0;1;0;1.0;0.0
23104091;1;18;12;28.0;1;19;5.0;26.0
23104612;1;1;1;1.0;1;1;3.0;0.0
23104767;3;60;21;94.0;1;23;2.0;82.0
23105212;0;1;2;2.0;1;2;3.0;0.0
23105259;0;3;3;7.0;1;7;2.0;4.0
23105419;3;14;4;22.0;1;17;0.0;21.0
23109226;0;2;0;2.0;1;2;2.0;0.0
23110221;10;46;4;60.0;1;13;0.0;60.0
23110259;1;3;0;3.0;1;3;0.0;4.0
23110776;0;7;1;8.0;1;8;0.0;8.0
23111163;0;1;1;1.0;1;1;2.0;0.0
23112621;0;1;0;1.0;1;1;1.0;0.0
2311483;10;1;1;6.0;1;12;3.0;9.0
2311614;0;0;5;6.0;1;6;0.0;5.0
23119548;0;1;0;0.0;1;0;1.0;0.0
2311977;6;2;0;5.0;1;5;3.0;5.0
231243;1;0;0;0.0;1;0;1.0;0.0
2312530;4;3;0;5.0;1;7;7.0;0.0
23127370;4;0;4;9.0;1;6;4.0;4.0
23129121;0;5;2;6.0;1;6;0.0;7.0
23130576;1;6;0;7.0;1;7;0.0;7.0
23131484;0;0;6;7.0;1;5;0.0;6.0
23131612;0;1;1;1.0;1;1;2.0;0.0
23132191;0;0;1;2.0;1;2;1.0;0.0
23132337;3;8;0;11.0;1;7;0.0;11.0
23133469;1;2;0;2.0;1;2;3.0;0.0
23137284;0;12;6;18.0;1;18;0.0;18.0
23137601;2;13;6;22.0;1;21;0.0;21.0
23137761;2;7;0;9.0;1;8;0.0;9.0
23138323;0;1;0;1.0;1;1;1.0;0.0
23138492;1;3;7;11.0;1;9;0.0;11.0
23138600;1;3;0;4.0;1;4;0.0;4.0
23138601;2;23;23;52.0;1;21;0.0;48.0
23139467;0;5;11;20.0;1;15;3.0;13.0
2314006;0;6;1;7.0;1;7;0.0;7.0
23140116;0;11;6;19.0;1;13;0.0;17.0
23140713;0;1;0;1.0;1;1;1.0;0.0
23141175;3;23;2;26.0;1;18;6.0;22.0
23142093;0;12;0;12.0;1;11;0.0;12.0
23142210;0;10;13;25.0;1;13;2.0;21.0
23142609;0;38;16;54.0;1;20;2.0;52.0
23144998;0;4;3;7.0;1;7;0.0;7.0
23145776;1;5;11;20.0;1;14;2.0;15.0
23145777;1;0;1;1.0;1;1;2.0;0.0
23145940;0;3;1;4.0;1;4;0.0;4.0
23146661;0;6;0;6.0;1;6;0.0;6.0
23146881;0;4;3;6.0;1;6;7.0;0.0
23147070;1;8;0;9.0;1;9;0.0;9.0
23147371;1;15;15;31.0;1;12;0.0;31.0
23147555;1;6;0;7.0;1;7;0.0;7.0
23147903;2;2;0;4.0;1;4;0.0;4.0
23147907;2;3;0;6.0;1;5;0.0;5.0
23148446;0;2;0;0.0;1;0;2.0;0.0
23149279;0;3;12;15.0;1;8;0.0;15.0
23149403;0;14;7;22.0;1;11;0.0;21.0
23149747;0;5;6;9.0;1;9;2.0;9.0
23150770;0;8;1;8.0;1;8;2.0;7.0
23153007;1;10;0;11.0;1;11;0.0;11.0
23154407;3;35;18;60.0;1;21;0.0;56.0
23155358;2;7;7;16.0;1;13;0.0;16.0
23155703;1;6;9;18.0;1;15;0.0;16.0
23156402;0;10;9;20.0;1;20;8.0;11.0
23156612;1;5;7;14.0;1;14;3.0;10.0
23156652;0;5;0;5.0;1;5;0.0;5.0
23156757;0;4;0;5.0;1;3;0.0;4.0
23157230;0;8;3;13.0;1;11;1.0;10.0
23158469;0;2;1;1.0;1;1;3.0;0.0
23158630;0;0;4;6.0;1;3;0.0;4.0
2315917;21;3;0;10.0;1;15;0.0;24.0
23159621;1;6;0;7.0;1;7;0.0;7.0
2315980;0;0;1;1.0;1;1;1.0;0.0
2316249;0;2;1;1.0;1;1;3.0;0.0
2316278;13;13;21;33.0;3;21;6.0;41.0
23170941;0;2;2;3.0;1;3;4.0;0.0
23171544;0;3;2;6.0;1;6;0.0;5.0
2317205;4;2;1;3.0;1;4;2.0;5.0
2317618;0;0;2;3.0;1;3;2.0;0.0
23179278;1;14;1;15.0;1;13;0.0;16.0
23179533;1;4;0;5.0;1;5;0.0;5.0
23179765;0;3;3;5.0;1;5;0.0;6.0
2317980;1;1;0;0.0;1;1;1.0;1.0
23179933;1;9;0;10.0;1;10;0.0;10.0
23180505;0;1;0;1.0;1;1;1.0;0.0
23180780;1;16;1;18.0;1;14;3.0;15.0
23181156;0;0;4;5.0;1;5;0.0;4.0
23181528;1;4;3;8.0;1;8;2.0;6.0
2318190;1;1;1;0.0;1;0;3.0;0.0
23182225;0;2;1;1.0;1;1;3.0;0.0
23182513;1;12;10;27.0;1;20;0.0;23.0
23183080;1;0;4;6.0;1;6;0.0;5.0
23183700;1;6;6;15.0;1;15;0.0;13.0
23183766;0;2;1;2.0;1;2;3.0;0.0
23183938;0;50;44;100.0;1;12;0.0;94.0
23183975;1;3;0;4.0;1;4;0.0;4.0
23184028;0;3;9;13.0;1;10;0.0;12.0
23184122;1;3;0;4.0;1;4;0.0;4.0
23184263;0;4;1;4.0;1;4;5.0;0.0
23184463;1;5;0;4.0;1;4;6.0;0.0
23185224;1;12;1;14.0;1;11;0.0;14.0
23185238;0;4;4;5.0;1;5;5.0;3.0
23185469;1;4;0;5.0;1;5;0.0;5.0
23185859;0;6;0;4.0;1;4;2.0;4.0
23185866;1;2;0;1.0;1;1;3.0;0.0
23187328;0;3;1;1.0;1;1;4.0;0.0
23188844;1;12;6;20.0;1;20;0.0;19.0
23188977;1;12;4;17.0;1;17;0.0;17.0
23189186;1;5;0;5.0;1;5;2.0;4.0
23189335;1;13;0;14.0;1;13;0.0;14.0
23189662;0;3;0;3.0;1;3;0.0;3.0
23189846;0;3;0;1.0;1;1;3.0;0.0
23189847;0;10;0;10.0;1;10;0.0;10.0
23190333;3;7;0;11.0;1;9;0.0;10.0
23190511;0;6;2;8.0;1;8;8.0;0.0
23191523;0;27;0;27.0;1;11;0.0;27.0
23192079;0;5;4;9.0;1;9;0.0;9.0
23192382;1;5;0;6.0;1;6;0.0;6.0
23192442;1;5;1;6.0;1;6;2.0;5.0
23192932;1;12;0;13.0;1;13;0.0;13.0
23193063;0;2;0;3.0;1;3;2.0;0.0
23193241;0;23;22;48.0;1;19;0.0;45.0
23193312;1;6;1;8.0;1;8;0.0;8.0
2319398;12;12;6;24.0;1;31;0.0;30.0
23203492;1;12;6;19.0;1;19;0.0;19.0
23204683;0;2;1;0.0;1;0;3.0;0.0
23206220;0;4;0;4.0;1;4;0.0;4.0
23206482;0;5;0;4.0;1;4;0.0;5.0
23207528;1;12;1;14.0;1;14;0.0;14.0
23208437;3;1;0;3.0;1;2;0.0;4.0
23208548;1;12;6;19.0;1;19;0.0;19.0
23211359;0;0;2;2.0;1;2;2.0;0.0
23211401;0;14;6;15.0;1;12;7.0;13.0
23211719;3;8;0;10.0;1;4;0.0;11.0
23211871;0;4;11;17.0;1;10;0.0;15.0
23212316;1;14;17;31.0;1;17;8.0;24.0
23212508;2;40;13;52.0;1;22;6.0;49.0
23212963;0;1;1;1.0;1;1;2.0;0.0
23213024;0;6;0;6.0;1;6;1.0;5.0
23213911;0;2;1;2.0;1;2;3.0;0.0
23213912;0;1;1;0.0;1;0;2.0;0.0
23214882;0;1;1;1.0;1;1;2.0;0.0
23214899;0;5;0;5.0;1;5;0.0;5.0
23215271;2;13;0;15.0;1;13;0.0;15.0
232163;0;0;42;61.0;1;6;3.0;39.0
23217400;0;3;5;8.0;1;6;3.0;5.0
23220284;0;4;0;4.0;1;4;0.0;4.0
2322128;7;10;0;13.0;1;15;6.0;11.0
23224104;0;1;3;4.0;1;4;0.0;4.0
23226781;0;2;4;7.0;1;7;0.0;6.0
23231240;1;7;4;13.0;1;13;0.0;12.0
23231784;0;3;6;9.0;1;7;9.0;0.0
23231854;0;2;0;1.0;1;1;2.0;0.0
23232633;0;9;2;12.0;1;9;0.0;11.0
23232831;0;4;5;9.0;1;9;0.0;9.0
23233008;0;4;0;4.0;1;4;0.0;4.0
23233198;2;11;0;13.0;1;7;0.0;13.0
23233362;1;6;0;7.0;1;6;0.0;7.0
23234880;0;1;1;1.0;1;1;2.0;0.0
23235655;1;2;0;3.0;1;3;0.0;3.0
23235883;0;1;1;1.0;1;1;2.0;0.0
23235909;0;0;0;0.0;1;0;0.0;0.0
23236007;1;6;2;9.0;1;9;2.0;7.0
23236181;0;9;2;10.0;3;10;5.0;6.0
23236676;0;1;0;0.0;1;0;1.0;0.0
23237130;0;23;11;35.0;1;19;0.0;34.0
23240703;0;5;0;5.0;1;5;0.0;5.0
23241040;1;12;6;20.0;1;20;0.0;19.0
23241312;3;1;1;6.0;1;4;0.0;5.0
2324147;18;5;4;16.0;2;26;17.0;10.0
23241490;0;2;1;1.0;1;1;3.0;0.0
23241647;0;7;1;8.0;1;8;0.0;8.0
23241926;0;11;6;18.0;1;18;0.0;17.0
23242256;1;4;0;5.0;1;5;1.0;4.0
23242890;1;3;0;5.0;1;4;0.0;4.0
23242931;0;9;0;9.0;1;7;0.0;9.0
23243101;1;12;6;20.0;1;20;0.0;19.0
23244171;0;1;1;1.0;1;1;2.0;0.0
23244586;0;1;0;0.0;1;0;1.0;0.0
2324496;6;0;0;0.0;1;6;0.0;6.0
23245147;2;20;2;24.0;1;15;0.0;24.0
23245595;0;1;0;2.0;1;2;1.0;0.0
23246358;0;3;2;5.0;1;5;0.0;5.0
23248742;0;1;0;0.0;1;0;1.0;0.0
23249013;5;4;0;8.0;1;4;0.0;9.0
23249924;0;15;10;25.0;1;16;0.0;25.0
2324997;0;1;1;0.0;1;0;2.0;0.0
23250082;1;22;6;30.0;1;20;0.0;29.0
23250444;1;25;9;34.0;1;20;4.0;31.0
23251247;1;4;0;6.0;1;6;0.0;5.0
23251384;1;23;30;58.0;1;23;3.0;51.0
23251606;1;11;0;12.0;1;12;0.0;12.0
23251737;0;1;0;0.0;2;0;1.0;0.0
23251766;1;12;4;17.0;1;17;0.0;17.0
23251825;0;0;5;5.0;1;4;0.0;5.0
23252309;0;2;1;3.0;1;3;3.0;0.0
23252663;1;7;3;12.0;1;12;0.0;11.0
2325272;10;7;3;15.0;2;19;20.0;0.0
23252859;0;5;0;5.0;1;5;0.0;5.0
23252947;1;23;11;38.0;1;20;0.0;35.0
23253190;0;1;1;0.0;1;0;2.0;0.0
23253778;0;2;2;4.0;1;4;4.0;0.0
2325458;2;2;1;1.0;1;2;5.0;0.0
23255287;0;2;6;9.0;1;9;0.0;8.0
23256905;0;5;2;8.0;1;8;1.0;6.0
23257026;1;18;18;39.0;1;20;0.0;37.0
23257263;2;1;0;2.0;1;1;3.0;0.0
23257782;0;14;7;20.0;1;18;2.0;19.0
23257860;0;1;0;2.0;1;2;1.0;0.0
23257992;0;11;3;15.0;1;15;0.0;14.0
23258172;0;23;19;44.0;1;19;4.0;38.0
23258437;1;12;6;20.0;1;20;0.0;19.0
23258466;1;12;6;19.0;1;19;0.0;19.0
23259167;0;4;0;4.0;1;4;0.0;4.0
23259315;2;25;22;51.0;1;23;5.0;44.0
23260719;2;2;0;4.0;1;2;0.0;4.0
23260980;0;0;4;4.0;1;3;0.0;4.0
23261804;1;9;0;10.0;1;10;0.0;10.0
23262118;0;2;1;2.0;1;2;3.0;0.0
23264925;1;15;1;17.0;1;16;3.0;14.0
23265609;0;1;5;7.0;1;6;6.0;0.0
23266717;1;3;0;4.0;1;4;0.0;4.0
23267256;2;24;17;46.0;1;20;0.0;43.0
23267665;0;18;11;33.0;1;19;2.0;27.0
23267781;0;5;4;9.0;1;9;0.0;9.0
23268208;0;5;2;7.0;1;7;0.0;7.0
23269874;0;6;0;5.0;1;5;6.0;0.0
23270423;1;3;0;4.0;1;4;0.0;4.0
23273411;0;2;0;2.0;1;2;2.0;0.0
2327944;6;18;7;31.0;1;31;9.0;22.0
2328250;1;1;0;0.0;2;0;2.0;0.0
23285064;1;8;6;14.0;1;13;0.0;15.0
23285696;0;3;2;6.0;1;6;5.0;0.0
23286608;0;9;10;20.0;1;14;1.0;18.0
23286740;1;1;3;6.0;1;6;0.0;5.0
23286794;1;5;0;6.0;1;6;0.0;6.0
23287193;0;19;16;35.0;1;13;0.0;35.0
23287821;0;2;0;1.0;1;1;2.0;0.0
23288984;1;12;6;20.0;1;20;0.0;19.0
2328945;0;1;0;0.0;1;0;1.0;0.0
23289963;0;0;3;6.0;1;3;3.0;0.0
23292400;0;7;2;9.0;1;9;0.0;9.0
2329251;0;1;1;2.0;1;1;2.0;0.0
23292658;0;0;2;3.0;1;3;0.0;2.0
23294483;1;15;3;18.0;2;16;0.0;19.0
23294798;1;11;0;12.0;1;12;0.0;12.0
23294931;0;2;0;3.0;1;3;2.0;0.0
2329512;12;7;3;11.0;6;18;22.0;0.0
23295774;0;1;1;0.0;1;0;2.0;0.0
23296185;0;21;16;40.0;2;24;29.0;8.0
23296391;0;1;0;2.0;1;2;1.0;0.0
23296873;1;4;0;5.0;1;5;0.0;5.0
23297032;0;2;4;5.0;1;5;1.0;5.0
23297520;0;3;6;10.0;1;9;2.0;7.0
23298117;0;1;1;0.0;1;0;2.0;0.0
23298468;0;1;0;0.0;1;0;1.0;0.0
23298786;1;3;0;4.0;1;4;0.0;4.0
23298787;1;10;0;11.0;1;11;0.0;11.0
23299238;1;14;4;19.0;1;9;0.0;19.0
23299575;0;24;12;38.0;1;19;0.0;36.0
23299718;0;9;0;9.0;1;9;0.0;9.0
23303085;1;6;0;7.0;1;5;0.0;7.0
23304433;3;7;1;10.0;1;5;2.0;9.0
23304530;0;8;6;15.0;1;13;1.0;13.0
23304703;0;1;0;1.0;1;1;1.0;0.0
23305028;0;1;0;1.0;1;1;1.0;0.0
23305122;0;1;0;0.0;1;0;1.0;0.0
23305186;0;8;1;8.0;1;7;3.0;6.0
23305319;0;1;0;0.0;1;0;1.0;0.0
23305466;1;11;10;21.0;1;16;6.0;16.0
23306776;0;4;0;4.0;1;4;0.0;4.0
23307229;0;10;0;9.0;1;9;3.0;7.0
23308467;0;4;0;4.0;1;3;0.0;4.0
23308715;0;6;6;13.0;1;10;4.0;8.0
23308812;1;3;0;4.0;1;4;0.0;4.0
23309232;0;5;3;8.0;1;7;0.0;8.0
233095;2;6;5;10.0;1;10;5.0;8.0
23313377;1;18;11;30.0;1;20;0.0;30.0
23313423;0;35;8;43.0;1;17;0.0;43.0
23313665;0;0;0;0.0;1;0;0.0;0.0
23313753;0;1;0;0.0;1;0;1.0;0.0
23316227;0;1;7;10.0;1;8;0.0;8.0
23316408;1;12;1;14.0;1;14;0.0;14.0
23316896;0;9;0;9.0;1;9;0.0;9.0
23317107;1;12;4;17.0;1;17;0.0;17.0
23317507;0;3;0;4.0;1;4;3.0;0.0
23317913;0;7;10;18.0;1;14;0.0;17.0
23320261;0;8;0;8.0;1;8;0.0;8.0
23321673;0;1;4;6.0;1;6;0.0;5.0
23321759;0;28;24;51.0;1;12;2.0;50.0
23321864;0;4;6;11.0;1;11;0.0;10.0
23321947;1;8;0;9.0;1;9;0.0;9.0
23322512;0;1;6;8.0;1;8;0.0;7.0
23322652;1;7;0;7.0;1;7;0.0;8.0
23323077;0;6;3;8.0;1;8;6.0;3.0
23323825;0;4;2;5.0;1;5;2.0;4.0
23324035;0;0;0;0.0;1;0;0.0;0.0
23324036;0;0;0;0.0;1;0;0.0;0.0
23324037;0;0;0;0.0;1;0;0.0;0.0
23324038;0;0;0;0.0;1;0;0.0;0.0
23324097;1;7;0;8.0;1;8;0.0;8.0
23325470;0;6;5;10.0;1;10;0.0;11.0
23330154;1;6;0;7.0;1;7;0.0;7.0
2333737;0;2;1;1.0;1;1;3.0;0.0
23343627;0;4;0;4.0;1;4;0.0;4.0
23346739;1;9;0;9.0;1;9;0.0;10.0
23346742;0;2;2;4.0;1;4;0.0;4.0
23346859;1;14;1;16.0;1;14;0.0;16.0
23351928;0;10;0;10.0;1;10;0.0;10.0
23351981;0;13;0;13.0;1;10;0.0;13.0
23352012;0;4;0;4.0;2;4;4.0;0.0
23352306;0;4;4;8.0;1;8;0.0;8.0
23352622;1;12;8;22.0;1;20;0.0;21.0
23352801;0;1;1;0.0;1;0;2.0;0.0
23352821;0;8;0;6.0;1;4;2.0;6.0
23353215;0;2;1;3.0;1;3;0.0;3.0
2335445;3;3;0;3.0;1;6;0.0;6.0
23355044;0;5;1;7.0;1;7;0.0;6.0
23355152;1;5;0;6.0;1;6;0.0;6.0
23355831;0;2;0;1.0;1;1;2.0;0.0
23355943;0;2;0;2.0;3;2;2.0;0.0
23355960;0;5;4;9.0;1;9;0.0;9.0
23356199;0;10;2;10.0;1;6;5.0;7.0
23357056;1;9;4;13.0;1;10;5.0;9.0
23357648;0;1;0;1.0;1;1;1.0;0.0
23357899;0;4;8;13.0;1;9;0.0;12.0
23358160;0;5;7;11.0;1;11;3.0;9.0
23358534;1;12;6;20.0;1;20;0.0;19.0
23361253;0;4;0;3.0;1;3;0.0;4.0
23361457;1;5;0;6.0;1;6;0.0;6.0
23362172;0;12;6;19.0;1;19;0.0;18.0
23364810;0;13;6;21.0;1;19;0.0;19.0
23365710;0;8;0;8.0;1;8;0.0;8.0
23365742;0;4;2;6.0;1;6;6.0;0.0
23369545;0;12;6;18.0;1;18;1.0;17.0
23370297;0;10;5;16.0;1;16;0.0;15.0
23371006;1;3;0;4.0;1;4;0.0;4.0
23371059;0;0;0;0.0;1;0;0.0;0.0
23371060;1;14;0;15.0;1;11;3.0;12.0
23371505;0;3;3;8.0;1;6;6.0;0.0
2337183;28;38;17;70.0;1;31;0.0;83.0
23371932;0;2;1;0.0;1;0;3.0;0.0
23374357;0;7;8;15.0;1;10;6.0;9.0
23374644;0;12;6;19.0;1;19;0.0;18.0
23374684;0;7;6;13.0;1;13;13.0;0.0
23375363;0;4;0;4.0;1;4;0.0;4.0
23377602;0;9;0;10.0;1;10;0.0;9.0
23378734;1;7;0;9.0;1;9;0.0;8.0
23378735;0;27;0;28.0;1;9;0.0;27.0
23378738;0;2;1;1.0;1;1;3.0;0.0
2337884;0;7;0;6.0;1;3;0.0;7.0
23379565;1;2;2;6.0;1;6;0.0;5.0
23379934;1;3;0;4.0;1;4;0.0;4.0
23380439;1;2;2;5.0;1;5;0.0;5.0
23381130;0;4;2;5.0;1;5;6.0;0.0
23381712;0;35;25;62.0;2;19;2.0;58.0
23383091;0;2;2;4.0;1;4;0.0;4.0
23383961;0;12;6;19.0;1;19;0.0;18.0
23388176;0;8;6;15.0;1;15;0.0;14.0
2339291;1;1;0;0.0;1;1;2.0;0.0
23399969;1;12;6;20.0;1;20;0.0;19.0
23400085;1;6;6;13.0;1;13;2.0;11.0
23400197;1;5;0;6.0;1;6;0.0;6.0
23400694;0;1;0;3.0;1;1;1.0;0.0
23401073;0;9;0;9.0;1;9;0.0;9.0
23402383;0;6;0;6.0;1;6;0.0;6.0
23402743;0;6;0;7.0;1;5;0.0;6.0
23402790;0;6;0;6.0;1;5;1.0;5.0
23404782;0;10;1;10.0;1;10;0.0;11.0
23408162;0;4;4;8.0;1;6;3.0;5.0
23410766;0;10;2;12.0;1;11;4.0;8.0
23411801;0;3;2;5.0;1;5;0.0;5.0
23412011;6;143;1;150.0;1;15;0.0;150.0
23412506;0;9;6;15.0;1;14;0.0;15.0
23413403;0;6;0;6.0;1;6;0.0;6.0
23414082;0;2;1;3.0;1;3;0.0;3.0
23416431;0;8;0;8.0;1;8;0.0;8.0
23416832;0;10;6;16.0;1;16;0.0;16.0
23417125;0;12;6;19.0;1;19;0.0;18.0
23418226;0;2;0;0.0;1;0;2.0;0.0
23418962;0;6;0;5.0;1;5;0.0;6.0
23419968;0;14;8;23.0;1;19;0.0;22.0
23420159;1;2;2;4.0;1;4;5.0;0.0
23420599;0;6;0;6.0;1;6;0.0;6.0
23420725;0;1;1;0.0;1;0;2.0;0.0
23423712;0;7;10;18.0;1;14;0.0;17.0
23425402;0;0;8;11.0;1;7;0.0;8.0
2342564;13;5;21;33.0;1;22;13.0;26.0
23425892;0;2;1;3.0;1;3;3.0;0.0
2342819;21;18;1;28.0;4;27;35.0;5.0
23428588;0;12;6;19.0;1;19;0.0;18.0
23428657;0;1;1;1.0;1;1;2.0;0.0
23428932;0;32;1;35.0;1;9;1.0;32.0
23429263;0;1;1;0.0;1;0;2.0;0.0
23435230;0;0;11;15.0;1;6;0.0;11.0
23435530;0;6;0;5.0;1;4;0.0;6.0
23437115;0;5;29;46.0;1;9;0.0;34.0
23437824;0;5;6;9.0;1;8;3.0;8.0
23438043;0;6;0;6.0;1;6;0.0;6.0
23438333;0;6;0;6.0;1;6;0.0;6.0
23455009;0;2;0;1.0;1;1;2.0;0.0
23457905;0;34;18;55.0;1;19;0.0;52.0
23459443;0;10;10;22.0;1;17;1.0;19.0
23459556;0;6;1;7.0;1;7;0.0;7.0
23460193;0;3;2;4.0;1;4;5.0;0.0
23460235;0;5;1;8.0;1;8;0.0;6.0
23460696;0;2;1;0.0;1;0;3.0;0.0
23462712;0;9;0;9.0;1;9;0.0;9.0
23468604;1;6;0;7.0;1;3;0.0;7.0
2347078;1;2;1;0.0;1;0;4.0;0.0
23476461;0;3;1;3.0;1;3;4.0;0.0
23478138;0;4;0;4.0;1;4;0.0;4.0
23480181;0;4;2;5.0;1;5;0.0;6.0
23486433;0;3;7;9.0;1;9;2.0;8.0
23487023;0;12;7;19.0;1;18;0.0;19.0
23487832;0;11;6;18.0;2;18;0.0;17.0
23487838;0;6;0;7.0;1;7;0.0;6.0
23488695;0;1;0;0.0;1;0;1.0;0.0
23488839;0;11;2;13.0;1;13;0.0;13.0
23488914;0;1;0;0.0;1;0;1.0;0.0
23489677;0;7;4;11.0;1;10;4.0;7.0
23490968;0;7;6;15.0;1;14;0.0;13.0
23491240;0;12;6;19.0;1;19;0.0;18.0
23491949;0;1;1;1.0;1;1;2.0;0.0
2349224;0;1;5;7.0;1;7;1.0;5.0
23493302;0;8;0;9.0;1;7;0.0;8.0
23493736;0;35;5;40.0;1;11;0.0;40.0
2349410;2;2;0;3.0;2;3;4.0;0.0
23500738;0;5;0;5.0;1;5;0.0;5.0
2350544;1;1;0;0.0;1;0;2.0;0.0
23515417;0;7;1;8.0;1;8;0.0;8.0
23515948;0;5;0;5.0;1;4;5.0;0.0
23519255;0;12;1;13.0;1;13;0.0;13.0
23519763;0;10;6;16.0;1;16;0.0;16.0
23521407;0;4;0;4.0;1;4;0.0;4.0
2352179;1;0;0;0.0;1;0;1.0;0.0
23521948;0;14;14;28.0;1;17;3.0;25.0
23524227;0;8;0;8.0;1;8;0.0;8.0
23525702;0;11;0;10.0;1;6;0.0;11.0
2353419;0;5;1;6.0;1;6;0.0;6.0
2353497;0;1;5;5.0;1;4;2.0;4.0
2353581;4;5;1;7.0;2;6;10.0;0.0
23535904;0;11;0;11.0;1;6;0.0;11.0
23536437;0;16;10;30.0;1;19;0.0;26.0
23537140;0;1;4;5.0;1;5;0.0;5.0
23537630;0;12;1;13.0;1;13;0.0;13.0
23540331;0;12;5;16.0;1;16;2.0;15.0
23541937;0;12;6;19.0;1;19;0.0;18.0
23542684;0;10;0;9.0;1;9;2.0;8.0
2354463;2;11;37;64.0;2;21;10.0;40.0
23547687;0;9;8;18.0;1;16;0.0;17.0
23548445;0;19;4;24.0;1;17;9.0;14.0
23548767;0;10;1;12.0;1;12;0.0;11.0
23551667;0;9;6;16.0;1;16;0.0;15.0
23552954;0;12;5;17.0;1;10;0.0;17.0
23572841;0;3;3;8.0;1;8;2.0;4.0
23572898;0;2;0;1.0;1;1;2.0;0.0
23572899;0;59;76;148.0;1;23;5.0;130.0
23573660;0;6;0;6.0;1;6;0.0;6.0
23574311;0;3;1;4.0;1;4;0.0;4.0
23575143;0;10;4;15.0;1;14;0.0;14.0
23575148;0;9;0;10.0;1;10;0.0;9.0
23575218;0;6;7;14.0;1;12;0.0;13.0
23575290;0;2;1;1.0;1;1;3.0;0.0
23575379;0;7;0;7.0;1;7;0.0;7.0
23575580;0;2;1;0.0;1;0;3.0;0.0
23576655;0;72;43;123.0;1;19;0.0;115.0
23576916;0;2;0;2.0;1;2;2.0;0.0
23577054;0;12;4;16.0;1;16;0.0;16.0
23577457;0;7;0;7.0;1;4;0.0;7.0
23577528;0;2;0;1.0;1;1;2.0;0.0
23577682;0;30;19;54.0;1;19;0.0;49.0
23577820;0;13;8;22.0;1;17;0.0;21.0
23578292;0;4;0;4.0;1;4;0.0;4.0
23578885;0;9;0;9.0;1;9;0.0;9.0
23578965;0;12;6;19.0;1;19;0.0;18.0
23579401;0;8;6;15.0;1;15;0.0;14.0
23579595;0;5;0;4.0;1;3;0.0;5.0
23580051;0;7;6;14.0;1;14;0.0;13.0
23580225;0;2;0;1.0;1;1;2.0;0.0
2358229;2;1;0;1.0;2;2;3.0;0.0
23584143;0;1;1;0.0;1;0;2.0;0.0
23584379;0;13;9;24.0;1;18;0.0;22.0
23584486;0;10;2;13.0;1;11;3.0;9.0
23584693;0;2;0;2.0;1;2;2.0;0.0
23584967;0;4;0;3.0;1;3;0.0;4.0
23584969;0;3;6;11.0;1;10;0.0;9.0
23585533;0;2;1;0.0;1;0;3.0;0.0
23585651;0;10;0;10.0;1;10;0.0;10.0
23586927;0;10;0;10.0;1;10;0.0;10.0
23587467;0;12;6;19.0;1;19;0.0;18.0
23587708;0;29;8;36.0;1;22;5.0;32.0
23589577;0;2;2;4.0;1;4;0.0;4.0
23590351;0;10;0;10.0;1;6;0.0;10.0
23590755;0;1;4;4.0;1;4;5.0;0.0
2359081;1;1;1;0.0;1;0;3.0;0.0
23595182;0;1;1;2.0;1;2;2.0;0.0
23595337;0;10;6;17.0;1;17;0.0;16.0
23595614;0;3;1;4.0;1;4;0.0;4.0
23595681;0;4;2;2.0;1;2;6.0;0.0
23595941;0;4;4;10.0;1;10;0.0;8.0
23596449;0;5;2;4.0;1;4;7.0;0.0
2359651;0;6;0;6.0;1;6;2.0;4.0
23596577;0;1;1;1.0;1;1;2.0;0.0
23597121;0;7;1;5.0;3;4;8.0;0.0
23597281;0;12;6;19.0;1;19;0.0;18.0
23597438;0;12;6;19.0;1;19;0.0;18.0
23597547;0;2;2;4.0;1;4;0.0;4.0
23597599;0;12;6;19.0;1;19;0.0;18.0
23597791;0;10;1;11.0;1;11;0.0;11.0
23597845;0;4;0;5.0;1;5;0.0;4.0
23599571;0;8;0;8.0;1;8;0.0;8.0
23603911;0;12;7;18.0;1;13;3.0;16.0
23604497;0;1;21;28.0;1;8;0.0;22.0
2360459;14;12;1;22.0;2;26;1.0;26.0
23605833;0;11;3;14.0;1;14;0.0;14.0
23605891;0;10;2;12.0;1;12;0.0;12.0
23608734;0;1;6;8.0;1;8;0.0;7.0
23609038;0;11;6;17.0;1;17;2.0;15.0
23609095;0;5;2;6.0;1;6;7.0;0.0
23613159;0;26;5;32.0;1;15;3.0;28.0
23613201;0;4;1;4.0;1;4;5.0;0.0
23613299;0;6;0;6.0;1;6;0.0;6.0
23613334;0;9;7;17.0;1;16;3.0;13.0
23613533;0;1;2;1.0;1;1;3.0;0.0
23613983;0;3;1;5.0;1;5;0.0;4.0
23613989;0;4;0;4.0;1;4;0.0;4.0
23614057;0;10;3;13.0;1;13;0.0;13.0
23614665;0;2;0;0.0;1;0;2.0;0.0
23614826;0;2;0;2.0;1;2;2.0;0.0
23615071;0;5;0;6.0;1;6;0.0;5.0
23616519;0;16;7;21.0;1;16;4.0;19.0
23616658;0;2;0;1.0;1;1;2.0;0.0
23617523;0;4;0;4.0;1;4;0.0;4.0
23618404;0;2;1;1.0;1;1;3.0;0.0
23618448;0;1;0;0.0;1;0;1.0;0.0
23620468;0;11;6;18.0;1;18;0.0;17.0
2362417;1;12;13;26.0;2;14;2.0;24.0
23624967;0;11;6;17.0;1;17;0.0;17.0
23625524;0;8;0;9.0;1;5;0.0;8.0
23626905;0;4;0;4.0;1;4;0.0;4.0
23633393;0;2;0;2.0;1;2;2.0;0.0
23633756;0;9;1;10.0;1;10;0.0;10.0
23634483;0;2;0;2.0;1;2;2.0;0.0
23634820;0;3;13;18.0;1;10;2.0;14.0
23635777;0;11;0;12.0;1;11;0.0;11.0
23637172;0;11;3;14.0;1;14;0.0;14.0
23637281;0;2;3;5.0;1;5;0.0;5.0
23638581;0;22;13;38.0;1;18;0.0;35.0
23638929;0;1;2;0.0;1;0;3.0;0.0
23639652;0;14;3;14.0;1;11;2.0;15.0
23639754;0;4;0;3.0;1;3;0.0;4.0
23639802;0;8;0;9.0;1;9;8.0;0.0
23639963;0;1;1;1.0;1;1;2.0;0.0
23640043;0;8;0;8.0;1;7;0.0;8.0
23640063;0;2;2;6.0;1;6;0.0;4.0
23640170;0;1;1;0.0;1;0;2.0;0.0
23644439;0;7;0;7.0;1;7;0.0;7.0
23645342;0;4;0;3.0;1;3;0.0;4.0
23645399;0;11;5;16.0;1;16;0.0;16.0
23646730;0;1;0;0.0;1;0;1.0;0.0
23647170;0;4;0;4.0;1;4;0.0;4.0
23648354;0;5;4;8.0;1;8;5.0;4.0
23648358;0;12;0;10.0;1;10;2.0;10.0
23648738;0;4;2;6.0;1;6;0.0;6.0
23649328;0;6;8;16.0;1;11;5.0;9.0
23649439;0;4;0;4.0;1;4;0.0;4.0
23649825;0;0;5;5.0;1;4;0.0;5.0
2365064;0;2;2;0.0;1;0;4.0;0.0
23653048;0;12;3;15.0;1;15;0.0;15.0
23653123;0;16;10;28.0;1;18;0.0;26.0
23653768;0;9;2;12.0;1;10;0.0;11.0
23654557;0;6;0;4.0;1;4;2.0;4.0
23654779;0;3;1;3.0;1;3;4.0;0.0
23655288;0;7;8;16.0;1;13;2.0;13.0
23655352;0;11;7;21.0;1;18;0.0;18.0
23655504;0;0;1;1.0;1;1;1.0;0.0
23656803;0;15;12;31.0;1;18;0.0;27.0
23656999;0;0;7;8.0;1;6;0.0;7.0
23657048;0;9;0;9.0;1;9;0.0;9.0
23657223;0;11;6;18.0;1;18;0.0;17.0
23657649;0;2;7;9.0;1;7;2.0;7.0
23657741;0;9;4;14.0;1;14;8.0;5.0
23657847;0;4;0;4.0;1;4;0.0;4.0
23657978;0;3;1;2.0;2;2;4.0;0.0
23658265;0;2;0;0.0;1;0;2.0;0.0
23658554;0;0;1;1.0;1;1;1.0;0.0
23658652;0;4;7;9.0;1;7;5.0;6.0
23658926;0;3;0;3.0;1;3;0.0;3.0
23659108;0;19;10;30.0;1;18;0.0;29.0
2365958;0;0;1;1.0;2;1;1.0;0.0
23662763;0;11;0;10.0;1;10;0.0;11.0
23663007;0;11;0;10.0;1;10;0.0;11.0
23663230;0;1;1;0.0;1;0;2.0;0.0
23663351;0;1;1;1.0;1;1;2.0;0.0
2366383;19;3;2;14.0;2;17;8.0;16.0
23665589;0;4;1;6.0;1;6;0.0;5.0
23666281;0;2;0;1.0;1;1;2.0;0.0
23666283;0;4;0;4.0;1;4;0.0;4.0
23666306;0;9;6;16.0;1;16;0.0;15.0
23666377;0;6;0;6.0;1;5;0.0;6.0
23666467;0;10;6;17.0;1;17;0.0;16.0
23666617;0;9;3;12.0;1;12;0.0;12.0
23667084;0;6;0;5.0;1;3;0.0;6.0
23667502;0;9;0;9.0;1;9;0.0;9.0
23667608;0;54;2;57.0;3;14;3.0;53.0
2366806;5;1;0;3.0;1;7;0.0;6.0
23670394;0;7;0;7.0;1;7;0.0;7.0
23670395;0;3;1;5.0;1;5;0.0;4.0
23671255;0;2;1;0.0;1;0;3.0;0.0
23672158;0;2;0;3.0;1;3;2.0;0.0
23672570;0;4;0;3.0;1;3;0.0;4.0
23673226;0;2;0;0.0;1;0;2.0;0.0
23673901;0;2;0;2.0;1;2;2.0;0.0
23674087;0;4;0;4.0;1;4;0.0;4.0
23674641;0;2;0;0.0;1;0;2.0;0.0
23674828;0;2;0;0.0;1;0;2.0;0.0
23674929;0;12;12;26.0;1;18;0.0;24.0
23675459;0;5;0;5.0;1;5;0.0;5.0
23675736;0;3;3;5.0;1;5;0.0;6.0
23675928;0;4;1;6.0;1;6;0.0;5.0
23676190;0;1;13;16.0;1;8;0.0;14.0
23676609;0;2;1;4.0;1;4;0.0;3.0
23676919;0;11;5;17.0;1;17;0.0;16.0
2367887;4;0;0;0.0;1;4;0.0;4.0
23681284;0;4;0;4.0;1;3;0.0;4.0
23689261;0;8;0;8.0;1;8;0.0;8.0
23691445;0;19;12;35.0;1;18;0.0;31.0
23692272;0;23;2;26.0;1;14;0.0;25.0
23694755;0;3;6;9.0;1;9;0.0;9.0
23695948;0;17;2;21.0;1;17;16.0;3.0
23696558;0;4;4;10.0;1;8;0.0;8.0
23697651;0;1;0;1.0;1;1;1.0;0.0
23698035;0;13;15;34.0;1;14;0.0;28.0
23698911;0;25;14;39.0;1;24;8.0;31.0
23701564;0;1;2;2.0;1;2;3.0;0.0
23702805;0;0;7;7.0;1;4;0.0;7.0
23703809;0;2;8;10.0;1;10;5.0;5.0
23704665;0;2;0;2.0;1;2;2.0;0.0
23705057;0;2;1;4.0;1;4;3.0;0.0
23705376;0;3;0;4.0;1;4;0.0;3.0
23705690;0;22;12;36.0;1;18;0.0;34.0
23706003;0;3;1;5.0;1;4;0.0;4.0
23706336;0;11;6;18.0;1;18;0.0;17.0
23707100;0;11;1;12.0;1;12;0.0;12.0
23707542;0;5;0;6.0;1;6;0.0;5.0
23707612;0;13;0;13.0;1;7;0.0;13.0
23711041;0;21;3;24.0;1;14;0.0;24.0
23711184;0;11;6;18.0;1;18;0.0;17.0
23711436;0;9;8;17.0;1;15;2.0;15.0
23712279;0;1;1;1.0;1;1;2.0;0.0
23712334;0;1;1;0.0;1;0;2.0;0.0
23712585;0;6;0;6.0;1;5;0.0;6.0
23712764;0;11;11;24.0;1;13;2.0;20.0
23713055;0;4;0;4.0;1;4;0.0;4.0
23713759;0;3;0;4.0;1;4;3.0;0.0
23714842;0;1;1;0.0;1;0;2.0;0.0
23715694;0;13;0;13.0;1;6;0.0;13.0
23715844;0;1;2;1.0;1;1;3.0;0.0
23716237;0;4;1;5.0;1;5;5.0;0.0
23717078;0;28;18;48.0;1;17;0.0;46.0
23720851;0;5;1;6.0;1;4;0.0;6.0
23720902;0;2;0;2.0;1;2;2.0;0.0
23721967;0;9;1;11.0;1;10;0.0;10.0
23722328;0;7;6;14.0;1;14;0.0;13.0
23724052;0;8;0;8.0;1;5;0.0;8.0
23724684;0;1;0;1.0;1;1;1.0;0.0
23724716;0;15;1;16.0;1;9;2.0;14.0
23725029;0;11;6;18.0;1;18;0.0;17.0
23725208;0;14;18;35.0;1;18;0.0;32.0
23725262;0;11;6;18.0;1;18;0.0;17.0
23725380;0;4;3;8.0;1;8;0.0;7.0
23725488;0;9;14;26.0;1;12;0.0;23.0
2372807;6;8;1;12.0;1;15;11.0;4.0
23728208;0;0;4;5.0;1;3;0.0;4.0
2372850;2;1;6;8.0;1;10;0.0;9.0
23728680;0;1;1;1.0;1;1;2.0;0.0
23728783;0;9;7;20.0;1;18;8.0;8.0
23729651;0;1;1;0.0;1;0;2.0;0.0
23729831;0;10;0;10.0;1;10;0.0;10.0
23729851;0;1;0;2.0;1;2;1.0;0.0
23729972;0;15;5;21.0;2;17;0.0;20.0
23731324;0;4;5;11.0;1;9;0.0;9.0
23732118;0;24;23;53.0;1;24;5.0;42.0
23732333;0;38;27;67.0;2;24;11.0;54.0
23732652;0;5;0;4.0;1;4;0.0;5.0
23732846;0;4;0;5.0;1;5;0.0;4.0
23733007;0;6;0;6.0;1;6;0.0;6.0
23733053;0;11;0;11.0;1;7;0.0;11.0
23733780;0;16;5;21.0;1;14;0.0;21.0
2373396;2;6;2;8.0;1;8;6.0;4.0
23734383;0;11;5;15.0;1;15;0.0;16.0
2374297;1;1;0;0.0;1;0;2.0;0.0
2374404;1;4;3;5.0;2;5;3.0;5.0
2374833;1;1;0;1.0;1;2;2.0;0.0
23749357;0;16;8;25.0;1;16;0.0;24.0
23749893;0;0;0;0.0;2;0;0.0;0.0
23750449;0;4;0;4.0;1;4;0.0;4.0
23750658;0;10;4;15.0;1;15;0.0;14.0
23751754;0;13;8;21.0;1;19;1.0;20.0
23752528;0;4;0;4.0;1;4;0.0;4.0
23752975;0;4;0;4.0;1;4;0.0;4.0
23753551;0;10;5;15.0;1;13;0.0;15.0
23753560;0;19;6;26.0;1;15;0.0;25.0
23753957;0;11;2;13.0;1;13;13.0;0.0
23754109;0;11;4;16.0;1;16;0.0;15.0
23754473;0;10;1;11.0;1;11;0.0;11.0
23754648;0;10;0;10.0;1;7;0.0;10.0
23755072;0;4;0;4.0;1;4;0.0;4.0
23755254;0;9;0;9.0;1;9;0.0;9.0
23755903;0;10;4;14.0;1;14;0.0;14.0
23756029;0;6;6;13.0;1;13;0.0;12.0
23759858;0;11;3;14.0;1;14;0.0;14.0
23759859;0;7;6;14.0;1;14;0.0;13.0
23760969;0;7;0;7.0;1;7;0.0;7.0
23761506;0;10;0;10.0;1;10;0.0;10.0
23762015;0;9;0;9.0;1;9;0.0;9.0
23762101;0;3;2;4.0;1;4;0.0;5.0
23762327;0;2;5;7.0;1;4;0.0;7.0
23762477;0;2;2;3.0;1;3;4.0;0.0
23762820;0;1;1;1.0;1;1;2.0;0.0
23763223;0;5;4;9.0;1;9;9.0;0.0
23763544;0;25;0;25.0;1;10;0.0;25.0
23763546;0;6;10;18.0;1;16;11.0;5.0
23763797;0;7;2;8.0;1;8;2.0;7.0
23764195;0;8;5;13.0;1;11;0.0;13.0
23766088;0;4;0;4.0;1;4;0.0;4.0
23767178;0;2;6;9.0;1;9;0.0;8.0
23767389;0;22;5;27.0;1;15;0.0;27.0
23767642;0;1;2;4.0;1;4;3.0;0.0
23767663;0;3;0;1.0;1;1;3.0;0.0
23767688;0;7;0;6.0;1;6;2.0;5.0
23768119;0;3;4;7.0;1;6;2.0;5.0
23768812;0;0;2;2.0;1;2;2.0;0.0
23769565;0;4;0;3.0;1;3;0.0;4.0
23769843;0;4;5;6.0;1;6;3.0;6.0
23770247;0;4;0;4.0;1;4;0.0;4.0
23771132;0;10;5;15.0;1;15;0.0;15.0
23771255;0;14;6;20.0;1;16;0.0;20.0
23771735;0;7;0;7.0;1;4;0.0;7.0
23772040;0;6;6;13.0;1;13;0.0;12.0
23772642;0;22;10;32.0;1;17;0.0;32.0
23774429;0;15;1;17.0;1;8;0.0;16.0
23775174;0;13;0;14.0;1;8;0.0;13.0
23775454;0;1;0;0.0;1;0;1.0;0.0
23776534;0;2;1;0.0;1;0;3.0;0.0
23776597;0;20;10;33.0;1;23;6.0;24.0
23777134;0;5;0;5.0;1;5;0.0;5.0
23777180;0;17;22;41.0;1;14;0.0;39.0
23777239;0;2;6;9.0;1;9;0.0;8.0
23777285;0;9;7;15.0;1;14;2.0;14.0
23778134;0;12;12;25.0;1;15;0.0;24.0
23778188;0;1;0;0.0;1;0;1.0;0.0
23778761;0;5;5;8.0;1;8;2.0;8.0
23778845;0;8;17;28.0;1;12;1.0;24.0
23778931;0;2;2;0.0;1;0;4.0;0.0
23779632;0;7;5;11.0;1;10;2.0;10.0
23779905;0;1;1;1.0;1;1;2.0;0.0
23779961;0;2;0;1.0;1;1;2.0;0.0
23780154;0;6;0;6.0;1;6;0.0;6.0
23783130;0;13;3;13.0;1;12;4.0;12.0
23783217;0;2;1;2.0;1;2;3.0;0.0
23783350;0;21;20;41.0;1;19;3.0;38.0
23783698;0;4;4;9.0;1;7;3.0;5.0
2378372;20;28;13;57.0;2;49;46.0;15.0
23784781;0;7;0;7.0;1;7;0.0;7.0
23785829;0;1;2;3.0;1;3;3.0;0.0
23786126;0;11;1;11.0;1;10;3.0;9.0
23786314;0;0;3;4.0;1;4;0.0;3.0
23786315;0;1;1;0.0;1;0;2.0;0.0
2378642;1;2;1;2.0;1;2;4.0;0.0
23787166;0;2;1;2.0;1;2;3.0;0.0
23787300;0;11;6;18.0;1;18;0.0;17.0
23787358;0;14;0;14.0;1;7;0.0;14.0
23788107;0;4;0;3.0;1;3;4.0;0.0
23788533;0;1;2;2.0;1;2;3.0;0.0
23788746;0;2;3;6.0;1;6;2.0;3.0
237896;4;2;0;3.0;1;7;1.0;5.0
2380000;0;6;0;6.0;1;3;0.0;6.0
23801184;0;8;0;9.0;1;8;0.0;8.0
23802550;0;3;0;4.0;1;4;0.0;3.0
23802653;0;6;0;5.0;1;4;0.0;6.0
23803587;0;10;0;10.0;1;10;0.0;10.0
23803854;0;5;4;9.0;1;8;0.0;9.0
23804534;0;2;4;8.0;1;6;0.0;6.0
23804646;0;11;6;19.0;2;17;0.0;17.0
23805385;0;1;2;2.0;1;2;3.0;0.0
23806458;0;14;13;29.0;1;18;0.0;27.0
23807520;0;2;3;1.0;1;1;5.0;0.0
23807762;0;4;3;7.0;1;7;0.0;7.0
23807763;0;11;6;18.0;1;18;0.0;17.0
23807848;0;6;1;6.0;1;6;0.0;7.0
23807928;0;29;19;51.0;3;36;0.0;48.0
23808417;0;11;6;18.0;1;18;0.0;17.0
23808830;0;12;19;35.0;1;18;0.0;31.0
2380919;0;0;10;12.0;1;6;0.0;10.0
2380965;0;1;1;0.0;1;0;2.0;0.0
2380994;1;3;0;5.0;1;5;4.0;0.0
23811791;0;21;14;36.0;1;18;0.0;35.0
23812195;0;1;3;4.0;1;2;0.0;4.0
23812727;0;4;0;4.0;1;4;4.0;0.0
23812779;0;4;6;12.0;1;12;0.0;10.0
23813497;0;5;9;17.0;1;8;0.0;14.0
2381406;0;4;1;6.0;2;6;0.0;5.0
2381434;4;4;0;5.0;2;6;4.0;4.0
23814564;0;17;11;28.0;1;17;0.0;28.0
2381468;0;1;0;0.0;1;0;1.0;0.0
23815137;0;2;1;1.0;1;1;3.0;0.0
23815574;0;4;10;16.0;1;11;0.0;14.0
23815656;0;20;6;27.0;1;15;1.0;25.0
23815975;0;3;15;20.0;1;10;3.0;15.0
23816211;0;17;0;16.0;1;8;0.0;17.0
23816250;0;9;4;14.0;1;14;0.0;13.0
23816251;0;11;6;18.0;1;18;0.0;17.0
23817529;0;10;6;17.0;1;17;0.0;16.0
23817781;0;4;0;4.0;1;4;0.0;4.0
23818019;0;11;6;18.0;1;18;0.0;17.0
2381805;1;1;0;0.0;1;0;2.0;0.0
23821029;0;1;0;0.0;1;0;1.0;0.0
23821389;0;1;1;0.0;1;0;2.0;0.0
23821739;0;11;4;17.0;1;15;0.0;15.0
23821816;0;16;2;17.0;1;8;0.0;18.0
23821917;0;2;0;2.0;1;2;2.0;0.0
23822235;0;11;6;18.0;1;18;0.0;17.0
23822326;0;1;0;0.0;1;0;1.0;0.0
23822399;0;10;3;14.0;1;14;0.0;13.0
2382248;15;20;2;29.0;1;8;10.0;27.0
23823705;0;10;6;17.0;1;17;0.0;16.0
23823997;0;1;0;0.0;1;0;1.0;0.0
23824505;0;0;6;6.0;1;6;0.0;6.0
23824697;0;16;0;15.0;1;7;0.0;16.0
23828853;0;7;0;7.0;1;7;0.0;7.0
23828893;0;7;0;7.0;1;7;0.0;7.0
23829244;0;1;1;1.0;1;1;2.0;0.0
23829336;0;23;13;39.0;1;12;0.0;36.0
23829468;0;3;1;5.0;1;5;4.0;0.0
23830679;0;1;0;0.0;1;0;1.0;0.0
23831013;0;10;0;11.0;1;11;0.0;10.0
23831144;0;11;6;18.0;1;18;0.0;17.0
23831750;0;1;1;2.0;1;2;2.0;0.0
23831913;0;7;0;8.0;1;8;0.0;7.0
23832014;0;1;1;2.0;1;2;2.0;0.0
23832133;0;4;0;4.0;1;4;0.0;4.0
23832183;0;6;1;7.0;1;7;0.0;7.0
23832484;0;8;2;10.0;2;7;0.0;10.0
23832592;0;11;6;18.0;1;18;0.0;17.0
23832829;0;11;2;13.0;1;13;0.0;13.0
23833014;0;1;0;1.0;1;1;1.0;0.0
23833397;0;5;0;5.0;1;5;0.0;5.0
23834001;0;1;6;7.0;1;7;2.0;5.0
23834014;0;11;6;18.0;1;18;0.0;17.0
23838739;0;12;0;12.0;1;8;0.0;12.0
23838852;0;7;13;22.0;1;12;0.0;20.0
23840119;0;6;10;18.0;1;13;0.0;16.0
23840842;0;11;6;18.0;1;18;0.0;17.0
23841504;0;7;0;6.0;1;6;2.0;5.0
23841505;0;3;1;5.0;1;5;0.0;4.0
23841506;0;7;0;8.0;1;4;0.0;7.0
23841682;0;8;6;15.0;1;15;0.0;14.0
23841732;0;2;4;7.0;1;5;0.0;6.0
23842558;0;1;1;1.0;1;1;2.0;0.0
23843257;0;5;1;4.0;1;4;2.0;4.0
23844321;0;11;4;15.0;1;15;0.0;15.0
23845511;0;14;7;23.0;1;17;0.0;21.0
2384739;0;16;13;30.0;1;19;5.0;24.0
23856608;0;1;0;1.0;1;1;1.0;0.0
23856786;0;5;0;6.0;1;6;0.0;5.0
2385704;1;1;0;1.0;1;1;2.0;0.0
23857480;0;0;6;8.0;1;6;0.0;6.0
23857745;0;1;1;0.0;1;0;2.0;0.0
23857864;0;2;2;2.0;1;2;4.0;0.0
23858373;0;6;2;6.0;4;6;5.0;3.0
23859410;0;11;6;18.0;1;18;0.0;17.0
23859521;0;6;1;7.0;1;7;0.0;7.0
23860798;0;1;1;0.0;1;0;2.0;0.0
2386086;3;2;1;1.0;1;1;6.0;0.0
23861227;0;10;0;9.0;1;9;0.0;10.0
23861283;0;4;0;4.0;1;4;0.0;4.0
23861576;0;6;0;6.0;1;6;0.0;6.0
23861632;0;1;0;0.0;1;0;1.0;0.0
23862318;0;11;17;28.0;1;15;3.0;25.0
23862695;0;52;15;71.0;1;18;0.0;67.0
23862845;0;1;1;0.0;1;0;2.0;0.0
23863325;0;4;3;7.0;1;7;0.0;7.0
23865321;0;4;0;4.0;1;4;0.0;4.0
23865450;0;11;0;11.0;1;11;0.0;11.0
23865966;0;6;1;7.0;1;7;0.0;7.0
23866133;0;5;0;6.0;1;6;0.0;5.0
23866440;0;10;6;17.0;1;17;0.0;16.0
23867115;0;2;3;5.0;1;4;0.0;5.0
23868299;0;10;4;15.0;1;15;0.0;14.0
23869600;0;8;6;17.0;1;17;2.0;12.0
23869757;0;17;7;25.0;1;15;2.0;22.0
23869930;0;0;4;5.0;1;5;0.0;4.0
23870022;0;1;0;0.0;1;0;1.0;0.0
23870169;0;11;6;17.0;1;17;0.0;17.0
23870207;0;2;0;2.0;1;2;2.0;0.0
23870248;0;1;3;4.0;1;4;4.0;0.0
23871227;0;2;1;0.0;1;0;3.0;0.0
23871271;0;1;0;1.0;1;1;1.0;0.0
23871794;0;11;10;22.0;1;16;0.0;21.0
23873341;0;2;0;2.0;1;2;2.0;0.0
23873736;0;11;5;15.0;1;15;0.0;16.0
23873769;0;1;3;5.0;1;5;0.0;4.0
23874472;0;8;0;8.0;1;8;0.0;8.0
23874842;0;4;0;4.0;1;4;0.0;4.0
23874896;0;14;6;22.0;1;18;0.0;20.0
23875439;0;16;11;29.0;1;15;0.0;27.0
2387561;5;8;0;10.0;4;14;13.0;0.0
23875760;0;10;0;10.0;1;10;0.0;10.0
23876213;0;4;0;5.0;1;5;0.0;4.0
23876986;0;2;2;3.0;1;3;4.0;0.0
23878058;0;6;0;6.0;1;6;0.0;6.0
23878158;0;6;0;5.0;1;5;0.0;6.0
23878195;0;2;0;0.0;1;0;2.0;0.0
23878989;0;2;1;2.0;1;2;3.0;0.0
23879159;0;21;12;35.0;1;19;0.0;33.0
23880014;0;5;0;5.0;1;5;0.0;5.0
23882403;0;1;7;8.0;1;6;0.0;8.0
23882406;0;4;1;6.0;1;6;0.0;5.0
23883022;0;7;4;10.0;1;10;0.0;11.0
23883336;0;12;7;19.0;1;16;0.0;19.0
23883455;0;1;0;0.0;1;0;1.0;0.0
23883637;0;3;4;7.0;1;7;0.0;7.0
23884219;0;16;0;16.0;1;9;0.0;16.0
23884925;0;2;1;0.0;1;0;3.0;0.0
23885029;0;8;12;20.0;1;16;16.0;4.0
23885811;0;1;0;1.0;1;1;1.0;0.0
23887113;0;26;22;51.0;1;18;0.0;48.0
23889572;0;10;6;17.0;1;17;0.0;16.0
23889741;0;3;0;1.0;1;1;3.0;0.0
23889920;0;11;5;16.0;1;15;0.0;16.0
23891179;0;8;7;18.0;1;16;0.0;15.0
23891510;0;4;0;4.0;1;4;0.0;4.0
23892423;0;9;4;12.0;1;12;0.0;13.0
23892455;0;7;0;6.0;1;6;0.0;7.0
23892664;0;0;6;7.0;1;4;0.0;6.0
23892946;0;18;9;27.0;1;16;0.0;27.0
23893184;0;6;0;6.0;1;6;0.0;6.0
23893746;0;3;2;5.0;1;5;0.0;5.0
23894089;0;1;5;7.0;1;7;0.0;6.0
23894152;0;16;12;30.0;1;18;2.0;26.0
23894192;0;4;0;4.0;1;4;0.0;4.0
23894217;0;9;6;16.0;1;16;0.0;15.0
23894300;0;5;0;6.0;1;5;0.0;5.0
23895143;0;17;13;33.0;1;17;2.0;28.0
23895149;0;6;4;9.0;1;8;2.0;8.0
23897102;0;9;14;22.0;1;9;0.0;23.0
23899987;0;1;1;1.0;1;1;2.0;0.0
23900961;0;4;2;6.0;1;6;0.0;6.0
23902672;0;25;1;26.0;1;12;0.0;26.0
23909801;0;2;0;2.0;1;2;2.0;0.0
23910575;0;6;6;13.0;1;13;0.0;12.0
23911121;0;10;6;17.0;1;17;0.0;16.0
2391120;0;17;0;19.0;1;10;0.0;17.0
23911203;0;3;10;15.0;1;10;0.0;13.0
2391123;10;0;2;2.0;1;7;0.0;12.0
23911351;0;4;0;4.0;1;4;0.0;4.0
23911454;0;26;13;41.0;1;18;0.0;39.0
23911705;0;10;6;17.0;1;17;0.0;16.0
23911840;0;2;2;5.0;1;5;0.0;4.0
23911959;0;2;1;0.0;1;0;3.0;0.0
23912374;0;7;1;7.0;1;7;0.0;8.0
23912613;0;12;0;12.0;1;5;0.0;12.0
23913270;0;0;6;7.0;1;7;0.0;6.0
23913310;0;1;1;0.0;1;0;2.0;0.0
23914631;0;12;7;20.0;1;18;0.0;19.0
2391480;8;3;0;5.0;1;9;1.0;10.0
23915017;0;6;0;6.0;1;6;0.0;6.0
23916885;0;1;1;1.0;1;1;2.0;0.0
23916898;0;22;2;23.0;1;11;0.0;24.0
2391724;17;18;5;32.0;1;32;34.0;6.0
23917676;0;7;1;8.0;1;8;0.0;8.0
23917861;0;2;2;3.0;1;3;4.0;0.0
23918849;0;16;1;16.0;1;11;0.0;17.0
23921110;0;6;0;5.0;2;5;0.0;6.0
23921118;0;5;0;5.0;1;5;0.0;5.0
23921311;0;10;10;22.0;1;17;8.0;12.0
23921312;0;1;1;1.0;1;1;2.0;0.0
23922073;0;9;0;9.0;1;9;0.0;9.0
23922195;0;4;0;4.0;1;4;0.0;4.0
23922276;0;10;3;13.0;1;13;0.0;13.0
23923008;0;8;0;8.0;1;8;0.0;8.0
23923079;0;9;0;9.0;1;9;0.0;9.0
23923414;0;8;1;8.0;2;8;5.0;4.0
23923474;0;5;0;5.0;1;5;0.0;5.0
23923649;0;3;0;3.0;1;3;3.0;0.0
23923962;0;19;12;31.0;1;16;2.0;29.0
2392403;8;2;1;7.0;1;11;11.0;0.0
23924199;0;5;3;8.0;1;8;0.0;8.0
23925071;0;6;12;19.0;1;11;0.0;18.0
23927074;0;10;6;16.0;1;16;0.0;16.0
23927548;0;2;3;6.0;1;6;2.0;3.0
23927580;0;6;0;6.0;1;6;0.0;6.0
23927703;0;2;1;0.0;1;0;3.0;0.0
23928019;0;10;6;17.0;1;17;0.0;16.0
23928085;0;5;4;10.0;1;10;0.0;9.0
23928252;0;1;1;0.0;1;0;2.0;0.0
2392926;2;3;3;9.0;1;10;7.0;1.0
23929689;0;5;0;4.0;1;3;0.0;5.0
23929691;0;0;3;4.0;1;4;0.0;3.0
23929706;0;5;6;10.0;1;10;3.0;8.0
23929708;0;8;0;8.0;1;6;0.0;8.0
23929815;0;3;0;2.0;1;2;0.0;3.0
23929822;0;1;6;8.0;1;8;0.0;7.0
23929991;0;33;42;84.0;1;19;3.0;72.0
23930394;0;11;5;17.0;1;16;0.0;16.0
23930445;0;4;0;4.0;1;4;0.0;4.0
23931156;0;9;0;9.0;1;9;0.0;9.0
23931157;0;8;0;7.0;1;5;8.0;0.0
2393179;2;1;0;0.0;1;0;3.0;0.0
23932039;0;9;6;16.0;1;16;0.0;15.0
23932103;0;4;0;3.0;1;3;0.0;4.0
23932283;0;15;0;15.0;1;9;0.0;15.0
23932638;0;2;0;1.0;1;1;2.0;0.0
23932676;0;5;0;4.0;1;4;0.0;5.0
23933059;0;8;5;15.0;1;15;0.0;13.0
23933254;0;6;2;8.0;1;7;2.0;6.0
2393540;16;3;3;8.0;1;14;1.0;21.0
23936666;0;4;3;9.0;1;9;7.0;0.0
23936668;0;2;2;1.0;1;1;4.0;0.0
23937374;0;6;0;6.0;1;6;0.0;6.0
23937435;0;14;13;29.0;1;12;0.0;27.0
23937797;0;1;0;0.0;1;0;1.0;0.0
23937825;0;6;0;6.0;1;4;0.0;6.0
2393930;0;1;0;0.0;1;0;1.0;0.0
23939662;0;2;0;1.0;1;1;2.0;0.0
23940142;0;10;5;15.0;1;15;0.0;15.0
23940293;0;13;24;43.0;1;15;0.0;37.0
23940384;0;8;0;8.0;1;8;0.0;8.0
23940422;0;2;0;1.0;1;1;2.0;0.0
23941278;0;2;1;2.0;1;2;3.0;0.0
23941279;0;8;9;19.0;1;14;1.0;16.0
23942863;0;3;6;10.0;1;10;0.0;9.0
23943703;0;2;0;1.0;1;1;2.0;0.0
23944692;0;10;6;17.0;1;17;0.0;16.0
23945000;0;14;0;14.0;1;8;0.0;14.0
23945646;0;1;0;1.0;1;1;1.0;0.0
23945691;0;10;5;15.0;1;15;0.0;15.0
2394575;20;27;5;45.0;1;29;0.0;52.0
23945837;0;2;1;1.0;3;1;3.0;0.0
23947515;0;3;4;8.0;1;8;3.0;4.0
23948263;0;2;7;12.0;1;6;0.0;9.0
23949178;0;5;7;14.0;1;12;0.0;12.0
23964521;0;29;17;46.0;1;16;0.0;46.0
23964880;0;1;1;1.0;1;1;2.0;0.0
23965140;0;3;10;15.0;1;10;0.0;13.0
23965941;0;1;3;4.0;1;4;0.0;4.0
23966704;0;4;0;4.0;1;4;0.0;4.0
2396685;12;4;1;10.0;2;16;12.0;5.0
23966959;0;3;0;4.0;1;4;0.0;3.0
23967397;0;4;6;10.0;1;10;0.0;10.0
23968;1;1;0;1.0;2;1;2.0;0.0
23968534;0;16;7;28.0;1;18;5.0;18.0
23968965;0;10;0;10.0;1;10;0.0;10.0
23969;10;7;1;9.0;1;15;7.0;11.0
23969910;0;5;0;5.0;1;5;0.0;5.0
23970102;0;7;0;7.0;1;7;0.0;7.0
2397280;3;3;0;1.0;1;1;6.0;0.0
23973898;0;9;7;17.0;1;14;2.0;14.0
2397411;6;1;0;1.0;1;5;0.0;7.0
23974489;0;27;18;49.0;1;17;0.0;45.0
23975291;0;6;6;13.0;1;13;0.0;12.0
23975294;0;6;0;6.0;1;6;0.0;6.0
23975351;0;4;7;10.0;1;10;2.0;9.0
23975354;0;1;0;0.0;1;0;1.0;0.0
23976203;0;10;5;16.0;2;9;0.0;15.0
23976892;0;0;8;10.0;1;5;0.0;8.0
23977261;0;8;6;14.0;1;14;0.0;14.0
23977357;0;5;0;5.0;1;3;0.0;5.0
23977401;0;6;0;6.0;1;6;0.0;6.0
23977710;0;1;1;0.0;1;0;2.0;0.0
23978098;0;19;12;32.0;1;16;0.0;31.0
23978135;0;4;0;4.0;1;4;0.0;4.0
23978539;0;9;6;16.0;1;16;0.0;15.0
23978740;0;3;7;11.0;1;6;0.0;10.0
23978962;0;8;0;8.0;1;8;0.0;8.0
23978964;0;0;1;1.0;1;1;1.0;0.0
23980977;0;8;10;21.0;1;14;4.0;14.0
2398188;2;2;1;2.0;5;2;5.0;0.0
23982094;0;8;6;15.0;1;14;0.0;14.0
23982354;0;6;1;7.0;1;7;0.0;7.0
23982576;0;1;1;0.0;1;0;2.0;0.0
23982757;0;11;5;16.0;1;11;0.0;16.0
2398307;1;2;2;0.0;2;0;5.0;0.0
23983209;0;4;1;6.0;1;6;2.0;3.0
23984212;0;10;6;17.0;1;17;0.0;16.0
23985406;0;1;1;1.0;1;1;2.0;0.0
23985598;0;2;0;2.0;1;2;2.0;0.0
23986036;0;6;5;11.0;1;10;0.0;11.0
23986753;0;1;2;1.0;1;1;3.0;0.0
23986887;0;2;0;2.0;1;2;2.0;0.0
23987253;0;9;7;16.0;3;16;1.0;15.0
23990091;0;9;10;21.0;1;16;0.0;19.0
23990203;0;4;0;3.0;1;3;0.0;4.0
23990296;0;5;6;12.0;1;12;0.0;11.0
23991030;0;1;7;7.0;1;5;0.0;8.0
23991041;0;18;12;32.0;1;17;0.0;30.0
23991187;0;2;3;5.0;1;5;5.0;0.0
23991903;0;7;2;9.0;1;9;0.0;9.0
23992106;0;2;2;2.0;1;2;4.0;0.0
2399235;14;4;0;9.0;1;16;0.0;18.0
23992608;0;12;0;12.0;1;7;0.0;12.0
23992882;0;1;1;1.0;1;1;2.0;0.0
23993114;0;12;5;17.0;1;11;0.0;17.0
23993745;0;22;24;50.0;1;17;0.0;46.0
23994210;0;14;6;19.0;1;16;0.0;20.0
23994574;0;2;0;1.0;1;1;2.0;0.0
23994742;0;7;0;7.0;1;6;2.0;5.0
2399514;6;1;0;2.0;1;8;2.0;5.0
23995246;0;4;3;7.0;1;7;7.0;0.0
23996508;0;3;6;10.0;1;10;0.0;9.0
23998411;0;4;0;4.0;1;4;0.0;4.0
2399859;5;4;1;5.0;1;8;10.0;0.0
23999395;0;3;7;12.0;2;12;2.0;8.0
23999546;0;7;0;6.0;1;5;0.0;7.0
2400042;0;1;0;1.0;1;1;1.0;0.0
24001566;0;1;1;0.0;1;0;2.0;0.0
24003146;0;6;0;6.0;1;6;0.0;6.0
24004972;0;5;3;9.0;1;9;0.0;8.0
2401087;0;0;6;11.0;1;3;0.0;6.0
24019995;0;2;0;2.0;1;2;2.0;0.0
24020406;0;8;0;8.0;1;3;0.0;8.0
24029306;0;10;6;17.0;1;17;0.0;16.0
24030906;0;6;1;6.0;1;6;3.0;4.0
24031631;0;4;0;4.0;1;4;0.0;4.0
24031673;0;1;0;2.0;1;2;1.0;0.0
24032859;0;6;1;6.0;1;6;2.0;5.0
24033086;0;4;0;4.0;1;4;0.0;4.0
24033142;0;17;6;24.0;1;17;0.0;23.0
24033786;0;2;0;1.0;1;1;2.0;0.0
24033816;0;14;50;72.0;1;13;0.0;64.0
24035031;0;5;1;6.0;1;6;0.0;6.0
24035364;0;1;0;1.0;1;1;1.0;0.0
24035467;0;1;1;1.0;1;1;2.0;0.0
24038870;0;10;12;26.0;1;16;0.0;22.0
24039351;0;10;4;14.0;2;14;8.0;6.0
24039391;0;9;0;10.0;1;10;0.0;9.0
24039494;0;6;0;6.0;1;5;0.0;6.0
24039662;0;0;5;7.0;1;3;0.0;5.0
24040102;0;8;0;8.0;1;8;0.0;8.0
24041129;0;2;0;2.0;1;2;2.0;0.0
2404116;27;3;0;3.0;2;10;1.0;29.0
24041317;0;1;1;0.0;1;0;2.0;0.0
24042275;0;11;6;17.0;1;17;7.0;10.0
24042676;0;5;0;6.0;1;6;0.0;5.0
24042955;0;21;10;35.0;2;25;18.0;13.0
24043502;0;6;0;6.0;1;3;0.0;6.0
24043504;0;4;10;18.0;1;11;0.0;14.0
2404629;4;5;0;6.0;2;7;6.0;3.0
24047206;0;4;0;4.0;1;3;0.0;4.0
24047776;0;10;4;15.0;2;15;1.0;13.0
24048051;0;1;0;1.0;1;1;1.0;0.0
24048462;0;0;1;1.0;3;1;1.0;0.0
24049015;0;1;0;1.0;1;1;1.0;0.0
24049143;0;25;0;25.0;1;10;0.0;25.0
24050066;0;5;0;6.0;1;5;0.0;5.0
24050553;0;5;6;13.0;1;13;1.0;10.0
24050898;0;8;6;15.0;1;15;0.0;14.0
24051657;0;3;6;9.0;1;7;0.0;9.0
24051658;0;2;13;18.0;1;12;5.0;10.0
24051846;0;7;0;7.0;1;7;0.0;7.0
24052155;0;12;10;22.0;1;17;0.0;22.0
24052829;0;3;1;5.0;1;5;0.0;4.0
24052933;0;3;0;3.0;1;3;3.0;0.0
2405326;0;2;0;2.0;2;2;2.0;0.0
24053829;0;3;3;6.0;1;6;0.0;6.0
24058070;0;0;3;3.0;1;3;0.0;3.0
2406023;3;12;4;20.0;1;14;2.0;17.0
24066695;0;2;1;1.0;1;1;3.0;0.0
24066740;0;23;0;22.0;1;4;0.0;23.0
24067038;0;8;3;11.0;1;11;0.0;11.0
24067104;0;6;1;7.0;1;7;0.0;7.0
24067223;0;10;6;17.0;1;17;0.0;16.0
24067227;0;6;3;9.0;1;9;0.0;9.0
24067566;0;9;12;23.0;1;12;0.0;21.0
24067622;0;4;0;4.0;1;4;0.0;4.0
24068061;0;9;3;12.0;1;10;0.0;12.0
24068433;0;26;11;38.0;1;16;2.0;35.0
24068868;0;8;0;8.0;1;8;0.0;8.0
24070588;0;3;0;4.0;1;4;0.0;3.0
24071781;0;10;6;16.0;1;13;16.0;0.0
24072035;0;28;13;41.0;1;16;0.0;41.0
24072475;0;6;0;6.0;1;6;0.0;6.0
24072522;0;5;0;5.0;1;5;0.0;5.0
24073358;0;0;10;12.0;1;7;0.0;10.0
2407558;0;1;1;0.0;1;0;2.0;0.0
24076428;0;10;6;17.0;1;17;0.0;16.0
24076902;0;10;6;17.0;1;17;0.0;16.0
24077513;0;2;3;5.0;1;4;0.0;5.0
24077832;0;9;6;16.0;1;16;0.0;15.0
24078868;0;10;4;15.0;1;15;0.0;14.0
24078905;0;0;6;7.0;1;7;0.0;6.0
24079357;0;10;6;16.0;1;16;0.0;16.0
24079407;0;5;1;6.0;1;6;0.0;6.0
24079683;0;2;3;5.0;1;5;0.0;5.0
24080160;0;9;4;13.0;1;13;0.0;13.0
24080826;0;1;0;1.0;1;1;1.0;0.0
24083646;0;16;10;25.0;1;19;18.0;8.0
24083652;0;0;1;0.0;1;0;1.0;0.0
24084159;0;2;0;1.0;1;1;2.0;0.0
24084627;0;4;0;4.0;1;4;0.0;4.0
24084893;0;9;4;13.0;1;13;0.0;13.0
24085216;0;8;4;15.0;1;15;12.0;0.0
24085514;0;1;1;0.0;1;0;2.0;0.0
24086677;0;5;0;5.0;1;3;0.0;5.0
24087204;0;19;12;33.0;1;18;0.0;31.0
24087206;0;0;0;0.0;1;0;0.0;0.0
24087257;0;15;0;15.0;1;3;0.0;15.0
24087284;0;0;1;1.0;1;1;1.0;0.0
24087313;0;0;1;0.0;1;0;1.0;0.0
24087317;0;0;0;0.0;1;0;0.0;0.0
24087319;0;0;1;0.0;1;0;1.0;0.0
24087529;0;4;4;10.0;1;10;8.0;0.0
24087625;0;16;0;16.0;1;7;0.0;16.0
24088325;0;1;0;1.0;1;1;0.0;1.0
24088360;0;1;1;0.0;1;0;2.0;0.0
24089285;0;5;0;5.0;2;5;0.0;5.0
24091460;0;3;5;9.0;1;7;0.0;8.0
24092621;0;9;6;15.0;1;15;0.0;15.0
24093535;0;1;0;0.0;1;0;1.0;0.0
24094863;0;19;17;39.0;1;17;0.0;36.0
24095127;0;10;3;13.0;1;12;0.0;13.0
24095388;0;4;0;4.0;1;4;0.0;4.0
24095426;0;12;0;12.0;1;7;12.0;0.0
24095434;0;18;2;20.0;1;11;0.0;20.0
24096077;0;11;7;20.0;1;16;1.0;17.0
24096667;0;3;1;4.0;1;4;0.0;4.0
24098493;0;12;27;41.0;1;13;0.0;39.0
24098908;0;4;0;4.0;1;4;0.0;4.0
24099171;0;10;4;15.0;1;13;0.0;14.0
24099226;0;11;12;24.0;1;16;0.0;23.0
24099431;0;10;1;11.0;1;11;0.0;11.0
24100036;0;1;1;0.0;1;0;2.0;0.0
24100533;0;6;0;6.0;1;3;0.0;6.0
24100721;0;2;0;1.0;1;1;2.0;0.0
24101658;0;4;0;4.0;1;4;0.0;4.0
24102601;0;4;0;5.0;1;5;0.0;4.0
24102746;0;2;0;1.0;1;1;2.0;0.0
24102890;0;12;6;19.0;1;18;2.0;16.0
24103132;0;2;0;1.0;1;1;2.0;0.0
2410728;2;1;0;0.0;2;0;3.0;0.0
24108130;0;5;0;5.0;1;5;0.0;5.0
2411068;12;12;6;24.0;1;31;0.0;30.0
24112021;0;20;10;31.0;1;16;3.0;27.0
24115311;0;2;0;0.0;1;0;2.0;0.0
24115929;0;4;0;3.0;1;3;0.0;4.0
24116219;0;4;0;3.0;1;3;0.0;4.0
24117232;0;5;0;5.0;2;4;1.0;4.0
24117616;0;1;4;5.0;1;5;0.0;5.0
24117821;0;6;9;16.0;1;12;0.0;15.0
24119186;0;2;3;5.0;1;5;0.0;5.0
24119639;0;17;24;46.0;1;15;0.0;41.0
24119875;0;9;6;15.0;1;14;7.0;8.0
2412005;4;2;1;2.0;1;4;7.0;0.0
24120374;0;3;5;7.0;1;7;0.0;8.0
24120470;0;0;9;9.0;1;6;0.0;9.0
2412107;0;8;0;8.0;1;8;0.0;8.0
24121142;0;6;0;7.0;1;7;0.0;6.0
24121822;0;2;1;3.0;1;3;3.0;0.0
24122067;0;1;1;0.0;1;0;2.0;0.0
24122379;0;5;5;10.0;1;10;5.0;5.0
24125;2;2;0;1.0;2;1;4.0;0.0
24125483;0;1;1;0.0;1;0;2.0;0.0
24125486;0;2;1;2.0;1;2;3.0;0.0
24126367;0;3;0;3.0;1;3;0.0;3.0
24126449;0;4;0;4.0;1;4;0.0;4.0
24126451;0;9;6;16.0;1;16;0.0;15.0
2412687;0;1;0;0.0;1;0;1.0;0.0
24126963;0;5;0;4.0;1;4;0.0;5.0
24127947;0;6;1;5.0;1;5;7.0;0.0
24128328;0;9;7;17.0;1;16;0.0;16.0
24128530;0;2;0;0.0;1;0;2.0;0.0
24128986;0;3;0;4.0;1;3;3.0;0.0
24129044;0;2;1;1.0;1;1;3.0;0.0
24129417;0;1;1;1.0;1;1;2.0;0.0
24129583;0;5;3;7.0;1;6;8.0;0.0
24129720;0;6;7;12.0;1;12;4.0;9.0
2413008;1;5;3;7.0;2;5;2.0;7.0
24132865;0;1;1;0.0;1;0;2.0;0.0
24134140;0;1;0;1.0;1;1;1.0;0.0
24134228;0;10;3;13.0;1;12;0.0;13.0
24134495;0;9;3;12.0;1;12;0.0;12.0
24134741;0;5;0;5.0;1;5;0.0;5.0
24134873;0;1;0;1.0;1;1;1.0;0.0
24135113;0;8;14;22.0;1;13;2.0;20.0
24135411;0;2;0;0.0;1;0;2.0;0.0
24135440;0;0;4;8.0;1;3;0.0;4.0
24135504;0;4;2;6.0;1;6;6.0;0.0
24135563;0;6;0;6.0;1;6;0.0;6.0
24135687;0;6;0;6.0;1;4;0.0;6.0
24136761;0;1;0;0.0;1;0;1.0;0.0
24136880;0;8;0;8.0;1;8;0.0;8.0
24139544;0;9;3;12.0;1;12;0.0;12.0
24139680;0;2;1;5.0;1;4;0.0;3.0
24139725;0;8;0;9.0;1;9;0.0;8.0
24139852;0;11;4;16.0;1;12;0.0;15.0
24139994;0;9;6;16.0;1;12;0.0;15.0
24140132;0;6;1;8.0;1;8;0.0;7.0
24140183;0;20;13;34.0;1;16;0.0;33.0
24140822;0;16;11;28.0;1;15;0.0;27.0
24141080;0;2;3;4.0;1;4;5.0;0.0
24142652;0;5;0;5.0;1;5;0.0;5.0
24142867;0;6;5;11.0;1;11;0.0;11.0
24143171;0;3;4;7.0;1;4;0.0;7.0
24143441;0;5;9;15.0;1;8;2.0;12.0
24143714;0;12;6;19.0;1;17;0.0;18.0
24146773;0;13;9;20.0;1;13;2.0;20.0
24148306;0;13;8;22.0;1;16;0.0;21.0
24148607;0;0;4;5.0;1;5;0.0;4.0
24148664;0;4;0;4.0;1;4;0.0;4.0
24149047;0;4;6;10.0;1;10;2.0;8.0
24149495;0;0;4;6.0;1;4;0.0;4.0
24150377;0;10;6;17.0;1;16;0.0;16.0
24150736;0;7;0;7.0;1;7;0.0;7.0
24151002;0;9;11;22.0;1;16;0.0;20.0
24151100;0;9;2;11.0;1;11;0.0;11.0
24151689;0;6;6;13.0;1;13;0.0;12.0
2415536;8;3;3;4.0;1;11;6.0;8.0
2416030;2;6;3;8.0;1;8;5.0;6.0
24163268;0;1;0;1.0;1;1;1.0;0.0
24164376;0;1;6;9.0;1;9;0.0;7.0
24165005;0;1;0;0.0;1;0;1.0;0.0
24166318;0;2;0;1.0;1;1;2.0;0.0
24167509;0;6;0;6.0;1;6;1.0;5.0
24167903;0;4;0;4.0;1;4;0.0;4.0
24168103;0;11;11;22.0;1;14;0.0;22.0
24168210;0;9;4;13.0;1;13;0.0;13.0
24169101;0;0;5;6.0;1;6;0.0;5.0
24169433;0;2;2;2.0;1;2;4.0;0.0
241698;2;2;1;0.0;2;0;5.0;0.0
24170046;0;6;0;6.0;1;6;0.0;6.0
2417022;7;0;0;3.0;1;7;0.0;7.0
24170609;0;1;1;1.0;1;1;2.0;0.0
24171266;0;3;6;8.0;1;8;2.0;7.0
24172054;0;9;6;16.0;1;16;0.0;15.0
24173943;0;8;6;15.0;1;15;0.0;14.0
24174239;0;5;0;6.0;1;6;5.0;0.0
24174674;0;27;15;42.0;1;13;0.0;42.0
24174774;0;9;5;14.0;1;14;0.0;14.0
24176026;0;9;3;12.0;1;12;0.0;12.0
24176068;0;17;3;20.0;1;11;0.0;20.0
24176308;0;0;7;10.0;1;4;0.0;7.0
24176459;0;9;4;13.0;1;13;0.0;13.0
24176758;0;7;7;15.0;1;12;0.0;14.0
24177196;0;1;1;0.0;1;0;2.0;0.0
24177563;0;13;0;13.0;1;4;0.0;13.0
24177820;0;4;1;5.0;1;5;0.0;5.0
24177841;0;9;3;12.0;1;12;0.0;12.0
24177884;0;7;0;7.0;1;7;0.0;7.0
24177982;0;2;0;1.0;1;1;2.0;0.0
24178091;0;7;0;7.0;1;6;0.0;7.0
24178115;0;1;0;0.0;1;0;1.0;0.0
2417820;1;1;0;0.0;1;0;2.0;0.0
24178709;0;1;1;1.0;1;1;2.0;0.0
24179476;0;3;3;7.0;1;6;0.0;6.0
2418036;4;6;11;22.0;1;14;2.0;19.0
24180752;0;9;0;9.0;1;9;0.0;9.0
24180933;0;9;6;16.0;1;16;0.0;15.0
24181200;0;15;0;15.0;1;9;0.0;15.0
24181305;0;9;6;16.0;1;16;0.0;15.0
24181397;0;4;0;4.0;1;4;0.0;4.0
24181523;0;2;1;2.0;1;2;3.0;0.0
24181574;0;3;3;7.0;1;7;0.0;6.0
24181772;0;6;0;6.0;1;6;0.0;6.0
24181967;0;5;0;6.0;1;6;0.0;5.0
24182308;0;18;9;29.0;1;18;1.0;26.0
24182385;0;5;2;7.0;1;7;0.0;7.0
24182584;0;8;0;8.0;1;8;0.0;8.0
24182729;0;3;1;3.0;1;3;4.0;0.0
2418291;0;6;1;7.0;2;7;1.0;6.0
24183064;0;3;3;8.0;1;8;6.0;0.0
24183181;0;3;4;9.0;1;9;0.0;7.0
24183685;0;3;2;4.0;2;4;5.0;0.0
24184099;0;11;12;25.0;1;16;0.0;23.0
24184528;0;9;4;15.0;1;13;5.0;8.0
24185442;0;9;6;16.0;1;16;0.0;15.0
24186958;0;7;0;7.0;1;7;0.0;7.0
24187550;0;2;3;5.0;1;5;5.0;0.0
24187756;0;9;7;16.0;1;15;0.0;16.0
24188138;0;6;0;6.0;1;4;0.0;6.0
24188565;0;6;0;7.0;1;7;0.0;6.0
24188690;0;9;4;13.0;1;13;0.0;13.0
24188738;0;4;0;4.0;1;4;0.0;4.0
24189049;0;0;11;12.0;1;6;0.0;11.0
24189123;0;18;11;31.0;1;16;0.0;29.0
24189928;0;1;0;0.0;1;0;1.0;0.0
24190233;0;2;1;3.0;1;3;0.0;3.0
24190298;0;3;2;6.0;1;6;0.0;5.0
24190353;0;5;4;8.0;1;7;2.0;7.0
24190573;0;4;0;4.0;1;4;0.0;4.0
24190879;0;17;12;31.0;1;16;0.0;29.0
24191098;0;11;0;11.0;1;7;0.0;11.0
24191137;0;1;1;0.0;1;0;2.0;0.0
24191239;0;9;0;9.0;1;7;0.0;9.0
24191433;0;2;0;0.0;1;0;2.0;0.0
24191525;0;1;2;1.0;1;1;3.0;0.0
24192315;0;1;8;13.0;1;7;9.0;0.0
24193733;0;6;4;12.0;1;10;0.0;10.0
24194323;0;1;1;1.0;1;1;2.0;0.0
24195135;0;3;0;3.0;1;3;3.0;0.0
24195665;0;2;1;3.0;1;3;3.0;0.0
24195680;0;3;0;3.0;1;3;3.0;0.0
24196811;0;3;4;5.0;1;5;4.0;3.0
24197079;0;8;0;8.0;1;8;0.0;8.0
24197590;0;14;7;21.0;1;13;0.0;21.0
24197594;0;7;0;7.0;1;5;0.0;7.0
24197817;0;9;0;9.0;2;8;5.0;4.0
24199483;0;8;0;8.0;1;8;0.0;8.0
24212220;0;6;0;6.0;1;6;2.0;4.0
24213027;0;0;4;6.0;1;3;0.0;4.0
24213496;0;5;1;6.0;1;6;6.0;0.0
24213906;0;9;4;13.0;1;13;0.0;13.0
24214338;0;21;2;22.0;1;11;0.0;23.0
24214807;0;2;1;4.0;1;4;3.0;0.0
24215379;0;9;6;16.0;1;16;0.0;15.0
24216001;0;1;1;0.0;1;0;2.0;0.0
24216399;0;7;6;14.0;1;14;0.0;13.0
24216660;0;9;2;11.0;1;11;0.0;11.0
24217565;0;18;9;27.0;1;14;0.0;27.0
24220958;0;6;0;6.0;1;6;0.0;6.0
24221013;0;9;6;15.0;1;15;0.0;15.0
24221261;0;1;5;6.0;1;6;2.0;4.0
24221514;0;5;0;5.0;1;5;0.0;5.0
24222059;0;5;6;12.0;1;12;0.0;11.0
24222137;0;3;2;6.0;1;6;5.0;0.0
24222707;0;7;0;7.0;1;7;0.0;7.0
24223775;0;9;5;14.0;1;14;0.0;14.0
24226562;0;9;3;12.0;1;12;0.0;12.0
24226942;0;5;2;7.0;1;6;0.0;7.0
2422700;1;0;0;1.0;1;1;1.0;0.0
24227166;0;7;0;7.0;1;7;0.0;7.0
24227396;0;2;2;1.0;1;1;4.0;0.0
24228124;0;3;1;4.0;1;4;0.0;4.0
24228288;0;9;6;16.0;1;16;0.0;15.0
24229069;0;1;1;1.0;1;1;2.0;0.0
24229502;0;4;3;5.0;1;5;7.0;0.0
24230010;0;8;6;16.0;2;16;4.0;10.0
24230060;0;9;6;16.0;1;16;0.0;15.0
24230283;0;2;0;0.0;1;0;2.0;0.0
24232391;0;3;2;2.0;1;2;5.0;0.0
24233850;0;3;1;3.0;1;3;4.0;0.0
24234277;0;10;0;10.0;1;4;0.0;10.0
24234544;0;2;0;3.0;1;3;2.0;0.0
24234885;0;3;6;11.0;1;7;0.0;9.0
24235096;0;1;1;0.0;1;0;2.0;0.0
24235382;0;3;0;2.0;1;2;3.0;0.0
24235743;0;3;1;4.0;1;4;0.0;4.0
24236872;0;7;0;8.0;1;8;0.0;7.0
24237091;0;14;9;25.0;1;16;0.0;23.0
24237193;0;3;5;9.0;1;9;0.0;8.0
242373;1;3;0;1.0;2;1;4.0;0.0
2423733;1;3;1;3.0;2;3;5.0;0.0
2423765;5;12;4;24.0;3;23;4.0;17.0
24238092;0;6;4;11.0;1;11;0.0;10.0
24238944;0;10;6;16.0;1;14;0.0;16.0
24240421;0;0;4;5.0;1;5;0.0;4.0
24242130;0;7;0;7.0;1;7;0.0;7.0
24242843;0;7;1;8.0;1;8;0.0;8.0
24243038;0;7;6;13.0;1;10;1.0;12.0
24244271;0;6;6;13.0;1;13;0.0;12.0
24245024;0;1;0;0.0;1;0;1.0;0.0
24245216;0;2;1;2.0;1;2;3.0;0.0
2424713;0;6;2;6.0;3;5;6.0;2.0
2424820;4;2;1;1.0;1;1;7.0;0.0
2425159;1;9;0;9.0;1;5;4.0;6.0
2425243;3;5;1;5.0;1;6;4.0;5.0
24259076;0;1;1;1.0;1;1;2.0;0.0
24259989;0;5;0;5.0;1;5;0.0;5.0
24260643;0;3;4;7.0;1;7;0.0;7.0
24261052;0;8;6;15.0;1;15;0.0;14.0
24261379;0;13;5;18.0;1;13;0.0;18.0
24263167;0;7;6;15.0;1;15;0.0;13.0
2426337;15;2;1;8.0;2;16;13.0;5.0
24263871;0;1;0;0.0;3;0;1.0;0.0
24263880;0;1;3;3.0;1;3;0.0;4.0
24264025;0;0;4;4.0;1;4;0.0;4.0
24264304;0;9;6;16.0;1;16;0.0;15.0
24264385;0;9;6;16.0;1;16;0.0;15.0
242653;0;5;3;8.0;1;8;0.0;8.0
24267778;0;3;1;1.0;1;1;4.0;0.0
24268963;0;3;2;5.0;1;5;5.0;0.0
24269062;0;2;0;1.0;1;1;2.0;0.0
24269694;0;3;6;10.0;1;10;0.0;9.0
24270195;0;3;0;3.0;1;3;3.0;0.0
24271702;0;3;6;10.0;1;10;0.0;9.0
24274874;0;7;6;14.0;1;14;0.0;13.0
24275434;0;3;0;5.0;1;3;0.0;3.0
24275526;0;2;1;0.0;1;0;3.0;0.0
24276971;0;7;8;17.0;1;14;0.0;15.0
24277393;0;10;0;8.0;2;7;10.0;0.0
24277438;0;4;0;4.0;1;4;0.0;4.0
24277571;0;5;0;5.0;1;5;0.0;5.0
24278134;0;5;4;11.0;1;11;0.0;9.0
24278498;0;9;6;16.0;1;16;0.0;15.0
24278948;0;16;17;37.0;1;20;8.0;25.0
24279314;0;0;4;5.0;1;5;0.0;4.0
24279358;0;5;0;5.0;1;4;0.0;5.0
24279640;0;3;4;8.0;1;8;7.0;0.0
24279896;0;5;0;5.0;1;5;0.0;5.0
24281397;0;4;0;4.0;1;4;0.0;4.0
24281856;0;2;2;3.0;1;3;4.0;0.0
24282356;0;3;1;4.0;1;4;0.0;4.0
24282526;0;1;1;1.0;1;1;2.0;0.0
24282771;0;1;1;1.0;1;1;2.0;0.0
24282892;0;1;2;0.0;1;0;3.0;0.0
24284189;0;5;2;6.0;1;6;2.0;5.0
24285236;0;9;4;13.0;1;13;0.0;13.0
24285471;0;1;1;0.0;1;0;2.0;0.0
24285592;0;13;12;27.0;1;16;0.0;25.0
24285668;0;16;12;30.0;1;15;0.0;28.0
24285750;0;4;2;6.0;1;4;0.0;6.0
24286113;0;17;9;27.0;3;16;0.0;26.0
24286306;0;2;1;2.0;1;2;3.0;0.0
24286649;0;7;5;13.0;1;13;0.0;12.0
24286688;0;1;0;0.0;1;0;1.0;0.0
24289646;0;0;5;6.0;1;6;0.0;5.0
24290262;0;8;1;9.0;1;9;0.0;9.0
24290479;0;2;0;2.0;1;2;2.0;0.0
24290480;0;3;6;9.0;1;8;0.0;9.0
24290865;0;7;9;17.0;1;13;5.0;11.0
24291870;0;12;1;13.0;1;10;0.0;13.0
24292791;0;4;0;5.0;1;5;0.0;4.0
24300085;0;12;12;26.0;1;13;0.0;24.0
24307503;0;4;0;5.0;1;5;0.0;4.0
24307670;0;3;2;6.0;1;6;0.0;5.0
24308316;0;8;6;15.0;1;15;0.0;14.0
24308500;0;3;6;11.0;1;11;0.0;9.0
24309555;0;15;36;58.0;1;10;0.0;51.0
24309652;0;5;0;6.0;1;6;0.0;5.0
24310662;0;8;0;8.0;1;8;0.0;8.0
24310794;0;5;0;5.0;1;5;0.0;5.0
24311093;0;0;6;7.0;1;7;0.0;6.0
24311574;0;5;1;6.0;1;6;0.0;6.0
24311801;0;2;0;0.0;1;0;2.0;0.0
24312530;0;10;12;26.0;1;19;3.0;19.0
24313482;0;5;4;9.0;1;9;9.0;0.0
24314467;0;21;14;37.0;1;15;0.0;35.0
2431629;1;0;0;0.0;1;1;1.0;0.0
24316422;0;4;2;7.0;1;7;0.0;6.0
2431645;0;1;0;0.0;1;0;1.0;0.0
24317737;0;3;1;4.0;1;4;0.0;4.0
24317837;0;5;8;15.0;1;10;0.0;13.0
24319213;0;0;1;2.0;1;2;1.0;0.0
24321239;0;20;19;41.0;1;14;0.0;39.0
24321882;0;7;0;8.0;1;8;0.0;7.0
24323975;0;2;0;1.0;1;1;2.0;0.0
24324591;0;4;4;8.0;1;8;8.0;0.0
24325428;0;1;2;4.0;1;4;0.0;3.0
24327191;0;5;0;5.0;1;5;1.0;4.0
24327756;0;5;0;5.0;1;3;0.0;5.0
24328264;0;4;0;4.0;1;4;0.0;4.0
2432831;2;1;0;0.0;1;0;3.0;0.0
24328342;0;10;3;12.0;1;8;3.0;10.0
24329323;0;1;1;1.0;1;1;2.0;0.0
24331319;0;8;8;17.0;1;13;2.0;14.0
24331456;0;3;0;1.0;1;1;3.0;0.0
243315;3;3;0;0.0;1;1;6.0;0.0
24331796;0;2;2;4.0;1;4;0.0;4.0
24332394;0;20;7;27.0;1;12;0.0;27.0
24332584;0;0;0;0.0;1;0;0.0;0.0
24332638;0;3;0;1.0;1;1;3.0;0.0
24332647;0;1;0;1.0;1;1;1.0;0.0
24332751;0;6;0;5.0;1;5;0.0;6.0
24332836;0;0;0;0.0;1;0;0.0;0.0
24334669;0;0;4;4.0;1;4;0.0;4.0
24335388;0;4;0;5.0;1;4;0.0;4.0
24335621;0;8;3;11.0;1;11;0.0;11.0
2433909;10;12;14;32.0;1;37;27.0;9.0
2433923;0;10;12;24.0;1;12;0.0;22.0
24341328;0;12;7;20.0;1;14;3.0;16.0
2434384;1;2;2;2.0;1;2;5.0;0.0
243541;1;1;0;0.0;1;0;2.0;0.0
24357402;0;7;0;7.0;1;7;0.0;7.0
24357592;0;5;0;5.0;1;4;0.0;5.0
24358171;0;2;7;11.0;1;11;1.0;8.0
24359060;0;2;9;14.0;1;9;0.0;11.0
24359334;0;1;1;1.0;1;1;2.0;0.0
24360045;0;10;12;24.0;1;16;0.0;22.0
24360414;0;5;0;6.0;1;6;0.0;5.0
24361739;0;15;6;22.0;1;15;0.0;21.0
24362245;0;9;0;9.0;1;5;0.0;9.0
24362246;0;15;2;17.0;1;9;0.0;17.0
2436348;6;6;1;11.0;1;11;6.0;7.0
2436470;3;3;1;3.0;1;5;7.0;0.0
24365367;0;5;0;5.0;1;5;0.0;5.0
24367048;0;2;1;2.0;1;2;3.0;0.0
24367552;0;3;5;9.0;1;9;0.0;8.0
24367600;0;4;0;4.0;1;4;0.0;4.0
24368498;0;6;4;9.0;1;9;3.0;7.0
24369295;0;6;0;6.0;1;6;0.0;6.0
24370581;0;1;5;6.0;1;6;2.0;4.0
24372368;0;2;4;7.0;1;7;0.0;6.0
24372858;0;8;6;15.0;1;15;0.0;14.0
2437381;16;53;5;68.0;2;35;17.0;57.0
24373934;0;2;1;2.0;1;2;3.0;0.0
24374805;0;5;0;6.0;1;6;0.0;5.0
24375519;0;0;4;4.0;1;4;0.0;4.0
24375599;0;1;0;1.0;1;1;1.0;0.0
24375722;0;9;0;9.0;1;7;0.0;9.0
24375962;0;0;4;5.0;1;5;0.0;4.0
24376171;0;11;4;15.0;1;10;0.0;15.0
2437745;1;1;1;0.0;1;0;3.0;0.0
24377887;0;6;0;6.0;1;6;0.0;6.0
24380024;0;7;0;8.0;1;8;0.0;7.0
24380204;0;4;0;4.0;1;4;0.0;4.0
24380559;0;12;6;18.0;1;15;0.0;18.0
2438060;1;1;2;0.0;1;0;4.0;0.0
24380612;0;3;0;2.0;1;2;3.0;0.0
24381370;0;5;0;6.0;1;6;0.0;5.0
24381371;0;6;1;3.0;1;3;7.0;0.0
24383319;0;4;1;6.0;1;6;0.0;5.0
24383489;0;1;2;2.0;1;2;3.0;0.0
24383703;0;4;6;10.0;1;7;0.0;10.0
24383788;0;7;3;12.0;1;11;0.0;10.0
24388189;0;2;1;1.0;1;1;3.0;0.0
24389495;0;0;1;1.0;1;1;1.0;0.0
2439307;3;0;0;3.0;1;3;3.0;0.0
2439369;15;14;12;30.0;1;30;3.0;38.0
24395613;0;16;2;16.0;1;11;5.0;13.0
24395952;0;2;0;1.0;1;1;2.0;0.0
24397181;0;7;1;7.0;1;7;2.0;6.0
24397597;0;3;0;3.0;1;3;0.0;3.0
24397599;0;3;6;10.0;1;10;0.0;9.0
24397745;0;7;0;7.0;1;7;0.0;7.0
24398347;0;2;2;4.0;1;4;0.0;4.0
24398754;0;3;2;5.0;1;5;0.0;5.0
24400683;0;5;4;11.0;1;10;5.0;4.0
24400857;0;2;0;2.0;1;2;2.0;0.0
24403657;0;2;0;1.0;1;1;2.0;0.0
24403740;0;24;3;27.0;1;9;0.0;27.0
24403806;0;8;6;15.0;1;15;0.0;14.0
24404117;0;8;6;15.0;1;15;0.0;14.0
24404167;0;2;1;3.0;1;3;0.0;3.0
2440425;1;1;0;0.0;1;0;2.0;0.0
24404439;0;7;6;14.0;1;14;2.0;11.0
24406977;0;8;1;9.0;1;9;0.0;9.0
24407354;0;6;0;6.0;1;6;0.0;6.0
24407952;0;7;2;9.0;1;9;0.0;9.0
24410128;0;3;0;3.0;1;3;0.0;3.0
24410260;0;8;5;13.0;1;13;0.0;13.0
24410490;0;8;2;10.0;1;10;0.0;10.0
24411409;0;3;5;9.0;1;6;0.0;8.0
2441212;1;1;2;1.0;1;1;4.0;0.0
24412251;0;7;5;12.0;1;12;0.0;12.0
24413244;0;13;1;14.0;1;9;0.0;14.0
24413852;0;8;0;8.0;1;8;0.0;8.0
24414168;0;2;1;1.0;1;1;3.0;0.0
24415200;0;8;5;13.0;1;13;0.0;13.0
24417970;0;6;0;5.0;1;4;2.0;4.0
24426316;0;4;0;4.0;1;4;0.0;4.0
24427607;0;5;0;5.0;1;5;0.0;5.0
24427684;0;6;6;14.0;1;14;0.0;12.0
2443451;1;1;0;0.0;3;0;2.0;0.0
24437074;0;1;3;4.0;1;4;0.0;4.0
24438601;0;8;5;15.0;1;10;0.0;13.0
24438602;0;1;2;1.0;1;1;3.0;0.0
2443964;2;0;0;0.0;1;0;2.0;0.0
24439879;0;13;4;17.0;1;10;0.0;17.0
24440407;0;0;1;1.0;1;1;1.0;0.0
24440919;0;7;6;14.0;1;14;0.0;13.0
24442843;0;5;0;5.0;1;5;0.0;5.0
24443490;0;7;19;28.0;1;16;5.0;21.0
24443588;0;19;8;28.0;1;20;9.0;18.0
24443820;0;6;2;8.0;1;8;0.0;8.0
24444054;0;3;3;6.0;1;6;6.0;0.0
24444403;0;12;6;18.0;1;11;18.0;0.0
2444490;15;7;4;17.0;1;22;26.0;0.0
24447134;0;4;0;4.0;1;4;0.0;4.0
24447256;0;1;1;0.0;1;0;2.0;0.0
24448467;0;23;0;24.0;1;7;0.0;23.0
244485;6;5;3;10.0;1;15;14.0;0.0
24449557;0;5;0;5.0;1;5;0.0;5.0
24450262;0;4;3;8.0;1;7;7.0;0.0
24451337;0;9;39;60.0;1;13;0.0;48.0
24451560;0;8;5;14.0;1;14;0.0;13.0
24451758;0;6;6;13.0;1;13;0.0;12.0
24452505;0;12;12;26.0;1;14;0.0;24.0
2445380;0;1;1;0.0;1;0;2.0;0.0
24455683;0;2;1;0.0;1;0;3.0;0.0
24455819;0;8;6;15.0;1;15;0.0;14.0
24456088;0;1;1;0.0;1;0;2.0;0.0
2445645;1;1;0;0.0;1;0;2.0;0.0
24456957;0;7;6;15.0;1;14;0.0;13.0
24457034;0;3;0;4.0;1;4;0.0;3.0
24458280;0;7;0;7.0;1;3;0.0;7.0
24459159;0;7;24;34.0;1;14;2.0;29.0
24461080;0;8;2;10.0;1;10;0.0;10.0
24461583;0;12;11;23.0;1;14;0.0;23.0
24462685;0;6;0;6.0;1;4;0.0;6.0
24462951;0;4;0;4.0;1;3;0.0;4.0
24463568;0;5;0;6.0;1;6;0.0;5.0
24464219;0;1;1;0.0;1;0;2.0;0.0
24464291;0;3;1;4.0;1;4;0.0;4.0
24464762;0;10;0;11.0;1;8;0.0;10.0
24465659;0;8;6;15.0;1;15;0.0;14.0
2446580;13;2;0;7.0;1;14;0.0;15.0
2447006;16;5;0;5.0;1;14;6.0;15.0
2447067;7;4;6;14.0;2;17;2.0;15.0
2447092;1;1;8;10.0;1;5;2.0;8.0
24471398;0;8;3;12.0;1;8;0.0;11.0
24471909;0;0;5;7.0;1;6;0.0;5.0
24472713;0;1;1;1.0;1;1;2.0;0.0
24486328;0;4;2;8.0;1;8;2.0;4.0
24486505;0;7;12;20.0;1;13;0.0;19.0
24486777;0;1;1;1.0;1;1;2.0;0.0
244868;0;2;0;1.0;2;1;2.0;0.0
24488013;0;8;5;13.0;1;13;0.0;13.0
24488439;0;1;1;0.0;1;0;2.0;0.0
24488784;0;3;6;10.0;1;10;0.0;9.0
24488830;0;3;0;2.0;1;2;3.0;0.0
24488923;0;22;6;28.0;1;8;0.0;28.0
24489079;0;7;2;9.0;1;6;0.0;9.0
24490323;0;1;7;11.0;1;9;0.0;8.0
24497815;0;0;3;4.0;1;4;0.0;3.0
24497990;0;7;6;14.0;1;14;0.0;13.0
24498280;0;8;6;15.0;1;15;0.0;14.0
24498927;0;8;0;8.0;1;4;0.0;8.0
24499219;0;1;1;1.0;1;1;2.0;0.0
24499809;0;11;0;10.0;1;7;0.0;11.0
24500588;0;9;8;17.0;1;12;0.0;17.0
24502328;0;3;2;6.0;1;6;0.0;5.0
24502930;0;2;0;0.0;1;0;2.0;0.0
24503342;0;12;10;23.0;1;16;2.0;20.0
24505094;0;1;1;1.0;2;1;2.0;0.0
24505168;0;3;1;4.0;1;4;0.0;4.0
24505581;0;53;83;156.0;1;13;0.0;136.0
2450605;13;32;12;44.0;1;40;17.0;40.0
24506145;0;7;6;14.0;1;14;0.0;13.0
24507629;0;1;1;1.0;1;1;2.0;0.0
24507630;0;3;2;3.0;1;3;5.0;0.0
2450791;0;2;1;1.0;1;1;3.0;0.0
2451000;14;7;1;11.0;2;16;22.0;0.0
24519791;0;3;11;14.0;1;10;0.0;14.0
24521633;0;2;0;0.0;1;0;2.0;0.0
24524359;0;6;8;13.0;2;13;1.0;13.0
24525521;0;7;13;23.0;2;17;8.0;12.0
24525640;0;1;13;17.0;2;10;3.0;11.0
24525933;0;6;0;7.0;1;7;0.0;6.0
2452627;1;1;1;0.0;1;0;3.0;0.0
24526443;0;6;7;12.0;1;12;2.0;11.0
24528089;0;5;13;21.0;1;12;0.0;18.0
24529451;0;1;0;1.0;1;1;1.0;0.0
24553706;0;6;0;6.0;1;5;0.0;6.0
24554570;0;7;0;7.0;1;6;0.0;7.0
24554674;0;1;1;0.0;1;0;2.0;0.0
24554826;0;1;15;19.0;1;8;0.0;16.0
24555018;0;5;0;5.0;1;5;0.0;5.0
24555617;0;2;6;9.0;1;9;0.0;8.0
24556101;0;3;5;9.0;1;9;0.0;8.0
24556588;0;7;0;6.0;1;6;2.0;5.0
24557299;0;15;26;40.0;1;7;2.0;39.0
24568083;0;4;0;4.0;1;2;0.0;4.0
24569013;0;7;6;14.0;1;14;0.0;13.0
24569525;0;1;1;0.0;1;0;2.0;0.0
24569565;0;2;0;2.0;1;2;2.0;0.0
24570333;0;3;1;2.0;1;2;4.0;0.0
24570582;0;6;1;6.0;1;6;0.0;7.0
24571700;0;3;0;3.0;1;3;0.0;3.0
24571891;0;6;6;13.0;1;13;0.0;12.0
24571986;0;2;0;0.0;1;0;2.0;0.0
24573014;0;3;1;5.0;1;5;0.0;4.0
24573400;0;9;0;8.0;1;5;0.0;9.0
24573722;0;1;0;1.0;1;1;1.0;0.0
24574148;0;7;6;14.0;1;14;0.0;13.0
24575983;0;6;0;7.0;1;7;0.0;6.0
24576867;0;20;16;39.0;1;15;0.0;36.0
24577177;0;1;1;0.0;1;0;2.0;0.0
24577260;0;6;6;14.0;1;14;0.0;12.0
24577354;0;10;0;10.0;1;4;0.0;10.0
24577651;0;3;2;6.0;1;5;0.0;5.0
24577725;0;1;2;2.0;1;2;3.0;0.0
24578151;0;2;1;1.0;1;1;3.0;0.0
24578322;0;7;2;9.0;1;9;0.0;9.0
24579510;0;12;19;37.0;2;21;4.0;27.0
24579750;0;7;6;14.0;1;14;0.0;13.0
24582560;0;5;11;16.0;1;10;3.0;13.0
24582720;0;1;1;0.0;1;0;2.0;0.0
24583091;0;1;6;7.0;1;5;0.0;7.0
24583484;0;7;4;12.0;1;10;0.0;11.0
24584298;0;10;0;10.0;1;5;0.0;10.0
24584534;0;8;13;22.0;1;13;0.0;21.0
24584742;0;3;2;5.0;1;5;1.0;4.0
24585016;0;27;25;54.0;1;16;2.0;50.0
24585928;0;7;2;9.0;1;7;9.0;0.0
24585993;0;7;6;14.0;1;14;0.0;13.0
24585995;0;13;6;21.0;1;12;6.0;13.0
24586402;0;21;4;25.0;1;9;0.0;25.0
24586427;0;0;1;2.0;1;2;0.0;1.0
24586592;0;3;0;2.0;1;2;0.0;3.0
24586845;0;5;4;11.0;1;10;0.0;9.0
2458702;6;4;1;10.0;1;9;0.0;11.0
24587637;0;6;4;10.0;1;10;0.0;10.0
24589024;0;4;0;4.0;1;4;0.0;4.0
24589920;0;1;0;1.0;1;1;0.0;1.0
24590024;0;3;5;8.0;1;8;3.0;5.0
24590635;0;13;15;29.0;2;18;2.0;26.0
24593274;0;19;26;49.0;1;14;0.0;45.0
2459478;0;4;0;4.0;1;4;0.0;4.0
24595568;0;19;17;39.0;1;14;0.0;36.0
24595963;0;0;1;1.0;1;1;1.0;0.0
24596488;0;1;0;0.0;1;0;1.0;0.0
24597222;0;7;6;14.0;1;14;0.0;13.0
24598269;0;1;0;0.0;1;0;1.0;0.0
24598383;0;2;0;2.0;1;2;2.0;0.0
24598525;0;2;4;8.0;1;7;0.0;6.0
24599268;0;0;6;6.0;1;6;0.0;6.0
2460371;0;5;21;31.0;1;11;0.0;26.0
24607009;0;0;2;2.0;1;2;2.0;0.0
2460978;26;6;2;15.0;1;27;16.0;18.0
24610771;0;1;2;1.0;1;1;3.0;0.0
24610947;0;3;1;3.0;1;3;4.0;0.0
2461096;3;7;0;11.0;1;11;0.0;10.0
24611043;0;7;7;15.0;1;14;0.0;14.0
24611667;0;6;17;24.0;1;10;6.0;17.0
24611971;0;2;6;10.0;1;10;3.0;5.0
24611973;0;11;1;12.0;1;8;0.0;12.0
24612037;0;3;2;4.0;1;4;5.0;0.0
24612087;0;7;11;20.0;1;14;0.0;18.0
24612145;0;6;4;9.0;1;9;0.0;10.0
24613778;0;5;0;6.0;1;6;0.0;5.0
24614054;0;1;0;1.0;1;1;1.0;0.0
24614853;0;6;0;6.0;1;6;0.0;6.0
24618058;0;2;5;8.0;1;8;0.0;7.0
24618312;0;5;0;5.0;1;5;0.0;5.0
24618357;0;1;1;0.0;1;0;2.0;0.0
24618829;0;5;3;8.0;1;8;0.0;8.0
24619586;0;4;0;4.0;1;4;0.0;4.0
24619632;0;7;2;9.0;1;9;0.0;9.0
24619733;0;9;5;14.0;1;9;3.0;11.0
24619757;0;3;0;3.0;1;3;0.0;3.0
24620222;0;7;3;10.0;1;10;0.0;10.0
24620328;0;7;4;11.0;1;11;0.0;11.0
24621140;0;1;2;1.0;1;1;3.0;0.0
24621180;0;6;6;13.0;1;13;0.0;12.0
24622276;0;5;0;5.0;1;5;0.0;5.0
2462354;1;12;9;23.0;1;17;11.0;11.0
24624850;0;2;2;4.0;1;4;0.0;4.0
24626708;0;1;1;0.0;1;0;2.0;0.0
24626855;0;1;3;4.0;1;4;4.0;0.0
2462707;2;1;0;0.0;1;1;3.0;0.0
24627322;0;10;3;14.0;1;10;0.0;13.0
24628037;0;4;0;4.0;1;4;0.0;4.0
24628682;0;1;3;5.0;1;5;0.0;4.0
24629433;0;3;4;7.0;1;7;0.0;7.0
24630320;0;7;0;7.0;1;7;0.0;7.0
24630800;0;17;21;42.0;1;14;0.0;38.0
24630834;0;3;0;3.0;1;3;0.0;3.0
24631059;0;1;1;1.0;1;1;2.0;0.0
24631103;0;3;6;10.0;1;10;0.0;9.0
24631564;0;3;2;7.0;1;7;0.0;5.0
2463265;7;5;4;12.0;1;15;10.0;6.0
24633046;0;2;0;0.0;1;0;2.0;0.0
24633750;0;6;6;13.0;1;13;0.0;12.0
24633951;0;4;0;5.0;1;5;0.0;4.0
24634046;0;17;4;19.0;1;12;7.0;14.0
24634267;0;2;1;0.0;1;0;3.0;0.0
24637212;0;14;2;16.0;1;13;4.0;12.0
24637306;0;1;0;0.0;2;0;1.0;0.0
24637581;0;5;8;15.0;1;12;0.0;13.0
24638015;0;4;4;9.0;1;9;0.0;8.0
24638362;0;6;0;6.0;1;3;0.0;6.0
24638732;0;2;4;6.0;1;6;0.0;6.0
24639191;0;4;0;4.0;1;4;0.0;4.0
24639429;0;2;1;4.0;1;4;0.0;3.0
24639588;0;6;6;13.0;1;13;0.0;12.0
24640563;0;4;3;7.0;1;5;0.0;7.0
24641108;0;0;6;5.0;1;5;1.0;5.0
24642669;0;6;4;11.0;1;11;0.0;10.0
24646158;0;7;6;14.0;1;14;0.0;13.0
24651568;0;5;0;5.0;1;5;0.0;5.0
24652014;0;18;11;30.0;1;16;4.0;25.0
24652408;0;2;1;1.0;1;1;3.0;0.0
24652455;0;6;1;7.0;1;7;0.0;7.0
24653194;0;2;1;3.0;1;3;3.0;0.0
24653488;0;7;6;14.0;1;14;0.0;13.0
24654246;0;1;1;1.0;1;1;2.0;0.0
24655155;0;1;5;6.0;1;6;0.0;6.0
24655632;0;7;6;14.0;1;14;0.0;13.0
24655885;0;23;16;41.0;1;13;0.0;39.0
24657501;0;4;3;7.0;1;7;0.0;7.0
24657535;0;4;4;8.0;1;8;0.0;8.0
24657590;0;4;1;5.0;1;5;0.0;5.0
24658025;0;2;1;4.0;1;4;3.0;0.0
24663169;0;4;6;11.0;1;11;0.0;10.0
24664250;0;3;1;4.0;1;4;0.0;4.0
24664474;0;1;6;8.0;1;8;0.0;7.0
24664600;0;14;13;31.0;1;17;2.0;25.0
24664602;0;0;4;6.0;1;3;0.0;4.0
24664766;0;0;1;2.0;1;2;1.0;0.0
24665008;0;12;16;30.0;1;15;5.0;23.0
24667657;0;2;2;4.0;1;3;4.0;0.0
24667895;0;2;0;1.0;1;1;2.0;0.0
24668140;0;3;0;3.0;1;2;0.0;3.0
24669048;0;6;4;12.0;1;10;0.0;10.0
24669357;0;2;9;13.0;1;8;0.0;11.0
24670616;0;7;5;12.0;1;12;0.0;12.0
24671212;0;4;2;6.0;1;6;0.0;6.0
24671428;0;7;0;8.0;1;5;0.0;7.0
24672620;0;0;1;0.0;1;0;1.0;0.0
24674409;0;8;5;14.0;1;9;0.0;13.0
24674503;0;0;2;1.0;1;1;2.0;0.0
24674763;0;4;0;4.0;1;2;0.0;4.0
24675136;0;4;2;6.0;1;6;2.0;4.0
24675685;0;7;0;7.0;1;7;0.0;7.0
24676238;0;7;6;14.0;1;14;0.0;13.0
24676457;0;14;24;41.0;1;15;2.0;36.0
24676458;0;7;7;16.0;1;12;0.0;14.0
24677514;0;1;1;0.0;1;0;2.0;0.0
24677824;0;7;6;14.0;1;14;0.0;13.0
24678126;0;5;0;5.0;1;5;0.0;5.0
24679063;0;6;28;39.0;1;12;0.0;34.0
24680;11;22;8;33.0;3;36;19.0;22.0
2468167;16;6;1;13.0;1;14;0.0;23.0
24682295;0;8;13;24.0;1;14;0.0;21.0
24683718;0;11;9;22.0;1;13;0.0;20.0
24683819;0;5;0;5.0;1;5;0.0;5.0
24684257;0;1;0;1.0;1;1;1.0;0.0
24684442;0;12;15;27.0;1;13;0.0;27.0
24685277;0;5;5;12.0;1;8;0.0;10.0
24685395;0;1;3;4.0;1;3;0.0;4.0
24685717;0;17;0;18.0;1;5;0.0;17.0
24685773;0;6;1;7.0;1;7;0.0;7.0
24685997;0;3;6;10.0;1;10;0.0;9.0
24686407;0;3;2;5.0;1;5;0.0;5.0
2469312;5;12;2;19.0;1;19;0.0;19.0
2469423;5;6;0;7.0;4;9;6.0;5.0
24699612;0;11;12;25.0;1;13;0.0;23.0
24700625;0;1;1;1.0;1;1;2.0;0.0
24701018;0;5;12;19.0;1;12;0.0;17.0
24701056;0;1;4;6.0;1;6;0.0;5.0
2470120;9;1;0;1.0;1;6;3.0;7.0
2470142;0;16;0;16.0;1;4;0.0;16.0
24701543;0;0;4;5.0;1;5;0.0;4.0
24703052;0;4;6;11.0;1;11;0.0;10.0
24703754;0;8;3;11.0;1;10;0.0;11.0
24703919;0;3;0;4.0;1;4;3.0;0.0
24704618;0;2;5;8.0;1;7;2.0;5.0
24707071;0;6;0;7.0;1;5;0.0;6.0
24708404;0;0;8;10.0;1;7;0.0;8.0
24708826;0;1;3;4.0;1;4;0.0;4.0
24709239;0;14;10;24.0;1;15;1.0;23.0
24709288;0;1;5;6.0;1;6;2.0;4.0
24710426;0;7;6;14.0;1;14;0.0;13.0
24710625;0;6;5;11.0;1;11;0.0;11.0
24711394;0;3;1;4.0;1;4;0.0;4.0
24711659;0;8;13;25.0;1;9;0.0;21.0
24714575;0;1;0;0.0;1;0;1.0;0.0
24716121;0;7;8;17.0;1;14;0.0;15.0
24717248;0;19;20;41.0;1;14;0.0;39.0
24717889;0;2;3;7.0;1;7;5.0;0.0
24718054;0;1;0;0.0;1;0;1.0;0.0
24718142;0;1;1;0.0;1;0;2.0;0.0
24721481;0;7;3;10.0;1;9;0.0;10.0
24721623;0;0;5;5.0;1;3;0.0;5.0
24722104;0;2;4;7.0;1;7;2.0;4.0
24722106;0;15;43;75.0;1;14;1.0;57.0
24722388;0;11;0;11.0;1;5;0.0;11.0
24723849;0;5;5;10.0;1;9;10.0;0.0
24723850;0;0;4;5.0;1;5;0.0;4.0
24724712;0;20;6;26.0;1;9;0.0;26.0
24725135;0;8;1;10.0;1;8;0.0;9.0
24725376;0;1;1;1.0;1;1;2.0;0.0
24725812;0;3;3;7.0;1;7;0.0;6.0
24727992;0;3;9;11.0;1;8;2.0;10.0
24728117;0;4;0;4.0;1;4;0.0;4.0
2472851;2;2;1;4.0;2;4;5.0;0.0
2472899;16;17;0;20.0;1;21;15.0;18.0
24729260;0;3;1;4.0;1;4;0.0;4.0
24729961;0;7;0;7.0;1;7;0.0;7.0
24731003;0;1;2;2.0;1;2;3.0;0.0
24731098;0;2;2;2.0;1;2;4.0;0.0
24731385;0;3;2;5.0;1;5;1.0;4.0
24731475;0;0;1;1.0;1;1;1.0;0.0
24731956;0;4;0;4.0;1;2;0.0;4.0
2473876;22;32;0;48.0;1;31;10.0;44.0
2473938;3;1;4;4.0;2;6;3.0;5.0
24740251;0;1;0;2.0;1;2;1.0;0.0
2474526;23;2;0;7.0;1;14;0.0;25.0
24745708;0;3;3;7.0;1;7;6.0;0.0
24745711;0;5;0;4.0;1;4;0.0;5.0
24746584;0;0;3;4.0;1;4;0.0;3.0
24746705;0;1;1;0.0;1;0;2.0;0.0
24747283;0;4;1;4.0;1;4;0.0;5.0
24748036;0;8;6;16.0;1;13;3.0;11.0
24748451;0;6;2;8.0;1;8;0.0;8.0
24748613;0;5;0;5.0;1;3;0.0;5.0
24749415;0;0;4;4.0;1;4;0.0;4.0
24749502;0;4;0;3.0;1;3;4.0;0.0
24754153;0;5;6;11.0;1;11;0.0;11.0
24754282;0;1;1;0.0;1;0;2.0;0.0
24755213;0;0;1;0.0;1;0;1.0;0.0
24755527;0;16;20;37.0;1;15;2.0;34.0
24757379;0;5;0;6.0;1;6;0.0;5.0
24757684;0;4;0;4.0;1;4;0.0;4.0
24757788;0;8;10;18.0;1;12;0.0;18.0
24761397;0;1;5;6.0;1;4;0.0;6.0
24762507;0;1;3;4.0;1;4;0.0;4.0
24762570;0;1;1;1.0;1;1;2.0;0.0
24762886;0;2;1;3.0;1;3;3.0;0.0
24764372;0;4;6;11.0;1;11;0.0;10.0
2476543;2;1;0;1.0;1;2;3.0;0.0
24765567;0;4;0;4.0;1;4;0.0;4.0
24766058;0;6;12;21.0;1;10;0.0;18.0
24766902;0;4;14;20.0;1;9;0.0;18.0
2476708;6;15;11;25.0;1;25;7.0;25.0
24773750;0;5;4;9.0;1;9;0.0;9.0
24776685;0;4;3;7.0;1;7;0.0;7.0
24777766;0;13;17;32.0;1;18;13.0;17.0
24792626;0;5;3;9.0;1;9;0.0;8.0
24792916;0;6;6;13.0;1;13;0.0;12.0
24794216;0;6;4;12.0;1;12;0.0;10.0
24795648;0;4;9;14.0;1;11;1.0;12.0
24795773;0;0;2;1.0;1;1;2.0;0.0
24795879;0;6;5;10.0;1;9;2.0;9.0
24796034;0;1;2;2.0;1;2;3.0;0.0
24796314;0;4;0;4.0;1;4;0.0;4.0
24796810;0;8;6;15.0;1;13;0.0;14.0
24797075;0;1;1;0.0;1;0;2.0;0.0
24797124;0;9;0;9.0;1;5;0.0;9.0
24797305;0;2;1;3.0;1;3;3.0;0.0
24797484;0;1;1;1.0;1;1;2.0;0.0
24798982;0;6;5;11.0;1;11;0.0;11.0
2479976;9;2;2;6.0;2;12;13.0;0.0
24800561;0;6;6;13.0;1;13;0.0;12.0
24800637;0;5;6;12.0;1;12;0.0;11.0
24801584;0;6;0;5.0;1;4;2.0;4.0
24801772;0;3;0;3.0;1;3;0.0;3.0
24802698;0;6;6;13.0;1;13;0.0;12.0
24803393;0;9;12;22.0;1;13;0.0;21.0
24803704;0;6;6;13.0;1;13;0.0;12.0
24804130;0;2;6;9.0;1;9;0.0;8.0
24804180;0;0;6;7.0;1;7;0.0;6.0
24804374;0;1;2;2.0;1;2;3.0;0.0
24805431;0;2;4;7.0;1;7;0.0;6.0
2480570;1;3;2;3.0;1;4;6.0;0.0
24805775;0;9;1;13.0;1;5;0.0;10.0
248059;16;13;6;24.0;1;28;35.0;0.0
24808933;0;20;6;28.0;1;14;0.0;26.0
24809043;0;7;0;8.0;1;6;0.0;7.0
24810053;0;9;13;22.0;1;14;2.0;20.0
24811216;0;6;8;17.0;1;13;0.0;14.0
24811906;0;1;1;0.0;1;0;2.0;0.0
24814949;0;6;10;17.0;1;13;0.0;16.0
24815905;0;9;12;23.0;1;12;0.0;21.0
24816750;0;2;4;7.0;1;7;0.0;6.0
24817218;0;1;0;0.0;1;0;1.0;0.0
24818041;0;25;26;57.0;1;14;0.0;51.0
2481824;0;3;1;3.0;2;3;4.0;0.0
24818732;0;3;6;10.0;1;10;0.0;9.0
24818776;0;7;9;19.0;1;12;16.0;0.0
24818990;0;17;8;26.0;1;12;0.0;25.0
24822518;0;1;0;1.0;1;1;1.0;0.0
24823253;0;12;13;28.0;1;13;0.0;25.0
24823513;0;6;11;19.0;1;14;3.0;14.0
24823901;0;5;7;13.0;1;12;0.0;12.0
24824226;0;0;1;1.0;2;1;1.0;0.0
24824388;0;0;6;7.0;1;5;3.0;3.0
24825538;0;4;6;12.0;1;12;1.0;9.0
24825907;0;2;6;9.0;1;9;0.0;8.0
24826179;0;2;5;9.0;1;9;4.0;3.0
24826566;0;10;8;19.0;1;14;1.0;17.0
24828273;0;2;2;6.0;1;6;0.0;4.0
24832486;0;5;8;13.0;1;13;2.0;11.0
24834838;0;2;4;6.0;1;6;0.0;6.0
24840567;0;1;1;1.0;1;1;2.0;0.0
24840955;0;1;2;3.0;1;3;3.0;0.0
24844105;0;5;0;5.0;1;5;0.0;5.0
24844378;0;4;6;11.0;1;11;0.0;10.0
24844456;0;1;0;1.0;3;1;1.0;0.0
24844458;0;6;6;13.0;1;13;0.0;12.0
24844641;0;1;1;0.0;1;0;2.0;0.0
24844827;0;6;6;13.0;1;13;0.0;12.0
24845162;0;5;4;11.0;1;10;9.0;0.0
24848163;0;2;6;9.0;1;9;0.0;8.0
24848452;0;1;0;2.0;1;2;1.0;0.0
24848776;0;6;3;11.0;1;8;3.0;6.0
24849477;0;1;1;0.0;1;0;2.0;0.0
24849529;0;9;15;28.0;1;13;4.0;20.0
24850680;0;6;14;25.0;1;13;0.0;20.0
24851366;0;2;0;2.0;1;2;0.0;2.0
24852548;0;2;1;3.0;1;3;3.0;0.0
2485298;9;0;0;0.0;1;2;0.0;9.0
24855577;0;0;4;4.0;1;4;0.0;4.0
24855954;0;2;2;1.0;1;1;4.0;0.0
24856186;0;2;0;1.0;1;1;2.0;0.0
24857326;0;6;6;13.0;1;13;0.0;12.0
24857970;0;3;3;7.0;1;6;0.0;6.0
24858096;0;2;2;3.0;1;3;4.0;0.0
24858666;0;2;2;6.0;1;4;0.0;4.0
24858799;0;4;15;22.0;1;10;2.0;17.0
24858893;0;20;32;60.0;1;17;3.0;49.0
24860022;0;1;1;1.0;1;1;2.0;0.0
24860109;0;6;5;12.0;1;12;0.0;11.0
24861418;0;6;3;9.0;1;7;0.0;9.0
24863303;0;4;3;7.0;1;7;0.0;7.0
24863657;0;1;1;1.0;1;1;2.0;0.0
24864051;0;6;6;13.0;1;13;0.0;12.0
24864853;0;4;3;9.0;1;9;7.0;0.0
24865394;0;0;1;1.0;1;1;1.0;0.0
24866518;0;3;1;4.0;1;4;0.0;4.0
24866781;0;3;2;6.0;1;6;0.0;5.0
24867062;0;2;4;7.0;1;7;0.0;6.0
24867063;0;6;8;17.0;1;13;0.0;14.0
24867614;0;6;9;17.0;1;13;0.0;15.0
24867963;0;1;0;1.0;1;1;1.0;0.0
24868437;0;5;6;12.0;1;12;0.0;11.0
24869055;0;6;18;29.0;1;13;0.0;24.0
24872224;0;2;2;1.0;1;1;4.0;0.0
24872809;0;0;4;5.0;1;5;0.0;4.0
24872812;0;2;0;0.0;1;0;2.0;0.0
24873010;0;6;6;13.0;1;13;0.0;12.0
24873271;0;5;3;8.0;1;8;0.0;8.0
24873598;0;4;4;9.0;1;8;0.0;8.0
24873779;0;7;11;20.0;1;13;0.0;18.0
24874842;0;7;10;19.0;1;13;0.0;17.0
24875281;0;10;6;16.0;1;13;0.0;16.0
24875593;0;6;0;6.0;1;6;0.0;6.0
24875975;0;6;3;9.0;1;9;0.0;9.0
2487634;0;0;1;0.0;1;0;1.0;0.0
24890209;0;1;1;0.0;1;0;2.0;0.0
24892114;0;1;1;0.0;1;0;2.0;0.0
24892267;0;6;4;10.0;1;10;0.0;10.0
24892777;0;2;1;2.0;1;2;3.0;0.0
24893387;0;6;3;9.0;1;9;0.0;9.0
24893389;0;2;0;3.0;1;3;2.0;0.0
24893558;0;4;2;7.0;1;7;0.0;6.0
24894011;0;1;1;0.0;1;0;2.0;0.0
24894315;0;15;8;25.0;1;13;0.0;23.0
24895460;0;1;5;7.0;1;7;0.0;6.0
24897012;0;15;6;29.0;1;9;0.0;21.0
24897205;0;4;0;3.0;1;2;0.0;4.0
24897755;0;0;1;0.0;1;0;1.0;0.0
24898185;0;3;2;4.0;1;4;5.0;0.0
24898186;0;6;5;11.0;1;11;0.0;11.0
24898878;0;6;2;8.0;1;8;0.0;8.0
24898934;0;14;4;18.0;1;9;0.0;18.0
24898992;0;1;0;2.0;1;2;1.0;0.0
24900437;0;7;1;10.0;1;8;0.0;8.0
24901027;0;2;0;2.0;1;2;2.0;0.0
24901664;0;2;0;2.0;1;1;2.0;0.0
24906510;0;0;3;4.0;1;4;0.0;3.0
24906818;0;3;6;10.0;1;10;0.0;9.0
24907246;0;2;0;2.0;1;2;2.0;0.0
24912081;0;4;0;3.0;1;2;0.0;4.0
24912157;0;6;6;13.0;1;13;0.0;12.0
24912525;0;2;2;3.0;1;3;4.0;0.0
24912686;0;4;0;4.0;1;4;4.0;0.0
24913717;0;13;2;17.0;1;9;0.0;15.0
24914784;0;2;1;3.0;1;3;3.0;0.0
24915726;0;1;2;2.0;1;2;3.0;0.0
24922061;0;2;0;0.0;1;0;2.0;0.0
24923104;0;6;5;11.0;1;9;0.0;11.0
24923470;0;4;0;4.0;1;4;0.0;4.0
24936413;0;0;1;1.0;1;1;1.0;0.0
24936506;0;5;6;12.0;1;12;0.0;11.0
24937179;0;7;5;14.0;1;12;0.0;12.0
24937180;0;3;2;6.0;1;6;0.0;5.0
24938078;0;4;0;4.0;1;4;0.0;4.0
24938325;0;2;1;3.0;1;3;3.0;0.0
24939027;0;4;6;10.0;1;10;1.0;9.0
24939142;0;6;3;9.0;1;9;0.0;9.0
24939751;0;4;6;12.0;1;11;0.0;10.0
24940243;0;1;5;8.0;1;8;1.0;5.0
24940841;0;8;13;23.0;1;12;8.0;13.0
24941027;0;7;4;13.0;1;10;0.0;11.0
24942573;0;1;8;9.0;1;7;2.0;7.0
24943137;0;2;6;9.0;1;9;0.0;8.0
24945413;0;3;0;4.0;1;4;0.0;3.0
24945983;0;4;0;4.0;1;4;0.0;4.0
24946244;0;5;6;11.0;1;11;0.0;11.0
24946245;0;2;5;8.0;1;8;0.0;7.0
249463;12;11;1;18.0;1;25;0.0;24.0
24946459;0;2;0;1.0;1;1;2.0;0.0
24947398;0;5;6;12.0;1;12;0.0;11.0
24947439;0;3;5;10.0;1;10;0.0;8.0
24949058;0;4;6;11.0;1;11;0.0;10.0
24954420;0;6;0;5.0;1;4;0.0;6.0
24954769;0;5;1;6.0;1;6;0.0;6.0
24956905;0;1;1;2.0;1;2;2.0;0.0
24957082;0;3;7;11.0;1;8;2.0;8.0
24957849;0;4;8;13.0;1;10;0.0;12.0
24960568;0;1;2;2.0;1;2;3.0;0.0
24960822;0;6;6;12.0;1;12;0.0;12.0
2496205;6;7;3;15.0;2;13;2.0;14.0
2496292;1;1;1;0.0;2;0;3.0;0.0
24963719;0;0;2;2.0;1;2;2.0;0.0
24964418;0;0;4;4.0;1;4;1.0;3.0
24964780;0;1;1;0.0;1;0;2.0;0.0
24965015;0;2;2;3.0;1;3;4.0;0.0
24968377;0;2;2;4.0;1;4;4.0;0.0
24968842;0;1;7;6.0;1;5;1.0;7.0
24969925;0;4;0;3.0;1;3;0.0;4.0
24971484;0;5;1;6.0;1;6;0.0;6.0
24971794;0;2;0;2.0;1;2;2.0;0.0
24976529;0;5;6;12.0;1;12;0.0;11.0
2497965;1;2;1;0.0;1;0;4.0;0.0
2498121;4;2;0;2.0;1;3;6.0;0.0
24985694;0;0;6;7.0;1;7;0.0;6.0
24986385;0;3;5;10.0;1;7;0.0;8.0
24987185;0;2;6;9.0;1;9;0.0;8.0
24988458;0;0;5;6.0;1;6;0.0;5.0
24988625;0;5;9;15.0;1;12;0.0;14.0
24989231;0;1;2;3.0;1;3;3.0;0.0
24990769;0;10;12;23.0;1;12;0.0;22.0
24990915;0;5;6;12.0;1;12;0.0;11.0
24991499;0;1;0;1.0;1;1;1.0;0.0
24991915;0;4;0;4.0;1;2;0.0;4.0
24991987;0;1;1;0.0;1;0;2.0;0.0
24994616;0;1;1;0.0;1;0;2.0;0.0
24995330;0;1;2;1.0;1;1;3.0;0.0
24997902;0;13;20;35.0;1;11;0.0;33.0
24998535;0;1;1;0.0;1;0;2.0;0.0
24998624;0;5;6;12.0;1;12;0.0;11.0
24998937;0;4;0;3.0;1;3;0.0;4.0
2499968;1;0;0;0.0;1;1;1.0;0.0
25002460;0;4;3;7.0;1;7;0.0;7.0
25003024;0;2;0;1.0;1;1;2.0;0.0
25003071;0;5;6;12.0;1;12;0.0;11.0
25003275;0;5;6;12.0;1;12;0.0;11.0
25004216;0;9;12;23.0;1;12;0.0;21.0
25004408;0;16;34;51.0;1;10;0.0;50.0
25004539;0;9;2;11.0;1;7;0.0;11.0
250051;7;8;0;10.0;1;15;3.0;12.0
25005256;0;1;0;0.0;1;0;1.0;0.0
25005846;0;13;36;55.0;2;16;0.0;49.0
25006059;0;7;3;10.0;1;8;0.0;10.0
25007901;0;5;6;12.0;1;12;0.0;11.0
25009869;0;2;2;5.0;1;5;0.0;4.0
25010570;0;6;4;10.0;1;8;0.0;10.0
25010718;0;5;1;6.0;1;5;0.0;6.0
25011488;0;2;2;4.0;1;4;0.0;4.0
25011983;0;4;1;6.0;1;6;0.0;5.0
25012308;0;7;1;9.0;1;6;0.0;8.0
25014455;0;10;0;10.0;1;4;0.0;10.0
25014651;0;0;2;2.0;1;2;2.0;0.0
25014653;0;2;2;4.0;1;4;0.0;4.0
25015646;0;2;8;11.0;1;10;3.0;7.0
25018917;0;3;1;3.0;1;3;4.0;0.0
25019021;0;7;12;21.0;1;12;0.0;19.0
25020293;0;9;27;39.0;1;13;2.0;34.0
25022576;0;1;1;0.0;1;0;2.0;0.0
25023374;0;8;8;15.0;1;10;0.0;16.0
25023375;0;4;6;11.0;1;11;0.0;10.0
25023502;0;0;1;1.0;1;1;1.0;0.0
25025353;0;2;1;3.0;1;3;3.0;0.0
25027092;0;4;9;14.0;1;11;2.0;11.0
25035426;0;4;3;8.0;1;7;0.0;7.0
25036759;0;4;0;4.0;1;4;0.0;4.0
25037279;0;23;24;51.0;1;24;17.0;30.0
2503729;1;2;1;1.0;1;1;4.0;0.0
25039716;0;2;8;12.0;1;9;0.0;10.0
25039717;0;5;6;12.0;1;12;0.0;11.0
25040310;0;3;6;11.0;1;9;0.0;9.0
25041006;0;5;6;12.0;1;12;0.0;11.0
25041342;0;12;12;26.0;1;12;0.0;24.0
25044269;0;21;30;55.0;1;14;0.0;51.0
25044443;0;13;9;24.0;1;12;0.0;22.0
25044444;0;5;6;12.0;1;12;0.0;11.0
2504458;24;30;7;47.0;1;27;0.0;61.0
25045703;0;3;7;10.0;1;6;0.0;10.0
2504595;6;30;36;69.0;1;31;19.0;53.0
25046308;0;5;4;9.0;1;8;0.0;9.0
2504653;0;5;6;13.0;1;13;0.0;11.0
25047970;0;7;6;14.0;1;12;0.0;13.0
25048477;0;2;0;2.0;1;2;2.0;0.0
25048944;0;1;0;1.0;1;1;1.0;0.0
2504940;4;10;5;15.0;1;13;14.0;5.0
25049770;0;1;1;0.0;1;0;2.0;0.0
25052425;0;5;1;6.0;1;6;0.0;6.0
25052650;0;9;3;12.0;1;7;0.0;12.0
25052864;0;3;3;6.0;1;6;0.0;6.0
25052900;0;10;6;15.0;1;10;5.0;11.0
25054468;0;5;6;12.0;1;12;0.0;11.0
25055807;0;11;13;26.0;1;12;0.0;24.0
25058935;0;3;9;14.0;1;9;0.0;12.0
25059157;0;5;6;12.0;1;12;0.0;11.0
25060109;0;10;0;10.0;1;5;0.0;10.0
25060955;0;15;15;32.0;1;12;0.0;30.0
25061410;0;4;5;9.0;1;9;0.0;9.0
25061831;0;4;0;4.0;1;4;0.0;4.0
25061832;0;5;6;12.0;1;12;0.0;11.0
25062174;0;0;4;6.0;1;4;0.0;4.0
25062511;0;19;18;40.0;1;12;0.0;37.0
25062781;0;5;6;12.0;1;12;0.0;11.0
25062826;0;5;6;12.0;1;12;0.0;11.0
25063087;0;2;0;1.0;1;1;2.0;0.0
25063088;0;13;14;28.0;1;12;0.0;27.0
25063091;0;5;4;9.0;1;9;0.0;9.0
25063361;0;8;5;13.0;1;8;0.0;13.0
25066463;0;5;6;12.0;1;12;0.0;11.0
25066995;0;4;2;6.0;2;6;0.0;6.0
25067714;0;0;5;7.0;1;4;0.0;5.0
25070786;0;0;16;20.0;1;6;0.0;16.0
25071663;0;4;0;5.0;1;5;0.0;4.0
25072776;0;4;0;5.0;1;5;0.0;4.0
25085121;0;5;4;9.0;1;9;0.0;9.0
25086894;0;9;1;10.0;1;6;0.0;10.0
25087188;0;4;1;5.0;1;5;0.0;5.0
25087769;0;7;2;9.0;1;7;9.0;0.0
25087908;0;5;6;12.0;1;12;0.0;11.0
25089260;0;6;10;18.0;1;16;4.0;12.0
25089641;0;4;0;4.0;1;4;0.0;4.0
25090148;0;2;6;9.0;1;9;0.0;8.0
25090255;0;0;4;7.0;1;4;0.0;4.0
25090494;0;5;0;6.0;1;3;0.0;5.0
25090847;0;5;1;6.0;1;6;0.0;6.0
25095563;0;4;6;10.0;1;10;0.0;10.0
25096002;0;4;1;6.0;1;6;0.0;5.0
25097297;0;5;0;5.0;1;5;0.0;5.0
25098309;0;16;13;31.0;1;13;0.0;29.0
25099668;0;4;8;14.0;1;11;0.0;12.0
25100721;0;1;2;3.0;1;3;3.0;0.0
25103369;0;5;6;13.0;1;12;0.0;11.0
25104374;0;5;4;8.0;1;8;2.0;7.0
25104375;0;4;6;12.0;1;10;0.0;10.0
25104422;0;0;0;0.0;1;0;0.0;0.0
25107228;0;0;1;1.0;1;1;1.0;0.0
25107338;0;4;4;9.0;1;9;0.0;8.0
25110691;0;2;6;9.0;1;9;0.0;8.0
25111166;0;2;4;7.0;1;7;0.0;6.0
25111926;0;4;0;5.0;1;5;0.0;4.0
25113451;0;3;6;10.0;1;10;0.0;9.0
25114852;0;4;0;4.0;1;4;0.0;4.0
25114854;0;14;32;49.0;1;15;3.0;43.0
25115371;0;1;0;1.0;1;1;1.0;0.0
25115981;0;3;2;6.0;1;6;5.0;0.0
25118285;0;4;0;4.0;1;4;0.0;4.0
25118434;0;3;1;4.0;1;4;0.0;4.0
25118528;0;5;1;6.0;1;6;0.0;6.0
25122235;0;5;6;12.0;1;11;0.0;11.0
25122238;0;2;11;16.0;1;9;0.0;13.0
25123748;0;10;9;18.0;1;15;8.0;11.0
25128184;0;5;7;13.0;1;12;0.0;12.0
25130709;0;5;6;12.0;1;12;0.0;11.0
251323;4;7;14;26.0;4;15;2.0;23.0
25133880;0;4;3;7.0;1;7;0.0;7.0
25134867;0;2;2;4.0;1;4;0.0;4.0
25136223;0;1;1;1.0;1;1;2.0;0.0
25138117;0;3;3;7.0;1;7;6.0;0.0
25138767;0;7;1;8.0;1;6;0.0;8.0
25138768;0;0;4;5.0;1;5;0.0;4.0
25139257;0;5;6;11.0;1;11;2.0;9.0
25139727;0;5;0;5.0;1;4;0.0;5.0
25140140;0;8;5;14.0;1;9;0.0;13.0
25140726;0;2;6;9.0;1;9;0.0;8.0
25141381;0;0;10;11.0;1;7;0.0;10.0
25141807;0;9;0;9.0;1;4;0.0;9.0
25144194;0;8;11;20.0;1;12;0.0;19.0
25146651;0;4;2;7.0;1;7;0.0;6.0
25146666;0;7;1;7.0;1;4;2.0;6.0
2514693;1;1;0;0.0;2;0;2.0;0.0
25149042;0;0;1;1.0;1;1;1.0;0.0
25149191;0;4;6;11.0;1;11;0.0;10.0
25151110;0;1;1;2.0;1;2;2.0;0.0
25151737;0;4;6;11.0;1;11;0.0;10.0
2515180;0;4;0;4.0;1;4;0.0;4.0
25152545;0;0;8;12.0;1;6;1.0;7.0
25154146;0;1;1;1.0;1;1;2.0;0.0
25154430;0;1;2;0.0;1;0;3.0;0.0
25154692;0;3;0;3.0;1;3;0.0;3.0
25155237;0;0;1;1.0;1;1;1.0;0.0
25155747;0;1;1;0.0;1;0;2.0;0.0
25155855;0;4;2;4.0;1;4;2.0;4.0
25156001;0;4;3;9.0;1;9;0.0;7.0
25156536;0;2;4;9.0;1;6;1.0;5.0
25156929;0;5;6;12.0;1;12;0.0;11.0
25157539;0;4;5;9.0;1;9;0.0;9.0
25157709;0;3;0;3.0;1;2;0.0;3.0
25157908;0;1;1;1.0;1;1;2.0;0.0
25157997;0;4;1;5.0;1;5;0.0;5.0
2515821;0;1;1;0.0;1;0;2.0;0.0
25158597;0;5;6;12.0;1;12;0.0;11.0
25158787;0;0;0;0.0;1;0;0.0;0.0
25159030;0;1;24;32.0;1;10;1.0;24.0
25159377;0;4;1;5.0;1;5;0.0;5.0
25161742;0;4;10;14.0;1;9;0.0;14.0
25161840;0;3;1;4.0;1;4;0.0;4.0
25162196;0;8;16;25.0;1;11;0.0;24.0
25162674;0;4;5;10.0;1;10;0.0;9.0
25163560;0;5;6;12.0;1;12;0.0;11.0
25163609;0;1;2;2.0;1;2;3.0;0.0
25165137;0;4;0;5.0;1;3;0.0;4.0
25165357;0;26;37;69.0;1;12;0.0;63.0
2516613;1;1;0;1.0;1;1;2.0;0.0
25166763;0;0;1;0.0;1;0;1.0;0.0
2516741;10;2;1;5.0;1;8;6.0;7.0
25170806;0;4;0;4.0;1;4;0.0;4.0
25172168;0;2;0;2.0;1;2;2.0;0.0
2517217;7;0;0;0.0;1;6;0.0;7.0
25172969;0;3;1;4.0;1;4;0.0;4.0
25174381;0;3;1;4.0;1;4;0.0;4.0
25174637;0;4;2;7.0;1;7;0.0;6.0
25174860;0;2;6;9.0;1;9;0.0;8.0
251815;3;1;0;0.0;2;0;4.0;0.0
2518251;14;25;1;31.0;2;18;6.0;34.0
25189549;0;1;3;4.0;1;4;0.0;4.0
25190383;0;0;3;5.0;1;5;0.0;3.0
25190384;0;5;5;10.0;1;10;0.0;10.0
25190458;0;3;12;17.0;1;10;0.0;15.0
25191020;0;3;2;5.0;1;5;0.0;5.0
25191147;0;15;0;16.0;1;5;0.0;15.0
25191150;0;2;3;6.0;1;6;0.0;5.0
25192988;0;3;6;10.0;1;10;0.0;9.0
25194614;0;6;12;20.0;1;10;0.0;18.0
25197673;0;4;0;4.0;1;4;0.0;4.0
25197957;0;4;6;11.0;1;11;0.0;10.0
25198550;0;17;21;41.0;1;12;0.0;38.0
25198551;0;2;7;9.0;1;9;3.0;6.0
25198797;0;4;2;6.0;1;6;0.0;6.0
25198898;0;1;1;0.0;1;0;2.0;0.0
25199087;0;4;0;4.0;1;4;0.0;4.0
25199207;0;4;6;11.0;1;11;0.0;10.0
25199350;0;3;2;6.0;1;6;0.0;5.0
25200145;0;1;1;2.0;1;2;2.0;0.0
25200425;0;4;9;14.0;1;11;0.0;13.0
25201461;0;8;9;18.0;1;15;5.0;12.0
25201598;0;3;9;11.0;2;9;3.0;9.0
25201737;0;4;6;11.0;1;11;0.0;10.0
25202145;0;5;5;11.0;1;11;0.0;10.0
25202416;0;4;2;6.0;1;6;0.0;6.0
25203656;0;12;6;18.0;1;6;0.0;18.0
2520685;2;3;2;1.0;1;1;7.0;0.0
25207424;0;10;0;10.0;1;3;0.0;10.0
25209573;0;1;1;1.0;1;1;2.0;0.0
25210968;0;5;16;23.0;1;6;0.0;21.0
2521245;0;1;1;0.0;3;0;2.0;0.0
25214362;0;4;6;11.0;1;11;0.0;10.0
25214867;0;4;6;11.0;1;11;0.0;10.0
25216507;0;0;5;7.0;1;4;0.0;5.0
25217303;0;8;2;13.0;1;10;6.0;4.0
25217346;0;1;1;0.0;1;0;2.0;0.0
25217536;0;8;10;20.0;1;11;0.0;18.0
25217991;0;3;0;3.0;1;3;0.0;3.0
25218079;0;3;3;6.0;1;6;0.0;6.0
25218605;0;8;0;8.0;1;5;1.0;7.0
25221577;0;2;8;11.0;1;10;5.0;5.0
25222117;0;4;1;5.0;1;5;0.0;5.0
25222627;0;0;1;0.0;1;0;1.0;0.0
25222806;0;8;12;23.0;1;12;0.0;20.0
25222904;0;4;2;6.0;1;6;0.0;6.0
25224015;0;1;1;0.0;1;0;2.0;0.0
25224068;0;5;13;22.0;1;10;0.0;18.0
25225439;0;4;0;4.0;1;4;0.0;4.0
2522564;2;23;9;36.0;1;28;6.0;28.0
25226240;0;4;7;13.0;1;11;0.0;11.0
2523009;3;5;2;6.0;3;7;10.0;0.0
2523601;3;4;2;6.0;1;9;1.0;8.0
2523794;12;12;6;24.0;1;31;0.0;30.0
25241688;0;4;0;4.0;1;4;0.0;4.0
25242179;0;3;6;10.0;1;10;0.0;9.0
25242238;0;9;17;26.0;1;9;0.0;26.0
25243298;0;4;6;11.0;1;11;0.0;10.0
25243506;0;4;6;11.0;1;11;0.0;10.0
25243765;0;4;6;11.0;1;11;0.0;10.0
25244243;0;1;1;1.0;1;1;2.0;0.0
25244244;0;4;4;8.0;1;5;0.0;8.0
25244779;0;2;0;1.0;1;1;2.0;0.0
25244780;0;2;4;7.0;1;7;0.0;6.0
25244986;0;4;6;11.0;1;11;0.0;10.0
25245164;0;1;1;0.0;1;0;2.0;0.0
25245490;0;1;1;2.0;1;2;2.0;0.0
25245492;0;2;0;2.0;1;2;2.0;0.0
25246592;0;1;6;8.0;1;8;0.0;7.0
2524852;1;1;0;0.0;1;1;2.0;0.0
25249790;0;4;6;11.0;1;11;0.0;10.0
25250262;0;4;7;13.0;1;12;0.0;11.0
25251050;0;1;0;1.0;1;1;1.0;0.0
25251643;0;4;4;8.0;1;8;0.0;8.0
25251782;0;7;13;23.0;1;11;0.0;20.0
25252051;0;3;6;10.0;1;10;0.0;9.0
2525226;22;0;0;0.0;1;7;2.0;20.0
25254421;0;2;7;9.0;1;7;0.0;9.0
25256650;0;6;11;18.0;1;11;3.0;14.0
25257738;0;7;12;21.0;1;11;0.0;19.0
25259351;0;4;6;11.0;1;11;0.0;10.0
25260201;0;2;2;4.0;3;4;4.0;0.0
25260872;0;8;10;19.0;1;11;0.0;18.0
25266322;0;3;5;8.0;1;8;0.0;8.0
25266753;0;4;6;11.0;1;11;0.0;10.0
25274215;0;1;3;4.0;1;4;0.0;4.0
25274270;0;1;3;6.0;1;4;0.0;4.0
25275919;0;2;3;5.0;1;5;0.0;5.0
25277245;0;3;0;3.0;1;3;0.0;3.0
25278454;0;2;6;8.0;1;8;0.0;8.0
25281344;0;3;1;4.0;1;4;0.0;4.0
2529027;8;12;6;21.0;1;20;4.0;22.0
25291962;0;0;4;5.0;1;3;0.0;4.0
25292561;0;3;6;11.0;1;10;0.0;9.0
25292693;0;7;20;29.0;1;12;0.0;27.0
25292749;0;2;5;8.0;1;8;0.0;7.0
25293420;0;3;0;3.0;1;3;0.0;3.0
25293880;0;1;3;3.0;1;3;4.0;0.0
25294752;0;4;1;5.0;1;5;0.0;5.0
25294864;0;8;9;17.0;1;11;0.0;17.0
25295359;0;12;8;20.0;1;7;0.0;20.0
25295907;0;4;6;11.0;1;11;0.0;10.0
25301301;0;4;6;11.0;1;11;0.0;10.0
2530193;1;0;0;1.0;1;1;1.0;0.0
25302141;0;3;0;4.0;1;4;0.0;3.0
25302238;0;4;3;7.0;1;7;0.0;7.0
25303574;0;2;25;31.0;1;8;0.0;27.0
25303722;0;4;14;18.0;1;12;3.0;15.0
25303868;0;4;6;11.0;1;11;0.0;10.0
25304378;0;20;16;36.0;1;7;0.0;36.0
25304859;0;6;12;20.0;1;11;0.0;18.0
25307036;0;4;8;13.0;1;11;0.0;12.0
25308606;0;2;2;4.0;1;4;0.0;4.0
25308689;0;3;5;10.0;1;8;0.0;8.0
25308768;0;1;1;1.0;1;1;2.0;0.0
25309182;0;4;19;28.0;1;11;0.0;23.0
25310318;0;2;4;6.0;1;6;0.0;6.0
25310461;0;4;6;11.0;1;11;0.0;10.0
25311552;0;5;7;13.0;1;11;0.0;12.0
25311860;0;5;21;31.0;1;11;0.0;26.0
2531685;26;18;16;49.0;2;56;22.0;38.0
25317033;0;6;10;17.0;1;11;0.0;16.0
25317875;0;2;8;10.0;1;9;2.0;8.0
25318026;0;2;1;3.0;1;3;3.0;0.0
25318224;0;5;10;18.0;1;11;0.0;15.0
25318269;0;4;1;5.0;1;5;0.0;5.0
25318516;0;1;1;1.0;1;1;2.0;0.0
2531885;19;24;12;48.0;1;32;0.0;55.0
25319068;0;4;5;10.0;1;7;0.0;9.0
25319469;0;3;2;5.0;1;5;0.0;5.0
2531948;3;1;0;0.0;1;1;4.0;0.0
25319843;0;4;6;11.0;1;11;0.0;10.0
25320098;0;3;12;17.0;1;9;0.0;15.0
25320907;0;4;6;11.0;1;11;0.0;10.0
2532169;6;0;0;0.0;1;4;0.0;6.0
2532399;2;1;0;0.0;2;0;3.0;0.0
25325168;0;4;6;11.0;1;11;0.0;10.0
25325209;0;2;6;9.0;1;9;0.0;8.0
25325489;0;4;2;6.0;1;6;0.0;6.0
25325598;0;4;4;8.0;1;8;0.0;8.0
25325878;0;8;18;29.0;1;11;0.0;26.0
25327243;0;3;1;4.0;1;4;0.0;4.0
25327426;0;3;6;11.0;1;8;0.0;9.0
25327536;0;5;12;19.0;1;11;0.0;17.0
25329188;0;9;19;31.0;1;12;0.0;28.0
253296;2;6;12;22.0;1;15;3.0;17.0
25334556;0;6;8;14.0;1;12;3.0;11.0
25339459;0;4;6;11.0;1;11;0.0;10.0
25341451;0;3;0;4.0;1;4;0.0;3.0
25344214;0;6;5;14.0;1;8;0.0;11.0
25344402;0;1;2;3.0;1;3;3.0;0.0
25344547;0;4;0;4.0;1;4;0.0;4.0
25344679;0;10;2;12.0;1;6;2.0;10.0
25345017;0;3;0;4.0;1;4;1.0;2.0
25348116;0;8;24;38.0;1;10;0.0;32.0
25348632;0;4;6;11.0;1;11;0.0;10.0
25351450;0;0;9;11.0;1;7;0.0;9.0
25352996;0;2;4;6.0;1;6;2.0;4.0
25354424;0;3;0;3.0;1;2;0.0;3.0
25355098;0;4;9;15.0;1;11;0.0;13.0
25355138;0;7;0;7.0;1;4;0.0;7.0
25355543;0;8;18;30.0;1;11;0.0;26.0
25356093;0;4;4;8.0;1;8;0.0;8.0
25356094;0;1;3;4.0;1;4;4.0;0.0
25356670;0;1;2;2.0;1;2;3.0;0.0
25356805;0;4;1;5.0;1;5;0.0;5.0
25360211;0;7;12;21.0;1;11;0.0;19.0
25360635;0;2;1;1.0;1;1;3.0;0.0
25362118;0;0;6;7.0;1;5;0.0;6.0
2536234;32;31;14;62.0;1;32;0.0;77.0
25362898;0;0;0;0.0;1;0;0.0;0.0
25367578;0;4;0;4.0;1;4;0.0;4.0
25368364;0;5;8;13.0;1;10;4.0;9.0
25368676;0;4;4;8.0;1;8;0.0;8.0
25368687;0;2;11;15.0;1;9;0.0;13.0
25368728;0;2;0;1.0;1;1;2.0;0.0
25369264;0;1;0;1.0;1;1;1.0;0.0
25370098;0;4;10;16.0;1;11;0.0;14.0
25370537;0;4;6;11.0;1;11;0.0;10.0
25370634;0;5;12;19.0;1;13;0.0;17.0
25370729;0;5;1;6.0;1;5;0.0;6.0
25370887;0;3;3;5.0;1;5;6.0;0.0
25371353;0;10;24;38.0;1;11;0.0;34.0
25372032;0;1;4;7.0;1;7;0.0;5.0
25374740;0;1;0;1.0;1;1;1.0;0.0
25375397;0;0;6;7.0;1;7;0.0;6.0
25375558;0;3;11;16.0;1;10;0.0;14.0
25378574;0;5;16;23.0;1;12;0.0;21.0
25379236;0;4;6;11.0;1;11;0.0;10.0
25383143;0;3;3;7.0;1;7;6.0;0.0
25392693;0;2;2;3.0;1;3;4.0;0.0
25393618;0;2;1;4.0;1;4;0.0;3.0
25393788;0;2;3;5.0;1;5;0.0;5.0
25394140;0;9;26;39.0;1;10;0.0;35.0
25394594;0;1;1;1.0;1;1;2.0;0.0
25394595;0;4;12;19.0;1;11;0.0;16.0
25394798;0;5;0;5.0;1;3;0.0;5.0
25396703;0;4;4;6.0;1;5;3.0;5.0
25396800;0;4;7;13.0;1;10;0.0;11.0
25397062;0;1;3;4.0;1;4;0.0;4.0
25397307;0;5;1;8.0;1;6;0.0;6.0
25398090;0;0;0;0.0;1;0;0.0;0.0
25398091;0;3;2;5.0;1;5;0.0;5.0
25398250;0;5;16;24.0;1;12;2.0;19.0
25399426;0;4;6;11.0;1;11;0.0;10.0
25402188;0;3;1;4.0;1;4;0.0;4.0
25402228;0;5;13;20.0;1;16;5.0;13.0
25402229;0;2;5;9.0;1;9;0.0;7.0
25402844;0;2;1;2.0;1;2;3.0;0.0
25402993;0;3;2;7.0;1;7;0.0;5.0
25404271;0;3;3;6.0;1;6;0.0;6.0
25405335;0;3;2;5.0;1;5;0.0;5.0
25405656;0;4;6;11.0;1;11;0.0;10.0
25405797;0;2;5;7.0;1;7;0.0;7.0
25406189;0;0;5;11.0;1;2;0.0;5.0
25406724;0;4;9;14.0;1;9;0.0;13.0
25409916;0;1;1;1.0;1;1;2.0;0.0
25410399;0;5;1;6.0;1;5;0.0;6.0
25411127;0;2;2;5.0;1;5;1.0;3.0
25411167;0;3;4;8.0;1;8;0.0;7.0
25411434;0;3;0;3.0;1;3;0.0;3.0
25411704;0;6;14;23.0;1;10;0.0;20.0
25413894;0;2;2;4.0;1;4;0.0;4.0
25414185;0;4;3;7.0;1;6;0.0;7.0
25414269;0;0;1;1.0;1;1;1.0;0.0
25414977;0;3;6;10.0;1;10;0.0;9.0
25417639;0;10;6;19.0;1;11;4.0;12.0
25418540;0;3;6;10.0;1;10;0.0;9.0
25418981;0;0;1;0.0;1;0;1.0;0.0
25419128;0;0;2;1.0;1;1;2.0;0.0
25419280;0;3;6;10.0;1;10;0.0;9.0
25419677;0;6;4;10.0;1;7;0.0;10.0
25419876;0;3;6;10.0;1;10;0.0;9.0
25421274;0;3;2;5.0;1;5;0.0;5.0
25421672;0;5;0;5.0;1;3;0.0;5.0
25422058;0;3;5;9.0;1;8;0.0;8.0
25422364;0;3;4;7.0;1;7;0.0;7.0
2542245;9;11;9;23.0;2;27;29.0;0.0
25422535;0;3;11;15.0;1;11;2.0;12.0
25424368;0;1;1;1.0;1;1;2.0;0.0
25425300;0;2;0;2.0;1;2;2.0;0.0
25426168;0;1;5;6.0;1;6;0.0;6.0
25427624;0;2;3;5.0;1;5;0.0;5.0
25431279;0;0;2;1.0;1;1;2.0;0.0
25435082;0;9;6;15.0;1;9;0.0;15.0
25443086;0;8;1;9.0;1;4;0.0;9.0
25443239;0;3;3;6.0;1;6;0.0;6.0
25444134;0;1;6;8.0;1;8;0.0;7.0
25444262;0;3;6;10.0;1;10;0.0;9.0
25444891;0;3;6;10.0;1;10;0.0;9.0
25445179;0;3;2;5.0;1;5;0.0;5.0
25445509;0;1;2;1.0;1;1;3.0;0.0
25446177;0;3;6;10.0;1;10;0.0;9.0
25446217;0;2;3;4.0;1;4;0.0;5.0
25446718;0;6;14;20.0;1;17;9.0;11.0
25447616;0;2;9;13.0;1;9;0.0;11.0
25448117;0;0;7;10.0;1;5;0.0;7.0
25448730;0;2;4;7.0;2;7;6.0;0.0
25451856;0;1;1;2.0;1;2;2.0;0.0
25452031;0;8;35;45.0;1;13;6.0;37.0
25452330;0;3;6;10.0;1;10;0.0;9.0
25452453;0;6;11;19.0;1;12;2.0;15.0
25453112;0;9;5;15.0;1;6;0.0;14.0
25455229;0;3;1;5.0;1;5;0.0;4.0
25455914;0;3;6;10.0;1;10;0.0;9.0
25459080;0;3;1;4.0;1;4;0.0;4.0
25459340;0;2;5;7.0;1;7;0.0;7.0
25459582;0;3;6;9.0;1;7;0.0;9.0
25460100;0;9;10;18.0;1;11;0.0;19.0
25460824;0;2;1;2.0;1;2;3.0;0.0
25461741;0;3;3;6.0;1;6;0.0;6.0
25461865;0;3;6;10.0;1;10;0.0;9.0
25462801;0;3;6;10.0;1;10;0.0;9.0
25463209;0;3;10;14.0;1;10;0.0;13.0
25467317;0;3;6;10.0;1;10;0.0;9.0
25468617;0;1;4;6.0;1;6;0.0;5.0
25469552;0;3;6;10.0;1;10;0.0;9.0
25469600;0;2;7;8.0;1;7;5.0;4.0
25469809;0;1;4;5.0;1;5;0.0;5.0
25469811;0;5;12;19.0;1;10;0.0;17.0
25470073;0;3;0;3.0;1;3;0.0;3.0
25470705;0;0;0;0.0;1;0;0.0;0.0
25470875;0;1;3;4.0;1;4;0.0;4.0
25471402;0;3;4;7.0;1;7;0.0;7.0
25472256;0;5;7;11.0;1;10;0.0;12.0
25474673;0;3;1;4.0;1;4;0.0;4.0
25474825;0;2;6;9.0;1;9;0.0;8.0
25474938;0;1;6;7.0;1;7;2.0;5.0
25475149;0;1;3;5.0;1;5;4.0;0.0
25475151;0;3;8;13.0;1;10;0.0;11.0
25476603;0;16;39;62.0;1;10;0.0;55.0
25478007;0;8;9;16.0;1;8;0.0;17.0
25479442;0;6;21;33.0;1;10;0.0;27.0
25486480;0;1;2;3.0;1;3;3.0;0.0
25490962;0;0;1;1.0;1;1;1.0;0.0
25491373;0;4;7;11.0;1;7;0.0;11.0
25493030;0;4;10;16.0;1;9;0.0;14.0
25494469;0;3;1;4.0;1;4;0.0;4.0
25494965;0;3;3;6.0;1;6;0.0;6.0
25495820;0;2;2;4.0;1;4;4.0;0.0
25496732;0;2;1;3.0;1;3;0.0;3.0
25497175;0;1;4;7.0;1;7;0.0;5.0
25499593;0;3;4;8.0;1;8;0.0;7.0
25500805;0;2;0;2.0;1;2;2.0;0.0
25501540;0;3;4;7.0;1;7;0.0;7.0
25502948;0;3;2;5.0;1;5;0.0;5.0
25503145;0;1;6;8.0;1;8;0.0;7.0
25503268;0;1;10;15.0;1;8;0.0;11.0
25503683;0;3;6;9.0;1;9;0.0;9.0
25504121;0;2;6;9.0;1;9;0.0;8.0
25504540;0;0;5;6.0;1;6;0.0;5.0
25505238;0;3;9;13.0;1;10;0.0;12.0
25507790;0;3;0;3.0;1;3;0.0;3.0
25509146;0;3;6;10.0;1;10;0.0;9.0
25509338;0;3;6;10.0;1;10;0.0;9.0
25510261;0;5;6;15.0;1;7;0.0;11.0
25510964;0;3;6;10.0;1;10;0.0;9.0
25511090;0;3;6;10.0;1;10;0.0;9.0
25511339;0;3;1;4.0;1;4;0.0;4.0
25512570;0;3;6;10.0;1;9;0.0;9.0
25515640;0;0;5;5.0;1;5;0.0;5.0
25515647;0;8;19;30.0;1;10;0.0;27.0
25516553;0;0;3;4.0;1;4;0.0;3.0
25518011;0;3;6;10.0;1;10;0.0;9.0
25518057;0;3;6;11.0;1;10;0.0;9.0
25518098;0;3;7;9.0;1;7;0.0;10.0
25518147;0;3;6;10.0;1;10;0.0;9.0
25518626;0;3;6;10.0;1;10;0.0;9.0
25518715;0;0;6;9.0;1;5;0.0;6.0
25519044;0;0;1;0.0;1;0;1.0;0.0
25525824;0;0;4;4.0;1;4;0.0;4.0
25525957;0;3;5;8.0;1;8;0.0;8.0
25526058;0;3;8;13.0;1;10;0.0;11.0
25526509;0;1;1;0.0;1;0;2.0;0.0
25526937;0;3;6;10.0;1;10;0.0;9.0
25527078;0;2;5;7.0;1;7;0.0;7.0
25527217;0;3;6;10.0;1;10;0.0;9.0
25527886;0;3;0;3.0;1;1;3.0;0.0
255369;9;0;2;8.0;1;12;0.0;11.0
25542867;0;14;36;52.0;1;12;1.0;49.0
25543631;0;4;18;26.0;1;10;2.0;20.0
25544110;0;1;8;10.0;1;8;0.0;9.0
25544279;0;3;5;8.0;1;8;0.0;8.0
25545637;0;1;6;8.0;1;8;0.0;7.0
25547128;0;2;5;7.0;1;7;0.0;7.0
25547809;0;3;0;3.0;1;3;0.0;3.0
25549061;0;3;6;10.0;1;10;0.0;9.0
25551327;0;3;9;14.0;1;10;0.0;12.0
25552;6;1;1;0.0;2;6;3.0;5.0
25552038;0;3;1;4.0;1;4;0.0;4.0
25552647;0;3;12;17.0;1;10;0.0;15.0
25552941;0;2;5;7.0;1;7;0.0;7.0
25553945;0;3;1;4.0;1;4;0.0;4.0
25554050;0;2;1;3.0;1;3;0.0;3.0
25554148;0;3;7;12.0;1;10;0.0;10.0
25554265;0;0;1;0.0;1;0;1.0;0.0
25554797;0;1;5;6.0;1;6;0.0;6.0
25555113;0;0;3;2.0;1;2;3.0;0.0
25555728;0;0;4;5.0;1;5;0.0;4.0
25556372;0;3;1;5.0;1;5;0.0;4.0
25557395;0;3;6;10.0;1;10;0.0;9.0
25560435;0;11;30;46.0;1;10;0.0;41.0
25560981;0;0;6;7.0;1;7;0.0;6.0
25562575;0;2;5;8.0;1;7;0.0;7.0
25563073;0;1;4;5.0;1;5;0.0;5.0
25564520;0;3;3;6.0;1;6;0.0;6.0
25564775;0;0;2;2.0;1;2;2.0;0.0
25567219;0;3;12;18.0;1;10;0.0;15.0
25568128;0;1;1;1.0;1;1;2.0;0.0
25568242;0;3;6;10.0;1;10;0.0;9.0
25569511;0;3;5;8.0;1;6;0.0;8.0
25570162;0;0;2;2.0;1;2;2.0;0.0
25570526;0;1;0;2.0;1;2;1.0;0.0
25570902;0;2;1;3.0;1;3;3.0;0.0
25572602;0;0;6;7.0;1;7;2.0;4.0
25577624;0;2;6;9.0;1;9;0.0;8.0
25577711;0;3;4;7.0;1;7;0.0;7.0
25578262;0;0;1;1.0;1;1;1.0;0.0
25578521;0;1;3;5.0;1;4;0.0;4.0
25578864;0;2;2;5.0;1;5;0.0;4.0
2558091;1;0;0;0.0;1;0;1.0;0.0
25594978;0;2;6;9.0;1;9;0.0;8.0
25596775;0;1;3;4.0;1;4;0.0;4.0
25597388;0;3;6;10.0;1;10;0.0;9.0
25597632;0;3;6;10.0;1;10;0.0;9.0
25599488;0;4;12;17.0;1;9;0.0;16.0
25599973;0;1;3;4.0;1;2;4.0;0.0
25599984;0;1;1;1.0;1;1;2.0;0.0
25600239;0;2;2;4.0;1;4;0.0;4.0
25600278;0;2;2;4.0;1;4;0.0;4.0
25603386;0;3;3;6.0;1;6;0.0;6.0
25603708;0;2;4;6.0;1;6;0.0;6.0
25605595;0;5;15;23.0;1;10;0.0;20.0
25605942;0;1;8;10.0;1;6;0.0;9.0
25605970;0;0;5;4.0;1;4;0.0;5.0
25606716;0;3;1;4.0;1;4;0.0;4.0
25607063;0;0;4;4.0;1;4;0.0;4.0
25607210;0;1;4;5.0;1;4;0.0;5.0
25607348;0;3;6;10.0;1;10;0.0;9.0
25607492;0;5;8;14.0;1;10;0.0;13.0
25608011;0;2;9;13.0;1;9;0.0;11.0
25610675;0;1;4;5.0;1;5;0.0;5.0
25611470;0;1;4;5.0;1;5;0.0;5.0
25612315;0;2;1;5.0;1;5;0.0;3.0
25612421;0;2;6;9.0;1;9;0.0;8.0
25613181;0;1;7;9.0;1;8;0.0;8.0
25614410;0;2;7;10.0;1;9;0.0;9.0
25615784;0;18;42;67.0;1;10;0.0;60.0
25618400;0;2;6;9.0;1;9;0.0;8.0
25618941;0;1;1;0.0;1;0;2.0;0.0
25619110;0;1;2;3.0;1;2;0.0;3.0
25620067;0;1;3;4.0;1;4;0.0;4.0
25620068;0;1;14;22.0;1;5;0.0;15.0
25622204;0;3;2;5.0;1;5;0.0;5.0
25622338;0;2;8;10.0;1;7;0.0;10.0
25622465;0;2;9;13.0;1;9;0.0;11.0
25622708;0;6;18;27.0;1;9;0.0;24.0
25627238;0;2;6;9.0;1;9;0.0;8.0
25628527;0;2;5;7.0;1;7;0.0;7.0
25628797;0;1;4;5.0;1;5;0.0;5.0
25629168;0;2;2;4.0;1;4;0.0;4.0
25630087;0;0;7;9.0;1;5;0.0;7.0
25630831;0;3;8;11.0;1;9;0.0;11.0
25631448;0;8;19;30.0;1;10;0.0;27.0
25646758;0;1;1;2.0;1;2;2.0;0.0
25651574;0;1;3;4.0;1;4;0.0;4.0
25656171;0;2;20;27.0;1;9;0.0;22.0
25656348;0;0;0;0.0;1;0;0.0;0.0
25657296;0;5;3;10.0;1;8;3.0;5.0
25657399;0;2;6;9.0;1;9;0.0;8.0
25657983;0;1;11;11.0;1;7;4.0;8.0
25658114;0;2;6;9.0;1;9;0.0;8.0
25658654;0;1;0;1.0;1;1;1.0;0.0
25658692;0;1;0;0.0;1;0;1.0;0.0
25658910;0;2;5;8.0;1;7;0.0;7.0
25659567;0;3;9;11.0;1;9;1.0;11.0
25662240;0;1;4;6.0;1;5;0.0;5.0
25664546;0;1;12;15.0;1;9;1.0;12.0
25664597;0;2;6;9.0;1;9;0.0;8.0
25664647;0;2;2;6.0;1;5;0.0;4.0
25665440;0;2;6;9.0;1;9;0.0;8.0
25665755;0;8;24;35.0;1;9;0.0;32.0
256658;5;2;1;1.0;1;4;8.0;0.0
25665898;0;2;13;16.0;1;9;0.0;15.0
25666087;0;4;9;15.0;1;9;0.0;13.0
256665;1;1;0;0.0;1;0;2.0;0.0
25666769;0;2;8;11.0;1;7;0.0;10.0
25668107;0;2;6;9.0;1;9;0.0;8.0
25670965;0;0;6;7.0;1;7;0.0;6.0
25671133;0;4;7;13.0;1;9;0.0;11.0
25672230;0;4;10;15.0;1;9;0.0;14.0
25672419;0;3;27;37.0;1;9;0.0;30.0
25672738;0;1;2;4.0;1;4;3.0;0.0
25673344;0;0;13;16.0;1;7;0.0;13.0
2567523;12;8;1;8.0;1;16;6.0;15.0
2567574;0;2;0;1.0;1;1;2.0;0.0
25678337;0;1;16;18.0;1;8;0.0;17.0
25680634;0;2;1;3.0;1;3;0.0;3.0
25680823;0;0;2;1.0;1;1;2.0;0.0
2568085;5;3;2;6.0;1;6;10.0;0.0
25680954;0;1;1;1.0;1;1;2.0;0.0
25681953;0;2;5;8.0;1;8;0.0;7.0
25682994;0;0;4;5.0;1;5;0.0;4.0
25687448;0;2;6;11.0;1;7;0.0;8.0
25694383;0;0;5;5.0;1;2;0.0;5.0
25694822;0;1;3;4.0;1;4;0.0;4.0
25695853;0;2;2;4.0;1;4;0.0;4.0
25695854;0;2;3;5.0;1;5;0.0;5.0
25696058;0;2;2;4.0;1;4;0.0;4.0
25697150;0;1;1;2.0;1;2;0.0;2.0
25697695;0;1;1;2.0;1;2;2.0;0.0
25698383;0;8;26;39.0;1;15;7.0;27.0
25698563;0;0;1;1.0;1;1;1.0;0.0
25698980;0;0;1;1.0;1;1;1.0;0.0
25699650;0;2;6;8.0;1;8;0.0;8.0
25699848;0;2;10;13.0;1;9;0.0;12.0
25700654;0;2;1;3.0;1;3;0.0;3.0
25704409;0;2;2;5.0;1;5;0.0;4.0
25707258;0;1;6;7.0;1;6;0.0;7.0
25707438;0;1;7;9.0;1;9;1.0;7.0
25707913;0;4;6;10.0;1;6;0.0;10.0
25708390;0;0;9;11.0;1;7;0.0;9.0
25708675;0;0;5;6.0;1;6;0.0;5.0
25709717;0;2;6;9.0;1;9;0.0;8.0
25710482;0;2;6;9.0;1;9;0.0;8.0
25711358;0;0;5;6.0;1;6;0.0;5.0
25712176;0;2;7;8.0;1;6;0.0;9.0
25712798;0;2;6;9.0;1;9;0.0;8.0
25713247;0;5;18;27.0;1;9;0.0;23.0
25713806;0;4;17;24.0;1;9;0.0;21.0
25713977;0;4;11;17.0;1;9;0.0;15.0
25715392;0;2;3;6.0;1;6;0.0;5.0
25715529;0;1;1;1.0;1;1;2.0;0.0
25715632;0;0;2;2.0;1;2;2.0;0.0
25715973;0;2;2;4.0;1;3;0.0;4.0
25718380;0;0;1;1.0;1;1;1.0;0.0
25719255;0;12;4;16.0;1;3;0.0;16.0
25720401;0;2;6;9.0;1;9;0.0;8.0
25720605;0;0;7;8.0;1;5;0.0;7.0
25720808;0;0;1;1.0;1;1;1.0;0.0
25722394;0;2;5;7.0;1;7;7.0;0.0
25723189;0;2;3;7.0;1;7;0.0;5.0
2572374;18;23;8;40.0;1;35;7.0;42.0
25726661;0;2;6;9.0;1;9;0.0;8.0
25727279;0;2;2;4.0;1;4;0.0;4.0
25728269;0;2;6;9.0;1;9;0.0;8.0
25728454;0;1;3;4.0;1;4;0.0;4.0
25728837;0;2;2;4.0;1;4;0.0;4.0
25732137;0;1;3;5.0;1;5;0.0;4.0
2573350;0;2;0;2.0;1;2;2.0;0.0
257358;11;6;1;7.0;1;13;9.0;9.0
25744191;0;0;5;7.0;1;5;0.0;5.0
25746900;0;0;3;3.0;1;3;3.0;0.0
25747248;0;0;6;8.0;1;8;2.0;4.0
25747934;0;2;6;9.0;1;9;0.0;8.0
25748213;0;2;6;9.0;1;9;0.0;8.0
25748293;0;2;6;8.0;1;8;0.0;8.0
25748356;0;2;6;8.0;1;7;2.0;6.0
25748613;0;2;3;5.0;1;4;0.0;5.0
25754048;0;2;12;17.0;1;9;0.0;14.0
25754061;0;0;8;13.0;1;4;0.0;8.0
25754064;0;2;10;15.0;1;9;0.0;12.0
25754067;0;0;1;1.0;1;1;1.0;0.0
25756183;0;3;8;14.0;1;9;0.0;11.0
25757211;0;0;4;4.0;1;4;0.0;4.0
25757691;0;2;6;9.0;1;9;0.0;8.0
25758139;0;2;9;13.0;1;9;0.0;11.0
25761088;0;0;8;10.0;1;7;4.0;4.0
25764222;0;2;3;5.0;1;5;0.0;5.0
25764749;0;2;2;4.0;1;4;0.0;4.0
25768560;0;0;2;3.0;1;3;0.0;2.0
25769049;0;0;5;8.0;1;4;0.0;5.0
25770158;0;1;6;8.0;1;8;0.0;7.0
25770900;0;2;12;16.0;1;9;0.0;14.0
25771187;0;0;2;0.0;1;0;2.0;0.0
25771375;0;2;3;5.0;1;5;0.0;5.0
2577302;0;2;0;1.0;1;1;2.0;0.0
25777489;0;3;7;10.0;1;6;0.0;10.0
25778429;0;0;1;0.0;1;0;1.0;0.0
25778430;0;2;7;9.0;1;9;0.0;9.0
25779919;0;0;3;4.0;1;4;0.0;3.0
25780483;0;2;2;4.0;1;4;0.0;4.0
25795420;0;1;4;5.0;1;5;0.0;5.0
25796084;0;1;2;3.0;1;3;3.0;0.0
25796631;0;0;5;11.0;1;4;0.0;5.0
25797019;0;1;6;11.0;1;9;3.0;4.0
25797526;0;0;2;2.0;1;2;2.0;0.0
25797988;0;2;10;14.0;1;8;0.0;12.0
25798730;0;0;0;0.0;1;0;0.0;0.0
25798959;0;2;3;6.0;1;6;0.0;5.0
25799346;0;1;4;6.0;1;6;0.0;5.0
25799623;0;1;0;1.0;1;1;1.0;0.0
25800061;0;0;6;7.0;1;6;0.0;6.0
25800327;0;5;15;20.0;1;5;0.0;20.0
25800409;0;2;2;5.0;1;5;0.0;4.0
25800840;0;1;6;8.0;1;8;0.0;7.0
25800890;0;1;8;9.0;1;5;0.0;9.0
25801412;0;3;3;6.0;1;5;0.0;6.0
25805710;0;2;10;14.0;1;9;0.0;12.0
25805757;0;1;3;5.0;1;5;0.0;4.0
25806039;0;3;2;5.0;1;3;0.0;5.0
25806229;0;2;2;5.0;1;5;0.0;4.0
25806332;0;1;12;16.0;1;14;7.0;6.0
25806752;0;0;5;5.0;1;5;0.0;5.0
25808575;0;2;6;9.0;1;9;0.0;8.0
25809757;0;2;3;4.0;1;4;0.0;5.0
25810957;0;0;3;5.0;1;3;0.0;3.0
25814022;0;1;6;8.0;1;8;0.0;7.0
25817863;0;3;2;6.0;1;3;0.0;5.0
25821290;0;3;7;10.0;1;6;0.0;10.0
25822209;0;2;6;9.0;1;9;0.0;8.0
25822688;0;0;4;5.0;1;5;0.0;4.0
2582580;1;1;0;0.0;1;0;2.0;0.0
25825969;0;2;12;16.0;1;9;0.0;14.0
25826433;0;1;6;9.0;1;9;0.0;7.0
25829554;0;1;5;7.0;1;7;0.0;6.0
25829976;0;0;4;4.0;1;4;0.0;4.0
25830460;0;1;6;7.0;1;7;0.0;7.0
2583135;1;6;1;7.0;1;7;0.0;8.0
2583539;3;7;5;10.0;1;10;9.0;6.0
25835926;0;1;5;7.0;1;7;0.0;6.0
25837881;0;1;3;4.0;1;4;0.0;4.0
2584353;2;1;0;2.0;1;2;3.0;0.0
2584777;5;2;2;7.0;1;9;5.0;4.0
2584826;3;2;1;5.0;1;8;0.0;6.0
25849510;0;3;24;31.0;1;8;0.0;27.0
25849703;0;0;9;9.0;1;3;0.0;9.0
25850232;0;1;3;4.0;1;4;0.0;4.0
25851400;0;0;5;6.0;1;6;0.0;5.0
25851545;0;2;5;7.0;1;7;0.0;7.0
25852588;0;0;5;6.0;1;6;0.0;5.0
25852638;0;0;6;6.0;1;6;0.0;6.0
25852975;0;1;12;17.0;1;8;0.0;13.0
25853363;0;1;6;8.0;1;8;2.0;5.0
25853683;0;1;2;3.0;1;3;0.0;3.0
25853737;0;1;4;8.0;1;8;5.0;0.0
25853789;0;0;2;0.0;1;0;2.0;0.0
25857378;0;1;4;5.0;1;5;0.0;5.0
25859835;0;1;6;8.0;1;8;0.0;7.0
25861977;0;9;4;13.0;1;3;0.0;13.0
25862181;0;1;5;6.0;1;5;3.0;3.0
25863368;0;0;4;4.0;1;4;0.0;4.0
25867346;0;0;6;7.0;1;7;0.0;6.0
25867957;0;1;9;10.0;1;10;4.0;6.0
25868135;0;2;12;16.0;1;8;0.0;14.0
25868259;0;1;6;8.0;1;8;0.0;7.0
25868453;0;1;2;3.0;1;3;0.0;3.0
25869762;0;1;6;7.0;1;7;0.0;7.0
25870595;0;2;2;4.0;1;2;0.0;4.0
25872228;0;1;10;13.0;1;8;0.0;11.0
25874119;0;1;2;3.0;1;3;0.0;3.0
25883324;0;2;2;5.0;1;3;0.0;4.0
25884286;0;0;1;0.0;1;0;1.0;0.0
25886453;0;2;4;6.0;1;3;0.0;6.0
25886501;0;1;4;5.0;1;5;0.0;5.0
2588808;19;18;4;32.0;1;26;2.0;39.0
2588908;2;3;1;4.0;1;5;6.0;0.0
25889489;0;1;4;5.0;1;5;0.0;5.0
2589210;0;12;6;19.0;1;19;0.0;18.0
2589647;16;11;2;12.0;1;22;9.0;20.0
2589894;0;5;5;12.0;1;10;3.0;7.0
259003;8;7;0;13.0;1;13;8.0;7.0
25901027;0;2;14;18.0;1;8;0.0;16.0
2590863;0;1;1;2.0;1;2;2.0;0.0
25909297;0;0;13;15.0;1;7;0.0;13.0
2591030;12;12;6;24.0;1;31;0.0;30.0
25913398;0;1;6;8.0;1;8;0.0;7.0
25914587;0;1;15;18.0;1;8;0.0;16.0
25915460;0;1;0;1.0;1;1;0.0;1.0
25916483;0;0;2;2.0;1;2;2.0;0.0
25918063;0;2;4;6.0;1;4;0.0;6.0
25918714;0;2;17;20.0;1;9;2.0;17.0
25918792;0;0;1;0.0;1;0;1.0;0.0
25919146;0;1;16;21.0;1;8;0.0;17.0
25919368;0;0;11;15.0;1;6;0.0;11.0
25919595;0;1;6;8.0;1;8;0.0;7.0
25920164;0;1;3;4.0;1;4;0.0;4.0
25921357;0;0;6;7.0;1;7;0.0;6.0
25923192;0;1;13;20.0;1;8;0.0;14.0
25923836;0;1;9;12.0;1;8;0.0;10.0
25924605;0;1;13;18.0;1;8;0.0;14.0
25924821;0;1;2;3.0;1;3;0.0;3.0
25926816;0;0;13;14.0;1;8;3.0;10.0
2592761;26;24;12;50.0;1;31;0.0;62.0
25927737;0;1;5;6.0;1;6;0.0;6.0
25927906;0;1;4;5.0;1;4;0.0;5.0
25931810;0;1;4;6.0;1;6;0.0;5.0
259335;2;0;0;2.0;1;2;2.0;0.0
25934118;0;2;4;6.0;1;4;0.0;6.0
25934266;0;1;6;8.0;1;8;0.0;7.0
25934620;0;1;5;5.0;1;4;0.0;6.0
25934718;0;1;5;6.0;1;5;0.0;6.0
2593525;3;6;4;14.0;1;8;0.0;13.0
25935353;0;0;12;19.0;1;7;0.0;12.0
25935394;0;0;5;6.0;1;6;0.0;5.0
25935988;0;0;18;20.0;1;7;0.0;18.0
259409;18;12;6;24.0;1;31;0.0;36.0
25941277;0;1;5;6.0;1;4;0.0;6.0
25942350;0;0;22;27.0;1;6;0.0;22.0
25942723;0;0;7;8.0;1;7;0.0;7.0
25944421;0;0;2;2.0;1;2;2.0;0.0
25944469;0;0;3;2.0;1;2;3.0;0.0
25961289;0;1;11;15.0;1;8;0.0;12.0
25964881;0;1;1;2.0;1;2;0.0;2.0
25964882;0;1;3;5.0;1;5;0.0;4.0
25966050;0;1;4;5.0;1;5;0.0;5.0
25966334;0;1;4;5.0;1;5;0.0;5.0
25966955;0;1;3;5.0;1;5;0.0;4.0
25967691;0;0;4;4.0;1;4;0.0;4.0
25968069;0;0;8;9.0;1;7;0.0;8.0
25968678;0;0;1;0.0;1;0;1.0;0.0
25969229;0;1;6;8.0;1;8;0.0;7.0
25974666;0;1;3;5.0;1;5;0.0;4.0
25975039;0;0;2;1.0;1;1;2.0;0.0
25975792;0;1;5;6.0;1;6;0.0;6.0
25976816;0;1;3;5.0;1;5;0.0;4.0
25977335;0;0;2;1.0;1;1;2.0;0.0
25977818;0;1;11;13.0;1;8;0.0;12.0
25977931;0;1;3;4.0;1;4;0.0;4.0
25977984;0;0;5;6.0;1;6;0.0;5.0
25978420;0;0;4;4.0;1;4;0.0;4.0
25978558;0;0;9;9.0;1;4;0.0;9.0
25979631;0;1;4;5.0;1;3;0.0;5.0
25982160;0;0;6;6.0;1;4;0.0;6.0
25983387;0;1;6;7.0;1;7;0.0;7.0
25985142;0;1;3;4.0;1;4;0.0;4.0
25985764;0;0;0;0.0;1;0;0.0;0.0
25985925;0;2;9;12.0;1;8;0.0;11.0
25986202;0;1;6;8.0;1;8;0.0;7.0
25987435;0;2;3;5.0;1;3;0.0;5.0
25987937;0;0;11;13.0;1;7;0.0;11.0
25988088;0;2;14;17.0;1;8;0.0;16.0
25994554;0;0;1;1.0;1;1;1.0;0.0
25997713;0;1;3;4.0;1;4;0.0;4.0
25997860;0;0;2;3.0;1;3;2.0;0.0
26001044;0;0;1;1.0;1;1;1.0;0.0
26002645;0;1;4;5.0;1;5;0.0;5.0
26005570;0;0;9;11.0;1;6;0.0;9.0
26006301;0;1;3;4.0;1;4;0.0;4.0
2600832;0;0;4;7.0;1;3;0.0;4.0
2601289;5;0;1;3.0;2;4;2.0;4.0
26015798;0;0;5;6.0;1;6;2.0;3.0
2601700;1;3;2;1.0;1;1;6.0;0.0
26021608;0;1;7;8.0;1;7;0.0;8.0
26026057;0;0;5;6.0;1;6;0.0;5.0
26027601;0;0;10;13.0;1;7;0.0;10.0
26027863;0;1;6;8.0;1;8;0.0;7.0
26028115;0;1;0;1.0;1;1;1.0;0.0
26029112;0;0;12;14.0;1;5;0.0;12.0
26033106;0;0;6;7.0;1;7;0.0;6.0
26035922;0;1;11;12.0;1;7;0.0;12.0
26036544;0;1;6;8.0;1;5;2.0;5.0
26037799;0;0;2;3.0;1;3;2.0;0.0
26039968;0;0;37;41.0;1;6;0.0;37.0
26042196;0;0;5;7.0;1;7;0.0;5.0
26043254;0;0;6;7.0;1;7;0.0;6.0
26043639;0;0;12;14.0;1;7;0.0;12.0
26046496;0;1;3;4.0;1;4;0.0;4.0
26054088;0;0;1;2.0;1;2;1.0;0.0
26054823;0;1;8;8.0;1;5;0.0;9.0
26054966;0;1;24;29.0;2;15;0.0;25.0
26059276;0;0;12;15.0;1;7;0.0;12.0
26060602;0;1;6;8.0;1;8;0.0;7.0
26061824;0;1;3;4.0;1;4;0.0;4.0
26064771;0;0;5;6.0;1;6;0.0;5.0
260676;18;55;30;102.0;1;43;17.0;86.0
26078220;0;0;5;5.0;1;5;0.0;5.0
26078916;0;0;4;4.0;1;4;0.0;4.0
26082112;0;1;8;10.0;1;8;0.0;9.0
26084214;0;0;1;1.0;1;1;1.0;0.0
26085398;0;0;6;7.0;1;7;0.0;6.0
26087121;0;0;1;2.0;1;2;1.0;0.0
26087445;0;0;9;10.0;1;5;0.0;9.0
2608915;0;6;0;6.0;1;6;0.0;6.0
26089264;0;1;8;10.0;1;4;0.0;9.0
26091839;0;0;5;6.0;1;6;0.0;5.0
2609211;2;0;0;0.0;1;1;2.0;0.0
26095031;0;0;10;11.0;1;7;0.0;10.0
26096196;0;0;33;39.0;1;7;0.0;33.0
26097301;0;0;7;9.0;1;7;0.0;7.0
26099007;0;0;5;8.0;1;5;0.0;5.0
26100270;0;0;2;2.0;1;2;2.0;0.0
26101233;0;0;6;7.0;1;7;0.0;6.0
26101332;0;0;12;13.0;1;5;0.0;12.0
26101592;0;0;1;1.0;1;1;1.0;0.0
26101737;0;0;2;1.0;1;1;2.0;0.0
26103446;0;0;5;5.0;1;3;0.0;5.0
26103846;0;0;6;7.0;1;7;0.0;6.0
26104277;0;0;2;3.0;1;3;2.0;0.0
26104543;0;0;6;7.0;1;7;0.0;6.0
26104832;0;0;12;15.0;1;7;0.0;12.0
26105036;0;0;7;9.0;1;6;0.0;7.0
2610541;0;6;0;6.0;1;6;0.0;6.0
26108270;0;0;6;7.0;1;7;0.0;6.0
26109110;0;0;10;13.0;1;7;0.0;10.0
2610999;1;0;0;0.0;4;0;1.0;0.0
2611098;1;9;6;16.0;1;13;6.0;10.0
26111000;0;0;11;13.0;1;7;0.0;11.0
2611182;6;7;1;6.0;3;10;9.0;5.0
26112057;0;0;4;5.0;1;4;0.0;4.0
26112604;0;0;22;26.0;1;6;0.0;22.0
26117047;0;0;6;7.0;1;7;0.0;6.0
26119538;0;0;6;7.0;1;7;0.0;6.0
26120651;0;0;6;7.0;1;7;0.0;6.0
26121044;0;0;7;8.0;1;6;0.0;7.0
26122407;0;0;6;8.0;1;8;0.0;6.0
26128749;0;0;9;11.0;1;10;2.0;7.0
26138347;0;0;15;17.0;1;9;3.0;12.0
26141456;0;0;5;5.0;1;5;0.0;5.0
26151323;0;0;2;2.0;1;2;2.0;0.0
26151397;0;0;4;5.0;1;5;0.0;4.0
26152739;0;0;5;5.0;1;5;0.0;5.0
26152807;0;0;6;7.0;1;7;0.0;6.0
26153328;0;0;17;21.0;1;7;0.0;17.0
26155515;0;0;6;8.0;1;6;0.0;6.0
26155999;0;0;42;49.0;1;12;2.0;40.0
26160924;0;0;6;7.0;1;7;0.0;6.0
26165777;0;0;5;6.0;1;6;0.0;5.0
26167271;0;0;23;27.0;1;7;0.0;23.0
26177154;0;0;4;4.0;1;4;0.0;4.0
26179458;0;0;4;4.0;1;1;4.0;0.0
26179949;0;0;1;1.0;1;1;1.0;0.0
26180345;0;0;12;14.0;1;7;0.0;12.0
26180411;0;0;14;14.0;1;6;0.0;14.0
26181462;0;0;5;6.0;1;6;0.0;5.0
26188401;0;0;6;7.0;1;7;0.0;6.0
262056;1;1;0;0.0;1;1;2.0;0.0
26206022;0;0;2;2.0;1;1;2.0;0.0
26206115;0;0;4;5.0;1;5;0.0;4.0
26208421;0;0;4;4.0;1;4;0.0;4.0
26210411;0;0;95;119.0;1;7;0.0;95.0
26215759;0;0;4;5.0;1;5;0.0;4.0
26218109;0;0;4;4.0;1;4;0.0;4.0
26219308;0;0;2;2.0;1;1;2.0;0.0
2622012;3;5;2;3.0;2;6;10.0;0.0
26221210;0;0;5;6.0;1;6;0.0;5.0
2622549;1;0;0;0.0;1;0;1.0;0.0
26226034;0;0;16;19.0;1;7;0.0;16.0
26229818;0;0;6;7.0;1;7;0.0;6.0
26237098;0;0;5;5.0;1;3;0.0;5.0
26237927;0;0;5;6.0;1;6;0.0;5.0
262423;2;12;6;21.0;1;21;0.0;20.0
26243862;0;0;3;3.0;1;3;0.0;3.0
26257103;0;0;5;6.0;1;5;5.0;0.0
26261664;0;0;6;7.0;1;6;0.0;6.0
26262252;0;0;6;7.0;1;7;0.0;6.0
262634;1;7;3;10.0;1;8;0.0;11.0
26265398;0;0;4;5.0;1;5;0.0;4.0
2626670;5;0;0;5.0;1;5;0.0;5.0
26271565;0;0;4;4.0;1;4;0.0;4.0
26273447;0;0;4;4.0;1;3;4.0;0.0
26273992;0;0;5;6.0;1;6;0.0;5.0
26275926;0;0;3;2.0;1;1;3.0;0.0
26277379;0;0;6;9.0;1;6;0.0;6.0
26277760;0;0;4;4.0;1;4;0.0;4.0
26279213;0;0;5;6.0;1;6;0.0;5.0
26283187;0;0;6;7.0;1;7;0.0;6.0
26285791;0;0;5;5.0;1;4;0.0;5.0
26285855;0;0;11;13.0;1;7;0.0;11.0
26286953;0;0;7;10.0;1;7;0.0;7.0
26287947;0;0;11;13.0;1;7;0.0;11.0
26294767;0;0;2;3.0;1;3;2.0;0.0
26294769;0;0;8;8.0;1;7;0.0;8.0
26294834;0;0;5;5.0;1;5;0.0;5.0
26294887;0;0;6;7.0;1;7;0.0;6.0
26295614;0;0;4;4.0;1;4;0.0;4.0
26296142;0;0;6;9.0;1;5;0.0;6.0
26298228;0;0;2;1.0;1;1;2.0;0.0
26303302;0;0;11;14.0;1;6;0.0;11.0
26304222;0;0;6;7.0;1;7;0.0;6.0
26305;9;13;11;36.0;1;18;0.0;33.0
26306550;0;0;14;16.0;1;7;0.0;14.0
26306812;0;0;3;5.0;1;4;3.0;0.0
26307665;0;0;3;5.0;1;4;0.0;3.0
26307749;0;0;20;23.0;1;7;0.0;20.0
26307914;0;0;12;14.0;1;8;2.0;10.0
26307986;0;0;5;6.0;1;6;0.0;5.0
2631583;1;1;0;0.0;1;0;2.0;0.0
26316355;0;0;8;10.0;1;6;0.0;8.0
2632284;2;1;0;1.0;1;1;3.0;0.0
26325817;0;0;5;6.0;1;5;0.0;5.0
26330318;0;0;8;10.0;1;6;0.0;8.0
26330861;0;0;7;9.0;1;5;0.0;7.0
26331036;0;0;6;7.0;1;7;0.0;6.0
26331719;0;0;9;14.0;1;4;0.0;9.0
26333056;0;0;5;5.0;1;3;0.0;5.0
26336349;0;0;5;6.0;1;6;0.0;5.0
26336353;0;0;11;13.0;1;7;0.0;11.0
26336593;0;0;4;5.0;1;5;0.0;4.0
26337609;0;0;6;7.0;1;7;0.0;6.0
26338039;0;0;5;6.0;1;6;0.0;5.0
26338235;0;0;9;10.0;1;5;0.0;9.0
26339334;0;0;4;4.0;1;4;0.0;4.0
26339433;0;0;8;8.0;1;6;0.0;8.0
26340038;0;0;6;7.0;1;7;0.0;6.0
26344547;0;0;4;5.0;1;5;0.0;4.0
26344863;0;0;6;7.0;1;7;0.0;6.0
26346770;0;0;4;4.0;1;4;0.0;4.0
2634700;0;1;0;1.0;1;1;1.0;0.0
26348337;0;0;6;8.0;1;6;0.0;6.0
26349071;0;0;10;17.0;1;5;0.0;10.0
2635317;0;2;1;2.0;1;2;3.0;0.0
26357261;0;0;5;6.0;1;6;0.0;5.0
26357358;0;0;10;13.0;1;7;0.0;10.0
26361519;0;0;6;8.0;1;5;0.0;6.0
26362405;0;0;5;7.0;1;6;0.0;5.0
26366061;0;0;4;5.0;1;5;0.0;4.0
26366112;0;0;7;8.0;1;6;0.0;7.0
26366440;0;0;16;19.0;1;7;0.0;16.0
2636676;6;3;3;5.0;1;7;12.0;0.0
26373904;0;0;5;6.0;1;6;0.0;5.0
2637757;1;14;3;17.0;2;17;2.0;16.0
26382175;0;0;6;7.0;1;5;0.0;6.0
26383088;0;0;5;6.0;1;4;0.0;5.0
26384502;0;0;9;11.0;1;6;0.0;9.0
26385643;0;0;3;3.0;1;3;0.0;3.0
26386198;0;0;5;5.0;1;5;0.0;5.0
26388466;0;0;5;6.0;1;6;0.0;5.0
26388826;0;0;5;6.0;1;6;0.0;5.0
26389495;0;0;4;5.0;1;5;0.0;4.0
2639245;4;3;2;3.0;2;3;9.0;0.0
26394491;0;0;3;4.0;1;4;0.0;3.0
26394892;0;0;10;8.0;1;4;0.0;10.0
26395420;0;0;5;6.0;1;6;0.0;5.0
26397488;0;0;5;5.0;1;3;0.0;5.0
26399317;0;0;5;5.0;1;5;0.0;5.0
26403341;0;0;2;3.0;1;2;2.0;0.0
26403458;0;0;5;6.0;1;6;0.0;5.0
26404377;0;0;4;4.0;1;4;0.0;4.0
26404417;0;0;6;6.0;1;5;0.0;6.0
26404459;0;0;4;5.0;1;5;0.0;4.0
26409324;0;0;10;12.0;1;6;0.0;10.0
26409665;0;0;3;4.0;1;4;0.0;3.0
26410004;0;0;5;6.0;1;6;0.0;5.0
26411138;0;0;5;6.0;1;5;0.0;5.0
26411920;0;0;4;4.0;1;4;0.0;4.0
26415693;0;0;0;0.0;1;0;0.0;0.0
26416685;0;0;5;6.0;1;6;0.0;5.0
26417808;0;0;4;3.0;1;3;0.0;4.0
26418489;0;0;5;6.0;1;6;0.0;5.0
2643216;13;5;1;11.0;2;19;0.0;19.0
26433741;0;0;4;4.0;1;4;0.0;4.0
2643404;1;1;0;1.0;1;1;2.0;0.0
26434140;0;0;5;6.0;1;6;0.0;5.0
26434254;0;0;9;11.0;1;6;0.0;9.0
26435412;0;0;4;5.0;1;5;0.0;4.0
26435634;0;0;5;6.0;1;6;0.0;5.0
26436774;0;0;2;2.0;1;2;2.0;0.0
26437215;0;0;5;6.0;1;6;0.0;5.0
26437476;0;0;5;6.0;1;6;0.0;5.0
26437883;0;0;5;6.0;1;5;0.0;5.0
26438689;0;0;5;6.0;1;6;0.0;5.0
26438756;0;0;9;11.0;1;6;0.0;9.0
26439011;0;0;4;4.0;1;4;0.0;4.0
26442713;0;0;7;8.0;1;5;0.0;7.0
26443920;0;0;4;5.0;1;5;0.0;4.0
26444089;0;0;5;6.0;1;6;0.0;5.0
26445671;0;0;9;11.0;1;6;0.0;9.0
26446723;0;0;4;5.0;1;5;0.0;4.0
26447205;0;0;5;6.0;1;6;0.0;5.0
26448055;0;0;5;7.0;1;5;0.0;5.0
26450714;0;0;12;15.0;1;6;0.0;12.0
26452192;0;0;4;5.0;1;5;0.0;4.0
26452838;0;0;17;21.0;1;6;0.0;17.0
26454127;0;0;5;6.0;1;6;0.0;5.0
26454155;0;0;2;2.0;1;2;2.0;0.0
26454395;0;0;6;9.0;1;6;0.0;6.0
26454396;0;0;4;4.0;1;4;0.0;4.0
26454452;0;0;4;5.0;1;4;4.0;0.0
26460142;0;0;5;6.0;1;6;0.0;5.0
26460690;0;0;4;4.0;1;4;0.0;4.0
26461120;0;0;9;9.0;1;4;0.0;9.0
26464918;0;0;5;6.0;1;6;0.0;5.0
26465443;0;0;3;4.0;1;4;0.0;3.0
2646562;0;2;0;1.0;1;1;2.0;0.0
2646633;4;0;3;3.0;1;7;0.0;7.0
26467857;0;0;4;5.0;1;5;0.0;4.0
26468304;0;0;5;6.0;1;6;0.0;5.0
26468681;0;0;4;4.0;1;4;0.0;4.0
26469034;0;0;4;4.0;1;4;0.0;4.0
26473569;0;0;5;6.0;1;6;0.0;5.0
26473973;0;0;4;5.0;1;5;0.0;4.0
2647916;0;2;1;1.0;1;1;3.0;0.0
26483134;0;0;3;4.0;1;4;0.0;3.0
26483264;0;0;5;6.0;1;5;0.0;5.0
26486003;0;0;0;0.0;1;0;0.0;0.0
26486153;0;0;4;5.0;1;5;0.0;4.0
26486405;0;0;0;0.0;1;0;0.0;0.0
26486486;0;0;7;8.0;1;6;0.0;7.0
26486693;0;0;14;17.0;1;5;0.0;14.0
2648769;1;0;0;0.0;2;0;1.0;0.0
26488277;0;0;4;4.0;1;4;0.0;4.0
2649108;2;0;0;0.0;1;0;2.0;0.0
26491120;0;0;12;17.0;1;6;0.0;12.0
26491412;0;0;6;8.0;1;4;0.0;6.0
2649158;1;0;0;0.0;1;1;1.0;0.0
26493056;0;0;4;4.0;1;4;0.0;4.0
26493535;0;0;4;5.0;1;5;0.0;4.0
26495296;0;0;3;4.0;1;4;0.0;3.0
26497497;0;0;4;5.0;1;5;0.0;4.0
26498481;0;0;2;2.0;1;1;2.0;0.0
26504696;0;0;5;6.0;1;6;0.0;5.0
26505065;0;0;8;9.0;1;5;0.0;8.0
26505235;0;0;5;6.0;1;6;0.0;5.0
26506437;0;0;3;4.0;1;4;3.0;0.0
26506438;0;0;4;5.0;1;5;0.0;4.0
26507093;0;0;8;10.0;1;6;0.0;8.0
26507313;0;0;5;6.0;1;6;0.0;5.0
26507357;0;0;9;9.0;1;5;0.0;9.0
26508184;0;0;4;5.0;1;5;0.0;4.0
26509162;0;0;5;6.0;1;6;0.0;5.0
2650928;2;2;1;1.0;1;2;5.0;0.0
26509410;0;0;10;10.0;1;5;0.0;10.0
26509762;0;0;8;10.0;1;6;0.0;8.0
2651228;1;2;0;3.0;1;3;3.0;0.0
26512332;0;0;4;5.0;1;5;0.0;4.0
26514082;0;0;4;6.0;1;5;0.0;4.0
26514261;0;0;11;13.0;1;6;0.0;11.0
26516061;0;0;5;6.0;1;6;0.0;5.0
26516426;0;0;23;28.0;1;6;2.0;21.0
26529520;0;0;3;4.0;1;4;0.0;3.0
26530988;0;0;4;3.0;1;3;0.0;4.0
26531873;0;0;4;4.0;1;4;0.0;4.0
26533239;0;0;9;11.0;1;5;0.0;9.0
26540579;0;0;9;9.0;1;4;0.0;9.0
26540916;0;0;4;4.0;1;4;0.0;4.0
26541484;0;0;4;4.0;1;4;0.0;4.0
26542313;0;0;5;6.0;1;5;0.0;5.0
26544555;0;0;8;9.0;1;6;2.0;6.0
2654519;3;25;17;47.0;1;24;5.0;40.0
26545709;0;0;11;16.0;1;6;0.0;11.0
26547997;0;0;4;4.0;1;4;0.0;4.0
26548510;0;0;13;16.0;1;6;0.0;13.0
26549346;0;0;3;4.0;1;4;0.0;3.0
26550543;0;0;4;5.0;1;5;0.0;4.0
26551639;0;0;4;5.0;1;5;0.0;4.0
26551817;0;0;1;1.0;1;1;1.0;0.0
26551952;0;0;8;9.0;1;6;0.0;8.0
26552008;0;0;5;6.0;1;3;0.0;5.0
26552256;0;0;1;2.0;1;2;1.0;0.0
26555705;0;0;13;16.0;1;6;0.0;13.0
26556103;0;0;4;5.0;1;5;0.0;4.0
26556425;0;0;4;5.0;1;5;0.0;4.0
26560119;0;0;9;12.0;1;6;0.0;9.0
26560688;0;0;3;4.0;1;4;3.0;0.0
26561093;0;0;4;5.0;1;5;0.0;4.0
2656136;0;2;2;5.0;1;5;0.0;4.0
26561387;0;0;8;10.0;1;6;0.0;8.0
26563616;0;0;3;4.0;1;4;0.0;3.0
2656623;1;1;0;1.0;1;1;2.0;0.0
2657518;3;0;5;8.0;1;9;3.0;5.0
26579230;0;0;5;5.0;1;5;2.0;3.0
26580743;0;0;4;3.0;1;2;0.0;4.0
26586090;0;0;4;5.0;1;5;0.0;4.0
26589294;0;0;4;3.0;1;3;0.0;4.0
26589406;0;0;4;5.0;1;5;0.0;4.0
26589942;0;0;2;2.0;1;2;2.0;0.0
26591;4;8;3;15.0;1;17;9.0;6.0
26591367;0;0;4;5.0;1;5;0.0;4.0
2659277;2;7;3;12.0;2;12;12.0;0.0
2659284;0;0;1;1.0;1;1;1.0;0.0
26595172;0;0;4;5.0;1;5;0.0;4.0
26595294;0;0;1;2.0;1;2;1.0;0.0
26597520;0;0;1;1.0;1;1;1.0;0.0
26598614;0;0;4;5.0;1;5;0.0;4.0
26599110;0;0;8;8.0;1;5;0.0;8.0
26599456;0;0;4;5.0;1;5;0.0;4.0
26601976;0;0;4;5.0;1;5;0.0;4.0
26602898;0;0;6;10.0;1;3;6.0;0.0
26605003;0;0;4;5.0;1;5;0.0;4.0
26606182;0;0;1;2.0;1;2;1.0;0.0
26606269;0;0;3;3.0;1;3;3.0;0.0
26606769;0;0;3;5.0;1;5;0.0;3.0
26611702;0;0;3;4.0;1;4;0.0;3.0
26618511;0;0;4;5.0;1;5;0.0;4.0
26619152;0;0;6;8.0;1;5;0.0;6.0
26622047;0;0;4;5.0;1;5;0.0;4.0
26622456;0;0;3;4.0;1;4;0.0;3.0
26623135;0;0;4;5.0;1;5;0.0;4.0
26624047;0;0;4;5.0;1;5;0.0;4.0
2662671;0;9;8;18.0;1;16;5.0;12.0
26628661;0;0;4;5.0;1;5;0.0;4.0
26628662;0;0;8;8.0;1;3;0.0;8.0
26628874;0;0;2;1.0;1;1;2.0;0.0
26628995;0;0;7;8.0;1;5;0.0;7.0
26630861;0;0;9;12.0;1;5;0.0;9.0
26631256;0;0;3;6.0;1;4;3.0;0.0
26632054;0;0;4;5.0;1;5;0.0;4.0
26634195;0;0;4;5.0;1;5;0.0;4.0
26634554;0;0;4;5.0;1;5;0.0;4.0
26635044;0;0;1;2.0;1;2;1.0;0.0
26636699;0;0;0;0.0;1;0;0.0;0.0
2663698;1;2;0;1.0;1;1;3.0;0.0
26637564;0;0;4;5.0;1;5;0.0;4.0
26637957;0;0;4;4.0;1;4;0.0;4.0
26638782;0;0;3;4.0;1;4;0.0;3.0
26638850;0;0;9;11.0;1;5;0.0;9.0
26639112;0;0;4;5.0;1;5;0.0;4.0
26640771;0;0;4;5.0;1;5;0.0;4.0
26641038;0;0;4;4.0;1;3;0.0;4.0
2664139;10;0;1;6.0;1;11;0.0;11.0
26642043;0;0;4;5.0;1;5;0.0;4.0
26643546;0;0;0;0.0;1;0;0.0;0.0
26643716;0;0;8;10.0;1;5;0.0;8.0
26646150;0;0;4;5.0;1;5;0.0;4.0
2664628;1;2;3;4.0;2;5;6.0;0.0
26646351;0;0;4;5.0;1;5;0.0;4.0
26646505;0;0;4;6.0;2;6;0.0;4.0
26647899;0;0;4;5.0;1;5;0.0;4.0
26648213;0;0;4;5.0;1;5;0.0;4.0
26648311;0;0;4;5.0;1;5;0.0;4.0
26649044;0;0;4;5.0;1;5;0.0;4.0
2665168;2;2;0;2.0;1;2;4.0;0.0
26662469;0;0;4;5.0;1;5;0.0;4.0
26662635;0;0;9;9.0;1;3;0.0;9.0
26662902;0;0;4;5.0;1;5;0.0;4.0
26663066;0;0;5;5.0;1;3;0.0;5.0
26663387;0;0;4;4.0;1;3;0.0;4.0
26663713;0;0;9;13.0;1;4;0.0;9.0
26664883;0;0;4;6.0;1;5;0.0;4.0
26665483;0;0;22;28.0;1;5;0.0;22.0
26665667;0;0;4;4.0;1;2;0.0;4.0
26667187;0;0;4;5.0;1;5;0.0;4.0
26667742;0;0;4;5.0;1;5;0.0;4.0
26667872;0;0;4;5.0;1;5;0.0;4.0
26667984;0;0;4;5.0;1;5;0.0;4.0
26671;2;1;0;1.0;1;1;3.0;0.0
26671107;0;0;5;8.0;1;5;0.0;5.0
26673065;0;0;4;5.0;1;5;0.0;4.0
26673102;0;0;8;11.0;1;5;0.0;8.0
26673302;0;0;6;9.0;1;5;0.0;6.0
26673388;0;0;4;5.0;1;5;0.0;4.0
26673796;0;0;4;5.0;1;5;0.0;4.0
26673944;0;0;4;5.0;1;3;0.0;4.0
26674686;0;0;6;7.0;1;5;0.0;6.0
266796;0;0;0;1.0;2;1;0.0;0.0
26682524;0;0;4;5.0;1;5;0.0;4.0
26683881;0;0;3;4.0;1;4;0.0;3.0
26683969;0;0;2;1.0;1;1;2.0;0.0
26684225;0;0;4;5.0;1;5;0.0;4.0
26684228;0;0;4;5.0;1;5;0.0;4.0
26685032;0;0;6;8.0;1;4;0.0;6.0
26685089;0;0;4;5.0;1;5;0.0;4.0
26686128;0;0;6;8.0;1;5;0.0;6.0
26686270;0;0;4;4.0;1;2;0.0;4.0
26687357;0;0;4;4.0;1;4;0.0;4.0
26688256;0;0;4;5.0;1;5;0.0;4.0
26689877;0;0;4;5.0;1;5;0.0;4.0
26690131;0;0;4;5.0;1;5;0.0;4.0
26691474;0;0;2;1.0;1;1;2.0;0.0
26694571;0;0;11;15.0;1;4;0.0;11.0
26701499;0;0;6;7.0;1;4;0.0;6.0
26706627;0;0;7;8.0;1;5;0.0;7.0
26707239;0;0;4;5.0;1;5;0.0;4.0
26707559;0;0;4;5.0;1;5;0.0;4.0
26707654;0;0;4;5.0;1;5;0.0;4.0
26708860;0;0;4;6.0;1;5;0.0;4.0
26708861;0;0;4;5.0;1;5;0.0;4.0
26709107;0;0;7;8.0;1;5;0.0;7.0
26709943;0;0;4;4.0;1;4;0.0;4.0
26710305;0;0;4;5.0;1;5;0.0;4.0
26714144;0;0;3;6.0;1;4;0.0;3.0
267157;0;4;4;8.0;1;8;0.0;8.0
26715746;0;0;3;4.0;1;4;0.0;3.0
26717274;0;0;3;5.0;1;5;0.0;3.0
26717314;0;0;3;4.0;1;4;0.0;3.0
267176;7;4;0;9.0;1;11;0.0;11.0
26717680;0;0;7;8.0;1;5;0.0;7.0
267200;2;1;0;0.0;1;0;3.0;0.0
26720404;0;0;3;4.0;1;4;0.0;3.0
26721300;0;0;6;11.0;1;4;0.0;6.0
26721337;0;0;9;13.0;1;5;0.0;9.0
26723169;0;0;3;4.0;1;4;0.0;3.0
26723718;0;0;3;2.0;1;1;3.0;0.0
26724237;0;0;4;5.0;1;5;0.0;4.0
2672458;12;3;1;3.0;2;11;11.0;5.0
2672540;2;1;0;2.0;1;2;3.0;0.0
26726138;0;0;2;2.0;1;2;2.0;0.0
26726737;0;0;5;9.0;1;5;0.0;5.0
26727689;0;0;3;4.0;1;4;0.0;3.0
26727905;0;0;3;4.0;1;4;0.0;3.0
26728705;0;0;4;5.0;1;5;0.0;4.0
26729027;0;0;3;4.0;1;4;0.0;3.0
26729532;0;0;10;13.0;1;5;0.0;10.0
26730491;0;0;5;6.0;1;4;0.0;5.0
26730598;0;0;3;4.0;1;4;0.0;3.0
26731399;0;0;3;4.0;1;4;0.0;3.0
26733082;0;0;7;13.0;1;6;2.0;5.0
26733525;0;0;9;9.0;1;3;0.0;9.0
26733793;0;0;5;5.0;1;2;0.0;5.0
26734014;0;0;4;5.0;1;5;0.0;4.0
26734130;0;0;3;4.0;1;4;0.0;3.0
26734350;0;0;2;2.0;1;2;2.0;0.0
26735192;0;0;5;8.0;1;5;2.0;3.0
26735539;0;0;2;2.0;1;2;2.0;0.0
26736251;0;0;3;4.0;1;4;0.0;3.0
26736469;0;0;4;7.0;1;4;0.0;4.0
2674413;1;2;1;2.0;1;2;4.0;0.0
26748923;0;0;2;3.0;1;3;2.0;0.0
26749116;0;0;3;4.0;1;4;0.0;3.0
26749376;0;0;6;8.0;1;4;0.0;6.0
26750214;0;0;8;11.0;1;4;0.0;8.0
26751811;0;0;7;9.0;1;6;2.0;5.0
2675454;1;3;1;1.0;1;1;5.0;0.0
26755878;0;0;3;4.0;1;4;0.0;3.0
26757020;0;0;3;4.0;1;4;0.0;3.0
26758177;0;0;3;4.0;1;4;0.0;3.0
26759230;0;0;4;6.0;1;4;0.0;4.0
26760166;0;0;2;2.0;1;2;2.0;0.0
26764781;0;0;9;11.0;1;5;0.0;9.0
26765330;0;0;5;9.0;1;3;5.0;0.0
26768572;0;0;3;4.0;1;4;0.0;3.0
26769091;0;0;3;4.0;1;4;0.0;3.0
26770789;0;0;5;7.0;1;4;0.0;5.0
26771184;0;0;4;6.0;1;3;0.0;4.0
26774004;0;0;5;7.0;1;4;0.0;5.0
26774078;0;0;0;0.0;1;0;0.0;0.0
26775731;0;0;3;3.0;1;3;0.0;3.0
26775919;0;0;3;4.0;1;3;3.0;0.0
267763;0;1;1;0.0;1;0;2.0;0.0
26777261;0;0;4;6.0;1;4;0.0;4.0
2678156;0;0;0;0.0;1;0;0.0;0.0
26788824;0;0;3;4.0;1;4;0.0;3.0
26790435;0;0;4;6.0;1;4;0.0;4.0
26790529;0;0;3;4.0;1;4;0.0;3.0
26795963;0;0;5;7.0;1;4;0.0;5.0
26798312;0;0;5;9.0;1;4;0.0;5.0
26799592;0;0;3;4.0;1;4;0.0;3.0
26800106;0;0;3;4.0;1;4;0.0;3.0
26803210;0;0;4;3.0;1;3;4.0;0.0
26805581;0;0;3;5.0;1;4;0.0;3.0
26810654;0;0;3;4.0;1;4;0.0;3.0
26815712;0;0;3;4.0;1;4;0.0;3.0
2682348;2;0;0;1.0;2;1;2.0;0.0
26835770;0;0;1;1.0;1;1;1.0;0.0
2683658;14;3;2;5.0;1;7;4.0;15.0
26838597;0;0;3;4.0;1;4;0.0;3.0
26839461;0;0;4;5.0;1;4;0.0;4.0
26843011;0;0;11;17.0;1;4;0.0;11.0
26845511;0;0;1;1.0;1;1;1.0;0.0
26847778;0;0;2;3.0;1;3;2.0;0.0
26849124;0;0;17;37.0;1;2;0.0;17.0
26852761;0;0;5;5.0;1;3;0.0;5.0
26852856;0;0;3;6.0;1;4;0.0;3.0
26855204;0;0;4;4.0;1;3;0.0;4.0
26857078;0;0;2;4.0;1;3;2.0;0.0
26875338;0;0;4;6.0;1;4;0.0;4.0
26876366;0;0;4;4.0;1;3;0.0;4.0
268790;10;13;6;23.0;1;25;20.0;9.0
26882827;0;0;0;0.0;1;0;0.0;0.0
26888260;0;0;3;7.0;1;2;0.0;3.0
26889844;0;0;10;14.0;1;4;0.0;10.0
26893287;0;0;4;5.0;1;3;0.0;4.0
26897338;0;0;7;11.0;1;3;0.0;7.0
2689809;1;8;2;10.0;2;10;1.0;10.0
26899224;0;0;3;4.0;1;4;0.0;3.0
26902550;0;0;5;6.0;1;4;0.0;5.0
2690661;4;4;2;5.0;1;6;10.0;0.0
2690704;0;0;0;0.0;1;0;0.0;0.0
2691529;0;1;0;0.0;1;0;1.0;0.0
26916322;0;0;4;6.0;1;4;0.0;4.0
26917107;0;0;4;7.0;1;4;0.0;4.0
26926170;0;0;3;5.0;1;3;0.0;3.0
2692682;15;15;8;26.0;1;36;8.0;30.0
2692715;47;57;32;112.0;2;56;27.0;109.0
26929259;0;0;2;5.0;1;3;2.0;0.0
26931110;0;0;6;9.0;1;3;0.0;6.0
26932496;0;0;3;5.0;1;3;0.0;3.0
26935082;0;0;15;20.0;1;4;0.0;15.0
26940459;0;0;3;5.0;1;3;0.0;3.0
26940918;0;0;5;7.0;1;4;0.0;5.0
26942713;0;0;5;7.0;1;4;0.0;5.0
26942800;0;0;4;7.0;1;3;0.0;4.0
26961752;0;0;6;8.0;1;4;0.0;6.0
2696992;15;12;2;19.0;1;19;9.0;20.0
26970566;0;0;5;4.0;1;2;0.0;5.0
26972539;0;0;11;16.0;1;4;0.0;11.0
26973683;0;0;6;9.0;1;3;0.0;6.0
26976248;0;0;3;5.0;1;3;0.0;3.0
26983247;0;0;4;6.0;1;3;0.0;4.0
2699606;4;4;4;12.0;2;13;12.0;0.0
26999356;0;0;4;6.0;1;3;0.0;4.0
26999410;0;0;0;0.0;1;0;0.0;0.0
269995;4;9;2;10.0;1;12;8.0;7.0
27002948;0;0;4;5.0;1;3;0.0;4.0
2700585;6;10;2;15.0;3;18;18.0;0.0
2701229;2;2;0;1.0;1;1;4.0;0.0
27019490;0;0;4;7.0;1;3;0.0;4.0
2703226;41;18;1;36.0;4;43;25.0;35.0
27045170;0;0;0;0.0;1;0;0.0;0.0
27055402;0;0;10;21.0;1;3;0.0;10.0
2705746;0;2;0;1.0;1;1;2.0;0.0
27065607;0;0;4;6.0;1;3;0.0;4.0
2706692;1;2;0;0.0;1;0;3.0;0.0
27071732;0;0;0;0.0;1;0;0.0;0.0
27079356;0;0;1;2.0;1;2;1.0;0.0
27080622;0;0;0;0.0;1;0;0.0;0.0
27082767;0;0;9;19.0;1;3;0.0;9.0
27082827;0;0;1;2.0;1;2;1.0;0.0
2709941;0;1;1;1.0;1;1;2.0;0.0
27102041;0;0;16;26.0;1;3;0.0;16.0
2710968;6;2;0;6.0;1;8;0.0;8.0
271097;1;1;0;0.0;1;0;2.0;0.0
2711051;4;0;0;0.0;1;3;0.0;4.0
27111683;0;0;4;9.0;1;2;0.0;4.0
27117505;0;0;6;11.0;1;3;0.0;6.0
271401;13;1;0;6.0;1;11;0.0;14.0
27142386;0;0;3;6.0;1;2;0.0;3.0
2714867;7;7;5;15.0;1;17;19.0;0.0
2715074;3;3;1;4.0;1;4;7.0;0.0
2715573;1;0;0;0.0;1;0;1.0;0.0
27158135;0;0;7;12.0;1;3;0.0;7.0
27165400;0;0;2;1.0;1;1;2.0;0.0
27174072;0;0;0;0.0;1;0;0.0;0.0
27174135;0;0;0;0.0;1;0;0.0;0.0
27174136;0;0;0;1.0;1;1;0.0;0.0
2717481;4;5;23;36.0;1;15;32.0;0.0
271848;2;2;0;2.0;1;4;0.0;4.0
2718678;0;16;0;16.0;1;9;0.0;16.0
2718730;0;0;0;0.0;1;0;0.0;0.0
2719632;9;1;1;6.0;1;11;0.0;11.0
27203820;0;0;1;1.0;1;1;1.0;0.0
27206656;0;0;0;0.0;1;0;0.0;0.0
27218408;0;0;3;6.0;1;2;0.0;3.0
27224148;0;0;1;2.0;1;2;1.0;0.0
2722538;1;1;0;0.0;1;0;2.0;0.0
2724040;0;1;0;1.0;1;1;1.0;0.0
2724426;12;17;7;30.0;1;31;0.0;36.0
2724605;0;1;1;0.0;1;0;2.0;0.0
2725245;12;50;22;87.0;1;26;1.0;83.0
2725281;1;7;5;9.0;1;5;4.0;9.0
2725682;16;35;17;59.0;4;44;60.0;8.0
27269852;0;0;1;2.0;1;2;0.0;1.0
27270237;0;0;0;0.0;1;0;0.0;0.0
27274220;0;0;0;1.0;1;1;0.0;0.0
2727846;2;0;0;0.0;1;1;2.0;0.0
2728415;5;8;1;9.0;1;10;14.0;0.0
27285208;0;0;0;1.0;1;1;0.0;0.0
2728606;3;4;14;21.0;1;16;15.0;6.0
2731023;0;1;0;1.0;3;1;1.0;0.0
2731575;5;2;0;3.0;1;7;7.0;0.0
2732061;1;6;13;20.0;1;13;2.0;18.0
2732143;1;2;2;1.0;1;1;5.0;0.0
2732264;9;0;0;0.0;1;4;0.0;9.0
27356;8;2;0;0.0;2;5;6.0;4.0
27369129;0;0;0;0.0;1;0;0.0;0.0
27381167;0;0;0;0.0;1;0;0.0;0.0
2740888;1;1;0;0.0;1;0;2.0;0.0
27417971;0;0;0;1.0;1;1;0.0;0.0
27418172;0;0;0;1.0;1;1;0.0;0.0
27419851;0;0;0;0.0;1;0;0.0;0.0
27420054;0;0;0;1.0;1;1;0.0;0.0
27420344;0;0;0;1.0;1;1;0.0;0.0
27422437;0;0;0;0.0;1;0;0.0;0.0
27425295;0;0;0;0.0;1;0;0.0;0.0
27425840;0;0;0;1.0;1;1;0.0;0.0
27427695;0;0;0;1.0;1;1;0.0;0.0
27427892;0;0;0;1.0;1;1;0.0;0.0
27428763;0;0;0;0.0;1;0;0.0;0.0
27429024;0;0;0;1.0;1;1;0.0;0.0
27429175;0;0;0;1.0;1;1;0.0;0.0
27429203;0;0;0;0.0;1;0;0.0;0.0
27429484;0;0;0;0.0;1;0;0.0;0.0
2743059;1;2;0;2.0;1;2;3.0;0.0
2743142;44;1;0;10.0;1;14;1.0;44.0
2743198;12;11;6;23.0;1;30;0.0;29.0
27433281;0;0;0;0.0;1;0;0.0;0.0
27433493;0;0;0;1.0;1;1;0.0;0.0
27434692;0;0;0;1.0;1;1;0.0;0.0
2743674;3;0;3;6.0;1;5;0.0;6.0
2743856;3;0;0;2.0;2;2;3.0;0.0
2743900;0;12;6;18.0;1;16;0.0;18.0
2744005;2;5;0;4.0;3;6;7.0;0.0
27448157;0;0;0;0.0;1;0;0.0;0.0
27451348;0;0;0;0.0;1;0;0.0;0.0
2746904;13;2;0;7.0;1;14;0.0;15.0
2747056;8;0;0;3.0;1;8;0.0;8.0
274917;0;3;6;10.0;1;10;0.0;9.0
2751242;20;11;4;29.0;1;25;2.0;33.0
2751859;7;2;0;1.0;1;8;0.0;9.0
2752293;12;3;2;2.0;4;6;9.0;8.0
2752487;19;0;0;9.0;1;12;0.0;19.0
2755053;1;1;1;0.0;1;0;3.0;0.0
2757240;5;3;3;6.0;1;9;11.0;0.0
2758096;2;4;6;13.0;1;13;2.0;10.0
2759140;30;3;1;1.0;1;8;6.0;28.0
2759567;1;1;1;0.0;4;0;3.0;0.0
2759723;0;2;0;2.0;1;2;2.0;0.0
2760241;4;4;2;4.0;1;6;10.0;0.0
2760359;3;0;1;1.0;1;3;4.0;0.0
2765526;6;22;7;31.0;1;25;8.0;27.0
2765585;5;2;0;2.0;1;6;7.0;0.0
2765773;1;0;0;0.0;1;0;1.0;0.0
2767022;5;0;0;0.0;1;5;0.0;5.0
2767767;1;0;0;0.0;1;0;1.0;0.0
2769061;3;8;6;17.0;3;18;1.0;16.0
2769433;1;2;0;2.0;1;2;3.0;0.0
2771780;1;1;8;8.0;1;7;4.0;6.0
2772015;12;0;0;5.0;1;12;0.0;12.0
2774596;14;0;0;0.0;1;5;0.0;14.0
2774798;6;0;4;5.0;2;7;0.0;10.0
2775047;1;0;3;3.0;1;4;0.0;4.0
2777123;1;1;1;0.0;1;0;3.0;0.0
277776;0;2;1;2.0;1;2;3.0;0.0
2779785;1;3;0;4.0;1;4;0.0;4.0
2781136;0;4;2;6.0;1;6;0.0;6.0
2781227;1;6;0;6.0;2;6;0.0;7.0
2781310;5;0;0;2.0;2;4;5.0;0.0
2781379;7;0;0;0.0;1;6;0.0;7.0
2781921;1;1;0;0.0;1;0;2.0;0.0
2783041;5;8;1;8.0;1;9;8.0;6.0
2783042;0;0;0;0.0;1;0;0.0;0.0
2784324;12;7;0;12.0;1;19;0.0;19.0
2788119;1;1;1;0.0;2;0;3.0;0.0
2789156;2;5;1;4.0;3;3;8.0;0.0
2789984;8;0;0;1.0;1;8;0.0;8.0
2790074;1;3;1;1.0;1;1;5.0;0.0
2790533;3;6;3;11.0;2;12;12.0;0.0
2790671;6;1;0;1.0;1;4;1.0;6.0
2790774;6;7;6;20.0;1;20;9.0;10.0
2791641;13;27;7;35.0;1;33;10.0;37.0
2793266;26;54;20;92.0;1;32;8.0;92.0
2794447;0;4;0;4.0;1;4;0.0;4.0
2797417;4;3;2;6.0;1;8;9.0;0.0
2799216;9;1;0;1.0;1;8;2.0;8.0
2801985;2;2;7;10.0;2;9;5.0;6.0
2803647;2;0;0;0.0;1;2;0.0;2.0
2803822;0;13;7;20.0;1;13;0.0;20.0
2806747;11;3;1;6.0;2;15;9.0;6.0
28080;1;2;0;2.0;1;3;0.0;3.0
2809012;5;0;0;5.0;1;5;5.0;0.0
281282;3;8;2;12.0;1;11;13.0;0.0
2814515;0;0;0;0.0;3;0;0.0;0.0
2814648;2;11;1;13.0;1;13;2.0;12.0
2815287;15;14;11;32.0;3;32;18.0;22.0
2815538;4;9;6;17.0;1;16;5.0;14.0
2816416;4;0;0;0.0;1;3;0.0;4.0
2817076;8;15;10;30.0;1;24;33.0;0.0
2818209;9;0;5;7.0;1;11;7.0;7.0
2819286;14;0;3;13.0;1;12;13.0;4.0
2822471;32;22;7;43.0;1;31;0.0;61.0
2822490;2;2;1;0.0;3;1;5.0;0.0
2822764;1;2;1;0.0;1;0;4.0;0.0
2823107;1;0;0;0.0;1;0;1.0;0.0
2824153;1;1;0;0.0;1;0;2.0;0.0
2825926;6;2;0;7.0;1;8;0.0;8.0
2831117;5;16;11;30.0;1;22;2.0;30.0
2831138;8;3;0;2.0;2;8;7.0;4.0
2831561;2;6;0;7.0;1;8;8.0;0.0
2832061;4;0;0;4.0;1;4;0.0;4.0
283305;2;3;2;4.0;1;4;7.0;0.0
2833532;2;7;1;6.0;1;6;4.0;6.0
2833666;0;1;0;0.0;1;0;1.0;0.0
2834259;18;2;0;1.0;1;9;5.0;15.0
2834641;3;12;6;22.0;1;22;0.0;21.0
283865;3;3;1;2.0;2;2;7.0;0.0
2839013;13;7;11;22.0;1;23;2.0;29.0
2839092;3;1;2;3.0;1;4;6.0;0.0
2839803;1;0;0;0.0;1;0;1.0;0.0
2840009;0;11;16;26.0;2;16;2.0;25.0
2840390;21;14;13;35.0;2;39;38.0;10.0
2841118;0;13;0;14.0;1;9;0.0;13.0
2841382;1;0;0;0.0;1;1;1.0;0.0
2841429;1;11;0;11.0;1;11;1.0;11.0
284231;2;1;0;0.0;1;0;3.0;0.0
2846864;20;25;11;45.0;2;34;56.0;0.0
2848060;0;0;0;0.0;2;0;0.0;0.0
2848225;4;8;2;11.0;1;11;14.0;0.0
2849608;4;3;6;14.0;1;14;0.0;13.0
2850342;18;20;13;39.0;2;47;14.0;37.0
2851080;0;4;5;10.0;1;10;0.0;9.0
2851182;0;0;0;0.0;2;0;0.0;0.0
2852535;2;3;2;5.0;1;5;7.0;0.0
2852566;3;0;0;1.0;1;2;3.0;0.0
2856182;0;2;4;5.0;1;5;6.0;0.0
2859044;19;2;0;4.0;4;12;4.0;17.0
2860658;10;4;2;9.0;1;16;6.0;10.0
2864130;5;5;0;8.0;2;7;10.0;0.0
2865559;1;8;1;8.0;1;7;10.0;0.0
2866063;1;1;1;1.0;3;1;3.0;0.0
2869456;1;1;1;0.0;2;0;3.0;0.0
2869965;1;0;0;0.0;2;0;1.0;0.0
2870067;6;0;10;11.0;1;11;1.0;15.0
2872387;0;9;6;15.0;1;15;0.0;15.0
2872893;41;81;37;149.0;1;49;23.0;136.0
2873223;2;1;0;0.0;1;0;3.0;0.0
2873844;0;11;20;31.0;1;14;4.0;27.0
2874652;0;0;3;4.0;1;4;3.0;0.0
2874702;1;2;0;0.0;1;0;3.0;0.0
2875607;3;0;0;2.0;1;2;3.0;0.0
2876155;12;15;7;29.0;1;31;0.0;34.0
2876832;36;30;8;53.0;2;36;7.0;67.0
2877216;1;59;60;124.0;1;20;3.0;117.0
2877320;6;25;4;31.0;3;20;6.0;29.0
2877405;2;2;0;3.0;1;3;0.0;4.0
2878089;0;1;1;1.0;1;1;2.0;0.0
2878109;8;0;0;1.0;1;5;0.0;8.0
2881351;12;57;42;109.0;1;28;2.0;109.0
2881375;1;1;0;1.0;1;1;2.0;0.0
2882878;1;0;0;0.0;1;0;1.0;0.0
2883191;18;12;0;18.0;1;22;4.0;26.0
2884175;0;1;0;1.0;1;1;1.0;0.0
2884650;1;1;1;0.0;2;0;3.0;0.0
288558;13;8;0;13.0;1;20;0.0;21.0
2885800;1;1;0;0.0;1;0;2.0;0.0
2885872;12;14;13;33.0;2;37;2.0;37.0
2885945;3;2;1;1.0;1;2;6.0;0.0
2886303;6;0;0;0.0;1;4;0.0;6.0
2886717;1;2;8;10.0;3;10;3.0;8.0
2886781;4;1;0;0.0;1;3;5.0;0.0
2886994;2;1;0;0.0;1;1;3.0;0.0
2891200;12;27;13;46.0;2;44;16.0;36.0
2891869;2;1;0;1.0;1;1;3.0;0.0
2892066;4;5;1;5.0;1;5;10.0;0.0
2892109;1;1;1;0.0;1;0;3.0;0.0
28923;9;1;0;0.0;1;3;2.0;8.0
289237;0;1;0;0.0;1;0;1.0;0.0
2893106;1;1;1;1.0;1;1;3.0;0.0
2894279;0;0;0;0.0;1;0;0.0;0.0
2894938;2;2;3;6.0;1;8;0.0;7.0
2895647;6;4;8;12.0;1;18;2.0;16.0
2896325;1;4;2;8.0;1;8;0.0;7.0
2899743;0;8;7;15.0;1;15;1.0;14.0
2900658;6;8;13;29.0;1;23;14.0;13.0
2901402;0;1;1;1.0;1;1;2.0;0.0
2904599;2;6;0;8.0;1;8;0.0;8.0
290633;4;15;6;27.0;1;18;0.0;25.0
290667;4;7;1;10.0;2;10;12.0;0.0
2909234;17;65;72;158.0;1;31;0.0;154.0
2909699;0;10;7;18.0;1;16;0.0;17.0
2910451;0;5;3;9.0;1;9;0.0;8.0
2910907;13;8;0;13.0;2;16;17.0;4.0
2911218;2;2;1;1.0;1;2;5.0;0.0
2912390;12;12;6;24.0;1;31;0.0;30.0
2915863;23;16;12;41.0;1;31;1.0;50.0
2916446;4;11;3;19.0;1;14;0.0;18.0
2917069;2;3;1;2.0;1;3;6.0;0.0
2917182;1;0;0;0.0;1;0;1.0;0.0
2917708;0;0;1;1.0;1;1;1.0;0.0
2917787;15;14;4;23.0;3;30;5.0;28.0
2918150;0;1;0;0.0;1;0;1.0;0.0
2919453;0;2;0;0.0;1;0;2.0;0.0
2919837;1;1;0;0.0;1;0;2.0;0.0
2919887;16;4;0;12.0;1;14;1.0;19.0
292002;3;0;0;1.0;2;2;3.0;0.0
2924071;1;2;1;4.0;1;4;4.0;0.0
2925506;0;0;1;2.0;1;2;1.0;0.0
2926198;0;1;0;0.0;2;0;1.0;0.0
2926818;5;9;6;22.0;1;22;0.0;20.0
2927596;12;2;6;14.0;1;17;6.0;14.0
2927682;1;1;0;1.0;1;1;2.0;0.0
2930157;14;7;0;14.0;1;19;5.0;16.0
2930435;2;0;0;1.0;1;2;2.0;0.0
2932480;1;0;1;0.0;1;0;2.0;0.0
2932612;13;23;6;35.0;2;38;8.0;34.0
2932993;2;2;1;3.0;1;3;5.0;0.0
2934000;7;9;8;17.0;2;21;11.0;13.0
2934329;5;7;1;9.0;3;12;6.0;7.0
2935576;5;1;0;0.0;1;4;6.0;0.0
2935664;0;1;1;0.0;1;0;2.0;0.0
2936016;7;3;3;8.0;1;11;7.0;6.0
2939447;3;9;9;21.0;1;18;7.0;14.0
2939700;0;7;2;9.0;2;7;4.0;5.0
2940141;1;1;0;0.0;3;0;2.0;0.0
2941008;2;0;1;2.0;1;2;3.0;0.0
2941553;0;0;2;1.0;1;1;2.0;0.0
294255;13;13;8;27.0;2;32;2.0;32.0
2943540;0;14;4;18.0;1;18;2.0;16.0
294405;14;11;6;23.0;1;30;0.0;31.0
2948211;2;0;0;1.0;2;1;2.0;0.0
294956;0;3;0;0.0;2;0;3.0;0.0
2950787;1;0;0;0.0;1;0;1.0;0.0
2955330;1;1;0;0.0;1;0;2.0;0.0
2955360;5;8;3;12.0;2;14;16.0;0.0
2956658;2;3;2;4.0;1;4;7.0;0.0
2956808;1;1;1;0.0;1;0;3.0;0.0
2958541;12;1;0;6.0;1;10;0.0;13.0
2961;9;12;6;25.0;1;27;0.0;27.0
2963246;2;2;2;3.0;1;3;6.0;0.0
2963881;2;27;30;66.0;1;24;49.0;10.0
296402;1;2;2;2.0;2;2;5.0;0.0
2965822;12;3;0;5.0;1;12;5.0;10.0
2965877;1;0;0;0.0;1;0;1.0;0.0
2965943;5;0;1;1.0;1;4;0.0;6.0
2969258;0;1;1;0.0;1;0;2.0;0.0
297038;17;0;0;1.0;2;12;0.0;17.0
2970806;2;0;0;0.0;2;0;2.0;0.0
2971722;0;0;0;0.0;1;0;0.0;0.0
2973499;1;1;0;1.0;1;1;2.0;0.0
2974406;1;1;1;1.0;2;1;3.0;0.0
2974949;0;0;1;0.0;1;0;1.0;0.0
2978319;2;0;0;0.0;1;0;2.0;0.0
2986328;5;2;5;12.0;1;12;0.0;12.0
299105;12;3;3;12.0;1;19;0.0;18.0
2993595;1;1;0;0.0;1;0;2.0;0.0
3002693;0;0;6;6.0;1;4;0.0;6.0
3003008;19;12;7;24.0;1;31;2.0;36.0
300646;1;2;1;1.0;1;1;4.0;0.0
3006611;1;2;1;1.0;1;1;4.0;0.0
3012767;12;6;0;11.0;1;18;0.0;18.0
3013764;2;0;1;0.0;1;0;3.0;0.0
301961;3;4;2;11.0;1;11;9.0;0.0
3019852;0;1;0;0.0;1;0;1.0;0.0
3020197;0;1;0;0.0;2;0;1.0;0.0
3021103;1;1;0;1.0;1;2;2.0;0.0
3021913;0;9;6;16.0;1;16;0.0;15.0
3022384;3;0;0;0.0;1;3;3.0;0.0
3022477;3;4;0;6.0;1;6;7.0;0.0
3024381;3;4;2;3.0;3;5;9.0;0.0
3025106;1;1;0;0.0;1;0;2.0;0.0
3025962;0;0;3;4.0;1;4;0.0;3.0
3027008;0;14;8;23.0;1;10;0.0;22.0
3031874;0;1;0;0.0;1;0;1.0;0.0
3032054;8;10;2;14.0;1;19;6.0;14.0
303475;31;10;2;15.0;3;24;16.0;27.0
3035179;19;0;0;0.0;2;12;0.0;19.0
3035857;21;41;20;75.0;1;46;56.0;26.0
3036085;5;0;0;2.0;1;3;5.0;0.0
3036364;1;0;1;0.0;1;0;2.0;0.0
3036788;2;1;0;3.0;1;3;3.0;0.0
3037805;0;0;0;0.0;1;0;0.0;0.0
3038365;0;7;8;17.0;1;13;0.0;15.0
3043671;6;11;17;31.0;1;21;0.0;34.0
304420;7;9;0;16.0;1;9;0.0;16.0
3046487;3;1;1;1.0;1;1;5.0;0.0
304670;0;1;0;1.0;1;1;1.0;0.0
3049774;10;2;0;6.0;1;11;1.0;11.0
3050569;24;24;12;48.0;1;31;0.0;60.0
3050681;7;5;0;9.0;1;10;3.0;9.0
3051801;6;0;0;5.0;1;6;0.0;6.0
3052034;1;0;0;0.0;1;0;1.0;0.0
305479;0;1;0;1.0;1;1;1.0;0.0
305594;1;1;0;0.0;1;0;2.0;0.0
3061296;15;0;0;0.0;2;6;0.0;15.0
3061836;18;5;7;23.0;3;28;14.0;16.0
3063062;12;0;0;5.0;1;12;0.0;12.0
3065261;0;0;4;5.0;1;5;0.0;4.0
306700;2;4;0;3.0;1;4;6.0;0.0
3067038;0;2;3;5.0;1;5;0.0;5.0
3067914;2;1;0;1.0;1;2;3.0;0.0
3068317;4;4;2;8.0;1;9;6.0;4.0
3068480;1;0;0;0.0;1;0;1.0;0.0
3070252;3;1;11;17.0;1;13;11.0;4.0
3070408;1;1;0;0.0;1;0;2.0;0.0
3070986;2;1;1;0.0;1;0;4.0;0.0
3071295;6;6;2;9.0;1;12;9.0;5.0
307191;8;10;4;13.0;2;12;2.0;20.0
3073323;7;1;0;7.0;1;7;0.0;8.0
3073344;0;1;1;0.0;1;0;2.0;0.0
3076365;1;0;1;0.0;1;0;2.0;0.0
3076444;15;0;0;0.0;1;4;0.0;15.0
3077284;6;2;0;2.0;2;9;0.0;8.0
3077567;0;0;4;5.0;1;5;0.0;4.0
307820;3;0;0;4.0;1;4;0.0;3.0
3078553;12;13;0;18.0;1;21;0.0;25.0
3078717;2;12;6;21.0;1;21;0.0;20.0
3078768;1;1;2;2.0;1;2;4.0;0.0
3078923;31;16;5;37.0;3;37;16.0;36.0
30793;0;1;1;1.0;1;1;2.0;0.0
3080891;2;2;2;1.0;4;1;6.0;0.0
3081665;10;5;10;16.0;1;18;12.0;13.0
3082737;1;0;0;0.0;2;0;1.0;0.0
3083515;1;2;2;2.0;3;2;5.0;0.0
3083904;3;0;0;0.0;1;3;0.0;3.0
3084168;23;23;7;38.0;1;32;2.0;51.0
3085302;11;18;13;39.0;3;30;8.0;34.0
308595;5;7;1;7.0;1;9;13.0;0.0
3086253;5;14;8;26.0;1;26;4.0;23.0
3088627;0;0;0;0.0;1;0;0.0;0.0
3088879;8;19;17;44.0;2;20;3.0;41.0
3088907;1;2;1;0.0;1;0;4.0;0.0
309045;14;13;5;23.0;3;32;28.0;4.0
3091321;7;0;6;9.0;1;10;0.0;13.0
3091370;2;5;1;6.0;1;6;8.0;0.0
3091431;4;0;5;4.0;1;7;3.0;6.0
3092788;2;0;5;6.0;1;6;0.0;7.0
3093522;4;3;0;8.0;1;8;0.0;7.0
309354;17;9;8;26.0;1;32;6.0;28.0
3093625;1;1;0;0.0;1;0;2.0;0.0
309374;3;6;5;13.0;1;11;9.0;5.0
3093834;0;1;1;0.0;2;0;2.0;0.0
3093854;7;24;35;70.0;3;28;10.0;56.0
309550;2;26;9;36.0;1;16;2.0;35.0
309559;0;1;10;11.0;1;10;5.0;6.0
3096291;1;8;8;18.0;1;16;5.0;12.0
309659;1;4;5;6.0;1;5;6.0;4.0
309660;12;27;6;40.0;2;31;15.0;30.0
3096610;6;12;3;18.0;2;18;21.0;0.0
309754;1;1;0;0.0;1;0;2.0;0.0
3098923;3;8;9;18.0;1;19;8.0;12.0
3099051;11;2;0;7.0;1;13;0.0;13.0
3100634;4;3;4;8.0;1;7;0.0;11.0
3105566;4;0;2;1.0;2;4;6.0;0.0
3106058;4;0;0;0.0;1;4;0.0;4.0
3106160;4;12;11;26.0;2;17;2.0;25.0
3113319;0;1;1;1.0;1;1;2.0;0.0
311395;12;8;2;16.0;1;19;6.0;16.0
3116539;2;0;0;0.0;1;0;2.0;0.0
3117222;8;0;4;13.0;1;8;0.0;12.0
3122842;8;13;6;24.0;1;26;27.0;0.0
3123102;5;2;2;5.0;1;5;4.0;5.0
31239;1;1;0;1.0;1;1;2.0;0.0
3127179;0;4;3;8.0;1;8;0.0;7.0
3128741;5;3;1;9.0;1;7;2.0;7.0
312965;3;22;59;100.0;1;19;0.0;84.0
3135329;1;0;0;0.0;1;0;1.0;0.0
3135997;2;1;6;8.0;1;9;0.0;9.0
3136928;17;12;1;18.0;2;28;0.0;30.0
3139036;0;9;6;16.0;1;16;0.0;15.0
3139478;3;11;8;16.0;1;16;8.0;14.0
3139765;1;9;5;15.0;1;13;0.0;15.0
3140246;25;35;84;126.0;3;34;12.0;132.0
3142814;8;5;0;9.0;1;12;0.0;13.0
3142907;0;14;2;15.0;1;13;3.0;13.0
3143093;1;0;0;0.0;1;0;1.0;0.0
314382;2;2;2;1.0;1;1;6.0;0.0
3145163;4;4;2;5.0;1;6;10.0;0.0
3145761;13;4;1;6.0;1;13;3.0;15.0
3146870;6;11;5;22.0;1;21;11.0;11.0
314842;8;3;1;4.0;1;8;4.0;8.0
3150312;1;0;0;0.0;1;0;1.0;0.0
3150496;0;1;0;1.0;1;1;1.0;0.0
3152483;18;13;10;29.0;2;35;19.0;22.0
3152791;1;0;0;0.0;2;0;1.0;0.0
3153688;0;1;0;0.0;1;0;1.0;0.0
3153906;1;0;0;0.0;1;0;1.0;0.0
31591;4;3;2;5.0;1;8;9.0;0.0
3159185;0;7;11;19.0;1;13;0.0;18.0
3160297;2;1;1;0.0;1;0;4.0;0.0
3160331;0;10;4;14.0;1;14;0.0;14.0
3161276;15;1;0;1.0;1;9;3.0;13.0
3162604;30;28;12;57.0;1;32;0.0;70.0
3162827;2;2;0;3.0;1;4;4.0;0.0
3163130;0;3;0;3.0;1;3;0.0;3.0
3166514;0;4;11;17.0;1;11;0.0;15.0
3168136;8;11;10;22.0;3;21;29.0;0.0
3169200;0;6;2;11.0;1;9;0.0;8.0
3170192;0;0;0;1.0;4;1;0.0;0.0
3172494;0;11;6;17.0;1;17;0.0;17.0
3173990;5;2;1;3.0;1;6;4.0;4.0
317466;4;1;0;1.0;1;4;5.0;0.0
3175176;4;4;2;3.0;3;3;10.0;0.0
3175822;7;4;1;5.0;2;9;12.0;0.0
3177725;9;2;0;5.0;1;11;0.0;11.0
3177733;1;1;0;1.0;1;1;2.0;0.0
3180557;2;1;1;0.0;1;1;4.0;0.0
3183078;1;1;1;1.0;2;1;3.0;0.0
3183236;10;13;3;19.0;2;23;26.0;0.0
3183338;0;2;2;4.0;1;4;0.0;4.0
3185025;6;0;0;2.0;1;6;0.0;6.0
3186219;5;5;12;19.0;1;15;8.0;14.0
3186304;17;0;0;8.0;1;7;0.0;17.0
3186697;4;104;26;130.0;1;26;7.0;127.0
3189407;0;1;0;1.0;1;1;1.0;0.0
3190236;2;0;0;0.0;1;1;2.0;0.0
3190346;19;11;4;18.0;1;26;9.0;25.0
3194038;19;17;7;31.0;1;32;3.0;40.0
3194122;2;97;12;112.0;3;39;22.0;89.0
3198937;0;0;1;3.0;1;3;1.0;0.0
3199589;3;2;3;5.0;1;5;8.0;0.0
3201679;0;0;6;7.0;1;7;0.0;6.0
3202223;2;0;0;1.0;1;1;2.0;0.0
3202941;6;7;3;15.0;2;16;16.0;0.0
3207841;27;32;49;90.0;1;34;8.0;100.0
3209145;3;1;0;0.0;1;2;4.0;0.0
3209907;9;14;10;27.0;1;25;2.0;31.0
321279;0;0;0;0.0;1;0;0.0;0.0
3215114;1;2;0;2.0;4;3;3.0;0.0
321568;1;4;2;4.0;1;3;7.0;0.0
321572;22;10;5;21.0;1;24;6.0;31.0
321577;11;17;5;30.0;1;30;26.0;7.0
321738;1;1;0;1.0;1;1;2.0;0.0
3217858;12;1;0;7.0;1;14;0.0;13.0
3218324;1;1;0;0.0;1;0;2.0;0.0
3218361;1;5;1;6.0;1;7;7.0;0.0
3220551;3;7;0;10.0;1;9;4.0;6.0
3226806;2;16;11;29.0;2;17;2.0;27.0
3227046;0;0;1;0.0;1;0;1.0;0.0
3227359;0;2;1;1.0;1;1;3.0;0.0
3228704;0;6;0;6.0;1;6;0.0;6.0
3229004;16;12;6;26.0;2;35;0.0;34.0
3236861;0;1;6;8.0;1;8;0.0;7.0
323987;1;4;2;4.0;1;4;7.0;0.0
3243581;0;0;0;0.0;1;0;0.0;0.0
3249704;2;6;2;9.0;1;9;10.0;0.0
3250312;16;8;0;14.0;1;23;7.0;17.0
3251216;2;3;0;1.0;1;1;5.0;0.0
3251421;1;1;0;1.0;1;2;2.0;0.0
3251714;2;5;0;5.0;1;4;7.0;0.0
325239;1;0;0;0.0;1;0;1.0;0.0
3254030;12;0;0;2.0;1;9;0.0;12.0
3259041;10;5;0;7.0;1;10;4.0;11.0
3259163;60;49;15;91.0;2;64;0.0;124.0
3261337;10;7;0;9.0;1;15;0.0;17.0
3262593;0;1;0;1.0;3;1;1.0;0.0
3263021;7;4;2;8.0;1;9;13.0;0.0
3263236;1;2;1;0.0;3;0;4.0;0.0
326603;0;5;0;6.0;1;6;0.0;5.0
3267583;12;12;6;24.0;1;31;0.0;30.0
326814;14;17;9;34.0;1;31;0.0;40.0
3268927;1;1;0;0.0;2;0;2.0;0.0
3268956;13;14;3;20.0;1;26;26.0;4.0
3269226;1;1;1;0.0;1;0;3.0;0.0
3269850;5;2;1;2.0;1;5;8.0;0.0
3269991;7;6;0;10.0;1;10;1.0;12.0
3270191;3;15;5;23.0;1;18;5.0;18.0
3271223;1;3;1;2.0;1;2;5.0;0.0
327282;3;7;5;15.0;1;18;15.0;0.0
327382;2;3;1;2.0;1;3;6.0;0.0
32751;8;7;3;11.0;2;15;18.0;0.0
3275800;34;14;0;27.0;1;22;0.0;48.0
3276081;7;3;2;3.0;1;7;6.0;6.0
3276765;11;7;0;12.0;1;19;6.0;12.0
3277510;2;1;0;1.0;1;3;0.0;3.0
3278371;0;45;14;58.0;1;19;1.0;58.0
3278504;4;2;0;3.0;1;4;2.0;4.0
328301;0;1;0;0.0;1;0;1.0;0.0
3285129;5;10;3;13.0;3;15;18.0;0.0
3286739;1;6;1;9.0;1;9;4.0;4.0
3287746;3;3;7;8.0;1;10;6.0;7.0
3288557;8;13;8;24.0;1;19;17.0;12.0
3289309;2;1;2;2.0;1;2;5.0;0.0
3289745;0;3;3;6.0;1;6;0.0;6.0
3293686;2;0;0;0.0;2;1;2.0;0.0
3294318;1;2;0;2.0;1;2;3.0;0.0
3294556;5;8;2;7.0;1;10;15.0;0.0
3294924;4;15;4;20.0;1;18;5.0;18.0
3295930;2;0;0;0.0;2;0;2.0;0.0
3297695;2;1;0;0.0;1;0;3.0;0.0
330032;9;12;8;27.0;1;27;1.0;28.0
330213;2;0;0;0.0;1;1;2.0;0.0
3302582;1;1;0;0.0;2;0;2.0;0.0
3303851;3;1;0;0.0;1;1;4.0;0.0
3304153;25;3;0;8.0;1;18;7.0;21.0
3311329;43;35;10;72.0;1;41;16.0;72.0
3312414;1;1;1;0.0;1;0;3.0;0.0
3318724;0;0;1;4.0;3;4;1.0;0.0
3320402;0;1;1;0.0;1;0;2.0;0.0
3321130;1;2;0;3.0;1;3;0.0;3.0
3321201;2;2;0;1.0;1;1;4.0;0.0
3321751;1;36;22;58.0;1;21;4.0;55.0
3323345;1;7;1;6.0;1;6;3.0;6.0
3324388;3;1;0;3.0;1;4;4.0;0.0
33297;9;9;1;14.0;2;11;7.0;12.0
3330347;22;1;0;9.0;1;13;0.0;23.0
3332303;4;2;0;4.0;3;4;6.0;0.0
3332350;33;8;14;34.0;1;35;20.0;35.0
3334213;1;1;0;0.0;1;0;2.0;0.0
3334439;12;4;0;5.0;1;13;5.0;11.0
3338968;11;38;34;87.0;1;22;0.0;83.0
3339080;1;1;1;1.0;1;1;3.0;0.0
3339546;1;1;0;0.0;2;0;2.0;0.0
3340985;4;0;3;4.0;1;8;0.0;7.0
3341351;6;5;3;8.0;1;11;14.0;0.0
3341368;2;13;4;19.0;1;20;11.0;8.0
3342281;5;9;3;6.0;5;6;12.0;5.0
3342832;18;18;1;25.0;1;26;5.0;32.0
3343967;0;1;0;0.0;1;0;1.0;0.0
3346;17;12;14;34.0;3;37;24.0;19.0
3346536;3;2;9;10.0;1;7;6.0;8.0
33469;14;15;5;23.0;2;30;8.0;26.0
3347327;1;16;31;55.0;1;26;14.0;34.0
3347860;1;1;1;0.0;1;1;3.0;0.0
3347885;5;0;0;4.0;1;4;0.0;5.0
3348002;2;1;0;0.0;1;0;3.0;0.0
3348066;1;1;1;2.0;1;2;3.0;0.0
3349284;0;2;0;1.0;2;1;2.0;0.0
3350368;6;12;12;27.0;2;18;23.0;7.0
3351249;0;3;4;6.0;1;6;3.0;4.0
3351492;0;5;0;5.0;1;5;0.0;5.0
3351563;0;0;4;5.0;1;5;0.0;4.0
3352217;0;2;10;13.0;2;13;0.0;12.0
3352356;7;8;4;18.0;1;21;19.0;0.0
3352527;18;2;0;7.0;1;15;1.0;19.0
3352646;0;1;0;1.0;1;1;1.0;0.0
3353064;8;10;7;20.0;1;20;14.0;11.0
3359938;7;6;0;8.0;1;10;3.0;10.0
3360563;11;2;0;7.0;2;11;8.0;5.0
3362275;2;1;0;1.0;1;2;3.0;0.0
3362281;0;4;3;8.0;2;8;0.0;7.0
3365283;0;0;6;7.0;1;5;1.0;5.0
3366614;9;13;5;25.0;1;25;8.0;19.0
3368089;2;9;0;9.0;1;9;11.0;0.0
3368149;6;8;3;12.0;2;12;9.0;8.0
3368568;6;12;6;22.0;1;24;0.0;24.0
3370444;9;23;12;45.0;1;24;0.0;44.0
337054;9;21;8;28.0;1;25;9.0;29.0
3371345;45;20;20;62.0;2;36;6.0;79.0
3375465;0;3;1;2.0;1;2;4.0;0.0
3375869;23;18;8;37.0;1;37;10.0;39.0
3378360;1;23;1;27.0;1;9;0.0;25.0
3379407;1;0;0;0.0;1;0;1.0;0.0
3379622;5;4;1;5.0;1;8;10.0;0.0
3384755;2;5;0;7.0;1;7;0.0;7.0
3386891;0;1;3;4.0;1;4;0.0;4.0
3387985;1;1;0;0.0;1;0;2.0;0.0
3389055;0;2;7;9.0;1;9;2.0;7.0
3389789;1;4;0;5.0;1;5;0.0;5.0
3390147;0;8;3;11.0;1;11;0.0;11.0
33938;0;1;18;27.0;1;8;0.0;19.0
339604;23;11;4;27.0;4;28;8.0;30.0
3396375;0;10;4;14.0;1;14;0.0;14.0
3396990;1;12;12;32.0;2;11;2.0;23.0
3397649;32;42;23;85.0;1;32;0.0;97.0
3398405;6;6;3;12.0;1;16;15.0;0.0
3398707;1;1;0;0.0;1;0;2.0;0.0
3400162;1;0;0;1.0;1;1;1.0;0.0
3400271;0;0;0;0.0;1;0;0.0;0.0
3401870;4;1;0;0.0;1;2;5.0;0.0
340462;13;5;1;10.0;1;14;5.0;14.0
3405884;11;0;0;6.0;1;7;0.0;11.0
3406311;8;4;1;7.0;2;9;6.0;7.0
3412534;0;1;1;0.0;1;0;2.0;0.0
3416593;6;8;4;15.0;1;19;18.0;0.0
3417948;16;11;4;27.0;1;22;31.0;0.0
341973;0;3;0;2.0;1;2;3.0;0.0
342024;12;22;12;41.0;1;31;0.0;46.0
342299;1;2;1;1.0;1;1;4.0;0.0
342311;12;24;12;46.0;1;29;0.0;48.0
3423413;3;4;3;6.0;1;8;10.0;0.0
3428711;2;4;0;5.0;1;7;0.0;6.0
3434490;0;1;1;1.0;2;1;2.0;0.0
3444555;17;12;6;27.0;1;31;0.0;35.0
34485;4;22;6;29.0;3;27;26.0;6.0
345382;6;3;0;8.0;1;9;0.0;9.0
346230;12;12;6;24.0;1;31;0.0;30.0
3468938;0;9;12;21.0;1;12;0.0;21.0
3469181;2;0;1;1.0;1;1;3.0;0.0
3471716;0;4;0;4.0;1;4;0.0;4.0
347238;5;13;12;27.0;2;24;10.0;20.0
3473293;4;2;4;10.0;1;13;5.0;5.0
3474713;11;0;0;4.0;1;11;0.0;11.0
3474843;2;4;0;5.0;1;6;0.0;6.0
3478772;0;1;0;1.0;1;1;1.0;0.0
3479502;5;1;0;0.0;4;4;6.0;0.0
3480061;4;1;0;1.0;1;3;5.0;0.0
3480420;4;18;16;41.0;4;31;2.0;36.0
3481318;2;3;1;4.0;1;4;6.0;0.0
3482243;12;12;6;24.0;1;31;0.0;30.0
3482839;1;0;2;3.0;1;3;3.0;0.0
3483222;1;1;0;0.0;1;0;2.0;0.0
3483328;0;8;0;9.0;1;9;0.0;8.0
3484426;39;3;1;4.0;1;10;4.0;39.0
3488407;3;4;2;2.0;1;3;9.0;0.0
3489141;1;0;0;0.0;2;0;1.0;0.0
3493374;2;1;0;1.0;1;2;3.0;0.0
3494611;0;0;0;0.0;1;0;0.0;0.0
3494780;0;1;1;0.0;1;0;2.0;0.0
3498076;6;4;0;4.0;1;7;10.0;0.0
350009;8;11;0;18.0;1;11;0.0;19.0
350025;2;2;5;5.0;1;6;4.0;5.0
3506671;0;5;0;6.0;1;3;0.0;5.0
3507272;10;6;1;8.0;2;16;6.0;11.0
3508516;18;18;8;31.0;2;40;14.0;30.0
3509063;5;3;0;4.0;1;6;8.0;0.0
3509828;0;5;2;7.0;1;7;0.0;7.0
3509968;0;0;3;6.0;1;3;0.0;3.0
3510727;3;7;2;9.0;1;9;12.0;0.0
351083;0;7;6;13.0;1;12;0.0;13.0
351110;6;6;4;15.0;1;11;16.0;0.0
3511509;0;4;0;4.0;1;4;0.0;4.0
3512418;1;0;1;1.0;1;1;2.0;0.0
351579;15;16;5;27.0;4;27;30.0;6.0
3520889;2;0;0;0.0;2;0;2.0;0.0
3523939;13;16;12;35.0;2;30;2.0;39.0
3524013;1;1;0;1.0;1;1;2.0;0.0
3525466;11;1;0;6.0;1;12;0.0;12.0
3531304;60;43;13;74.0;4;69;29.0;87.0
3532761;4;2;2;6.0;1;7;3.0;5.0
3533465;1;1;0;1.0;1;1;2.0;0.0
3533795;0;1;2;3.0;1;3;3.0;0.0
353414;6;4;1;7.0;1;12;11.0;0.0
3534828;2;2;0;0.0;1;0;4.0;0.0
3535703;0;2;1;1.0;2;1;3.0;0.0
3535722;2;0;0;0.0;2;1;2.0;0.0
353574;4;2;1;1.0;2;3;7.0;0.0
3538774;0;1;0;0.0;1;0;1.0;0.0
3541197;1;1;0;0.0;1;0;2.0;0.0
3541602;5;8;0;10.0;1;12;0.0;13.0
3543190;1;1;11;15.0;1;8;3.0;10.0
3544948;10;19;3;28.0;1;21;32.0;0.0
3547788;0;0;7;8.0;1;6;0.0;7.0
3547922;2;2;0;1.0;1;2;4.0;0.0
3548900;4;5;2;6.0;1;10;11.0;0.0
3548982;14;12;0;19.0;1;18;4.0;22.0
3551794;2;2;0;0.0;1;0;4.0;0.0
3552362;13;5;1;9.0;1;16;3.0;16.0
3552977;12;31;33;70.0;5;36;17.0;59.0
3553230;15;2;25;52.0;1;13;0.0;42.0
3554282;10;12;2;22.0;1;10;0.0;24.0
3555218;1;2;0;0.0;3;0;3.0;0.0
3558440;4;3;3;5.0;1;7;10.0;0.0
3558452;9;11;6;21.0;6;21;26.0;0.0
3558827;9;7;2;13.0;1;14;9.0;9.0
3558931;17;3;1;6.0;3;17;12.0;9.0
3559619;1;1;0;0.0;1;0;2.0;0.0
3559665;1;15;1;14.0;1;14;8.0;9.0
3560118;11;15;13;37.0;1;31;10.0;29.0
3560180;2;3;2;1.0;1;1;7.0;0.0
3561228;0;22;26;49.0;1;15;0.0;48.0
3561719;12;7;0;12.0;1;19;0.0;19.0
3563160;5;13;12;30.0;2;25;3.0;27.0
3568588;1;1;0;0.0;2;1;2.0;0.0
3568949;6;3;2;7.0;2;9;11.0;0.0
3569654;0;2;1;0.0;2;0;3.0;0.0
3571272;6;6;3;13.0;1;15;15.0;0.0
3573238;3;3;1;1.0;1;2;7.0;0.0
3574526;1;1;1;0.0;1;0;3.0;0.0
3578043;1;0;0;0.0;1;0;1.0;0.0
3578256;25;33;16;64.0;1;52;28.0;46.0
35800;13;19;7;33.0;1;34;23.0;16.0
3580247;1;4;20;32.0;2;8;3.0;22.0
3580914;3;4;3;8.0;1;5;10.0;0.0
3581724;13;23;16;44.0;1;29;4.0;48.0
3582452;2;5;2;5.0;1;5;6.0;3.0
3582604;4;8;2;8.0;1;11;5.0;9.0
3583071;2;3;7;10.0;1;10;7.0;5.0
3583540;0;2;2;4.0;1;4;0.0;4.0
3584285;2;4;0;4.0;1;5;6.0;0.0
358700;1;3;2;2.0;2;2;6.0;0.0
3592815;1;0;0;0.0;4;0;1.0;0.0
3594930;5;10;0;11.0;2;13;5.0;10.0
3595079;1;1;0;2.0;1;2;2.0;0.0
3599929;1;2;2;3.0;1;3;5.0;0.0
3601546;4;0;0;1.0;1;3;4.0;0.0
3604577;9;20;18;50.0;1;26;4.0;43.0
3604754;18;26;4;43.0;1;39;29.0;19.0
3604988;7;1;0;4.0;3;4;4.0;4.0
3607763;4;2;3;7.0;1;8;2.0;7.0
3608578;0;11;119;146.0;1;8;0.0;130.0
361167;2;2;1;0.0;1;0;5.0;0.0
361178;5;13;2;14.0;1;10;6.0;14.0
3612194;0;11;30;41.0;1;8;0.0;41.0
361546;9;39;45;89.0;1;43;29.0;64.0
3616199;0;0;3;4.0;1;4;0.0;3.0
3619551;1;1;0;0.0;2;0;2.0;0.0
3621948;1;1;0;1.0;1;1;2.0;0.0
3625398;1;3;1;3.0;1;3;5.0;0.0
3625429;1;8;7;17.0;1;11;3.0;13.0
3626151;0;4;0;4.0;1;4;0.0;4.0
362623;2;0;0;0.0;1;2;2.0;0.0
3627431;12;3;0;8.0;1;15;0.0;15.0
3627609;0;1;1;1.0;1;1;2.0;0.0
3630402;0;0;3;4.0;1;4;0.0;3.0
363328;19;3;1;7.0;1;16;7.0;16.0
3634620;9;4;3;11.0;2;15;5.0;11.0
3635752;8;5;3;7.0;1;11;16.0;0.0
3636334;0;1;0;1.0;1;1;1.0;0.0
3637021;0;1;0;1.0;1;1;1.0;0.0
3637510;0;2;0;1.0;1;1;2.0;0.0
3637596;0;1;0;0.0;1;0;1.0;0.0
3638243;1;0;0;0.0;1;0;1.0;0.0
3638320;9;2;2;6.0;1;12;13.0;0.0
3640994;16;15;6;26.0;1;33;5.0;32.0
3644785;3;2;0;1.0;1;2;5.0;0.0
3646361;18;21;12;51.0;1;20;2.0;49.0
3646901;2;1;0;1.0;1;1;3.0;0.0
3647621;27;0;0;17.0;1;10;2.0;25.0
3648136;2;2;2;2.0;2;3;6.0;0.0
3648335;2;1;6;8.0;3;7;9.0;0.0
3648342;14;10;6;25.0;1;29;0.0;30.0
3648697;2;2;1;1.0;1;1;5.0;0.0
3651123;19;0;0;6.0;1;4;0.0;19.0
3651279;6;1;3;3.0;1;8;10.0;0.0
3654576;9;0;0;4.0;1;8;1.0;8.0
3655284;7;29;17;55.0;1;33;15.0;38.0
3658344;4;8;8;17.0;1;18;7.0;13.0
3658849;8;3;0;3.0;1;9;4.0;7.0
365969;3;6;3;11.0;1;11;12.0;0.0
3662655;2;4;1;5.0;1;6;7.0;0.0
3664430;12;2;0;7.0;1;14;0.0;14.0
3666396;0;2;0;1.0;1;1;2.0;0.0
3668690;4;3;0;1.0;1;3;4.0;3.0
3669301;9;8;5;16.0;1;20;2.0;20.0
367078;21;3;6;17.0;1;22;0.0;30.0
3672073;4;8;5;14.0;1;17;4.0;13.0
3673722;0;1;1;0.0;1;0;2.0;0.0
367467;6;3;1;2.0;3;5;6.0;4.0
3676309;1;0;1;0.0;1;0;2.0;0.0
3676599;1;1;1;1.0;1;1;3.0;0.0
3677996;13;10;3;20.0;2;23;26.0;0.0
367916;0;2;5;6.0;1;6;3.0;4.0
3682172;9;9;0;13.0;1;16;0.0;18.0
3682771;0;5;3;8.0;1;7;0.0;8.0
3685977;1;33;36;80.0;2;34;4.0;66.0
3685997;0;5;0;5.0;1;5;0.0;5.0
368647;1;2;2;6.0;1;5;0.0;5.0
3687100;1;1;1;0.0;2;0;3.0;0.0
3690078;1;1;0;0.0;2;0;2.0;0.0
3692214;4;12;1;15.0;1;15;3.0;14.0
3695263;1;2;1;0.0;2;0;4.0;0.0
3696302;13;24;3;37.0;1;15;4.0;36.0
3699782;9;2;1;1.0;1;8;4.0;8.0
3704814;9;17;14;41.0;1;30;1.0;39.0
3708510;3;4;3;10.0;1;10;9.0;1.0
370935;5;20;16;46.0;1;24;0.0;41.0
3711863;0;1;1;3.0;1;3;2.0;0.0
3713954;9;8;1;17.0;1;7;0.0;18.0
3715080;15;7;7;23.0;1;24;12.0;17.0
371510;1;1;0;1.0;1;2;2.0;0.0
3717492;0;2;2;2.0;1;2;4.0;0.0
3718994;2;12;5;19.0;3;18;11.0;8.0
3720405;2;7;5;12.0;2;10;4.0;10.0
3720856;12;28;8;40.0;1;33;4.0;44.0
3721342;1;2;1;0.0;1;0;4.0;0.0
3721769;0;4;2;6.0;1;6;0.0;6.0
3722420;1;2;0;2.0;1;2;3.0;0.0
372309;1;2;1;0.0;1;0;4.0;0.0
3723564;1;0;0;0.0;1;0;1.0;0.0
3725628;2;10;2;13.0;1;11;6.0;8.0
3730478;3;4;1;5.0;1;6;8.0;0.0
3730540;1;1;0;0.0;1;0;2.0;0.0
3735534;1;4;2;6.0;2;6;2.0;5.0
3736724;1;0;1;1.0;1;1;2.0;0.0
3736742;12;12;2;19.0;1;26;0.0;26.0
373810;18;15;8;34.0;1;31;0.0;41.0
373932;1;1;0;1.0;1;1;2.0;0.0
3745443;8;26;9;39.0;1;24;5.0;38.0
3746737;0;6;4;11.0;1;8;0.0;10.0
3751192;1;1;0;0.0;2;1;2.0;0.0
3754302;12;6;1;15.0;1;15;5.0;14.0
3757254;1;4;3;6.0;1;6;2.0;6.0
3757527;7;5;0;8.0;1;11;0.0;12.0
3760393;0;40;24;66.0;1;16;0.0;64.0
3761771;1;1;0;0.0;1;0;2.0;0.0
376201;2;2;1;3.0;3;3;5.0;0.0
3762595;3;5;4;14.0;1;14;0.0;12.0
3762605;27;0;0;1.0;1;8;0.0;27.0
3763272;3;1;1;6.0;1;6;0.0;5.0
3764091;12;12;6;24.0;1;31;0.0;30.0
3766677;0;1;0;1.0;3;1;1.0;0.0
3772096;0;1;1;0.0;1;0;2.0;0.0
3773248;0;0;0;0.0;4;0;0.0;0.0
3773349;5;5;3;9.0;1;12;13.0;0.0
3776291;4;11;0;14.0;1;11;1.0;14.0
3776365;1;1;1;0.0;1;0;3.0;0.0
3777226;0;16;6;23.0;1;16;0.0;22.0
3777851;1;1;0;2.0;1;2;2.0;0.0
3778194;0;2;0;0.0;2;0;2.0;0.0
377994;34;0;0;0.0;1;5;0.0;34.0
3782350;4;10;2;15.0;1;16;16.0;0.0
3782731;8;17;3;24.0;1;22;1.0;27.0
3788233;4;17;1;17.0;1;14;2.0;20.0
3789061;43;34;14;69.0;1;31;0.0;91.0
3789239;2;0;0;0.0;1;1;2.0;0.0
3793528;2;3;6;10.0;1;10;2.0;9.0
3793621;12;9;0;14.0;1;21;0.0;21.0
3795114;8;7;2;8.0;1;12;13.0;4.0
3795420;6;2;0;7.0;1;8;0.0;8.0
3796789;1;1;0;0.0;1;0;2.0;0.0
3797029;5;6;1;7.0;1;9;12.0;0.0
3798709;4;0;0;0.0;1;4;0.0;4.0
3808685;4;6;1;11.0;1;9;0.0;11.0
3809434;0;0;9;11.0;1;6;0.0;9.0
3809578;5;0;0;0.0;1;5;0.0;5.0
3811838;8;3;1;4.0;3;7;8.0;4.0
3811918;1;1;1;0.0;1;0;3.0;0.0
3811933;0;1;0;2.0;1;2;1.0;0.0
3812471;3;3;4;6.0;3;8;5.0;5.0
38126;3;1;2;1.0;1;1;6.0;0.0
3813047;2;0;0;2.0;1;2;2.0;0.0
3816016;1;0;0;0.0;1;0;1.0;0.0
3816635;0;1;1;10.0;1;3;2.0;0.0
3817037;1;3;2;1.0;1;1;6.0;0.0
3818284;0;1;0;0.0;1;0;1.0;0.0
3819439;2;0;0;1.0;1;2;2.0;0.0
3821987;2;1;0;0.0;1;1;3.0;0.0
3824122;2;1;0;0.0;1;0;3.0;0.0
3828711;1;1;0;0.0;1;0;2.0;0.0
3829988;7;0;0;8.0;1;3;0.0;7.0
3831564;10;0;0;0.0;1;6;0.0;10.0
3833461;4;7;4;12.0;3;14;15.0;0.0
3834171;19;19;0;30.0;1;24;0.0;38.0
3840491;2;2;2;5.0;1;5;6.0;0.0
3843014;6;33;52;92.0;3;47;22.0;69.0
3843195;5;10;2;16.0;1;12;7.0;10.0
3843970;4;0;5;6.0;1;10;0.0;9.0
3850332;2;0;0;1.0;1;2;2.0;0.0
385131;2;1;0;1.0;1;1;3.0;0.0
385135;2;2;1;0.0;1;1;5.0;0.0
3852142;4;6;4;13.0;3;14;14.0;0.0
3853473;9;28;13;46.0;3;32;50.0;0.0
3853742;9;10;9;20.0;1;21;22.0;6.0
3856998;3;2;1;2.0;1;2;6.0;0.0
3858045;0;1;0;2.0;1;2;0.0;1.0
3858570;2;3;2;7.0;1;7;4.0;3.0
3865770;13;7;3;18.0;1;21;23.0;0.0
3868101;4;4;3;7.0;1;10;2.0;9.0
3869120;1;1;0;0.0;1;0;2.0;0.0
3874799;4;10;5;16.0;4;15;10.0;9.0
3875030;0;4;0;4.0;1;4;0.0;4.0
3875074;2;2;1;0.0;1;0;5.0;0.0
3875453;1;1;0;0.0;1;0;2.0;0.0
3875920;2;3;2;3.0;1;2;7.0;0.0
3876538;12;10;9;26.0;1;24;0.0;31.0
3880542;1;2;0;2.0;1;3;3.0;0.0
3899610;0;17;7;24.0;1;13;0.0;24.0
3899849;2;0;0;0.0;1;0;2.0;0.0
3899896;2;6;6;11.0;1;11;6.0;8.0
3900331;13;0;0;3.0;1;10;0.0;13.0
3900437;0;0;8;11.0;1;7;0.0;8.0
3900519;18;24;10;52.0;1;37;21.0;31.0
3900724;12;1;0;6.0;1;13;0.0;13.0
3901864;12;28;14;48.0;1;30;4.0;50.0
3906224;3;3;1;3.0;3;4;7.0;0.0
3907421;1;1;1;0.0;1;0;3.0;0.0
3908159;1;0;0;0.0;3;0;1.0;0.0
391864;1;6;1;9.0;1;9;8.0;0.0
3919038;0;16;12;29.0;1;15;0.0;28.0
3920406;0;1;0;2.0;1;2;1.0;0.0
3924113;1;0;5;5.0;1;5;2.0;4.0
3924174;13;0;0;0.0;1;5;0.0;13.0
3924677;12;8;0;15.0;1;20;4.0;16.0
3930909;6;3;4;6.0;2;10;13.0;0.0
393280;0;4;0;4.0;1;4;0.0;4.0
3933701;9;11;2;19.0;1;20;3.0;19.0
3934317;8;9;5;16.0;1;21;17.0;5.0
3936092;1;0;0;0.0;3;0;1.0;0.0
3936666;1;0;0;0.0;1;1;0.0;1.0
3936784;17;12;6;24.0;1;31;0.0;35.0
3937754;4;9;4;17.0;1;15;17.0;0.0
3937886;2;0;0;2.0;1;2;2.0;0.0
3941227;0;17;6;24.0;1;17;2.0;21.0
3943071;3;0;5;5.0;1;8;4.0;4.0
394569;1;1;0;1.0;1;1;2.0;0.0
395086;0;8;9;20.0;1;15;0.0;17.0
3952884;22;24;12;51.0;1;28;0.0;58.0
3953326;0;1;0;1.0;1;1;1.0;0.0
3954762;7;0;1;2.0;1;7;1.0;7.0
3954964;21;14;4;29.0;1;28;3.0;36.0
396191;0;2;3;3.0;1;3;5.0;0.0
396271;0;3;1;3.0;1;3;4.0;0.0
3964949;0;12;15;28.0;1;16;2.0;25.0
3967548;9;0;0;0.0;1;5;0.0;9.0
3967573;3;0;0;0.0;1;3;0.0;3.0
3973162;9;5;0;10.0;1;11;5.0;9.0
3973588;2;1;0;0.0;4;2;3.0;0.0
397476;0;1;3;4.0;1;4;4.0;0.0
3978256;3;4;2;5.0;2;5;9.0;0.0
3979199;0;0;9;12.0;1;8;0.0;9.0
3980996;2;3;1;2.0;2;2;6.0;0.0
3981320;11;1;0;11.0;1;2;12.0;0.0
398187;13;5;2;9.0;2;16;6.0;14.0
3984166;1;7;5;13.0;1;12;2.0;11.0
3986236;12;1;0;6.0;1;13;0.0;13.0
399360;5;1;0;3.0;1;4;6.0;0.0
3995791;19;0;0;5.0;1;10;0.0;19.0
4008144;16;13;8;26.0;3;32;3.0;34.0
4018952;0;4;0;5.0;1;5;0.0;4.0
4022717;1;0;1;0.0;1;0;2.0;0.0
4023139;2;2;2;3.0;1;4;6.0;0.0
4023231;4;13;8;23.0;4;23;10.0;15.0
4028810;1;1;0;0.0;1;0;2.0;0.0
4030637;6;2;2;6.0;1;8;5.0;5.0
4033988;1;2;0;3.0;1;3;3.0;0.0
403533;11;16;8;30.0;3;31;31.0;4.0
4035539;11;0;0;2.0;1;7;0.0;11.0
4036931;7;12;16;33.0;1;21;3.0;32.0
40418;16;2;0;11.0;1;14;0.0;18.0
404270;4;4;1;7.0;1;8;9.0;0.0
4054160;2;1;1;0.0;1;0;4.0;0.0
4057614;3;4;1;5.0;1;5;8.0;0.0
4059334;1;7;0;9.0;2;9;3.0;5.0
4061480;1;0;0;1.0;1;1;1.0;0.0
406257;0;7;12;21.0;1;11;0.0;19.0
406281;1;1;0;0.0;1;0;2.0;0.0
4064734;12;12;6;24.0;1;31;0.0;30.0
4065024;17;22;4;31.0;1;32;7.0;36.0
4065707;16;0;0;1.0;1;8;1.0;15.0
4067508;5;9;2;12.0;1;15;1.0;15.0
4067510;1;0;2;2.0;1;2;3.0;0.0
4069113;7;19;23;53.0;1;36;36.0;13.0
4069946;6;4;0;5.0;1;8;10.0;0.0
407071;5;5;3;10.0;2;10;13.0;0.0
4070792;1;1;0;1.0;2;1;2.0;0.0
407096;23;3;5;13.0;1;17;4.0;27.0
4071135;1;5;0;5.0;2;4;2.0;4.0
4078679;0;2;1;2.0;1;2;3.0;0.0
4079891;9;6;3;11.0;1;18;18.0;0.0
4079981;4;0;0;0.0;1;4;0.0;4.0
4080763;12;9;6;21.0;1;27;0.0;27.0
4081771;13;2;0;5.0;1;12;4.0;11.0
4082305;2;2;1;3.0;1;3;5.0;0.0
4083222;3;2;2;2.0;1;3;7.0;0.0
4084290;1;0;0;0.0;1;0;1.0;0.0
4087890;10;7;3;12.0;1;20;5.0;15.0
4090518;5;17;9;25.0;1;20;12.0;19.0
409189;1;2;3;4.0;1;4;6.0;0.0
4094161;5;1;0;0.0;1;2;2.0;4.0
4094249;5;5;1;7.0;1;8;7.0;4.0
4095080;3;6;4;9.0;1;9;9.0;4.0
4095588;0;4;0;4.0;1;4;0.0;4.0
4099284;11;3;0;11.0;1;9;0.0;14.0
4100667;2;1;1;1.0;1;2;4.0;0.0
4102176;22;3;0;1.0;1;7;2.0;23.0
4103021;2;6;1;7.0;1;6;9.0;0.0
4104846;1;6;0;7.0;1;7;2.0;5.0
410557;1;0;0;1.0;2;1;1.0;0.0
4108521;5;4;0;7.0;1;7;3.0;6.0
4111643;14;7;9;19.0;2;24;17.0;13.0
4113849;1;1;0;0.0;1;0;2.0;0.0
4116009;0;1;1;3.0;1;3;2.0;0.0
4117605;3;6;7;17.0;1;14;5.0;11.0
4117776;3;0;0;1.0;1;4;1.0;2.0
4118098;7;19;2;22.0;1;20;0.0;28.0
41270;4;4;0;6.0;2;6;2.0;6.0
4131800;0;6;12;19.0;1;10;0.0;18.0
4132024;0;11;6;19.0;1;18;0.0;17.0
4132146;57;6;2;11.0;3;24;17.0;48.0
4132302;3;3;0;1.0;1;2;6.0;0.0
4137056;23;15;20;41.0;2;40;17.0;41.0
4137624;13;18;0;23.0;1;20;0.0;31.0
4139581;1;1;1;0.0;1;0;3.0;0.0
4142405;9;13;5;24.0;5;25;11.0;16.0
4142478;3;0;0;2.0;1;4;0.0;3.0
4143661;4;2;0;6.0;1;6;0.0;6.0
4143959;1;1;1;1.0;1;1;3.0;0.0
4144387;3;2;0;1.0;1;1;5.0;0.0
4144769;3;5;1;8.0;1;7;4.0;5.0
4145380;1;2;0;0.0;1;0;3.0;0.0
4145866;23;1;0;2.0;1;9;2.0;22.0
4150109;1;3;0;3.0;1;3;4.0;0.0
415196;3;8;7;16.0;1;16;5.0;13.0
4153114;1;1;0;0.0;1;0;2.0;0.0
4153126;7;14;3;22.0;1;18;0.0;24.0
415319;28;9;1;14.0;1;15;0.0;38.0
4154623;1;0;0;0.0;1;1;1.0;0.0
4156169;0;5;4;9.0;2;9;5.0;4.0
4156224;45;29;1;50.0;1;24;0.0;75.0
4156640;0;1;6;8.0;1;8;0.0;7.0
4158615;4;15;20;39.0;1;22;13.0;26.0
4158776;1;1;0;0.0;2;0;2.0;0.0
4159734;21;38;20;79.0;1;30;4.0;75.0
416113;2;1;0;0.0;2;0;3.0;0.0
4162470;6;7;1;9.0;1;12;14.0;0.0
4165143;1;0;0;0.0;1;2;1.0;0.0
4165685;2;3;1;2.0;1;2;6.0;0.0
4166279;16;7;0;16.0;1;17;0.0;23.0
4166601;4;5;3;10.0;1;11;12.0;0.0
4169141;12;12;6;24.0;1;31;0.0;30.0
4170402;6;4;3;12.0;3;13;13.0;0.0
4170412;1;0;0;0.0;1;1;1.0;0.0
4179470;2;3;0;3.0;1;4;5.0;0.0
4179974;5;4;2;5.0;1;8;11.0;0.0
4180452;3;31;15;54.0;1;32;16.0;33.0
4180463;2;1;0;0.0;2;1;3.0;0.0
4185511;5;1;0;4.0;1;6;6.0;0.0
4185746;2;0;0;0.0;1;0;2.0;0.0
4186046;1;0;0;0.0;1;1;1.0;0.0
4186251;1;17;6;25.0;1;20;0.0;24.0
4187352;10;8;4;19.0;1;25;22.0;0.0
4187426;1;1;1;2.0;1;2;3.0;0.0
419592;1;1;0;2.0;3;3;2.0;0.0
4198180;18;17;6;40.0;1;24;0.0;41.0
4198285;6;6;3;12.0;1;14;15.0;0.0
4198600;4;9;6;13.0;1;14;6.0;13.0
4198649;0;4;7;10.0;1;10;2.0;9.0
4199201;7;11;3;10.0;1;12;9.0;12.0
4201506;0;1;2;1.0;1;1;3.0;0.0
420813;0;23;11;36.0;1;16;0.0;34.0
4211029;0;2;1;3.0;2;3;3.0;0.0
4211103;1;1;1;0.0;1;0;3.0;0.0
4211254;1;1;1;0.0;1;0;3.0;0.0
4212164;0;0;1;1.0;1;1;1.0;0.0
4216392;14;13;8;29.0;1;30;23.0;12.0
4217851;1;0;0;0.0;3;0;1.0;0.0
4218795;11;19;0;25.0;2;18;0.0;30.0
4219163;29;2;1;9.0;1;15;0.0;32.0
4224398;0;2;0;2.0;1;2;2.0;0.0
4225370;2;0;0;0.0;1;1;2.0;0.0
4226208;0;2;2;0.0;2;0;4.0;0.0
4229609;1;4;3;7.0;2;8;2.0;6.0
4231499;14;24;1;31.0;1;27;35.0;4.0
4235840;10;3;0;4.0;1;11;2.0;11.0
4236058;0;0;4;4.0;1;2;0.0;4.0
4237075;1;0;0;0.0;1;1;1.0;0.0
4238708;1;0;1;0.0;2;1;2.0;0.0
42411;3;2;1;4.0;2;5;6.0;0.0
4245697;7;3;0;4.0;1;9;4.0;6.0
4245934;2;1;0;1.0;1;1;3.0;0.0
4248508;1;1;0;0.0;1;0;2.0;0.0
4248998;1;0;0;0.0;3;1;1.0;0.0
4249532;12;12;6;24.0;1;31;0.0;30.0
4250414;0;1;0;1.0;1;1;0.0;1.0
4250694;11;11;0;15.0;1;22;0.0;22.0
4251683;7;0;0;0.0;1;7;0.0;7.0
4253448;19;10;17;37.0;1;32;10.0;36.0
4253878;20;6;0;20.0;1;9;0.0;26.0
4257589;30;25;9;48.0;1;33;1.0;63.0
4259314;3;13;11;24.0;3;20;27.0;0.0
4260565;1;26;6;34.0;1;20;0.0;33.0
4261588;9;5;1;9.0;1;11;3.0;12.0
4262751;1;0;0;0.0;2;0;1.0;0.0
4263368;2;14;2;15.0;1;16;5.0;13.0
4264633;1;1;1;1.0;1;1;3.0;0.0
4265238;6;4;3;8.0;1;12;13.0;0.0
4265456;12;0;0;4.0;4;10;12.0;0.0
4268487;4;2;1;4.0;1;5;7.0;0.0
4269164;7;1;0;1.0;1;8;1.0;7.0
4270059;0;2;0;1.0;1;1;2.0;0.0
4272846;1;1;0;1.0;1;1;2.0;0.0
4273535;5;5;1;15.0;1;6;0.0;11.0
4276081;0;0;1;0.0;1;0;1.0;0.0
4276937;5;20;16;39.0;1;25;4.0;37.0
4279806;4;2;0;1.0;1;4;0.0;6.0
4280253;5;10;6;19.0;1;17;21.0;0.0
42821;18;2;0;7.0;1;12;2.0;18.0
4282280;2;0;5;7.0;1;5;2.0;5.0
4283363;12;12;4;21.0;1;26;3.0;25.0
4284314;11;8;1;15.0;1;21;0.0;20.0
4286161;16;10;1;18.0;1;26;11.0;16.0
4291047;3;2;1;0.0;1;1;6.0;0.0
4291849;9;6;11;16.0;3;21;7.0;19.0
4291880;2;8;5;15.0;1;10;3.0;12.0
4293226;3;1;0;2.0;1;4;4.0;0.0
4294634;1;1;0;0.0;1;0;2.0;0.0
4294921;16;3;11;23.0;1;20;7.0;23.0
4296165;12;12;4;21.0;1;28;0.0;28.0
4296173;1;1;0;0.0;2;0;2.0;0.0
4296813;20;0;5;13.0;1;17;0.0;25.0
4297563;11;13;6;27.0;1;28;10.0;20.0
4298223;27;10;0;21.0;2;23;2.0;35.0
4298363;20;0;0;6.0;1;11;0.0;20.0
4298507;12;12;6;24.0;1;31;0.0;30.0
4299323;17;12;4;29.0;1;17;0.0;33.0
43;13;52;15;74.0;1;32;2.0;78.0
4301889;3;5;1;6.0;1;7;9.0;0.0
4302067;5;1;0;1.0;1;3;2.0;4.0
4303571;7;8;0;9.0;1;12;0.0;15.0
4303881;1;2;0;0.0;1;0;3.0;0.0
4304991;5;22;2;24.0;1;15;29.0;0.0
4305366;9;30;18;49.0;1;28;5.0;52.0
4305774;0;33;18;54.0;1;19;0.0;51.0
4306856;6;11;2;18.0;1;20;6.0;13.0
4307330;1;1;0;1.0;1;1;2.0;0.0
4315476;1;4;1;2.0;1;2;6.0;0.0
4318041;4;2;3;9.0;1;11;1.0;8.0
4318997;13;6;2;10.0;1;21;14.0;7.0
4319660;0;25;8;32.0;1;15;0.0;33.0
4322624;6;8;4;20.0;1;24;18.0;0.0
4326983;8;8;4;13.0;2;18;20.0;0.0
4327213;6;21;1;27.0;1;21;7.0;21.0
4330514;3;0;5;6.0;1;6;0.0;8.0
4332756;2;3;1;2.0;1;2;6.0;0.0
4333304;1;3;1;0.0;1;0;5.0;0.0
4334275;13;7;0;11.0;1;18;2.0;18.0
4335046;28;1;1;2.0;1;13;8.0;22.0
4335312;0;20;18;41.0;1;14;0.0;38.0
4340394;4;4;2;6.0;1;7;10.0;0.0
4343419;0;3;5;8.0;1;8;0.0;8.0
4344311;13;33;13;54.0;2;48;33.0;26.0
4344589;1;27;12;41.0;4;21;2.0;38.0
4345505;1;0;1;0.0;1;0;2.0;0.0
4345541;2;1;0;1.0;1;1;3.0;0.0
4345742;8;14;17;37.0;1;30;12.0;27.0
4346806;21;6;18;33.0;1;23;1.0;44.0
4353701;11;0;1;5.0;1;11;1.0;11.0
4354156;1;7;2;7.0;1;7;10.0;0.0
4354757;0;5;6;12.0;1;12;0.0;11.0
4355688;0;0;3;3.0;1;3;3.0;0.0
4356291;12;12;6;24.0;1;31;0.0;30.0
4358640;8;6;1;13.0;1;14;0.0;15.0
4359674;50;19;6;41.0;1;30;0.0;75.0
4366877;5;8;1;10.0;1;12;14.0;0.0
4367067;21;37;14;66.0;1;29;0.0;72.0
4367493;4;8;0;12.0;1;13;2.0;10.0
4367686;5;4;1;4.0;2;6;10.0;0.0
4369584;3;0;0;2.0;1;2;3.0;0.0
4373179;9;4;1;5.0;1;12;14.0;0.0
4373557;4;0;0;2.0;1;4;0.0;4.0
4374743;5;8;5;13.0;2;14;11.0;7.0
4375766;8;1;2;10.0;1;10;7.0;4.0
4380045;1;5;1;7.0;1;7;2.0;5.0
4382606;0;0;0;0.0;1;0;0.0;0.0
4385855;7;1;0;3.0;1;9;0.0;8.0
4390628;12;11;2;13.0;1;18;7.0;18.0
4392086;1;4;0;2.0;1;2;3.0;2.0
4392153;22;0;0;7.0;1;8;1.0;21.0
4392424;0;1;1;1.0;2;1;2.0;0.0
4392972;10;2;0;4.0;1;11;0.0;12.0
4393256;2;1;0;0.0;2;1;3.0;0.0
4393785;9;8;3;14.0;1;18;8.0;12.0
4394098;2;1;1;2.0;1;2;4.0;0.0
4394250;5;8;8;18.0;1;17;11.0;10.0
4395170;20;29;10;50.0;1;30;0.0;59.0
4396009;2;0;0;0.0;1;0;2.0;0.0
4398054;1;3;1;0.0;1;0;5.0;0.0
4398426;0;1;1;0.0;1;0;2.0;0.0
4398924;0;0;1;2.0;1;2;1.0;0.0
4399203;2;4;1;5.0;1;5;2.0;5.0
4399223;22;12;6;31.0;6;37;28.0;12.0
4399234;1;1;0;1.0;1;1;2.0;0.0
4399349;2;0;0;0.0;1;0;2.0;0.0
44027;0;0;0;0.0;1;0;0.0;0.0
44028;13;26;10;45.0;5;33;40.0;9.0
44031;1;13;3;15.0;1;15;3.0;14.0
4407045;10;9;6;15.0;2;19;13.0;12.0
4407811;7;4;2;9.0;1;11;4.0;9.0
4410820;22;23;5;39.0;2;32;1.0;49.0
4412491;2;2;1;3.0;2;3;5.0;0.0
4417959;5;3;0;3.0;3;5;8.0;0.0
4418548;0;3;2;4.0;1;4;0.0;5.0
4419128;0;2;0;2.0;1;2;1.0;1.0
4422074;3;1;0;0.0;3;0;4.0;0.0
4422452;3;3;6;7.0;2;7;8.0;4.0
4422567;4;3;7;12.0;1;9;2.0;12.0
4423203;9;5;0;8.0;1;13;3.0;11.0
4423469;2;0;2;4.0;1;4;0.0;4.0
4424123;11;7;0;12.0;1;18;0.0;18.0
4426611;8;3;0;3.0;1;8;0.0;11.0
4428724;10;7;2;15.0;2;22;19.0;0.0
4429625;3;8;4;11.0;1;12;9.0;6.0
4430205;7;5;3;9.0;1;15;15.0;0.0
4430880;15;0;0;0.0;1;6;0.0;15.0
4432320;15;33;52;106.0;1;31;2.0;98.0
4433758;10;0;0;5.0;1;6;0.0;10.0
4435368;0;2;7;11.0;1;9;0.0;9.0
4435512;0;3;6;10.0;1;10;0.0;9.0
4435710;6;2;2;5.0;1;9;4.0;6.0
4440892;6;9;5;16.0;1;13;1.0;19.0
4442042;2;1;0;0.0;1;1;3.0;0.0
4442414;2;4;2;7.0;1;9;0.0;8.0
4443218;1;0;0;2.0;1;2;1.0;0.0
4445627;2;8;6;13.0;1;12;4.0;12.0
4445920;3;0;0;2.0;1;2;3.0;0.0
4446124;23;0;0;7.0;1;12;23.0;0.0
4450681;0;3;2;2.0;2;2;5.0;0.0
4455724;0;1;1;0.0;1;0;2.0;0.0
4456187;32;3;1;11.0;1;16;8.0;28.0
4457429;0;0;40;47.0;1;7;0.0;40.0
4457867;2;3;1;3.0;2;4;6.0;0.0
4464619;1;0;1;0.0;1;1;2.0;0.0
4466321;0;3;0;2.0;1;2;3.0;0.0
4466928;4;6;4;13.0;1;16;14.0;0.0
4467039;1;0;1;1.0;2;1;2.0;0.0
4467750;1;7;7;13.0;1;13;3.0;12.0
4468025;9;4;4;18.0;1;17;6.0;11.0
4468922;0;0;0;0.0;1;0;0.0;0.0
4469685;10;0;0;3.0;1;10;0.0;10.0
4470262;3;4;1;7.0;3;9;4.0;4.0
4472561;4;7;5;11.0;3;14;16.0;0.0
4475286;1;3;1;2.0;1;2;5.0;0.0
4476604;4;6;1;5.0;1;5;11.0;0.0
4476695;1;4;1;5.0;1;5;6.0;0.0
4478663;5;7;0;7.0;1;8;7.0;5.0
4479030;4;6;22;33.0;3;15;7.0;25.0
4479102;1;1;0;1.0;1;1;2.0;0.0
4481343;12;12;8;27.0;1;31;0.0;32.0
4481469;0;6;0;7.0;1;7;3.0;3.0
4483330;12;12;6;24.0;1;31;0.0;30.0
4483624;0;3;3;6.0;1;6;0.0;6.0
4488605;5;11;9;19.0;1;16;4.0;21.0
4488823;6;0;0;6.0;1;4;0.0;6.0
4489643;0;2;2;2.0;1;2;4.0;0.0
4489797;0;0;8;8.0;1;4;0.0;8.0
4491231;19;46;10;65.0;1;31;4.0;71.0
4492610;0;23;1;28.0;1;10;2.0;22.0
4492929;1;1;0;0.0;1;0;2.0;0.0
4493172;8;3;0;2.0;1;9;6.0;5.0
4493931;11;30;16;56.0;1;43;21.0;36.0
4495412;1;3;8;11.0;1;10;6.0;6.0
4496274;0;2;0;2.0;1;2;2.0;0.0
4496303;0;1;0;0.0;1;0;1.0;0.0
4499583;19;6;7;17.0;1;20;0.0;32.0
4499987;1;1;1;1.0;2;1;3.0;0.0
4501069;1;2;0;1.0;2;2;3.0;0.0
4502394;7;0;1;1.0;1;6;2.0;6.0
4502481;4;0;0;3.0;1;2;0.0;4.0
4502515;0;2;2;4.0;1;4;4.0;0.0
4503796;12;12;6;24.0;1;31;0.0;30.0
4506203;1;3;1;1.0;1;1;5.0;0.0
4508218;5;15;7;29.0;1;25;0.0;27.0
4508556;0;0;0;0.0;1;0;0.0;0.0
4511583;7;12;21;40.0;1;29;14.0;26.0
4511591;10;2;0;6.0;1;12;0.0;12.0
4512613;0;1;0;0.0;1;0;1.0;0.0
4514305;27;6;0;6.0;1;11;0.0;33.0
4514354;13;15;3;22.0;1;28;3.0;28.0
4516086;1;0;0;0.0;1;0;1.0;0.0
4516198;0;6;0;6.0;1;6;0.0;6.0
4516335;13;19;5;36.0;2;26;11.0;26.0
4516357;3;0;0;0.0;1;2;0.0;3.0
4517542;9;3;0;7.0;2;9;3.0;9.0
4519228;1;1;0;0.0;1;0;2.0;0.0
4520835;0;9;4;15.0;1;13;3.0;10.0
4520939;0;1;0;0.0;1;0;1.0;0.0
4526849;1;25;0;26.0;1;12;0.0;26.0
4528660;0;8;0;8.0;1;8;0.0;8.0
4528872;0;0;0;2.0;1;1;0.0;0.0
4531375;0;0;4;5.0;1;4;0.0;4.0
4533189;9;16;12;33.0;1;28;13.0;24.0
4533345;17;18;10;47.0;1;37;20.0;25.0
4540240;4;3;1;6.0;1;6;8.0;0.0
4541831;2;0;0;0.0;1;2;2.0;0.0
4543190;0;1;0;1.0;1;1;1.0;0.0
4544659;3;5;6;14.0;1;15;0.0;14.0
4545436;11;0;0;5.0;1;11;0.0;11.0
4549651;4;7;1;9.0;2;9;12.0;0.0
4550362;1;0;4;5.0;2;5;1.0;4.0
4552014;2;4;0;4.0;1;6;0.0;6.0
4552935;0;0;4;5.0;1;5;0.0;4.0
4553517;12;13;21;45.0;1;22;0.0;46.0
4553825;1;2;1;0.0;1;0;4.0;0.0
4553833;1;2;1;0.0;1;0;4.0;0.0
4555281;3;0;0;0.0;1;2;3.0;0.0
4555823;3;0;0;1.0;1;2;3.0;0.0
4555922;3;0;0;0.0;1;2;3.0;0.0
4557176;0;0;3;4.0;1;3;0.0;3.0
4558520;0;3;2;4.0;1;4;5.0;0.0
4558972;3;3;1;0.0;1;0;7.0;0.0
4564043;4;2;2;4.0;1;5;8.0;0.0
4567323;1;1;0;0.0;1;0;2.0;0.0
4569423;4;5;1;7.0;1;9;2.0;8.0
4569675;26;0;0;10.0;1;18;7.0;19.0
4575384;8;2;0;5.0;2;10;0.0;10.0
4575865;3;4;0;4.0;1;4;7.0;0.0
4576230;1;10;3;15.0;1;10;3.0;11.0
4577877;12;4;0;9.0;1;16;0.0;16.0
4578080;2;3;1;0.0;2;0;6.0;0.0
4578713;2;3;15;19.0;1;9;4.0;16.0
4581108;1;1;0;0.0;1;0;2.0;0.0
4581854;2;10;5;18.0;1;18;8.0;9.0
4582042;18;24;12;46.0;3;38;7.0;47.0
4583861;9;1;1;6.0;1;7;4.0;7.0
4591298;0;1;1;1.0;1;1;2.0;0.0
4592503;5;3;0;3.0;1;5;1.0;7.0
4593598;3;14;4;22.0;1;19;0.0;21.0
4593831;0;1;0;1.0;1;1;1.0;0.0
4595167;0;3;4;6.0;1;6;2.0;5.0
4596790;10;1;1;7.0;1;11;0.0;12.0
4596877;0;1;1;0.0;1;0;2.0;0.0
4596989;9;3;2;9.0;1;11;8.0;6.0
4601083;4;2;2;4.0;1;6;8.0;0.0
4601450;1;1;1;0.0;1;0;3.0;0.0
4602314;0;15;9;24.0;1;15;2.0;22.0
4603694;5;1;0;4.0;1;4;2.0;4.0
4606336;5;8;0;8.0;1;9;6.0;7.0
4606447;1;11;7;19.0;1;14;3.0;16.0
4607508;6;0;8;12.0;1;11;0.0;14.0
4607707;8;5;5;10.0;1;9;0.0;18.0
4609169;0;2;6;9.0;1;9;0.0;8.0
4610062;9;0;0;6.0;1;8;0.0;9.0
4616867;1;1;1;0.0;1;0;3.0;0.0
4617805;1;1;0;0.0;1;0;2.0;0.0
4618550;4;2;1;8.0;1;8;0.0;7.0
4619208;5;1;2;5.0;1;5;4.0;4.0
4620676;7;5;8;13.0;1;18;11.0;9.0
4622881;12;19;5;30.0;1;31;24.0;12.0
4623008;3;1;1;3.0;1;4;1.0;4.0
4629687;1;1;4;7.0;1;7;0.0;6.0
4639627;9;14;6;25.0;1;29;2.0;27.0
4647673;2;3;0;2.0;2;2;5.0;0.0
4648389;8;15;11;26.0;1;26;8.0;26.0
4653593;4;7;0;8.0;1;10;3.0;8.0
4653676;2;3;2;3.0;4;3;7.0;0.0
4655462;11;9;5;18.0;1;25;0.0;25.0
4655469;0;2;0;2.0;1;2;2.0;0.0
4667691;4;4;2;6.0;1;8;10.0;0.0
4676990;10;11;19;42.0;1;31;7.0;33.0
4677247;9;15;5;23.0;1;23;2.0;27.0
4677703;2;0;0;0.0;3;0;2.0;0.0
4680684;3;11;5;19.0;2;20;2.0;17.0
4681575;0;4;0;5.0;1;5;0.0;4.0
4683655;0;1;0;0.0;1;0;1.0;0.0
4683897;5;7;5;15.0;3;16;6.0;11.0
4684944;15;1;1;3.0;1;9;3.0;14.0
4685451;0;1;1;1.0;1;1;2.0;0.0
4687524;19;11;9;25.0;3;34;20.0;19.0
4688187;8;16;14;35.0;1;27;3.0;35.0
4688649;1;1;0;0.0;1;1;2.0;0.0
4688738;1;30;23;55.0;3;22;8.0;46.0
4690199;1;2;1;2.0;1;2;4.0;0.0
4695054;0;0;1;1.0;6;1;1.0;0.0
4701571;2;1;2;3.0;1;4;5.0;0.0
4704646;20;7;3;17.0;1;27;14.0;16.0
4705089;9;11;0;15.0;1;17;10.0;10.0
47060;1;3;6;10.0;1;8;2.0;8.0
4709892;2;0;0;0.0;1;2;2.0;0.0
4710259;35;53;66;144.0;5;87;59.0;95.0
4710563;5;3;3;6.0;3;9;1.0;10.0
4712702;4;1;2;2.0;2;4;2.0;5.0
4714389;6;4;5;9.0;1;8;0.0;15.0
4715597;25;25;4;37.0;1;27;2.0;52.0
4716052;3;1;0;0.0;2;0;4.0;0.0
4716874;7;10;0;10.0;1;13;2.0;15.0
4720181;1;0;0;0.0;1;0;1.0;0.0
4720520;0;2;1;2.0;2;2;3.0;0.0
4722835;5;0;0;0.0;1;3;0.0;5.0
4723133;1;1;0;0.0;1;0;2.0;0.0
4727026;1;2;0;4.0;1;4;3.0;0.0
4728502;2;0;0;0.0;1;1;2.0;0.0
4729660;8;3;0;5.0;1;9;2.0;9.0
4732211;1;1;0;0.0;4;0;2.0;0.0
4733087;12;12;16;40.0;1;31;0.0;40.0
4733733;1;0;0;0.0;1;0;1.0;0.0
4734166;2;0;0;0.0;1;3;2.0;0.0
4736665;0;8;4;12.0;1;12;12.0;0.0
4737224;1;5;1;8.0;1;9;1.0;6.0
4737330;1;1;0;0.0;3;0;2.0;0.0
4737788;1;1;1;0.0;1;0;3.0;0.0
4737867;1;1;1;0.0;1;1;3.0;0.0
4738073;12;10;1;19.0;1;19;8.0;15.0
4740198;12;13;2;20.0;1;24;0.0;27.0
4744564;0;1;0;0.0;1;0;1.0;0.0
4744913;9;1;0;1.0;1;8;2.0;8.0
4750642;6;10;2;13.0;1;11;0.0;18.0
4751359;3;2;0;0.0;1;0;5.0;0.0
4752273;1;2;0;0.0;1;0;3.0;0.0
4753779;4;2;2;3.0;2;7;8.0;0.0
4754516;2;2;3;4.0;3;4;7.0;0.0
4756469;1;0;2;2.0;2;3;3.0;0.0
47633;6;9;14;25.0;3;27;19.0;10.0
4765523;1;9;6;16.0;1;17;0.0;16.0
4765554;12;12;6;24.0;1;30;0.0;30.0
4766900;1;3;2;3.0;1;3;6.0;0.0
4768195;1;37;24;63.0;1;20;3.0;59.0
4769455;19;17;3;28.0;1;27;0.0;39.0
4772073;1;0;0;1.0;1;1;1.0;0.0
4774175;0;1;2;1.0;2;1;3.0;0.0
4774251;3;39;29;72.0;1;25;12.0;59.0
4774760;0;0;5;6.0;1;6;0.0;5.0
4775372;0;4;1;6.0;1;6;0.0;5.0
4776756;0;0;4;5.0;1;5;0.0;4.0
4778008;10;0;0;3.0;1;10;0.0;10.0
4778142;3;1;0;2.0;1;4;0.0;4.0
4778950;0;0;2;2.0;1;2;2.0;0.0
4778956;1;1;1;0.0;1;0;3.0;0.0
4779467;0;0;3;4.0;1;4;0.0;3.0
4784181;3;2;0;3.0;1;2;5.0;0.0
4784900;3;1;0;0.0;1;1;4.0;0.0
4785480;3;2;1;2.0;1;3;6.0;0.0
4787338;12;12;6;24.0;1;31;0.0;30.0
4788122;6;6;2;7.0;2;10;14.0;0.0
4789450;24;21;14;41.0;1;46;24.0;35.0
4789820;3;0;8;11.0;1;7;3.0;8.0
4790125;7;0;0;0.0;1;6;0.0;7.0
4790938;9;3;3;7.0;1;15;8.0;7.0
4793583;17;1;1;3.0;1;10;0.0;19.0
4794072;12;5;6;11.0;1;11;0.0;23.0
4799051;1;1;0;2.0;1;2;2.0;0.0
4799181;3;5;5;11.0;2;9;4.0;9.0
4801203;17;9;0;14.0;1;21;0.0;26.0
4801865;14;8;5;17.0;2;25;15.0;12.0
4802818;1;0;1;1.0;1;2;2.0;0.0
4802843;1;2;5;6.0;1;6;4.0;4.0
4802978;0;24;10;35.0;1;20;3.0;31.0
4803332;2;3;2;4.0;3;4;7.0;0.0
4805374;0;1;1;3.0;1;3;2.0;0.0
4806026;1;1;0;0.0;1;0;2.0;0.0
4807755;2;10;0;13.0;1;11;7.0;5.0
4811600;12;0;7;11.0;1;7;0.0;19.0
4812084;18;3;8;16.0;1;24;5.0;24.0
4813813;3;1;0;1.0;1;2;4.0;0.0
4814382;4;7;3;9.0;1;11;14.0;0.0
4815075;0;12;6;19.0;1;19;0.0;18.0
4816519;12;12;6;24.0;1;31;0.0;30.0
4818209;12;12;11;27.0;1;25;12.0;23.0
4818416;5;9;4;13.0;2;13;18.0;0.0
4818428;1;2;0;1.0;1;1;3.0;0.0
4818442;0;3;3;7.0;1;7;1.0;5.0
4819261;0;2;0;0.0;3;0;2.0;0.0
4819906;3;0;0;0.0;1;1;3.0;0.0
4820387;1;12;6;20.0;1;20;0.0;19.0
4824621;0;12;0;11.0;1;6;0.0;12.0
4825044;1;0;0;0.0;1;0;1.0;0.0
4825078;11;24;12;39.0;1;26;0.0;47.0
4825973;3;1;0;2.0;1;4;4.0;0.0
4826920;4;2;2;4.0;1;7;8.0;0.0
4827413;5;2;0;2.0;1;4;7.0;0.0
4827918;2;1;0;0.0;1;0;3.0;0.0
4828679;7;0;4;9.0;1;10;0.0;11.0
4828753;5;10;5;20.0;1;19;20.0;0.0
4829809;16;9;3;10.0;1;16;5.0;23.0
48308;5;5;1;10.0;1;11;11.0;0.0
4831153;1;0;0;0.0;1;0;1.0;0.0
4836354;2;4;3;8.0;1;9;4.0;5.0
4837259;21;24;17;47.0;4;50;21.0;41.0
4837441;2;11;0;14.0;1;14;0.0;13.0
4837492;9;9;0;14.0;1;13;0.0;18.0
4838962;2;5;4;12.0;1;12;0.0;11.0
4839003;0;2;1;2.0;1;2;3.0;0.0
4839943;10;2;1;9.0;1;15;9.0;4.0
4840883;1;2;4;8.0;1;7;2.0;5.0
4845106;9;10;5;17.0;2;20;12.0;12.0
4852790;1;1;0;0.0;1;0;2.0;0.0
4853404;2;2;1;0.0;1;0;5.0;0.0
4854051;1;0;0;0.0;1;0;1.0;0.0
4855433;1;2;0;0.0;3;0;3.0;0.0
4855541;4;0;0;0.0;1;1;4.0;0.0
4855563;1;1;0;1.0;1;1;2.0;0.0
4855637;7;2;4;11.0;1;13;0.0;13.0
4855992;0;5;1;6.0;2;6;6.0;0.0
4856086;3;4;2;7.0;3;8;9.0;0.0
4857542;3;2;1;5.0;1;7;0.0;6.0
4857785;24;24;12;48.0;1;32;0.0;60.0
4858803;14;29;16;53.0;1;31;4.0;55.0
4859780;9;0;2;2.0;1;8;4.0;7.0
4859908;6;5;0;5.0;4;10;4.0;7.0
4865435;2;1;1;0.0;1;0;4.0;0.0
4867920;1;2;0;2.0;1;2;3.0;0.0
4868574;1;2;0;1.0;1;1;3.0;0.0
4869079;4;2;0;2.0;1;4;6.0;0.0
4870077;15;22;5;32.0;1;28;22.0;20.0
4870560;8;15;2;23.0;1;22;3.0;22.0
4870805;1;1;16;18.0;5;10;6.0;12.0
4871650;6;2;0;3.0;1;7;3.0;5.0
4872176;25;17;8;34.0;1;31;0.0;50.0
4878909;0;3;4;8.0;2;8;0.0;7.0
4878913;1;2;1;0.0;1;0;4.0;0.0
4881562;0;7;0;7.0;1;7;1.0;6.0
4882166;1;3;2;3.0;1;3;6.0;0.0
4882635;5;8;6;17.0;3;20;11.0;8.0
4884191;1;1;1;0.0;3;0;3.0;0.0
4885888;15;3;0;9.0;1;14;1.0;17.0
4886109;4;3;3;5.0;1;6;10.0;0.0
4886319;12;12;6;24.0;1;31;0.0;30.0
4894893;1;3;1;2.0;1;2;5.0;0.0
4895741;11;10;5;21.0;1;27;0.0;26.0
4896290;12;14;9;24.0;1;26;6.0;29.0
4897950;1;1;1;0.0;1;0;3.0;0.0
4901869;0;1;0;0.0;1;0;1.0;0.0
4902289;4;1;7;7.0;1;10;3.0;9.0
4903878;12;1;1;2.0;1;9;0.0;14.0
4907656;0;2;2;4.0;1;4;0.0;4.0
4907799;3;3;1;2.0;1;2;7.0;0.0
4908206;16;0;3;10.0;1;14;0.0;19.0
4908436;10;12;5;22.0;1;26;0.0;27.0
4909185;7;5;2;12.0;1;17;14.0;0.0
4909847;2;4;2;4.0;3;4;8.0;0.0
4910697;4;0;0;2.0;1;5;0.0;4.0
4910781;0;1;1;2.0;1;2;2.0;0.0
4910985;3;6;3;3.0;2;4;12.0;0.0
4916296;0;23;27;53.0;1;19;0.0;50.0
4916331;0;0;0;0.0;1;0;0.0;0.0
4917220;1;1;1;3.0;1;3;3.0;0.0
4917460;9;1;1;1.0;1;8;3.0;8.0
4917980;1;1;0;0.0;2;0;2.0;0.0
4919835;17;19;32;101.0;1;26;3.0;65.0
4920639;0;15;21;40.0;2;25;10.0;26.0
4920640;1;1;2;1.0;1;1;4.0;0.0
4921493;4;4;2;3.0;1;3;10.0;0.0
4921623;49;35;20;66.0;4;55;16.0;88.0
4922709;1;0;0;0.0;1;0;1.0;0.0
4923646;3;6;3;9.0;1;9;12.0;0.0
4924123;6;4;2;5.0;2;8;12.0;0.0
4925277;0;6;0;6.0;1;6;0.0;6.0
4926684;5;5;1;9.0;3;10;11.0;0.0
4927254;10;0;0;3.0;1;10;0.0;10.0
4927570;1;2;1;1.0;1;1;4.0;0.0
4927574;3;24;15;44.0;1;22;0.0;42.0
4927827;1;1;1;0.0;1;0;3.0;0.0
4928209;0;0;15;16.0;1;5;0.0;15.0
4928249;4;0;0;1.0;1;4;1.0;3.0
4930282;0;7;9;15.0;1;10;4.0;12.0
4930401;1;0;0;0.0;1;0;1.0;0.0
4930576;43;33;13;68.0;1;32;0.0;89.0
4930785;1;0;0;1.0;2;1;1.0;0.0
4931166;1;1;0;0.0;2;0;2.0;0.0
4932747;8;16;9;26.0;1;29;7.0;26.0
4933986;0;3;18;24.0;1;9;2.0;19.0
4934246;1;1;0;0.0;1;0;2.0;0.0
4935513;0;0;1;1.0;1;1;1.0;0.0
4935847;12;12;6;24.0;1;31;0.0;30.0
4935964;1;0;0;0.0;1;0;1.0;0.0
4936012;0;0;6;8.0;1;4;0.0;6.0
4936413;13;4;6;17.0;1;21;3.0;20.0
4937098;2;1;0;1.0;1;1;3.0;0.0
4942086;0;12;9;23.0;1;14;0.0;21.0
4942240;1;1;1;3.0;1;3;3.0;0.0
4944544;12;0;0;0.0;1;5;0.0;12.0
4945938;6;0;0;0.0;1;6;0.0;6.0
4946800;9;15;2;22.0;1;16;26.0;0.0
4947473;1;1;0;1.0;1;1;2.0;0.0
4947618;7;6;3;13.0;1;17;16.0;0.0
4947898;53;27;23;68.0;3;56;48.0;55.0
4948550;2;4;1;4.0;1;5;7.0;0.0
4951718;0;0;1;1.0;1;1;1.0;0.0
4953002;21;14;0;24.0;1;21;0.0;35.0
4953658;12;3;1;7.0;1;13;11.0;5.0
4955313;1;1;0;2.0;1;3;2.0;0.0
4955744;0;65;10;77.0;1;20;1.0;74.0
4964584;1;1;1;0.0;1;1;3.0;0.0
4965174;0;0;1;1.0;1;1;1.0;0.0
4965339;1;1;0;0.0;1;0;2.0;0.0
4967177;8;0;0;1.0;1;8;0.0;8.0
4967772;0;1;1;0.0;2;0;2.0;0.0
4967898;13;22;12;41.0;1;31;0.0;47.0
4968006;0;0;0;0.0;1;0;0.0;0.0
4968312;3;1;6;8.0;1;4;5.0;5.0
4968336;7;6;0;8.0;2;12;1.0;12.0
4968377;1;1;0;0.0;2;0;2.0;0.0
4969001;7;12;1;14.0;1;16;12.0;8.0
4971509;0;1;1;0.0;1;0;2.0;0.0
4971603;2;12;6;17.0;1;14;16.0;4.0
4972441;7;29;43;85.0;1;23;2.0;77.0
4972663;1;2;0;1.0;1;1;3.0;0.0
4980742;4;5;2;5.0;1;7;11.0;0.0
4980941;11;0;1;5.0;1;8;2.0;10.0
4980985;6;0;0;0.0;1;6;0.0;6.0
4981554;4;5;1;8.0;2;9;3.0;7.0
4981692;9;6;2;11.0;2;13;17.0;0.0
4982313;1;1;1;0.0;1;0;3.0;0.0
4982762;2;2;1;2.0;1;4;1.0;4.0
4982908;1;1;0;1.0;2;1;2.0;0.0
4983571;1;1;1;0.0;1;0;3.0;0.0
4983926;12;13;11;30.0;1;34;2.0;34.0
4984589;11;1;1;4.0;1;11;2.0;11.0
4986617;1;5;0;5.0;2;5;0.0;6.0
4991819;1;1;0;0.0;1;0;2.0;0.0
4991825;4;3;2;3.0;1;5;9.0;0.0
4992396;0;0;5;6.0;1;6;0.0;5.0
4992691;10;19;5;31.0;1;24;4.0;30.0
4996311;4;2;2;2.0;1;5;8.0;0.0
4996516;2;3;1;4.0;4;4;6.0;0.0
4996649;15;36;41;91.0;1;37;9.0;83.0
4997767;1;1;1;0.0;1;0;3.0;0.0
4998307;9;3;0;6.0;1;11;2.0;10.0
4998359;5;12;5;18.0;1;14;13.0;9.0
4998437;19;25;18;53.0;1;34;4.0;58.0
4999103;4;3;2;7.0;1;7;2.0;7.0
5003256;1;1;0;2.0;1;2;2.0;0.0
5004628;1;1;1;1.0;1;1;3.0;0.0
5005256;0;0;2;3.0;1;3;2.0;0.0
5005685;2;1;1;0.0;1;1;4.0;0.0
5006467;15;12;6;27.0;1;31;0.0;33.0
5007720;0;1;7;9.0;1;8;0.0;8.0
5008322;8;3;1;3.0;1;8;12.0;0.0
5009310;0;4;9;16.0;4;16;0.0;13.0
5009497;10;0;0;3.0;1;10;0.0;10.0
5009790;10;10;0;15.0;1;20;0.0;20.0
5010683;1;2;2;2.0;1;2;5.0;0.0
5012219;1;0;0;1.0;1;1;1.0;0.0
5012523;11;64;39;118.0;1;28;0.0;114.0
5016044;7;13;6;24.0;3;25;3.0;23.0
5018875;4;0;4;6.0;1;8;1.0;7.0
5019101;4;0;2;7.0;1;7;0.0;6.0
5020099;5;20;6;31.0;1;25;1.0;30.0
5023213;5;47;17;63.0;2;34;51.0;18.0
5023240;1;0;0;0.0;1;0;1.0;0.0
5023596;4;4;2;7.0;1;8;10.0;0.0
5024496;24;2;21;34.0;1;23;7.0;40.0
5025795;5;5;4;13.0;1;13;14.0;0.0
5029494;0;0;0;0.0;1;0;0.0;0.0
5032007;4;5;2;3.0;2;4;11.0;0.0
5034534;1;2;0;1.0;1;1;3.0;0.0
5034658;1;3;0;0.0;1;0;4.0;0.0
5034873;5;5;2;6.0;1;7;12.0;0.0
5035574;4;5;1;7.0;2;2;10.0;0.0
5036554;12;13;6;25.0;1;32;0.0;31.0
5037655;3;12;6;19.0;1;21;1.0;20.0
5039565;2;6;3;11.0;1;11;7.0;4.0
5043709;1;0;0;0.0;1;0;1.0;0.0
5044991;5;6;2;7.0;1;9;13.0;0.0
5045257;0;5;6;12.0;1;12;0.0;11.0
5045377;1;0;0;0.0;1;0;1.0;0.0
5045799;6;2;1;2.0;1;6;2.0;7.0
5047055;1;1;2;2.0;1;2;4.0;0.0
5048690;4;6;3;8.0;1;12;13.0;0.0
5050688;2;0;0;0.0;1;0;2.0;0.0
5051672;1;0;0;0.0;1;0;1.0;0.0
5058362;0;2;6;8.0;1;8;0.0;8.0
5058484;1;2;3;3.0;1;3;6.0;0.0
5058775;4;8;16;28.0;1;19;2.0;26.0
50588;1;0;0;0.0;1;0;1.0;0.0
5058891;1;1;1;0.0;1;0;3.0;0.0
5059101;5;8;26;40.0;1;15;5.0;34.0
5059879;1;0;0;0.0;1;0;1.0;0.0
5060394;20;3;1;4.0;3;10;9.0;15.0
5062118;2;1;1;1.0;1;2;4.0;0.0
5063368;1;1;0;0.0;1;1;2.0;0.0
5063541;16;6;0;20.0;1;10;0.0;22.0
5064362;3;3;1;1.0;1;1;7.0;0.0
5065208;1;3;3;4.0;3;4;3.0;4.0
5065401;1;1;0;0.0;1;0;2.0;0.0
5066596;1;1;0;0.0;1;1;2.0;0.0
5066637;0;3;0;3.0;1;3;0.0;3.0
5066751;2;2;0;1.0;2;1;4.0;0.0
5066866;1;0;1;0.0;1;0;2.0;0.0
5069819;1;0;0;0.0;2;0;1.0;0.0
5070072;11;10;2;14.0;1;19;15.0;8.0
5070223;1;2;0;1.0;1;1;3.0;0.0
5071103;0;1;0;1.0;1;1;1.0;0.0
5071987;12;11;6;23.0;1;30;0.0;29.0
5072606;0;24;0;23.0;1;4;0.0;24.0
5073124;0;2;6;9.0;1;9;0.0;8.0
5073180;0;2;6;9.0;1;9;0.0;8.0
5073451;5;0;0;0.0;1;5;0.0;5.0
5073947;1;1;0;0.0;1;0;2.0;0.0
5074040;5;8;7;17.0;1;19;6.0;14.0
5075483;2;2;1;0.0;1;0;5.0;0.0
5076464;6;6;4;10.0;2;14;16.0;0.0
5076797;1;1;0;1.0;1;1;2.0;0.0
5077984;2;2;0;1.0;4;1;4.0;0.0
5079023;5;5;5;9.0;1;9;15.0;0.0
5084250;1;6;3;7.0;2;7;6.0;4.0
5084726;1;2;0;3.0;1;3;3.0;0.0
5085291;13;28;6;49.0;1;24;0.0;47.0
5085597;22;24;15;48.0;1;39;48.0;13.0
5085954;0;1;1;0.0;1;0;2.0;0.0
5087271;2;1;0;2.0;1;3;0.0;3.0
5088468;1;0;0;0.0;1;0;1.0;0.0
5089587;2;4;8;12.0;1;11;5.0;9.0
5091816;5;2;8;13.0;2;13;7.0;8.0
5092172;24;20;6;37.0;1;31;0.0;50.0
5095783;12;5;0;11.0;1;17;17.0;0.0
5097027;1;1;0;0.0;1;0;2.0;0.0
5097705;0;0;1;1.0;1;1;1.0;0.0
5099179;2;1;1;0.0;1;0;4.0;0.0
5099910;32;28;7;55.0;1;26;3.0;64.0
5099959;12;9;0;8.0;1;12;2.0;19.0
5101304;8;19;6;28.0;1;23;7.0;26.0
5102050;5;8;4;15.0;1;17;0.0;17.0
5102246;1;1;1;0.0;1;0;3.0;0.0
5103704;18;9;1;16.0;2;21;28.0;0.0
5104534;1;0;0;0.0;1;0;1.0;0.0
5104564;1;2;0;2.0;1;2;3.0;0.0
5107973;1;2;1;1.0;1;1;4.0;0.0
5108041;2;2;1;2.0;1;2;5.0;0.0
5108229;2;2;2;2.0;2;2;6.0;0.0
5108967;6;7;0;9.0;2;12;2.0;11.0
5111658;0;2;1;0.0;1;0;3.0;0.0
5112668;1;1;1;0.0;1;0;3.0;0.0
5112986;11;6;4;18.0;1;18;4.0;17.0
5114529;12;10;0;15.0;1;22;0.0;22.0
5114973;2;1;0;2.0;1;2;3.0;0.0
5115191;7;4;0;11.0;1;5;0.0;11.0
5115405;16;0;0;2.0;1;9;0.0;16.0
5115621;0;0;1;0.0;3;0;1.0;0.0
5117261;1;2;1;0.0;1;0;4.0;0.0
5119940;1;0;1;0.0;1;0;2.0;0.0
5120291;0;5;6;12.0;1;12;0.0;11.0
5120422;6;0;0;2.0;1;6;0.0;6.0
5120851;6;5;1;4.0;2;8;12.0;0.0
5122872;7;5;1;9.0;1;10;13.0;0.0
5122967;0;10;6;17.0;1;17;0.0;16.0
5123183;0;24;25;51.0;3;29;1.0;48.0
5125222;1;4;0;5.0;1;5;0.0;5.0
5127144;1;1;0;0.0;1;0;2.0;0.0
5128580;19;18;13;39.0;1;40;23.0;27.0
5128618;12;0;0;5.0;1;12;0.0;12.0
5128755;2;3;0;6.0;1;6;5.0;0.0
5135102;13;7;1;10.0;1;14;13.0;8.0
5137157;39;11;7;33.0;1;32;11.0;46.0
5137281;11;8;4;16.0;1;20;0.0;23.0
5138189;3;2;0;0.0;1;1;5.0;0.0
5139233;1;1;0;0.0;1;0;2.0;0.0
5139267;1;0;1;0.0;1;0;2.0;0.0
5139773;3;4;0;4.0;2;5;1.0;6.0
5140141;4;3;2;4.0;1;6;9.0;0.0
5140291;1;1;0;0.0;1;0;2.0;0.0
5141368;2;4;1;4.0;1;4;7.0;0.0
5141492;0;1;1;0.0;1;0;2.0;0.0
5141735;1;3;0;4.0;1;4;0.0;4.0
5142283;4;8;3;12.0;1;9;6.0;9.0
5148724;0;2;2;4.0;1;4;0.0;4.0
5149530;2;12;6;21.0;1;21;0.0;20.0
5149833;9;13;6;25.0;1;28;2.0;26.0
5150441;5;0;0;2.0;4;4;1.0;4.0
5150593;0;0;2;2.0;1;2;2.0;0.0
5151033;1;6;2;7.0;3;7;9.0;0.0
5153627;2;1;1;2.0;1;2;4.0;0.0
5153734;3;2;1;3.0;1;3;6.0;0.0
5154033;1;7;1;7.0;2;7;9.0;0.0
5155624;1;1;1;0.0;1;0;3.0;0.0
5157654;1;1;0;0.0;1;0;2.0;0.0
5161870;23;19;0;25.0;1;21;2.0;40.0
5162658;0;8;24;36.0;1;9;0.0;32.0
5162881;2;5;1;8.0;1;8;8.0;0.0
5165143;3;0;1;1.0;1;3;4.0;0.0
5165237;4;2;1;1.0;3;3;7.0;0.0
5165621;0;2;8;10.0;1;10;3.0;7.0
5167462;2;0;0;0.0;2;0;2.0;0.0
5167557;6;19;13;34.0;1;30;17.0;21.0
5168117;8;16;14;39.0;2;32;30.0;8.0
5170311;0;5;0;4.0;1;2;1.0;4.0
5170367;0;6;12;20.0;1;11;2.0;16.0
5182012;6;11;2;14.0;1;18;19.0;0.0
5188882;2;1;0;1.0;1;2;3.0;0.0
5189025;8;6;2;10.0;1;16;16.0;0.0
5189056;27;4;0;5.0;1;10;1.0;30.0
5189260;5;10;0;12.0;1;12;0.0;15.0
5190128;9;0;4;12.0;1;14;6.0;7.0
5191481;2;6;6;13.0;1;14;2.0;12.0
5191762;1;1;1;1.0;1;1;3.0;0.0
5193577;4;2;0;5.0;1;6;0.0;6.0
5195677;12;5;9;17.0;1;20;13.0;13.0
5204346;6;0;0;3.0;1;6;0.0;6.0
5205830;2;0;0;2.0;1;2;2.0;0.0
5205863;1;4;0;4.0;1;5;2.0;3.0
5205966;4;3;2;5.0;1;8;3.0;6.0
5206093;1;1;0;0.0;1;0;2.0;0.0
5208007;4;8;1;11.0;2;13;3.0;10.0
5208516;0;1;0;0.0;1;0;1.0;0.0
5211820;1;1;1;0.0;1;0;3.0;0.0
5212026;0;1;0;0.0;1;0;1.0;0.0
5212298;2;3;0;2.0;1;2;5.0;0.0
5212373;1;1;1;0.0;1;0;3.0;0.0
5213696;2;3;1;4.0;1;4;6.0;0.0
5213718;3;0;0;1.0;2;2;3.0;0.0
5216883;4;12;6;23.0;1;23;0.0;22.0
5216906;13;8;4;20.0;1;25;20.0;5.0
5218414;35;4;1;5.0;1;11;3.0;37.0
5218468;18;8;3;15.0;1;21;3.0;26.0
5219367;0;5;6;12.0;1;11;0.0;11.0
5221872;12;12;6;23.0;1;30;0.0;30.0
5223780;1;0;0;1.0;1;1;1.0;0.0
5224420;4;5;0;3.0;3;4;9.0;0.0
5224533;2;2;1;2.0;1;2;5.0;0.0
5224696;11;10;3;17.0;1;25;2.0;22.0
5225435;11;10;3;20.0;1;26;24.0;0.0
5229654;1;1;0;0.0;2;0;2.0;0.0
5229699;1;1;0;0.0;2;0;2.0;0.0
5230417;0;1;0;0.0;1;0;1.0;0.0
5231762;2;0;0;1.0;1;1;2.0;0.0
5233022;0;0;1;1.0;1;1;1.0;0.0
5233870;17;2;0;8.0;1;14;0.0;19.0
5236587;1;1;1;1.0;3;1;3.0;0.0
5236590;3;7;4;17.0;1;16;5.0;9.0
5244841;0;1;1;0.0;1;0;2.0;0.0
5244899;1;0;0;0.0;4;0;1.0;0.0
524494;1;1;0;2.0;1;2;2.0;0.0
5245305;16;0;0;2.0;1;8;0.0;16.0
5246017;1;0;1;0.0;1;1;2.0;0.0
5247803;15;11;2;20.0;1;26;21.0;7.0
5251482;3;1;0;0.0;1;1;4.0;0.0
5251824;1;2;0;2.0;1;2;3.0;0.0
5252026;1;0;0;0.0;1;0;1.0;0.0
5255411;1;4;2;6.0;1;7;0.0;7.0
5255763;2;0;0;0.0;1;0;2.0;0.0
5257308;1;1;0;0.0;1;0;2.0;0.0
5257746;1;22;3;28.0;2;23;16.0;10.0
5275842;4;0;29;41.0;2;10;0.0;33.0
5291511;1;1;1;0.0;1;0;3.0;0.0
5291695;0;8;9;17.0;1;11;0.0;17.0
5292568;16;26;10;40.0;1;30;2.0;50.0
5295918;2;0;1;2.0;1;2;3.0;0.0
5299605;2;3;8;10.0;1;10;9.0;4.0
5300357;3;9;1;10.0;1;7;5.0;8.0
5304225;1;2;0;2.0;1;2;3.0;0.0
5304346;11;1;5;8.0;1;9;3.0;14.0
5309718;2;8;1;7.0;2;9;2.0;9.0
5310626;0;2;6;9.0;1;9;0.0;8.0
5311567;21;0;1;1.0;1;8;0.0;22.0
5312116;4;10;2;13.0;1;12;6.0;10.0
5313904;1;1;0;0.0;2;0;2.0;0.0
5314775;1;7;9;16.0;2;14;8.0;9.0
5322773;1;1;0;1.0;1;1;2.0;0.0
5324092;1;3;0;2.0;1;2;4.0;0.0
5326792;0;6;5;10.0;1;4;0.0;11.0
5328139;18;33;28;74.0;1;41;17.0;62.0
5328151;2;13;0;17.0;1;14;11.0;4.0
5332033;12;13;6;25.0;1;31;0.0;31.0
5333564;1;5;3;7.0;1;7;9.0;0.0
534841;0;11;6;18.0;1;18;0.0;17.0
5362164;1;1;0;1.0;2;1;2.0;0.0
5371246;16;0;0;3.0;1;10;0.0;16.0
5377361;4;1;1;4.0;1;4;1.0;5.0
5378135;1;1;1;0.0;1;0;3.0;0.0
5380000;12;42;33;91.0;2;30;87.0;0.0
5381152;0;1;1;2.0;1;2;2.0;0.0
5388582;30;37;6;69.0;1;29;10.0;63.0
5389330;6;0;0;0.0;1;6;0.0;6.0
5390949;0;1;0;1.0;1;1;1.0;0.0
5391034;2;2;1;1.0;1;2;4.0;1.0
5392056;0;8;8;15.0;1;14;2.0;14.0
5395526;18;30;30;66.0;1;24;0.0;78.0
5396098;2;1;0;0.0;1;2;3.0;0.0
5405049;2;9;6;15.0;1;15;13.0;4.0
5405672;3;11;4;18.0;1;18;4.0;14.0
5406909;0;0;5;7.0;1;5;0.0;5.0
540737;0;0;3;7.0;1;3;0.0;3.0
5407713;1;0;0;0.0;1;0;1.0;0.0
5410500;3;2;0;3.0;1;3;5.0;0.0
5410785;35;36;16;66.0;1;35;7.0;80.0
5414708;7;9;4;11.0;3;16;20.0;0.0
5415213;2;4;2;2.0;1;3;8.0;0.0
5415378;7;7;4;14.0;3;18;18.0;0.0
5418468;1;1;0;2.0;1;2;2.0;0.0
5420325;1;2;8;11.0;1;10;2.0;9.0
5426304;0;8;5;15.0;1;15;0.0;13.0
5427329;11;0;0;3.0;1;10;0.0;11.0
5428637;8;11;5;22.0;3;23;24.0;0.0
5429296;2;2;0;3.0;1;3;4.0;0.0
5429312;1;0;0;0.0;1;0;1.0;0.0
5430657;0;1;5;6.0;1;3;0.0;6.0
5432281;0;1;1;0.0;1;0;2.0;0.0
5432425;5;14;6;29.0;1;32;18.0;7.0
5433151;0;6;0;7.0;1;5;0.0;6.0
5435545;2;4;1;6.0;2;7;7.0;0.0
5445000;2;1;0;0.0;1;0;3.0;0.0
5446215;1;0;1;0.0;1;0;2.0;0.0
5447263;9;5;3;16.0;1;20;17.0;0.0
5452707;2;2;2;2.0;1;4;6.0;0.0
5453060;1;1;1;0.0;1;1;3.0;0.0
5454566;23;7;0;15.0;1;19;0.0;30.0
5454908;3;2;0;3.0;1;3;5.0;0.0
5455369;2;0;0;0.0;1;1;2.0;0.0
5455822;1;1;0;0.0;1;0;2.0;0.0
5455830;14;17;6;31.0;1;25;2.0;35.0
5457701;24;24;12;48.0;1;31;0.0;60.0
5457983;4;15;8;26.0;1;21;8.0;19.0
5458025;1;4;5;9.0;3;9;5.0;5.0
5459785;12;10;2;15.0;1;21;3.0;21.0
546171;25;0;0;3.0;1;9;0.0;25.0
5467056;10;2;0;0.0;1;7;4.0;8.0
5468019;0;5;0;5.0;1;4;0.0;5.0
5468147;3;1;2;1.0;3;1;6.0;0.0
5468469;0;1;1;0.0;1;0;2.0;0.0
5468874;2;2;1;1.0;1;1;5.0;0.0
5470507;4;2;1;2.0;1;3;7.0;0.0
5470678;1;1;0;0.0;1;0;2.0;0.0
5471013;0;5;0;5.0;1;5;0.0;5.0
5471699;12;1;0;6.0;1;13;0.0;13.0
5473510;2;0;0;0.0;2;1;2.0;0.0
5474335;0;1;0;0.0;1;0;1.0;0.0
5474796;0;2;6;9.0;1;9;0.0;8.0
5479473;1;8;6;14.0;1;13;2.0;13.0
5480345;1;0;0;0.0;1;0;1.0;0.0
5480821;0;18;16;36.0;1;18;2.0;32.0
5481821;0;0;0;0.0;1;0;0.0;0.0
5483559;1;10;1;11.0;1;11;8.0;4.0
5485048;3;4;0;4.0;1;6;0.0;7.0
5485446;1;1;0;0.0;1;0;2.0;0.0
5485488;1;1;0;0.0;1;0;2.0;0.0
5487270;24;24;12;48.0;1;31;0.0;60.0
5490507;1;0;0;1.0;1;1;1.0;0.0
5490542;5;1;0;2.0;2;3;6.0;0.0
5491078;10;0;0;3.0;1;10;0.0;10.0
5491424;13;13;6;24.0;3;31;2.0;30.0
5492164;1;0;0;0.0;1;0;1.0;0.0
5494017;4;2;0;3.0;1;4;6.0;0.0
5495271;12;2;2;6.0;1;13;4.0;12.0
5495793;5;2;2;2.0;1;5;9.0;0.0
5496045;4;12;10;28.0;1;26;6.0;20.0
5496384;2;1;2;2.0;1;3;5.0;0.0
5496451;11;6;7;18.0;1;23;14.0;10.0
5496470;0;6;0;6.0;1;6;2.0;4.0
5498608;4;2;1;1.0;1;3;7.0;0.0
5499928;17;2;0;9.0;1;13;0.0;19.0
5500305;13;9;4;21.0;2;28;26.0;0.0
5500744;13;14;9;30.0;1;31;2.0;34.0
5501263;2;2;0;1.0;1;2;4.0;0.0
5503873;0;1;1;1.0;1;1;2.0;0.0
5504663;1;1;0;2.0;1;2;2.0;0.0
5504990;18;11;4;18.0;2;26;15.0;18.0
5505894;1;2;0;1.0;1;1;3.0;0.0
5507417;6;11;6;23.0;1;21;23.0;0.0
5507435;2;3;1;8.0;1;8;6.0;0.0
5508146;21;23;8;36.0;1;27;12.0;40.0
5509042;1;6;0;6.0;1;7;0.0;7.0
5509181;0;5;4;9.0;1;5;0.0;9.0
5509363;1;1;0;1.0;1;2;2.0;0.0
5509416;25;17;0;26.0;1;21;2.0;40.0
5509673;7;12;1;18.0;1;21;0.0;20.0
5510356;0;0;1;0.0;1;0;1.0;0.0
5511229;11;12;7;23.0;3;29;2.0;28.0
5511737;0;7;0;6.0;1;4;0.0;7.0
5512539;0;62;0;63.0;3;12;0.0;62.0
5513399;1;2;0;1.0;1;2;3.0;0.0
5518236;3;4;1;6.0;2;6;8.0;0.0
5519015;13;0;0;10.0;1;7;2.0;11.0
5519027;1;2;1;2.0;1;2;4.0;0.0
5521151;0;14;10;24.0;1;18;0.0;24.0
5521332;13;20;3;29.0;1;28;21.0;15.0
5521668;1;1;0;0.0;1;0;2.0;0.0
5525070;9;11;1;18.0;1;19;2.0;19.0
5525154;33;35;20;70.0;1;31;0.0;88.0
5526131;0;1;1;0.0;1;0;2.0;0.0
5533744;6;6;2;10.0;1;13;14.0;0.0
5533863;7;0;0;0.0;1;7;0.0;7.0
5534776;0;7;7;15.0;1;14;0.0;14.0
5535465;1;1;0;0.0;1;1;2.0;0.0
5536604;6;11;1;14.0;1;13;9.0;9.0
5536917;3;3;3;3.0;1;4;9.0;0.0
5537679;2;17;12;29.0;1;20;5.0;26.0
5539301;16;34;11;52.0;1;31;3.0;58.0
5541327;1;2;1;1.0;1;2;4.0;0.0
5541597;0;3;17;23.0;1;9;0.0;20.0
5544934;0;19;10;31.0;1;18;3.0;26.0
5547357;1;0;1;0.0;1;0;2.0;0.0
5548796;3;2;1;1.0;3;2;6.0;0.0
5548960;2;1;1;2.0;1;2;4.0;0.0
5551203;3;1;0;4.0;1;4;4.0;0.0
5551695;14;1;5;8.0;1;15;4.0;16.0
5551819;14;9;1;18.0;1;16;13.0;11.0
5553504;5;0;0;5.0;1;6;0.0;5.0
5556267;17;0;1;1.0;1;9;2.0;16.0
5557727;3;6;7;14.0;1;13;11.0;5.0
5558683;1;0;2;2.0;1;2;3.0;0.0
5560486;12;14;6;24.0;1;31;2.0;30.0
5561971;1;1;0;0.0;1;0;2.0;0.0
5561979;4;11;3;22.0;1;13;0.0;18.0
5562512;1;3;0;3.0;1;4;0.0;4.0
5563001;3;5;9;16.0;1;15;8.0;9.0
5563305;2;6;1;6.0;2;8;4.0;5.0
5564649;1;0;1;0.0;2;0;2.0;0.0
5564900;3;1;0;0.0;1;0;4.0;0.0
5565070;20;24;12;49.0;1;32;0.0;56.0
5566153;2;0;0;0.0;1;0;2.0;0.0
5567001;3;2;4;6.0;1;7;9.0;0.0
5567215;21;17;9;38.0;2;45;13.0;34.0
5567881;4;0;3;5.0;1;9;0.0;7.0
5570650;7;3;3;6.0;1;10;6.0;7.0
5571496;0;1;0;1.0;1;1;1.0;0.0
5572290;1;2;1;1.0;1;1;4.0;0.0
5576483;8;0;4;13.0;1;8;2.0;10.0
5576900;21;11;2;18.0;1;22;3.0;31.0
5577615;2;1;1;2.0;1;2;4.0;0.0
5578700;0;2;2;2.0;1;2;4.0;0.0
5579992;0;1;0;0.0;1;0;1.0;0.0
5583860;3;1;1;4.0;1;4;5.0;0.0
5584874;0;2;6;9.0;1;9;0.0;8.0
5585521;0;1;0;0.0;1;0;1.0;0.0
5585682;0;0;0;0.0;1;0;0.0;0.0
5585957;1;1;0;0.0;1;0;2.0;0.0
5590552;58;55;26;111.0;3;37;7.0;132.0
5591133;0;1;4;5.0;1;5;0.0;5.0
5594003;23;15;5;23.0;1;33;20.0;23.0
5595202;1;0;0;0.0;1;0;1.0;0.0
5596028;7;4;0;4.0;1;11;11.0;0.0
5597259;1;0;0;0.0;1;1;1.0;0.0
5597436;9;9;7;16.0;5;19;10.0;15.0
5600076;2;1;0;0.0;1;0;3.0;0.0
5600405;1;0;0;0.0;1;0;1.0;0.0
5600431;1;4;6;12.0;1;12;6.0;5.0
5601999;4;5;1;9.0;1;8;10.0;0.0
5602615;5;2;0;6.0;1;6;0.0;7.0
5602986;9;15;0;21.0;1;17;2.0;22.0
5607894;11;13;2;17.0;4;22;18.0;8.0
5608051;10;12;6;24.0;1;29;0.0;28.0
5611583;0;0;0;0.0;1;0;0.0;0.0
5613412;0;0;5;5.0;1;5;0.0;5.0
5614466;9;23;14;39.0;1;31;11.0;35.0
5614730;7;4;3;11.0;1;13;3.0;11.0
5615882;1;10;2;12.0;1;10;0.0;13.0
5616979;8;19;7;29.0;1;28;0.0;34.0
5617087;0;12;24;40.0;1;10;0.0;36.0
5623740;2;0;0;0.0;1;0;2.0;0.0
5624248;3;2;1;2.0;1;4;6.0;0.0
5624661;0;1;1;0.0;1;0;2.0;0.0
5625805;11;4;0;9.0;1;13;9.0;6.0
5628703;15;28;10;45.0;3;40;18.0;35.0
5628910;0;0;2;2.0;1;1;2.0;0.0
56309;1;1;0;1.0;1;1;2.0;0.0
5634435;12;12;6;24.0;1;31;0.0;30.0
5634553;3;12;6;22.0;1;22;0.0;21.0
563511;0;31;9;40.0;1;26;8.0;32.0
5635956;9;10;5;16.0;1;22;1.0;23.0
5636782;5;1;0;0.0;1;3;3.0;3.0
5637812;8;4;0;7.0;1;10;7.0;5.0
5638424;34;49;2;74.0;1;24;11.0;74.0
563948;1;0;1;0.0;1;0;2.0;0.0
5639778;0;0;4;5.0;1;5;0.0;4.0
5642036;3;3;6;10.0;1;13;0.0;12.0
5645326;13;17;12;36.0;1;32;1.0;41.0
5645549;0;1;1;0.0;1;0;2.0;0.0
5646475;1;0;0;1.0;1;1;1.0;0.0
5647351;1;2;0;1.0;1;1;3.0;0.0
5647471;8;15;6;28.0;1;28;0.0;29.0
5648236;2;26;17;50.0;3;25;39.0;6.0
5650125;4;1;1;3.0;1;6;3.0;3.0
5650900;1;1;0;0.0;1;0;2.0;0.0
5651348;0;1;0;0.0;1;0;1.0;0.0
565147;22;0;2;2.0;3;6;2.0;22.0
5651724;2;1;0;0.0;1;1;3.0;0.0
5653815;6;4;26;37.0;1;17;2.0;34.0
5654416;1;0;0;1.0;1;1;1.0;0.0
5658102;1;1;0;2.0;1;2;2.0;0.0
5658491;11;7;1;15.0;1;21;7.0;12.0
5659530;0;1;1;1.0;1;1;2.0;0.0
5659802;4;6;2;7.0;2;8;7.0;5.0
5659896;10;3;0;7.0;1;14;13.0;0.0
5660263;0;1;0;0.0;2;0;1.0;0.0
5660497;2;8;4;14.0;1;13;5.0;9.0
5661003;0;2;0;2.0;1;2;2.0;0.0
5661523;12;5;1;10.0;1;12;4.0;14.0
5662716;1;2;1;0.0;2;0;4.0;0.0
5663097;36;36;18;72.0;1;31;0.0;90.0
5663875;0;1;0;0.0;1;0;1.0;0.0
5665112;1;0;0;0.0;1;0;1.0;0.0
5667249;2;0;0;1.0;1;1;2.0;0.0
5671902;0;2;3;5.0;1;5;0.0;5.0
5671986;11;10;0;14.0;1;18;3.0;18.0
5672019;12;12;6;24.0;1;31;0.0;30.0
5672064;2;3;2;2.0;3;2;7.0;0.0
5672435;0;2;0;0.0;1;0;2.0;0.0
5673403;20;1;2;10.0;1;16;6.0;17.0
5673619;3;21;4;30.0;1;16;0.0;28.0
5676026;0;7;6;14.0;1;14;0.0;13.0
5676046;12;14;6;26.0;1;31;0.0;32.0
5677743;0;8;0;8.0;1;8;0.0;8.0
5678758;0;5;6;10.0;1;10;4.0;7.0
5678821;33;26;14;50.0;1;33;7.0;66.0
5679222;4;5;4;10.0;2;11;13.0;0.0
5683260;2;1;0;0.0;1;1;3.0;0.0
5684006;0;1;0;1.0;1;1;1.0;0.0
5686068;3;4;2;3.0;1;3;9.0;0.0
5687279;3;2;0;3.0;1;4;5.0;0.0
5687869;7;0;0;0.0;1;7;0.0;7.0
5688299;2;1;1;1.0;1;3;2.0;2.0
5688624;2;2;0;1.0;1;1;4.0;0.0
5689822;33;44;21;82.0;2;77;50.0;48.0
5691751;2;3;0;4.0;3;4;5.0;0.0
5691789;1;1;0;1.0;1;1;2.0;0.0
5692552;9;10;0;15.0;1;18;2.0;17.0
5692557;45;71;45;151.0;2;37;8.0;153.0
5692660;12;19;21;42.0;2;29;11.0;41.0
5695538;2;1;1;1.0;1;3;4.0;0.0
5696348;0;5;0;5.0;1;4;0.0;5.0
5697702;0;0;2;3.0;1;3;2.0;0.0
5698912;1;0;1;0.0;1;1;2.0;0.0
5701821;0;5;0;6.0;1;4;0.0;5.0
5702111;11;3;1;5.0;1;12;4.0;11.0
5702291;0;1;0;1.0;1;1;1.0;0.0
5702473;14;13;6;24.0;1;31;3.0;30.0
5702856;16;12;6;24.0;1;31;0.0;34.0
5711678;0;3;0;3.0;1;2;3.0;0.0
5713937;24;24;12;48.0;1;31;0.0;60.0
57212;2;3;1;1.0;1;1;6.0;0.0
5721810;0;2;0;1.0;2;1;2.0;0.0
5722720;12;0;0;4.0;1;11;0.0;12.0
5726252;2;0;0;0.0;1;2;2.0;0.0
5726786;6;0;0;0.0;1;3;0.0;6.0
572717;4;1;0;1.0;1;3;5.0;0.0
5727620;12;6;0;14.0;1;10;18.0;0.0
5727834;1;2;1;1.0;1;1;4.0;0.0
5728589;1;1;0;0.0;1;0;2.0;0.0
572877;4;1;0;2.0;1;4;5.0;0.0
5732193;3;8;8;22.0;2;18;19.0;0.0
5735446;0;0;1;0.0;2;0;1.0;0.0
5736055;8;6;0;9.0;1;14;2.0;12.0
5736841;22;21;9;44.0;1;34;13.0;39.0
5739265;2;1;1;3.0;1;4;4.0;0.0
5739914;24;8;0;18.0;1;16;0.0;32.0
5742436;3;4;0;4.0;2;5;7.0;0.0
5742609;1;1;0;0.0;1;0;2.0;0.0
5742991;0;2;1;3.0;1;3;3.0;0.0
5743856;10;0;0;2.0;1;6;0.0;10.0
5744343;1;1;1;2.0;1;2;3.0;0.0
5744735;18;6;0;16.0;1;16;0.0;24.0
5744968;1;1;3;4.0;1;4;0.0;5.0
5746173;2;7;4;12.0;1;13;4.0;9.0
575098;0;10;6;17.0;1;17;0.0;16.0
5751288;7;0;0;0.0;1;7;0.0;7.0
5752976;1;1;0;0.0;1;0;2.0;0.0
5753059;0;5;0;5.0;1;5;0.0;5.0
5753406;0;4;2;2.0;1;2;6.0;0.0
5754177;0;1;0;0.0;1;0;1.0;0.0
5755393;2;0;1;0.0;2;1;3.0;0.0
5756064;0;4;0;3.0;1;3;0.0;4.0
5756450;3;4;0;4.0;1;7;0.0;7.0
5757338;15;12;4;21.0;1;28;0.0;31.0
5761182;10;4;0;9.0;1;14;0.0;14.0
5762296;0;3;21;32.0;1;8;0.0;24.0
5763217;1;1;1;0.0;1;0;3.0;0.0
5764650;1;0;2;2.0;1;2;3.0;0.0
5766107;3;5;0;5.0;1;3;8.0;0.0
5766141;1;3;8;9.0;1;7;4.0;8.0
5766180;1;0;0;0.0;1;0;1.0;0.0
5767351;20;10;0;17.0;1;22;0.0;30.0
5769047;6;17;15;34.0;1;19;0.0;38.0
5773559;1;38;0;38.0;2;7;0.0;39.0
5774210;0;1;1;0.0;1;0;2.0;0.0
577444;1;2;0;2.0;1;2;3.0;0.0
5774734;2;20;26;53.0;1;21;0.0;48.0
5774916;1;2;2;0.0;1;0;5.0;0.0
5775483;1;0;1;1.0;1;2;2.0;0.0
5776064;6;2;0;5.0;1;9;0.0;8.0
5776638;1;2;1;1.0;1;1;4.0;0.0
5776775;1;0;0;0.0;1;0;1.0;0.0
5778746;3;4;6;14.0;1;15;0.0;13.0
5778846;15;6;3;11.0;1;20;20.0;4.0
5784052;12;12;6;24.0;1;31;0.0;30.0
5788729;0;2;0;0.0;1;0;2.0;0.0
5789149;1;2;0;0.0;2;0;3.0;0.0
5790063;2;1;2;2.0;1;3;5.0;0.0
5791202;14;3;5;15.0;1;20;2.0;20.0
5792332;2;2;1;1.0;2;1;5.0;0.0
5794971;1;1;0;0.0;1;0;2.0;0.0
5795592;3;2;7;12.0;1;12;3.0;9.0
5796182;3;1;0;1.0;2;1;4.0;0.0
5802595;14;7;15;28.0;1;25;9.0;27.0
5802752;3;0;0;0.0;1;0;3.0;0.0
5802798;4;8;3;9.0;2;12;15.0;0.0
5802993;12;12;6;24.0;1;31;0.0;30.0
5804679;2;20;19;39.0;1;18;2.0;39.0
5804877;12;20;13;42.0;1;24;3.0;42.0
5805213;11;7;5;18.0;1;25;23.0;0.0
5805447;0;9;2;11.0;1;11;3.0;8.0
5806195;7;7;2;9.0;1;15;16.0;0.0
5806354;22;13;0;25.0;2;19;1.0;34.0
5806619;12;14;6;25.0;4;31;3.0;29.0
5807073;1;1;0;1.0;1;1;2.0;0.0
5808673;20;4;1;11.0;1;18;7.0;18.0
5808980;13;15;3;28.0;2;27;31.0;0.0
5809062;11;11;6;20.0;1;25;28.0;0.0
5813103;20;8;0;14.0;1;20;2.0;26.0
5815129;0;6;0;7.0;1;3;0.0;6.0
5815783;12;37;43;97.0;1;35;11.0;81.0
5817928;1;1;0;0.0;1;0;2.0;0.0
5818083;0;7;0;6.0;1;1;7.0;0.0
5818233;4;11;4;16.0;1;18;11.0;8.0
5819069;6;2;1;1.0;1;5;4.0;5.0
5819218;1;1;1;0.0;1;0;3.0;0.0
5819672;24;22;9;41.0;2;32;51.0;4.0
5822032;5;0;0;0.0;1;5;0.0;5.0
5822964;1;2;1;0.0;1;0;4.0;0.0
5829524;1;1;0;0.0;1;0;2.0;0.0
5830556;0;9;11;20.0;1;13;0.0;20.0
5839289;3;5;1;5.0;1;6;9.0;0.0
5839463;15;5;1;12.0;1;14;5.0;16.0
5839972;6;6;4;11.0;1;16;0.0;16.0
5840417;6;2;0;3.0;1;5;8.0;0.0
5840592;18;4;0;11.0;1;17;11.0;11.0
5841815;4;0;0;0.0;1;4;4.0;0.0
5842396;1;0;0;0.0;1;0;1.0;0.0
584308;4;25;26;56.0;1;25;3.0;52.0
5845421;1;1;2;3.0;1;3;4.0;0.0
5845861;0;6;4;11.0;1;11;2.0;8.0
5847445;0;3;6;10.0;1;9;4.0;5.0
5847829;1;3;1;1.0;1;1;5.0;0.0
5854664;1;0;0;0.0;1;0;1.0;0.0
5855102;1;1;0;0.0;1;0;2.0;0.0
585664;1;2;3;3.0;1;3;6.0;0.0
585782;2;0;0;0.0;3;2;2.0;0.0
5858287;2;4;6;9.0;1;9;5.0;7.0
5858542;14;16;2;26.0;1;19;3.0;29.0
5858860;0;0;2;1.0;1;1;2.0;0.0
5859459;0;1;0;1.0;1;1;1.0;0.0
5859949;5;3;0;3.0;1;6;2.0;6.0
5860714;1;1;0;2.0;1;2;2.0;0.0
586185;17;9;11;34.0;4;29;28.0;9.0
5865051;1;2;1;1.0;1;1;4.0;0.0
5865189;1;1;1;1.0;1;1;3.0;0.0
5865192;8;7;0;12.0;1;15;0.0;15.0
5866554;3;3;1;1.0;1;2;7.0;0.0
5870094;1;2;0;2.0;1;2;3.0;0.0
5871843;2;2;0;3.0;1;3;4.0;0.0
5872343;12;2;0;7.0;1;14;0.0;14.0
5872381;12;12;1;18.0;1;25;0.0;25.0
587263;5;3;1;4.0;5;5;9.0;0.0
5873919;0;0;14;18.0;1;5;0.0;14.0
5878256;3;1;0;0.0;2;2;4.0;0.0
5878806;5;14;15;33.0;1;24;5.0;29.0
5879196;3;3;1;3.0;1;3;7.0;0.0
5879742;0;2;0;0.0;2;0;2.0;0.0
5879748;1;1;0;1.0;1;1;2.0;0.0
5880977;11;2;18;28.0;1;19;2.0;29.0
5882825;11;13;0;16.0;1;22;11.0;13.0
5883896;0;1;1;1.0;1;1;2.0;0.0
5885885;4;5;0;6.0;1;10;2.0;7.0
5887155;3;3;6;10.0;2;13;0.0;12.0
5888950;8;22;4;30.0;2;15;34.0;0.0
5893162;2;2;1;0.0;1;0;5.0;0.0
5895556;1;1;1;1.0;1;1;3.0;0.0
5897478;1;9;5;13.0;1;13;2.0;13.0
5897843;5;1;0;1.0;1;4;0.0;6.0
5897867;0;6;0;6.0;1;6;0.0;6.0
5898012;3;30;9;39.0;1;23;6.0;36.0
5898828;3;8;6;15.0;1;15;5.0;12.0
5900606;7;0;0;0.0;1;7;0.0;7.0
5900703;1;1;0;0.0;1;0;2.0;0.0
5901027;1;2;1;1.0;2;2;4.0;0.0
5901603;7;8;3;13.0;1;15;14.0;4.0
5901780;2;14;25;41.0;1;14;5.0;36.0
5902303;4;3;0;5.0;1;7;3.0;4.0
5905780;7;4;1;8.0;1;11;7.0;5.0
590649;16;7;9;23.0;1;32;20.0;12.0
5907448;4;4;6;12.0;1;14;10.0;4.0
5908101;1;3;3;5.0;1;6;3.0;4.0
5908944;2;4;0;4.0;1;7;0.0;6.0
5909721;5;0;0;0.0;1;5;0.0;5.0
5910812;24;16;1;25.0;1;20;2.0;39.0
5911139;5;11;2;15.0;2;11;3.0;15.0
5912522;9;4;0;0.0;3;5;8.0;5.0
5913909;12;12;7;21.0;1;27;5.0;26.0
5919013;3;0;0;0.0;1;3;0.0;3.0
5921298;9;1;1;2.0;2;10;6.0;5.0
5921460;5;29;7;37.0;1;8;4.0;37.0
5921957;1;2;0;2.0;1;2;3.0;0.0
5922132;8;1;0;2.0;1;6;9.0;0.0
5922227;3;1;1;1.0;1;3;5.0;0.0
5923353;4;3;3;5.0;1;5;10.0;0.0
592399;0;1;0;1.0;1;1;1.0;0.0
5924329;21;11;6;25.0;1;31;0.0;38.0
5924753;2;1;0;0.0;1;0;3.0;0.0
5925609;12;6;0;11.0;1;18;0.0;18.0
5925669;6;0;0;0.0;1;6;0.0;6.0
5925841;2;2;1;0.0;1;1;5.0;0.0
5926418;1;1;1;1.0;1;1;3.0;0.0
5928047;8;11;3;18.0;1;23;0.0;22.0
5931434;2;3;0;6.0;1;6;0.0;5.0
5932048;5;3;2;6.0;2;8;7.0;3.0
5932481;1;3;1;2.0;1;2;5.0;0.0
5932511;2;7;3;10.0;1;10;5.0;7.0
5933702;3;3;2;4.0;1;6;8.0;0.0
5934804;25;41;28;83.0;4;36;94.0;0.0
5935358;4;0;0;1.0;1;3;0.0;4.0
5935546;6;3;5;13.0;3;13;14.0;0.0
5935965;1;0;3;3.0;1;4;0.0;4.0
5936117;1;11;0;12.0;2;7;2.0;10.0
5936894;12;12;6;24.0;2;31;0.0;30.0
5937903;2;1;0;0.0;1;0;3.0;0.0
5940856;7;6;7;12.0;1;18;13.0;7.0
5944311;8;2;2;4.0;1;10;0.0;12.0
5944493;5;11;0;16.0;2;17;4.0;12.0
5946386;10;2;0;8.0;1;9;2.0;10.0
5947910;7;0;0;5.0;1;4;0.0;7.0
5947996;5;8;2;14.0;1;12;1.0;14.0
5949771;0;4;0;4.0;1;2;0.0;4.0
5950588;1;0;0;1.0;1;1;1.0;0.0
5951694;4;9;0;14.0;1;15;2.0;11.0
5963171;2;1;1;1.0;1;1;4.0;0.0
59648;0;4;4;8.0;1;8;0.0;8.0
5966590;7;11;14;30.0;3;30;22.0;10.0
5968459;1;0;0;0.0;1;0;1.0;0.0
5969089;13;12;6;23.0;2;31;0.0;31.0
5971555;5;1;0;3.0;1;4;2.0;4.0
5974287;5;3;0;6.0;1;7;8.0;0.0
5974615;1;3;1;4.0;1;4;5.0;0.0
5974902;0;1;1;0.0;1;0;2.0;0.0
5974935;0;0;1;1.0;1;1;1.0;0.0
5976064;1;1;1;0.0;1;0;3.0;0.0
597627;1;0;0;0.0;2;1;1.0;0.0
5977213;0;0;9;10.0;1;5;0.0;9.0
5977241;0;1;2;3.0;1;3;3.0;0.0
5978145;10;32;4;44.0;1;27;13.0;33.0
5978562;2;1;0;2.0;1;2;3.0;0.0
5980176;1;2;1;0.0;1;0;4.0;0.0
5982957;6;8;0;13.0;1;14;0.0;14.0
5986533;1;2;1;0.0;1;0;4.0;0.0
5986695;1;9;1;11.0;1;10;0.0;11.0
5987599;2;12;1;11.0;1;11;3.0;12.0
5990399;4;0;0;0.0;1;4;0.0;4.0
5991326;23;4;0;10.0;1;13;0.0;27.0
5994355;1;5;1;7.0;2;6;7.0;0.0
5994915;9;6;2;15.0;1;19;0.0;17.0
5996961;22;16;8;32.0;3;42;9.0;37.0
5998550;14;20;25;56.0;1;39;14.0;45.0
6000801;1;4;2;10.0;1;8;0.0;7.0
6003760;7;0;0;0.0;1;6;0.0;7.0
6004377;2;36;8;49.0;1;23;5.0;41.0
6004534;6;1;1;2.0;1;5;4.0;4.0
6006117;1;1;0;0.0;1;0;2.0;0.0
6007316;4;2;1;9.0;1;9;7.0;0.0
6007328;2;1;0;0.0;1;0;3.0;0.0
6008161;23;8;4;21.0;1;29;11.0;24.0
6008575;0;2;0;2.0;2;2;2.0;0.0
6008632;0;6;6;12.0;1;8;0.0;12.0
6014963;36;46;24;87.0;1;32;0.0;106.0
6014986;12;12;6;24.0;1;31;0.0;30.0
6016362;0;7;1;6.0;1;5;3.0;5.0
6017716;3;4;0;5.0;1;6;0.0;7.0
6018260;0;1;0;1.0;1;1;1.0;0.0
6019469;0;3;6;10.0;1;9;0.0;9.0
6019561;2;1;0;0.0;1;1;3.0;0.0
6020203;2;18;10;27.0;1;17;4.0;26.0
6023010;2;3;1;4.0;1;4;6.0;0.0
6023014;0;0;7;8.0;1;6;0.0;7.0
6030275;8;9;3;14.0;1;20;16.0;4.0
6032084;4;4;2;3.0;1;5;10.0;0.0
604022;0;8;0;7.0;2;4;1.0;7.0
6059294;3;7;7;16.0;1;17;0.0;17.0
6059923;11;5;6;16.0;1;23;0.0;22.0
6060415;1;2;0;1.0;1;2;3.0;0.0
6064510;15;6;0;9.0;1;16;4.0;17.0
6064745;4;8;0;10.0;1;11;0.0;12.0
6065029;12;12;6;24.0;1;31;0.0;30.0
6069221;1;1;0;1.0;1;1;2.0;0.0
6070605;0;2;9;14.0;1;6;0.0;11.0
6074562;7;4;5;11.0;1;15;2.0;14.0
6074766;2;3;1;2.0;1;2;6.0;0.0
6075210;9;3;2;7.0;1;14;0.0;14.0
6075900;2;1;0;0.0;1;0;3.0;0.0
608392;2;3;0;2.0;1;3;5.0;0.0
6084484;0;0;1;0.0;1;0;1.0;0.0
6084700;3;19;15;35.0;1;19;5.0;32.0
6085035;6;16;7;27.0;1;28;10.0;19.0
6087260;7;25;0;26.0;1;17;8.0;24.0
6087317;5;5;0;5.0;2;6;6.0;4.0
6087343;2;2;1;1.0;1;1;5.0;0.0
6087398;5;5;4;11.0;1;12;2.0;12.0
6088848;1;1;0;0.0;1;0;2.0;0.0
6094948;2;1;1;0.0;1;1;4.0;0.0
6095375;1;3;1;4.0;1;4;5.0;0.0
60965;5;10;10;25.0;1;21;0.0;25.0
6097510;1;1;0;0.0;1;0;2.0;0.0
6099460;1;1;0;1.0;1;1;2.0;0.0
6099513;0;0;0;0.0;1;0;0.0;0.0
6100081;1;1;0;0.0;1;0;2.0;0.0
6100390;1;2;1;0.0;1;0;4.0;0.0
6101403;2;0;0;0.0;1;0;2.0;0.0
6101554;0;0;0;0.0;1;0;0.0;0.0
6102407;2;0;0;1.0;1;3;2.0;0.0
6102568;1;1;1;0.0;1;0;3.0;0.0
6102604;0;2;0;2.0;1;2;2.0;0.0
6103500;0;5;5;12.0;1;11;0.0;10.0
6108634;0;8;0;8.0;1;4;0.0;8.0
6108712;5;5;6;12.0;1;17;0.0;16.0
6109122;1;1;1;0.0;1;0;3.0;0.0
6109998;2;2;1;0.0;1;0;5.0;0.0
6110222;0;21;12;35.0;1;18;0.0;33.0
6110458;8;11;6;25.0;1;24;0.0;25.0
6110732;4;5;3;9.0;2;10;12.0;0.0
6111415;1;7;11;20.0;1;15;0.0;19.0
6111660;20;9;2;15.0;5;27;20.0;11.0
6112997;114;210;53;292.0;1;51;40.0;337.0
6113361;1;1;0;0.0;1;0;2.0;0.0
6113967;5;4;3;9.0;1;14;0.0;12.0
6114654;0;14;66;91.0;1;11;2.0;78.0
6116065;1;7;8;19.0;1;16;7.0;9.0
6117123;7;0;0;4.0;1;6;0.0;7.0
6117925;2;0;0;2.0;1;2;2.0;0.0
61196;12;16;3;28.0;4;29;24.0;7.0
6120957;2;0;2;1.0;1;4;4.0;0.0
6121080;1;1;0;0.0;1;0;2.0;0.0
6122091;3;1;0;0.0;2;0;4.0;0.0
6124632;0;3;0;2.0;1;2;3.0;0.0
6124952;3;0;0;3.0;1;4;0.0;3.0
6125282;2;2;2;2.0;1;2;6.0;0.0
6127736;2;8;2;11.0;1;10;12.0;0.0
6128431;1;3;6;9.0;1;7;5.0;5.0
6129534;1;1;0;1.0;1;1;2.0;0.0
6129918;1;1;1;0.0;1;0;3.0;0.0
6130106;1;16;2;20.0;1;17;5.0;14.0
6130510;28;15;12;35.0;1;29;2.0;53.0
6130788;0;1;0;0.0;1;0;1.0;0.0
6130902;1;1;0;0.0;1;0;2.0;0.0
6137197;1;0;0;1.0;1;2;1.0;0.0
6138170;11;19;5;29.0;2;24;35.0;0.0
6138274;2;4;5;11.0;1;10;6.0;5.0
6141830;1;2;1;1.0;1;1;4.0;0.0
6143110;12;12;6;24.0;1;31;0.0;30.0
6143467;1;0;0;1.0;1;1;1.0;0.0
6143567;2;2;1;2.0;4;2;5.0;0.0
6149763;24;8;0;18.0;1;19;0.0;32.0
6149923;2;18;9;27.0;3;17;29.0;0.0
6151832;29;38;21;77.0;1;53;22.0;66.0
6152178;24;14;8;35.0;1;26;46.0;0.0
61535;1;0;0;1.0;4;1;1.0;0.0
615424;18;11;3;24.0;3;29;25.0;7.0
6155458;10;17;4;23.0;1;22;18.0;13.0
6155845;1;1;0;0.0;1;0;2.0;0.0
6155905;5;5;2;8.0;3;9;12.0;0.0
6155943;4;0;1;1.0;1;5;0.0;5.0
6157312;5;0;0;0.0;1;5;0.0;5.0
6157744;1;7;10;21.0;1;15;0.0;18.0
616329;0;0;0;0.0;3;0;0.0;0.0
6163368;2;1;1;0.0;3;1;4.0;0.0
6163373;4;6;2;10.0;1;11;12.0;0.0
6163540;3;25;19;42.0;3;27;11.0;36.0
6163798;1;0;1;2.0;1;2;2.0;0.0
61641;4;2;0;4.0;1;3;6.0;0.0
6164446;4;3;0;3.0;1;6;7.0;0.0
6164492;1;1;0;0.0;1;0;2.0;0.0
6165127;11;4;0;9.0;1;13;0.0;15.0
6165604;0;14;12;27.0;1;17;0.0;26.0
6166954;0;20;6;27.0;1;18;0.0;26.0
6168312;12;0;0;1.0;2;12;0.0;12.0
6172281;0;15;7;23.0;1;18;0.0;22.0
617254;3;1;0;0.0;1;0;4.0;0.0
617931;11;7;5;12.0;6;19;23.0;0.0
6181311;9;17;4;25.0;1;26;14.0;16.0
6183380;11;12;7;22.0;1;17;25.0;5.0
6184142;3;5;0;7.0;1;9;0.0;8.0
6185329;0;2;3;5.0;2;5;0.0;5.0
6185525;6;2;0;7.0;1;6;0.0;8.0
6188781;0;1;1;1.0;1;1;2.0;0.0
6188881;0;1;0;0.0;1;0;1.0;0.0
6191957;2;2;1;2.0;1;2;5.0;0.0
6192142;19;4;0;11.0;1;24;14.0;9.0
6193618;0;1;0;0.0;2;0;1.0;0.0
6194675;2;2;2;2.0;3;3;6.0;0.0
6195102;1;1;1;0.0;1;0;3.0;0.0
6195112;1;10;10;22.0;1;22;10.0;11.0
6196902;0;4;0;4.0;1;4;0.0;4.0
6199131;0;11;6;18.0;1;18;0.0;17.0
6202766;0;18;12;31.0;1;16;0.0;30.0
6203926;12;12;6;24.0;1;31;0.0;30.0
6205173;2;0;0;0.0;1;1;2.0;0.0
6206281;10;0;0;3.0;1;8;0.0;10.0
6207723;3;0;0;0.0;1;1;3.0;0.0
62089;1;1;1;2.0;2;3;3.0;0.0
6210890;1;1;1;1.0;2;1;3.0;0.0
6212142;13;23;21;47.0;1;25;6.0;51.0
6213888;0;1;1;0.0;1;0;2.0;0.0
6216981;6;13;6;24.0;1;24;2.0;23.0
6217910;1;2;0;0.0;1;0;3.0;0.0
6218044;0;2;2;4.0;1;4;4.0;0.0
6218431;17;7;1;14.0;1;16;5.0;20.0
6219326;15;43;9;59.0;1;18;0.0;67.0
6221764;2;1;0;0.0;1;1;3.0;0.0
6223023;0;11;2;11.0;1;9;7.0;6.0
6223514;25;8;8;20.0;1;24;3.0;38.0
6223955;4;8;16;27.0;2;24;15.0;13.0
6224421;2;2;1;0.0;1;0;5.0;0.0
6225554;0;2;0;2.0;1;2;2.0;0.0
6226619;8;6;3;13.0;1;17;17.0;0.0
6231539;3;12;1;14.0;3;13;6.0;10.0
6233063;0;0;1;0.0;1;0;1.0;0.0
6234151;2;1;0;1.0;1;2;3.0;0.0
6235062;0;0;0;0.0;1;0;0.0;0.0
6235717;4;10;4;16.0;1;17;3.0;15.0
6236330;12;12;6;24.0;1;31;0.0;30.0
623867;2;22;14;41.0;1;16;0.0;38.0
6238743;0;1;6;9.0;1;8;0.0;7.0
6239424;37;3;0;20.0;1;14;0.0;40.0
6245625;6;0;0;1.0;1;4;6.0;0.0
6246339;18;49;36;100.0;1;32;0.0;103.0
6250001;1;0;0;0.0;1;0;1.0;0.0
6252636;6;9;6;21.0;1;20;13.0;8.0
6253174;5;4;4;14.0;1;9;0.0;13.0
6253404;3;9;4;16.0;1;16;16.0;0.0
6256570;24;7;0;17.0;1;16;0.0;31.0
6257381;1;1;1;1.0;1;1;3.0;0.0
6258185;1;3;1;1.0;1;1;5.0;0.0
6259304;14;5;1;12.0;1;12;6.0;14.0
6259679;9;13;1;17.0;1;16;4.0;19.0
6259962;7;10;1;15.0;2;15;11.0;7.0
6261177;1;4;2;4.0;1;4;7.0;0.0
6261252;6;7;5;15.0;2;18;18.0;0.0
6262560;0;1;0;1.0;1;1;1.0;0.0
6265186;6;3;0;5.0;1;10;0.0;9.0
6266171;1;1;1;0.0;2;0;3.0;0.0
627262;0;3;0;2.0;1;2;3.0;0.0
6277511;3;2;1;1.0;2;3;6.0;0.0
6279308;5;1;0;2.0;1;4;6.0;0.0
6279546;2;0;0;0.0;1;0;2.0;0.0
6279742;1;0;0;0.0;1;0;1.0;0.0
6279908;7;8;1;14.0;1;14;0.0;16.0
6280782;1;6;3;8.0;1;9;2.0;8.0
6281349;1;1;0;0.0;1;0;2.0;0.0
6285246;1;1;1;0.0;1;0;3.0;0.0
6285709;4;1;0;4.0;3;4;1.0;4.0
6285877;0;6;1;5.0;1;5;3.0;4.0
6286419;0;9;0;8.0;1;4;0.0;9.0
6286754;5;5;0;8.0;1;8;2.0;8.0
6289933;1;7;5;14.0;1;11;0.0;13.0
6290416;4;2;2;2.0;1;3;8.0;0.0
6290493;2;1;0;0.0;1;0;3.0;0.0
6290607;1;1;0;0.0;1;0;2.0;0.0
6291443;0;1;0;0.0;1;0;1.0;0.0
6293492;0;2;0;2.0;1;1;2.0;0.0
6298968;13;16;5;26.0;1;28;34.0;0.0
6299069;0;1;1;0.0;1;0;2.0;0.0
6300552;0;3;0;3.0;1;3;3.0;0.0
6301268;1;1;1;0.0;3;0;3.0;0.0
6301346;1;5;2;8.0;2;9;1.0;7.0
6301884;0;1;1;0.0;1;0;2.0;0.0
6301897;1;1;0;0.0;1;0;2.0;0.0
6302440;12;3;0;8.0;1;15;0.0;15.0
6304498;12;14;0;19.0;1;24;0.0;26.0
6305657;8;0;0;5.0;2;7;2.0;6.0
6312025;2;1;0;0.0;1;2;3.0;0.0
6312587;0;1;1;0.0;1;0;2.0;0.0
6313274;0;0;6;7.0;2;5;0.0;6.0
631337;3;0;4;5.0;2;7;1.0;6.0
6313741;4;13;8;27.0;2;23;25.0;0.0
6314342;4;0;2;4.0;1;5;6.0;0.0
6314974;8;0;0;0.0;1;2;0.0;8.0
6317331;17;15;7;29.0;1;38;9.0;30.0
6317562;0;21;8;28.0;1;8;0.0;29.0
6317846;25;28;18;58.0;1;37;7.0;64.0
6318789;0;0;8;10.0;1;5;0.0;8.0
6320445;2;1;1;0.0;1;0;4.0;0.0
6321306;0;2;1;4.0;1;4;0.0;3.0
6321556;7;1;0;2.0;2;8;0.0;8.0
6321597;10;15;11;30.0;1;27;3.0;33.0
6321616;2;2;2;2.0;1;4;6.0;0.0
6324941;1;1;0;0.0;1;0;2.0;0.0
6325816;12;16;7;30.0;1;28;3.0;32.0
6326132;1;4;0;6.0;2;6;1.0;4.0
6326662;25;24;6;41.0;1;28;2.0;53.0
6327344;2;0;0;0.0;2;2;0.0;2.0
6327477;1;1;1;1.0;1;1;3.0;0.0
632761;6;6;2;10.0;2;13;14.0;0.0
6327668;1;0;0;0.0;1;1;1.0;0.0
6328909;4;0;0;3.0;1;5;0.0;4.0
6331853;1;1;0;0.0;1;0;2.0;0.0
6331970;2;9;0;11.0;1;11;0.0;11.0
6332404;0;4;7;13.0;1;11;0.0;11.0
6332406;0;9;7;19.0;1;15;12.0;4.0
6333408;2;2;3;5.0;1;5;2.0;5.0
6333452;23;7;5;16.0;1;21;3.0;32.0
6333534;1;1;0;2.0;1;2;2.0;0.0
6333639;9;0;0;2.0;1;9;0.0;9.0
6340422;10;12;10;28.0;1;28;7.0;25.0
6340683;2;0;0;0.0;1;1;2.0;0.0
6340754;2;3;0;3.0;1;3;5.0;0.0
6341699;13;14;4;23.0;1;24;31.0;0.0
6342710;0;2;1;2.0;1;2;3.0;0.0
6343426;0;7;7;15.0;1;14;1.0;13.0
6344423;10;13;7;24.0;2;26;30.0;0.0
6344532;17;11;3;18.0;2;22;31.0;0.0
6345206;12;9;0;14.0;1;21;0.0;21.0
6345292;13;2;2;8.0;1;15;0.0;17.0
6346404;2;6;3;7.0;2;6;11.0;0.0
6347429;3;0;1;1.0;1;1;4.0;0.0
6347499;4;9;6;15.0;1;17;19.0;0.0
6348535;7;3;1;8.0;1;8;11.0;0.0
6351577;1;1;0;0.0;3;0;2.0;0.0
6352870;0;1;1;0.0;1;0;2.0;0.0
6353518;3;0;0;0.0;1;1;3.0;0.0
6353873;2;0;0;0.0;1;1;2.0;0.0
6356330;15;70;74;168.0;2;42;10.0;149.0
635700;0;1;0;0.0;2;0;1.0;0.0
6357557;0;1;0;0.0;3;0;1.0;0.0
635768;2;0;0;0.0;1;0;2.0;0.0
635790;3;4;1;4.0;3;4;8.0;0.0
6357920;12;13;6;25.0;1;32;0.0;31.0
6358079;1;1;0;0.0;2;0;2.0;0.0
6359312;9;5;0;7.0;1;14;0.0;14.0
6359477;33;5;1;10.0;4;20;35.0;4.0
636195;13;2;0;5.0;1;12;0.0;15.0
636238;19;12;5;25.0;2;28;36.0;0.0
636410;9;14;6;25.0;1;28;3.0;26.0
6365227;15;12;6;24.0;1;31;0.0;33.0
6366419;0;10;2;12.0;1;11;5.0;7.0
6366596;1;1;1;2.0;1;2;3.0;0.0
6366750;2;2;0;1.0;1;1;4.0;0.0
6366924;0;4;1;5.0;1;5;0.0;5.0
6368276;1;1;0;1.0;1;1;2.0;0.0
6368346;3;8;2;12.0;1;13;0.0;13.0
6370633;3;7;1;11.0;1;10;1.0;10.0
6373294;1;1;0;0.0;1;0;2.0;0.0
6377187;13;0;0;5.0;1;11;0.0;13.0
6378211;5;2;0;7.0;1;8;4.0;3.0
6378487;1;3;2;3.0;1;3;6.0;0.0
6378554;0;1;1;0.0;1;0;2.0;0.0
6379993;0;5;6;12.0;1;12;0.0;11.0
6381502;15;21;15;45.0;2;35;0.0;51.0
6381885;14;13;7;27.0;1;31;3.0;31.0
6383025;0;1;1;0.0;1;0;2.0;0.0
6385740;1;0;0;0.0;1;0;1.0;0.0
6386223;1;3;1;2.0;1;2;5.0;0.0
6386626;2;13;0;13.0;1;12;2.0;13.0
6387633;3;0;1;1.0;1;4;0.0;4.0
6389797;8;0;0;1.0;1;8;0.0;8.0
6395382;1;1;0;0.0;1;0;2.0;0.0
6396233;0;1;0;0.0;1;0;1.0;0.0
639774;2;3;2;5.0;1;4;7.0;0.0
6397750;19;14;11;36.0;1;31;0.0;44.0
6397791;1;1;1;0.0;1;0;3.0;0.0
6398247;1;0;1;2.0;1;2;2.0;0.0
6399544;2;0;0;0.0;1;2;2.0;0.0
6399973;45;35;19;74.0;1;31;2.0;97.0
6400472;0;5;0;6.0;3;6;5.0;0.0
6400515;4;2;2;2.0;2;5;8.0;0.0
6400570;3;10;10;24.0;1;16;10.0;13.0
6400843;6;2;2;5.0;1;8;5.0;5.0
6407897;0;0;3;4.0;1;4;0.0;3.0
6409808;2;16;8;26.0;1;20;2.0;24.0
64118;15;2;0;12.0;2;12;2.0;15.0
6413451;7;0;0;1.0;1;6;0.0;7.0
641348;0;1;0;0.0;1;0;1.0;0.0
641397;1;1;0;0.0;1;0;2.0;0.0
6415253;1;0;0;0.0;1;0;1.0;0.0
6420770;11;6;0;11.0;1;13;0.0;17.0
6421085;1;1;2;2.0;1;2;4.0;0.0
6421620;12;11;0;16.0;1;23;0.0;23.0
6422528;12;7;3;16.0;1;22;2.0;20.0
6422553;12;33;28;77.0;1;28;0.0;73.0
6424772;12;22;12;42.0;1;32;0.0;46.0
6424808;0;0;1;1.0;1;1;1.0;0.0
6425263;5;5;2;11.0;1;13;0.0;12.0
6425667;3;1;0;1.0;1;2;4.0;0.0
6426610;11;16;16;42.0;1;30;2.0;41.0
6427010;6;3;0;8.0;1;8;0.0;9.0
6429435;1;0;0;0.0;1;0;1.0;0.0
64299;2;3;1;2.0;1;2;6.0;0.0
6432227;3;1;1;1.0;1;2;5.0;0.0
6433208;2;1;0;1.0;1;1;3.0;0.0
6433284;45;46;25;88.0;1;54;28.0;88.0
6433407;6;1;1;5.0;1;6;3.0;5.0
643423;2;1;0;1.0;1;1;3.0;0.0
6435932;0;0;5;6.0;1;6;0.0;5.0
6436728;15;0;0;0.0;1;6;0.0;15.0
6437531;5;4;2;8.0;1;12;11.0;0.0
6437878;38;43;24;87.0;1;32;0.0;105.0
6438026;11;12;6;24.0;1;30;0.0;29.0
6438542;0;3;3;5.0;1;5;2.0;4.0
6438742;0;4;0;4.0;1;4;0.0;4.0
6439296;22;16;4;28.0;1;27;42.0;0.0
6439372;0;6;2;8.0;1;8;0.0;8.0
6439664;5;8;0;9.0;1;13;0.0;13.0
643978;5;15;3;16.0;1;17;3.0;20.0
6439952;1;1;0;1.0;1;1;2.0;0.0
6441123;1;5;0;6.0;1;6;6.0;0.0
6441371;1;1;0;0.0;3;0;2.0;0.0
6441554;2;1;3;5.0;1;5;0.0;6.0
6442044;0;9;10;20.0;1;13;0.0;19.0
6442730;4;2;0;6.0;1;6;0.0;6.0
6446603;6;7;12;26.0;1;25;18.0;7.0
6446906;2;2;1;2.0;1;2;5.0;0.0
6447416;2;2;16;21.0;1;9;4.0;16.0
6449963;14;2;2;7.0;1;9;3.0;15.0
6450140;7;1;0;0.0;2;6;3.0;5.0
6452384;1;1;0;1.0;4;1;2.0;0.0
6453567;1;1;0;0.0;2;0;2.0;0.0
6454375;39;28;13;55.0;1;31;0.0;80.0
6454918;6;4;4;7.0;1;6;14.0;0.0
6455907;0;1;0;0.0;1;0;1.0;0.0
6455992;7;5;3;10.0;1;14;7.0;8.0
6456362;3;5;2;6.0;1;7;10.0;0.0
6459732;0;4;7;13.0;1;11;1.0;10.0
6461024;3;4;0;2.0;1;2;7.0;0.0
6461165;1;3;0;3.0;1;4;0.0;4.0
6462296;75;5;0;42.0;2;28;13.0;67.0
6462736;8;0;0;8.0;1;6;0.0;8.0
6463407;2;1;0;1.0;1;2;3.0;0.0
6463685;18;15;9;36.0;3;37;0.0;42.0
6463886;1;2;0;0.0;1;0;3.0;0.0
6463939;2;10;3;12.0;1;10;0.0;15.0
6463949;1;1;0;0.0;1;0;2.0;0.0
6464545;2;1;1;0.0;1;0;4.0;0.0
6466608;1;0;0;0.0;2;0;1.0;0.0
6468946;12;12;6;27.0;1;27;0.0;30.0
6469285;2;5;3;8.0;1;8;10.0;0.0
6473533;6;4;3;10.0;1;11;3.0;10.0
6475176;2;12;1;12.0;2;12;6.0;9.0
6475403;0;0;1;1.0;1;1;0.0;1.0
6475746;32;13;0;24.0;1;25;2.0;43.0
6478148;1;7;6;12.0;2;12;4.0;10.0
6479160;5;1;0;7.0;1;7;0.0;6.0
648011;4;1;1;5.0;2;8;2.0;4.0
6481063;26;16;8;38.0;4;39;37.0;13.0
6481725;0;1;0;0.0;1;0;1.0;0.0
6485614;1;0;1;0.0;1;0;2.0;0.0
6486154;5;0;1;2.0;1;6;0.0;6.0
6487966;0;1;1;0.0;1;0;2.0;0.0
6488821;5;1;1;1.0;1;5;7.0;0.0
6489273;22;2;1;3.0;1;11;6.0;19.0
6490818;31;17;10;39.0;1;32;46.0;12.0
6491342;10;13;0;14.0;2;15;4.0;19.0
6491418;11;16;4;24.0;1;29;8.0;23.0
6491484;35;6;5;21.0;1;23;1.0;45.0
6493571;1;0;1;1.0;1;1;2.0;0.0
6494725;11;3;1;1.0;6;6;5.0;10.0
6495068;2;3;0;3.0;1;3;5.0;0.0
6495149;28;34;34;92.0;2;49;29.0;67.0
6495820;0;1;24;26.0;2;11;3.0;22.0
6500566;2;11;1;10.0;1;7;10.0;4.0
6501945;4;0;0;4.0;1;4;0.0;4.0
6504219;3;3;1;5.0;1;7;0.0;7.0
6505140;8;0;0;1.0;1;8;0.0;8.0
6505213;0;6;0;6.0;1;6;0.0;6.0
6505303;2;0;0;1.0;1;1;2.0;0.0
6505995;2;20;3;24.0;1;15;5.0;20.0
6506586;0;3;0;3.0;1;3;3.0;0.0
6507764;31;39;13;64.0;1;39;14.0;69.0
6508230;1;0;0;0.0;1;0;1.0;0.0
6508695;2;10;6;16.0;1;18;0.0;18.0
6512259;1;1;0;0.0;2;0;2.0;0.0
6512264;0;1;0;0.0;1;0;1.0;0.0
6512587;7;5;0;5.0;1;9;3.0;9.0
6513162;0;0;0;0.0;1;0;0.0;0.0
6514060;7;4;3;12.0;1;15;5.0;9.0
6514480;0;0;11;15.0;1;5;0.0;11.0
6514653;18;20;16;47.0;1;42;19.0;35.0
6516254;13;24;16;49.0;1;31;0.0;53.0
6516616;5;10;2;12.0;1;13;4.0;13.0
6516773;12;13;9;32.0;1;32;26.0;8.0
6517074;1;0;1;0.0;1;0;2.0;0.0
6517326;2;0;0;0.0;1;0;2.0;0.0
6518560;0;9;0;8.0;1;8;0.0;9.0
6519;2;2;1;0.0;2;0;5.0;0.0
6519551;1;1;1;0.0;1;0;3.0;0.0
6519586;1;3;0;2.0;3;2;4.0;0.0
6519770;6;19;5;26.0;1;26;12.0;18.0
6521480;9;1;8;16.0;3;12;4.0;14.0
6526195;15;1;0;7.0;1;13;0.0;16.0
6527016;0;5;6;12.0;1;11;0.0;11.0
6529636;1;2;1;2.0;1;2;4.0;0.0
6531257;0;7;1;8.0;1;8;0.0;8.0
6531419;1;3;2;2.0;1;2;6.0;0.0
6532228;14;12;12;33.0;1;31;11.0;27.0
6532566;15;15;4;24.0;2;31;10.0;24.0
6532975;0;0;4;6.0;1;5;0.0;4.0
6533853;30;34;16;67.0;1;38;9.0;71.0
6535188;24;14;2;27.0;1;26;0.0;40.0
6538879;1;1;0;0.0;1;0;2.0;0.0
6539348;18;27;12;51.0;1;38;24.0;33.0
6539788;0;3;2;4.0;1;4;5.0;0.0
6541;1;7;7;15.0;1;12;3.0;12.0
6541424;2;1;1;0.0;1;0;4.0;0.0
6541473;2;3;6;8.0;1;9;11.0;0.0
6541762;1;1;0;0.0;1;0;2.0;0.0
6541798;6;1;0;2.0;1;7;2.0;5.0
654240;14;15;10;29.0;1;35;8.0;31.0
6543187;0;2;0;2.0;1;2;2.0;0.0
6544039;1;1;1;0.0;1;0;3.0;0.0
6544309;0;3;2;7.0;1;7;0.0;5.0
6544852;1;1;3;4.0;1;4;2.0;3.0
6545476;1;1;1;0.0;1;0;3.0;0.0
6546162;0;1;1;0.0;1;0;2.0;0.0
6547700;6;6;4;10.0;1;14;0.0;16.0
6548072;2;7;3;10.0;2;10;12.0;0.0
6552160;12;12;6;24.0;1;31;0.0;30.0
6552891;14;23;3;33.0;1;24;2.0;38.0
6553669;16;6;5;13.0;1;20;3.0;24.0
6554618;21;0;0;2.0;1;11;3.0;18.0
6554714;0;0;8;8.0;1;4;0.0;8.0
6555302;4;5;2;7.0;4;9;11.0;0.0
6555660;7;3;0;2.0;1;6;3.0;7.0
6556639;0;11;4;15.0;1;15;0.0;15.0
6556812;56;43;23;92.0;1;37;9.0;113.0
6557168;4;7;0;9.0;1;9;7.0;4.0
6557733;14;15;7;29.0;1;35;5.0;31.0
6558255;4;1;1;3.0;1;6;6.0;0.0
6558493;1;1;0;2.0;2;2;2.0;0.0
6559511;0;0;1;1.0;1;1;1.0;0.0
6560983;3;2;0;2.0;1;5;0.0;5.0
6562345;22;16;9;40.0;1;30;6.0;41.0
656294;3;3;2;4.0;1;6;8.0;0.0
6565033;11;15;8;32.0;1;28;13.0;21.0
6565114;2;2;1;0.0;1;0;5.0;0.0
6566023;1;1;1;0.0;1;0;3.0;0.0
6566045;7;8;5;20.0;1;20;5.0;15.0
6566830;0;1;0;0.0;1;0;1.0;0.0
6567076;17;15;6;25.0;1;28;0.0;38.0
6567127;1;2;0;0.0;1;0;3.0;0.0
6567888;3;6;3;8.0;1;9;12.0;0.0
6568062;1;10;2;11.0;1;11;2.0;11.0
6570375;2;1;0;0.0;1;0;3.0;0.0
6570568;2;1;2;5.0;1;5;0.0;5.0
6572518;0;2;3;3.0;1;3;2.0;3.0
6574716;0;0;0;0.0;2;0;0.0;0.0
6580893;18;4;2;7.0;1;14;2.0;22.0
6583561;10;4;0;8.0;1;9;3.0;11.0
6585516;1;4;2;5.0;1;5;7.0;0.0
6587150;1;1;0;0.0;1;0;2.0;0.0
6587543;0;9;13;22.0;3;11;4.0;18.0
6592385;0;0;16;20.0;1;7;7.0;9.0
6593324;3;10;2;12.0;1;14;2.0;13.0
6593772;9;1;5;10.0;1;9;5.0;10.0
6595912;15;18;12;42.0;1;28;0.0;45.0
6596290;8;0;0;3.0;1;8;1.0;7.0
6596654;5;5;3;8.0;1;11;13.0;0.0
6596857;10;1;0;3.0;1;10;2.0;9.0
6599671;4;2;6;10.0;1;10;4.0;8.0
6600836;5;6;4;9.0;2;10;15.0;0.0
6601331;12;11;6;24.0;1;31;0.0;29.0
6605366;12;12;6;24.0;1;31;0.0;30.0
6606223;11;14;9;30.0;1;31;14.0;20.0
6606560;2;1;1;1.0;1;1;4.0;0.0
6607123;5;1;0;1.0;1;3;6.0;0.0
6607317;2;5;0;4.0;1;6;0.0;7.0
6607891;4;6;6;13.0;1;17;0.0;16.0
6611435;14;10;0;15.0;1;22;0.0;24.0
6611494;1;1;0;0.0;1;0;2.0;0.0
6611944;3;2;1;6.0;1;6;6.0;0.0
6612560;1;10;0;8.0;3;8;2.0;9.0
6612743;15;12;0;18.0;1;20;8.0;19.0
6614220;1;1;0;0.0;1;1;2.0;0.0
6614239;1;2;2;5.0;1;5;5.0;0.0
6618562;1;0;1;0.0;1;0;2.0;0.0
6619201;1;1;1;0.0;1;0;3.0;0.0
6621017;2;12;6;20.0;1;19;0.0;20.0
6621789;27;114;87;244.0;2;45;27.0;201.0
6623734;5;2;0;3.0;3;6;3.0;4.0
6624270;16;19;0;34.0;1;16;0.0;35.0
6624719;9;7;11;18.0;1;20;6.0;21.0
6624946;0;0;3;4.0;1;4;0.0;3.0
6625525;4;3;1;0.0;1;2;8.0;0.0
6625547;1;1;0;0.0;1;0;2.0;0.0
6626306;13;18;12;37.0;1;32;2.0;41.0
6627041;1;0;1;0.0;1;0;2.0;0.0
6627636;5;17;0;18.0;1;12;0.0;22.0
663093;0;7;14;23.0;2;13;0.0;21.0
6633493;54;73;20;135.0;1;14;4.0;143.0
6634181;6;0;0;2.0;1;5;0.0;6.0
6634398;3;0;0;0.0;1;0;3.0;0.0
6634512;2;0;0;0.0;1;0;2.0;0.0
6634850;10;0;0;3.0;1;9;0.0;10.0
6636079;1;1;0;0.0;1;0;2.0;0.0
6636499;0;1;1;1.0;1;1;2.0;0.0
6636572;2;6;2;6.0;1;6;10.0;0.0
6636739;6;10;2;16.0;1;15;8.0;10.0
6636971;3;0;0;0.0;1;3;0.0;3.0
6638385;0;1;2;2.0;1;2;3.0;0.0
6641129;7;1;0;1.0;1;5;2.0;6.0
6644373;1;1;0;0.0;1;0;2.0;0.0
6646212;4;10;1;12.0;1;15;0.0;15.0
6647463;0;1;1;0.0;1;0;2.0;0.0
6647712;3;0;0;1.0;1;1;3.0;0.0
6648097;0;1;1;2.0;1;2;2.0;0.0
6649267;2;0;0;0.0;1;2;2.0;0.0
6649343;2;1;0;1.0;2;1;3.0;0.0
6650118;1;3;0;2.0;1;2;4.0;0.0
6651442;4;3;2;3.0;1;6;9.0;0.0
6652025;2;1;0;1.0;1;1;3.0;0.0
6652323;10;0;0;0.0;1;7;0.0;10.0
6652514;0;0;2;1.0;1;1;2.0;0.0
6653661;11;7;2;9.0;1;13;2.0;18.0
6654350;1;1;0;0.0;1;0;2.0;0.0
6654575;1;4;1;2.0;1;2;6.0;0.0
6654800;0;9;2;11.0;1;7;0.0;11.0
6660902;1;2;1;1.0;4;1;4.0;0.0
6660912;12;6;2;10.0;1;17;20.0;0.0
6660937;2;1;2;1.0;2;1;5.0;0.0
6661035;1;2;0;0.0;3;0;3.0;0.0
6661504;11;10;0;15.0;1;21;0.0;21.0
6662069;22;7;2;14.0;1;18;2.0;29.0
6662542;2;3;5;11.0;1;11;0.0;10.0
6662845;16;2;0;12.0;1;15;0.0;18.0
6662872;1;5;0;5.0;1;7;1.0;5.0
6662965;2;1;0;0.0;1;1;3.0;0.0
6663863;0;1;1;1.0;1;1;2.0;0.0
6664020;0;1;5;6.0;1;6;0.0;6.0
6664083;0;14;12;29.0;1;16;1.0;25.0
6664311;4;9;5;14.0;1;15;10.0;8.0
6664868;2;2;1;1.0;5;1;5.0;0.0
6664999;2;0;3;5.0;1;5;5.0;0.0
6665202;5;0;0;2.0;1;5;0.0;5.0
6665519;2;12;7;22.0;1;21;0.0;21.0
6665676;12;18;6;31.0;1;31;0.0;36.0
6666135;12;12;3;20.0;1;27;0.0;27.0
6667391;1;1;0;0.0;1;0;2.0;0.0
6668161;12;12;5;25.0;1;31;10.0;19.0
6668658;1;1;0;0.0;1;0;2.0;0.0
6671717;0;4;3;7.0;1;7;0.0;7.0
6672441;9;0;0;0.0;1;5;0.0;9.0
6672547;9;10;0;14.0;1;16;3.0;16.0
6675111;5;4;3;7.0;1;12;0.0;12.0
6675780;7;2;1;3.0;1;8;4.0;6.0
6675932;7;0;0;0.0;1;7;0.0;7.0
6676592;1;2;1;3.0;1;3;4.0;0.0
6678651;2;5;3;11.0;1;11;0.0;10.0
6678923;1;4;1;4.0;1;5;2.0;4.0
6680551;3;0;0;0.0;3;3;3.0;0.0
6681118;12;6;6;18.0;1;25;0.0;24.0
668535;5;54;60;130.0;2;24;3.0;116.0
6686208;11;24;18;49.0;3;42;18.0;35.0
6687167;0;2;1;2.0;1;2;3.0;0.0
6688101;4;6;11;25.0;1;15;3.0;18.0
6688490;0;1;0;0.0;1;0;1.0;0.0
6689272;0;3;5;8.0;1;8;0.0;8.0
6689456;3;7;0;7.0;1;6;10.0;0.0
6690024;3;6;0;9.0;1;5;0.0;9.0
6690273;1;1;1;0.0;1;0;3.0;0.0
6690530;14;5;1;12.0;1;14;7.0;13.0
6692049;1;1;1;0.0;3;0;3.0;0.0
6692939;5;3;1;2.0;1;5;9.0;0.0
6693958;4;0;0;2.0;1;3;0.0;4.0
6694453;1;1;1;0.0;1;0;3.0;0.0
6695247;11;19;10;35.0;1;31;40.0;0.0
6701004;9;10;7;19.0;2;23;8.0;18.0
6701167;6;0;0;4.0;2;6;0.0;6.0
6701572;6;0;0;0.0;1;5;0.0;6.0
6705279;11;14;7;19.0;1;14;5.0;27.0
6705427;15;2;1;5.0;1;13;5.0;13.0
6705451;7;14;0;15.0;1;14;2.0;19.0
6706586;3;0;0;0.0;1;2;0.0;3.0
6707252;2;0;0;1.0;2;1;2.0;0.0
6708110;0;1;0;0.0;1;0;1.0;0.0
6708540;1;0;0;1.0;1;1;1.0;0.0
6709654;1;0;0;0.0;1;0;1.0;0.0
6709673;10;0;0;0.0;1;6;0.0;10.0
6709980;24;4;0;9.0;1;16;3.0;25.0
6715138;0;16;26;45.0;1;15;2.0;40.0
6715975;27;48;12;81.0;1;35;16.0;71.0
6716;9;12;4;20.0;3;23;25.0;0.0
6718274;0;12;9;18.0;1;12;21.0;0.0
6719496;1;0;0;0.0;1;1;1.0;0.0
6720307;8;12;5;22.0;1;21;18.0;7.0
6720497;3;0;4;6.0;1;6;0.0;7.0
6721892;19;12;0;19.0;2;25;5.0;26.0
6722627;5;6;2;13.0;1;13;13.0;0.0
672299;1;1;0;0.0;1;0;2.0;0.0
6723310;2;0;0;1.0;1;1;2.0;0.0
672481;0;0;0;0.0;1;0;0.0;0.0
6731352;1;2;0;2.0;1;2;3.0;0.0
6731892;12;1;1;5.0;1;12;3.0;11.0
6732050;22;1;0;6.0;1;13;0.0;23.0
673470;3;3;0;2.0;2;4;6.0;0.0
6735698;23;0;0;9.0;1;12;0.0;23.0
673571;3;6;0;7.0;1;8;9.0;0.0
6744246;2;8;0;8.0;1;8;2.0;8.0
6747756;0;1;3;4.0;1;4;0.0;4.0
6747779;1;1;1;0.0;1;0;3.0;0.0
6748904;0;2;0;0.0;1;0;2.0;0.0
675648;6;25;3;33.0;1;17;0.0;34.0
6764442;2;1;0;0.0;1;0;3.0;0.0
6768754;10;12;8;26.0;1;28;1.0;29.0
6773224;1;1;0;0.0;1;0;2.0;0.0
6776267;12;12;6;24.0;1;31;0.0;30.0
6783772;8;2;1;0.0;2;6;5.0;6.0
6785;1;1;0;0.0;1;0;2.0;0.0
6788343;2;1;1;0.0;1;0;4.0;0.0
6789769;0;2;0;1.0;1;1;2.0;0.0
6789880;2;1;1;1.0;1;1;4.0;0.0
6789884;0;0;2;0.0;2;0;2.0;0.0
6789988;0;37;34;78.0;1;20;0.0;71.0
6790718;4;3;1;5.0;1;7;8.0;0.0
6792723;1;1;1;1.0;1;1;3.0;0.0
6793390;1;1;0;0.0;1;0;2.0;0.0
6793575;2;5;1;8.0;1;8;3.0;5.0
6798447;2;11;9;22.0;1;18;13.0;9.0
6800536;12;22;10;38.0;1;30;0.0;44.0
6800864;12;12;6;24.0;1;31;0.0;30.0
6801205;0;1;1;0.0;1;0;2.0;0.0
6801761;0;2;0;2.0;1;2;2.0;0.0
6803094;2;1;0;1.0;1;1;3.0;0.0
6803160;5;12;7;19.0;1;24;8.0;16.0
6803511;0;5;0;5.0;1;5;0.0;5.0
6803849;1;6;8;12.0;3;12;8.0;7.0
6805072;1;3;1;1.0;1;1;5.0;0.0
6805218;13;10;11;22.0;4;20;3.0;31.0
6805798;3;2;0;1.0;1;4;0.0;5.0
6807103;0;0;2;2.0;1;1;0.0;2.0
6808110;9;0;4;5.0;1;10;0.0;13.0
6809378;0;5;0;4.0;1;4;0.0;5.0
6813;27;19;1;33.0;1;23;2.0;45.0
6814073;3;0;1;4.0;1;6;0.0;4.0
6815327;2;0;1;0.0;1;0;3.0;0.0
6816211;1;3;2;3.0;1;3;6.0;0.0
6816696;0;1;1;0.0;3;0;2.0;0.0
6816798;20;25;7;44.0;1;29;0.0;52.0
6818183;8;10;1;15.0;1;15;9.0;10.0
6818880;3;5;3;6.0;1;7;11.0;0.0
6818948;2;1;1;5.0;1;5;0.0;4.0
6820709;6;1;1;3.0;3;6;8.0;0.0
6820884;1;3;2;2.0;1;2;6.0;0.0
6821054;16;5;6;19.0;1;21;5.0;22.0
6821416;1;30;57;95.0;2;18;5.0;83.0
6822142;6;6;0;10.0;1;11;0.0;12.0
6823562;6;4;1;5.0;2;7;11.0;0.0
6826937;10;14;1;18.0;1;21;4.0;21.0
6827097;9;14;6;28.0;1;23;0.0;29.0
6827456;1;2;0;2.0;1;2;3.0;0.0
6828538;26;0;0;0.0;1;7;2.0;24.0
6831669;6;1;0;1.0;1;7;0.0;7.0
6833486;4;25;11;43.0;1;30;9.0;31.0
6833687;9;9;4;15.0;1;20;0.0;22.0
6834900;0;4;0;4.0;1;4;0.0;4.0
6835552;12;10;0;15.0;1;22;0.0;22.0
6835647;0;3;4;8.0;1;8;0.0;7.0
6836625;28;34;6;45.0;4;34;53.0;15.0
6836643;0;1;6;6.0;2;6;2.0;5.0
6837050;2;2;1;2.0;1;2;5.0;0.0
6841862;2;3;1;3.0;1;5;6.0;0.0
6843290;2;3;1;2.0;1;2;6.0;0.0
6843662;0;1;1;1.0;1;1;2.0;0.0
6843782;2;0;0;0.0;1;2;2.0;0.0
684432;0;1;1;0.0;1;0;2.0;0.0
6845563;1;3;2;3.0;1;4;6.0;0.0
6846545;1;1;4;4.0;1;3;2.0;4.0
6846633;6;12;6;24.0;1;25;0.0;24.0
6847618;1;0;1;1.0;1;1;2.0;0.0
6853259;12;0;0;5.0;1;12;0.0;12.0
6853543;1;2;0;0.0;1;0;3.0;0.0
6855314;4;12;7;24.0;1;22;0.0;23.0
6855413;18;16;3;24.0;1;28;3.0;34.0
6856545;11;36;2;45.0;1;21;0.0;49.0
6856628;14;19;1;29.0;1;21;0.0;34.0
6861676;3;2;0;2.0;1;3;5.0;0.0
6864229;12;12;6;23.0;1;30;0.0;30.0
6864297;1;0;0;0.0;1;0;1.0;0.0
6873240;3;2;0;6.0;1;6;0.0;5.0
6873379;1;0;0;1.0;1;1;1.0;0.0
6873419;6;0;4;9.0;1;9;3.0;7.0
687356;0;12;1;13.0;1;13;0.0;13.0
6874547;20;19;12;41.0;1;32;0.0;51.0
6875649;2;1;0;0.0;1;0;3.0;0.0
6876537;2;0;1;2.0;2;2;3.0;0.0
6877430;0;1;0;1.0;1;1;1.0;0.0
6877519;0;0;0;0.0;1;0;0.0;0.0
6881726;2;2;0;0.0;1;0;4.0;0.0
6883129;6;1;3;3.0;1;8;2.0;8.0
688398;0;2;1;1.0;1;1;3.0;0.0
6884140;0;0;5;6.0;1;6;0.0;5.0
6886650;5;2;1;5.0;1;4;2.0;6.0
6887421;12;11;6;27.0;1;19;1.0;28.0
6887592;1;1;1;0.0;1;1;3.0;0.0
6888824;1;2;2;1.0;1;1;5.0;0.0
6888963;7;16;6;29.0;1;28;3.0;26.0
6891336;0;6;0;6.0;1;6;0.0;6.0
6896827;8;2;2;6.0;1;8;7.0;5.0
689798;0;1;0;0.0;1;0;1.0;0.0
6898244;1;0;0;0.0;1;0;1.0;0.0
6898562;0;2;4;7.0;1;7;0.0;6.0
6898839;1;1;1;0.0;1;0;3.0;0.0
6899151;0;10;3;14.0;1;14;1.0;12.0
689970;1;7;0;5.0;2;5;3.0;5.0
6899911;1;1;0;1.0;1;1;2.0;0.0
6899962;1;0;0;0.0;1;0;1.0;0.0
6902188;8;17;5;23.0;1;22;7.0;23.0
6904784;4;0;1;1.0;1;4;1.0;4.0
6908135;1;0;0;0.0;1;0;1.0;0.0
6909022;13;9;6;21.0;1;27;0.0;28.0
6909966;1;1;1;0.0;1;0;3.0;0.0
6910909;7;13;1;19.0;1;16;3.0;18.0
6911673;1;2;1;2.0;1;2;4.0;0.0
6912927;1;1;1;0.0;1;0;3.0;0.0
6913800;7;0;0;0.0;1;6;7.0;0.0
6915710;12;12;7;24.0;1;30;0.0;31.0
6915901;12;17;7;30.0;1;31;0.0;36.0
6916316;4;2;1;4.0;1;5;7.0;0.0
6916943;6;33;7;39.0;3;35;25.0;21.0
6917026;11;1;1;3.0;1;9;6.0;7.0
6917471;1;11;3;12.0;1;10;3.0;12.0
6918141;17;1;0;15.0;1;12;5.0;13.0
6921880;7;3;2;3.0;1;8;5.0;7.0
6921917;1;11;5;18.0;1;18;0.0;17.0
6922548;2;3;2;4.0;1;5;2.0;5.0
6922885;21;50;21;89.0;2;51;62.0;30.0
6925350;0;0;9;9.0;3;8;9.0;0.0
6929167;12;12;7;25.0;1;31;0.0;31.0
6930176;0;1;1;0.0;1;0;2.0;0.0
6930542;5;4;3;5.0;2;10;9.0;3.0
6930765;1;1;0;1.0;1;2;2.0;0.0
6931070;0;2;0;0.0;1;0;2.0;0.0
69315;1;1;0;0.0;1;0;2.0;0.0
6934838;1;1;0;1.0;1;2;2.0;0.0
6934870;4;1;0;1.0;1;3;5.0;0.0
6935048;2;3;4;6.0;3;6;5.0;4.0
6935371;11;2;0;6.0;3;5;4.0;9.0
6936157;1;1;0;0.0;1;0;2.0;0.0
6936228;7;0;0;0.0;1;6;0.0;7.0
6937583;2;2;0;1.0;1;1;4.0;0.0
6937760;3;7;0;11.0;1;10;2.0;8.0
6937990;0;0;4;4.0;1;4;0.0;4.0
6939215;2;18;4;22.0;1;16;7.0;17.0
6939396;7;22;12;35.0;1;25;14.0;27.0
6940017;15;14;3;21.0;3;29;16.0;16.0
6940370;4;5;2;7.0;2;10;11.0;0.0
6940894;6;13;6;25.0;1;18;5.0;20.0
6941973;17;0;0;10.0;1;10;0.0;17.0
6943305;12;3;1;9.0;1;16;0.0;16.0
6947966;2;7;3;12.0;1;11;1.0;11.0
6948034;1;1;1;0.0;1;0;3.0;0.0
6948794;0;0;0;0.0;1;0;0.0;0.0
6949015;1;14;5;18.0;1;12;3.0;17.0
6949665;0;5;0;6.0;1;6;0.0;5.0
6950479;3;0;0;4.0;1;4;3.0;0.0
6951593;5;7;5;15.0;1;18;0.0;17.0
6951639;3;4;0;4.0;2;4;7.0;0.0
6952272;0;0;4;5.0;1;5;0.0;4.0
6952283;2;1;1;2.0;1;2;4.0;0.0
6953632;1;1;0;0.0;1;0;2.0;0.0
6955212;2;10;6;17.0;1;17;2.0;16.0
696079;12;0;0;0.0;1;5;0.0;12.0
6963355;0;1;5;8.0;1;8;0.0;6.0
6964759;12;21;7;34.0;2;30;0.0;40.0
6965897;3;2;1;1.0;3;3;6.0;0.0
6966162;8;10;6;13.0;2;17;11.0;13.0
6967487;24;17;8;33.0;2;37;8.0;41.0
6967551;1;0;4;4.0;1;4;2.0;3.0
6967793;1;6;1;8.0;1;8;8.0;0.0
6968822;0;0;5;6.0;1;6;0.0;5.0
6969212;12;22;12;40.0;1;31;0.0;46.0
6969369;0;4;0;4.0;1;4;0.0;4.0
6969747;5;5;3;10.0;1;11;13.0;0.0
6971710;2;6;3;8.0;1;9;5.0;6.0
6971731;4;3;3;8.0;1;8;10.0;0.0
6971765;11;12;6;23.0;1;27;0.0;29.0
6971995;1;1;0;0.0;1;0;2.0;0.0
69725;16;5;3;15.0;1;17;13.0;11.0
6975889;8;9;6;14.0;1;12;4.0;19.0
6978252;1;1;0;0.0;1;0;2.0;0.0
6978267;0;3;5;9.0;1;9;0.0;8.0
6979538;1;33;18;54.0;1;19;0.0;52.0
6980026;1;8;0;8.0;5;8;4.0;5.0
6980353;28;12;12;30.0;2;39;0.0;52.0
6981317;13;29;6;46.0;1;28;2.0;46.0
6981425;7;0;0;0.0;4;4;2.0;5.0
6983298;2;4;1;4.0;1;4;7.0;0.0
698400;1;1;0;0.0;1;1;2.0;0.0
698410;2;2;4;6.0;1;8;3.0;5.0
698719;2;2;1;2.0;1;2;5.0;0.0
6993993;12;12;6;24.0;1;31;0.0;30.0
6994583;12;1;0;6.0;1;13;0.0;13.0
6996984;6;6;4;10.0;2;11;16.0;0.0
6997579;15;20;12;41.0;1;35;6.0;41.0
699844;1;7;12;21.0;1;13;0.0;20.0
699906;11;0;5;10.0;1;17;0.0;16.0
6999359;1;1;0;1.0;1;1;2.0;0.0
6999499;0;1;3;6.0;1;6;0.0;4.0
6999770;3;5;2;7.0;2;9;6.0;4.0
7002725;12;12;6;24.0;1;31;0.0;30.0
7003332;2;1;1;0.0;1;1;4.0;0.0
7004355;4;0;0;3.0;1;4;0.0;4.0
7006135;23;7;0;20.0;1;15;0.0;30.0
7006276;5;8;0;9.0;1;11;0.0;13.0
7007214;0;2;1;2.0;3;2;3.0;0.0
700746;11;0;0;0.0;1;4;0.0;11.0
700748;6;7;1;8.0;1;13;14.0;0.0
7008574;1;1;0;0.0;1;0;2.0;0.0
7009009;2;1;1;0.0;1;0;4.0;0.0
7011086;19;19;4;33.0;1;28;0.0;42.0
7017299;2;0;0;0.0;1;0;2.0;0.0
7017560;1;5;0;6.0;1;6;1.0;5.0
7019195;2;0;0;1.0;1;2;2.0;0.0
7020227;1;3;3;7.0;2;7;4.0;3.0
7020579;7;0;0;0.0;1;7;0.0;7.0
7021502;6;2;0;2.0;2;6;5.0;3.0
7022959;17;3;4;19.0;1;20;0.0;24.0
7023055;18;12;3;20.0;1;27;0.0;33.0
7023930;4;0;0;0.0;1;3;0.0;4.0
7024177;4;1;3;7.0;1;8;0.0;8.0
7024450;26;7;0;13.0;4;27;13.0;20.0
7025343;24;13;0;23.0;1;20;0.0;37.0
7026437;7;12;2;18.0;1;15;2.0;19.0
7027037;1;3;1;2.0;1;2;5.0;0.0
702783;8;4;2;15.0;1;8;1.0;13.0
702898;12;15;4;24.0;1;29;6.0;25.0
7030173;1;1;1;0.0;1;0;3.0;0.0
7030859;7;0;0;0.0;1;7;0.0;7.0
7031013;1;2;0;0.0;1;0;3.0;0.0
7031673;9;4;1;6.0;1;13;7.0;7.0
7031902;11;3;6;11.0;1;17;6.0;14.0
7031944;0;7;9;17.0;1;14;2.0;14.0
7032883;1;1;0;0.0;1;0;2.0;0.0
7033908;2;1;0;0.0;1;1;3.0;0.0
7034171;0;1;1;0.0;1;0;2.0;0.0
7034316;25;24;13;52.0;1;33;0.0;62.0
703436;2;0;0;0.0;3;0;2.0;0.0
7035967;1;0;0;1.0;1;1;1.0;0.0
7036294;24;15;10;39.0;1;31;0.0;49.0
7036887;1;4;0;6.0;1;6;1.0;4.0
7037759;0;4;1;5.0;1;5;0.0;5.0
7037884;1;1;1;1.0;1;1;3.0;0.0
7038110;13;12;1;13.0;1;20;5.0;21.0
703882;6;3;2;5.0;1;9;11.0;0.0
7040637;4;0;0;2.0;1;3;4.0;0.0
704420;0;0;0;0.0;1;0;0.0;0.0
7045385;0;1;1;1.0;1;1;2.0;0.0
7045727;1;0;1;0.0;1;1;2.0;0.0
7046321;3;1;0;1.0;1;5;0.0;4.0
7047318;5;7;1;9.0;1;10;13.0;0.0
7049077;9;19;5;32.0;1;33;14.0;19.0
7049118;0;10;6;17.0;1;17;0.0;16.0
7049646;1;1;0;0.0;1;0;2.0;0.0
7052668;1;0;0;0.0;2;0;1.0;0.0
705381;1;4;5;10.0;1;10;2.0;8.0
7057066;1;1;0;0.0;1;0;2.0;0.0
7057821;1;1;0;0.0;1;0;2.0;0.0
7061238;2;1;1;0.0;1;0;4.0;0.0
7061832;0;1;5;6.0;1;6;0.0;6.0
706332;0;1;0;0.0;3;0;1.0;0.0
7064421;1;1;1;0.0;3;0;3.0;0.0
706496;2;1;0;0.0;2;0;3.0;0.0
7064984;9;12;6;24.0;1;28;0.0;27.0
7065633;2;17;7;28.0;1;22;0.0;26.0
706586;12;12;6;24.0;1;31;0.0;30.0
7065895;9;1;3;9.0;1;16;0.0;13.0
7066463;14;0;0;8.0;1;12;2.0;12.0
7066918;1;1;0;0.0;1;0;2.0;0.0
7070358;15;7;0;12.0;1;19;0.0;22.0
7070826;10;10;0;11.0;1;18;2.0;18.0
7071569;3;2;0;3.0;1;4;5.0;0.0
7072183;0;0;0;0.0;1;0;0.0;0.0
7072703;4;5;0;9.0;1;8;0.0;9.0
7072704;2;2;0;2.0;1;2;4.0;0.0
707375;0;2;1;0.0;1;0;3.0;0.0
707491;1;0;0;0.0;2;0;1.0;0.0
7075673;4;8;7;17.0;1;15;13.0;6.0
7075940;0;2;0;2.0;1;1;2.0;0.0
7078829;2;13;3;15.0;1;15;9.0;9.0
708084;1;2;3;5.0;1;5;6.0;0.0
7083047;0;8;7;18.0;1;15;3.0;12.0
7084908;21;12;8;29.0;1;31;0.0;41.0
7085698;0;1;0;0.0;1;0;1.0;0.0
7085990;10;22;0;33.0;1;4;0.0;32.0
7086163;8;4;10;21.0;1;18;0.0;22.0
7086818;3;2;2;3.0;1;3;7.0;0.0
7086974;2;2;1;0.0;1;0;5.0;0.0
7087015;12;5;2;12.0;1;19;0.0;19.0
7087137;2;2;3;6.0;1;7;2.0;5.0
7087683;6;5;1;10.0;1;12;5.0;7.0
7088093;1;2;0;0.0;1;0;3.0;0.0
7088910;1;3;0;1.0;3;1;4.0;0.0
7091023;1;0;0;0.0;1;1;1.0;0.0
7091210;0;9;6;16.0;1;16;0.0;15.0
7091373;2;3;2;3.0;1;3;7.0;0.0
709342;1;0;0;1.0;1;1;1.0;0.0
709394;5;4;1;5.0;3;9;10.0;0.0
7094080;0;12;13;27.0;1;11;0.0;25.0
7096811;2;8;8;16.0;1;16;7.0;11.0
7098375;1;1;0;0.0;1;0;2.0;0.0
7098455;10;9;2;17.0;1;22;21.0;0.0
7098807;8;9;3;17.0;3;23;6.0;14.0
709891;0;1;1;2.0;1;2;2.0;0.0
7099115;0;1;1;0.0;1;0;2.0;0.0
7100006;10;0;0;4.0;1;9;0.0;10.0
7100673;1;1;0;0.0;1;0;2.0;0.0
7100933;10;0;0;3.0;1;10;0.0;10.0
7102028;23;48;46;109.0;2;53;10.0;107.0
7102436;2;2;0;1.0;1;3;4.0;0.0
7102587;2;7;5;15.0;1;14;14.0;0.0
7104349;3;0;0;4.0;1;4;0.0;3.0
7104869;1;1;1;0.0;1;0;3.0;0.0
7106045;6;0;0;0.0;1;6;0.0;6.0
71071;3;1;0;2.0;1;3;0.0;4.0
7107162;27;0;0;4.0;1;10;3.0;24.0
7107846;0;0;4;5.0;1;5;0.0;4.0
71106;12;23;16;46.0;1;32;2.0;49.0
7114297;15;5;1;14.0;1;21;2.0;19.0
7114794;1;1;0;1.0;1;1;2.0;0.0
7114824;48;48;24;96.0;1;31;0.0;120.0
7114994;0;2;1;1.0;1;1;3.0;0.0
7116246;1;2;1;0.0;1;1;4.0;0.0
7117036;2;2;1;2.0;1;2;5.0;0.0
7117082;1;1;1;1.0;1;2;3.0;0.0
7117213;40;18;14;41.0;1;32;0.0;72.0
7117267;2;1;1;0.0;1;1;4.0;0.0
7117417;1;3;1;5.0;1;5;5.0;0.0
7117464;3;2;1;1.0;1;2;6.0;0.0
7117558;0;0;1;1.0;1;1;1.0;0.0
711816;5;1;0;0.0;4;4;2.0;4.0
7118465;3;12;6;22.0;1;22;0.0;21.0
7118469;12;12;5;22.0;1;29;0.0;29.0
7120280;3;2;0;1.0;1;3;5.0;0.0
7121453;1;0;1;1.0;1;1;2.0;0.0
7124899;2;2;2;2.0;1;2;6.0;0.0
7124926;3;4;1;1.0;1;1;8.0;0.0
7125031;47;0;0;11.0;1;10;0.0;47.0
7125601;2;6;6;13.0;1;15;2.0;12.0
7126207;2;3;7;9.0;1;11;1.0;11.0
7126258;12;8;0;14.0;1;21;0.0;20.0
7127324;7;9;6;19.0;1;22;22.0;0.0
7127891;5;0;0;1.0;1;4;0.0;5.0
712844;3;2;1;2.0;1;2;6.0;0.0
7129404;0;18;0;18.0;1;1;18.0;0.0
713090;1;0;0;0.0;1;0;1.0;0.0
7131085;2;7;4;12.0;1;13;13.0;0.0
7131501;0;1;0;0.0;1;0;1.0;0.0
713188;9;5;0;11.0;1;13;14.0;0.0
7132305;6;24;12;45.0;1;23;0.0;42.0
7133111;0;6;6;12.0;1;12;1.0;11.0
7133294;1;12;3;15.0;1;14;5.0;11.0
713521;1;4;0;4.0;1;5;1.0;4.0
713592;6;0;0;2.0;1;4;1.0;5.0
713834;1;0;0;1.0;1;1;1.0;0.0
7138560;11;0;3;5.0;1;10;1.0;13.0
713950;1;1;0;1.0;2;2;2.0;0.0
7141219;26;2;0;7.0;3;13;2.0;26.0
7141738;0;12;6;19.0;1;19;0.0;18.0
7141814;6;0;0;3.0;1;7;0.0;6.0
7142025;2;3;0;1.0;1;1;5.0;0.0
7143037;4;11;2;12.0;1;13;6.0;11.0
7143252;6;4;7;11.0;1;13;2.0;15.0
7145767;12;0;0;4.0;1;11;0.0;12.0
71463;3;3;0;4.0;4;5;2.0;4.0
7146637;7;43;8;52.0;1;23;7.0;51.0
714679;1;1;0;0.0;1;0;2.0;0.0
7148877;21;13;5;25.0;1;29;0.0;39.0
7149034;12;16;6;29.0;1;29;0.0;34.0
7149074;12;5;0;10.0;1;17;0.0;17.0
7149732;5;0;0;3.0;1;4;0.0;5.0
715042;0;2;1;1.0;2;1;3.0;0.0
715121;1;1;1;0.0;1;0;3.0;0.0
715289;12;10;0;17.0;1;16;0.0;22.0
715437;0;3;5;12.0;1;9;0.0;8.0
715484;6;13;1;18.0;2;17;12.0;8.0
7155344;9;4;0;8.0;1;11;8.0;5.0
7156545;0;5;0;5.0;1;5;0.0;5.0
7157448;2;1;2;4.0;1;4;5.0;0.0
7159659;5;2;1;2.0;1;7;4.0;4.0
7160244;19;3;0;8.0;1;15;0.0;22.0
716061;3;1;0;0.0;3;0;4.0;0.0
7162421;13;2;0;4.0;1;11;0.0;15.0
7162661;4;0;0;0.0;1;3;4.0;0.0
716308;5;10;6;19.0;1;16;0.0;21.0
7163386;3;0;1;3.0;1;5;0.0;4.0
7164965;12;5;0;10.0;1;17;0.0;17.0
7165147;13;0;0;6.0;1;14;8.0;5.0
7165574;2;1;1;0.0;1;0;4.0;0.0
7169874;6;12;3;20.0;1;19;0.0;21.0
7171372;1;1;1;2.0;1;2;3.0;0.0
717286;14;13;4;22.0;4;25;31.0;0.0
7173449;4;11;11;27.0;3;28;18.0;8.0
7173656;0;2;0;1.0;1;1;2.0;0.0
7173999;4;1;1;3.0;1;4;6.0;0.0
7176749;12;15;9;32.0;3;24;36.0;0.0
7177255;6;13;4;24.0;1;18;16.0;7.0
7180350;1;17;7;23.0;1;20;7.0;18.0
7181464;1;3;1;4.0;1;5;0.0;5.0
7181495;2;1;2;2.0;1;2;5.0;0.0
718443;6;16;6;20.0;4;20;14.0;14.0
7185096;5;5;20;33.0;1;16;0.0;30.0
7185756;1;1;1;1.0;1;3;3.0;0.0
7186756;1;2;0;0.0;1;0;3.0;0.0
7187093;0;0;0;0.0;1;0;0.0;0.0
7187598;3;3;6;10.0;1;13;0.0;12.0
7188478;7;4;4;15.0;5;16;10.0;5.0
7189105;1;0;0;0.0;1;0;1.0;0.0
7189410;8;6;2;9.0;3;14;12.0;4.0
7189689;1;1;1;1.0;1;1;3.0;0.0
7193002;2;1;0;0.0;3;0;3.0;0.0
7193216;1;2;0;3.0;1;4;3.0;0.0
7193590;0;0;0;0.0;1;0;0.0;0.0
7193747;13;10;2;25.0;1;14;0.0;25.0
7195212;2;2;1;0.0;1;0;5.0;0.0
7195743;0;0;0;0.0;1;0;0.0;0.0
719730;6;7;5;16.0;2;19;18.0;0.0
719838;3;4;2;7.0;3;6;9.0;0.0
7200485;1;1;0;1.0;2;1;2.0;0.0
7202776;0;0;1;1.0;1;1;1.0;0.0
7203312;13;0;0;3.0;1;9;5.0;8.0
720392;1;1;1;2.0;1;2;3.0;0.0
7204625;5;8;0;9.0;1;13;0.0;13.0
7205981;6;5;1;3.0;1;7;7.0;5.0
7206884;66;4;0;24.0;1;22;13.0;57.0
7209579;13;17;7;30.0;1;30;37.0;0.0
721212;2;7;5;12.0;1;12;14.0;0.0
7213300;0;1;0;1.0;1;1;1.0;0.0
721436;20;6;0;16.0;1;17;0.0;26.0
7214527;3;2;1;6.0;1;7;3.0;3.0
7215268;1;1;1;0.0;3;0;3.0;0.0
7215361;12;12;6;24.0;1;31;0.0;30.0
7215645;3;12;5;20.0;1;20;0.0;20.0
7215651;0;0;4;5.0;1;5;0.0;4.0
7216083;22;4;9;24.0;3;32;0.0;35.0
721633;3;1;1;0.0;1;2;5.0;0.0
721637;12;15;0;22.0;1;26;13.0;14.0
7216943;2;3;1;2.0;1;2;6.0;0.0
7217645;1;0;0;0.0;1;1;1.0;0.0
7218930;1;1;0;1.0;1;1;2.0;0.0
7220005;0;1;1;0.0;1;0;2.0;0.0
7220402;6;32;17;52.0;1;32;14.0;41.0
7220473;13;12;0;18.0;1;24;0.0;25.0
7220513;5;2;8;12.0;1;8;7.0;8.0
722359;4;15;1;18.0;3;18;6.0;14.0
7226700;5;7;2;7.0;2;10;14.0;0.0
7226839;9;3;2;5.0;1;11;14.0;0.0
7226884;0;13;12;24.0;1;16;0.0;25.0
722690;4;0;0;3.0;1;4;0.0;4.0
7227525;12;19;13;38.0;1;38;8.0;36.0
7227922;5;19;4;28.0;1;20;0.0;28.0
7227962;1;14;6;22.0;1;20;0.0;21.0
7228274;1;1;0;0.0;1;0;2.0;0.0
7228673;1;1;0;1.0;1;2;2.0;0.0
7228777;1;1;0;1.0;1;2;2.0;0.0
7229561;15;14;5;26.0;1;27;34.0;0.0
7229784;37;10;6;29.0;1;28;6.0;47.0
7229913;3;6;1;9.0;1;9;10.0;0.0
7230589;2;1;0;0.0;1;0;3.0;0.0
7230771;12;3;1;5.0;1;12;6.0;10.0
7231441;2;3;2;2.0;1;3;7.0;0.0
7231973;13;12;6;21.0;4;28;26.0;5.0
7232305;0;2;0;2.0;1;2;2.0;0.0
7232662;18;18;11;37.0;1;44;15.0;32.0
7234117;3;1;0;0.0;1;2;4.0;0.0
7234182;0;0;1;0.0;1;0;1.0;0.0
7234933;0;1;0;0.0;1;0;1.0;0.0
7235342;3;5;2;11.0;1;10;0.0;10.0
7235871;10;3;0;8.0;1;13;0.0;13.0
7236033;12;3;0;8.0;1;15;0.0;15.0
7236173;0;1;0;0.0;1;0;1.0;0.0
7236427;1;1;0;0.0;3;0;2.0;0.0
7236800;7;6;0;11.0;1;13;0.0;13.0
7236820;13;12;6;24.0;1;32;1.0;30.0
723876;3;13;9;21.0;2;21;7.0;18.0
723960;14;14;7;24.0;1;31;5.0;30.0
724041;1;1;0;0.0;1;0;2.0;0.0
7240654;10;5;0;6.0;1;11;7.0;8.0
7241508;1;1;0;0.0;1;0;2.0;0.0
7242871;0;0;11;13.0;1;7;2.0;9.0
7243773;1;1;0;0.0;1;0;2.0;0.0
7244546;1;0;0;0.0;1;0;1.0;0.0
7245374;12;12;6;24.0;1;31;0.0;30.0
7245930;13;14;7;25.0;2;26;34.0;0.0
7245996;1;0;0;1.0;1;1;1.0;0.0
7246345;12;12;6;24.0;1;31;0.0;30.0
724706;2;0;0;0.0;1;1;2.0;0.0
7247593;0;0;0;0.0;1;0;0.0;0.0
724993;3;0;0;0.0;1;2;3.0;0.0
7250944;0;2;0;1.0;1;1;2.0;0.0
7251009;1;1;0;0.0;1;0;2.0;0.0
7255851;1;0;0;0.0;1;0;1.0;0.0
7257134;1;2;1;1.0;1;1;4.0;0.0
725874;3;1;0;0.0;3;1;4.0;0.0
7259855;20;8;11;19.0;1;23;8.0;31.0
7260777;0;1;1;0.0;1;0;2.0;0.0
7261669;3;8;0;8.0;1;11;0.0;11.0
7261680;10;4;8;13.0;1;13;4.0;18.0
7262502;7;2;0;3.0;1;7;0.0;9.0
726367;1;12;0;12.0;1;12;0.0;13.0
7264636;2;1;0;0.0;1;1;3.0;0.0
7266;19;30;10;51.0;2;35;59.0;0.0
727079;0;0;0;2.0;1;1;0.0;0.0
7271951;1;5;4;10.0;1;8;4.0;6.0
7273630;1;1;0;0.0;1;0;2.0;0.0
7275828;26;31;9;49.0;1;40;15.0;51.0
7276169;0;1;1;0.0;1;0;2.0;0.0
727634;12;12;0;17.0;1;24;0.0;24.0
7280725;1;0;1;0.0;1;0;2.0;0.0
7281150;4;6;6;16.0;2;16;0.0;16.0
728216;1;1;2;2.0;1;2;4.0;0.0
728270;1;1;0;1.0;2;1;2.0;0.0
728288;3;11;6;18.0;2;16;20.0;0.0
7285432;9;0;3;6.0;1;13;0.0;12.0
7286046;0;5;5;11.0;1;11;0.0;10.0
7286713;0;1;0;0.0;1;0;1.0;0.0
7287115;2;1;0;0.0;1;0;3.0;0.0
7287844;4;4;1;5.0;1;5;9.0;0.0
7288322;3;1;1;0.0;1;0;5.0;0.0
7288398;17;0;0;13.0;1;10;4.0;13.0
7288635;1;0;2;3.0;1;4;0.0;3.0
7292269;1;2;0;1.0;2;1;3.0;0.0
729451;2;1;0;0.0;1;0;3.0;0.0
7295184;2;1;1;0.0;1;0;4.0;0.0
7295305;1;4;2;2.0;3;2;7.0;0.0
7295533;21;12;6;26.0;1;31;0.0;39.0
729718;0;0;0;0.0;1;0;0.0;0.0
7298865;24;27;0;37.0;1;22;0.0;51.0
7300737;7;0;0;0.0;1;7;0.0;7.0
7300813;1;1;0;0.0;1;0;2.0;0.0
7300854;19;12;2;22.0;1;23;4.0;29.0
7300964;14;12;6;24.0;1;31;0.0;32.0
7300984;1;1;0;1.0;1;2;2.0;0.0
7301001;6;2;1;2.0;1;4;9.0;0.0
7301044;14;13;4;14.0;1;16;5.0;26.0
7301413;7;2;0;7.0;1;8;3.0;6.0
7303283;13;2;0;2.0;2;9;1.0;14.0
7303896;2;1;0;1.0;1;2;3.0;0.0
7304459;5;6;5;13.0;1;16;16.0;0.0
7304894;5;1;0;6.0;1;6;0.0;6.0
7304932;4;0;0;0.0;1;4;0.0;4.0
7307936;3;27;9;36.0;1;13;4.0;35.0
730945;24;42;13;66.0;1;51;27.0;52.0
7310050;0;1;0;0.0;1;0;1.0;0.0
7313961;0;8;3;12.0;4;11;1.0;10.0
731456;4;6;4;10.0;2;11;14.0;0.0
7314966;3;2;0;1.0;1;3;5.0;0.0
7315256;1;2;0;0.0;1;0;3.0;0.0
7315670;0;0;11;13.0;1;7;0.0;11.0
731724;3;7;1;10.0;1;11;8.0;3.0
7320038;1;1;1;2.0;1;2;3.0;0.0
7320703;1;2;2;0.0;1;0;5.0;0.0
7321745;1;0;0;0.0;1;0;1.0;0.0
7322150;2;7;4;14.0;1;14;0.0;13.0
7323080;1;1;0;0.0;1;0;2.0;0.0
732725;11;0;11;18.0;1;10;1.0;21.0
7327885;4;10;8;21.0;4;23;16.0;6.0
7328172;0;2;2;3.0;1;3;4.0;0.0
7329365;8;8;4;16.0;1;21;20.0;0.0
7329763;1;2;0;1.0;1;1;3.0;0.0
7330024;0;0;3;4.0;1;3;0.0;3.0
7330039;2;3;0;3.0;1;3;5.0;0.0
7330208;8;5;4;10.0;1;14;0.0;17.0
7331085;4;1;1;1.0;1;3;6.0;0.0
7331240;1;0;0;1.0;1;1;1.0;0.0
7331307;7;8;3;14.0;1;20;18.0;0.0
7332282;12;12;6;24.0;1;31;0.0;30.0
7332779;5;2;2;6.0;1;6;9.0;0.0
733435;1;2;0;1.0;1;1;3.0;0.0
7334536;0;0;3;4.0;1;4;0.0;3.0
7334638;10;6;0;10.0;1;17;0.0;16.0
7334646;12;8;0;13.0;1;20;0.0;20.0
7336696;1;1;1;1.0;1;1;3.0;0.0
7336777;4;4;2;8.0;1;6;10.0;0.0
7337095;4;13;2;19.0;1;18;2.0;17.0
7337679;35;61;31;113.0;1;33;3.0;124.0
7338500;4;4;0;5.0;2;6;8.0;0.0
7338608;1;1;0;1.0;1;1;2.0;0.0
7338662;12;12;3;20.0;1;27;0.0;27.0
7338752;0;6;1;7.0;1;4;0.0;7.0
7339778;5;0;0;3.0;1;5;2.0;3.0
7339841;5;6;3;9.0;2;10;14.0;0.0
7340023;3;20;12;38.0;1;22;0.0;35.0
7340179;3;10;4;16.0;1;14;2.0;15.0
7340355;18;3;2;15.0;2;19;12.0;11.0
7340527;5;4;0;9.0;1;9;2.0;7.0
7340651;8;22;1;28.0;1;15;6.0;25.0
734740;9;11;15;29.0;1;27;1.0;34.0
7348940;1;2;1;4.0;1;4;4.0;0.0
7349288;6;0;1;5.0;1;8;1.0;6.0
7350353;1;1;1;0.0;1;0;3.0;0.0
7350392;2;1;1;2.0;1;3;4.0;0.0
7350899;1;1;5;6.0;2;6;3.0;4.0
7351196;2;8;5;15.0;1;14;3.0;12.0
7351214;0;8;0;8.0;1;8;0.0;8.0
7351414;0;1;4;5.0;1;5;0.0;5.0
7351679;12;12;6;24.0;1;31;0.0;30.0
7351873;0;0;1;0.0;1;0;1.0;0.0
7352725;2;2;1;0.0;3;0;5.0;0.0
7353470;1;1;0;0.0;1;0;2.0;0.0
7353911;4;4;1;4.0;1;6;9.0;0.0
7354325;1;0;0;0.0;1;1;1.0;0.0
735525;3;9;2;12.0;1;12;8.0;6.0
7356819;0;10;5;15.0;1;15;0.0;15.0
73608;1;1;0;1.0;1;1;2.0;0.0
7361915;31;13;3;20.0;1;26;16.0;31.0
7362149;2;2;1;0.0;1;0;5.0;0.0
7362376;11;0;0;4.0;1;11;0.0;11.0
7362447;1;0;1;2.0;1;2;2.0;0.0
7362460;4;1;1;2.0;1;4;6.0;0.0
7362563;0;21;30;57.0;1;16;0.0;51.0
7362756;2;1;0;1.0;1;1;3.0;0.0
7363583;2;6;5;14.0;1;14;0.0;13.0
7363625;8;0;0;0.0;1;3;0.0;8.0
7363794;5;5;0;4.0;1;7;3.0;7.0
7364251;4;6;2;12.0;1;13;12.0;0.0
7364806;2;0;0;1.0;3;1;2.0;0.0
7365935;2;0;0;0.0;1;1;2.0;0.0
7367060;6;44;39;92.0;1;27;8.0;81.0
736728;1;2;0;0.0;1;0;3.0;0.0
7367372;11;0;0;0.0;1;4;0.0;11.0
7368435;0;5;0;4.0;1;4;1.0;4.0
7369202;13;1;0;11.0;1;9;0.0;14.0
7369223;5;13;6;26.0;1;24;0.0;24.0
7370298;3;14;7;21.0;1;21;4.0;20.0
7371177;1;1;0;1.0;1;1;2.0;0.0
7371193;0;16;0;15.0;1;12;1.0;15.0
7372130;1;0;0;1.0;1;1;1.0;0.0
7376187;2;1;2;4.0;1;4;2.0;3.0
7376264;21;5;0;11.0;1;18;0.0;26.0
7377132;5;7;0;13.0;1;13;0.0;12.0
7377335;15;14;6;25.0;1;31;2.0;33.0
7377388;0;45;11;56.0;1;15;0.0;56.0
7377434;2;2;2;0.0;1;0;6.0;0.0
7378182;18;12;6;24.0;2;31;0.0;36.0
7378324;5;2;0;6.0;1;7;0.0;7.0
7379065;4;1;3;2.0;1;6;2.0;6.0
7379732;1;9;7;17.0;1;14;5.0;12.0
7379739;1;2;1;1.0;1;1;4.0;0.0
7380950;3;3;4;8.0;1;9;4.0;6.0
7381639;16;11;3;25.0;1;17;0.0;30.0
7383986;4;12;3;18.0;2;20;12.0;7.0
7384303;0;7;10;18.0;1;8;0.0;17.0
7385552;7;12;7;21.0;2;23;4.0;22.0
7387675;0;3;14;21.0;1;10;0.0;17.0
7394152;2;3;1;3.0;1;3;6.0;0.0
7395613;10;0;0;1.0;1;7;2.0;8.0
7396918;0;1;1;0.0;1;0;2.0;0.0
7397635;1;1;0;1.0;1;1;2.0;0.0
7398569;2;6;0;8.0;1;8;0.0;8.0
7399168;0;1;0;0.0;1;0;1.0;0.0
7399177;1;2;1;0.0;2;0;4.0;0.0
7399640;2;1;0;0.0;2;1;3.0;0.0
7400641;24;0;0;5.0;1;13;3.0;21.0
7400833;1;1;1;0.0;1;0;3.0;0.0
7401209;12;6;0;11.0;1;18;0.0;18.0
7407280;2;3;0;2.0;1;2;5.0;0.0
7407417;1;1;0;1.0;1;1;2.0;0.0
7407959;2;3;4;7.0;3;8;9.0;0.0
7409079;17;21;5;30.0;1;28;5.0;38.0
7409319;10;0;0;0.0;1;6;0.0;10.0
740947;6;6;0;7.0;1;12;12.0;0.0
7410051;17;15;5;27.0;1;27;37.0;0.0
7410389;3;8;11;23.0;2;19;11.0;11.0
741092;2;3;1;2.0;1;2;6.0;0.0
7412172;6;1;0;0.0;1;6;7.0;0.0
7413624;15;17;7;36.0;1;31;1.0;38.0
7416744;4;8;0;8.0;3;7;3.0;9.0
7417385;0;0;1;1.0;1;1;1.0;0.0
741882;1;0;0;0.0;3;0;1.0;0.0
742055;13;15;12;34.0;1;27;0.0;40.0
742058;14;10;2;19.0;3;21;26.0;0.0
7421944;12;12;6;24.0;1;31;0.0;30.0
7422327;12;12;6;24.0;1;31;0.0;30.0
7423167;6;3;2;6.0;1;10;11.0;0.0
7424145;0;8;6;16.0;1;14;3.0;11.0
7425492;10;8;6;16.0;1;15;0.0;24.0
7425669;1;0;0;0.0;1;0;1.0;0.0
7426686;1;2;1;0.0;1;0;4.0;0.0
7427458;12;18;10;39.0;1;25;0.0;40.0
7427538;2;2;0;0.0;1;0;4.0;0.0
7427653;2;3;0;5.0;1;6;5.0;0.0
7427824;6;40;19;67.0;1;28;6.0;59.0
7428973;2;1;1;2.0;2;2;4.0;0.0
7429857;2;1;0;1.0;1;1;3.0;0.0
7430303;0;0;6;10.0;1;6;0.0;6.0
7431654;14;8;3;14.0;1;20;11.0;14.0
7433431;1;1;1;0.0;1;0;3.0;0.0
7433594;7;12;6;26.0;1;21;0.0;25.0
7433659;15;21;18;48.0;2;30;3.0;51.0
7437639;33;42;27;91.0;1;48;77.0;25.0
7437883;1;0;0;0.0;1;0;1.0;0.0
7438597;2;1;0;0.0;1;0;3.0;0.0
7438676;2;3;6;9.0;1;9;3.0;8.0
7440062;3;4;2;4.0;1;5;9.0;0.0
7440976;6;15;2;19.0;1;13;23.0;0.0
7442606;4;10;6;14.0;1;17;6.0;14.0
7443276;4;0;4;4.0;1;7;0.0;8.0
7444350;0;4;10;16.0;1;14;4.0;10.0
744630;2;0;0;0.0;1;1;2.0;0.0
7446933;2;1;1;2.0;1;3;0.0;4.0
7449023;3;4;2;6.0;1;6;9.0;0.0
7453900;4;11;4;19.0;1;19;13.0;6.0
7454233;3;6;2;5.0;1;7;5.0;6.0
7454466;11;6;1;16.0;2;12;6.0;12.0
7454666;1;33;18;55.0;1;22;0.0;52.0
7454828;12;1;0;3.0;1;10;2.0;11.0
7455425;2;9;1;12.0;1;12;0.0;12.0
7457472;2;1;1;0.0;1;0;4.0;0.0
7458225;12;12;6;24.0;1;31;0.0;30.0
7458311;2;1;0;3.0;1;3;3.0;0.0
7458323;4;0;0;0.0;1;4;0.0;4.0
7458859;1;1;0;1.0;1;1;2.0;0.0
7459088;1;9;1;10.0;1;8;4.0;7.0
7459817;1;12;1;13.0;1;9;4.0;10.0
7459924;5;0;0;2.0;1;4;1.0;4.0
7460759;0;3;2;6.0;1;6;2.0;3.0
7461128;0;2;6;9.0;1;9;0.0;8.0
7461522;6;2;1;3.0;1;9;0.0;9.0
7463344;1;0;1;0.0;1;1;2.0;0.0
7463836;7;30;14;55.0;1;25;2.0;49.0
7464302;0;61;32;99.0;1;19;3.0;90.0
746647;9;24;15;45.0;1;34;12.0;36.0
7469920;1;0;0;0.0;1;0;1.0;0.0
7471575;0;0;0;0.0;1;0;0.0;0.0
7472200;10;0;0;3.0;1;10;0.0;10.0
7473308;1;5;2;8.0;1;6;0.0;8.0
7473454;4;9;6;16.0;1;19;0.0;19.0
7473480;56;55;38;118.0;3;67;24.0;125.0
7473623;2;0;0;1.0;1;1;2.0;0.0
7474320;3;1;3;7.0;1;7;0.0;7.0
7474708;1;0;0;0.0;1;0;1.0;0.0
7474879;0;0;0;0.0;1;0;0.0;0.0
7474885;5;0;0;0.0;1;5;0.0;5.0
7479513;1;2;2;6.0;1;7;0.0;5.0
7485152;6;3;0;3.0;1;7;2.0;7.0
7485219;0;3;0;3.0;1;3;3.0;0.0
748560;4;5;2;5.0;1;8;11.0;0.0
7485679;10;3;1;5.0;2;11;8.0;6.0
7486000;4;6;0;10.0;1;10;0.0;10.0
7486275;32;19;13;45.0;1;35;7.0;57.0
7487556;4;12;6;23.0;1;23;0.0;22.0
7487618;0;11;20;34.0;1;10;0.0;31.0
7488431;10;7;10;21.0;1;21;0.0;27.0
7489946;12;12;6;24.0;1;31;0.0;30.0
7490323;14;7;5;14.0;1;20;14.0;12.0
7490861;21;0;0;7.0;1;11;0.0;21.0
7491;3;4;1;4.0;1;5;8.0;0.0
749110;0;4;13;21.0;1;13;3.0;14.0
749155;1;3;7;10.0;2;10;4.0;7.0
7492311;1;1;0;0.0;1;0;2.0;0.0
7492333;1;1;0;0.0;1;0;2.0;0.0
7492857;14;19;8;36.0;2;29;41.0;0.0
7493156;7;4;1;7.0;1;9;12.0;0.0
7495770;0;1;1;0.0;1;0;2.0;0.0
7495821;2;0;0;1.0;2;1;2.0;0.0
749693;2;1;1;1.0;1;1;4.0;0.0
7497089;0;1;0;0.0;2;0;1.0;0.0
749730;12;12;6;24.0;1;31;0.0;30.0
750262;1;2;0;0.0;1;0;3.0;0.0
75032;5;2;3;6.0;2;5;10.0;0.0
7503421;1;1;1;2.0;3;2;3.0;0.0
7503630;8;2;3;10.0;2;10;2.0;11.0
7506979;2;4;2;8.0;1;8;4.0;4.0
7508345;1;1;1;0.0;2;0;3.0;0.0
750857;0;1;2;3.0;1;3;3.0;0.0
7509712;1;1;1;1.0;1;2;3.0;0.0
7510600;2;0;2;3.0;2;5;4.0;0.0
752279;1;2;1;2.0;3;2;4.0;0.0
7524364;2;3;1;0.0;3;2;6.0;0.0
752452;8;10;8;17.0;4;20;26.0;0.0
7525435;12;12;4;21.0;1;26;1.0;27.0
7526333;1;2;0;0.0;1;0;3.0;0.0
752765;0;5;0;5.0;1;5;0.0;5.0
753120;12;12;6;27.0;1;28;0.0;30.0
753352;2;2;1;2.0;2;4;5.0;0.0
7534683;5;10;8;25.0;3;21;23.0;0.0
753771;8;9;2;15.0;1;20;19.0;0.0
7547273;13;0;1;3.0;1;10;2.0;12.0
7549846;5;12;32;43.0;1;19;10.0;39.0
7550848;5;54;0;53.0;1;12;6.0;53.0
755122;19;3;2;11.0;2;18;0.0;24.0
7551383;1;14;16;32.0;1;19;3.0;28.0
7551391;42;46;21;91.0;1;31;0.0;109.0
7551470;4;0;0;0.0;2;3;1.0;3.0
7551593;0;1;1;2.0;1;2;2.0;0.0
7552134;19;12;0;17.0;3;26;2.0;29.0
755270;1;2;0;1.0;1;1;3.0;0.0
7554259;0;1;1;1.0;1;1;2.0;0.0
7555213;5;3;3;5.0;1;7;4.0;7.0
755782;0;5;5;11.0;1;11;0.0;10.0
7564376;4;0;0;0.0;1;3;4.0;0.0
7564870;0;3;1;4.0;1;3;0.0;4.0
756538;1;0;0;0.0;2;0;1.0;0.0
7566118;2;1;1;0.0;1;1;4.0;0.0
7566269;2;0;0;1.0;1;1;2.0;0.0
7567103;0;2;0;2.0;1;2;2.0;0.0
756818;1;2;1;3.0;1;3;4.0;0.0
7570546;12;5;1;9.0;1;16;2.0;16.0
7570919;2;1;0;0.0;1;0;3.0;0.0
7570988;0;0;5;6.0;1;6;0.0;5.0
7572740;0;0;2;2.0;1;2;2.0;0.0
7573046;2;1;0;2.0;1;3;3.0;0.0
7573226;0;1;0;1.0;2;1;1.0;0.0
7573932;5;2;3;3.0;2;4;10.0;0.0
757582;0;12;0;11.0;1;10;2.0;10.0
7575870;9;10;4;21.0;1;27;23.0;0.0
7576212;2;3;1;1.0;1;1;6.0;0.0
757726;6;1;0;2.0;3;7;3.0;4.0
757753;2;3;2;5.0;1;5;7.0;0.0
7581753;3;0;5;6.0;1;9;0.0;8.0
7582671;2;2;0;2.0;1;3;4.0;0.0
7582863;6;30;14;52.0;2;27;44.0;6.0
7583787;0;11;6;18.0;1;18;0.0;17.0
7584280;4;7;6;15.0;1;19;0.0;17.0
7588618;5;0;0;0.0;1;5;0.0;5.0
7589091;17;0;0;5.0;1;12;0.0;17.0
7590430;2;13;6;22.0;1;20;3.0;18.0
7591424;4;5;11;15.0;1;15;10.0;10.0
7591626;8;4;5;15.0;1;18;0.0;17.0
7591934;0;5;2;8.0;1;8;7.0;0.0
7592104;1;1;1;0.0;1;0;3.0;0.0
7592279;11;4;0;9.0;1;15;0.0;15.0
7592973;32;6;0;9.0;1;21;14.0;24.0
7593036;1;1;0;0.0;1;0;2.0;0.0
7593348;0;1;0;1.0;1;1;1.0;0.0
7593402;1;1;0;0.0;1;0;2.0;0.0
7593671;4;1;0;0.0;1;3;5.0;0.0
7593894;0;1;1;1.0;1;1;2.0;0.0
7594312;10;2;0;5.0;1;9;0.0;12.0
7594802;7;8;7;16.0;1;18;22.0;0.0
7599515;23;10;5;22.0;1;23;7.0;31.0
760039;0;5;3;8.0;2;8;2.0;6.0
7601800;1;1;0;1.0;1;1;2.0;0.0
7602441;1;1;0;0.0;1;0;2.0;0.0
7603007;5;21;6;30.0;1;22;0.0;32.0
7603191;3;3;1;1.0;1;2;7.0;0.0
760386;2;1;0;2.0;1;4;3.0;0.0
7604497;1;1;0;1.0;1;1;2.0;0.0
7604890;5;9;2;12.0;1;9;3.0;13.0
7605071;1;4;0;4.0;1;3;5.0;0.0
7605242;2;7;4;13.0;1;13;0.0;13.0
7605692;1;1;2;2.0;1;2;4.0;0.0
7605884;1;1;0;0.0;1;0;2.0;0.0
7606266;4;0;0;0.0;1;4;0.0;4.0
7607136;9;6;2;12.0;1;15;13.0;4.0
7608642;0;0;4;5.0;1;5;0.0;4.0
7608677;1;1;0;0.0;1;0;2.0;0.0
7609016;1;1;0;0.0;2;0;2.0;0.0
7609080;13;17;12;37.0;1;32;0.0;42.0
7609203;1;4;2;7.0;1;7;3.0;4.0
7610566;0;17;1;18.0;1;12;0.0;18.0
761073;0;2;0;1.0;1;1;2.0;0.0
7613358;12;0;0;5.0;1;12;0.0;12.0
7615190;1;1;0;0.0;1;0;2.0;0.0
7615253;10;8;5;16.0;1;23;0.0;23.0
7616740;0;2;0;1.0;1;1;2.0;0.0
7617032;6;3;1;3.0;4;8;10.0;0.0
7617104;4;7;8;18.0;1;17;15.0;4.0
7619178;12;12;6;24.0;1;31;0.0;30.0
7621448;0;9;6;16.0;1;16;0.0;15.0
7621560;24;24;13;48.0;1;31;1.0;60.0
7622579;4;0;0;4.0;1;3;0.0;4.0
762284;8;3;1;4.0;1;11;4.0;8.0
762834;8;1;0;4.0;1;5;9.0;0.0
7631930;2;1;0;0.0;1;0;3.0;0.0
7638441;10;1;0;6.0;1;11;0.0;11.0
7638611;6;4;0;9.0;1;10;0.0;10.0
7639023;2;1;1;0.0;1;1;4.0;0.0
7639434;23;16;6;33.0;1;31;0.0;45.0
7639448;25;19;8;34.0;1;37;27.0;25.0
7641530;1;0;0;0.0;1;0;1.0;0.0
7641618;1;2;0;2.0;1;2;3.0;0.0
7642132;2;43;28;79.0;1;17;0.0;73.0
7645821;7;6;1;8.0;1;11;3.0;11.0
7646235;8;3;2;6.0;1;9;0.0;13.0
7646595;0;8;28;38.0;1;16;4.0;32.0
7647714;0;1;1;1.0;1;1;2.0;0.0
7648117;2;3;1;4.0;1;4;6.0;0.0
7648495;10;8;1;9.0;1;16;9.0;10.0
7649280;3;4;2;6.0;1;9;9.0;0.0
7649842;10;0;0;3.0;1;10;1.0;9.0
7650053;2;1;2;4.0;1;4;5.0;0.0
7652219;3;1;0;1.0;1;1;4.0;0.0
7652580;2;0;0;0.0;1;0;2.0;0.0
7655157;0;15;6;22.0;1;18;0.0;21.0
7656014;7;1;2;4.0;1;8;0.0;10.0
7658122;3;4;3;6.0;1;7;6.0;4.0
7658131;2;0;0;0.0;1;0;2.0;0.0
766017;0;1;2;1.0;1;1;3.0;0.0
766238;2;3;0;1.0;2;1;5.0;0.0
7662824;31;11;0;25.0;1;23;0.0;42.0
7662852;21;9;0;20.0;1;19;4.0;26.0
7662971;1;1;1;0.0;1;1;3.0;0.0
7663072;2;4;3;6.0;1;6;9.0;0.0
7663645;0;8;3;12.0;1;12;11.0;0.0
7664279;0;1;0;0.0;1;0;1.0;0.0
7665135;3;4;3;5.0;3;5;10.0;0.0
7665413;9;12;6;24.0;1;28;0.0;27.0
7667152;1;28;7;36.0;1;20;0.0;36.0
7668012;1;2;0;0.0;1;0;3.0;0.0
7668157;18;19;22;51.0;3;43;22.0;37.0
7668933;3;1;2;3.0;1;6;0.0;6.0
7668984;2;2;1;0.0;1;1;5.0;0.0
7669016;8;17;9;29.0;1;25;22.0;12.0
7669249;4;0;0;0.0;1;4;0.0;4.0
7669519;2;1;1;0.0;2;0;4.0;0.0
7669748;1;1;0;1.0;1;1;2.0;0.0
7669811;9;16;1;24.0;1;25;7.0;19.0
7669980;1;1;0;0.0;1;0;2.0;0.0
7670827;3;3;2;6.0;1;7;8.0;0.0
7671533;3;2;1;0.0;3;1;6.0;0.0
7671628;1;1;0;1.0;1;1;2.0;0.0
7671674;14;18;7;31.0;1;33;4.0;35.0
7671860;26;0;0;2.0;1;9;0.0;26.0
7672433;1;1;0;1.0;1;2;2.0;0.0
7677924;0;1;4;6.0;1;6;0.0;5.0
7679199;2;4;2;6.0;1;7;8.0;0.0
7679261;2;6;2;10.0;1;10;4.0;6.0
7679285;2;2;1;1.0;1;1;5.0;0.0
7680980;1;1;0;1.0;1;1;2.0;0.0
7681531;3;1;0;3.0;1;3;4.0;0.0
7681682;1;1;6;7.0;1;7;3.0;5.0
7681726;3;1;0;0.0;1;0;4.0;0.0
7682008;7;19;9;34.0;1;26;0.0;35.0
7682128;0;1;0;0.0;2;0;1.0;0.0
7682246;1;1;1;0.0;1;0;3.0;0.0
7682679;1;0;0;0.0;1;0;1.0;0.0
768312;11;13;17;40.0;1;30;5.0;36.0
7683213;1;1;1;1.0;1;1;3.0;0.0
768343;1;1;3;3.0;4;3;5.0;0.0
7685350;5;69;23;100.0;1;29;6.0;91.0
7685500;1;0;0;0.0;1;0;1.0;0.0
7685890;18;86;65;172.0;1;31;1.0;168.0
7686026;1;3;4;7.0;1;7;8.0;0.0
7686709;3;5;1;3.0;1;3;9.0;0.0
7688044;31;1;1;8.0;1;14;4.0;29.0
7688422;0;1;0;0.0;1;0;1.0;0.0
7688517;1;1;0;1.0;1;1;2.0;0.0
7688567;0;17;0;17.0;1;7;0.0;17.0
7688673;1;1;0;0.0;1;0;2.0;0.0
768870;25;19;15;40.0;2;36;51.0;8.0
7689021;14;53;14;77.0;1;44;2.0;79.0
7692937;3;3;1;1.0;3;1;7.0;0.0
7692996;2;0;0;0.0;1;0;2.0;0.0
7693921;12;14;13;35.0;1;31;0.0;39.0
7694422;12;12;6;24.0;1;31;0.0;30.0
7694700;0;0;1;0.0;1;0;1.0;0.0
7695679;0;3;0;3.0;1;3;0.0;3.0
7697413;8;5;2;9.0;2;14;4.0;11.0
7698083;19;14;10;32.0;1;31;0.0;43.0
7698946;4;6;3;12.0;3;10;13.0;0.0
7698983;1;0;0;0.0;1;0;1.0;0.0
7699335;0;2;0;0.0;1;0;2.0;0.0
7699347;0;6;6;12.0;1;10;0.0;12.0
7699513;9;0;0;3.0;1;9;0.0;9.0
7699794;3;3;0;1.0;5;2;6.0;0.0
769982;22;13;3;23.0;1;27;1.0;37.0
7700787;42;8;0;27.0;1;30;28.0;22.0
7701030;10;0;0;0.0;1;7;3.0;7.0
7701217;9;1;0;3.0;1;10;0.0;10.0
7701304;13;10;0;14.0;1;21;2.0;21.0
7701382;3;4;8;10.0;2;10;10.0;5.0
7702483;1;1;0;2.0;1;2;2.0;0.0
7703692;2;0;0;0.0;2;0;2.0;0.0
7703697;1;1;0;1.0;1;1;2.0;0.0
7704064;7;16;6;26.0;1;30;13.0;16.0
7704168;6;2;1;3.0;1;7;9.0;0.0
7704237;9;0;0;6.0;3;10;5.0;4.0
7708220;5;1;1;4.0;1;5;3.0;4.0
770899;33;16;13;36.0;1;33;4.0;58.0
7709800;2;1;4;4.0;1;5;3.0;4.0
771072;11;12;2;18.0;3;22;25.0;0.0
7711116;0;4;4;8.0;4;8;8.0;0.0
7711739;2;3;2;1.0;2;1;7.0;0.0
7711940;1;0;0;0.0;1;0;1.0;0.0
7711949;2;2;0;1.0;1;2;4.0;0.0
7713000;1;3;2;3.0;1;3;6.0;0.0
7713261;12;14;10;31.0;1;28;0.0;36.0
7713595;4;7;0;8.0;1;9;3.0;8.0
7714282;15;0;0;3.0;1;10;0.0;15.0
7714320;1;6;3;6.0;3;6;10.0;0.0
7715433;5;6;2;9.0;3;11;13.0;0.0
7715477;2;11;4;18.0;1;14;5.0;12.0
7715688;0;1;1;1.0;1;1;2.0;0.0
7716740;11;2;0;7.0;1;14;0.0;13.0
7717482;0;1;0;0.0;1;0;1.0;0.0
7718020;39;17;9;39.0;1;33;2.0;63.0
7718045;5;5;0;5.0;2;8;10.0;0.0
7719663;4;10;0;12.0;1;13;5.0;9.0
7724285;2;1;2;7.0;1;5;1.0;4.0
7724719;2;1;0;0.0;1;1;3.0;0.0
7725274;0;2;6;9.0;1;9;0.0;8.0
7725430;2;2;1;3.0;1;3;5.0;0.0
7726718;6;0;0;0.0;2;6;0.0;6.0
7726747;8;5;1;7.0;2;11;6.0;8.0
7726766;19;48;22;80.0;1;27;3.0;86.0
7726813;1;1;0;0.0;1;1;2.0;0.0
7727311;4;0;0;5.0;1;3;0.0;4.0
7729176;4;10;0;14.0;1;14;0.0;14.0
7729898;0;1;2;2.0;1;1;3.0;0.0
7731764;0;0;3;4.0;1;4;3.0;0.0
7732550;18;3;0;8.0;1;15;0.0;21.0
7733440;2;0;0;0.0;3;0;2.0;0.0
773662;16;22;7;28.0;1;27;7.0;38.0
773723;1;4;2;5.0;1;5;7.0;0.0
7738950;9;11;1;17.0;2;19;4.0;17.0
773945;1;0;2;4.0;1;4;0.0;3.0
7740043;0;5;8;15.0;1;13;6.0;7.0
7741610;3;0;0;2.0;3;2;2.0;1.0
7742882;3;1;0;2.0;1;5;0.0;4.0
7742900;0;1;1;0.0;1;0;2.0;0.0
7743807;0;5;2;8.0;2;8;0.0;7.0
7745750;2;0;0;1.0;1;1;2.0;0.0
7746424;1;1;0;1.0;1;1;2.0;0.0
7747042;1;1;0;0.0;1;0;2.0;0.0
7747703;1;1;1;0.0;1;0;3.0;0.0
7748583;0;8;7;16.0;1;15;4.0;11.0
7749096;2;4;4;10.0;1;8;0.0;10.0
7749781;17;0;0;1.0;1;7;0.0;17.0
775078;2;1;0;0.0;1;1;3.0;0.0
775160;3;2;9;13.0;1;11;5.0;9.0
7753212;24;15;7;27.0;1;24;3.0;43.0
7753422;1;7;0;7.0;1;8;2.0;6.0
7753613;0;6;0;6.0;1;4;0.0;6.0
7755074;0;1;1;2.0;1;2;2.0;0.0
7756805;7;5;2;13.0;1;15;14.0;0.0
7757386;0;3;0;3.0;1;3;3.0;0.0
775805;2;2;0;2.0;1;4;0.0;4.0
7758462;7;14;6;19.0;1;24;4.0;23.0
7759096;0;6;1;7.0;1;5;0.0;7.0
7759198;12;7;6;19.0;1;26;0.0;25.0
7759210;6;3;1;5.0;2;9;10.0;0.0
7759875;1;0;0;0.0;1;0;1.0;0.0
775991;8;10;5;20.0;1;22;23.0;0.0
7760163;3;0;1;3.0;1;3;4.0;0.0
776028;14;12;7;26.0;1;31;0.0;33.0
7760632;4;7;2;11.0;2;11;13.0;0.0
7760878;21;28;16;60.0;1;36;4.0;61.0
7761170;4;0;0;0.0;1;3;4.0;0.0
7761229;1;1;1;0.0;1;0;3.0;0.0
7761256;2;1;1;2.0;1;4;0.0;4.0
7761462;7;6;1;10.0;1;12;14.0;0.0
77631;3;3;0;0.0;4;1;6.0;0.0
7764485;1;0;0;0.0;1;0;1.0;0.0
7764524;10;6;1;10.0;1;17;9.0;8.0
7764880;1;6;0;8.0;1;6;0.0;7.0
7765108;4;0;0;1.0;1;4;4.0;0.0
777022;2;7;5;13.0;1;10;3.0;11.0
7770259;8;1;3;11.0;1;13;2.0;10.0
7771005;1;1;1;0.0;1;0;3.0;0.0
7771380;1;2;1;0.0;2;0;4.0;0.0
777168;0;6;0;6.0;1;6;0.0;6.0
777193;1;1;0;0.0;1;0;2.0;0.0
7772868;3;12;3;18.0;1;18;0.0;18.0
7773157;31;7;11;40.0;1;22;6.0;43.0
7773716;1;2;1;1.0;4;1;4.0;0.0
7773795;1;1;1;1.0;1;2;3.0;0.0
7774975;3;2;3;9.0;1;10;0.0;8.0
7774984;50;25;19;61.0;1;31;0.0;94.0
7775604;0;7;4;8.0;1;7;3.0;8.0
77766;4;4;0;8.0;1;8;0.0;8.0
7776758;2;2;1;0.0;1;0;5.0;0.0
7776795;3;4;0;5.0;1;5;7.0;0.0
7776829;9;10;4;19.0;1;20;7.0;16.0
7776931;1;1;1;0.0;1;0;3.0;0.0
77771;3;1;1;0.0;2;0;5.0;0.0
7777621;0;3;2;4.0;1;4;5.0;0.0
7777844;5;6;19;26.0;1;14;0.0;30.0
7778272;1;0;0;1.0;1;1;1.0;0.0
7778747;4;5;1;10.0;1;12;10.0;0.0
7780399;2;26;17;45.0;1;19;6.0;39.0
7780417;5;5;16;21.0;1;16;11.0;15.0
7785780;5;0;0;4.0;1;5;0.0;5.0
778587;1;8;2;9.0;1;10;0.0;11.0
7786030;10;5;0;10.0;1;15;0.0;15.0
7786280;0;1;0;1.0;1;1;1.0;0.0
7786834;1;0;0;0.0;1;0;1.0;0.0
7787332;2;1;21;22.0;1;6;3.0;21.0
7787919;10;39;21;70.0;1;30;8.0;62.0
7788;1;1;1;1.0;2;1;3.0;0.0
7788235;0;13;0;12.0;1;7;0.0;13.0
7788404;0;4;0;4.0;1;2;0.0;4.0
7789261;3;0;0;0.0;1;3;0.0;3.0
7789951;13;21;12;40.0;1;32;0.0;46.0
7790451;0;3;7;12.0;1;10;0.0;10.0
7790888;14;5;8;20.0;1;20;0.0;27.0
7795211;1;2;0;1.0;1;1;3.0;0.0
7795681;2;21;2;24.0;1;14;2.0;23.0
7795948;22;24;12;48.0;1;31;0.0;58.0
7796069;2;5;2;8.0;1;8;2.0;7.0
779868;12;9;9;21.0;2;24;10.0;20.0
7801100;0;4;6;12.0;1;11;0.0;10.0
7801427;5;0;0;5.0;1;3;0.0;5.0
7803056;43;34;15;65.0;1;34;1.0;91.0
7803175;2;2;0;3.0;1;3;4.0;0.0
7803544;2;1;1;1.0;2;2;4.0;0.0
7803677;1;7;1;7.0;1;7;2.0;7.0
7803848;5;2;1;6.0;1;8;2.0;6.0
7803981;35;2;0;11.0;1;14;1.0;36.0
7804020;0;4;0;4.0;1;4;0.0;4.0
7804822;0;1;0;1.0;1;1;1.0;0.0
7805054;2;0;0;1.0;1;1;2.0;0.0
7805403;1;12;1;12.0;1;10;0.0;14.0
7806049;4;4;10;21.0;1;14;0.0;18.0
7806087;6;1;0;5.0;1;5;2.0;5.0
7806190;3;6;0;9.0;1;9;0.0;9.0
7806375;0;2;3;6.0;1;6;0.0;5.0
7807408;4;6;0;10.0;1;10;0.0;10.0
7807538;0;0;1;1.0;1;1;1.0;0.0
7807834;2;1;0;0.0;1;1;3.0;0.0
7808447;2;0;0;1.0;1;1;2.0;0.0
7809361;1;1;0;0.0;1;0;2.0;0.0
7809600;1;1;0;1.0;1;1;2.0;0.0
7809755;17;13;6;25.0;1;35;6.0;30.0
7809787;4;2;0;3.0;1;4;6.0;0.0
7809988;2;4;3;6.0;1;7;9.0;0.0
7810047;3;2;1;2.0;3;3;6.0;0.0
7810556;2;2;1;1.0;1;1;5.0;0.0
7810668;5;0;0;0.0;1;5;0.0;5.0
7813777;2;1;1;1.0;1;1;4.0;0.0
7814774;46;54;15;92.0;2;49;77.0;38.0
7815791;7;3;0;8.0;1;10;0.0;10.0
7817298;12;12;7;25.0;1;31;0.0;31.0
7817623;7;20;12;40.0;1;33;21.0;18.0
7817767;7;5;1;11.0;3;12;5.0;8.0
7817796;0;5;7;12.0;1;10;0.0;12.0
7818788;5;0;0;4.0;1;5;0.0;5.0
7818803;1;3;1;2.0;1;2;5.0;0.0
7818923;2;0;0;0.0;1;1;2.0;0.0
781897;15;19;15;44.0;1;28;49.0;0.0
7819938;1;2;2;1.0;2;1;5.0;0.0
7819946;1;3;5;10.0;1;8;0.0;9.0
781996;0;0;0;0.0;1;0;0.0;0.0
7820147;4;3;2;1.0;1;5;9.0;0.0
7820517;14;16;7;28.0;1;33;5.0;32.0
782079;9;9;4;20.0;1;25;4.0;18.0
7821186;0;1;3;3.0;3;3;4.0;0.0
7821498;0;4;0;4.0;1;4;0.0;4.0
7822083;2;3;1;4.0;1;5;6.0;0.0
7823070;5;5;0;6.0;1;11;3.0;7.0
7823772;1;2;0;0.0;1;0;3.0;0.0
7823815;4;0;0;3.0;1;2;0.0;4.0
7823990;12;2;0;7.0;1;14;0.0;14.0
7824487;0;1;0;0.0;1;0;1.0;0.0
782455;0;2;0;1.0;1;1;2.0;0.0
782488;9;1;0;6.0;4;8;2.0;8.0
7825435;6;0;0;3.0;1;6;0.0;6.0
7825557;6;9;0;12.0;1;13;15.0;0.0
7825825;30;8;2;17.0;1;20;0.0;40.0
7827;9;0;0;0.0;1;7;0.0;9.0
7829430;0;0;4;4.0;1;4;0.0;4.0
7830100;0;4;0;4.0;1;4;0.0;4.0
7830944;0;5;0;6.0;1;6;1.0;4.0
7831185;9;4;0;7.0;1;14;13.0;0.0
7831239;9;3;1;2.0;1;11;5.0;8.0
7832562;4;10;0;12.0;1;13;4.0;10.0
7833891;1;3;6;9.0;1;9;3.0;7.0
7835495;2;1;0;0.0;2;2;3.0;0.0
7835604;2;3;2;7.0;1;7;7.0;0.0
7836245;0;1;0;0.0;1;0;1.0;0.0
7837140;1;1;0;0.0;1;0;2.0;0.0
7837256;20;20;13;46.0;1;35;7.0;46.0
7837505;0;5;6;10.0;1;9;5.0;6.0
7838155;1;1;0;1.0;1;1;2.0;0.0
7839811;1;1;0;0.0;1;0;2.0;0.0
7840578;1;1;1;0.0;1;1;3.0;0.0
7840709;9;18;6;30.0;1;20;0.0;33.0
7844520;12;12;6;24.0;1;31;0.0;30.0
7844666;5;8;3;14.0;1;14;2.0;14.0
784538;12;9;3;17.0;5;24;3.0;21.0
7845758;0;5;1;5.0;1;5;1.0;5.0
7845975;5;5;2;8.0;1;11;12.0;0.0
7848631;10;5;0;5.0;2;11;5.0;10.0
7848946;41;19;17;50.0;1;33;2.0;75.0
7849003;2;2;0;1.0;1;1;4.0;0.0
7849140;1;16;4;22.0;1;17;0.0;21.0
7850234;0;10;4;15.0;1;13;0.0;14.0
785031;0;3;1;4.0;2;4;4.0;0.0
7851040;3;15;0;18.0;1;10;0.0;18.0
7852684;5;5;4;12.0;1;13;14.0;0.0
7853221;14;12;1;20.0;1;16;5.0;22.0
7853290;4;3;1;0.0;1;0;8.0;0.0
7854154;48;29;24;62.0;1;32;3.0;98.0
7855071;1;1;1;0.0;1;0;3.0;0.0
7855392;2;13;6;22.0;1;22;0.0;21.0
7855833;1;0;0;0.0;1;1;1.0;0.0
785981;7;45;87;147.0;2;39;30.0;109.0
7861565;2;2;3;7.0;1;8;7.0;0.0
7861574;5;12;5;20.0;1;19;0.0;22.0
7862455;7;36;15;60.0;1;29;5.0;53.0
7862757;0;1;0;0.0;1;0;1.0;0.0
7863004;0;4;0;4.0;1;4;0.0;4.0
7863629;0;1;0;1.0;3;1;1.0;0.0
7863883;6;12;7;21.0;1;16;5.0;20.0
7864967;9;4;0;6.0;1;13;0.0;13.0
7864978;1;0;0;0.0;1;0;1.0;0.0
7865616;26;27;2;35.0;1;31;10.0;45.0
7866538;6;6;1;10.0;3;14;13.0;0.0
7869765;1;0;0;0.0;1;0;1.0;0.0
7869906;4;0;0;0.0;1;4;0.0;4.0
7869925;4;6;5;14.0;4;15;15.0;0.0
7870126;3;6;7;14.0;1;15;0.0;16.0
7870456;1;9;1;9.0;1;8;3.0;8.0
7874787;14;12;6;24.0;1;31;0.0;32.0
7875826;4;0;0;0.0;1;4;0.0;4.0
7876299;2;2;1;1.0;1;1;5.0;0.0
7876799;2;1;1;2.0;1;2;4.0;0.0
7877078;1;0;1;1.0;1;1;2.0;0.0
7877608;2;28;21;53.0;1;26;10.0;41.0
7878600;1;1;1;0.0;1;0;3.0;0.0
7879212;5;1;0;4.0;1;5;6.0;0.0
788305;28;17;0;34.0;1;20;3.0;42.0
7883051;13;22;1;28.0;1;27;3.0;33.0
7883070;1;13;8;21.0;1;20;4.0;18.0
7884127;1;1;1;0.0;1;0;3.0;0.0
7884407;5;0;0;0.0;1;5;0.0;5.0
7885027;2;7;0;8.0;1;9;2.0;7.0
7885446;1;1;0;0.0;1;0;2.0;0.0
7888915;2;1;2;4.0;1;5;0.0;5.0
7889203;2;3;1;4.0;1;4;6.0;0.0
7889504;12;12;6;24.0;1;31;0.0;30.0
7890741;9;2;6;11.0;1;14;0.0;17.0
7891844;8;15;12;37.0;1;23;0.0;35.0
7891949;0;10;16;28.0;1;15;2.0;24.0
7893766;13;12;8;26.0;1;31;3.0;30.0
7893920;4;0;0;0.0;1;4;0.0;4.0
7894393;0;8;7;15.0;1;15;3.0;12.0
7894606;0;2;0;0.0;2;0;2.0;0.0
7895799;6;3;0;6.0;1;8;9.0;0.0
7895957;6;4;2;8.0;1;11;0.0;12.0
7898119;1;1;0;0.0;1;1;2.0;0.0
7898138;0;20;14;35.0;1;17;0.0;34.0
7898215;0;1;1;2.0;1;2;2.0;0.0
7898255;0;3;0;3.0;1;3;0.0;3.0
7898730;13;2;0;6.0;3;12;15.0;0.0
7898735;1;0;0;0.0;3;0;1.0;0.0
7899754;23;27;36;70.0;1;27;0.0;86.0
7900031;5;4;2;3.0;3;5;11.0;0.0
7901324;0;0;1;0.0;1;0;1.0;0.0
7901420;12;4;6;10.0;1;15;5.0;17.0
7901473;4;2;1;5.0;1;6;2.0;5.0
790575;4;2;1;5.0;3;8;2.0;5.0
790578;2;1;1;0.0;1;0;4.0;0.0
7905788;0;0;0;0.0;1;0;0.0;0.0
7905901;11;6;2;14.0;1;19;14.0;5.0
7906682;5;0;0;4.0;2;3;1.0;4.0
7907223;16;8;1;19.0;1;20;25.0;0.0
7908966;11;0;0;4.0;1;11;0.0;11.0
7909346;8;2;3;8.0;1;8;8.0;5.0
7909542;9;23;17;55.0;4;37;12.0;37.0
7910261;17;6;0;8.0;1;14;1.0;22.0
7912066;1;1;0;0.0;1;0;2.0;0.0
7912161;2;1;0;1.0;1;1;3.0;0.0
7912522;19;11;0;16.0;1;23;0.0;30.0
7914222;4;9;12;24.0;1;18;12.0;13.0
7914378;1;1;0;0.0;1;0;2.0;0.0
7914471;7;0;0;0.0;1;5;1.0;6.0
7914489;4;1;0;2.0;1;5;0.0;5.0
7914549;1;0;0;0.0;1;0;1.0;0.0
7915019;25;19;1;29.0;1;22;2.0;43.0
7915138;0;4;2;3.0;1;3;6.0;0.0
7915147;1;0;0;0.0;1;1;1.0;0.0
7915499;4;2;0;2.0;1;6;0.0;6.0
7915582;1;18;0;19.0;1;14;0.0;19.0
7915607;0;9;22;34.0;1;12;1.0;30.0
7916452;13;3;2;10.0;1;15;18.0;0.0
7916512;3;2;0;0.0;1;0;5.0;0.0
7916954;9;0;0;3.0;1;9;0.0;9.0
7917016;1;1;0;0.0;1;0;2.0;0.0
7917148;1;1;0;0.0;1;0;2.0;0.0
7917255;3;2;0;4.0;1;5;0.0;5.0
7917599;4;1;0;0.0;2;1;5.0;0.0
7922731;0;1;0;0.0;1;0;1.0;0.0
7922993;5;1;1;2.0;1;3;7.0;0.0
7923371;0;4;1;4.0;1;4;0.0;5.0
7924111;6;12;5;23.0;1;24;0.0;23.0
7924768;9;7;2;12.0;1;16;6.0;12.0
7925176;8;6;1;8.0;1;15;9.0;6.0
7925578;9;15;9;31.0;1;34;11.0;22.0
7926561;2;4;3;10.0;1;10;9.0;0.0
7926747;19;5;2;8.0;1;11;4.0;22.0
7927242;3;7;0;8.0;1;10;0.0;10.0
7927735;8;3;3;12.0;1;14;3.0;11.0
7927964;12;12;6;24.0;1;31;0.0;30.0
7928263;4;20;6;26.0;1;23;6.0;24.0
7928418;1;0;0;1.0;1;1;1.0;0.0
7928580;2;2;0;0.0;2;0;4.0;0.0
7928970;18;14;7;28.0;4;29;39.0;0.0
7930161;0;1;0;1.0;1;1;1.0;0.0
7930254;4;1;0;3.0;1;4;5.0;0.0
7931923;3;1;0;3.0;1;4;1.0;3.0
7933011;1;0;0;0.0;1;1;1.0;0.0
7933713;6;5;1;8.0;1;13;12.0;0.0
7933791;12;12;3;21.0;4;20;9.0;18.0
7934249;4;0;0;1.0;1;5;0.0;4.0
7934699;9;16;9;31.0;1;19;1.0;33.0
7939036;1;0;0;0.0;1;0;1.0;0.0
7939400;12;23;8;33.0;1;30;1.0;42.0
7939446;1;1;0;0.0;1;0;2.0;0.0
793965;10;3;6;13.0;1;16;6.0;13.0
7940547;10;0;0;0.0;1;5;0.0;10.0
7940821;0;0;0;0.0;1;0;0.0;0.0
7941098;1;2;0;3.0;1;3;0.0;3.0
7941366;3;2;1;0.0;1;1;6.0;0.0
7941922;3;2;0;3.0;1;5;0.0;5.0
7942752;16;5;1;7.0;1;14;5.0;17.0
7943226;1;3;3;3.0;1;3;7.0;0.0
7944332;5;1;0;6.0;1;6;0.0;6.0
7945137;0;1;0;1.0;1;1;1.0;0.0
7946292;0;0;5;6.0;1;6;0.0;5.0
7946362;1;1;0;0.0;3;1;2.0;0.0
7947107;0;4;1;5.0;1;5;0.0;5.0
7947308;32;39;25;82.0;2;44;15.0;81.0
7947341;1;2;1;3.0;1;4;4.0;0.0
7947500;5;3;0;5.0;1;3;4.0;4.0
7947683;1;2;1;1.0;1;1;4.0;0.0
7947711;1;1;0;0.0;2;0;2.0;0.0
7949257;19;4;0;3.0;1;10;6.0;17.0
794932;2;1;0;1.0;2;1;3.0;0.0
7950078;0;8;0;7.0;1;5;2.0;6.0
7950475;6;7;3;14.0;6;14;16.0;0.0
7950564;11;5;0;9.0;1;16;0.0;16.0
7950620;6;2;0;5.0;1;9;8.0;0.0
7955823;1;1;0;2.0;2;2;2.0;0.0
7955949;27;1;0;11.0;1;13;0.0;28.0
795628;0;3;3;6.0;1;6;2.0;4.0
7956320;1;2;5;7.0;1;6;8.0;0.0
7958594;16;0;1;2.0;1;9;2.0;15.0
79605;1;1;0;0.0;1;0;2.0;0.0
7961188;3;4;3;8.0;1;8;5.0;5.0
7963193;14;7;6;18.0;1;20;27.0;0.0
7963704;5;12;6;23.0;1;25;0.0;23.0
7964008;1;1;0;0.0;1;0;2.0;0.0
7964199;6;9;4;11.0;3;13;19.0;0.0
7964327;12;1;0;1.0;1;8;0.0;13.0
7964847;1;2;1;1.0;1;2;4.0;0.0
7967262;0;1;1;4.0;1;3;2.0;0.0
7972258;8;0;0;2.0;1;7;4.0;4.0
7973011;1;1;1;2.0;1;2;3.0;0.0
7973524;0;0;9;10.0;1;6;0.0;9.0
7973742;0;4;6;11.0;1;11;0.0;10.0
7974074;4;22;14;38.0;1;23;3.0;37.0
7974409;3;1;3;5.0;1;8;0.0;7.0
7974543;2;1;1;1.0;1;1;4.0;0.0
7976404;0;7;10;20.0;1;14;0.0;17.0
7976642;8;4;0;7.0;1;12;0.0;12.0
7977068;21;19;14;43.0;1;31;0.0;54.0
7977285;5;1;0;2.0;2;6;2.0;4.0
7978380;12;12;2;19.0;1;26;0.0;26.0
7978680;10;12;0;17.0;1;22;0.0;22.0
7979465;11;18;14;37.0;1;34;18.0;25.0
7979571;2;1;0;0.0;1;0;3.0;0.0
7979687;3;1;1;0.0;1;0;5.0;0.0
7979933;5;0;0;0.0;1;5;0.0;5.0
7979943;1;0;0;1.0;3;1;1.0;0.0
7980056;6;9;6;15.0;1;16;10.0;11.0
7980138;1;1;0;1.0;1;1;2.0;0.0
7980767;9;14;17;32.0;1;21;3.0;37.0
7981562;2;3;1;1.0;1;1;6.0;0.0
7982452;5;5;2;2.0;3;4;12.0;0.0
7982660;4;0;0;0.0;1;4;0.0;4.0
7984105;12;17;6;29.0;1;32;0.0;35.0
7984172;2;2;0;3.0;1;3;1.0;3.0
7985427;0;1;0;1.0;1;1;1.0;0.0
7986271;10;0;0;5.0;1;10;0.0;10.0
7986293;4;0;0;4.0;1;2;0.0;4.0
7990304;1;1;0;0.0;2;0;2.0;0.0
7990988;48;18;15;56.0;1;32;0.0;81.0
7990995;1;1;0;0.0;1;0;2.0;0.0
7991435;17;20;10;47.0;1;27;0.0;47.0
7994299;0;10;6;16.0;1;16;0.0;16.0
7994676;5;12;0;17.0;1;17;2.0;15.0
7995689;2;2;0;3.0;1;4;4.0;0.0
7998752;1;1;0;1.0;1;1;2.0;0.0
7999244;1;1;0;0.0;1;0;2.0;0.0
7999314;1;4;0;1.0;1;1;5.0;0.0
7999338;2;0;0;0.0;1;0;2.0;0.0
7999466;10;7;5;15.0;2;17;8.0;14.0
7999954;3;8;6;15.0;1;15;2.0;15.0
8000028;2;0;0;0.0;1;0;2.0;0.0
8000239;0;3;0;4.0;1;3;0.0;3.0
8000376;4;3;2;2.0;1;3;9.0;0.0
8000533;3;2;0;5.0;1;5;1.0;4.0
8000780;2;2;0;2.0;1;3;4.0;0.0
8000847;1;1;0;1.0;1;1;2.0;0.0
8000906;0;1;1;1.0;2;1;2.0;0.0
8000980;13;11;7;25.0;1;30;0.0;31.0
8001071;8;0;0;3.0;1;9;0.0;8.0
8002057;1;2;0;0.0;1;0;3.0;0.0
8002062;4;3;1;3.0;1;5;8.0;0.0
8003594;8;3;1;3.0;1;9;7.0;5.0
8007732;4;0;0;3.0;1;2;0.0;4.0
8007846;2;1;0;0.0;1;0;3.0;0.0
8009681;1;1;0;0.0;1;0;2.0;0.0
8009946;2;1;3;5.0;1;5;6.0;0.0
8010302;0;5;9;16.0;1;11;0.0;14.0
8012369;1;1;0;0.0;1;0;2.0;0.0
8013353;52;38;13;63.0;1;32;0.0;103.0
8016297;14;12;10;30.0;1;35;17.0;19.0
8017029;1;1;2;1.0;1;1;4.0;0.0
8017943;0;6;5;11.0;1;11;0.0;11.0
8018638;0;1;1;0.0;1;0;2.0;0.0
8019702;26;0;0;6.0;1;10;0.0;26.0
8019820;4;0;0;0.0;1;4;0.0;4.0
8023934;0;0;1;0.0;5;0;1.0;0.0
8024174;3;2;0;1.0;1;1;5.0;0.0
8024489;20;31;16;58.0;1;32;2.0;65.0
8024810;1;1;0;1.0;1;1;2.0;0.0
8025345;1;2;0;1.0;2;1;3.0;0.0
8027545;12;11;3;16.0;2;19;22.0;4.0
8031336;2;2;2;3.0;3;4;3.0;3.0
8031424;4;0;0;0.0;1;4;0.0;4.0
8031948;1;0;0;0.0;1;0;1.0;0.0
8032718;1;1;1;1.0;4;1;3.0;0.0
8033494;22;12;0;21.0;1;23;0.0;34.0
803376;6;0;0;0.0;1;6;0.0;6.0
8035102;0;8;0;8.0;1;6;0.0;8.0
8035180;0;11;2;14.0;2;12;12.0;1.0
8035212;2;1;0;1.0;1;1;3.0;0.0
8035642;4;12;6;23.0;1;23;0.0;22.0
803645;3;0;0;0.0;1;1;3.0;0.0
8036470;12;12;1;18.0;1;25;0.0;25.0
8041266;2;1;0;0.0;1;1;3.0;0.0
8041419;2;15;1;15.0;1;10;2.0;16.0
8041452;0;3;6;10.0;1;10;0.0;9.0
8042083;0;9;0;9.0;1;8;0.0;9.0
8043118;2;3;2;2.0;1;2;7.0;0.0
8043634;14;0;0;14.0;1;3;0.0;14.0
8043931;0;1;1;0.0;1;0;2.0;0.0
8045541;29;0;2;14.0;1;16;4.0;27.0
8046216;2;3;1;1.0;1;2;6.0;0.0
8046394;12;9;1;16.0;1;19;0.0;22.0
8046531;12;3;10;20.0;1;21;0.0;25.0
8046884;7;5;1;7.0;1;11;8.0;5.0
8047199;2;3;1;1.0;2;1;6.0;0.0
8048829;0;0;2;2.0;1;2;2.0;0.0
8050734;1;1;0;2.0;1;2;2.0;0.0
8050902;7;2;0;3.0;1;7;9.0;0.0
8051145;5;1;0;3.0;1;7;6.0;0.0
8051941;7;2;0;5.0;1;8;0.0;9.0
8052092;0;0;2;3.0;1;3;0.0;2.0
805627;5;3;2;6.0;1;9;10.0;0.0
8057492;2;1;0;1.0;1;1;3.0;0.0
8057545;2;0;0;0.0;1;0;2.0;0.0
8057644;4;9;1;12.0;1;14;0.0;14.0
8059594;38;2;1;3.0;1;10;5.0;36.0
8060847;0;0;0;0.0;1;0;0.0;0.0
8061166;5;16;6;28.0;1;23;0.0;27.0
8061836;0;1;0;0.0;1;0;1.0;0.0
8065194;14;16;9;41.0;1;32;16.0;23.0
8065954;1;8;5;11.0;1;11;3.0;11.0
8068804;7;40;24;73.0;1;33;18.0;53.0
8073602;1;1;0;0.0;2;0;2.0;0.0
8073629;2;0;0;0.0;1;2;2.0;0.0
8073852;5;3;3;8.0;1;10;11.0;0.0
8073957;2;1;0;1.0;1;1;3.0;0.0
8074937;2;3;2;4.0;3;4;7.0;0.0
8075214;0;7;0;7.0;1;6;0.0;7.0
8075313;0;1;1;0.0;1;0;2.0;0.0
8076456;12;9;0;14.0;1;21;0.0;21.0
8076617;3;2;4;6.0;1;7;5.0;4.0
8076797;26;9;0;18.0;1;21;0.0;35.0
8077483;2;0;0;0.0;1;1;2.0;0.0
8077750;14;12;8;28.0;2;33;0.0;34.0
8077772;2;6;0;8.0;1;8;0.0;8.0
8077885;2;3;1;3.0;1;3;6.0;0.0
8078955;1;0;0;0.0;1;0;1.0;0.0
8079203;28;5;5;21.0;1;22;0.0;38.0
8079906;2;0;1;1.0;1;2;3.0;0.0
8080040;0;1;1;2.0;3;2;2.0;0.0
8080537;0;1;0;0.0;1;0;1.0;0.0
8080544;0;0;0;0.0;1;0;0.0;0.0
8080560;3;0;0;1.0;1;3;3.0;0.0
8080563;1;2;2;2.0;1;2;5.0;0.0
8080734;16;0;0;3.0;1;10;0.0;16.0
8081905;0;1;0;2.0;1;2;1.0;0.0
8082173;1;1;0;0.0;1;0;2.0;0.0
8082299;3;2;0;2.0;1;3;5.0;0.0
8082336;1;2;0;1.0;1;1;3.0;0.0
8082477;7;7;0;12.0;1;11;2.0;12.0
8082695;0;9;1;9.0;1;6;2.0;8.0
8082903;2;0;0;0.0;1;0;2.0;0.0
8084035;10;40;6;56.0;2;27;8.0;48.0
8084753;2;4;2;2.0;1;2;8.0;0.0
8084986;12;2;0;7.0;1;14;0.0;14.0
8085351;5;6;2;10.0;1;13;13.0;0.0
8085369;0;2;0;0.0;1;0;2.0;0.0
8085374;3;17;8;31.0;1;16;3.0;25.0
8088370;7;0;0;3.0;1;9;0.0;7.0
8089241;9;2;0;10.0;1;8;0.0;11.0
8089873;2;4;6;11.0;1;13;0.0;12.0
8090904;1;2;1;0.0;1;0;4.0;0.0
8090936;0;0;0;0.0;1;0;0.0;0.0
8091690;0;1;2;2.0;1;2;3.0;0.0
8091987;0;2;6;9.0;1;9;0.0;8.0
8092221;13;2;3;7.0;2;13;3.0;15.0
8092730;0;1;1;1.0;1;1;2.0;0.0
8095206;2;5;1;3.0;1;3;8.0;0.0
8095554;1;1;0;0.0;1;0;2.0;0.0
8096158;5;5;2;1.0;1;2;12.0;0.0
8097516;3;0;0;0.0;1;2;0.0;3.0
8098210;6;26;9;38.0;1;23;2.0;39.0
8099612;5;0;0;0.0;1;5;0.0;5.0
8100238;0;1;0;0.0;1;0;1.0;0.0
8100351;4;1;1;2.0;1;2;6.0;0.0
8100588;6;11;6;18.0;2;24;0.0;23.0
8100607;2;0;2;1.0;1;1;4.0;0.0
8105246;1;1;0;0.0;2;0;2.0;0.0
8105561;0;4;6;11.0;1;11;0.0;10.0
8105697;22;7;1;13.0;1;18;6.0;24.0
8106631;8;3;0;2.0;1;7;4.0;7.0
8106844;2;25;0;24.0;1;12;1.0;26.0
8107043;3;2;1;1.0;1;1;6.0;0.0
8107097;0;1;0;0.0;1;0;1.0;0.0
8108304;1;0;0;0.0;1;0;1.0;0.0
8109219;5;1;6;8.0;1;12;7.0;5.0
8112290;0;0;2;2.0;1;2;2.0;0.0
8112833;28;4;7;16.0;1;19;0.0;39.0
811350;1;1;1;1.0;1;1;3.0;0.0
8115321;0;2;2;4.0;1;4;0.0;4.0
811595;7;5;3;8.0;1;14;15.0;0.0
811601;20;23;24;61.0;3;46;11.0;56.0
8116307;14;20;15;38.0;1;27;2.0;47.0
8123226;11;2;0;5.0;1;12;0.0;13.0
8124807;12;12;6;24.0;1;31;0.0;30.0
8125506;20;0;3;7.0;1;14;0.0;23.0
8125877;0;2;1;0.0;1;0;3.0;0.0
8125935;4;1;1;3.0;1;4;6.0;0.0
8125941;10;0;0;0.0;1;5;0.0;10.0
8126509;1;15;6;22.0;1;15;0.0;22.0
8127474;0;5;4;9.0;1;7;0.0;9.0
8127624;7;17;11;32.0;1;29;15.0;20.0
8127639;2;0;0;1.0;1;1;2.0;0.0
8127814;2;2;1;3.0;1;5;2.0;3.0
8127832;7;2;0;6.0;1;7;2.0;7.0
8127924;52;139;41;222.0;1;36;6.0;226.0
8128257;1;1;0;0.0;1;0;2.0;0.0
8128266;1;3;2;4.0;3;4;2.0;4.0
8128741;9;7;0;11.0;1;13;10.0;6.0
8129374;36;27;12;56.0;1;31;0.0;75.0
8129884;3;0;7;12.0;1;7;0.0;10.0
8130092;3;2;0;3.0;1;3;5.0;0.0
8130777;5;14;6;26.0;1;24;0.0;25.0
8130864;3;4;3;6.0;1;7;10.0;0.0
8130906;2;2;6;9.0;1;10;6.0;4.0
8131068;4;3;1;2.0;1;3;8.0;0.0
8133550;2;2;1;0.0;1;0;5.0;0.0
8133773;20;7;2;10.0;1;16;3.0;26.0
8133793;2;1;0;0.0;1;0;3.0;0.0
8133884;2;1;0;1.0;1;1;3.0;0.0
8134022;24;19;0;29.0;1;22;0.0;43.0
8134319;2;2;0;1.0;1;2;4.0;0.0
8139151;3;1;0;3.0;1;3;4.0;0.0
8140369;2;0;0;1.0;1;1;2.0;0.0
8140701;1;3;1;3.0;1;3;5.0;0.0
8140881;3;2;0;4.0;1;6;0.0;5.0
8140950;0;0;2;1.0;1;1;2.0;0.0
8141135;2;1;0;0.0;1;1;3.0;0.0
8142281;0;2;0;1.0;1;1;2.0;0.0
8143866;2;1;0;0.0;1;0;3.0;0.0
8145244;5;1;2;6.0;2;8;2.0;6.0
8145770;1;4;0;3.0;1;2;1.0;4.0
8145801;8;4;0;9.0;1;12;12.0;0.0
8145827;0;10;7;17.0;1;6;0.0;17.0
8145832;0;0;0;0.0;1;0;0.0;0.0
8145925;23;14;7;31.0;1;31;0.0;44.0
8146071;0;9;0;9.0;1;8;0.0;9.0
8146676;0;2;12;16.0;1;9;0.0;14.0
8148066;3;2;1;1.0;1;1;6.0;0.0
8148296;1;1;0;0.0;1;0;2.0;0.0
8148638;3;2;6;11.0;1;11;4.0;7.0
8148725;0;0;5;5.0;1;4;0.0;5.0
8150871;3;5;1;5.0;1;5;5.0;4.0
8151138;1;0;0;0.0;1;0;1.0;0.0
815260;2;3;0;4.0;1;4;5.0;0.0
8156301;1;1;6;8.0;1;4;3.0;5.0
8156393;7;1;0;7.0;1;8;0.0;8.0
8157278;1;0;2;6.0;1;3;0.0;3.0
8157395;3;5;1;6.0;1;5;9.0;0.0
815773;1;1;1;1.0;1;1;3.0;0.0
8159198;0;1;1;0.0;1;0;2.0;0.0
8159942;1;0;0;0.0;1;0;1.0;0.0
8160209;0;6;3;9.0;1;9;2.0;7.0
816094;24;3;0;6.0;1;15;7.0;20.0
8162506;0;10;9;21.0;1;12;0.0;19.0
8162528;25;51;5;69.0;1;53;47.0;34.0
8162631;8;0;2;4.0;1;11;0.0;10.0
8162764;0;0;4;4.0;1;3;0.0;4.0
8162857;2;1;0;0.0;1;1;3.0;0.0
8164419;2;2;1;2.0;1;3;5.0;0.0
8164508;0;6;6;12.0;1;12;2.0;10.0
8164660;5;2;4;4.0;1;8;4.0;7.0
8165226;2;5;2;5.0;1;6;5.0;4.0
8166582;0;5;8;15.0;1;12;0.0;13.0
8166995;1;1;0;1.0;1;1;2.0;0.0
8167103;4;3;2;6.0;1;7;9.0;0.0
8167879;2;3;0;3.0;1;4;5.0;0.0
8174309;1;3;1;4.0;1;4;5.0;0.0
8176422;12;13;6;25.0;1;32;0.0;31.0
8176872;0;1;0;0.0;1;0;1.0;0.0
8177738;0;1;0;0.0;1;0;1.0;0.0
8178969;6;0;2;2.0;1;8;0.0;8.0
8179664;4;4;5;11.0;1;13;8.0;5.0
8180861;0;19;18;38.0;1;17;2.0;35.0
8181230;6;0;0;0.0;1;5;0.0;6.0
8182128;1;1;0;0.0;1;0;2.0;0.0
8183114;1;0;1;0.0;1;0;2.0;0.0
8183844;0;0;5;6.0;1;6;0.0;5.0
8184478;23;4;1;9.0;1;21;14.0;14.0
8184500;7;6;4;10.0;2;15;17.0;0.0
8184935;2;1;1;0.0;1;0;4.0;0.0
8190133;0;2;5;5.0;1;4;2.0;5.0
8190408;9;29;31;76.0;1;30;9.0;60.0
8191661;2;0;0;0.0;1;0;2.0;0.0
8191798;21;9;2;14.0;1;20;6.0;26.0
8192994;1;1;0;1.0;3;2;2.0;0.0
8198098;8;1;0;2.0;1;9;0.0;9.0
8198226;15;15;6;30.0;1;31;0.0;36.0
8198944;0;0;4;5.0;1;5;4.0;0.0
8199435;2;5;6;10.0;1;10;9.0;4.0
8201414;1;1;0;1.0;1;1;2.0;0.0
82049;8;5;1;7.0;1;12;14.0;0.0
8206280;17;10;11;26.0;1;21;6.0;32.0
8206653;1;1;0;0.0;1;0;2.0;0.0
8206794;1;1;3;6.0;1;6;5.0;0.0
8207065;1;1;0;0.0;1;0;2.0;0.0
8208008;2;2;2;1.0;1;1;6.0;0.0
8208057;20;14;6;31.0;1;31;0.0;40.0
8208115;7;17;9;25.0;1;22;5.0;28.0
8209055;3;9;2;11.0;1;11;9.0;5.0
8209704;0;9;4;14.0;1;14;0.0;13.0
8210239;4;1;0;5.0;1;5;0.0;5.0
8210419;4;8;5;16.0;1;15;0.0;17.0
8211725;2;1;0;0.0;1;0;3.0;0.0
8213384;1;1;0;0.0;1;0;2.0;0.0
8213431;11;9;0;6.0;1;11;4.0;16.0
8214973;1;2;1;0.0;1;0;4.0;0.0
8216212;1;0;0;0.0;2;0;1.0;0.0
8216359;2;5;7;11.0;1;11;6.0;8.0
8216395;6;26;4;33.0;1;16;4.0;32.0
821719;3;1;0;1.0;2;2;2.0;2.0
8217883;1;0;0;0.0;1;0;1.0;0.0
821791;7;7;6;21.0;1;19;0.0;20.0
8218679;10;8;4;17.0;1;22;3.0;19.0
8224102;1;1;0;0.0;2;0;2.0;0.0
8224629;1;1;0;0.0;1;1;2.0;0.0
8225955;4;0;0;0.0;1;5;0.0;4.0
8226015;14;0;1;9.0;1;10;0.0;15.0
8226502;5;2;2;5.0;1;5;9.0;0.0
8227323;0;2;0;3.0;2;3;2.0;0.0
8227384;4;2;0;7.0;1;6;0.0;6.0
8228374;0;6;4;9.0;1;8;0.0;10.0
8228680;1;2;2;1.0;1;1;5.0;0.0
8230749;0;1;0;0.0;1;0;1.0;0.0
8230755;14;12;7;23.0;1;30;4.0;29.0
8231285;8;3;0;8.0;1;11;0.0;11.0
8233017;3;0;0;0.0;2;4;3.0;0.0
8233078;1;1;0;2.0;1;2;2.0;0.0
8233358;2;2;0;2.0;1;3;4.0;0.0
8233599;0;4;3;7.0;1;7;0.0;7.0
8233760;2;0;1;1.0;1;1;3.0;0.0
8233855;12;12;6;24.0;1;31;0.0;30.0
8235618;12;12;1;18.0;1;25;0.0;25.0
8236797;18;4;0;21.0;1;4;0.0;22.0
8240630;12;12;6;25.0;3;32;0.0;30.0
8241912;10;1;0;6.0;1;13;0.0;11.0
8242114;19;12;9;26.0;1;30;0.0;40.0
8242411;12;7;0;12.0;1;19;0.0;19.0
8243603;2;2;0;4.0;1;4;0.0;4.0
8243624;1;0;0;0.0;1;0;1.0;0.0
8243932;15;9;11;28.0;1;31;15.0;20.0
8243980;20;5;0;11.0;1;17;0.0;25.0
8244256;2;5;1;6.0;1;6;8.0;0.0
8244258;5;2;1;2.0;1;6;8.0;0.0
8244356;13;13;0;19.0;1;14;0.0;26.0
8245113;2;1;0;0.0;1;0;3.0;0.0
8248508;4;3;1;4.0;1;5;8.0;0.0
8248727;3;2;2;5.0;1;5;3.0;4.0
8248828;11;0;0;4.0;1;11;0.0;11.0
8248913;0;1;1;1.0;1;1;2.0;0.0
8248934;8;0;0;5.0;1;8;0.0;8.0
8249085;15;13;6;26.0;1;31;3.0;31.0
8249257;0;7;6;14.0;1;14;0.0;13.0
8249286;0;5;9;17.0;1;10;3.0;11.0
825020;2;1;2;2.0;1;2;5.0;0.0
8250326;0;28;70;110.0;1;15;0.0;98.0
8250755;2;4;2;7.0;2;7;8.0;0.0
8250983;0;5;1;4.0;1;4;6.0;0.0
8251735;1;1;1;0.0;1;1;3.0;0.0
825452;12;13;1;21.0;1;24;7.0;19.0
8257227;1;1;1;1.0;3;1;3.0;0.0
8257698;10;3;8;12.0;1;19;4.0;17.0
8257928;14;21;6;36.0;1;31;0.0;41.0
8257957;0;2;1;2.0;1;2;3.0;0.0
8259017;5;5;7;18.0;1;14;1.0;16.0
8259940;4;0;1;2.0;1;6;0.0;5.0
8260307;9;12;9;28.0;1;28;0.0;30.0
8260636;1;1;0;2.0;1;2;2.0;0.0
82614;2;2;0;1.0;1;2;4.0;0.0
826303;10;1;5;8.0;3;15;7.0;9.0
8263146;2;21;35;61.0;3;27;5.0;53.0
8269838;3;1;0;3.0;2;4;4.0;0.0
8270640;6;0;0;0.0;1;6;0.0;6.0
827296;3;1;6;7.0;1;7;5.0;5.0
827352;2;0;0;0.0;1;0;2.0;0.0
8276798;15;3;0;8.0;2;15;0.0;18.0
827747;1;2;0;3.0;1;3;3.0;0.0
827754;12;7;0;12.0;1;19;0.0;19.0
8277653;0;2;2;3.0;1;3;4.0;0.0
8278036;19;34;14;59.0;1;46;28.0;39.0
8278042;8;29;29;64.0;1;26;5.0;61.0
82794;15;13;11;40.0;2;30;9.0;30.0
8281409;10;3;3;9.0;1;13;5.0;11.0
8281820;0;9;3;12.0;1;11;0.0;12.0
8281996;1;1;0;1.0;1;1;2.0;0.0
8282045;6;23;12;42.0;1;21;0.0;41.0
8282171;2;6;1;7.0;1;6;0.0;9.0
8282190;2;2;1;2.0;1;2;5.0;0.0
8282348;0;24;21;48.0;1;20;0.0;45.0
8283331;13;14;10;30.0;1;29;0.0;37.0
8284111;4;2;0;4.0;1;4;6.0;0.0
8284163;1;1;0;0.0;1;0;2.0;0.0
8284443;3;2;1;2.0;1;2;6.0;0.0
8286287;12;12;6;24.0;1;31;0.0;30.0
8287226;35;34;12;68.0;1;34;3.0;78.0
8287425;2;0;0;0.0;1;2;2.0;0.0
8287506;5;1;0;6.0;1;4;2.0;4.0
8287715;2;4;1;4.0;1;4;7.0;0.0
8287891;4;6;0;5.0;3;5;10.0;0.0
8288201;13;32;45;89.0;1;31;14.0;76.0
8288248;2;3;0;3.0;2;3;5.0;0.0
8293059;2;1;0;1.0;1;3;0.0;3.0
8293227;1;0;0;0.0;1;0;1.0;0.0
8294946;1;1;0;0.0;1;0;2.0;0.0
8295113;6;9;4;14.0;1;14;12.0;7.0
8295985;3;0;1;1.0;1;4;0.0;4.0
8296560;0;3;1;1.0;1;1;4.0;0.0
8296648;18;12;7;21.0;2;27;11.0;26.0
8297398;6;1;1;3.0;1;6;2.0;6.0
8297636;9;3;0;6.0;1;11;4.0;8.0
8297796;3;1;2;4.0;1;6;6.0;0.0
8299367;8;20;12;39.0;1;39;19.0;21.0
8301230;7;2;4;9.0;2;13;2.0;11.0
8302964;0;1;2;2.0;1;2;3.0;0.0
8303935;1;0;4;4.0;1;4;1.0;4.0
8304072;3;5;6;13.0;1;13;14.0;0.0
8304796;3;21;3;22.0;1;14;6.0;21.0
8305506;4;0;0;4.0;1;4;0.0;4.0
8311878;0;0;0;0.0;1;0;0.0;0.0
8312192;8;8;5;18.0;1;21;21.0;0.0
8312436;2;1;0;1.0;1;2;3.0;0.0
8312718;7;31;32;68.0;3;26;6.0;64.0
8316723;1;1;1;1.0;1;1;3.0;0.0
8317016;0;0;0;0.0;1;0;0.0;0.0
8317544;12;12;6;24.0;1;31;0.0;30.0
831789;2;2;0;4.0;1;4;0.0;4.0
83187;1;0;0;0.0;1;1;1.0;0.0
8319011;1;2;3;2.0;1;2;6.0;0.0
8319879;4;13;1;17.0;1;15;0.0;18.0
8320347;27;10;3;17.0;1;27;12.0;28.0
8321512;3;0;0;0.0;1;2;0.0;3.0
8321515;0;3;3;6.0;1;6;0.0;6.0
8321740;1;3;0;3.0;1;4;0.0;4.0
8322529;4;11;0;14.0;1;14;0.0;15.0
832258;11;5;1;13.0;1;16;5.0;12.0
8323298;0;2;6;9.0;1;9;0.0;8.0
8328415;0;1;1;1.0;1;1;2.0;0.0
8329192;10;22;6;27.0;2;27;7.0;31.0
833013;1;3;1;2.0;1;2;5.0;0.0
8330900;1;2;0;1.0;2;1;3.0;0.0
8331747;6;0;0;2.0;1;8;6.0;0.0
8331803;4;3;3;5.0;1;7;10.0;0.0
8333853;1;0;0;1.0;1;1;1.0;0.0
8334527;12;12;2;19.0;1;26;0.0;26.0
8337272;2;0;0;0.0;1;1;2.0;0.0
8339715;40;27;9;53.0;1;33;3.0;73.0
8340936;2;1;0;2.0;2;2;3.0;0.0
834375;1;1;0;0.0;1;0;2.0;0.0
8346967;10;13;6;24.0;1;29;1.0;28.0
8348419;2;3;0;2.0;1;3;0.0;5.0
8350060;3;2;2;3.0;1;4;7.0;0.0
8350283;3;2;1;2.0;1;2;6.0;0.0
8350366;20;12;1;19.0;1;22;2.0;31.0
8351317;10;0;1;4.0;1;11;0.0;11.0
8351743;11;2;0;5.0;1;10;3.0;10.0
8354287;1;12;4;16.0;1;9;3.0;14.0
8354872;32;32;11;59.0;1;31;0.0;75.0
8355245;1;1;1;0.0;1;0;3.0;0.0
8356020;12;8;0;12.0;2;20;2.0;18.0
8356472;1;4;1;6.0;1;6;0.0;6.0
8357178;17;0;0;6.0;1;10;0.0;17.0
8360862;6;2;0;2.0;1;8;2.0;6.0
83612;0;1;0;0.0;1;0;1.0;0.0
8366438;0;1;0;0.0;1;0;1.0;0.0
8366684;3;2;1;1.0;1;2;6.0;0.0
8367864;0;1;1;0.0;1;0;2.0;0.0
8369496;0;1;0;0.0;1;0;1.0;0.0
8369865;0;0;4;6.0;1;3;0.0;4.0
8371080;0;0;0;0.0;1;0;0.0;0.0
8371538;24;2;0;12.0;2;26;0.0;26.0
8376166;3;5;4;7.0;1;7;6.0;6.0
8376608;0;2;2;3.0;1;3;4.0;0.0
8376918;3;1;0;0.0;1;2;4.0;0.0
837897;0;1;0;0.0;1;0;1.0;0.0
8379786;7;4;1;3.0;4;8;7.0;5.0
8382888;1;2;0;1.0;1;1;3.0;0.0
838887;1;1;0;0.0;1;0;2.0;0.0
8394339;5;0;0;2.0;1;5;0.0;5.0
8394410;17;9;14;38.0;1;21;3.0;37.0
839850;0;1;1;2.0;1;2;2.0;0.0
8399050;12;6;0;14.0;1;15;0.0;18.0
840065;41;12;3;14.0;6;19;12.0;44.0
840131;0;56;32;92.0;1;17;0.0;88.0
8402646;4;4;1;6.0;1;8;9.0;0.0
8404456;2;0;2;2.0;1;3;0.0;4.0
8405367;3;2;0;4.0;1;6;0.0;5.0
840591;2;0;0;2.0;1;2;2.0;0.0
8407406;3;8;6;15.0;1;16;0.0;17.0
8410238;4;5;1;8.0;1;9;1.0;9.0
841081;1;1;0;0.0;1;0;2.0;0.0
8418268;14;3;0;8.0;1;15;2.0;15.0
8418650;1;5;9;16.0;1;14;2.0;13.0
842030;1;2;1;1.0;1;1;4.0;0.0
842094;4;5;3;9.0;1;10;12.0;0.0
842260;1;5;3;9.0;1;10;0.0;9.0
8422759;1;2;0;2.0;1;2;3.0;0.0
8426095;4;5;3;10.0;1;10;12.0;0.0
8428202;14;4;0;10.0;1;16;10.0;8.0
842890;22;32;7;42.0;5;44;32.0;29.0
8429491;22;10;5;19.0;1;30;20.0;17.0
8430457;0;1;1;0.0;1;0;2.0;0.0
8433757;1;3;1;2.0;1;2;5.0;0.0
843590;1;2;1;1.0;1;1;4.0;0.0
8439983;10;9;5;17.0;1;18;0.0;24.0
8440945;9;10;14;32.0;3;31;27.0;6.0
8441021;9;0;1;1.0;1;9;3.0;7.0
8441611;6;4;0;3.0;1;8;3.0;7.0
8442160;1;1;0;0.0;1;0;2.0;0.0
8443719;0;5;0;5.0;1;5;0.0;5.0
8444952;12;3;0;8.0;1;15;0.0;15.0
8445083;16;12;5;26.0;1;29;0.0;33.0
844680;5;3;2;7.0;2;11;5.0;5.0
8447182;1;3;1;0.0;1;0;5.0;0.0
8448105;1;1;0;0.0;1;0;2.0;0.0
844996;11;14;7;21.0;4;24;32.0;0.0
844998;1;2;3;5.0;1;4;6.0;0.0
8454671;3;4;0;4.0;1;5;7.0;0.0
8454713;1;2;1;0.0;1;0;4.0;0.0
8454820;4;9;2;13.0;1;16;6.0;9.0
8454901;0;9;4;13.0;1;13;0.0;13.0
845616;1;1;0;0.0;2;0;2.0;0.0
8461200;2;1;1;1.0;1;2;4.0;0.0
846137;20;24;9;44.0;3;50;32.0;21.0
8462961;1;0;1;0.0;1;0;2.0;0.0
8463022;18;12;7;25.0;1;34;33.0;4.0
8465655;4;2;0;2.0;1;5;6.0;0.0
8465796;0;0;4;5.0;1;5;0.0;4.0
8465951;1;1;0;1.0;1;1;2.0;0.0
8466054;0;2;2;5.0;1;5;0.0;4.0
8466445;3;2;5;9.0;1;9;4.0;6.0
8469436;5;9;2;12.0;1;15;1.0;15.0
8470686;1;0;1;0.0;1;1;2.0;0.0
8473376;0;9;5;17.0;1;13;0.0;14.0
847358;1;5;2;4.0;3;4;8.0;0.0
8473706;2;4;2;4.0;1;4;8.0;0.0
8474981;2;0;0;1.0;1;1;2.0;0.0
847601;4;1;3;5.0;1;9;3.0;5.0
847884;5;2;0;3.0;1;4;3.0;4.0
8479;4;1;0;0.0;1;3;5.0;0.0
8480960;2;1;0;1.0;1;1;3.0;0.0
8481576;50;14;0;16.0;2;16;2.0;62.0
8483505;5;3;0;3.0;1;6;3.0;5.0
8483574;0;11;13;27.0;1;16;0.0;24.0
8485084;0;3;7;11.0;1;10;0.0;10.0
8486554;4;2;0;4.0;2;4;3.0;3.0
8486792;22;26;6;40.0;1;31;0.0;54.0
8487032;6;12;6;22.0;1;24;0.0;24.0
8487492;2;2;1;0.0;2;0;5.0;0.0
848757;4;4;2;6.0;1;7;10.0;0.0
8487915;13;12;9;27.0;1;31;0.0;34.0
8487977;58;30;0;46.0;1;32;13.0;75.0
8488968;5;12;6;24.0;1;24;0.0;23.0
8488988;6;6;3;15.0;1;18;15.0;0.0
8489008;9;0;0;0.0;1;7;0.0;9.0
8491113;12;12;6;24.0;1;31;0.0;30.0
8491289;7;2;0;3.0;1;10;0.0;9.0
8492652;1;1;0;0.0;1;0;2.0;0.0
8493182;4;7;4;11.0;1;14;2.0;13.0
849726;2;3;1;2.0;1;3;6.0;0.0
8497711;3;8;0;10.0;1;5;1.0;10.0
8497870;0;1;0;0.0;1;0;1.0;0.0
8498987;1;12;6;20.0;1;20;0.0;19.0
8500003;3;7;6;13.0;1;12;11.0;5.0
8500955;2;4;1;8.0;1;8;2.0;5.0
8501643;0;0;0;0.0;1;0;0.0;0.0
8501680;1;1;1;0.0;1;0;3.0;0.0
8502970;2;1;0;1.0;2;2;3.0;0.0
8505431;3;12;1;13.0;1;12;2.0;14.0
8505662;8;5;0;11.0;1;8;0.0;13.0
8505791;4;8;5;15.0;1;16;17.0;0.0
8507390;0;1;1;0.0;1;0;2.0;0.0
8508785;0;6;5;12.0;1;12;0.0;11.0
8508980;0;10;2;13.0;1;12;4.0;8.0
8513852;4;6;3;11.0;1;12;13.0;0.0
8517488;2;3;1;4.0;1;4;6.0;0.0
8517873;1;0;1;0.0;1;0;2.0;0.0
8519155;0;6;6;13.0;1;13;0.0;12.0
8519192;2;3;0;1.0;1;1;5.0;0.0
8520045;1;1;0;0.0;2;0;2.0;0.0
8521476;12;1;0;6.0;1;13;0.0;13.0
8521792;4;0;0;0.0;1;4;0.0;4.0
8521835;4;4;1;8.0;1;8;5.0;4.0
8522202;2;7;5;12.0;1;14;0.0;14.0
8522573;29;11;3;31.0;1;28;15.0;28.0
8522622;6;20;6;29.0;1;21;2.0;30.0
8524351;11;1;0;3.0;1;10;2.0;10.0
8524602;2;0;0;0.0;1;1;2.0;0.0
8525712;11;6;2;10.0;1;16;13.0;6.0
8525985;1;1;0;0.0;1;0;2.0;0.0
8530438;2;2;1;1.0;1;2;5.0;0.0
8531866;0;0;7;9.0;1;7;0.0;7.0
8533281;1;1;0;0.0;2;0;2.0;0.0
8534293;1;2;1;0.0;1;0;4.0;0.0
8534530;0;0;5;6.0;1;4;0.0;5.0
8536174;1;4;2;7.0;2;7;7.0;0.0
8536881;5;5;2;10.0;1;10;2.0;10.0
8537966;11;13;15;36.0;1;29;12.0;27.0
8538153;0;3;13;19.0;1;11;0.0;16.0
8538216;1;1;1;0.0;1;0;3.0;0.0
8547256;1;1;0;0.0;1;0;2.0;0.0
8547565;122;11;9;30.0;1;26;6.0;136.0
8548136;0;5;0;5.0;1;3;0.0;5.0
8548423;1;1;0;0.0;2;0;2.0;0.0
8548534;12;5;2;19.0;1;17;2.0;17.0
8550971;16;6;0;12.0;1;19;13.0;9.0
8551232;9;15;16;46.0;1;34;22.0;18.0
8551239;11;22;12;39.0;2;31;3.0;42.0
8552898;0;8;0;8.0;1;8;0.0;8.0
8554209;12;11;0;16.0;1;23;0.0;23.0
8555164;2;0;0;0.0;1;1;2.0;0.0
8556626;3;8;2;14.0;1;12;13.0;0.0
8556713;12;1;1;3.0;1;10;2.0;12.0
8559149;3;2;1;2.0;2;2;6.0;0.0
8570402;1;0;0;0.0;1;0;1.0;0.0
8570850;5;14;8;28.0;1;26;17.0;10.0
8571376;12;4;0;9.0;1;16;0.0;16.0
8571772;13;15;4;24.0;1;22;12.0;20.0
8571790;2;1;1;0.0;1;1;4.0;0.0
8574626;1;9;1;8.0;1;8;3.0;8.0
8575467;4;38;24;70.0;2;34;0.0;66.0
8575674;1;7;1;5.0;1;3;3.0;6.0
8576239;4;4;3;9.0;1;9;3.0;8.0
8582579;7;6;10;17.0;1;17;3.0;20.0
8583090;0;7;1;6.0;1;6;2.0;6.0
8583331;9;100;47;159.0;4;25;4.0;152.0
8583752;1;2;2;3.0;1;4;1.0;4.0
8586991;1;31;15;54.0;3;29;12.0;35.0
8587458;7;13;7;20.0;1;23;3.0;24.0
8587778;2;4;0;4.0;1;4;2.0;4.0
8589794;36;3;4;14.0;1;22;7.0;36.0
8589858;2;1;0;1.0;1;1;3.0;0.0
8592534;0;0;3;4.0;1;4;0.0;3.0
8594149;24;13;0;23.0;1;20;0.0;37.0
8594983;0;4;0;5.0;1;5;0.0;4.0
8595417;1;6;14;22.0;1;13;3.0;18.0
8595532;2;1;0;0.0;1;0;3.0;0.0
8601811;0;2;0;2.0;1;2;2.0;0.0
8602530;12;2;0;7.0;1;14;0.0;14.0
8603880;5;5;3;9.0;1;11;2.0;11.0
8604375;4;4;0;4.0;1;7;0.0;8.0
8604845;10;9;7;26.0;1;19;0.0;26.0
8605993;1;3;2;2.0;1;2;6.0;0.0
8607462;0;2;1;2.0;1;2;3.0;0.0
8608612;1;3;1;2.0;1;2;5.0;0.0
8609107;3;9;7;20.0;1;18;0.0;19.0
8609132;7;4;0;8.0;1;10;11.0;0.0
861114;1;2;1;5.0;1;5;1.0;3.0
8611693;4;3;0;4.0;1;5;7.0;0.0
8612427;3;40;0;43.0;1;14;0.0;43.0
861542;5;7;11;24.0;1;20;4.0;19.0
8617937;5;1;0;1.0;1;3;5.0;1.0
8618322;1;1;1;2.0;2;3;3.0;0.0
8618474;2;1;1;0.0;2;0;4.0;0.0
8619289;11;21;13;42.0;1;43;24.0;21.0
8619422;19;12;6;24.0;2;32;0.0;37.0
86198;19;17;8;33.0;3;37;14.0;30.0
8620789;3;8;1;12.0;1;12;7.0;5.0
862150;0;1;0;1.0;1;1;1.0;0.0
8622402;9;0;0;2.0;1;9;0.0;9.0
8622522;0;1;0;1.0;1;1;1.0;0.0
8623565;13;35;15;58.0;1;29;0.0;63.0
8623579;0;3;6;10.0;1;10;0.0;9.0
8624601;25;0;0;6.0;1;12;0.0;25.0
8624698;1;5;10;17.0;1;16;6.0;10.0
8624731;1;1;1;0.0;1;0;3.0;0.0
8624916;2;2;0;2.0;2;2;4.0;0.0
8625159;83;97;50;194.0;1;33;3.0;227.0
8625386;1;0;1;0.0;1;0;2.0;0.0
8625507;4;0;0;0.0;1;5;0.0;4.0
8626249;2;2;0;4.0;1;4;0.0;4.0
8626401;2;0;0;1.0;1;1;2.0;0.0
8627032;9;0;0;0.0;1;7;2.0;7.0
8627540;12;14;12;33.0;1;31;0.0;38.0
8627581;1;0;5;6.0;1;7;1.0;5.0
862814;10;1;0;0.0;1;6;2.0;9.0
8628908;1;2;1;0.0;1;0;4.0;0.0
8630177;11;1;0;6.0;1;12;0.0;12.0
863224;3;5;3;8.0;3;9;11.0;0.0
8636324;17;20;21;50.0;1;33;3.0;55.0
8636580;18;0;1;5.0;1;12;0.0;19.0
863703;19;20;18;51.0;1;32;0.0;57.0
8637057;1;1;1;2.0;1;2;3.0;0.0
863716;0;8;10;18.0;1;9;0.0;18.0
8639193;1;0;0;0.0;1;0;1.0;0.0
8639261;11;12;6;24.0;1;30;0.0;29.0
8641207;0;17;13;33.0;1;14;0.0;30.0
8641457;0;6;4;10.0;1;10;0.0;10.0
8641572;3;3;2;2.0;1;2;8.0;0.0
8641603;12;11;0;16.0;1;23;0.0;23.0
8642654;11;0;0;4.0;1;11;0.0;11.0
8643445;9;2;0;6.0;1;9;0.0;11.0
864360;0;3;3;6.0;1;6;0.0;6.0
8643805;2;0;0;0.0;1;1;2.0;0.0
8645448;37;0;0;11.0;1;14;3.0;34.0
8645851;6;0;0;3.0;1;6;0.0;6.0
8646147;2;1;1;0.0;2;0;4.0;0.0
8646366;4;0;0;0.0;1;2;0.0;4.0
8652095;9;41;23;72.0;1;30;5.0;68.0
8653640;0;28;28;61.0;1;16;0.0;56.0
8654284;0;1;0;0.0;1;0;1.0;0.0
8654301;0;5;2;9.0;1;8;3.0;4.0
8654306;0;2;0;2.0;1;2;2.0;0.0
8654414;1;1;1;1.0;1;1;3.0;0.0
8654756;0;3;0;3.0;1;3;3.0;0.0
8656081;1;3;1;2.0;1;2;5.0;0.0
8657825;3;5;1;4.0;1;6;9.0;0.0
8658270;3;11;4;14.0;1;14;3.0;15.0
8658291;1;1;1;0.0;1;1;3.0;0.0
8659498;36;31;18;67.0;1;32;0.0;85.0
8661873;7;0;0;2.0;1;7;0.0;7.0
8661908;0;8;4;12.0;1;12;2.0;10.0
8662193;12;11;3;20.0;1;25;26.0;0.0
8663208;1;1;0;0.0;1;0;2.0;0.0
8663476;1;1;0;1.0;1;1;2.0;0.0
866617;25;38;31;77.0;1;36;12.0;82.0
8671425;9;0;0;0.0;2;4;1.0;8.0
8671764;7;28;16;47.0;1;25;0.0;51.0
8671849;1;4;1;4.0;1;4;6.0;0.0
8671932;0;5;3;8.0;1;6;0.0;8.0
8672618;0;1;1;0.0;1;0;2.0;0.0
8672623;8;4;1;7.0;1;8;5.0;8.0
8674740;3;0;0;0.0;1;2;3.0;0.0
8675130;10;2;0;9.0;1;5;0.0;12.0
8676132;1;2;1;0.0;1;0;4.0;0.0
8676167;0;3;1;3.0;1;3;4.0;0.0
8676418;0;1;0;0.0;1;0;1.0;0.0
8678113;17;15;13;41.0;1;41;12.0;33.0
8678200;1;0;2;0.0;1;0;3.0;0.0
8678561;10;16;0;19.0;1;22;4.0;22.0
8679804;3;0;0;1.0;1;2;3.0;0.0
8685974;10;23;0;32.0;1;17;0.0;33.0
8686289;1;1;0;0.0;1;0;2.0;0.0
8686427;3;5;4;12.0;1;10;0.0;12.0
8687277;1;0;0;1.0;1;1;1.0;0.0
8687497;14;13;7;24.0;1;31;3.0;31.0
8687539;27;28;14;52.0;4;44;10.0;59.0
8687693;8;1;0;1.0;1;7;2.0;7.0
8689256;2;1;2;1.0;1;1;5.0;0.0
8690475;1;1;1;0.0;1;0;3.0;0.0
8691709;0;6;0;7.0;1;7;0.0;6.0
8692058;3;5;5;12.0;2;13;13.0;0.0
8692744;0;13;19;35.0;1;12;0.0;32.0
8693062;1;1;0;2.0;1;2;2.0;0.0
8693221;1;0;0;0.0;1;0;1.0;0.0
8694;1;1;1;0.0;1;0;3.0;0.0
8694319;3;2;0;2.0;1;3;5.0;0.0
8695171;17;3;1;12.0;1;14;2.0;19.0
8695193;1;2;0;1.0;1;1;3.0;0.0
8695201;1;0;1;2.0;1;2;2.0;0.0
8696675;2;1;1;2.0;1;2;4.0;0.0
8702817;1;0;0;0.0;1;1;1.0;0.0
8703147;2;3;0;3.0;1;3;5.0;0.0
870425;4;2;0;5.0;1;5;6.0;0.0
870432;1;1;10;10.0;1;7;3.0;9.0
8704601;1;1;0;0.0;1;0;2.0;0.0
8704670;0;5;0;6.0;2;5;0.0;5.0
8704745;4;9;5;17.0;1;17;18.0;0.0
8704760;1;0;0;0.0;1;1;1.0;0.0
8705402;19;36;18;61.0;1;30;5.0;68.0
8705415;7;21;6;33.0;1;26;3.0;31.0
870629;0;2;0;0.0;1;0;2.0;0.0
8707045;12;12;6;24.0;1;31;0.0;30.0
8707067;3;0;1;2.0;1;4;0.0;4.0
8707084;6;7;4;14.0;1;17;17.0;0.0
8707324;24;5;5;21.0;1;21;2.0;32.0
870836;12;18;10;34.0;1;32;0.0;40.0
870860;6;0;0;0.0;1;3;0.0;6.0
8709403;29;56;33;100.0;1;45;19.0;99.0
8710428;12;12;6;24.0;1;31;0.0;30.0
8710642;12;12;5;22.0;1;29;0.0;29.0
8712010;2;3;0;3.0;1;3;5.0;0.0
8713048;3;14;8;21.0;1;19;2.0;23.0
8713080;5;1;0;0.0;1;4;2.0;4.0
8713265;0;9;1;7.0;1;4;3.0;7.0
8713307;2;1;1;1.0;1;1;4.0;0.0
8713447;5;0;0;1.0;1;7;5.0;0.0
8713474;5;10;6;17.0;1;18;15.0;6.0
871533;0;0;1;0.0;4;0;1.0;0.0
8715500;2;4;3;6.0;1;6;9.0;0.0
8717013;0;7;7;16.0;1;16;6.0;8.0
871766;2;11;8;19.0;1;19;4.0;17.0
871882;13;17;3;28.0;5;28;19.0;14.0
8725566;0;1;0;0.0;1;0;1.0;0.0
8726339;0;0;0;0.0;1;0;0.0;0.0
872659;0;0;4;7.0;1;3;0.0;4.0
8727016;0;1;5;8.0;1;5;2.0;4.0
8727134;19;12;10;34.0;1;28;0.0;41.0
8727217;1;1;0;0.0;1;0;2.0;0.0
8729739;1;1;1;1.0;1;1;3.0;0.0
8730768;2;2;1;0.0;1;0;5.0;0.0
8731008;13;19;11;38.0;1;31;0.0;43.0
8731214;1;1;0;0.0;1;0;2.0;0.0
8732205;26;3;0;13.0;1;19;8.0;21.0
8732258;0;1;0;0.0;1;0;1.0;0.0
8732290;0;2;1;3.0;1;3;3.0;0.0
8733573;2;1;0;0.0;1;0;3.0;0.0
8733757;1;0;0;0.0;1;1;1.0;0.0
8734137;1;8;11;21.0;1;13;0.0;20.0
873624;7;6;2;10.0;3;15;11.0;4.0
8738261;5;0;0;0.0;1;5;0.0;5.0
8739519;14;14;10;29.0;1;33;4.0;34.0
8740263;1;2;6;9.0;1;9;3.0;6.0
8740643;6;0;0;0.0;1;5;0.0;6.0
8741434;53;49;22;99.0;1;31;0.0;124.0
8741715;2;3;3;3.0;1;4;8.0;0.0
8743435;2;1;0;0.0;1;0;3.0;0.0
8743448;5;3;4;7.0;1;11;8.0;4.0
8743587;9;7;0;12.0;1;16;0.0;16.0
8743993;2;0;0;0.0;1;0;2.0;0.0
8744005;1;1;0;0.0;2;0;2.0;0.0
8745211;1;0;1;0.0;1;0;2.0;0.0
8747830;0;5;0;4.0;1;4;5.0;0.0
8748184;0;7;11;20.0;1;13;0.0;18.0
8748399;0;0;1;1.0;1;1;1.0;0.0
8749592;24;19;6;36.0;1;32;0.0;49.0
8749751;22;0;0;5.0;1;9;0.0;22.0
8749918;2;0;0;0.0;1;0;2.0;0.0
8751756;6;13;0;18.0;1;11;2.0;17.0
8751893;25;12;6;24.0;1;31;0.0;43.0
8756803;6;8;32;45.0;1;17;0.0;46.0
8758194;2;2;1;4.0;2;5;5.0;0.0
8758532;1;0;1;1.0;1;1;2.0;0.0
8758571;3;7;1;7.0;1;10;3.0;8.0
876085;9;12;8;25.0;1;26;0.0;29.0
8760851;1;1;0;1.0;1;1;2.0;0.0
8760892;3;0;0;0.0;1;2;3.0;0.0
8761963;8;0;0;1.0;1;8;0.0;8.0
8762334;0;1;0;0.0;1;0;1.0;0.0
8762346;6;12;6;24.0;1;25;0.0;24.0
8762583;1;1;0;0.0;1;0;2.0;0.0
8763309;20;23;12;42.0;1;38;12.0;43.0
8763587;2;9;6;18.0;1;18;8.0;9.0
8764647;5;0;0;0.0;1;5;0.0;5.0
8766031;12;0;0;0.0;1;7;0.0;12.0
8766043;0;1;2;2.0;1;2;3.0;0.0
8766129;12;7;0;12.0;1;19;0.0;19.0
8767581;24;24;12;48.0;1;33;0.0;60.0
8768252;1;1;1;3.0;1;3;3.0;0.0
8768709;4;15;2;20.0;1;17;0.0;21.0
8768766;2;1;0;1.0;1;2;3.0;0.0
8769363;17;39;5;52.0;1;31;3.0;58.0
8769407;1;1;1;0.0;1;0;3.0;0.0
8769690;1;6;1;6.0;1;6;3.0;5.0
8774024;11;17;1;25.0;1;23;4.0;25.0
8775031;4;0;0;0.0;1;4;0.0;4.0
8775247;15;7;0;15.0;1;17;0.0;22.0
8775903;0;3;0;4.0;1;4;0.0;3.0
8776021;0;2;2;4.0;1;4;0.0;4.0
8776033;4;3;3;5.0;1;5;10.0;0.0
8776594;2;1;0;1.0;1;1;3.0;0.0
8779413;0;1;0;0.0;1;0;1.0;0.0
8780426;5;0;0;0.0;3;4;5.0;0.0
8780550;0;1;0;1.0;1;1;1.0;0.0
8780825;6;0;0;2.0;2;6;6.0;0.0
8781337;4;0;0;0.0;1;4;0.0;4.0
8781646;2;26;6;33.0;1;17;4.0;30.0
8782011;16;6;12;30.0;1;21;10.0;24.0
8783425;15;19;11;39.0;1;31;0.0;45.0
8784106;3;5;2;7.0;1;7;10.0;0.0
8784797;3;0;0;0.0;1;2;3.0;0.0
8791346;17;0;0;7.0;2;12;13.0;4.0
8792125;1;6;6;11.0;5;9;13.0;0.0
8792471;13;13;6;24.0;1;31;2.0;30.0
8793404;12;12;6;25.0;1;31;0.0;30.0
8793498;0;0;4;5.0;1;5;0.0;4.0
8795354;3;4;3;7.0;1;9;7.0;3.0
8796286;4;12;5;21.0;1;19;4.0;17.0
8800359;5;0;0;3.0;1;4;0.0;5.0
8801005;0;0;2;1.0;1;1;2.0;0.0
8801291;1;4;0;4.0;2;5;0.0;5.0
8802302;3;0;0;2.0;1;3;3.0;0.0
8802512;1;7;1;8.0;1;9;0.0;9.0
8802548;4;0;0;0.0;1;4;0.0;4.0
8802954;2;0;0;0.0;2;1;2.0;0.0
8803395;2;5;0;7.0;1;7;0.0;7.0
880444;6;0;0;0.0;1;3;0.0;6.0
8808584;0;0;1;1.0;1;1;1.0;0.0
880973;8;11;0;16.0;1;15;0.0;19.0
8809911;12;12;3;20.0;1;27;0.0;27.0
8810012;11;0;0;4.0;1;11;0.0;11.0
8811191;1;4;1;4.0;1;4;2.0;4.0
8811582;2;4;1;2.0;1;2;7.0;0.0
8811731;4;11;6;22.0;1;22;0.0;21.0
8811768;15;16;10;34.0;1;36;18.0;23.0
8811853;9;1;1;2.0;1;9;2.0;9.0
8812001;0;1;0;0.0;1;0;1.0;0.0
8815256;16;12;5;22.0;1;29;9.0;24.0
8815636;6;9;4;15.0;1;19;3.0;16.0
8816725;4;5;0;4.0;1;6;4.0;5.0
8817147;1;3;2;4.0;1;4;6.0;0.0
881782;8;7;4;13.0;1;18;19.0;0.0
8817820;3;7;0;7.0;1;10;0.0;10.0
8820132;6;5;5;12.0;1;17;16.0;0.0
8820503;0;1;1;0.0;1;0;2.0;0.0
8825551;2;3;1;2.0;1;3;6.0;0.0
8827098;1;5;2;6.0;1;6;4.0;4.0
8827379;7;14;15;32.0;1;19;0.0;36.0
8827578;1;0;1;0.0;1;0;2.0;0.0
8827621;9;8;3;14.0;4;19;20.0;0.0
8827659;23;0;0;9.0;1;12;0.0;23.0
8828696;10;12;6;24.0;1;29;0.0;28.0
8829029;16;34;12;61.0;1;27;0.0;62.0
8830323;12;12;0;17.0;1;24;1.0;23.0
8830513;6;9;10;25.0;1;17;0.0;25.0
8831028;3;2;6;8.0;1;9;6.0;5.0
8832096;0;1;0;1.0;1;1;1.0;0.0
8832317;0;1;1;1.0;1;1;2.0;0.0
8833346;20;39;0;55.0;1;20;11.0;48.0
883442;1;2;0;0.0;5;0;3.0;0.0
8839322;0;1;1;2.0;2;2;2.0;0.0
8839332;0;0;5;6.0;1;5;0.0;5.0
8839520;32;37;17;69.0;1;35;7.0;79.0
8839682;1;0;0;0.0;1;1;1.0;0.0
883985;6;2;0;4.0;1;8;4.0;4.0
884399;1;5;26;37.0;1;12;8.0;24.0
8844803;12;10;0;18.0;2;14;3.0;19.0
8844898;14;3;2;8.0;1;15;3.0;16.0
8845039;1;2;1;2.0;1;2;4.0;0.0
8845586;6;0;0;0.0;1;3;0.0;6.0
8845953;1;2;0;1.0;1;1;3.0;0.0
8846293;1;1;0;0.0;1;0;2.0;0.0
8848599;3;12;0;15.0;1;11;0.0;15.0
8848895;0;5;3;4.0;1;4;8.0;0.0
8848982;2;0;0;2.0;1;2;2.0;0.0
8850254;0;5;1;7.0;1;5;0.0;6.0
8850473;19;13;1;21.0;1;24;1.0;32.0
885080;7;7;4;9.0;3;14;8.0;10.0
8850916;1;2;0;0.0;3;0;3.0;0.0
8850978;9;1;3;5.0;1;12;6.0;7.0
8851013;0;0;0;0.0;1;0;0.0;0.0
8851548;5;2;1;4.0;3;6;8.0;0.0
8851668;2;0;0;0.0;1;1;2.0;0.0
8851730;13;7;0;14.0;1;17;0.0;20.0
8851837;0;2;1;1.0;1;1;3.0;0.0
8852475;11;13;7;26.0;1;31;3.0;28.0
8852713;0;5;1;6.0;1;6;0.0;6.0
8854716;2;4;3;5.0;1;7;2.0;7.0
8854758;12;8;2;16.0;1;22;0.0;22.0
8855080;0;1;1;0.0;1;0;2.0;0.0
8855893;6;13;2;19.0;3;20;1.0;20.0
8857486;0;1;1;1.0;1;1;2.0;0.0
8857837;5;4;3;7.0;1;9;6.0;6.0
8858316;0;1;5;8.0;1;5;1.0;5.0
8858443;0;6;6;13.0;1;13;0.0;12.0
886191;45;56;32;106.0;2;41;11.0;122.0
8863516;0;7;3;10.0;1;10;0.0;10.0
8863911;4;2;0;3.0;1;4;6.0;0.0
8864397;26;2;0;4.0;1;11;2.0;26.0
8866269;17;10;0;14.0;1;25;6.0;21.0
8867722;24;13;3;24.0;1;28;0.0;40.0
8870364;68;36;6;66.0;2;32;5.0;105.0
8870757;0;5;3;8.0;1;8;0.0;8.0
8871841;8;8;10;23.0;1;17;2.0;24.0
887190;0;6;18;27.0;1;18;13.0;11.0
8872129;1;1;1;0.0;1;0;3.0;0.0
8872778;6;1;1;2.0;1;7;2.0;6.0
8872789;16;0;0;4.0;1;13;2.0;14.0
8873254;0;1;0;1.0;1;1;1.0;0.0
8873777;7;3;0;9.0;1;6;3.0;7.0
8874210;4;25;12;39.0;1;24;7.0;34.0
8874706;2;1;0;0.0;1;1;3.0;0.0
887594;1;2;0;1.0;2;2;3.0;0.0
8883208;0;2;5;9.0;1;8;7.0;0.0
888356;20;14;13;33.0;2;37;38.0;9.0
8883929;4;0;0;4.0;1;4;0.0;4.0
8885167;0;5;9;15.0;1;10;0.0;14.0
8886289;23;24;1;35.0;1;25;0.0;48.0
8886292;0;1;1;2.0;1;2;2.0;0.0
8886771;1;1;0;0.0;1;0;2.0;0.0
8888276;1;2;0;0.0;1;0;3.0;0.0
8889697;5;1;0;4.0;1;4;6.0;0.0
8890399;1;4;6;12.0;1;12;0.0;11.0
8891729;1;2;0;0.0;3;1;3.0;0.0
8891747;5;12;6;21.0;1;24;0.0;23.0
8891911;0;8;0;8.0;1;8;0.0;8.0
8891981;0;12;13;28.0;2;19;25.0;0.0
8892224;2;4;0;3.0;1;3;6.0;0.0
8892410;11;11;6;24.0;1;31;0.0;28.0
8892641;2;0;0;1.0;1;1;2.0;0.0
8892642;3;0;0;0.0;1;2;3.0;0.0
8894801;11;16;4;29.0;1;25;0.0;31.0
8895593;4;8;6;12.0;1;10;7.0;11.0
8901782;0;1;1;1.0;1;1;2.0;0.0
8902469;1;0;0;1.0;1;1;1.0;0.0
8903338;1;1;1;0.0;1;0;3.0;0.0
8905488;14;9;5;19.0;1;26;0.0;28.0
8905604;2;1;1;2.0;1;4;0.0;4.0
8905616;3;1;0;0.0;1;2;4.0;0.0
8905722;4;3;5;7.0;1;8;3.0;9.0
8905726;1;3;1;0.0;2;0;5.0;0.0
8907200;2;1;1;0.0;2;0;4.0;0.0
8909446;7;3;1;10.0;2;12;0.0;11.0
890953;5;5;2;3.0;1;5;12.0;0.0
8909552;1;1;0;1.0;3;2;2.0;0.0
8909785;26;1;0;11.0;1;13;0.0;27.0
8912115;1;9;4;11.0;1;11;2.0;12.0
8912554;6;6;6;16.0;1;17;0.0;18.0
8913073;26;2;0;12.0;1;14;0.0;28.0
8913284;5;8;0;13.0;1;13;0.0;13.0
8913305;1;0;0;0.0;1;1;1.0;0.0
8914381;10;0;11;17.0;1;16;0.0;21.0
8915005;24;20;16;49.0;1;31;0.0;60.0
8916174;3;3;3;5.0;1;6;9.0;0.0
891896;8;6;2;10.0;4;15;16.0;0.0
892098;7;7;3;12.0;5;15;17.0;0.0
892123;13;14;7;26.0;2;33;3.0;31.0
892165;0;2;7;11.0;1;9;0.0;9.0
892189;7;7;6;16.0;2;20;20.0;0.0
8922774;4;6;0;8.0;1;9;0.0;10.0
8924037;6;9;8;18.0;2;20;12.0;11.0
8924219;1;0;0;1.0;2;1;1.0;0.0
8924277;2;1;0;1.0;1;1;3.0;0.0
8926839;8;1;0;4.0;1;7;2.0;7.0
8927135;7;2;5;6.0;1;10;8.0;6.0
8927369;8;9;0;14.0;2;17;0.0;17.0
8927533;1;2;0;1.0;1;1;3.0;0.0
8928088;12;12;6;24.0;1;31;0.0;30.0
8928143;7;0;1;7.0;1;7;2.0;6.0
8928161;2;2;1;0.0;1;0;5.0;0.0
8928184;0;3;6;9.0;1;6;2.0;7.0
8928201;0;1;2;3.0;1;3;0.0;3.0
8928204;5;35;33;77.0;3;36;10.0;63.0
8928260;0;2;0;2.0;1;2;2.0;0.0
8928284;10;10;4;19.0;1;25;19.0;5.0
8928306;2;1;0;1.0;1;1;3.0;0.0
8928309;1;2;1;2.0;1;2;4.0;0.0
8928360;3;2;1;4.0;1;4;2.0;4.0
8928373;0;8;0;10.0;1;8;0.0;8.0
8928377;21;22;0;24.0;1;18;1.0;42.0
8928383;1;2;1;1.0;1;1;4.0;0.0
8928422;4;14;0;19.0;1;16;0.0;18.0
8928435;10;2;3;4.0;3;9;15.0;0.0
8928511;17;19;12;44.0;1;37;43.0;5.0
8928520;0;0;0;0.0;1;0;0.0;0.0
8928534;12;8;0;13.0;1;20;0.0;20.0
8928537;33;24;8;49.0;1;41;15.0;50.0
8928551;1;0;0;0.0;1;0;1.0;0.0
8928570;3;3;2;2.0;1;2;8.0;0.0
8928594;18;12;6;24.0;1;31;0.0;36.0
8928604;5;1;2;5.0;1;9;4.0;4.0
8928631;2;1;0;1.0;1;1;3.0;0.0
8928665;1;0;0;0.0;1;0;1.0;0.0
8928677;0;1;1;1.0;1;1;2.0;0.0
8928706;1;2;3;2.0;1;2;6.0;0.0
8928712;1;0;0;0.0;1;0;1.0;0.0
8928714;4;33;12;52.0;1;23;2.0;47.0
8928728;24;0;2;10.0;1;14;0.0;26.0
8928745;0;0;2;1.0;1;1;2.0;0.0
8928749;0;9;0;9.0;1;8;0.0;9.0
8928752;34;18;0;26.0;1;20;2.0;50.0
8928755;2;1;3;4.0;1;5;6.0;0.0
8928762;15;16;5;32.0;1;35;30.0;6.0
8928830;3;0;0;1.0;1;1;3.0;0.0
8928833;1;1;0;0.0;1;0;2.0;0.0
8928836;3;6;3;9.0;1;11;8.0;4.0
8928857;12;12;6;23.0;1;30;0.0;30.0
8928858;0;45;32;73.0;3;18;3.0;74.0
8928866;20;0;0;5.0;1;11;1.0;19.0
8928911;7;0;0;4.0;1;8;0.0;7.0
8928924;9;3;1;5.0;2;10;6.0;7.0
8928966;3;4;2;4.0;1;5;9.0;0.0
8929036;6;2;3;6.0;2;10;6.0;5.0
8929057;12;1;0;6.0;1;13;0.0;13.0
8929122;24;24;7;41.0;1;32;2.0;53.0
8929178;15;3;1;2.0;1;6;6.0;13.0
8929194;1;2;0;3.0;1;2;3.0;0.0
8929305;4;8;14;25.0;1;17;4.0;22.0
8929348;2;2;1;0.0;1;0;5.0;0.0
8929362;22;12;4;26.0;1;27;7.0;31.0
8929368;0;3;6;10.0;1;9;2.0;7.0
8929372;0;1;4;6.0;1;6;0.0;5.0
8929393;18;12;6;24.0;1;31;0.0;36.0
8929423;3;2;1;6.0;1;4;0.0;6.0
8929431;12;1;0;6.0;1;13;0.0;13.0
8929480;2;2;1;3.0;1;4;5.0;0.0
8929486;1;1;1;1.0;1;1;3.0;0.0
8929494;4;6;0;6.0;1;6;10.0;0.0
8929561;0;9;6;16.0;1;16;0.0;15.0
8929567;0;0;1;2.0;1;2;1.0;0.0
8929603;6;3;0;2.0;1;6;9.0;0.0
8929604;1;1;0;1.0;1;2;2.0;0.0
8929714;6;8;0;11.0;1;10;4.0;10.0
8929737;12;12;6;24.0;1;31;0.0;30.0
8929784;2;1;1;0.0;1;0;4.0;0.0
8929819;5;3;2;6.0;2;6;6.0;4.0
8929823;3;12;2;17.0;1;19;0.0;17.0
8929834;3;0;0;0.0;1;3;3.0;0.0
8929836;0;4;21;28.0;1;13;4.0;21.0
8929843;1;2;0;0.0;1;0;3.0;0.0
8929846;3;15;10;25.0;3;25;13.0;15.0
8929851;3;3;0;6.0;1;6;0.0;6.0
8929876;1;6;6;14.0;1;15;0.0;13.0
8929883;1;0;0;0.0;1;0;1.0;0.0
8929932;3;2;0;2.0;1;4;5.0;0.0
8929953;1;1;1;0.0;1;0;3.0;0.0
8929984;12;18;12;37.0;1;31;0.0;42.0
8929988;2;1;0;1.0;1;1;3.0;0.0
8929991;2;1;0;0.0;3;0;3.0;0.0
8929999;1;1;0;0.0;1;0;2.0;0.0
8930029;12;12;3;20.0;1;27;0.0;27.0
8930032;5;24;0;27.0;1;15;3.0;26.0
8930053;9;6;3;13.0;2;18;18.0;0.0
8930222;1;1;0;0.0;1;0;2.0;0.0
8930310;35;38;11;60.0;3;53;75.0;9.0
8930352;0;0;26;26.0;1;7;0.0;26.0
8930581;1;0;1;0.0;1;0;2.0;0.0
8930606;0;1;0;2.0;1;2;1.0;0.0
8930647;10;7;2;12.0;1;16;15.0;4.0
8930675;1;1;0;0.0;1;0;2.0;0.0
8930717;1;1;1;1.0;1;1;3.0;0.0
8931040;0;9;6;16.0;1;16;0.0;15.0
8931043;0;1;0;0.0;1;0;1.0;0.0
8931053;2;1;0;0.0;1;0;3.0;0.0
8931102;16;0;0;8.0;1;8;3.0;13.0
8931134;0;1;1;0.0;1;0;2.0;0.0
8931147;0;10;6;17.0;1;17;0.0;16.0
8931182;1;1;0;0.0;1;1;2.0;0.0
8931194;1;0;0;0.0;2;0;1.0;0.0
8931231;5;11;1;13.0;3;13;6.0;11.0
8931270;1;1;0;0.0;1;0;2.0;0.0
8931274;11;16;11;42.0;1;25;0.0;38.0
8931276;11;4;1;8.0;1;15;2.0;14.0
8931281;0;5;2;6.0;1;4;0.0;7.0
893132;4;2;0;6.0;1;6;0.0;6.0
8931412;11;0;0;4.0;1;11;0.0;11.0
8931427;10;13;12;27.0;1;23;3.0;32.0
8931504;0;0;0;0.0;1;0;0.0;0.0
8931532;7;11;1;12.0;1;16;5.0;14.0
8931642;1;2;2;2.0;1;2;5.0;0.0
8931671;14;2;2;7.0;1;14;6.0;12.0
8931809;4;4;5;8.0;3;9;13.0;0.0
8931856;1;0;0;2.0;1;2;1.0;0.0
893602;9;8;2;17.0;4;23;19.0;0.0
894317;8;5;3;7.0;1;13;8.0;8.0
894387;12;12;6;24.0;1;31;0.0;30.0
896923;19;25;3;39.0;3;24;4.0;43.0
896950;6;4;2;4.0;1;8;8.0;4.0
897880;1;2;2;3.0;1;3;5.0;0.0
899100;12;26;6;35.0;1;34;7.0;37.0
899452;0;12;5;19.0;3;11;1.0;16.0
899537;7;6;0;7.0;1;11;4.0;9.0
899702;1;1;0;0.0;1;0;2.0;0.0
900325;1;4;2;8.0;1;8;7.0;0.0
901166;4;30;15;51.0;1;21;0.0;49.0
901899;0;2;0;0.0;1;0;2.0;0.0
902214;0;1;0;0.0;1;0;1.0;0.0
902366;15;8;7;21.0;2;24;27.0;3.0
902536;13;9;4;23.0;2;29;26.0;0.0
902563;9;10;2;17.0;1;20;9.0;12.0
9028130;14;14;6;29.0;1;39;23.0;11.0
9037858;3;2;1;0.0;1;3;6.0;0.0
9038238;1;1;0;2.0;1;2;2.0;0.0
9039087;1;1;0;0.0;3;0;2.0;0.0
9039166;0;14;10;24.0;1;12;0.0;24.0
9039195;21;6;3;12.0;1;22;18.0;12.0
9039215;12;12;6;24.0;1;31;0.0;30.0
9039698;3;4;3;6.0;1;6;10.0;0.0
9039917;2;1;1;0.0;2;0;4.0;0.0
9040150;7;7;2;9.0;3;13;16.0;0.0
9040214;1;1;2;3.0;1;3;4.0;0.0
9040641;0;2;1;3.0;1;3;3.0;0.0
9041191;1;1;0;0.0;1;0;2.0;0.0
9041587;2;2;0;2.0;1;3;4.0;0.0
9041736;6;1;1;7.0;3;7;5.0;3.0
9041747;4;1;0;5.0;1;6;1.0;4.0
9041930;18;12;5;21.0;3;33;27.0;8.0
9041955;3;2;2;4.0;3;5;7.0;0.0
9042115;16;3;0;5.0;1;11;0.0;19.0
9042199;16;23;16;46.0;1;33;8.0;47.0
9042284;1;1;1;1.0;1;1;3.0;0.0
9042443;1;1;0;0.0;1;0;2.0;0.0
9042538;1;8;0;8.0;1;6;0.0;9.0
9042602;13;1;9;14.0;1;18;0.0;23.0
9042791;0;0;2;2.0;1;2;2.0;0.0
9042813;0;0;2;2.0;1;2;2.0;0.0
9043278;2;2;1;1.0;1;2;5.0;0.0
9043453;2;0;0;1.0;1;1;2.0;0.0
9043475;1;3;3;5.0;1;5;7.0;0.0
9044107;2;1;0;0.0;1;0;3.0;0.0
9045629;4;5;11;17.0;1;14;6.0;14.0
9045707;0;0;7;7.0;1;6;0.0;7.0
9045958;12;12;6;24.0;1;31;0.0;30.0
9046490;24;12;6;28.0;1;31;0.0;42.0
9047032;1;1;0;0.0;1;0;2.0;0.0
9047451;11;4;1;10.0;1;14;10.0;6.0
9047541;2;1;1;3.0;1;4;4.0;0.0
9047719;10;28;12;46.0;1;24;2.0;48.0
9048392;26;17;4;19.0;1;23;3.0;44.0
9048515;0;0;5;7.0;1;5;0.0;5.0
9048571;11;0;1;5.0;1;11;1.0;11.0
9049132;5;0;9;16.0;1;9;0.0;14.0
9049206;1;1;1;1.0;1;1;3.0;0.0
9049213;6;1;0;1.0;1;6;7.0;0.0
9049244;2;5;7;10.0;1;11;9.0;5.0
9049359;1;0;1;0.0;1;0;2.0;0.0
9049390;0;9;4;13.0;1;11;1.0;12.0
9049518;7;10;11;27.0;1;23;9.0;19.0
9049631;4;4;1;6.0;1;7;9.0;0.0
9052515;1;3;2;7.0;1;7;1.0;5.0
9052568;2;3;2;6.0;1;6;7.0;0.0
9052637;1;1;1;0.0;1;0;3.0;0.0
9052664;2;3;1;2.0;1;2;6.0;0.0
9052758;2;9;10;22.0;1;19;0.0;21.0
9052786;12;12;6;24.0;1;31;0.0;30.0
9052971;0;0;0;0.0;1;0;0.0;0.0
9052993;16;16;11;36.0;1;27;0.0;43.0
9053018;5;6;2;9.0;1;9;13.0;0.0
907458;8;10;6;21.0;2;24;24.0;0.0
907575;2;11;7;20.0;3;20;3.0;17.0
907701;6;6;7;15.0;1;20;15.0;4.0
9078423;7;8;0;14.0;1;14;2.0;13.0
9078436;0;1;1;0.0;1;0;2.0;0.0
908442;4;2;0;0.0;1;3;6.0;0.0
912996;2;1;0;0.0;1;0;3.0;0.0
913031;8;11;4;21.0;1;23;23.0;0.0
913032;1;3;0;1.0;2;1;4.0;0.0
913062;0;4;3;7.0;1;7;0.0;7.0
913571;4;3;1;7.0;1;8;8.0;0.0
913855;1;1;0;0.0;1;0;2.0;0.0
915783;7;35;17;56.0;3;51;33.0;26.0
915795;1;1;0;0.0;1;0;2.0;0.0
917227;0;4;5;5.0;2;5;9.0;0.0
917448;7;16;5;28.0;3;31;20.0;8.0
917456;2;1;1;0.0;1;0;4.0;0.0
917569;1;8;18;33.0;1;22;9.0;18.0
919282;17;31;8;43.0;2;38;22.0;34.0
921516;0;0;20;31.0;1;5;0.0;20.0
9229631;1;1;0;0.0;1;0;2.0;0.0
9230859;23;22;24;55.0;2;36;9.0;60.0
9231063;4;9;0;13.0;1;12;0.0;13.0
923173;0;0;5;6.0;1;6;0.0;5.0
9231772;2;1;0;0.0;2;0;3.0;0.0
9233665;5;2;1;2.0;1;6;8.0;0.0
9235213;1;3;0;4.0;1;4;0.0;4.0
9236868;17;9;2;19.0;1;19;9.0;19.0
923879;3;3;0;6.0;2;4;0.0;6.0
923922;3;0;0;0.0;1;3;3.0;0.0
9242215;1;1;1;3.0;1;3;3.0;0.0
9242298;0;4;5;9.0;1;9;0.0;9.0
9245139;1;1;2;3.0;1;3;4.0;0.0
9246285;14;55;36;111.0;1;25;0.0;105.0
9246739;2;2;1;2.0;1;3;5.0;0.0
9246843;4;7;6;14.0;1;18;0.0;17.0
9247714;1;1;1;0.0;1;0;3.0;0.0
9250033;1;5;7;13.0;1;13;3.0;10.0
9250858;1;0;0;1.0;1;1;1.0;0.0
9251054;0;6;7;15.0;2;15;0.0;13.0
9251488;0;1;0;0.0;1;0;1.0;0.0
9252849;3;3;9;15.0;1;14;3.0;12.0
9253032;4;3;1;4.0;1;4;3.0;5.0
9253253;1;19;1;19.0;1;8;2.0;19.0
9253706;7;0;0;0.0;1;7;0.0;7.0
925375;12;18;0;25.0;2;20;8.0;22.0
9254460;10;2;0;7.0;1;13;0.0;12.0
9254838;3;3;0;4.0;1;5;4.0;2.0
9256484;13;7;0;12.0;1;19;0.0;20.0
9261395;0;8;6;15.0;1;15;0.0;14.0
9263024;3;0;0;0.0;1;2;3.0;0.0
9263437;1;1;1;0.0;1;0;3.0;0.0
9264777;22;5;1;14.0;1;21;4.0;24.0
9266300;5;3;0;8.0;1;8;0.0;8.0
9267846;0;1;1;1.0;1;1;2.0;0.0
9270746;1;0;0;0.0;1;0;1.0;0.0
9271697;12;12;6;24.0;1;31;0.0;30.0
9271985;1;1;0;1.0;1;1;2.0;0.0
9272154;7;8;5;16.0;2;20;18.0;2.0
9272814;1;0;0;1.0;1;1;1.0;0.0
9272939;0;1;1;1.0;1;1;2.0;0.0
9273660;12;5;1;9.0;1;16;2.0;16.0
9273677;1;1;1;2.0;1;2;3.0;0.0
9274865;1;12;6;20.0;1;20;0.0;19.0
9280059;0;3;1;4.0;1;4;0.0;4.0
9281108;14;0;0;15.0;1;4;2.0;12.0
9282614;11;6;0;6.0;1;11;2.0;15.0
9283715;0;16;19;37.0;1;14;0.0;35.0
9283858;6;2;1;2.0;1;7;4.0;5.0
9284411;1;1;0;0.0;1;0;2.0;0.0
9284694;1;0;0;1.0;1;1;1.0;0.0
928479;4;4;2;7.0;2;7;10.0;0.0
9285899;7;8;3;14.0;2;17;18.0;0.0
928678;0;1;0;1.0;2;1;1.0;0.0
9287122;2;3;1;5.0;1;5;2.0;4.0
9287936;32;8;7;22.0;1;26;2.0;45.0
9291057;6;4;1;7.0;1;8;11.0;0.0
929213;0;6;1;6.0;2;6;3.0;4.0
9293008;19;18;12;45.0;2;37;43.0;6.0
9294215;1;0;0;0.0;2;0;1.0;0.0
929944;2;8;5;17.0;3;13;2.0;13.0
9300199;3;12;0;15.0;1;14;0.0;15.0
9300553;0;8;32;48.0;1;10;2.0;38.0
9301010;1;1;0;0.0;1;0;2.0;0.0
9301596;5;12;10;27.0;1;26;21.0;6.0
930336;0;3;0;3.0;1;3;3.0;0.0
9303584;1;1;0;0.0;1;0;2.0;0.0
9303802;12;5;0;10.0;1;17;0.0;17.0
9304134;3;1;1;4.0;2;4;1.0;4.0
9305020;21;22;0;31.0;1;24;1.0;42.0
9305722;18;0;6;11.0;1;18;0.0;24.0
9306496;2;1;0;0.0;1;0;3.0;0.0
9306732;9;6;0;11.0;1;15;0.0;15.0
9309675;5;5;2;6.0;1;10;12.0;0.0
9310194;7;1;0;1.0;1;8;0.0;8.0
9310462;19;36;18;66.0;1;26;0.0;73.0
9311508;2;2;1;2.0;2;2;5.0;0.0
9311621;3;2;0;1.0;1;2;5.0;0.0
9311864;11;1;0;4.0;1;11;0.0;12.0
9313042;1;5;2;7.0;1;7;8.0;0.0
9313546;1;1;1;1.0;1;1;3.0;0.0
9313644;1;2;0;0.0;1;0;3.0;0.0
9313752;2;2;27;37.0;1;13;0.0;31.0
9314406;11;24;0;32.0;1;21;0.0;35.0
9314510;0;1;1;1.0;1;1;2.0;0.0
9314696;1;0;0;0.0;1;1;1.0;0.0
9314712;6;7;0;8.0;1;9;13.0;0.0
9315056;0;0;0;0.0;1;0;0.0;0.0
9315634;1;1;1;3.0;1;3;3.0;0.0
931655;43;47;19;92.0;5;60;58.0;51.0
9319328;0;3;6;10.0;1;10;0.0;9.0
9321136;5;2;1;0.0;1;4;4.0;4.0
9321792;1;3;7;10.0;1;10;3.0;8.0
9322188;0;0;1;1.0;2;1;1.0;0.0
9322936;13;17;8;29.0;6;35;7.0;31.0
932327;0;0;1;0.0;1;0;1.0;0.0
9323921;2;3;2;4.0;1;4;7.0;0.0
9323942;10;13;5;21.0;1;27;7.0;21.0
9324494;3;4;5;8.0;1;8;6.0;6.0
932515;1;1;0;0.0;1;1;2.0;0.0
9325544;1;1;1;1.0;1;1;3.0;0.0
932586;7;24;10;42.0;1;23;0.0;41.0
9327669;2;1;1;0.0;1;0;4.0;0.0
932803;0;1;1;2.0;1;2;2.0;0.0
9328976;1;2;1;2.0;1;2;4.0;0.0
9329187;1;0;1;0.0;1;0;2.0;0.0
9329799;0;3;0;3.0;1;3;3.0;0.0
9330646;10;6;0;11.0;1;16;0.0;16.0
9332976;0;10;14;23.0;3;16;19.0;5.0
9334357;12;13;7;25.0;1;32;2.0;30.0
9334616;0;1;0;0.0;1;0;1.0;0.0
9335435;0;1;4;5.0;1;5;0.0;5.0
933761;1;3;1;5.0;1;5;5.0;0.0
9339766;4;0;2;0.0;3;2;3.0;3.0
9340351;0;0;1;0.0;1;0;1.0;0.0
9340797;10;7;5;12.0;1;15;15.0;7.0
9341142;3;0;0;1.0;1;1;3.0;0.0
9341721;2;1;1;0.0;1;0;4.0;0.0
9342320;0;16;28;49.0;1;17;2.0;42.0
9343310;1;1;1;0.0;1;0;3.0;0.0
9343700;0;2;5;7.0;1;7;0.0;7.0
9343954;3;5;1;6.0;1;8;6.0;3.0
9344496;9;10;12;27.0;1;24;2.0;29.0
9345430;0;0;1;1.0;1;1;1.0;0.0
9345685;1;0;0;1.0;1;1;1.0;0.0
9345787;0;0;4;5.0;1;5;0.0;4.0
9345846;0;4;2;5.0;1;5;0.0;6.0
9346140;10;1;2;7.0;1;6;3.0;10.0
9346510;1;1;0;0.0;1;0;2.0;0.0
9346788;0;2;1;4.0;1;4;1.0;2.0
9347871;4;9;4;17.0;1;15;4.0;13.0
9349823;0;3;4;8.0;1;8;2.0;5.0
9350732;11;0;0;4.0;1;11;0.0;11.0
9351587;2;0;0;0.0;1;0;2.0;0.0
9360281;24;17;0;27.0;1;21;0.0;41.0
9361709;0;0;0;0.0;1;0;0.0;0.0
9362702;6;8;4;14.0;1;18;18.0;0.0
9362727;4;6;3;8.0;1;9;13.0;0.0
9362902;8;9;12;30.0;1;23;13.0;16.0
9368416;0;1;1;0.0;1;0;2.0;0.0
9373326;1;0;1;0.0;1;0;2.0;0.0
9374627;4;5;2;10.0;1;10;8.0;3.0
937565;8;8;7;21.0;2;21;23.0;0.0
937574;19;24;13;41.0;2;28;56.0;0.0
937723;0;3;6;9.0;1;9;0.0;9.0
9379354;0;3;1;4.0;1;4;4.0;0.0
9382649;10;3;3;6.0;1;11;11.0;5.0
9382651;1;0;0;0.0;1;0;1.0;0.0
938308;12;9;11;19.0;1;21;3.0;29.0
9383297;6;0;1;8.0;1;4;0.0;7.0
9383356;4;12;6;20.0;1;23;0.0;22.0
9384538;2;0;0;0.0;1;2;2.0;0.0
9384647;0;0;3;4.0;1;4;0.0;3.0
938491;0;0;0;0.0;1;0;0.0;0.0
9385264;1;5;2;6.0;1;6;4.0;4.0
9385430;7;1;6;12.0;1;15;0.0;14.0
9385592;1;1;1;0.0;1;0;3.0;0.0
9386034;3;1;0;5.0;1;5;0.0;4.0
9387449;6;0;0;1.0;1;5;2.0;4.0
9387686;6;0;0;0.0;1;7;0.0;6.0
9387996;0;1;1;0.0;1;0;2.0;0.0
9388004;21;15;10;29.0;5;31;31.0;15.0
9389423;6;9;5;16.0;2;15;5.0;15.0
9390122;7;6;2;10.0;1;13;11.0;4.0
9392401;0;8;5;13.0;1;13;3.0;10.0
9394140;12;13;8;24.0;1;27;4.0;29.0
9394293;1;1;0;0.0;1;0;2.0;0.0
9394377;1;1;0;0.0;1;0;2.0;0.0
9394417;0;2;2;7.0;1;7;4.0;0.0
9395220;10;11;3;18.0;7;20;24.0;0.0
9395933;5;1;0;0.0;2;4;2.0;4.0
9396014;16;7;4;13.0;1;22;16.0;11.0
9396211;2;0;3;6.0;1;6;0.0;5.0
9396813;1;2;0;2.0;1;3;3.0;0.0
9396873;1;1;0;0.0;1;0;2.0;0.0
939967;23;16;5;22.0;1;21;5.0;39.0
9403582;2;4;2;8.0;1;8;3.0;5.0
9404232;1;0;0;0.0;1;1;1.0;0.0
9405603;0;1;1;2.0;1;2;2.0;0.0
9407091;1;2;1;1.0;1;1;4.0;0.0
9407100;0;6;2;8.0;1;8;0.0;8.0
9407206;1;2;1;2.0;1;2;4.0;0.0
9407746;1;3;2;2.0;1;2;6.0;0.0
941025;1;0;1;1.0;1;2;2.0;0.0
9412099;1;3;0;2.0;1;2;4.0;0.0
9414726;3;13;30;49.0;1;17;4.0;42.0
9415001;4;4;2;4.0;1;6;10.0;0.0
9415071;12;23;12;41.0;1;32;0.0;47.0
9415495;1;1;0;0.0;1;0;2.0;0.0
941650;6;4;0;7.0;1;7;4.0;6.0
9416963;0;3;3;8.0;1;7;0.0;6.0
9417023;7;5;6;15.0;1;18;5.0;13.0
9418562;2;5;0;7.0;1;6;0.0;7.0
941978;0;3;1;16.0;1;5;0.0;4.0
9422712;1;0;0;1.0;1;1;1.0;0.0
9423549;12;0;0;5.0;1;12;0.0;12.0
9424274;8;0;0;1.0;1;8;0.0;8.0
9425986;3;2;1;2.0;1;3;6.0;0.0
9426615;0;1;0;1.0;1;1;1.0;0.0
9426628;0;2;1;3.0;1;3;1.0;2.0
9426977;26;63;42;118.0;1;29;1.0;130.0
9427512;12;14;11;30.0;1;32;2.0;35.0
9427650;17;14;18;42.0;1;31;1.0;48.0
9427667;1;1;1;0.0;1;0;3.0;0.0
9429622;1;2;3;4.0;1;4;6.0;0.0
9430145;36;1;0;9.0;1;13;0.0;37.0
9431955;1;1;2;2.0;1;2;4.0;0.0
9433695;1;1;0;1.0;1;1;2.0;0.0
9434844;0;2;1;0.0;1;0;3.0;0.0
9435895;13;6;7;18.0;1;25;0.0;26.0
9436112;1;1;1;1.0;1;1;3.0;0.0
9440572;1;1;0;2.0;1;2;2.0;0.0
9441923;13;1;1;7.0;1;12;9.0;6.0
9442931;19;3;0;9.0;1;18;6.0;16.0
9443268;21;20;17;41.0;1;29;9.0;49.0
9443891;0;6;11;17.0;1;9;0.0;17.0
9444304;4;5;6;13.0;1;10;4.0;11.0
94454;0;3;1;5.0;1;5;0.0;4.0
9446046;27;12;11;30.0;3;34;34.0;16.0
9446502;0;3;6;10.0;1;10;0.0;9.0
9449133;12;3;0;8.0;1;15;0.0;15.0
9449920;0;2;1;1.0;1;1;3.0;0.0
9450384;0;0;4;5.0;1;5;0.0;4.0
9450599;3;7;3;12.0;1;12;13.0;0.0
9450842;12;12;5;22.0;1;29;0.0;29.0
9450875;1;1;0;1.0;1;1;2.0;0.0
9452593;2;3;2;5.0;1;5;3.0;4.0
9454119;23;4;2;10.0;1;18;12.0;17.0
9454594;15;11;1;16.0;1;23;5.0;22.0
9456821;0;1;5;7.0;1;7;0.0;6.0
9457638;12;12;6;24.0;1;31;0.0;30.0
9457658;4;8;3;11.0;1;13;15.0;0.0
9457947;16;11;0;16.0;1;19;0.0;27.0
9458142;0;0;3;4.0;1;4;0.0;3.0
9465153;16;12;6;24.0;1;31;0.0;34.0
9465322;10;5;0;6.0;1;12;3.0;12.0
9469518;1;2;9;11.0;1;10;4.0;8.0
9469647;1;3;3;7.0;1;7;7.0;0.0
9469787;1;2;0;2.0;1;2;3.0;0.0
9471509;12;9;6;24.0;1;27;0.0;27.0
9472758;0;0;5;6.0;1;6;0.0;5.0
9473025;10;0;1;2.0;1;8;2.0;9.0
947513;29;20;11;49.0;3;43;33.0;27.0
9475354;9;2;0;9.0;1;9;1.0;10.0
947662;4;0;0;0.0;4;2;0.0;4.0
947824;9;12;6;24.0;1;28;0.0;27.0
948036;13;35;9;50.0;5;33;18.0;39.0
9481289;3;4;4;9.0;1;10;1.0;10.0
948161;0;1;0;0.0;1;0;1.0;0.0
9481810;17;3;0;8.0;1;15;0.0;20.0
9482939;0;10;5;16.0;1;14;0.0;15.0
9491853;2;3;0;3.0;1;3;5.0;0.0
9491921;2;0;0;0.0;1;0;2.0;0.0
9492049;12;12;6;24.0;1;31;0.0;30.0
9492281;1;1;0;0.0;1;0;2.0;0.0
9492407;1;1;0;3.0;1;3;2.0;0.0
9492588;4;10;0;14.0;1;12;4.0;10.0
9493158;0;10;3;14.0;1;11;0.0;13.0
9493305;4;10;7;15.0;1;16;21.0;0.0
9493673;34;8;0;22.0;1;23;4.0;38.0
9493686;4;3;1;3.0;1;5;8.0;0.0
9493689;20;6;1;9.0;3;19;7.0;20.0
9495015;1;0;1;1.0;1;2;2.0;0.0
949505;20;57;0;72.0;1;22;5.0;72.0
949507;14;17;2;27.0;1;26;1.0;32.0
9495319;17;14;7;33.0;1;31;0.0;38.0
949604;2;3;1;2.0;1;3;6.0;0.0
949626;1;1;0;0.0;1;0;2.0;0.0
9497040;12;4;0;9.0;1;16;0.0;16.0
949806;6;6;0;9.0;1;8;0.0;12.0
9499684;0;0;1;0.0;1;0;1.0;0.0
9500137;1;2;1;2.0;1;2;4.0;0.0
9502186;1;0;0;0.0;1;1;1.0;0.0
9502949;8;9;1;19.0;1;18;9.0;9.0
9503215;1;1;2;4.0;1;4;4.0;0.0
9503441;1;1;1;0.0;1;0;3.0;0.0
9510457;1;0;0;0.0;2;0;1.0;0.0
951169;12;12;18;37.0;2;36;0.0;42.0
951186;17;3;2;2.0;2;9;8.0;14.0
951813;0;1;2;2.0;1;2;3.0;0.0
952666;7;4;1;5.0;1;9;7.0;5.0
953319;0;3;2;2.0;1;2;5.0;0.0
954665;1;1;1;0.0;1;0;3.0;0.0
956238;4;16;3;15.0;2;15;13.0;10.0
956877;1;1;1;0.0;2;0;3.0;0.0
958628;1;0;1;0.0;1;0;2.0;0.0
959065;0;14;1;15.0;1;13;0.0;15.0
959408;1;0;0;2.0;1;2;1.0;0.0
959452;1;0;0;0.0;1;0;1.0;0.0
960519;3;3;0;2.0;1;2;6.0;0.0
963489;14;2;0;7.0;1;14;0.0;16.0
963774;0;0;0;0.0;2;0;0.0;0.0
963970;0;1;0;0.0;1;0;1.0;0.0
964219;2;3;2;6.0;1;8;0.0;7.0
9648182;0;1;0;1.0;1;1;1.0;0.0
9648313;2;4;1;3.0;2;4;7.0;0.0
9649517;0;0;2;2.0;1;2;2.0;0.0
9650463;0;9;2;11.0;1;9;2.0;9.0
9651252;0;2;0;1.0;1;1;2.0;0.0
9651598;8;31;44;89.0;3;41;31.0;52.0
9652170;1;1;1;0.0;1;0;3.0;0.0
9653975;12;12;6;24.0;1;31;0.0;30.0
9654501;6;3;0;6.0;1;7;4.0;5.0
9654647;6;0;0;0.0;1;5;2.0;4.0
9655023;5;43;35;91.0;1;24;0.0;83.0
9655690;1;2;0;0.0;2;0;3.0;0.0
9656059;2;6;5;11.0;1;12;13.0;0.0
9656234;3;4;5;10.0;1;12;8.0;4.0
9658159;11;12;0;18.0;1;20;0.0;23.0
9658366;0;4;0;4.0;1;4;0.0;4.0
9659395;5;0;0;4.0;1;5;0.0;5.0
9660027;2;2;1;0.0;1;1;5.0;0.0
9660155;0;1;1;1.0;1;1;2.0;0.0
9660587;0;4;6;10.0;2;10;2.0;8.0
9660935;6;0;0;2.0;2;6;0.0;6.0
9666497;14;18;12;37.0;1;31;0.0;44.0
9667026;4;4;2;7.0;1;9;10.0;0.0
9667412;0;1;0;0.0;1;0;1.0;0.0
9667427;1;1;0;0.0;1;0;2.0;0.0
9668244;2;5;0;7.0;1;4;0.0;7.0
9668301;18;3;1;7.0;1;13;5.0;17.0
9668719;3;2;0;4.0;1;4;0.0;5.0
9670999;6;9;4;15.0;1;18;12.0;7.0
9671463;1;0;0;0.0;1;0;1.0;0.0
9671480;4;6;3;13.0;1;10;2.0;11.0
9672812;3;31;58;100.0;1;20;14.0;78.0
9673880;17;7;1;12.0;2;21;15.0;10.0
9675709;15;0;0;0.0;1;6;0.0;15.0
9679560;4;3;3;5.0;1;6;10.0;0.0
9680626;0;5;6;12.0;1;12;0.0;11.0
9680966;5;0;0;3.0;1;5;0.0;5.0
9688590;0;0;0;0.0;1;0;0.0;0.0
9690385;2;0;0;1.0;1;2;2.0;0.0
9690791;12;12;4;21.0;1;28;0.0;28.0
9690885;64;22;38;75.0;1;28;1.0;123.0
969109;12;24;7;37.0;1;31;0.0;43.0
9691767;0;4;0;4.0;1;3;0.0;4.0
9692474;1;5;5;11.0;1;11;3.0;8.0
9693580;9;6;4;17.0;1;17;7.0;12.0
9694217;8;12;5;22.0;1;23;25.0;0.0
9694318;20;3;0;13.0;1;14;0.0;23.0
9694439;3;1;1;3.0;1;3;5.0;0.0
9694658;0;1;0;0.0;1;0;1.0;0.0
9694796;0;2;4;7.0;1;7;0.0;6.0
9694980;2;2;1;0.0;1;0;5.0;0.0
9695070;1;1;0;0.0;1;0;2.0;0.0
9695194;11;0;0;4.0;1;11;0.0;11.0
9695425;0;4;0;5.0;2;5;0.0;4.0
9696728;1;1;3;4.0;1;4;2.0;3.0
9696812;16;12;6;26.0;1;30;2.0;32.0
9697245;7;0;0;7.0;1;6;0.0;7.0
9698270;1;2;0;1.0;1;1;3.0;0.0
9698317;17;12;12;38.0;1;31;14.0;27.0
9698715;1;1;0;0.0;1;0;2.0;0.0
9699525;0;3;1;1.0;1;1;4.0;0.0
9708318;0;1;3;4.0;1;4;0.0;4.0
9709513;1;1;1;0.0;1;0;3.0;0.0
9710408;12;13;7;24.0;1;30;5.0;27.0
9710678;0;9;0;9.0;1;9;0.0;9.0
9711750;19;19;7;33.0;1;32;0.0;45.0
9711986;13;21;6;37.0;3;39;16.0;24.0
9712195;0;1;1;1.0;1;1;2.0;0.0
9712339;5;4;2;7.0;1;9;6.0;5.0
9712942;2;9;10;20.0;1;14;21.0;0.0
9713080;20;9;4;24.0;4;25;13.0;20.0
9713098;12;0;0;5.0;1;10;0.0;12.0
9713287;12;12;8;29.0;1;24;6.0;26.0
9713878;0;3;0;3.0;1;2;3.0;0.0
9716624;20;9;13;31.0;1;28;3.0;39.0
9718504;0;5;3;8.0;1;8;3.0;5.0
9718871;12;15;8;28.0;1;34;3.0;32.0
9718928;2;6;7;13.0;1;13;6.0;9.0
9721211;37;8;0;28.0;1;16;2.0;43.0
9722226;1;1;0;0.0;1;0;2.0;0.0
9723257;7;1;0;4.0;1;7;2.0;6.0
9723464;5;0;0;0.0;1;5;0.0;5.0
9730565;14;15;0;22.0;1;22;0.0;29.0
9730841;15;16;12;35.0;1;31;0.0;43.0
973127;9;1;2;5.0;1;9;0.0;12.0
9732537;0;11;6;18.0;1;18;0.0;17.0
973329;2;2;1;3.0;1;3;5.0;0.0
9733371;12;3;1;9.0;1;16;0.0;16.0
973364;3;5;3;5.0;1;6;11.0;0.0
9733660;1;2;0;1.0;1;1;3.0;0.0
9734694;0;2;0;0.0;1;0;2.0;0.0
973495;1;1;1;0.0;4;0;3.0;0.0
9735876;2;0;0;0.0;1;1;2.0;0.0
9736813;3;3;2;4.0;1;7;3.0;5.0
973707;10;5;7;21.0;2;19;22.0;0.0
9737207;0;9;1;10.0;1;10;0.0;10.0
9738847;2;1;0;0.0;1;0;3.0;0.0
9739134;10;7;2;13.0;2;17;19.0;0.0
9739998;12;5;0;10.0;1;17;0.0;17.0
9740248;5;15;9;29.0;1;30;9.0;20.0
9742418;4;2;0;5.0;1;7;0.0;6.0
9742522;1;2;2;2.0;1;2;5.0;0.0
9742622;12;2;4;5.0;1;11;4.0;14.0
9742819;2;8;6;17.0;1;17;0.0;16.0
9743978;5;19;21;42.0;1;22;5.0;40.0
9744013;8;20;24;53.0;1;23;0.0;52.0
97466;13;4;8;14.0;1;21;6.0;19.0
9749679;7;11;3;15.0;1;20;15.0;6.0
9749811;1;1;1;0.0;1;0;3.0;0.0
9750039;14;12;11;31.0;3;39;3.0;34.0
9750059;0;1;1;0.0;1;0;2.0;0.0
9750251;2;2;0;1.0;1;2;4.0;0.0
9752085;3;2;2;6.0;1;5;0.0;7.0
9752328;8;11;2;19.0;1;17;5.0;16.0
9753772;3;3;7;8.0;2;9;9.0;4.0
9754241;0;1;0;0.0;1;0;1.0;0.0
9754798;0;23;11;32.0;1;18;3.0;31.0
9755150;4;10;3;17.0;1;10;0.0;17.0
9755493;2;0;0;0.0;1;0;2.0;0.0
9756005;0;1;0;0.0;1;0;1.0;0.0
9756551;14;2;0;5.0;1;12;5.0;11.0
9756687;1;1;0;1.0;1;1;2.0;0.0
975694;1;6;6;11.0;1;11;2.0;11.0
9756969;5;0;0;5.0;1;6;0.0;5.0
9758750;2;3;3;5.0;1;5;8.0;0.0
9758824;0;5;0;4.0;1;3;1.0;4.0
9760707;12;12;6;24.0;1;31;0.0;30.0
9761537;2;2;1;1.0;3;1;5.0;0.0
9763120;3;12;1;15.0;2;15;3.0;13.0
9764816;0;1;1;0.0;1;0;2.0;0.0
9765029;8;21;29;51.0;2;28;9.0;49.0
9765054;1;1;1;0.0;1;0;3.0;0.0
9765701;0;2;9;14.0;1;9;0.0;11.0
9765725;8;6;3;4.0;2;10;17.0;0.0
9772200;2;1;0;1.0;1;1;3.0;0.0
9772648;0;2;3;5.0;1;5;0.0;5.0
9773149;13;6;16;24.0;1;16;1.0;34.0
9773297;0;11;16;28.0;1;12;1.0;26.0
9773303;1;2;0;1.0;1;2;3.0;0.0
9773695;0;1;0;0.0;1;0;1.0;0.0
9773758;3;1;0;0.0;1;2;4.0;0.0
9775573;0;2;1;3.0;1;3;3.0;0.0
9775799;15;19;19;46.0;1;31;5.0;48.0
9776142;9;18;3;26.0;1;25;2.0;28.0
9776240;1;1;1;0.0;1;0;3.0;0.0
9779073;1;2;0;1.0;1;1;3.0;0.0
9779093;1;0;0;1.0;1;1;1.0;0.0
9779157;3;5;3;10.0;1;13;11.0;0.0
9779361;0;1;1;1.0;1;1;2.0;0.0
9780048;6;0;0;0.0;1;6;0.0;6.0
9781245;23;28;13;58.0;1;40;31.0;33.0
9782519;2;1;0;1.0;1;2;3.0;0.0
9782569;1;1;1;0.0;1;0;3.0;0.0
9782850;17;11;2;19.0;1;23;0.0;30.0
9783894;4;24;24;53.0;1;24;0.0;52.0
9787814;10;2;0;7.0;1;12;0.0;12.0
9788729;1;0;0;0.0;1;0;1.0;0.0
979464;6;9;6;19.0;1;19;7.0;14.0
9796252;0;9;0;9.0;1;9;0.0;9.0
9797001;1;2;0;1.0;1;1;3.0;0.0
9798903;7;10;9;23.0;3;23;11.0;15.0
9801121;0;1;0;0.0;1;0;1.0;0.0
9801503;0;1;0;0.0;1;0;1.0;0.0
9801536;3;2;0;4.0;1;4;0.0;5.0
980178;0;0;0;0.0;2;0;0.0;0.0
9802397;1;1;1;0.0;1;0;3.0;0.0
9802487;19;36;27;69.0;2;48;31.0;51.0
980249;10;7;6;18.0;1;24;2.0;21.0
9802580;1;2;0;1.0;1;1;3.0;0.0
980555;17;6;0;13.0;1;21;3.0;20.0
9807055;1;13;17;32.0;1;19;3.0;28.0
9808276;24;24;12;48.0;1;31;0.0;60.0
9809632;4;1;0;2.0;1;4;5.0;0.0
981060;0;6;6;13.0;1;13;0.0;12.0
981228;4;5;2;7.0;2;7;6.0;5.0
9814123;13;14;7;27.0;1;31;0.0;34.0
981557;23;19;0;29.0;1;21;0.0;42.0
9819;12;2;0;3.0;3;10;4.0;10.0
9821675;19;5;7;25.0;1;23;13.0;18.0
9823914;8;8;6;19.0;1;23;5.0;17.0
9826744;12;10;0;15.0;1;17;3.0;19.0
9826959;6;4;3;8.0;1;11;13.0;0.0
9827475;5;11;4;19.0;1;17;0.0;20.0
9830838;9;0;0;2.0;1;9;0.0;9.0
9832375;0;0;0;0.0;1;0;0.0;0.0
9832835;1;0;1;0.0;1;0;2.0;0.0
98334;11;14;14;34.0;3;24;19.0;20.0
9835592;11;8;5;14.0;1;18;2.0;22.0
9836769;0;1;3;4.0;1;4;0.0;4.0
9841594;2;4;0;2.0;2;2;6.0;0.0
9842523;8;3;0;2.0;1;6;7.0;4.0
9853629;0;0;12;15.0;1;6;0.0;12.0
985491;3;2;0;3.0;1;6;0.0;5.0
9857178;12;12;6;24.0;1;31;0.0;30.0
986004;5;4;2;5.0;2;5;7.0;4.0
9861929;1;2;1;2.0;1;2;4.0;0.0
9864807;0;1;0;0.0;1;0;1.0;0.0
9864936;2;0;0;1.0;1;1;2.0;0.0
9866316;0;1;0;0.0;1;0;1.0;0.0
9871831;3;1;0;0.0;1;3;4.0;0.0
987244;12;12;6;24.0;1;31;0.0;30.0
9873014;3;1;0;2.0;2;4;4.0;0.0
987489;16;8;0;12.0;1;20;3.0;21.0
9885231;0;6;0;6.0;1;6;0.0;6.0
9885442;1;0;1;0.0;1;0;2.0;0.0
9887313;1;1;0;0.0;1;0;2.0;0.0
9888029;1;0;0;0.0;1;0;1.0;0.0
9888960;31;36;8;60.0;1;31;0.0;75.0
9892054;0;1;1;2.0;1;2;2.0;0.0
9893495;2;3;0;5.0;1;5;0.0;5.0
9897999;2;14;10;26.0;2;19;12.0;14.0
9898426;1;5;0;6.0;1;6;1.0;5.0
990536;3;18;4;25.0;3;12;4.0;21.0
9906817;2;4;3;9.0;1;10;2.0;7.0
9907739;11;5;0;8.0;1;13;16.0;0.0
9909949;0;8;0;6.0;1;6;2.0;6.0
9910174;16;10;4;18.0;1;24;2.0;28.0
9913765;2;0;0;0.0;1;0;2.0;0.0
9914052;0;0;0;0.0;1;0;0.0;0.0
9915429;10;16;9;29.0;1;31;9.0;26.0
9915488;0;0;0;0.0;1;0;0.0;0.0
9917016;3;4;3;7.0;1;7;10.0;0.0
9917905;3;3;1;5.0;1;5;7.0;0.0
9918960;1;1;0;1.0;1;1;2.0;0.0
9919142;1;2;1;0.0;2;0;4.0;0.0
9919565;2;1;0;0.0;1;1;3.0;0.0
992135;10;0;0;0.0;1;7;0.0;10.0
9922130;6;0;0;0.0;1;3;0.0;6.0
992216;0;2;4;6.0;1;6;0.0;6.0
9922582;1;1;0;0.0;1;1;2.0;0.0
9922860;0;0;1;0.0;3;0;1.0;0.0
9923266;1;1;1;0.0;1;0;3.0;0.0
9923665;0;1;0;1.0;1;1;1.0;0.0
9931355;0;0;5;6.0;1;6;0.0;5.0
9932290;16;8;13;26.0;1;25;4.0;33.0
9934683;1;2;0;1.0;1;1;3.0;0.0
9935116;0;1;5;6.0;1;6;2.0;4.0
9935473;0;2;0;1.0;1;1;2.0;0.0
9936531;0;12;12;27.0;1;15;0.0;24.0
9937060;2;4;1;6.0;2;6;7.0;0.0
9937172;3;5;2;8.0;1;9;10.0;0.0
9937369;5;2;1;2.0;1;5;8.0;0.0
9939625;6;2;0;1.0;1;6;3.0;5.0
9939943;6;9;5;16.0;1;18;16.0;4.0
9940458;16;11;0;14.0;1;16;2.0;25.0
9940863;0;2;2;2.0;1;2;4.0;0.0
9943032;7;2;3;6.0;1;11;4.0;8.0
9943832;3;2;1;1.0;1;1;6.0;0.0
9947008;0;1;0;0.0;1;0;1.0;0.0
9948781;2;1;0;0.0;1;0;3.0;0.0
9949187;8;9;6;19.0;1;24;0.0;23.0
9949579;1;1;0;0.0;1;1;2.0;0.0
9949647;1;1;0;0.0;1;0;2.0;0.0
9956757;7;7;2;12.0;1;18;16.0;0.0
9957418;0;20;11;34.0;1;17;1.0;30.0
9957810;0;5;0;5.0;1;3;0.0;5.0
9959393;36;61;5;85.0;1;30;3.0;99.0
9960597;1;1;0;0.0;1;0;2.0;0.0
9962278;2;2;0;3.0;1;3;4.0;0.0
9964657;3;1;0;0.0;1;2;4.0;0.0
9965961;0;6;0;7.0;1;6;0.0;6.0
9968672;0;6;0;7.0;1;3;0.0;6.0
9969458;12;9;0;14.0;1;21;0.0;21.0
9969588;6;2;0;4.0;1;5;0.0;8.0
9970098;4;0;0;0.0;1;4;0.0;4.0
9970231;1;0;5;7.0;1;5;0.0;6.0
997171;1;1;0;0.0;1;0;2.0;0.0
9973124;0;1;1;0.0;1;0;2.0;0.0
99733;1;1;0;0.0;1;0;2.0;0.0
9973726;2;1;1;0.0;1;0;4.0;0.0
997445;4;3;0;3.0;1;5;2.0;5.0
9979898;2;0;1;1.0;1;3;3.0;0.0
9980242;0;3;2;2.0;1;2;5.0;0.0
9980303;12;0;0;5.0;1;12;0.0;12.0
9980513;0;10;8;19.0;1;13;0.0;18.0
9981981;5;4;0;10.0;1;7;1.0;8.0
9982310;12;20;4;33.0;1;27;13.0;23.0
9984541;0;1;1;0.0;1;0;2.0;0.0
9984644;2;3;1;3.0;1;3;6.0;0.0
9985230;3;10;6;15.0;1;15;0.0;19.0
9986664;0;9;0;10.0;1;10;0.0;9.0
9986703;2;2;2;1.0;1;1;6.0;0.0
9987149;0;10;1;10.0;1;10;0.0;11.0
9988499;11;0;0;6.0;2;6;1.0;10.0
9988794;12;5;0;10.0;1;17;0.0;17.0
9990575;24;6;0;15.0;1;16;0.0;30.0
9990865;10;16;8;29.0;1;32;20.0;14.0
9990868;19;6;0;12.0;1;15;5.0;20.0
9991284;0;3;0;2.0;1;2;3.0;0.0
9991445;0;2;0;2.0;1;2;2.0;0.0
9991860;27;22;9;42.0;1;31;0.0;58.0
9992202;2;0;1;1.0;1;3;0.0;3.0
9993124;9;12;6;24.0;1;29;0.0;27.0
9995359;1;1;0;0.0;1;0;2.0;0.0
9995488;12;6;0;11.0;1;18;0.0;18.0
9995912;0;2;2;3.0;1;2;0.0;4.0
999897;1;11;6;18.0;3;18;12.0;6.0
