CODIGO_CLIENTE;CV_VOLUME_MENSAL
10001979;0.18246560765962694
10005327;0.367006645104718
10005603;
10006222;
10006628;0.0
10008102;0.0
10008602;0.3467219940900809
10009717;
10010505;
10011465;
10011855;
10012252;0.8045062589562051
10013496;0.4602296554020119
10013917;0.0
10014422;0.4
10016458;
10017993;0.23529411764705882
10018198;0.0
10018224;0.520126331736996
10032007;0.41746219858864564
10032702;0.1739926363384382
10033280;0.5055900530816918
10035058;0.22329687826943606
10035554;0.4949330032296799
10035633;0.42625299008436873
10035968;
10036159;
10036956;
10037949;0.0
10038355;0.0
10040685;
1004075;0.0
10040932;
1004098;0.0
1004109;
10041224;
100413;0.36078426969062594
10041383;0.0
10048294;0.34992710611188255
10048574;0.28747978728803447
10048645;0.17399263633843823
10048831;0.0
10051786;
10052401;0.0
10052566;
10053766;0.0
10054652;
10055075;0.47499456282229574
1005531;0.4972652484064488
10055488;
10055623;0.3254626336861513
10056145;0.0
1005672;
1005706;0.367006645104718
10058172;0.0
10058662;0.0
10058668;0.0
10058934;
10059088;
10059516;0.3592907283574692
10060819;
1006128;
10062044;0.0
10062739;
10067971;0.0
10068714;0.43926675286483247
10069242;
10069327;0.3422860840197998
10070364;0.32800336415432035
10071588;0.0
10071601;0.5690456942912235
10072017;0.41122210987382257
10072053;0.3646278462854964
10072567;
10073964;0.509989106637474
10074398;
10074590;
10075017;0.0
10075181;0.4330127018922193
10075538;0.3590351654086268
10076345;
10077767;0.4574366639831069
10078073;
10079517;0.0
10080720;1.5833317314461415
10081255;0.0
10082132;
10082393;0.0
10082835;0.3703280399090206
10088703;
10089081;0.533726734090029
10089208;0.0
10089933;0.0
1009034;0.21794494717703367
10090422;0.0
10090753;
10093580;0.0
10093830;0.0
1009520;0.0
10095505;0.0
1009593;
1009713;
10097345;0.49761619619523495
10097806;
10098741;0.44353009726359616
10099239;
10099477;0.5855400437691199
1009961;0.24944382578492938
10101969;0.6100117094894864
10102540;0.0
1010282;0.0
10104286;0.30000000000000004
10107723;0.3651483716701107
10109645;0.0
1010983;0.4145058915137599
10109923;0.0
10110371;0.0
10111567;0.0
10111719;0.47140452079103173
10112697;0.6659673494472463
10113248;0.0
10115980;0.23529411764705882
1011889;
10120915;0.0
10121013;0.34992710611188255
10121262;0.35933725647209036
10121360;0.4679484293052451
10121866;0.2664693550105965
10125075;0.27638539919628335
1012671;0.34232659844072877
10126761;
1012737;
10127822;0.0
1013070;0.0
10132907;0.0
10133461;
10135023;
10135657;
10135756;0.0
10138162;
10138256;
10139645;
10140870;0.5419467627971346
10141453;0.0
10141817;
10142068;
10143107;
10143519;0.3645053079255351
10143603;0.18885257457751048
10143768;
10144432;
10144828;
10145080;0.4096129125103823
10147331;0.38490017945975047
10147815;0.0
10147884;0.0
10148707;0.0
1014881;0.27638539919628335
10149145;
1015082;0.0
10155990;
10156308;
1015651;0.6294866507926682
10156645;0.0
10157067;0.4810456929208346
10157530;0.34992710611188255
10159242;0.0
10159599;0.31856308568045505
10160711;0.0
10160851;0.9273932871430011
10161414;0.37157376272280607
1016245;
10162525;
10163399;0.3647341362881288
10163505;0.0
10164468;0.0
10166447;0.231434740672238
10167448;0.3142696805273545
10168242;0.4
10168429;0.27401916938475573
10169047;0.0
10170008;
10170131;0.0
1017472;0.0
1017593;
1017595;
1017642;0.692820323027551
10177291;
10178139;
10178727;
10179673;
10179858;
10180605;
10182518;
10182621;
1018279;0.6701753114647583
10183307;
10183575;0.0
10183810;
10183911;
10185523;0.35136418446315326
10185706;
10185997;
10186160;0.0
10187040;
10187399;0.7222370092828633
10189061;0.0
10189248;
10189334;
10190116;0.30237157840738177
10192579;0.0
10192834;0.1744912847943601
10192998;0.0
10193234;
10193671;0.0
10202456;0.23529411764705882
1020331;0.2694650209214111
1020423;0.5
10204436;0.0
10205479;
10205549;
10207702;0.35356113877465767
10208394;0.0
10208680;
10211942;0.3795166950355407
10211964;0.0
10214224;0.0
10215294;0.7773976717481521
10215521;
10215663;0.0
1021609;0.5489889697333535
10222510;0.0
10222986;0.0
10223757;
10224558;0.0
10226427;0.0
10226451;
10226581;0.422247109529382
10226597;0.5045625167740201
10226930;0.0
10227335;0.4719232400622504
10227694;0.0
10227790;0.0
10229141;0.0
10229947;0.3988045881397178
10230144;0.3629508690350986
10230530;0.0
10231422;0.0
10231498;0.0
10231728;0.0
10231730;0.30051481788248663
10233838;
10234051;
10234272;0.0
1023553;0.5006882315714638
10235855;
10237128;
10237514;
10237823;0.326308708982949
10238085;
10238192;0.43732139211339754
10238424;0.0
10238531;0.2664693550105965
10238782;0.4330127018922193
10239295;0.0
10239329;
10239358;0.42919753763947605
1024252;
10243851;
10244108;0.0
10244149;0.3401506715249038
10245464;0.46936779016990465
10248432;0.0
1024847;0.5181817944520442
10249814;0.35721036359032576
10252201;0.34992710611188255
10252600;0.0
10252922;
10253943;0.0
10253958;0.0
10254436;
10256150;0.0
10258300;0.0
10258765;0.35136418446315326
10259034;
10259274;0.5546288567359977
10259912;0.5298651104530904
10267012;0.0912748256201643
10267301;0.4426184712719421
10267504;0.0
10269122;0.0
10270960;0.35777087639996635
10271116;0.3657114381135463
10272001;0.0
10272748;
10273659;0.0
10274892;0.6001839111945091
10274955;0.0
10275370;
10275736;0.38062150132740435
10275850;
10276133;
10276249;
10276586;0.35136418446315326
10276801;
10277586;0.3912303982179758
10277741;0.0
10277890;0.4
10278145;0.41122210987382257
10278211;0.0
10278469;
10285851;0.0
10286728;0.7166363486208559
10287479;
1028776;0.0
10287830;0.0
10288280;0.3581069892043246
10288281;
10289371;0.0
1029020;0.0
10290637;
10290814;0.39496835316263
10290818;0.358989932631703
10291020;0.5637504996453131
10291467;0.3703280399090206
10291595;0.30183114619986867
10294336;0.0
10294348;0.3495001703346499
10294528;
10294739;0.0
10296006;0.3194108946418582
10297443;
10297476;
10299454;
10299990;0.0
1030402;0.29275508578160475
10307618;
10309218;
10309728;0.6005288674451218
10311265;0.0
10311315;
10311670;
10312005;0.0
10312457;0.0
10312499;0.4570667725858839
10312929;0.0
10313199;0.0
10314253;
10314826;0.0
10315501;0.0
10315775;0.0
10315864;0.0
10315919;0.34992710611188255
10317212;0.4330127018922193
10317477;
10318695;
10319095;
10319146;0.3379154497963546
10319338;
10320049;0.0
10322422;
10322647;
10322728;0.0
10322814;0.0
10323018;0.37267799624996495
10323199;
103254;0.6878155841341324
10329193;0.0
10329262;
10329780;0.0
10330225;
10330534;0.22906142364542562
10330855;
10330996;0.0
10331053;0.0
10333148;
1033357;
10333685;0.38729833462074176
10336730;0.0
1033830;0.4
10338605;
10338754;0.42914643965279103
10338888;0.0
10339210;
10339462;0.36078426969062594
10339939;0.0
10340606;0.48245614035087725
1034236;
10342403;0.0
1034313;
10343137;
10343564;0.6718548123582125
10344149;0.8523883624767771
10344244;
10348518;0.653140718210045
10348731;0.5235549341491367
10350491;
10350973;0.33071891388307384
10351202;
10351289;0.3464101615137754
10352512;0.0
10352534;0.2649574019065734
10353193;0.0
10353254;0.0
1035385;
10353867;0.4618802153517006
10356801;
10357222;0.25555062599997597
10357377;0.0
10357550;0.6085330722319043
10357618;0.33166247903553997
10358305;0.47499456282229574
10360917;0.0
10363272;0.17399263633843823
10363737;
10365023;
1036507;
10365113;0.36735282343519987
1036518;
10365526;
10365920;
10366839;
10366945;
10367742;
10368079;0.4726917600297259
10368173;
10368525;0.38490017945975047
10369322;0.0
10370017;
10370775;0.0
10372511;
10372893;0.25637727971969365
10373034;0.5396295025292817
10377409;1.1085527563169297
10378262;
1038234;0.4305591113239985
1038296;
10384614;0.23459582368351306
10384822;0.0
10385399;0.0
1038553;0.0
10385614;0.36735282343519987
10386303;0.6562840195849358
10386833;0.0
10386851;
10387046;0.0
10387980;0.6834089735138056
10388094;
10389805;0.617813345931665
10389837;0.45802579290051143
10390899;0.300964632714423
10391398;
10391947;0.4686448734510502
10392119;0.24898428562636118
10392357;0.6804758942795993
103924;
10394010;
10395042;0.44290765946087934
10395717;
10396235;0.3651483716701107
10397348;0.41264164246269563
10398304;0.2664693550105965
10399813;
10399996;
10400080;0.4570667725858839
10400088;0.44899888641287294
1040102;0.0
10405147;
10405307;0.0
10405801;
10407580;0.0
10409366;0.367006645104718
10409492;
10409522;
10409530;
10410378;0.20351933162035316
10410597;0.1888525745775105
10410833;0.1739926363384382
10412559;
10412802;0.0
10412806;0.30000000000000004
10413072;0.437671561464971
10413194;0.242116100107032
10413997;0.3018311461998687
10414214;
1041446;0.27638539919628335
10415968;0.0
10417149;0.0
10417186;0.18949712448740638
10417300;
10417502;0.0
10419749;0.5416025603090641
10420334;
10420821;
10422;
1042219;
1042513;0.3795166950355407
10426785;
10426869;0.0
10427921;0.26505574027842793
10428077;0.5253535256428931
10429650;0.2857142857142857
10429920;
10429952;
10430119;
10432526;0.1579345138264476
10432814;0.0
10432945;
10433088;0.0
10433597;0.3422860840197998
10434381;
10434419;
10434841;
10435534;
10435839;
10436218;0.0
10436350;0.8396166117267451
10436385;0.6075652971554687
10436697;
10437249;0.5637694654233257
10440124;0.0
10440215;0.37267799624996495
10440292;
10440555;
10440582;0.33881546358946923
10440690;0.2575393768188564
10440788;0.0
10441121;0.28414464208214585
104412;0.0
104421;0.3286992809345873
10445908;
10447880;0.9108400680852976
10451514;
10451803;0.0
10452129;0.3091000762582518
10453570;
10455384;0.5773936969432085
10455511;0.0
10457145;0.28310666251678074
10457512;0.34992710611188255
10458600;0.3142696805273545
10459051;
10460660;
10461348;0.4749945628222957
10461692;0.4822094478098635
10471347;0.0
10474617;
10475288;
10475639;0.5841868179162782
10476071;0.0
10476184;0.0
10476677;
10476704;0.0
10477143;0.0
10478128;0.0
10478844;0.0
10479012;0.0
10479068;
10479742;0.8519866978249276
104800;0.41573970964154905
10481719;0.23529411764705882
1048190;
10482731;0.0
10485293;0.3
10486072;0.22906142364542562
1049044;
10492197;0.0
10493924;
10495063;
10495425;0.4330127018922193
10495611;0.0
10495654;0.3286992809345873
10496226;
10496277;0.2575393768188564
10496348;0.23529411764705882
10496404;
10498466;0.0
10500578;0.0
10501046;0.4067012708563535
10502461;0.0
10502690;0.2664693550105965
10502920;
10503189;0.0
10503656;
10503728;0.8164965809277259
10504607;
10508675;0.0
10508810;0.0
10508823;0.2406333554699055
10509116;0.3422860840197998
1050936;0.3474335320195759
10513548;
10513554;0.37267799624996495
10513578;0.34992710611188255
1051358;0.35250582268891073
10513971;
10520393;
10521153;0.5398412465054623
10522296;0.0
10522813;0.375
10524553;0.0
10525541;0.3424712536757675
10526237;
10528726;
10529060;0.367006645104718
10529130;0.24944382578492938
10529644;0.32630870898294895
10530728;0.0
10530909;
10531634;
10531798;0.36069517615433966
10533066;
10533295;0.24504100300349876
10534161;0.3795166950355407
10535780;0.27638539919628335
10535865;0.35208939510976517
1053727;0.18949712448740638
10537514;0.0
10543811;0.0
10546436;0.0
10547159;0.0
10547235;
10547380;0.0
10547523;
10547654;0.0
10547899;0.36069542527498183
10547906;0.0
10548567;0.0
10548845;0.0
10549708;0.4726917600297259
10550007;
10551722;0.0
10554286;
10554813;0.0
10556011;
10557669;
10558333;
10559005;0.2801136355731709
10559306;0.0
1056006;0.3600411499115478
10560072;0.3387958215439679
1056117;0.0
1056152;0.0
1056159;0.0
1056284;0.30000000000000004
10566300;0.3703280399090206
10566960;0.5964400562845698
10567192;
10567750;
10567926;0.2606121704184369
10568298;0.0
10568457;0.6030226891555273
10568551;0.10825317547305485
10569570;
10570146;
10570361;
10570793;0.0
10570832;0.0
10571502;
10572132;0.0
10573784;0.2575393768188564
1057413;0.0
10574136;
10575497;0.3018311461998687
10576697;
10577;0.27638539919628335
10577054;0.3725239652467954
10577993;0.0
10578039;
10579007;0.36078426969062594
10579074;0.5
10579162;
1057939;0.0
10579436;0.0
10582868;
10590930;0.0
10592358;0.31135737457523804
10594352;
10595087;0.0
10595668;0.0
10595819;0.0
10595896;0.3142696805273545
10596015;0.0
10597549;
10599325;0.0
10600391;0.21295885499998002
1060115;0.292107842545481
10601469;0.0
10601577;0.31622776601683794
10601930;
10602603;0.3422860840197998
10602799;0.0
10603232;
10603408;
10605614;
10605980;0.37267799624996495
10606642;0.0
10607488;0.0
10607519;
10607939;
10614018;
1061478;0.32546263368615136
10615156;0.0
10615210;0.23459582368351306
10615308;
1061650;
1061673;0.31734529824367613
10616834;0.42072794498754673
10618126;
10619247;
10619479;0.0
10621510;0.42515646236733995
10621849;0.367006645104718
10621967;0.34992710611188255
10622484;0.3513641844631533
10622666;0.0
10622815;0.0
1062291;
10623130;0.0
10623905;
10623926;0.3293017971187357
10624223;
10624234;0.0
10625007;0.3659625273557
10625318;0.3367811605397753
10625467;0.2910427500435996
10626036;0.7523134962154019
10626965;
10627332;0.36069542527498183
10629309;0.4126041862764749
10629316;0.35777087639996635
10629966;0.0
10630827;0.5595077796185559
10630965;
10637587;0.34992710611188255
10639554;0.0
10640027;
1064017;0.0
1064129;0.39650286778321076
10642280;0.27638539919628335
10643146;0.36034070283070707
10643924;0.0
106450;0.0
10645763;0.0
10645813;0.0
10646527;0.5092187363880039
10648729;
10648926;0.1739926363384382
10649311;0.23955882315637242
10649652;0.4727340990115556
1065029;0.0
10650847;0.17399263633843823
1065087;
10651558;0.2098827046510726
10652743;0.5238483933892122
10653261;0.24845199749997662
10654233;
10654512;
10661481;0.0
10662177;
10662237;
10662423;0.5138093031466051
10663127;0.20351933162035313
10665715;
1066585;0.0
1066653;0.0
10666573;0.0
10666887;0.26452002850644324
10667677;0.3422860840197998
10667947;0.2882306768491569
1066802;0.4961389383568338
10670429;0.0
10670991;0.3464101615137754
10671625;0.4686448734510502
1067232;0.0
10674648;0.0
10675596;0.5728219618694801
10676421;
1067647;0.08606629658238703
10676718;0.0
1068628;
10689621;0.0
10689718;
10689785;0.0
10689816;0.0
10690751;0.475416546501654
10690775;
10692565;0.33364240464065276
10693111;0.6117525574641496
10693176;
10694327;0.4848428814451175
1069456;0.0
10695691;
10697214;
10697569;0.18213948477578285
10697654;0.0
10697884;0.0
10701268;
10701598;
10702026;0.0
10703677;0.4958525753508006
10704077;0.6211229571558785
10704120;
10705668;0.24944382578492938
10705720;0.0
10706237;0.47205339173931005
1070809;
1070937;
10713198;
10713594;
10714171;0.0
10715138;0.29876116431449823
1071517;0.3535611387746576
10715500;
10715726;0.0
1071579;
1071592;0.3184917966195481
1071648;0.32195071575395756
10716870;0.0
10717631;0.6954494949311559
10717900;0.0
10718150;0.0
10718672;0.2179449471770337
10719483;0.3651483716701107
10719511;
10721359;
10721417;0.0
10722050;0.28463752127665554
10722737;0.17950549357115014
10723048;
10724509;0.41654603595744966
10724762;0.6589024882127132
10724864;0.38729833462074176
10724903;0.0
10725393;
10725438;
10725721;0.5580489988532434
10725999;0.28527302786684805
10726180;0.0
10730476;
10730813;
107313;0.0
10731530;0.0
1073597;0.0
10737937;0.48219187425903454
10737966;0.33071891388307384
1073996;
10740205;0.38490017945975047
10740388;0.0
10742078;0.0
10742896;
10743913;0.41695001703376816
10744073;0.590839156700797
10746703;0.48197358822991215
10746758;0.3293017971187358
10747023;0.3703280399090206
10747117;0.3612582139086857
10749705;0.0
10749987;0.0
10750058;0.4520529929815987
10750411;0.3289644245090837
10750468;0.0
10754230;0.3703280399090206
10754282;0.0
10754364;0.49594443676055244
10754377;0.0
10754627;0.0
10754714;
10755823;0.6231499100177167
10755906;0.3629508690350986
10756016;0.37157376272280607
10762566;0.0
1076464;0.427617987059879
1076493;0.0
10765047;0.2420614591379636
10766638;
10768740;0.0
10769082;0.0
10770837;0.37267799624996495
10771495;
10771692;
10772558;
10772564;
10772696;0.0
10772762;
10773003;0.0
10774968;0.0
10775534;
10776238;
10776251;
10776768;0.36137187490820805
10777977;
10778745;
10779058;0.0
10779898;0.4898979485566356
10779931;0.0
10780989;0.5577733510227171
10781089;
10781531;0.37416573867739417
1078489;0.0
1078567;0.0
10786925;
10787796;0.0
10788018;0.0
10788462;0.3466303141648595
10788667;
10790071;0.0
1079151;
10791689;0.29714709975358455
10795739;
10795882;0.469088881448095
10796033;0.0
10796983;0.3484947053697973
10797987;0.23529411764705882
10798216;1.2257388080779346
1080060;
10802194;0.30698534166959834
10802204;0.22329687826943606
10802902;0.7071067811865476
10802942;0.5474340763969683
10803291;0.367006645104718
10804874;0.24944382578492938
10815187;
10815613;
10815989;0.0
10816232;0.0
10816581;0.28414464208214585
10816753;0.0
10817290;0.34992710611188255
10817501;0.34992710611188255
10818406;
10819241;0.0
10820239;0.0
10821048;
10821084;0.4648111258522642
10821336;
10822754;
10824359;0.3590351654086268
10824748;0.46777777412235
10827324;0.0
10827451;0.0
1082748;0.34992710611188255
10828626;
10830486;0.7337054938356449
10830573;0.35777087639996635
10832533;0.2179449471770337
10832832;0.3596931579008784
10833526;0.0
10840223;0.0
10842015;0.5196152422706631
10845574;0.356959699615812
10846228;0.6490734136415512
10846697;0.34232659844072877
10848710;0.4060175558532739
10849473;0.7707916855319646
10849527;
10850089;0.0
10850185;0.0
10850228;0.34600975032792236
10850717;
10852713;
10852916;
10852995;0.14744195615489714
10853947;
10854963;0.5420030562823337
10855361;0.0
10856159;0.3104698017127927
10856311;
10858987;
1085936;0.3307189138830739
10860729;0.31774445465112133
10864262;
10865147;0.3912303982179758
10866425;0.5319039487535212
10866959;0.35641567881598607
10868788;
10869208;
10870111;0.525206003539417
10870688;0.0
10872168;0.0
10872637;0.54110822483116
10874376;0.0
10876025;0.35969315790087847
10876196;0.629458641864723
10876227;0.0
10877918;0.54110822483116
10878617;0.540819657131099
10878678;
10889195;
10889640;0.0
10891092;0.40265558393542294
10891192;
10891848;0.0
10892010;0.4537809601154654
10893966;0.23529411764705882
10896389;0.0
10898408;0.2844893882865151
10898707;
10898811;
108990;
10899315;0.0
10899941;
10900235;0.0
10901318;0.0
10902269;0.23590499073187332
10904079;
10906971;
10907334;
10916129;0.5874852244004856
10917253;0.5914847651505893
10920695;
10920730;0.36117455450727615
10921739;0.3340097303971847
1092402;0.7424635793335467
10927985;0.0
10927997;
10928520;0.17298844428570856
10935104;
10935579;0.5281227683172195
10937822;
10945518;
10946732;0.0
10947917;0.3500121534107715
10947985;
1094908;0.0
10951035;0.5187046949852585
1095217;0.3612582139086857
10952765;0.0
10954907;
10955010;0.3169328455231938
10955669;0.38490017945975047
10955689;
10958321;0.33726843908080095
10958684;0.3803000120609435
10959666;0.0
10959919;
10962515;0.0
10962783;0.41386021410206736
10963703;0.0
10964003;
10964077;0.0
10964170;
10964894;0.0
10965385;0.0
1096663;
10967351;0.5885199105647959
1097084;0.0
10972759;0.3153025099436333
10973468;0.0
10974331;
10974519;
10974583;0.40824829046386296
10974716;0.3559358584151363
10975239;0.0
10975634;0.0
10977940;0.0
10978041;
10978188;
10978616;
10978722;
10978921;
10979010;
1098074;0.5069434737355972
1098120;0.4330127018922193
10981773;0.43492070267585164
10981791;0.0
10982743;
10982795;0.0
10982841;
10983378;
10983380;0.3142696805273545
10986049;0.0
10986512;0.46049274850812955
10986945;
10987040;0.27638539919628335
10987090;0.0
10988465;0.3795166950355407
10989457;0.5110570065553812
10989683;0.23154480948784378
10989705;0.19230769230769232
10991142;0.2216012933173792
10991464;0.33946348413888633
10991815;
10999687;
10999968;0.37267799624996495
11001720;0.0
1100355;
11004359;0.2551725758741736
11004457;0.3104698017127927
11006174;0.4820898373782057
11008981;0.7955730688858869
11009335;0.0
11009552;0.63887656499994
11013234;
11013902;
1101849;0.0
11018589;
11020329;0.0
11020571;0.3340097303971847
11020789;0.0
1102141;0.36347904744313214
11021423;0.0
11030437;0.34232659844072877
11033563;0.0
11033590;
11035383;
11035616;
11035845;
11037372;
11037390;0.0
11040630;0.3364837729186144
11040738;
11040830;
11041164;0.0
11041203;0.0
11042856;0.3703280399090206
11045892;0.9994052928406509
11046953;
11047152;
11047362;0.0
11048223;0.0
11050086;
11050200;0.0
1105040;0.0
11050571;0.0
11051000;0.0
11052544;0.28892604740584604
11052925;0.28747978728803447
11063936;
11064587;
11065537;
11065947;
11065972;0.39258648685336067
11066317;0.0
11067413;0.0
11070049;0.4151332327181594
11070893;0.648171154271116
11071051;0.0
11071145;0.0
11074084;0.4330127018922193
11074574;
11075175;0.0
11075850;0.36347904744313214
11077532;0.0
11078274;
11079631;0.0
1108085;
1108191;0.0
1108223;0.3590176356785962
11082465;0.547941652796796
11082731;
11083184;
1108669;
11087453;0.475123427328959
11087901;0.0
11104101;0.21295885499998002
1111068;0.37267799624996495
11111470;
11111496;0.32195071575395756
1111683;0.0
11119209;
11119334;
11120497;0.6286987969362576
111253;0.0
1112633;
11128191;0.20389762563194092
1112981;0.33688487262270667
1114064;
11141406;0.3595421321389333
111458;0.2744724927595336
1115121;
11153134;
11154125;0.0
11156977;
1115878;0.0
11159675;0.0
11160051;0.38729833462074176
11160235;0.0
11160436;
11160879;0.0
11160973;
11161897;
1116217;
11162523;0.0
11163170;0.0
1116709;0.6123724356957946
1116876;0.563436169819011
1117040;
1117208;0.6589024882127134
11172998;0.32069712861388977
11173131;0.3803000120609434
1117343;0.6546536707079771
11173934;0.48024053507161657
11173942;
11176296;0.6382130267579
11176302;
11178607;
11178984;
1118005;0.49943278484292936
11180966;0.0
1118156;0.46091042909151037
1118160;
1118452;0.22906142364542562
11184556;0.4735113887324232
11185249;0.6666666666666666
1118849;0.4704719688969648
11189387;
11192727;0.46565731465733207
11195670;0.0
11195900;0.0
1120671;0.37267799624996495
11206942;0.41874854191775585
11208661;0.24944382578492938
11209651;0.0
11212007;
1121287;0.0
11212909;0.0
11213029;
11213941;
11214716;
11217218;0.35898993263170287
11217249;0.0
11217575;0.3513641844631533
11218162;0.35866406953126384
11218888;
11219017;0.6277473529388111
11219230;
11219747;0.0
11220472;0.0
11221891;0.3286992809345873
11221934;0.0
11222468;
11222477;0.21696983885879517
11224165;0.4429376611062753
11224304;0.3286992809345873
11224424;
11224490;0.0
11224529;
11226726;0.0
1122734;0.3506714347510871
1123012;
11230449;
11230585;0.0
1123249;0.3422860840197998
1123460;0.0
1123571;0.21104564692413363
11240009;
11241362;0.4619610887607641
11241857;0.46665956383542695
11242544;0.36078426969062594
11242691;
11245456;0.0
11245880;0.391494852308331
11246141;0.5773502691896257
11246767;0.36998498468030955
1124688;0.547541617802992
11247590;
11247723;0.2523360247522242
11248084;
11248203;0.0
11248374;
1124901;0.10907943627496348
11250590;
11251620;
11251810;
11252021;
11252905;0.2664693550105965
11256911;0.0
1125723;
11257328;0.23424278964210218
11260991;0.0
11262563;0.35540932665545544
1126903;0.6078363129308788
11270236;0.0
11270531;0.0
11271695;0.3606782034617601
11272612;0.32546263368615136
11273226;0.0
1127508;0.0
11276270;
11276348;0.0
11277367;0.3590351654086268
11279955;0.2753227486667468
11281572;0.31888695314937066
11281781;0.4826137134011769
11281895;0.0
11284932;
11285995;0.3606782034617601
11286151;
1128701;
11287482;
1128886;0.0
11289289;
11290233;0.0
11290382;0.37267799624996495
1129441;0.3073494230026619
11300267;0.5649210586171627
11302211;0.3571354243317522
11302237;0.3506714347510872
11302365;0.0
11304832;
11305614;0.0
11305701;0.0
11306154;0.0
1130882;0.3307189138830739
11309565;
11310158;
11310208;
11310339;0.33071891388307384
11310357;0.0
11310853;0.7160850352980278
11310968;0.0
11311032;0.3254626336861513
11314839;0.47161968558419315
11315101;
1131670;0.32630870898294895
11317546;0.5352657367685592
1131787;
11318366;0.0
11319909;
1132763;
11327640;0.5454545454545455
1132850;0.0
11328662;0.35759614091877445
11328816;0.3422860840197998
11329255;0.26452002850644324
11331343;0.0
11333305;0.0
1133408;0.4691435748040298
11334148;0.43822813208145306
11334720;0.0
11336923;0.23306271023703362
1133696;
11337223;0.0
1133759;0.4873888516577975
11338482;
11339534;0.0
11339648;
11339845;
11341403;
11342623;
11343765;0.0
11343786;
11344375;0.37267799624996495
11344729;0.2165063509461097
11345517;0.1506131137016415
1134656;
11349035;0.5714285714285714
11349072;0.7275877787679966
11349309;
11350710;0.5176941922222063
1135715;
11362103;
11362172;
11362372;0.0
1136483;0.37408621267180053
11366773;0.3464101615137754
11367433;0.0
11368409;
11369658;
11370114;
1137048;0.43750114851552724
11371529;
11371864;
11372372;
11373359;0.0
11373385;0.5274847772682191
11375662;0.0
11375672;
11378235;0.268181795266409
11378949;
11379501;0.2939654448742729
11382022;
1138256;
11388722;0.466659563835427
11389743;
11389944;0.0
11390495;
11390532;1.2201234268754693
11391521;0.38729833462074176
11392219;
11392301;0.33946348413888633
11392352;0.3163199472652663
11392718;
11392801;0.22329687826943606
11395649;
11396002;0.0
11396387;0.0
11397633;0.36449577063277605
11399329;0.0
11399520;
11401341;0.0
11401615;0.0
1140342;
11404162;
1140461;0.0
11406080;0.485769659210497
11406166;0.09488292830168393
1140811;
11412540;0.34992710611188255
1141364;0.0
11422104;
1142262;0.367006645104718
1142668;0.0
1142752;
11427808;0.2690308402628101
11428047;
11429359;
11429509;0.0
11431608;0.2575393768188564
11431824;
11432619;
11432904;
11433897;
11437078;0.0
11437486;0.0
11438956;0.417698447033037
11439261;0.0
11439390;0.0
11446591;0.0
11449061;0.35944158965415535
1144915;0.36181361349331637
11449531;0.30000000000000004
11449789;0.0
1144990;
11451154;0.17668469596940836
11452494;0.0
11452794;0.0
11453474;0.0
11454007;
11455594;0.1335511498692213
1145560;
11457520;0.529150262212918
11457570;0.0
11458336;0.0
11462983;
11463269;0.4605661864718383
11463431;0.0
1146445;0.8402234613352778
11464698;0.0
1146610;0.31856308568045505
11468430;0.0
11470071;0.0
11470173;0.0
11473410;0.27187460161639637
11474706;0.0
1147610;0.6989673034698097
11478757;0.8897565210026093
11481652;
11484793;0.0
11484916;0.24944382578492938
11486460;0.0
11486583;0.23459582368351306
1148816;0.0
11488974;0.0
11488978;
11489227;
11489413;0.0
11490648;0.06051917785684808
11490722;0.37157376272280607
11490823;0.36078426969062594
114912;0.0
11491549;
11493037;0.33071891388307384
11493057;
11493531;
1149467;0.0
11495199;0.0
11495366;
11497758;0.0
11498679;
11499745;0.0
1150699;0.0
11507919;0.0
11507920;0.0
11508057;
11508421;
11510391;0.4608511365680656
11510907;0.0
11512261;0.0
11513499;0.3616582235069488
11513573;0.0
11514211;0.0
11514394;0.1767766952966369
11514796;0.0
11515531;0.6982120021884471
11515628;0.2449160576653521
11515799;0.0
11515901;0.0
11517743;0.29714709975358455
11518089;
11518263;
11518482;
11518570;0.6340342304491922
11519628;0.4448782605013047
11520616;0.0
11522949;0.4330127018922193
11523044;0.0
11523202;0.37416573867739417
11523261;0.0
11523986;0.8093507466004198
11524423;
11524512;
11524673;
11525014;0.33364240464065276
11526165;
11527336;
11528366;0.0
11528508;0.0
11528556;0.3
11528585;0.0
11528805;
11529239;0.0
11531486;0.5235930288534651
1153309;0.0
11534237;0.0
11536319;
11536417;
11539290;0.0
11539684;0.0
11539929;
11541351;
11541705;0.0
11541794;0.22329687826943606
11542092;0.0
11543219;0.795129803842541
11543527;
11543859;0.0
11544976;0.6863753427324667
11545695;
11548040;0.0
1155084;0.3104698017127927
11550997;0.2445487477985458
11552107;
11552442;
11554455;0.5362865892273683
11554685;0.4189410696511431
1155718;
1155964;
1156105;0.0
115643;0.5233836452693439
11564704;0.3058921152685067
11566564;0.37416573867739417
11567022;
11567205;
11569387;
11569561;0.35781177151085036
11569933;0.0
11569937;0.0
11570130;
11570132;0.30910007625825187
11571369;0.37416573867739417
11571419;
11572211;0.0
11573947;0.37267799624996495
11574229;0.20023501770740437
11574887;0.0
11575521;0.46300814107406685
11576042;0.37267799624996506
11577704;0.6281597053175374
11577862;0.36137187490820805
11578269;0.0
11578281;0.5008177649044795
1157874;
11579228;0.0
11580066;0.46687123492457744
1158264;0.0
1158270;0.0
1158295;0.0
11583406;0.7322109071162488
11583544;0.2664693550105965
11584618;0.3422860840197998
11584756;0.0
11587936;0.537121052781522
11592213;0.0
11593930;0.0
11594040;0.36380343755449945
11595405;0.30183114619986867
11595805;
11596423;0.0
11598026;0.4
11598708;0.0
11598750;
11598844;0.2746367251713696
11599220;
11599912;0.563436169819011
11603806;0.5914847651505893
11603877;0.23529411764705882
11605331;0.0
11609120;
11609489;0.0
11609519;0.0
11609678;0.0
11610767;0.0
11611759;
11619147;0.3703280399090206
1162230;0.9303696116899387
11622324;0.3142696805273545
1162395;0.5897678246195885
11624289;
11625010;0.0
11625131;0.0
11625739;0.0
11625872;0.0
1162590;0.5006882315714639
1162748;
11628878;
11629723;
11629783;
11629803;0.33071891388307384
11630752;0.0
11632004;0.618465843842649
11634077;0.0
11635076;
11635335;
1163685;0.0
11637473;0.37218470947353877
11637499;
11637529;0.0
11637588;0.0
11639222;0.0
11639420;0.0
11640511;0.3703280399090206
1164053;0.0
11641549;0.3563483225498992
11641557;0.5028797557361586
11642126;0.4547720620698352
11642654;1.274335757927095
11643636;0.326713786284185
1164718;
1164790;0.5712208289130785
11651885;0.0
11652312;
11653106;0.35759614091877445
11653281;
11655747;0.796875
11656045;0.3340370143641903
11656330;0.0
11657731;0.4426266681379904
1166070;
11662415;
1166317;
11663425;0.0
1166349;0.0
11665005;0.0
1166571;0.0
11665912;0.5773502691896257
11666281;0.30299242187470404
11666459;
11666942;0.0
11668736;
1166914;
1167007;
11675240;0.0
11677032;0.0
11678243;
11680164;0.326713786284185
11680252;
11681277;0.5580489988532434
11681604;0.6201736729460423
11682156;0.367006645104718
11682691;0.0
11682710;0.0
11683109;0.23459582368351306
11683879;
11683904;0.2664693550105965
11683922;
11684685;
11685205;
11686285;0.49943278484292936
11686353;0.1888525745775105
11686399;
11686738;0.0
11689999;
11690373;0.4297956256587438
11690918;0.3590351654086268
11692453;0.0
11692660;0.45542003404264886
11693648;0.0
1169522;
11703407;0.6095648590446511
11703921;
11704126;0.3912303982179758
11704549;0.32746051999723985
11704593;
11705712;0.17647058823529413
1170589;
1170654;
1170734;0.33648377291861437
11707484;0.36532305106586055
11707724;0.8571428571428571
11707890;
11708336;
11711002;0.304617503701042
11713680;0.3254626336861513
11714100;
11714142;0.0
11714255;0.19553504901607466
11714284;0.5194206680280959
11715417;
11717490;0.14744195615489714
11717523;
11717836;0.30183114619986867
11718106;0.30983866769659335
11720455;0.0
11720469;0.30236345567355377
11721373;0.0
11721529;0.0
11721753;0.2447809132127156
1172777;
11729328;0.0
11729859;0.0
11730916;
11731264;0.0
11731543;0.4100936248890369
11731956;0.0
11732066;0.34591634777518054
11732904;0.0
11733027;
1173408;0.3460097503279224
11735530;0.0
11736028;0.0
11736171;0.0
11736835;
11737148;
11738230;0.0
11738767;0.3464101615137754
11739532;0.31774445465112133
11739695;0.4336804165554443
1173982;0.0
11739881;0.0
11740149;
11740493;0.7062223445912769
11740578;0.0
11740906;0.28747978728803447
11741723;
11743565;0.1739926363384382
11743584;0.4265323858230842
11744234;0.0
11744693;
1174520;0.36181361349331637
11747176;
11747685;0.0
11748238;
11748272;0.0
11748333;
11748372;0.48471088236339555
1175047;
1175334;
11756983;0.0
11757405;
11757692;
11758027;0.22329687826943606
11758439;0.3563048203434806
11758913;0.3142696805273545
11758924;0.3506714347510871
11759281;
11759341;
11759378;
11762161;0.0
11762810;0.36735282343519987
11763461;0.0
11763805;0.0
11763958;
11765282;0.37157376272280607
11765633;0.0
11766420;0.0
11766472;0.2575393768188564
11767028;
11767031;
11767342;0.0
1176739;0.0
1176867;0.31774445465112133
11769858;
11769926;
1177065;0.3286992809345873
11770833;0.3307189138830739
11771029;0.326713786284185
11771108;0.4
11771269;0.0
11771846;0.375
11772631;
11773348;
11773634;
11774029;
11775319;
11775875;0.43750114851552724
11776793;
1178076;
11784957;0.326308708982949
11787924;
11788092;0.0
11788141;0.454858826147342
11788446;0.44862453863453144
11788720;0.2882306768491569
11788957;0.5190257749881414
11790493;0.0
11791914;
11791978;0.0
117934;0.3169328455231938
11793524;
11794001;0.3367811605397753
11794344;0.4344621921982442
1179564;
11796257;
11798659;0.28463752127665554
11800475;
1180070;0.0
11801296;
11802086;
11803170;0.35548952130729516
1180477;0.4
1180768;0.0
11810367;
11810437;0.7266782124777074
11810848;0.45173309437135906
11810904;
11811346;0.0
11812285;0.6928203230275509
11812614;0.0
11813669;0.0
11814818;0.4330127018922193
11815161;
11815615;0.48850421045919723
11816493;0.3401506715249038
11816729;0.9205641475696422
11817032;0.37267799624996506
11817679;0.34992710611188255
1181775;0.24847472142168692
1181904;0.31856308568045505
1182068;
11820996;
11821073;
11821709;
11821772;
11822177;
11823221;0.48586405848825
11823770;0.0
11824022;
1182421;0.0
1182438;0.18246560765962697
11825281;0.0
11826001;
1182624;
11827431;0.0
11828246;
11828987;0.30361335602843254
11829521;
11829904;
11830027;
11830750;
11830866;
1183416;
1183475;0.27401916938475573
1183752;0.0
1183830;0.5398655884072968
1183920;0.0
11839329;0.0
11839495;0.30000000000000004
11840829;0.537373290623879
1184086;
1184145;0.0
11843659;0.3049590136395381
11843690;
11843898;0.0
11843919;0.45173309437135906
11844917;
11844959;
11844973;
11846101;
11846948;
11848374;
11850767;
11851404;
11851837;0.5666545629305269
1185565;0.2640887793512761
1185586;0.31774445465112133
1185807;
11858178;0.4494665749754947
1185820;0.6244997998398399
11858384;
11860661;
11860802;
11860891;
1186090;
1186166;0.2857142857142857
11868555;0.2478642228476387
11870417;0.24260094570141075
11870719;0.1607364826032878
11870832;0.0
11871632;0.0
11873438;0.0
11873741;0.3464101615137754
11873825;0.0
11874256;0.36115755925730764
11875286;0.0
11876134;
11876245;0.3647341362881288
11877270;
11877409;0.6268491164664867
11877534;
11877546;
11878198;0.453190122555932
11879494;0.2857142857142857
11879634;
11879894;0.0
1188068;0.5999999999999999
11881767;
1188389;
11887868;
11888000;0.0
11889302;0.0
11895913;0.3460097503279224
11898978;
11899408;0.0
11899558;0.0
11899609;
11900502;0.3248991615338157
1190095;
11902200;
11903597;0.9111279287000863
11904416;
11904859;0.0
1190664;
1190718;0.0
11907231;0.3490867142157404
11907332;0.5545096758018778
11908760;0.0
11909281;
11912072;0.0
11912988;
11913559;0.4342198219565649
11913857;0.20146261460212642
11914221;0.0
11915800;
11918463;
11928615;0.0
11929168;
11930233;0.0
11930633;0.0
11931594;
11932561;0.0
11932815;
11933918;
1193421;0.33946348413888633
119372;
11938906;0.0
11939286;0.6123724356957946
11939316;0.4670248868079293
11942516;0.54110822483116
1194275;
11943619;
11943985;
11944434;0.0
11945869;0.0
11946298;
11955135;0.3795166950355407
1195526;0.5063696835418333
1195812;0.18246560765962694
11958943;0.4088115583050623
11960460;0.0
11961145;0.28527302786684805
11966585;
1196664;
11966892;
11967107;0.12121830534626529
11969488;0.14989708403591157
11969530;0.0
11969592;
11970971;0.30000000000000004
11971162;0.3242031651722301
11971414;0.0
11971473;0.35136418446315326
11971637;
11972224;
11975275;0.47140452079103173
11976841;0.0
11980159;
1198476;
1198827;0.0
1199065;0.0
11991250;0.0
11991317;0.37267799624996506
11991615;0.0
11991813;
11992769;
11998348;0.4700536127826751
11998921;0.41160952198541906
11999224;0.36078426969062594
11999366;0.32195071575395756
11999388;0.2214859878469661
12002989;0.0
12003983;0.3688555567816588
1200574;
12006338;0.34838594669869055
12009469;0.30361335602843254
1201002;
12011409;
12014011;0.34992710611188255
120171;0.6864145515378154
12021992;0.28527302786684805
12023257;0.0
12023299;
12023509;0.4972652484064488
12023853;0.39848484303963827
12025443;0.34672987562106533
12025577;0.4719232400622504
12025637;0.0
12026060;0.0
12026158;0.0
12027678;0.4385290096535146
12028042;
12029504;0.443561344874265
12029762;
12032207;
12033659;
12034315;0.0
12034346;0.0
12034664;
12035111;0.304617503701042
12036845;0.0
12037090;
12037647;0.0
12038565;
12039446;0.38490017945975047
12041397;0.0
12041986;
12044201;
12045160;0.0
12053388;0.0
12053690;
12055022;0.0
12055349;0.4571955574781734
12056010;
12057937;
12058504;0.17399263633843823
12058854;0.0
12058945;0.0
12058980;
12059402;0.0
12060361;0.0
12060693;0.5195053585274493
12061378;0.0
12061477;0.37951669503554064
12064478;0.3142696805273545
12064849;0.0
12065042;
12068013;0.0
12068304;
12069524;0.3379154497963546
12069700;0.3142696805273545
12070375;0.2563772797196936
12072564;0.0
12073689;0.0
12074090;0.17399263633843823
12074150;0.38729833462074176
12074976;0.0
120755;0.36078426969062594
12075759;
12084631;0.4236592728681617
12084731;
12085157;0.344528345513026
12085652;0.35395401779329777
12085946;0.0
12085980;
12085990;
12086135;0.6152995754951864
12087645;
12089735;0.0
12090899;
12091964;0.0
12092139;
12092252;0.3440970470343763
12092310;
12094489;0.4413495032041762
12094867;0.3633700882061776
12094893;
1209679;0.0
12097538;0.0
12097550;
12097709;0.3657114381135463
12097739;
12097811;0.0
12098161;0.34591634777518054
12099897;0.0
12100055;
12100118;
12100423;0.4470969073168844
12101669;0.0
12102678;0.0
12103602;0.5144957554275266
12104860;0.30983866769659335
12106486;0.35933725647209036
12107851;0.6440252991970352
12107929;
12118534;0.36021907982105555
12120413;0.0
12121645;0.0
12123229;0.0
12125076;
12125402;
12125894;0.3659625273557
12126248;
12128430;
12130515;0.27638539919628335
12130516;0.32630870898294895
12130546;0.33071891388307384
12132415;0.0
12132776;0.35641567881598607
12133376;0.3464101615137754
12133614;0.4632995409521411
12135949;
12137446;0.0
12137743;0.0
12139775;
1214116;0.6340560125312488
12149458;0.362925441424348
12149637;0.0
12149939;0.7275202500863562
12150162;0.33881546358946923
12151735;0.34992710611188255
12152171;0.4335385929593826
12153448;0.0
12154222;
12154685;
12155469;0.0
12156438;0.0
12157356;0.529150262212918
12157361;0.44930501889028573
12158526;0.24944382578492938
12160903;0.0
12160945;0.0
12162667;0.5686336657127495
12163834;
12163840;0.5399167924317712
12164020;0.0
12164098;
12164103;0.5165800579467054
12166266;0.0
12167977;
12168280;
12168542;0.0
12169931;0.2575393768188564
12170345;0.0
12171029;0.0
12171307;
121723;0.44286934192317595
12175635;0.44854822432988967
12181582;0.0
12182744;0.0
12183044;0.0
12186;
1218818;0.0
12188909;0.34992710611188255
12190516;
12191046;0.0
12191058;0.0
12191152;0.0
12191489;0.48104569292083477
12192124;
12192413;0.30000000000000004
12192671;0.0
12192773;
12195574;0.0
12195973;0.34815531191139565
12196575;0.36181361349331637
12197855;
12197908;
12198058;0.0
12199547;
1220065;0.34992710611188255
12201412;0.31374750995027834
12202036;0.0
12202647;0.0
12204713;0.0
12205623;0.0
12210301;0.5699002761767402
12210381;0.33364240464065276
12213702;0.36998498468030955
12214418;0.0
12214502;0.47847422930304023
1221470;0.17668469596940833
12216073;0.4026578365477733
12216105;0.0
12216202;0.0
12216644;0.0
12217668;
1221836;0.0
12220099;0.0
12220189;
12221117;
12224630;
12224852;
12225084;0.4
12225259;0.23529411764705882
12225981;0.0
12226088;0.8463073229366048
12226930;0.0
12227006;0.4204759208325727
12227192;0.0
12227351;0.0
122274;
12231462;0.8073756567888203
12232898;
12234814;
12235983;0.0
12236047;0.0
12238090;
1223828;
1224701;0.0
1224816;0.24743582965269678
12249579;0.0
12251271;0.4670248868079293
12252082;0.36927447293799825
12252726;0.3307189138830739
12252915;0.713625629067187
12254682;0.0
12255180;0.0
12255181;0.0
12256922;0.0
12257142;0.0
12257191;0.30000000000000004
12257462;
12258038;0.0
12259777;
12259986;0.0
12262806;0.39504737053926586
12264904;0.0
1226505;
12265582;0.19982631347136331
12266279;0.3484947053697973
12266925;
12267171;0.408248290463863
12268018;
12268432;
12270086;0.3268061942810608
12270373;0.0
12270483;
12271518;
12272211;0.0
12272331;
12273024;0.0
12273563;0.5786018428873111
12273818;
12282518;
12283096;
12283443;0.0
12285587;0.0
12285746;0.0
1228764;
12288654;0.0
12291064;0.0
12291190;0.0
12291716;0.2910427500435996
12291857;
12291931;0.3947902924338439
12292273;0.0
12293411;0.5091750772173156
12293642;0.5
12293761;0.6932606283297191
12293937;0.0
12295235;0.0
12295728;0.5261042808091513
12296063;
12296329;0.0
12296564;0.40671062665559454
12298291;
12298435;
12298556;0.32255667127361565
12299859;0.0
12299921;
12300731;0.5544227767549016
12303485;
12304228;0.0
12305647;
12306003;0.3997040325158948
12315384;0.0
12315892;0.0
12315987;0.38490017945975047
12316406;0.31774445465112133
12317717;0.3301380711583913
12317752;0.40708019567928594
12320562;0.5511251537810047
12320589;
12321066;0.0
12321968;
12322525;0.0
12322749;0.24123483819525512
12324608;0.0
12325707;0.6844841258338417
12326845;
12327482;
12328757;0.0
12330245;0.0
12332548;
12333293;
1233618;
12336181;0.3422860840197998
12336454;
12336907;
12343014;0.4
12350315;0.0
12350448;0.0
12351311;0.2844893882865151
12351914;0.4367583857433613
12352429;0.0
12354965;0.7350931933480223
12356196;0.4359569698171642
12356947;0.0
12357457;0.0
12357665;0.1889658349676202
12360446;0.35966207639770204
12360532;
12362014;0.0
12363195;
12363608;0.34672987562106533
1236363;
12366114;0.5114766044471424
12368718;
12368802;
1237096;
1237250;
12372537;
12374268;0.3018311461998686
12375882;0.0
123854;0.0
1238695;
12389483;0.0
12391226;0.3649974527251769
123913;0.4
12392122;0.0
12392194;
12394074;0.0
12397966;0.5175491695067657
12398594;
1239934;
12400706;0.46875000000000006
1240279;
12403464;0.0
12405017;
12405841;
12407398;0.0
12409250;0.3510056905480114
12409670;
12411920;0.0
12412846;0.26972453123756235
1241490;
12422673;0.0
12423226;
12424426;0.2746367251713696
12425331;0.0
12426182;
12427400;0.3480997980288916
12429749;
12429857;
12430079;0.0
12431239;
12435128;0.32977171210669887
1243869;
12439458;0.3624892480959947
12439535;0.6049065959269402
12439651;0.4461920008105272
12440008;
12440025;0.0
12440953;0.0
12441483;0.0
12441594;0.3092651786954527
12445089;0.0
12445342;0.22358793991332307
124456;
12446058;0.2971976552414095
12448235;
12448636;
12448728;
124529;0.0
12457795;
12458407;0.5872487642482621
12458567;
12461130;0.0
12461745;
12461971;0.0
12463603;0.24845199749997668
12464511;0.3647341362881288
12464567;
12464595;0.4658591991025075
12464694;
12464799;0.0
12465084;
12465483;0.4726917600297259
12466954;0.35816181173029077
12467449;
12467706;0.41401821276604434
12470556;0.0
12470675;0.42552315900281695
12471040;
12471045;
12471361;0.3018311461998687
12471377;0.0
12471408;
12471526;
12471802;0.24810479556698078
12471942;0.44507891221134943
12472240;
12475132;
12475413;0.9641181512261915
1247570;1.3719237952637202
12475831;0.4330127018922193
12475879;
12475927;0.0
12481386;0.8503129247346799
12483487;
1248730;0.0
1249089;0.7293359164598417
1249142;
12493517;
12493816;0.0
12494036;0.0
12495772;0.3647341362881288
12495989;0.30000000000000004
12496395;0.0
12497037;0.0
12497176;
1249779;0.0
12499533;0.0
12499784;0.0
12499845;0.2420614591379636
12501452;0.0
12505319;
12505808;0.0
12505830;
12506071;
12506259;
12506727;0.42106895845604464
12506749;0.408248290463863
12507155;0.0
1250765;0.0
12507996;0.0
12509677;
12511487;0.5645794895318108
12513984;
12513994;0.0
12514673;0.0
12515096;0.0
12517395;0.33726843908080095
12517650;0.0
12518066;0.3419927840283847
12518598;0.4330127018922193
12519195;0.0
12519945;0.27638539919628335
12520223;0.4303314829119353
12521050;0.0
12530820;0.3515104128080703
12531962;0.0
1253204;0.531525955405605
12532690;0.0
12533177;0.0
1253336;
12533493;0.42625299008436873
12533625;0.46098901079421994
12533644;0.385737002658065
12534064;0.4542612748024246
12534071;0.3688555567816588
12535818;
12536014;
12536230;0.0
12537449;0.5232173329994148
12539282;0.0
1253953;0.0
12539711;0.15058465048420855
12539881;0.17647058823529413
12540720;0.0
12541268;0.0
12542646;
12543353;0.5106936426744071
12543377;0.0
12544083;
12544137;0.44134950320417626
12546636;0.0
12548386;
12548588;0.5746793978005565
12549514;
12549712;0.48304589153964794
12552460;0.0
12552831;
12553385;0.25
12554018;0.33563828927059225
12556923;0.38729833462074176
12557685;0.0
1256501;
125666;
1257139;0.4868050602311635
12572918;0.0
12573018;0.0
12573408;0.691079616552656
12573456;0.45719555747817336
12574232;0.0
12574821;
12575766;0.0
12577699;0.33071891388307384
1257997;
12580119;0.3795166950355407
1258020;
12580812;0.0
12582165;0.3500121534107716
12582632;
12582740;0.27401916938475573
12582838;0.6173949065130317
1258459;
12587256;
12587544;0.0
12588011;0.0
12588374;0.41905094342074706
12588616;0.35067143475108714
125898;0.0
12591154;0.0
12591615;0.0
12591672;0.3297326183935865
12591728;
125922;0.3943815042840958
12592556;
12594163;
12594457;0.0
1259504;
12595670;0.4192169610670522
12596410;0.5590169943749473
12597725;0.3624892480959948
12598181;0.0
12599337;0.3795166950355407
12599807;0.0
12600140;0.0
12600268;
1260565;0.0
12610224;0.0
12610733;0.2857142857142857
12611020;
12611385;0.0
12612684;0.54110822483116
12613109;0.5063696835418333
12613225;
12613457;0.3464101615137754
12616919;0.3301380711583913
12617625;0.0
12618794;
12619105;0.0
12619202;0.4330127018922193
12619463;0.0
12619701;
1262014;0.4
12622175;0.0
12622944;0.29714709975358455
12623294;
12624025;0.0
12624492;0.2575393768188564
12625413;0.0
12627763;0.0
12629966;
12630288;0.0
1263367;
12633966;0.0
12636653;0.0
12637143;
1263988;0.4820898373782057
1264127;0.0
1264674;0.356959699615812
12647755;0.0
12649470;0.33071891388307384
12653148;0.5706847229020419
12653771;0.27738961511760424
12654071;0.43941582352113795
1265452;0.18181818181818182
12655186;0.0
12655246;0.4
12656130;
12660415;0.0
12660619;1.0650340467145436
12661128;0.0
12661227;0.34426518632954817
1266161;0.0
12662159;0.0
12663773;0.0
12665596;0.0
12666055;0.30704319295068805
12666131;0.0
12667211;0.4048854425939878
12667312;
12667543;0.0
12673163;
12674077;0.0
12684769;0.38729833462074176
12686405;
12686528;0.0
1268737;
12691869;0.0
12691980;
12692238;0.6025947195980306
12692392;0.4240482042737032
12692583;0.0
12692652;1.1547005383792515
12692849;0.37267799624996506
1269299;
12693152;
12693250;0.0
12693319;0.0
12693752;
12693882;0.0
12693944;0.0
12694360;0.0
12694888;0.2798122778414056
12695236;0.0
12695829;0.44862453863453144
12697762;0.0
12697968;0.6123724356957945
12697999;0.6123724356957946
12698666;
12698878;0.0
12700171;0.3795166950355407
12700961;
12701551;0.0
12701709;0.33071891388307384
12707;
1270821;0.2420614591379636
12712646;0.5227602097660079
12713483;
12714814;0.34234816843529614
1271948;0.0
1272586;
12727341;0.4898979485566356
12728189;
12728819;0.7327378534679112
1273017;0.0
12730194;
12730285;0.0
1273389;0.0
1273600;
12737300;0.38729833462074176
12737920;0.0
12741162;
12741732;0.3592907283574692
12743417;0.30000000000000004
12743486;
12744797;
12745474;0.35777087639996635
12748395;
12752747;
12756280;0.0
12757711;0.0
12757744;
12757896;0.2179449471770337
12758677;0.17399263633843823
12759523;0.0
12759845;0.44507891221134943
12773826;0.8660254037844386
12774360;0.4223140396033712
12776677;0.24196165638552689
12776708;0.0
12777557;0.0
12782987;0.4715647710901795
1278332;0.3083208205669246
1278837;0.0
1279104;0.0
1279219;0.2910427500435996
12792257;0.23393084995673483
12796491;0.5023922162629052
12797014;0.0
12797037;
128032;0.2328478193925912
12805630;0.38834988809085363
12805742;
1280608;
1280850;0.0
1281197;0.3569588220938509
12826770;0.0
12843833;0.3647341362881288
12843967;0.0
12844178;0.408248290463863
12844375;0.0
12848722;0.534204599476885
12850268;0.0
12851420;0.0
12855568;0.33071891388307384
12865426;0.0
12865795;
12869098;0.0
12869849;0.0
12873007;0.28386354538174535
12873203;0.0
12873470;
12873588;0.0
12874118;0.0
12876849;0.0
12876900;0.35395401779329777
12877085;0.0
128792;0.7297563831157798
12880814;0.0
12882417;
12882715;0.1739926363384382
12883766;0.24847472142168692
12894634;0.0
12895004;0.0
12895053;
12897276;
12897504;
12897544;0.0
12898839;
12912517;0.3594868137091668
12913962;0.0
12914425;0.36078426969062594
12914856;0.0
12915843;0.37267799624996495
12917088;0.82915619758885
12917107;
12917400;
12922306;0.0
12923148;0.30983866769659335
12923301;0.22906142364542562
12923604;0.0
12926754;
12927178;0.6701510464269379
12927237;
12927525;0.0
12927540;0.2287366332919437
12928001;
12929018;0.0
12931475;0.37868372099182934
1293230;
12932939;0.3563048203434806
12934037;0.47024894370408027
12934306;0.0
12934864;
12935748;0.0
12936013;0.9251890269713902
12936122;0.5318160234783104
12936821;0.31774445465112133
12936972;0.28747978728803447
12939940;0.0
12940296;
12940844;0.3563483225498992
12941223;0.0
12942870;0.0
12943675;0.24803918541230535
12943796;0.17668469596940833
12956635;0.0
1295799;
12958690;
12959039;0.5131184087379241
12963112;0.4863748406706488
12964593;0.3142696805273545
12965238;0.4271319479507702
12965372;
12965568;0.46291004988627565
12965807;0.4593687643244211
12965848;
12968251;0.3254626336861513
12970663;0.7175962962867384
12970879;
12971442;
12972844;0.0
12975275;
12975562;0.0
12976490;0.0
12976492;0.0
12976717;
12977647;0.0
12980472;0.0
12980568;
12980784;0.3657114381135463
12981091;
12983070;0.375
12985346;0.2942136255221425
129890;0.37267799624996495
1299392;
12994386;1.3389811968144398
12994763;
12996246;
1299648;0.4724231311061813
12996641;0.4944132324730442
12997617;0.3534072639531848
12997874;0.3688555567816588
12998101;0.3450327796711771
12998373;0.0
12999943;0.2846375212766556
13002291;0.0
13002332;0.4686448734510502
13002577;
13005965;
13006066;0.45714559307535485
13007335;0.5421666641098146
13008167;0.31856308568045505
13008739;0.36380343755449945
13008798;
13009202;0.31774445465112133
13011239;0.0
13012510;0.4642642508775117
13012773;0.0
13012885;
13013201;
13013400;
13013898;0.32354782581913066
13013948;0.0
13014070;0.0
13016394;0.0
13016623;
13016653;0.6437390775772432
13017373;
13018646;
13019094;
13019130;0.30361335602843254
13019376;0.2664693550105965
13029842;0.0
13030363;0.49039691111872097
13030397;0.15790935184884225
1303217;
13032484;0.3142696805273545
1303279;
13033567;0.39840124479688294
13035219;
13036453;0.0
13037998;0.0
13038022;0.0
13038025;0.3307189138830739
13038536;0.0
13038718;
13039367;0.18246560765962694
13039673;0.0
13040083;
13041426;
13042065;0.957158431700043
13042688;0.6000923289995463
13044085;
13044730;0.29871826131502177
13046856;
13047267;0.2672612419124244
13048608;
13048648;0.0
13048740;
13049357;0.0
13049710;0.17399263633843823
13049905;0.0
13049954;0.0
13050233;0.49870261956235684
13051277;0.6588232563980192
13055406;0.0
13055473;0.31066377158017483
13056003;
13057125;0.0
1306261;0.4426266681379905
13066856;0.4
13066858;0.0
13067805;0.3595421321389333
13068337;0.0
13068636;0.35356113877465767
13068849;
13069708;0.0
13070040;0.0
13070262;0.5717795642918228
13070777;
13071175;0.0
13073568;0.0
13074176;
13075826;0.39100681845329616
13076073;0.0
13076108;0.9057110466368398
13076117;
13076124;
13076252;0.30000000000000004
13076336;
13076355;0.0
13076440;0.0
13076570;0.0
13076622;0.5303300858899107
13077050;
13079242;0.0
13080503;
13081529;
13081706;0.0
13082217;0.6511915021276847
13083648;0.0
13084020;0.42552315900281695
13085605;0.0
13087574;0.19982631347136334
13088417;
13089294;0.0
13090549;0.3442651863295481
13090611;0.3550194095587379
13092500;0.0
13093985;0.36078426969062594
13094035;0.30983866769659335
13094234;0.0
13094409;0.0
13094999;0.3464101615137754
1310450;0.37267799624996506
13108532;0.27638539919628335
13108596;0.46291004988627565
1310898;0.5350545637106351
13109392;
13109565;0.33993463423951903
13109835;0.0
1311102;0.21295885499998002
13111462;0.0
1311244;0.37425571480919306
13112853;0.0
13113649;
13113669;0.0
13114412;0.0
13115503;0.0
13117825;0.0
13118433;0.0
13119134;0.5579208905970533
13119259;0.0
13119437;
13120094;0.0
13120633;0.0
13120988;
13123787;0.32195071575395756
13123793;0.367006645104718
13124790;0.4
13124941;0.0
13126732;0.3142696805273545
13126906;0.730913808717182
13127139;0.0
13129488;0.34992710611188255
13134459;0.0
13134612;0.0
131347;
1313679;0.0
1314292;
131437;0.0
13146631;
13151480;0.0
13152457;
13152548;0.3450327796711771
1315295;
13153809;
13155362;
13155917;
13156862;0.36462784628549644
13156983;0.0
13157398;0.0
13157960;
13158106;
1316097;0.37425571480919306
13160997;0.5947617141331808
13162084;0.0
13162967;
13163092;
13163350;0.3142696805273545
13163574;0.0
13163652;0.0
13164467;0.36927447293799825
13171035;0.0
13172249;0.6343239424027171
1317259;0.0
13173219;
13173914;0.34157925118433363
13174183;0.5688272005948134
13174633;0.0
13174677;0.43492070267585164
13174822;0.0
1317530;0.3336424046406527
13175855;0.0
13175908;
13176326;0.0
13177855;0.2846487849050518
13178241;
13178518;0.40752546315751625
13178691;
13178976;0.0
13178997;0.2420614591379636
13179229;0.0
13179545;0.4379957508672633
13180990;0.0824621125123532
13181237;0.0
13181620;
13182094;0.30361335602843254
13182153;0.13355114986922126
13182283;0.4948716593053935
13183386;0.0
13183537;0.44930501889028573
13185331;0.0
13185840;0.3177444546511213
13186676;
13186868;0.3592907283574692
1318744;0.24944382578492938
13189474;0.2561156732713523
13190963;
13192021;0.0
13192086;0.24743582965269678
13192204;0.0
13193227;0.4330789675138319
13194153;
13194485;0.0
13194970;0.4430361065822256
13195789;
13196301;
13197055;
13198055;0.0
13208493;
13208674;
13208737;
13208869;0.45519176891202767
13209867;0.0
13209912;0.38490017945975047
13209962;
13210904;0.0
13211645;
13211670;
13212096;0.0
13212406;
13214163;0.44220713919977844
13214512;0.30000000000000004
13215036;0.24944382578492938
13215504;0.5909368402852789
13217309;0.35801372616842503
1321733;
13217468;0.0
13217718;0.362925441424348
13220518;
13220720;
13220795;0.0
13221374;
13221521;
13222696;
1322389;0.37157376272280607
1322456;
13225816;
13227121;0.5077956277714163
13227818;0.2575393768188564
13228693;0.28747978728803447
13228704;0.0
13229243;0.0
1322995;0.8978607053178382
13231449;0.38729833462074176
13232151;
13233245;
1324410;0.3590351654086268
1324458;0.0
13246412;
13246466;
13246755;0.0
13246787;
13246861;0.0
13246931;0.33071891388307384
13246941;0.0
13247209;
13249889;0.0
13250248;
13250492;
13252007;0.8166981601385316
13252478;0.33946348413888633
13252969;0.19982631347136334
13253412;
13255572;
13255757;0.48692407171939395
13255938;0.0
13256207;0.0
13256657;0.0
13256747;0.0
13257685;0.4
13257753;0.0
13259523;
13259529;0.0
13260730;
1326100;0.37951669503554064
1326140;0.6760408641494979
13261576;
13261911;0.0
13262105;
13265565;0.0
1327072;0.5253200861924475
13274551;
13274764;
13274899;0.0
13275268;0.38729833462074176
13276272;
13277519;0.26452002850644324
13278421;0.0
13278531;0.0
13279086;0.0
13279790;
13279826;0.0
13280971;0.3970285633591488
13281016;
13281955;
13282159;0.0
13282163;0.0
13282500;0.0
13288737;0.3912303982179758
13288959;0.0
13289338;
13289409;
13289612;0.8775240242439727
13289911;0.0
13290012;
13293291;0.3959098160190754
13293641;0.36927447293799825
13293703;0.3608439182435161
13294483;
13298734;0.4240368109073184
13301613;
1330162;
13301746;0.34992710611188255
1330223;0.37157376272280607
13302442;0.3513641844631533
13302600;0.0
13302729;
13303511;0.0
13303614;0.0
13303900;0.0
13304056;0.0
13305972;0.437671561464971
13306008;0.326713786284185
13306378;
13306512;0.0
13306618;0.5684438201265648
13309951;0.0
13310493;
1331052;0.0
13311062;0.37416573867739417
13311224;0.36078426969062594
13311421;0.0
13313764;
13315215;
13315237;0.24448136610434426
13317341;
13318069;0.0
13322737;
13323038;0.3464101615137754
13323862;0.47531875434871135
13323889;
13324081;0.0
13324138;0.3098386676965933
13324440;0.0
13324805;
13324954;0.3142696805273545
13325764;0.565685424949238
1332663;0.3756241132126741
13327672;
13327932;0.2698838799386977
13328176;0.35540932665545544
13328193;0.22840289113723447
13328264;
13328741;0.5821879823494646
13329572;0.0
13330065;0.4979295977319691
13332070;0.0
13333205;0.649122423517436
13335813;
13336058;
13336572;0.7314228762270926
13336587;0.3098386676965933
13337011;
13337504;0.1249425947156867
13338907;0.3944053188733077
13339072;0.4779811857245293
13339378;0.0
13339389;
13339390;0.4714045207910317
13339586;0.27638539919628335
13340203;0.3
1334186;
13342874;0.5006882315714638
13343371;
13343558;
13344130;0.3657114381135463
13344389;0.0
13344632;
13344829;0.3340370143641903
13344891;0.4671765921511568
1334668;0.0
13349546;
13350392;0.36115755925730764
13350425;0.0
13352261;0.0
13352401;
13353450;0.0
13353636;0.0
13354864;0.0
13355703;0.30183114619986867
13355984;0.12902770302593217
13356318;0.2575393768188564
13357361;0.4726917600297259
13357881;0.34672987562106533
13358258;0.37416573867739417
133585;0.0
13360235;
13364003;
13364401;0.5035675197166516
13364770;0.28343764157822665
13364905;0.0
13365031;0.0
1336508;0.4330127018922193
13365654;0.46243158975854093
13365797;0.0
13366188;0.4464973165438303
13367268;0.2563772797196936
13367421;0.36078426969062594
13367871;0.0
13368037;0.4671765921511567
13368075;0.0
13368107;
13368317;
13368318;0.0
13368451;0.0
13368663;0.17647058823529413
13368746;0.2575393768188564
13369594;0.3484947053697973
13370006;0.0
13370517;0.0
13370537;0.0
13370648;0.1579345138264476
13370704;
13371995;0.0
13372525;
13372610;0.0
13372720;0.18093671611393647
13373213;0.0
13373239;0.27638539919628335
13373470;
13373544;
13373606;0.0
13374342;
13374395;0.37267799624996506
13374486;
13374782;
13374968;0.0
13375076;0.4629100498862757
13376081;0.26505574027842793
13376392;0.0
1337970;0.49930699897395464
13381428;0.22906142364542562
13381727;0.46642851065898144
13381876;0.0
13381968;0.0
13382090;0.0
13382281;0.2798122778414056
13383599;
13385190;
13386064;0.0
13386103;0.4537809601154654
13386278;0.17399263633843823
13388118;0.36927447293799825
13388169;0.0
13389065;
13390496;0.4151894252049441
13390786;0.3411456772999797
13390796;
13391216;0.41833001326703784
13391836;0.0
13391892;0.7149874911121046
13391916;0.14136017459644606
13392001;
13392063;
13392169;
13392181;0.30361335602843254
13392234;
13392729;0.4472135954999579
13392917;
13392988;0.3590351654086268
13393405;0.0
13393682;0.0
13393832;0.27638539919628335
13393938;0.0
13394105;0.0
13394296;
13394382;
13394425;0.24000000000000005
13394479;0.43822813208145306
13394791;0.36735282343519987
13394796;0.0
13394845;0.3142696805273545
13394890;0.0
13394912;
13394942;0.2635999560543887
13395192;0.0
13395832;0.0
13396136;0.18246560765962697
13396154;0.33071891388307384
13397256;0.0
13402019;0.4516068721873071
13402259;0.0
13402392;0.0
13402430;0.0
13402685;0.0
13402773;
13403390;0.0
13404131;0.5944001248621692
13404480;0.1433331039858722
13404546;0.0
13404693;
13404757;
13404764;0.0
13404901;
13404933;
13405025;0.0
13405134;
13405210;
13405353;0.0
13405442;
13405483;
1340565;0.0
13406170;0.21295885499998002
13406568;0.6225793459606629
13407122;
13407316;
13409164;0.0
13409979;0.0
13411118;0.0
13411441;
1341316;0.4330127018922193
13414428;0.36078426969062594
13414564;0.650968890710629
13414690;0.49943278484292936
13415012;
13415603;0.5858670408841551
13416369;0.23459582368351306
13416677;0.0
13421964;0.46556059397963084
13422349;0.0
13422822;0.0
13427097;0.0
13428517;
13431360;0.0
13431483;
13432051;0.0
13432385;
13432882;0.0
13432961;0.0
13433001;0.0
13433219;0.6123724356957946
13433685;0.0
13434634;0.0
13435790;0.35250582268891073
13436296;0.0
13437770;
13441560;0.3651483716701107
13442878;0.36244634088141015
13443056;
13443138;0.5873064622862295
13443203;0.6389291452695652
13443473;0.24206145913796354
13443509;0.3640898744444397
1344393;0.4648111258522642
13444441;0.36181361349331637
13445362;0.0
13445365;0.19698406303159496
13446618;
13446817;0.5576063397734996
1344777;0.0
1344788;
13448551;0.0
13448778;
1344933;
13449348;0.5466861846608664
1344937;0.0
13449599;0.23529411764705882
13449775;0.4460109653921078
13450086;
1345044;0.6002590509206528
1345077;0.6388765649999399
13451689;0.0
13451811;0.0
13454084;0.304617503701042
13455225;0.0
13455991;0.33071891388307384
13456367;
13456513;0.0
13461452;0.0
13462171;0.4106032651140442
13462617;
13463328;
13463345;
13463395;
13464460;0.9200874124564723
13465085;0.0
13465154;0.0
13465254;0.33071891388307384
13465411;0.49943278484292936
13465599;
13465916;0.0
13466256;0.4690176471209656
13467382;0.0
1346751;0.0
13467532;0.4472135954999579
13467559;0.0
13467953;
13468234;0.35395401779329777
13468923;0.30000000000000004
13469152;0.35777087639996635
13469592;0.3286992809345873
13471953;
13473374;
13473385;0.36639116912546604
13473497;0.5266846668568281
13473517;0.0
13473525;0.0
13474516;0.33953769110130605
13474871;0.3581610266174341
13475111;
13475401;0.0
13475525;
13475579;
13475616;0.0
13475767;0.0
13475973;0.48208983737820577
13476094;0.0
13476321;0.0
13476344;0.2640794470483059
13476482;0.0
13476499;0.0
13476818;0.38490017945975047
13476949;
13477076;0.0
13477161;0.3912303982179758
13477174;0.5251943548685059
13477558;0.2250219143393346
13477795;0.15789473684210528
13478073;0.0
13478129;
13478137;0.0
13478175;0.0
13478207;0.6490734136415512
13480810;0.0
13480949;0.30000000000000004
13481206;0.0
13481824;0.5195153450781086
13490476;0.0
13490581;
13490727;
13491196;0.3513641844631533
13491233;
13491596;0.5636116131269588
13491651;0.0
13491744;0.3333333333333333
13492602;0.0
13494834;0.34232659844072877
13495324;0.22248595461286988
13495849;0.0
13496841;0.0
13496852;0.3703280399090206
13496985;0.0
13497191;0.0
13498280;0.30000000000000004
13499084;0.330454232837166
13499104;0.2606121704184369
13500213;0.0
13500285;0.0
13500570;0.0
13501769;0.33364240464065276
13501908;0.3018311461998687
1350361;0.4670424334112255
13503617;0.5879447357921312
13504372;0.0
13506009;0.34992710611188255
13513363;0.7138751472309021
13513531;
1351374;0.0
13514761;
13515138;0.4426062324553397
13515220;0.4330127018922193
13515259;0.3788676152120412
13516706;0.3104698017127927
13516871;0.5006854012813251
13517100;0.0
1351853;
13518725;0.3142696805273545
13519269;0.0
13519331;0.2857142857142857
1352004;0.3301380711583913
1352033;
13520533;0.0
13522244;
13522914;0.2664693550105965
13523113;0.3422860840197998
13524066;0.0
13524114;0.0
13524122;
13524224;0.0
13524594;0.38729833462074176
13524826;
13525222;0.6294472886528434
13525779;0.3163199472652663
13525860;0.0
13525982;
13527142;0.5951428495225902
13528158;0.0
13528185;
13528253;
13528276;0.0
13528443;
13528643;
13528706;0.45530950993025054
13528746;0.2575393768188564
13528992;0.4370036867375632
13529156;0.4336804165554443
13529199;0.35714285714285715
13530279;0.4
13530508;0.34992710611188255
13530715;
13531216;0.20829889522526548
13537805;
13538538;0.0
13538551;0.0
13538616;0.4648111258522642
13538857;0.0
13539438;0.0
13539594;0.3646278462854964
13541105;0.0
13542301;0.0
13542432;0.22248595461286988
1354366;0.4832186126206935
13543840;
13543968;0.36363636363636365
13544468;0.40465131911125596
13544779;
13544780;0.0
13544883;
13545154;
13545192;0.9058137291434492
13545225;0.0
13545275;
13545355;0.0
13545416;
13545433;0.5264730886222754
13545454;0.3721042037676254
13545467;0.4395603444339491
13545527;0.0
13545730;0.3083208205669246
13545806;0.3565624098762406
13545808;
1354587;0.3450327796711771
13545881;0.17647058823529413
13545897;0.3912303982179758
13545970;0.2924988129130707
13546017;0.408248290463863
13546117;
13546131;0.30410221794678416
13547284;0.0
13547327;0.401509439325746
13547373;
13547424;
13547463;
13549418;
13549478;0.0
13549831;0.5270462766947298
13551711;
13551763;
13551796;
13551915;
13552008;0.0
13552781;0.35966207639770204
13552802;0.0
13553458;
13553532;0.0
13553823;0.31774445465112133
13554028;0.0
13554121;
13554439;0.3803000120609434
13554558;0.4
13554561;
13554606;0.3104698017127927
13554616;0.3142696805273545
13554622;0.0
13554686;
13554734;
13554831;
13555049;0.28867513459481287
13555124;
13555135;0.0
13555267;0.0
13555327;0.2252082877764159
13555561;
13555707;0.0
13555745;0.0
13555786;0.5669467095138409
13556422;0.0
13556722;
13557756;
13558518;0.310195952027039
13559346;
13567224;0.41118194191751667
13568129;0.0
13568571;0.0
13570628;0.0
13572527;0.0
13572874;0.0
1357432;0.49943278484292936
13576006;
13576184;0.0
13576285;0.0
1357648;0.5572176355641868
13576496;0.0
13578982;0.28747978728803447
1357901;0.28747978728803447
13579028;0.29756543009090486
13579135;
13579468;0.0
13579517;0.6546536707079771
1357961;0.5740679784134961
13580314;0.0
13580731;0.20441841129635968
13580877;0.643330520327809
13581054;0.0
13582963;0.0
13583439;0.34992710611188255
13583704;0.586262487034352
13584708;0.3500121534107716
13584845;0.33531041670408585
13584869;
13585091;0.0
13585774;0.35777087639996635
13593306;0.33071891388307384
13594180;0.0
13594299;0.22776643962710608
13594470;0.0
13595160;0.27638539919628335
13595659;
13595894;0.0
1359634;0.5330928945203024
13596431;0.0
13596568;0.0
1359831;0.3703280399090206
13598981;0.3312648750301262
13599079;
13599119;0.4496189869253283
1359968;
13599881;0.0
13600299;0.0
13600351;0.0
13601125;
13602560;0.3379154497963546
13603053;0.0
13604619;
13604769;0.4330127018922193
13604774;
13605047;
13605486;
13605622;
13606759;0.0
13607433;0.0
13607711;
13607912;0.3688555567816588
13607944;0.0
13608939;0.4697408542844452
13609388;
13611449;
13611715;0.18246560765962697
13612810;0.3450327796711772
1361364;
1361602;
1361690;
13623222;0.0
13623441;
13623674;0.0
13624209;0.0
13625697;0.42318139323757087
13628074;0.5653460105781265
13628882;0.3513641844631533
13629288;
13629963;0.4909030763785834
13630212;
13633684;0.27401916938475573
13634681;
13636916;0.4861121766990861
13636953;
13636962;0.6418392272901079
1363734;
13637624;0.0
13637782;0.0
13638370;0.08837721210841307
13638371;0.0
13638564;0.46864487345105016
13638724;0.27638539919628335
13638953;0.3546621557259297
13641623;
13641669;
13641806;0.3513641844631533
13642320;0.24743582965269678
13642367;0.3563048203434806
13642593;0.0
13642879;0.29277002188455997
13643777;
13643802;0.5085321916885985
13644228;
1365112;0.0
13653482;0.5507570547286101
13653784;0.0
13654496;0.0
13656872;0.356959699615812
1365767;0.0
1365789;0.0
13658900;0.0
13658977;0.0
13659225;0.0
13659683;
13659907;0.0
13660178;
1366401;0.2579547299859361
13664640;0.0
13665065;
13665666;0.0
13666285;
13667612;0.36021907982105555
13669484;0.2523360247522242
13669622;0.0
13669961;0.0
13673666;0.36069542527498183
13673744;0.18246560765962694
1367406;
13674872;0.0
13675614;0.45468918225150046
13676316;0.3763993960049205
1368087;
13683388;0.0
13683852;0.4
13684882;0.0
13685338;0.5548606765399494
13686040;0.5455950618814324
13686381;0.0
13686455;0.43235041122733636
13686545;0.18885257457751048
13689059;
13689357;0.0
13690129;
13690188;0.0
13690211;0.2420614591379636
13690221;0.0
13692579;0.4034228550788862
13694095;
13694920;
13695067;
13696427;0.49690399499995325
13696524;0.0
13698096;0.0
13699198;0.0
13699596;
13702180;0.0
13702402;0.0
1370272;0.3651483716701107
13702863;0.0
1370322;0.6470153080602234
13703508;
13704263;0.35641567881598607
13705090;0.0
13705210;
13705241;
13705440;0.3008903112828133
13705782;0.6563301233138937
13706593;0.2213133340689952
13707294;0.35540932665545544
13707718;0.358013726168425
13707848;0.0
1370870;
1370895;0.37267799624996495
1371329;
13718486;0.5520916520674913
13718548;0.0
13719350;
13720396;0.0
13720995;0.0
13721112;0.21794494717703367
13726779;0.0
13727695;0.0
13731446;0.41924462087150083
13732137;0.0
13732709;0.0
13732903;0.30361335602843254
13736796;0.0
13736973;
13737082;
13738138;
13738983;0.3703280399090206
13739447;0.36181361349331637
13739461;0.0
13739483;0.0
13740765;
13741076;0.39528470752104744
1374309;0.0
13744518;0.41306661756341556
13744619;0.0
13745238;
13746572;0.0
13747513;0.48785243670601874
13747829;0.5287014333807125
13749973;0.0
137582;
13768802;
13768872;0.0
13768974;0.30183114619986867
13769082;0.40265558393542294
13769732;0.0
13772147;0.674199862463242
13772646;
13772921;0.0
13773248;0.0
13775595;0.0
13775607;0.22906142364542562
13776108;0.0
13776443;0.41323267740431724
13779663;
13779872;0.4330127018922193
13780028;0.356959699615812
13780608;
13780858;0.0
13781209;0.0
13784982;0.0
13785066;0.627753195192246
13785081;0.0
13785489;
13786076;0.42515646236734
13786513;0.0
13787355;0.0
13787653;0.0
1378918;0.5177621088984156
1379514;0.6015781713927927
1379733;
13802653;
13804137;0.21549014864334498
13804404;0.6236095644623235
13804664;
1380694;0.16666666666666666
13808163;0.0
13808985;0.4
13809858;0.0
13810318;
13810351;
13810414;
13810718;0.3422860840197998
13811392;0.0
13815239;
13816560;
13817425;0.3464101615137754
13817996;0.0
13820663;0.4356335081383399
13820705;
13822307;0.0
13822519;
13823138;0.42731645829722775
13823428;0.0
13823731;0.0
13823971;0.38490017945975047
13824064;0.3763993960049205
13826953;0.0
13827479;0.768624100350773
13829056;
13829196;0.5127768526312605
13829382;0.38729833462074176
13829603;
13829856;
13830525;0.0
13843238;0.0
13844191;0.0
13844615;0.6598871005473478
13844623;0.3474335320195759
13844820;0.0
13845137;0.2420614591379636
13845346;0.38551803530388923
13848274;0.0
13848693;0.0
13849966;
13850743;0.5350545637106352
13850924;0.2846375212766556
13851802;0.46169986551221737
13851913;
13853731;0.2523360247522242
13854717;0.5385264535178943
13854791;
13854979;
13856727;0.0
13856740;
13856852;
13856977;0.6388765649999399
13857019;0.0
13860121;0.402134613437607
13860224;0.0
13860720;0.0
13860938;0.3657114381135463
13860970;0.44668360062471
13861009;0.0
13861649;0.0
13861896;0.0
13862239;0.47541654650165405
13862821;0.0
13863680;
13864304;0.4012210052593708
13866492;
13866524;0.0
13866980;0.3130791891596258
13867118;0.0
13867316;0.408248290463863
13867590;0.454858826147342
13867955;0.3293627448700496
13868007;
13869317;0.5437887311952991
13871205;0.2447809132127156
13881287;0.0
13881443;
13885093;0.0
13887371;0.6209717875963259
138874;
13887957;
13888058;0.0
13888642;0.0
13889161;
13889562;0.40265558393542294
13890573;
13891739;0.3795166950355407
13891826;0.3534072639531848
13894597;0.0
13896123;
13897216;0.0
13901361;0.0
13901575;
13901972;
13902163;0.0
13902621;
13902958;0.0
13903225;0.3336424046406527
13903616;0.4734320764739993
13903665;0.30000000000000004
13906960;0.0
13907832;
1390815;0.5053152234842679
13908520;
13911098;
13922439;0.17399263633843823
13923071;0.0
13923181;0.2836685984351863
13923244;0.37267799624996495
13923678;
13924215;0.0
13924325;0.0
13925052;0.45173309437135906
13925192;0.0
13925807;0.3500121534107715
13925823;0.5239368319955838
13926105;0.36078426969062594
13926727;0.4686448734510502
13930074;
13930147;
13930365;0.367006645104718
13930387;
13930875;
13931257;
13931867;
13933574;0.4448782605013047
13934824;0.29714709975358455
13937569;0.354633949618456
13937772;0.0
13938280;
13939334;0.2761498838511178
13939738;0.0
13940025;0.2664693550105965
13940049;0.36363636363636365
13940085;0.0
13940127;0.0
13940273;0.45643546458763845
13940451;0.6164914317364333
13940625;0.36639116912546604
13940701;0.4800278285068501
13941350;0.2910427500435996
13944241;0.0
13944754;0.5714285714285714
13945149;
13946434;
13947428;0.0
13952769;
13953174;0.20393111999232308
1395396;
13968369;0.6178133459316649
13968722;
1396920;
13969637;
13971273;0.0
13972491;0.4008714107673622
13972886;
13976057;
13977202;0.0
13977505;0.3763993960049205
13980699;
13981849;
13981945;0.3367811605397753
13982397;0.6398099132915954
13982605;0.4
13982752;
13982820;
13982822;0.6085806194501846
13983257;0.0
13983305;0.34992710611188255
1398336;0.0
13983818;
13984033;
13984132;0.0
13984579;0.33726843908080095
13984725;
13984763;0.0
13984903;0.44591951056261425
13984925;0.37267799624996495
13985028;
13985086;0.467120095298792
13985350;0.0
13985675;
13987460;0.37267799624996495
13987608;0.0
13987761;0.0
13987973;0.3912303982179758
13988000;
13988850;0.3500121534107716
13988922;
13988953;
13988960;0.38729833462074165
13989130;
13989234;
13989467;0.3142696805273545
13989708;0.0
13990101;
13990279;0.0
13990619;0.375
13990961;0.437671561464971
13990962;0.0
13991366;
13991507;0.0
13991834;0.8819171036881969
13992404;
14002986;
14003740;0.5894992777741468
14004134;0.0
14006524;
14007071;0.3440970470343763
14007129;
14007308;0.4625924443258073
14007563;
14007833;0.6275168090569394
14008294;0.0
14008340;0.0
14008562;0.33415536499673953
14009190;0.0
14009308;0.0
14009310;0.4663676277482893
1400932;0.0
14010192;
14010233;0.4409963617950227
14010369;0.0
1401264;0.0
14013524;0.0
14014482;0.0
14014717;
14016212;0.33946348413888633
14016580;0.0
14016742;0.6324025525749719
14019139;
14019563;
14021233;0.9997408784177988
14021945;
14022070;
14024910;0.0
14025354;0.4263866268488677
14027765;
140279;0.0
14028161;0.0
14028206;
14029069;0.4330127018922193
14029199;0.40462518690210697
1402939;0.49943278484292936
14029652;0.0
14039454;0.0
14039645;
14040212;0.0
14040304;
14040647;0.30000000000000004
14040752;0.44556639433950346
14042297;0.5182617316003337
14043249;
14045812;0.0
14047025;0.20393111999232308
14048126;0.37438777355323666
14048191;
14048440;0.7179423474793016
14048486;0.0
14048779;0.0
14049393;0.6017259127493797
14049547;
14051722;0.6781026065015915
14052561;
14052565;
14052807;0.35706997228246834
14052831;0.0
14053427;0.6030226891555271
14053594;0.34672987562106533
14053883;0.35395401779329777
14054286;0.8625614356890952
14054742;0.1090794362749635
14055010;0.5926547641093316
14055737;
14055782;
14058334;
14059349;0.46976484792466017
14059501;
14060630;0.24845199749997662
14060730;0.25386380475389675
14061057;0.34992710611188255
14061153;
14061315;0.0
14061369;0.6560261964055784
14064029;0.0
14064217;0.27638539919628335
14064979;0.0
14065024;0.0
14066437;0.0
14066526;
14067060;0.0
1407517;0.26695386832951484
14081641;0.2447809132127156
14082336;0.0
14082911;
14082991;
14083513;
14083528;0.0
14083637;
14083710;0.4878417605467304
14084176;0.3931785497463924
14084684;0.325007122429078
140847;
14085602;0.0
14085800;0.0
14086124;0.35081474834208576
14088226;
1408976;0.0
14089942;0.38729833462074176
14091809;0.0
14095576;0.0
14097554;0.2575393768188564
14098000;
14098360;0.0
14101021;
14102290;0.42599745210635
1410358;
14103729;0.0
14104182;0.0
14104279;
1410661;0.4372285800000169
14117215;0.0
14117608;0.0
14117621;0.0
14117886;
14118400;
14119573;
14119710;0.0
14120221;
14120415;0.5477225575051661
14120673;0.2842760180570004
14121107;0.0
14123209;
14124728;0.3379154497963546
14125223;0.0
1412662;0.36117455450727615
14126868;0.0
141276;0.3563048203434806
14129356;
14129846;
14130382;0.0
14131224;0.0
14132516;0.4800278285068501
14132746;0.3500121534107715
14132982;
14133431;0.0
14135374;0.0
1413542;0.0
1413649;0.5385109997133566
14136588;
14137087;0.4330127018922193
14138829;0.0
14138868;0.4030377667617597
14138875;
14139024;
14141872;
14142555;
14143012;0.0
14143042;0.42914643965279115
14143202;
14143746;0.44577791412086426
14144305;0.3502093433719976
14144781;0.22329687826943606
14145451;0.0
14145499;
14146390;
14156164;0.5590169943749475
14157528;0.4933827437459623
14159573;0.4618802153517006
14159947;
14163700;
14163767;0.33071891388307384
14164114;0.0
14165291;
14165396;
14165966;0.4677071733467426
14166338;
14166502;0.0
14166599;0.5550885058256205
14167491;0.0
14169924;0.6316977939792449
14170234;
1417173;0.39815536765564635
14171733;
14172175;0.0
14172184;
14172275;0.0
14172309;0.0
14172591;0.2664693550105965
1417268;
1417556;
14176149;
1417747;0.0
14178699;0.6701231599153346
14179215;0.0
14179394;0.0
14179451;
14184890;
14185156;
141872;0.5533467990249739
1419092;
14196396;0.5196152422706631
14196743;0.0
14197013;0.4727340990115556
14197210;
14198580;1.1161157134071205
14199526;
14199769;0.0
14205860;0.3441694246389346
14206141;
14206151;0.0
14209228;0.0
14209526;0.0
14209934;0.0
14210457;0.0
14211614;0.0
14211976;0.2606121704184369
14212315;0.4330127018922193
14212326;0.6196773353931867
14215701;
14217840;0.3703280399090206
14217841;0.5105667585158555
14217877;0.47206855266259046
14218099;0.0
14218155;0.0
14218393;0.0
14221460;0.538397162099893
14222244;0.2789675907102233
14222865;0.0
142257;0.422247109529382
14226070;0.2844893882865151
142270;0.7322909257938406
142275;0.3142696805273545
14236791;
14238785;
14242707;0.0
14245045;0.0
14245471;0.3646278462854964
14247135;
14247271;
14247575;0.0
14247611;0.19595917942265423
14247893;
14250030;
14251604;
14252864;
14252943;0.0
14256581;
14256881;0.17668469596940836
14257252;
14258891;
14259585;0.0
14260009;0.0
1426565;
14266194;
14266459;
14266492;0.24803918541230535
14266651;0.0
14266707;0.0
14267231;0.42625299008436873
14267275;0.0
1427593;
14279195;0.40752546315751625
14279814;0.35395401779329777
14280008;0.5191911982388868
14280249;
14281096;
14281298;1.1246849219092516
14284449;
14289697;0.5516041709505273
14289894;0.6075652971554687
14289936;
14290083;0.0
14290440;0.0
14290455;
14290782;0.0
142923;0.0
14294275;0.0
14294530;
14295206;0.0
1429633;0.3450327796711771
14300846;0.3596931579008784
14301468;0.2640794470483059
1430258;0.31142054945152486
14302641;0.5196152422706632
1430553;0.0
14307571;0.4264014327112209
14307664;0.0
14307836;
14307851;0.0
14308527;0.0
14308543;0.5204164998665332
14309852;0.19982631347136334
14310340;0.5590018233354579
14310432;0.0
14310511;
14311619;0.559865864634168
1431182;0.3513641844631533
14324847;0.37088516224220747
14325916;
14326849;0.33071891388307384
14329306;0.23529411764705882
1433093;0.4515107768810834
14333315;
14334329;0.4868050602311633
14339506;
14340137;
14340257;0.4
1434684;
14349439;0.0
14349917;
1436084;
1436359;0.27638539919628335
14372550;
14373465;0.589247042370012
14373978;
143740;0.0
14375449;0.0
14376747;0.730657651068375
14376805;0.3763993960049205
14380991;0.3142696805273545
14383255;0.34591634777518054
14388338;
14389274;0.34992710611188255
14391117;0.0
14392318;
14396071;0.0
1440880;0.35777087639996635
1441379;0.0
14421199;0.3113573745752381
14421339;
14424376;0.0
14432810;
14433252;0.35759614091877445
14433536;0.5105203241514897
14433751;0.6085806194501846
1443548;0.0
14439;0.0
1445651;
14458013;
14458195;0.41649938972083933
14459011;0.35136418446315326
14459264;0.4330127018922193
14459576;
14459963;0.0
14461188;0.48989242867304406
14461779;0.375
14463002;0.0
14463398;0.3659625273557
14467329;
14467574;0.0
1446816;0.0
14468960;
14469129;
14470103;0.37598549224210337
14470291;0.0
14470421;0.0
14470925;
14470934;0.47788461203740945
14471103;0.3703280399090206
14471331;
1447421;
14474983;0.0
14475772;0.3142696805273545
14475938;0.0
14476309;
14476810;0.4409585518440985
14477659;0.4726917600297259
14477796;0.30000000000000004
14477879;0.5270462766947299
14478113;0.4608394925110069
1447985;0.37157376272280607
14481410;
14482998;0.0
14483442;
14485088;0.0
14485312;0.0
14485481;
14488883;0.6846531968814578
14489387;0.0
14489492;0.23529411764705882
14490274;
14490504;0.0
14491949;
14493084;0.0
14493108;0.0
14493451;0.0
14508307;
14508317;0.2988071523335984
14508338;0.0
14508697;
14508846;0.0
14510012;0.0
14511920;
14515146;
14515608;0.45173309437135906
14515800;
14515930;0.4330127018922193
14516170;0.0
14517118;0.30000000000000004
1451855;0.34672987562106533
14518696;0.0
14518713;0.8426500884694864
14519600;
1452053;
14525580;0.0
14525735;0.0
14526423;0.4409963617950227
14526699;
14527915;0.4244997055358225
14528146;0.0
14528295;0.23529411764705882
14529017;
14529191;
14532511;0.0
14532635;1.1912338249421164
14532968;0.46514743890265103
14533508;0.24944382578492938
1453534;0.44862453863453144
14535391;
14535502;0.45266885347800434
14536218;0.0
14548179;
14548819;0.0
14548900;0.0
14548987;
14549624;0.0
14549728;
14550822;0.22329687826943606
14555908;0.524888415350149
14558443;0.2846375212766556
14558868;0.5191911982388868
14559038;0.0
14560488;0.0
14562924;0.0
14564093;0.0
14564981;
14565798;0.36487819155789
14565928;0.0
14566321;0.0
14566546;
14566874;0.49487165930539345
14569171;0.3142696805273545
14570190;
14570583;0.5563931713116239
14571878;0.0
14572172;0.0
14572622;0.3591020998873542
14572831;0.0
14575255;0.0
14576438;0.31856308568045505
14576456;
14576971;0.5794156748862074
1457741;0.44072906520256333
14578372;
14578563;
14578698;0.8368667879425289
14579255;0.0
14579980;0.0
14591310;0.0
14592078;0.4979295977319691
14592716;
14593223;0.0
14593833;0.0
14594238;0.4276040814621952
14594315;0.0
14598161;
14598303;0.0
14598482;
14598961;0.0
1460148;0.0
1460234;0.0
14605206;
14605321;0.376796110173626
14606351;0.0
14606749;0.36487819155789
14607274;0.0
14607559;0.5637694654233257
14607993;0.0
1460948;0.30000000000000004
14610378;
14610547;
14612121;0.0
14612655;0.23785137347105859
14612750;0.0
14612802;0.0
14612809;0.0
14612890;0.0
14613469;0.4
14613696;0.0
14613728;0.1885618083164127
14616142;0.0
14617504;0.4514681931340952
14617805;0.465791209929047
14618301;0.3616582235069488
14618894;0.0
14619157;0.0
14619513;0.4939896105123241
14631222;
14632198;0.4330127018922193
14632371;0.3142696805273545
14632596;0.7967879789267898
14633674;
14634409;
14634448;0.5636116131269587
14634592;0.0
14634670;0.34199278402838473
14635181;0.0
14635189;0.0
14635829;
14635859;0.28747978728803447
14636490;0.5235511752935667
14636672;0.0
14637211;0.23424278964210218
14639838;0.0
14641850;
14641874;0.5364985441086377
14641881;0.0
14642235;0.0
14642474;0.0
14642919;
14645087;0.0
14645112;0.0
14645818;0.5
14646440;0.0
14646875;0.3083208205669246
14647218;0.46049274850812955
14647371;0.0
14647893;
14648217;0.3153025099436333
14650888;
14651405;0.7272572100798375
14652063;
14652186;0.5923282596182288
14652871;0.0
14653289;
14654391;0.0
14656007;0.0
14656762;0.0
14657341;
14657543;0.3795166950355407
14659005;
14659135;0.7658789852290216
14669488;0.0
14670189;0.0
14670439;0.36363636363636365
14671109;0.7530677998102903
14671839;
14672615;0.2579547299859361
14672924;0.3379154497963546
14673156;0.34020690871988585
14676070;
14676350;0.0
14677577;
14678845;0.32790242451070717
14679924;0.37267799624996506
14681290;0.2921276998692536
14681511;0.0
14681581;0.6388765649999399
14681794;
14681917;0.5050135499601253
14681933;0.0
14682057;0.0
14682060;
14682131;
14683565;
14684173;0.3506714347510871
14684210;0.5235549341491368
14685968;
14686924;0.3629508690350986
14686942;0.0
14688437;0.0
14688718;0.0
1468913;0.2575393768188564
14689477;0.3340097303971847
14691205;0.0
1469190;0.3464101615137754
146929;
14693310;
14693906;0.27638539919628335
14694109;0.0
1469704;0.30361335602843254
14702940;0.0
1470775;0.0
14709363;0.0
14709800;0.4151894252049441
14710631;
14710681;0.304617503701042
14710685;
14710897;0.0
14711058;0.7637626158259734
14711292;0.0
14711640;0.0
14714129;0.0
14714401;0.37267799624996495
14716108;0.3442651863295481
1471686;0.0
14718169;0.36078426969062594
14718380;0.0
14718737;0.7822095958576908
14720095;0.0
14720404;0.0
14720939;
14728673;
14729126;
14729183;
14729347;0.0
14729382;
14729522;0.0
14729853;0.0
14730001;
14730131;0.0
1473056;
14731274;0.0
14731473;0.0
14732514;0.0
14733903;0.32255667127361565
14733953;0.0
14734194;0.2798122778414056
14734576;0.0
14735691;
14735723;
14736474;0.0
14736880;0.6523766075628694
14739245;0.2579547299859361
14739551;0.0
14742107;0.3795166950355407
14742202;
14742450;
14742812;0.3965892810594352
14743538;0.0
14743920;
14744094;0.0
14744238;0.0
14744693;0.36347904744313214
14745675;0.3912303982179758
14746255;0.0
14746918;0.0
14755401;0.3626056179729389
14756780;
14759006;0.5113291999424139
14760484;0.3098386676965933
14761146;
14761473;0.30000000000000004
14761640;
14764612;
14765077;
14765439;0.7144891414975324
14765510;
14765569;
14766308;
14766783;0.37408621267180064
14768016;0.19595917942265423
14768250;0.0
14769055;0.3703280399090206
1476937;
14770292;0.3688555567816588
14770996;
14772023;
14772032;0.0
14772096;0.0
14772653;0.30000000000000004
14778837;0.0
14779188;
14779191;0.4670248868079293
14779305;
14780654;
14780706;0.0
14780951;0.2523360247522242
14781017;0.6216322005798798
14782826;0.0
14783897;0.31856308568045505
14784339;
14785713;0.3301380711583913
14786942;0.0
14787526;0.0
14787853;0.45175395145262565
14788035;0.25843829535236884
1478905;0.0
14791120;
14791232;0.0
14792022;0.4898979485566356
14792544;0.36927447293799825
14793575;0.39107694443752145
14794337;0.5504818825631803
14794878;0.0
14794896;0.37267799624996495
14794902;0.0
14795153;
1479547;
14797655;0.3912303982179758
14801198;0.49705012174770846
14801321;0.3184917966195481
14802102;
14802753;0.0
14802892;0.31180478223116187
14802913;0.37267799624996506
14804271;0.0
14804959;0.0
14805016;
14805023;0.0
1480567;
14805878;
14807465;0.0
14809279;0.3688555567816588
14810871;0.33071891388307384
14811654;0.0
14811671;
14813732;0.0
14814136;0.0
14814735;0.0
14814812;0.3142696805273545
14815079;0.5577733510227171
14815093;0.0
14815248;0.3405026123034995
14820582;
14821146;
14822258;0.5577733510227171
14822749;
14822904;
14824005;0.0
14824106;0.0
14824154;0.0
14824208;0.0
14824238;
14825150;0.0
14825391;0.0
14827284;
14827966;
14828142;0.22906142364542562
14829742;0.23424278964210216
14829774;
14830133;
14830152;0.3142696805273545
14830211;
14832771;0.0
14833868;
14834015;0.0
14834155;
1483428;
14839838;
14842367;0.28805349930639773
14843311;0.0
14843335;
14843445;
14844894;
14845334;0.0
14845343;0.3422860840197998
14845379;0.0
14845843;
14846057;
14846795;
14847016;
14847137;0.0
14850401;
14850890;0.5372818795095163
14851420;0.28414464208214585
14857654;0.36487819155789
14858211;0.5478831982795632
14859564;
14859806;
14860006;
14861172;0.0
14862050;0.0
14862271;0.0
14862487;0.27347088471412234
14863023;0.37416573867739406
14865694;
14865996;0.2798122778414056
14866115;0.1739926363384382
14866849;0.0
1486723;0.0
14868350;0.0
14868581;0.30361335602843254
14869540;0.0
14869587;0.0
14871048;
14871551;0.4494665749754947
1487197;
14872760;0.33946348413888633
14872847;0.0
14873230;
14878797;0.49761619619523495
14878836;0.37267799624996506
14879094;
14879203;0.39652014617057657
14881027;0.0
14881155;
148812;0.4330127018922193
14882135;0.0
1488261;
14882721;
14883105;
14883870;0.0
14884258;0.4
14884309;0.0
14885766;0.0
14886380;
14887071;0.0
14887489;0.36181361349331637
14888098;0.0
14890598;
14893264;0.4528588236658564
14893347;
14894190;0.11467015269229691
14902188;0.0
1490225;
14902362;
14902433;
14904714;
14905198;
14905703;
14906116;0.36347904744313214
14906202;0.0
14906602;0.0
14906843;0.45370572493959976
14906975;0.24845199749997662
14910357;0.5507605571916209
14910678;0.0
14912221;0.0
14912383;0.0
14912429;0.0
14915823;0.21066252211737155
14916025;0.0
1492107;0.0
14922111;0.3772255388263858
14922829;0.0
14922841;0.0
14923215;0.0
14923345;
14925335;
1492545;0.0
14925537;0.0
14925620;0.30983866769659335
14925769;0.5222329678670935
14927612;
14927927;
14928473;0.4026578365477733
14928648;
14930641;0.0
14930932;0.0
14930979;0.0
14931011;0.0
14931062;0.3370929155513066
14931332;
14931336;0.0
14931796;0.29714709975358455
14932482;0.0
14932613;
14935480;0.0
14937906;0.0
14939679;0.0
1494317;0.0
1494624;
14946254;0.34992710611188255
1494639;0.43362909039199393
14947176;
14948316;
14950907;0.5575800269908364
14951153;0.33180649050704175
14951384;0.35801372616842503
14952240;0.33364240464065265
14952395;
14954416;
14954789;0.0
14954880;
14954889;0.0
14956130;
14956246;0.0
14956520;0.0
14957831;0.0
14957881;0.469088881448095
14957932;
14958463;
14958613;0.46182383004777916
14958656;0.3763993960049205
14959370;0.30000000000000004
14959762;0.0
14959873;
14959910;0.2664693550105965
14961742;0.38932955632645627
14962138;0.2576941016011038
14963864;0.3333333333333333
14964332;0.0
14964442;
1496609;0.0
14971838;0.35201226588554513
14971930;0.36078426969062594
14972919;
14973634;0.2698838799386977
14974145;
14974151;0.33946348413888633
14974461;0.2664693550105965
14974633;0.2523518862226935
14974896;
14974960;
14975148;
14976696;
14977077;0.0
14977182;0.33013807115839133
14977483;0.5477225575051661
14977732;0.3422860840197998
14978222;
14978225;0.0
14979017;0.37267799624996506
14980537;
14982229;
14984961;
14985046;0.0
14985283;0.0
149854;0.0
14986206;0.36078426969062594
14986245;0.6715969971362724
14988680;
14988771;0.0
14989062;0.0
14989691;0.28747978728803447
14991069;0.0
14991282;0.0
14991317;1.116785814357321
14992017;0.3307189138830739
14992359;0.37951669503554064
1499460;0.8704871819184344
1499775;0.0
14999858;0.17399263633843823
150002;0.0
15000775;0.0
15001294;
15001648;0.0
15001822;
15002076;
15003754;
15005184;0.0
15005729;0.0
15007523;0.0
15008108;
15008253;
15009470;0.0
15011387;0.77320057918645
15011872;
15012207;
15013012;0.0
15015615;0.34985711369071804
15015624;0.0
15015712;0.0
15016193;0.3763993960049205
15017958;0.0
15018140;
15018164;
15025217;
15025921;
15026336;
15026695;0.0
15027292;0.7312470322826768
15027535;0.0
15027536;0.5
15027579;
15027827;0.0
15027831;0.3307189138830739
15027967;
1502863;
15029575;0.0
15029635;0.36137187490820805
15029831;
15030009;0.0
15030150;0.33364240464065276
15030436;
15030452;0.3248991615338157
15030628;
15031504;0.0
15031548;0.0
15031580;0.0
15033332;0.0
15033683;0.0
1503373;0.41833001326703784
1503429;0.0
15034349;0.31371455847090896
15034779;0.36462784628549644
15035700;
15035895;0.36735282343519987
15037030;0.23529411764705882
15037061;0.0
15037117;
15037532;0.0
15038053;0.3307189138830739
15038684;0.3663911691254661
15038899;0.20698993000641658
15038968;0.0
15038989;0.30000000000000004
15039073;
15039371;
15041298;0.3872983346207417
15041518;0.48744748888637723
150419;
150438;
15051007;
15051606;
15052298;0.3374986302843124
15053007;0.0
15053755;0.14395271495300288
15054011;
15055299;
15055908;
15056388;
15058008;0.36078426969062594
15058124;
1506044;0.5160495864064729
15061876;0.0
15061904;
15067166;0.0
15067257;
15067466;0.0
15067577;0.0
15067744;0.0
15068295;0.3254626336861513
15068761;0.30597614151589453
15068816;0.0
15076515;0.4160251471689218
15077771;0.0
15077814;0.0
15078026;0.0
15078157;0.0
15078436;
15079247;
15079999;0.0
15080095;
15080487;0.0
15081870;0.36927447293799825
15081941;0.0
15082350;0.3622089663122215
15082697;
15083782;0.3478465608812275
15083924;
15086743;
15087384;0.0
15087546;0.3659625273557
15088159;0.0
15088931;
15089035;0.6388765649999399
15089039;0.26742180740718047
15089102;0.40909328335076656
15089448;
15090612;
15091842;0.33609635671755045
15092217;
15092235;0.565685424949238
15092680;0.3594624166355121
15093128;0.0
15093404;
15093833;0.0
15095661;0.0
15095828;0.32195071575395756
15095994;0.3278926557164147
15096203;0.0
15096590;0.0
15096840;0.0
15096911;0.0
15098443;0.4631107131450332
1510719;0.42614641299220446
15107746;
15108024;0.0
15108077;0.3340370143641903
15108503;
15108649;
15108663;0.0
15108843;0.3254626336861513
15108995;
15109123;0.44862453863453144
15109656;
15109975;0.4861121766990861
15110177;0.30506991497802394
15110202;
15110579;
15110947;0.3464101615137754
15110998;0.6116843538229918
15112055;
15112841;
15113087;0.0
15113429;0.40177857325363253
15113807;0.5855494865254598
15114302;0.4
15114461;
1511462;
15115038;0.24763394000617822
15115090;0.0
15117345;0.0
15118744;
15119001;0.0
15119093;0.3350641648515664
15119130;0.0
15119719;0.0
15121287;0.6602562613676396
15123322;0.37267799624996495
15123398;0.2945929562327194
15124362;0.0
1512573;0.35548952130729516
15126349;0.0
15126697;0.0
15126791;0.0
15128708;0.0
1513088;
15137443;0.26048107719064567
15138246;
15139981;
15140041;0.4
15140399;0.0
15140682;
15141989;0.35250582268891073
15142082;
1514226;0.2420614591379636
15143699;0.375
15144430;
15145008;
15146583;0.0
15146836;
15147404;
1514851;0.0
15148721;0.3647341362881288
15149197;0.31374750995027834
15151291;0.41795633743251215
15151574;0.44279531687307083
15153023;0.17399263633843823
15153152;
15155043;0.36078426969062594
1515703;
15157279;
15157873;0.0
15158060;
15158431;0.0
15158783;0.0
15158808;
15159495;0.37104329962135935
15165560;0.0
15166356;0.48831725994965136
15166519;0.0
15166714;0.5471012044321932
15167169;0.0
15168036;
15168091;0.0
15168244;
15168562;0.2664693550105965
15168578;0.3563048203434806
15168689;0.0
15168717;0.4322861341462942
15169378;0.4814951784157416
15170274;0.35136418446315326
15170886;0.0
15171012;
15172532;0.0
151741;
1517490;0.4531162069992747
15175612;
15176359;
15176431;0.0
15180837;
15180908;
15181281;0.2664693550105965
15181482;0.0
15183460;0.3254626336861513
15183951;0.3104698017127927
15184060;
15184751;0.0
15185843;0.0
15186098;0.3353457132644524
15186126;
15186242;0.0
15186601;0.0
15186679;0.5090837092760935
15187552;
1518961;
15196085;0.0
15196356;0.0
15196408;0.0
15196609;0.3581610266174341
15197580;0.27401916938475573
15200204;
15200589;0.21794494717703367
15200684;0.0
15200871;
15202249;
15202250;0.0
15202741;0.0
15202857;0.0
15203232;0.0
15203298;0.6484854148963825
15205598;
15205629;
15206039;0.0
15206047;0.23529411764705882
15206673;
15207232;0.4701408876358036
15207972;
15208137;
15208380;0.46864487345105016
15210236;
15213162;
15215424;0.36181361349331637
15216217;0.4330127018922193
1521737;0.5388914922357193
1521739;
15218318;
1522568;0.0
15225910;
15226094;
15227013;
15227094;0.0
15227182;
15227627;
15228339;0.35759614091877445
15228576;0.0
15228949;0.7071067811865476
15229193;0.45475429694312436
15229208;0.0
15229468;
15229510;
15231434;0.0
15231725;0.34992710611188255
15232813;
15233636;
15234199;
15234938;0.0
15236357;
15236874;0.0
15238398;
15238828;0.0
15238834;0.0
15238909;0.4728465504196803
15239003;
15239029;0.0
15239297;0.5848319073653425
15240985;
15241980;0.0
15242498;
15245581;0.0
15245850;0.3651483716701107
15246216;
15246556;
15246570;0.40406101782088427
15247000;0.0
15248282;0.38490017945975047
1525115;0.0
15257506;0.0
15257652;0.42613061564184945
15259112;0.22329687826943606
15259854;0.5428101483418094
15259982;0.0
152604;0.5511676516633336
15261447;
15262118;
15262345;0.31013007244900886
15263061;
15263380;0.37390190101007426
15263868;0.6666666666666666
15264560;
15266401;
15267196;0.0
15267498;
15268675;0.0
15270921;0.2714037571915826
15271179;0.3795166950355407
15271674;
15272362;
15273126;0.0
15273281;0.0
15273292;0.20351933162035316
15273351;0.0
15273632;
15274433;
15275637;
15276122;0.38143588364669273
15276300;0.0
15277678;0.0
15277725;
15277732;0.0
15278429;0.1442220510185596
15285664;
15286553;0.4
15287492;
15289174;
15291174;
15291438;
15291511;
15291579;
15291616;0.3947200763150398
15291825;0.0
15291937;
15291990;0.3480997980288916
15292608;0.3550194095587379
15292673;0.0
15292754;0.0
15292797;
15292948;0.0
15293208;
15294165;0.5694233695533406
15295017;0.0
15295609;0.0
15296791;0.0
15296793;
15296912;
15297150;
15298061;
15298386;
15298453;
15299331;0.0
15299394;0.0
15299630;0.0
15299968;0.37267799624996495
15300495;0.6882472016116853
15300880;0.20619652471058064
15301767;0.0
15301892;
15302664;
15305215;0.0
15305489;0.0
1530583;
1530616;0.22906142364542562
1530696;0.0
1531112;
1531266;
15314917;
15315618;
15316317;0.0
15316334;0.4303314829119352
15316369;
15316458;0.5507570547286101
1531757;
15318483;0.0
15319088;0.4248522160347983
15319549;0.6878555066271322
15319876;0.0
15320140;0.3467298756210654
15320290;0.0
15320399;0.0
15321425;0.0
15323987;
15325610;0.38729833462074176
15327744;0.0
15328507;0.4166666666666667
15328637;0.0
15329613;0.36363636363636365
15329777;0.5970491846309522
15329911;0.7315293125604299
1533242;0.34992710611188255
1533496;0.0
15334980;0.0
15335600;0.0
15336291;0.4
15336485;0.0
1533983;0.3703280399090206
15343827;0.0
15345233;0.20291847453184145
15345383;0.0
15346725;
15346776;0.0
15346863;
1535058;0.3640898744444397
15351442;0.0
15354587;
1535751;0.0
15364465;0.24944382578492938
15367344;0.8970519963058969
153679;
15373298;0.0
15376390;0.3227486121839514
15376695;0.39513955218439356
15376719;0.0
15376740;
15377050;0.4244997055358225
15377158;
15378266;0.28747978728803447
15378553;0.1885618083164127
15381425;0.0
15382047;0.0
15382429;
15382548;0.27638539919628335
15382952;0.5812842670570244
15383235;0.0
15383802;0.30361335602843254
15384829;0.0
15385931;
15386401;0.0
15387726;0.0
1538790;0.9502768599779542
1538807;0.0
15388123;0.22906142364542562
15390526;0.35395401779329777
15390529;0.5209222590751906
15391866;
15392134;0.44956990765403604
15392314;0.0
15392495;0.0
15392675;
15394548;0.37951669503554064
15394839;0.0
15395459;0.0
154001;
1540259;
15406346;0.5
15406414;0.0
15406471;0.27638539919628335
15406486;0.0
15407098;0.3308680767474045
15408180;
15409389;0.0
15410728;0.2798122778414056
15411639;0.3563048203434806
15412462;0.0
15412860;0.0
15412866;
15413659;
15414366;0.0
15415975;0.0
15416402;0.0
15416839;0.0
15417192;0.0
15418023;
15419306;0.0
15419622;
15419706;
15420053;0.0
1542031;0.0
15421889;
15422396;0.0
15423683;
15424524;0.0
15424526;
15424770;
15424853;0.0
1542486;0.0
15424915;0.0
15425225;
15425736;
15425827;0.37267799624996495
15425852;0.2311850570695366
15426023;0.0
15426782;
154346;0.4182765124716145
15434735;
15435833;0.0
15436319;
15436997;
1543872;0.0
15439297;
1543961;
15440204;
15440895;0.3500121534107716
15441720;0.3104698017127927
15443345;
15444626;0.0
15445176;0.36347904744313214
15445467;0.5239368319955838
15445472;
15445617;
15445622;0.4330127018922193
15445655;0.375
15445686;0.0
15445751;
15446009;0.0
15446474;0.3464101615137754
15449035;0.0
15449352;0.0
15450636;0.31888695314937066
15450671;0.0
15453106;
15454601;0.5897804152417465
15455531;0.0
15457263;0.0
15457571;0.37416573867739417
15467455;
154694;0.0
15469638;0.0
1547356;0.0
1547383;
15475000;0.0
15475261;
15475338;
15477389;0.4736428352401466
15480159;0.5773502691896257
15480593;0.0
15481497;0.367006645104718
15481798;0.0
15481836;0.292107842545481
15481999;
15482114;
15482137;
15482251;
15484434;0.3513641844631533
15484884;0.47177057092500935
15485416;0.0
15485770;
15486739;0.0
15487092;0.0
15487539;
15487544;0.39176891244151574
15488174;0.4
15488823;0.0
15498178;0.3513641844631533
15498489;0.4330127018922193
15500406;0.3912303982179758
15500864;0.0
15500942;0.0
15501185;
15503779;0.0
15504380;0.0
15506431;0.0
15506459;0.18557687223952254
1550667;
15508753;
15509366;
15509456;0.3219507157539575
15510475;0.0
15510566;0.0
15510582;0.5511251537810047
15510778;
15511332;0.4933419132673033
15513654;
15514887;
15515005;0.0
15515010;0.43531257898218184
15515331;
15515340;0.0
15515656;
15516166;
15516401;0.0
15518756;
15518789;
15519126;0.0
15519442;0.0
15519649;0.36078426969062594
15520093;
15520446;0.0
15520707;0.3594868137091668
15522772;
15529565;0.0
15529773;
15529842;0.0
15530606;
15530864;0.0
15530903;0.4560244876465883
15531339;
15531476;
15532181;0.0
15532326;0.5577733510227171
15532331;0.34992710611188255
15532691;0.0
15532829;
15536492;0.6684478780941936
15537037;0.3217065529747218
15537750;
15537964;
15537972;0.36680868461789595
15538129;
15540057;0.3703280399090206
15540492;0.6701753114647583
15541464;
15541678;0.0
15543415;0.43646268027049234
15544270;
15546804;
15548500;0.4171071164339996
15549124;0.5196152422706631
15549745;
15551269;
15551481;0.0
15551698;0.3
15551792;0.0
155535;0.3506714347510871
155543;0.0
15558907;
15559855;0.0
15559871;
15560829;0.3083208205669246
15561372;0.375
15564052;0.0
15564304;0.5201604496922428
15564371;
15564522;
15565067;0.0
15566384;0.4677071733467427
15566881;0.0
15567334;
15569271;0.0
15569685;
15569811;0.24944382578492938
15570198;0.0
15570282;0.0
15570829;0.0
15571172;0.47140452079103173
15573350;0.36078426969062594
15574756;0.0
15575651;
15579206;0.0
15579873;0.36216530491860344
15580131;
15580210;0.0
15580258;
15580277;0.24845199749997668
15588089;0.0
15589186;0.5100060302956319
15589240;
15589346;0.0
15589529;
15589755;
15589802;0.0
15590391;0.0
15590809;
15591107;0.30983866769659335
15591681;0.3594624166355121
15591754;0.0
15594449;0.0
15594536;
15594746;0.3703280399090206
15595549;
15598038;0.2857142857142857
15599149;
15600668;
15600677;0.3513641844631533
15600678;0.36347904744313214
15600780;0.0
1560157;
15603614;0.3563483225498992
15603871;0.0
15605387;
15606379;
15606386;0.8536583853561616
15606406;
15608232;
15608744;0.0
15609150;
1561432;0.0
1561680;
156176;0.41122210987382257
1561968;0.0
15621201;
15621484;0.0
15622143;0.3703280399090206
15622731;0.09620913858416692
15622869;0.4330127018922193
15628913;
15629764;0.3450327796711772
15631315;
15634131;
15634401;
15635657;
1563940;0.0
15639758;0.24206145913796354
15639997;0.3569965237632746
15640945;0.6005288674451218
1564619;0.0
15652126;0.0
15652321;
15652612;0.27401916938475573
1565316;0.44556639433950346
15653179;0.3142696805273545
15653242;0.4409585518440985
1565361;0.5191911982388868
1565447;0.0
15656336;
15657711;0.2664693550105965
15660955;
15661053;
15661350;0.0
15661804;0.5
15662184;
15663515;
15663660;
15664120;0.39981967089022674
15664431;0.0
15665820;0.0
15665849;0.0
15666704;0.36735282343519987
15667087;0.5409182864283594
15667303;
15669383;
15669844;0.0
15670590;0.0
15670762;0.0
15670914;0.30833480626529525
1567120;
15671279;0.3506714347510872
1567131;
15671879;
15672392;0.0
15679866;
15681626;
15682407;
15684758;
15689241;0.0
15689316;0.5251478174880027
15691;0.0
15692670;0.0
15693302;
15694659;0.0
15694759;
15694784;0.0
15694935;
15696264;0.6012856546330667
156966;0.0
15696863;0.0
15697620;0.0
15697630;0.0
1569786;
15698097;
1570279;0.0
15702845;0.3091000762582518
1570300;
1570580;0.42979988112417805
1570847;0.0
15714365;0.4588314677411235
15715090;0.34992710611188255
15715372;0.5191911982388868
15721272;0.0
15721293;
15721732;0.0
15722773;0.0
15723143;
15724194;0.0
15727668;0.0
15728724;0.2746367251713696
15730426;
1573069;0.0
15733787;0.0
15733905;
15735687;0.4120110270608701
15735744;0.17298844428570856
15735844;
1573911;0.0
1574296;0.0
1574450;
1574470;
15745751;0.0
1574605;0.0
15746262;
1574648;0.0
15746800;0.0
15746996;0.0
15747888;
1574802;0.33946348413888633
15748390;0.0
15748911;
15749391;
15750436;
1575136;0.0
15752989;0.0
15753167;0.0
15753268;0.5072285686791127
15753503;0.4242640687119285
15753821;0.32546263368615136
15755511;0.0
15755613;
15756956;0.0
15758346;
15758673;0.22329687826943606
15758810;0.0
15760793;0.0
15763336;0.36998498468030955
15766278;0.21295885499998002
15766449;
15766499;
15766551;
15768191;0.0
15768543;0.23529411764705882
15768579;
1577480;0.38490017945975047
1577502;0.529150262212918
15781245;0.0
15783431;0.0
15784740;0.29612721342458925
15785473;0.0
15787254;
15787404;0.0
15787745;
15788882;0.23529411764705882
15789907;
1579502;0.0
15796344;0.32546263368615136
15798143;0.0
15798320;
15799763;
15799774;0.0
15800955;0.0
15811743;0.0
15812684;0.0
158141;0.0
158142;0.37951669503554064
15814414;
15818470;0.0
15819921;0.48680506023116343
15820507;
15820578;
15821038;
15824699;0.0
15825042;
15825438;0.0
1582754;0.0
15830329;
15830886;0.5810163764890209
15831037;0.0
15835112;0.47661668197668183
15836619;0.0
15837233;0.0
15837405;0.0
1583859;0.0
1583904;0.23529411764705882
1584152;0.0
15846307;0.0
15848274;
1584884;
1584918;
15849407;0.0
15849730;0.0
15854454;0.0
15854717;
15857500;
15857865;0.0
15858556;0.36487819155789
15858621;
15859067;
15859609;0.46330983153824834
15865044;
15865695;
1586833;
15869282;0.0
15869728;0.30983866769659335
15869920;
1587098;
15882357;0.0
15885622;
15885780;0.3340097303971847
15886199;
15886329;
15890804;0.34992710611188255
15891603;0.0
1589243;0.3500121534107716
15892855;0.36078426969062594
1589375;0.3703280399090206
15895492;0.0
15896378;
15898115;0.361371874908208
15902661;0.0
15906872;0.38937591336136806
15908551;
159113;0.4123930494211613
1591548;0.0
1591897;0.0
15920735;
1592102;
15921315;
15926474;
1592673;
15927792;
15927799;
15932166;0.0
15938810;0.0
15939916;0.3513641844631533
1594092;
15944435;0.0
15945071;0.4330127018922193
15957018;0.0
15957803;0.0
1595862;0.5500190982169267
1595930;0.0
15970273;0.0
15971910;0.0
1597402;
15978499;0.0
15978933;
15979347;0.0
15983249;0.0
15985119;0.3563483225498992
1599001;0.0
15995892;0.0
15997769;0.20393111999232308
16004537;
16005353;0.2151801890837181
16005597;0.0
16014188;0.0
16014237;
1602000;
1602005;
16027584;0.0
1603042;0.2808777298169844
160377;0.8052459578486433
16053615;
16055366;0.3795166950355407
16058226;0.5637694654233257
16059982;
16060565;0.3450327796711771
16068351;
16079596;
16080323;
16081218;0.0
16087390;0.2664693550105965
16089180;0.0
16092390;
16099267;
16101022;
16102551;0.4
16103150;0.0
16104181;0.38729833462074176
16104504;0.0
16105378;0.0
16118826;
16119219;0.0
161238;0.0
16123821;0.0
16125630;0.3307189138830739
16125631;
16125773;0.46134770374501116
16128474;0.29104275004359953
16132242;
16137331;
16137863;
16142919;0.35056362706742306
16143679;
16154849;0.0
16155227;0.0
16155487;0.0
16157110;
16163113;
16163602;
16164667;0.0
16166036;0.36117455450727615
16167705;0.26972453123756235
16171748;0.2802989352690225
16177287;0.30000000000000004
16177847;0.0
16178717;0.0
16179016;
16179225;
16188626;0.4330127018922193
16189695;0.4393122707498643
16189706;0.36927447293799825
16190369;0.3515241083500543
16194885;0.0
16195314;0.0
16195545;0.0
16200480;0.5374038640196663
16200562;0.37278682087928594
16201409;0.0
16201474;
16201522;0.5540690355738042
16202385;0.0
16202566;0.22329687826943606
16202674;0.35081474834208576
16205854;0.5362865892273683
16207341;
16208049;
16211564;0.0
16211642;
16212769;
16213041;0.35136418446315326
16214292;0.2575393768188564
1622;
16226893;0.30000000000000004
16228375;
16230160;0.0
16232095;
16232441;0.0
16233251;
16233311;0.5082492574439315
16235586;
16236722;0.0
16239368;
16240847;0.21712405933672374
16243750;0.375
16244152;
16248381;0.4567654432782013
16263110;0.0
16265051;
16265219;0.0
16268206;0.0
16268732;0.0
16271518;0.341797303712883
1627407;0.44353009726359605
16275246;
1627750;0.6666666666666666
16279317;0.0
16281108;0.6012530168834238
16281265;
16282924;0.0
16283144;0.28747978728803447
16285466;0.4919270144035597
16285784;0.0
1628594;
1628814;0.38729833462074176
16290151;0.35395401779329777
16291525;0.0
16291615;0.0
16292834;0.28747978728803447
16311749;0.0
16312318;0.0
16312662;0.23459582368351306
16313130;0.4534456004938648
16314875;
16317596;0.0
16318280;
16318775;0.7028047815149003
1631905;
16319372;0.0
1631944;
16320225;0.0
16320586;0.0
16320741;0.0
16321630;0.0
16324931;0.23459582368351306
16325216;
16325467;0.0
16326428;
16326769;0.5039526306789696
16327789;0.0
163306;0.38834988809085363
163308;
16330979;0.20327890704543541
16331107;0.0
16334136;
1633443;0.34985711369071804
16334583;0.0
16334980;0.0
1633713;0.36952011553347147
1633839;0.27638539919628335
163485;0.23459582368351306
1634954;0.3776757252588049
16357406;0.3098386676965933
16357641;0.0
16358891;0.3104698017127927
16360422;0.21295885499998002
16360498;0.42599745210635
16361388;0.0
16361418;0.0
16365753;0.344528345513026
1637293;
16373694;
16374951;0.0
16375432;0.0
1638241;0.3450327796711771
1638573;0.34946393303513806
1638603;0.3169328455231938
1638744;0.5507570547286103
16387642;
16387775;0.0
1638871;0.3513641844631533
16389441;0.0
16390076;
16390726;
16395337;
1639583;0.5424809810423141
16396098;0.30000000000000004
16396789;0.0
16396968;
16397877;
16398292;0.3594624166355121
16398694;
16403356;0.0
16403736;
16404661;0.27638539919628335
16404737;0.0
16407803;0.0
16411686;0.0
16411700;
16414986;0.0
16415260;
16416011;
16416150;0.0
1641634;0.42552315900281695
16417120;0.0
16417703;
16417761;0.0
16417841;0.31863423823841935
16418074;
16419178;0.0
1641944;
164278;0.6392924366018367
16428620;0.3590176356785962
16428758;0.38729833462074165
16430305;0.0
16431899;
16432830;0.0
16433176;
16433928;0.30361335602843254
16435676;0.3104698017127927
16436545;
16436846;0.0
1643725;0.36181361349331637
16437494;
16439057;
1644;0.23845657563073927
16442324;
16442734;0.0
16442811;0.0
16443127;
16443545;0.0
16447040;0.6852773266542715
16449316;0.7613671432629732
16449982;0.26452002850644324
16451353;0.0
16451441;
16452483;0.35136418446315326
16453303;
16454162;0.408248290463863
16455701;
16456830;0.0
16465435;0.0
16467912;
16468781;
16469535;
16469704;
16470564;0.0
16473054;0.4616641494074156
16473562;
16474048;0.0
16474638;0.0
16474767;0.0
16476536;0.0
16476698;0.28747978728803447
16476743;0.0
16477739;
16479429;0.23002185311411807
16479670;0.0
16479907;0.8401467793523121
16480011;0.502011056153098
16480047;
16480876;0.0
16482082;0.0
16484059;0.0
16484697;
16485019;0.5071819615262914
16485236;
16486264;
16486573;0.24944382578492938
16487164;0.0
16487420;0.3703280399090206
16487475;0.0
1648767;0.20829889522526548
16487761;
16487864;0.0
16488406;0.2857142857142857
16488465;0.0
16490670;0.0
16490739;
16490844;0.0
16491626;0.3535533905932738
16492394;0.0
16492618;
16492726;
16492875;0.0
16493021;0.3703280399090206
16493047;0.0
16493473;0.38729833462074176
16493846;0.4944132324730442
16494012;0.3142696805273545
16494092;0.5434530122012281
1650434;0.6604035224769778
16504399;
16506770;0.4
16507127;
16507152;0.24944382578492943
16507374;
16507519;0.3286992809345873
16508074;0.2420614591379636
1650960;
1651002;0.3484947053697973
16511154;
16511662;
16511663;
16512693;0.38729833462074176
16514046;0.0
16515999;0.29714709975358455
16516734;0.3979573976158256
16517011;
1651713;0.0
16517711;0.0
16518214;0.0
16520125;
16520175;0.2575393768188564
16522884;0.0
16523562;0.4618802153517006
16524977;0.0
1652761;
16528123;0.0
1653320;0.28747978728803447
1654026;
16540806;0.36166334306279013
16541469;0.304617503701042
16542495;0.49884265606567985
16542977;0.4
16543067;0.3254626336861513
16543184;0.0
16544628;0.0
16547952;
16548006;0.3450327796711771
16550129;
16550229;0.0
16550692;0.0
16550751;0.33799408278844173
16553990;0.0
16554309;
16558142;0.0
16558684;0.5499387330648005
16559996;0.0
16560452;
16560521;0.0
1656130;0.0
16561410;
16561420;0.0
16561659;
16561767;0.3177444546511213
16561925;
16562248;
16562923;0.3640898744444397
16565427;
16566308;0.31774445465112133
16567582;0.34992710611188255
16568313;
16569320;
16569625;
165756;0.44962576831244566
1657746;0.36639116912546604
1657994;0.6666666666666666
1658022;0.0
16582033;0.15320622411163354
16584159;0.0
16585224;
16585498;0.38729833462074176
16585712;
16588863;0.50721574876599
16589402;
16591108;
16591461;0.0
16591894;
16592199;
1659277;0.0
1659524;0.37157376272280607
16598583;0.38729833462074176
16599040;0.0
16599505;
16602185;
16602879;0.0
16604882;0.0
16605206;
16605515;0.47964117695115294
16605766;0.43658936217413297
16605890;0.0
1660862;0.3594868137091668
166161;0.783364520704869
16618443;0.37157376272280607
16619453;0.4648111258522642
16622310;0.534939482315387
16629903;0.4
1663168;0.36735282343519987
16632315;
1663413;0.0
16634730;
16636792;0.0
16636846;0.22906142364542562
1664244;0.33631940741154515
16643230;
16643267;0.0
16643411;
16643787;
16644970;0.28527302786684805
166459;
16646911;
16648784;
1665407;
16656262;
16657402;
16659859;
1666033;
16663435;
16664172;0.34992710611188255
16665527;0.3703280399090206
16667714;
16669088;0.36380343755449945
16669586;
16670065;0.34157925118433374
16672692;0.0
16672736;0.3715737627228061
16672884;
16673049;0.0
16676151;0.0
16677451;0.0
16678450;0.0
1668025;0.35395401779329777
1668073;0.44095855184409843
1668088;0.0
16681121;
16681252;
16681359;0.24944382578492943
16681377;0.33799408278844173
16681420;0.3142696805273545
16681972;
16682282;0.3278926557164147
16682375;0.4236592728681617
16682555;0.2575393768188564
16682725;
16683620;0.0
16684676;0.0
16691;0.4330127018922193
16695668;0.3177444546511213
16695679;0.0
16695943;
16697390;0.0
16698388;0.298436278192071
16698635;0.0
16698676;
1670128;0.23459582368351306
16701857;
16702097;0.38490017945975047
16702676;0.0
16703192;
16703208;0.0
16703304;0.3711348095126027
16709067;
16710592;0.34216472040106627
16711311;0.0
16713311;0.3763993960049205
16713632;0.0
16714451;0.3506714347510871
16715835;0.2449489742783178
16716595;
16716651;0.0
16716860;0.38729833462074176
16717015;
1671793;0.08837721210841307
1671805;0.0
16720308;0.0
16721408;0.5756395979652218
16732079;0.0
16733161;0.0
16733250;0.47499456282229574
16734190;0.0
16734244;0.0
16735231;
16735928;0.38030001206094344
1673604;0.23529411764705882
16736351;0.3440104580768907
16736690;0.0
16736783;0.0
16737041;0.0
16737105;0.5102499677469846
16739814;0.0
16740257;0.0
16742927;0.32630870898294895
1674362;
16745824;0.0
16745932;0.0
16747200;0.3142696805273545
16747874;0.5649210586171627
16749234;
16752624;0.3184917966195481
16753369;0.0
16753484;0.0
16754584;0.0
16754924;
16755517;
16755552;0.0
16759199;0.19230769230769232
16760829;0.0
16774689;0.3018311461998687
16778509;0.24845199749997662
16778734;0.3396831102433787
16778795;
16778965;
16779307;0.367006645104718
16780393;0.0
1678145;0.0
16781769;
1678344;0.6085806194501846
16783776;0.5318160234783104
16784952;
16785906;
16786444;
16786458;0.5300865358950273
16786944;0.0
16787166;0.0
16788943;0.0
16789943;
16791108;0.0
16791322;0.3141404312187716
16791422;
16791623;0.27638539919628335
16794646;0.481266710939811
16795391;0.0
16795810;0.0
16795996;0.0
16796526;0.3581618117302907
16796617;0.1739926363384382
16796812;
16797350;0.42669540133125566
16807938;0.0
16809470;0.4
16810569;
16813048;
16813480;0.4265739164853628
16816862;0.0
1681769;0.631906287004296
16819050;
16819632;0.0
16819738;0.7312470322826768
16820027;0.0
16820177;
16820241;0.0
16820729;0.34946393303513806
16820818;0.0
16821451;0.4813325612118492
16821487;
16821748;0.3104698017127927
16821913;0.4904332588039965
16821956;
16824734;0.0
16825572;0.42078632384440295
16825875;0.4
16826565;
16827311;
16829544;0.3142696805273545
1682972;0.6105197580750356
1682975;
16829929;0.3651483716701107
16830026;
16830480;
16830558;0.0
16830700;0.4444209048659086
16830845;
16831127;0.32546263368615136
16832212;0.36380343755449945
16832259;0.416895736563657
16832564;
16833161;
16833344;0.0
1683844;
1683847;
16841956;
16842223;
16843096;0.2575393768188564
16844271;0.0
16844659;0.0
16844925;
16845291;0.0
16848363;0.0
1685026;
16850557;0.0
16850600;
16851208;0.0
16851454;0.3590351654086268
16851510;0.0
16853847;
16854807;0.2420614591379636
16855318;0.0
16855444;0.18557687223952254
16855658;
16856555;
16857144;0.3715737627228061
16857165;0.0
1686024;0.0
16860248;0.0
16860265;
16860724;
16860816;0.0
16861117;0.20818269954059848
16861470;0.4297956256587437
16862283;0.0
16862682;
16862768;0.0
16863098;
16863405;0.0
16863439;0.0
16863752;0.7910752176626443
16864931;0.3307189138830739
16866369;0.39859904608345337
16868172;
16870153;0.0
16873505;
16880470;0.16643566632465157
16880795;
16881250;0.3646278462854964
16881402;0.46291004988627577
16882158;0.24845199749997668
16882902;0.3142696805273545
16884485;0.33517911826710517
16887614;0.29612721342458925
16887897;
16887972;0.3952847075210474
16888096;
16888139;
16888229;
16890968;0.5637646561724186
16891180;
16891880;0.20451968503926782
1689288;0.3390106295587778
16893934;0.0
16894398;0.8117250688588493
16895224;0.34992710611188255
16895616;
16896410;0.3912303982179758
16896420;0.0
16897165;
16900292;0.0
16901680;
16901717;
16901964;
16902243;
16903292;
1690361;0.361371874908208
1690456;0.27638539919628335
16905821;
1690638;
16906555;0.0
16907528;0.0
16907849;0.0
16907919;0.0
16908347;
16908514;0.0
16908637;
16908899;
16909975;
16919547;0.0
16921015;0.0
16921545;0.0
16921759;
16922121;0.0
16922309;0.25637727971969365
16923110;0.0
16923342;
16923797;0.0
16925380;0.32546263368615136
16926655;0.0
16929593;0.0
16929643;0.0
16932185;0.38729833462074176
16932379;
16932723;0.0
16932765;0.5062807909717756
16933727;0.4844729135305431
16934448;
16934925;0.36078426969062594
16935179;0.3104698017127927
16944947;
16945001;
16945352;0.42827392366197586
1694862;0.0
16954611;
16957177;0.4847699484606209
16957712;0.0
16957895;
16958101;0.0
16959007;0.0
16962315;0.6139903313441727
16962420;0.0
16963707;
16964185;
1696428;0.6402745683785073
16964406;
16964649;0.3912303982179758
16964723;0.0
16966964;0.41291645644125163
16967845;0.0
1696856;
16973268;0.0
16973698;
16973767;
16974134;0.3795166950355407
16974755;0.0
16975079;0.24944382578492938
16975452;0.0
16975622;0.5030588152874855
16975990;
16978988;
16979229;0.3091000762582518
16979969;0.0
16980455;0.4702886681665273
1698051;0.6517245568176664
16980614;
16980639;0.0
16981118;0.0
16981969;0.0
1698502;
1698697;0.3340097303971847
16991378;0.0
1699161;0.4330127018922193
16992524;0.2910427500435996
16993862;
16994366;0.0
16994411;
16994519;0.0
16994595;
16994809;
16994816;
16995176;0.0
16995354;0.24944382578492938
16997140;0.24776781245530846
16997691;
16997792;0.7408703590297623
1699823;
16998782;0.0
17001130;0.0
1700124;0.40265558393542294
17003196;
17003562;
17004465;0.5144957554275266
17005510;0.22587697572631282
17005581;
17005841;0.0
17005998;0.0
17009000;0.0
17009515;0.0
17010145;0.5045367099296806
17010784;0.0
17011495;0.0
17014816;
17015033;0.0
17015399;
17015435;
17016663;0.32520084515122544
17016826;0.2523360247522242
17018598;0.17399263633843823
17029773;0.7417147592295252
17031814;0.6172133998483676
17032344;
17032682;
17033596;0.0
1703559;0.37618635251588023
17037904;
17038882;0.3942721723242933
17039036;0.375
1703906;0.44930501889028573
17039393;0.0
17039744;0.3795166950355407
17041121;0.4
17044754;0.4677071733467426
17044770;0.0
17046791;
17047069;0.4542612748024247
17047105;0.4930066485916347
17049137;0.36181361349331637
17049967;0.0
17051504;0.36927447293799825
17051964;
17052764;0.0
17054422;0.4700446038238338
17055488;0.2563772797196936
17056370;0.27638539919628335
17058370;
1705900;0.34234816843529614
17059169;0.0
17059751;0.0
17068310;
17068526;0.5269195676469329
17069452;0.5399816306841884
17069573;0.0
17070111;0.33946348413888633
1707139;
1707161;
17073691;
17074025;0.0
17075519;0.0
17075539;
17076044;
17076168;0.24294787226698084
17079446;0.19843134832984427
17079496;0.0
17081662;0.0
17082128;
17082152;
17082461;0.37951669503554064
17082492;0.5550885058256205
17082510;0.48851020105594795
17082533;
17082538;0.0
17082546;
17082603;
17082652;0.36069542527498183
17082663;0.24845199749997668
17082685;0.0
17082719;0.0
17082727;
17082743;0.0
17082745;0.37267799624996495
17082746;
17082760;0.21295885499998002
17082771;
17082800;0.0
17082842;0.0
17082854;
17082862;0.17647058823529413
17082886;
17082924;0.5432139507229526
17082954;0.0
17082961;0.2618897822226457
17082983;0.0
17082991;0.0
17083008;
17083014;0.21794494717703367
17083020;0.0
17083037;
17083060;
17083086;0.0
17083098;0.5533651757668523
17083148;0.0
17083177;0.0
17083191;0.47541654650165405
17083194;
17083195;0.5428101483418094
17083252;0.4554572909554666
17083261;0.36927447293799825
17083263;0.0
17083284;
17083309;0.0
17083325;0.0
17083343;0.36347904744313214
17083345;0.631906287004296
17083392;0.40994110335255873
17083467;
17083498;0.0
17083504;1.5847141255176707
17083509;
17083530;0.33071891388307384
17083533;0.5072285686791128
17083542;0.0
17083560;0.6172133998483676
17083599;0.34232659844072877
17083616;
17083623;
17083624;0.1506131137016415
17083642;
17083646;
17083665;0.28386354538174535
17083668;0.0
17083673;0.0
17083684;
17083690;0.5039526306789696
17083712;0.43753319201821367
17083724;0.0
17083784;0.4353125789821819
17083794;
17083812;0.2996596709057576
17083848;0.37267799624996495
17083897;
17083908;0.7639708695318352
17083936;
17083938;
17084390;0.3503824441133675
17084409;0.4330127018922193
17084416;0.3379154497963546
17084421;0.43416463350134593
17084427;
17084461;0.44930501889028573
17084486;0.6758358752119615
17084526;0.0
17084546;0.2664693550105965
17084561;
17084570;0.4601789933084222
17084583;0.0
17084594;0.5353573875031746
17084612;0.8697259818445274
17084623;0.0
17084643;
17084696;0.0
17084699;
17084707;0.0
17084710;0.36078426969062594
17084739;
17084765;0.0
17084805;0.0
17084823;0.0
17084828;0.0
17084880;
17084887;0.36735282343519987
17084917;0.41934856287625727
17084939;0.3142696805273545
17084950;0.0
17084955;0.3450327796711771
17085023;0.36078426969062594
17085030;0.8596278927304034
17085081;0.6937184376831405
17085085;
17085112;
17085127;0.38298669271721936
17085271;0.0
17085308;0.0
17085320;0.23890677320032544
17085321;0.0
17085322;0.3184917966195481
17085324;
17085404;
17085406;
17085419;0.0
17085471;0.3450327796711771
17085484;0.0
17085492;0.980644389064542
17085498;0.3513641844631533
17085560;
17085567;0.561740346048477
17085570;0.34815531191139565
17085588;0.3286992809345873
17085605;
17085641;0.0
17085651;0.0
17085686;0.27638539919628335
17085725;
17085827;0.30918021221953695
17085843;0.09125993626277909
17085865;0.0
17085871;0.41573970964154905
17085874;0.33946348413888633
17085897;0.0
17085940;
17085943;0.0
17085963;0.7541813437567804
17085965;0.34199278402838473
17085974;0.0
17085977;
17085985;0.8287754140107482
17086037;0.0
17086054;0.3703280399090206
17086079;0.6369974480470058
17086084;0.22906142364542562
17086093;0.0
17086105;0.38490017945975047
17086107;0.0
17086110;
17086139;0.0
17086204;0.2606121704184369
17086206;0.310195952027039
17086208;
17086242;0.6900655593423543
17086268;0.30158585621724976
17086288;0.2420614591379636
17086295;0.2857142857142857
17086296;0.0
17086308;0.0
17086344;0.0
17086353;0.49666874980563175
17086357;0.4472135954999579
17086366;0.5942941995071691
17086370;0.8651453370929237
17086438;0.38490017945975047
17086456;0.4944132324730442
17086465;0.0
17086515;
17086518;0.36487819155789
17086530;0.0
17087016;0.34992710611188255
17087043;0.0
17087108;0.0
17087109;0.0
17087126;0.34232659844072877
17087183;0.0
17087196;
17087238;0.0
17087247;0.0
17087275;0.35208939510976517
17087286;0.0
17087297;0.39430924111187393
17087319;0.0
17087344;
17087359;0.2808777298169844
17087361;0.0
17087366;0.3563048203434806
17087373;0.3703280399090206
17087439;0.0
17087444;0.2575393768188564
17087585;0.24845199749997668
17087633;0.39366134193302926
17087638;0.32546263368615136
17087672;
17087692;0.0
17087702;0.28527302786684805
17087714;
17087715;0.0
17087770;0.4
17087781;0.22231963567837024
17087797;
17087799;0.24776781245530846
17087805;0.24216105241892633
17087806;
17087818;0.0
17087830;0.0
17087897;0.0
17087933;0.21295885499998002
17087968;0.0
17087981;0.0
17088049;0.3304845326272266
17088073;0.5
17088106;0.2081826995405985
17088122;0.3703280399090206
17088149;
17088187;0.29931907176378914
17088198;0.0
17088209;
17088246;0.4340939555752231
17088255;0.0
17088277;0.3592907283574691
17088469;
17090980;0.0
17091606;
17093514;0.0
17093729;0.17298844428570856
17093906;
17094639;0.270425949024529
17095045;0.34992710611188255
17095518;0.0
17097122;0.50721574876599
17097245;0.0
17099876;
17100395;0.0
17100780;0.36927447293799825
17100976;0.0
17101764;0.36166334306279013
1710461;0.0
17111773;0.0
17113157;0.375
17113344;
17113519;0.0
17114702;0.3912303982179758
17115474;
17115918;0.0
1711764;0.0
17119291;
17120115;0.4040610178208843
17120791;0.0
17121885;0.6064212827550325
17122972;0.46039841588862734
17122984;0.35714285714285715
17126325;
17126387;0.5333429449345366
17127375;0.0
17128337;0.30000000000000004
17128415;0.2664693550105965
17131650;0.33364240464065276
17133589;
17134422;0.0
17135018;
17135405;
17136131;
17138868;0.6853973044773198
17141559;0.0
17141603;0.0
17141696;
17142317;
17142789;
17142798;0.0
17155904;0.37951669503554064
17156733;
17157057;0.31580983530783713
17159590;0.0
17160050;
17161937;0.0
17162539;0.36078426969062594
17163159;0.2664693550105965
17163247;0.0
17166011;
17166023;0.0
17166546;
17169091;0.0
17169189;0.0
17169304;
17170988;
17171102;0.0
1717155;0.24206145913796354
17171907;0.6666666666666666
17171988;0.0
17173058;0.0
1717399;0.0
17174185;0.3703280399090206
17174485;
17175175;0.19595917942265423
17176468;0.3163199472652663
17176483;0.5093030822895438
17176595;0.0
17176616;0.3513641844631533
17176805;0.76428584107568
1717681;0.0
17176832;
17176834;
17176846;0.4868644955601476
17176882;0.0
17176893;0.4231270002414563
17176898;0.3688555567816588
17176937;0.4068921533893176
17177082;0.21231789386223351
17177086;0.3912303982179758
17177101;0.5411825736514503
17177121;0.0
17177287;
17177306;0.6096523037686191
17177443;0.28527302786684805
17177454;0.5936293737116901
17177500;0.34992710611188255
17177502;0.0
17177537;0.0
1717841;0.6573421981221796
17178719;
17178749;0.3177444546511213
17178876;0.27003086243366087
17179646;0.17647058823529413
1718086;0.6005288674451218
17181514;0.37157376272280607
17181693;0.26972453123756235
17181700;0.0
17181701;0.35398384100647867
17181708;
17181724;0.0
17181727;0.5362865892273683
17181728;0.3076923076923077
17181748;0.2575393768188564
17181770;0.31346694695446825
17181958;0.0
17182649;0.0
17186019;
17190819;0.5773502691896257
17193276;0.3254626336861513
17194248;
17194789;0.0
17198244;
17198956;0.2970125369983756
17198965;0.0
17201723;0.0
17202811;
17202903;0.22906142364542562
17203119;0.0
17203835;
17204585;
17204602;0.5507570547286101
17204664;
17204700;0.0
17204801;0.0
17204867;0.0
17204893;0.5270462766947298
17204912;0.54110822483116
17204977;0.38729833462074176
17205161;0.0
17205180;0.38569460791993504
17205206;
17205214;
17205253;
1720587;
17207041;0.35933725647209036
17208691;0.3551894631474634
17208903;0.0
17208974;0.0
17209010;0.0
17209102;0.0
17209314;0.0
17209438;0.6793662204867574
1720966;0.7693937232345722
17210211;0.34992710611188255
17211198;0.4097763617714749
17211291;0.5669467095138409
17212341;0.0
17212682;0.4
17212922;0.2575393768188564
17213325;0.0
17213390;0.0
17216104;0.24847472142168692
17216482;0.0
17217070;0.3450327796711771
17218184;0.6430563491203896
17218531;0.2575393768188564
1721870;
17219042;
17222068;0.2746367251713696
17222194;0.0
17223528;0.0
17225691;0.0
17225971;0.0
17226332;0.0
17226515;0.0
17226701;0.5214057935943285
17226764;0.0
17226970;0.17120161767270564
17226995;0.0
1723357;0.8016233529532432
1723769;0.2575393768188564
1723830;0.37267799624996495
17239704;0.34992710611188255
17240459;0.0
17240506;0.0
17242354;0.0
17242411;
17242845;0.622969691473508
17243845;0.4719232400622504
17244085;0.0
17245544;0.2664693550105965
17247696;
17247745;0.0
17247980;0.15790935184884225
17249687;
17249777;0.5914847651505893
17249827;0.408248290463863
17250714;0.0
17250728;0.33071891388307384
17251262;0.3336424046406527
17251329;0.0
17251372;
17253758;0.0
17253986;
17254168;0.0
17254223;
17254314;
17254367;0.0
17255111;0.48208983737820577
1725619;0.0
17256498;
17256982;0.0
17257850;0.0
17260296;0.41201102706087017
1726131;0.0
17261417;
17261716;0.33709291555130666
17262566;0.3301380711583913
17263622;
17263721;
17263728;0.0
17263765;0.5507570547286103
17263781;0.0
17263848;0.0
17263853;0.0
17263990;
17266915;0.3194108946418582
17268757;0.0
17269007;0.0
1726936;0.0
17270577;0.6438520439863917
17270600;0.0
17270705;
17271059;0.573755698753269
17271150;
17271504;0.0
17271844;0.0
17272175;0.3592907283574692
1727280;0.0
1727310;0.0
1727565;0.3307189138830739
1728384;0.0
17284104;0.0
17285039;0.9836025866389874
17286310;0.0
17286850;0.3142696805273545
172895;0.4777842981806008
17290929;0.5072572735017881
17291275;
17292518;0.0
17292598;
17293211;0.0
17293745;0.6936790685248972
17293983;0.5046870264916612
17298106;
17298361;0.35777087639996635
17298549;
17298781;0.20393111999232305
17300214;
1730053;
17300611;0.5577733510227171
17301140;0.3563483225498992
17301617;0.30839408763582266
17304214;0.5577733510227171
17304638;0.0
17305375;0.40232972038143544
17306037;
17306849;0.0
1730800;0.27401916938475573
17308139;
17311457;
17312079;
17312650;0.4
17312982;0.0
17313647;0.0
17313962;0.0
17314362;0.36380343755449945
17314377;
1731515;0.0
17316372;0.37267799624996495
17326119;
1732642;0.0
17326694;0.0
17326702;0.29714709975358455
17326932;0.3668086846178961
17327011;0.0
17328003;0.6011724560408178
17329058;
17335206;0.0
17335979;
17336045;0.0
17337007;
17337186;0.0
17338066;
17340127;0.0
17340276;
17340999;
1734544;
17346538;
17346985;
17347043;0.5357722014549204
17347589;0.0
17348348;
17349000;
17349586;0.34992710611188255
17349603;0.45993310550389993
17349912;0.0
17350351;
17350437;0.0
17350639;0.0
17351191;0.0
17351885;0.3450327796711771
17354026;
17355443;0.31856308568045505
1736770;0.0
17370646;0.3336424046406527
17370959;0.34992710611188255
17371091;0.0
17371651;0.292107842545481
1737198;0.5669467095138409
17372341;0.0
17373424;0.0
17374837;0.0
17374881;
17374893;
17377688;
17378308;0.0
17378991;0.3142696805273545
17379499;0.4088310863215482
17379510;0.19595917942265423
17380088;0.3715737627228061
17380962;
17381695;0.0
17381706;0.3141404312187716
17381803;0.2575393768188564
17381878;
17382258;0.0
17382715;0.0
17384394;0.33071891388307384
17385346;0.2857142857142857
17385642;0.34992710611188255
17385838;0.0
17387179;0.0
17387611;0.0
17387881;
17388901;0.46646821177074066
17389163;0.367006645104718
17389590;0.0
17390256;0.0
17391054;0.0
1739166;0.0
17392533;
17392994;
1739315;0.0
17393344;0.0
17393556;0.0
17393618;
17393920;
1739823;0.0
1739917;0.0
17399828;0.0
17400935;0.22906142364542562
17401022;0.3668086846178961
17402349;0.31774445465112133
17403298;
17403556;
17404115;0.5375673579283454
1740618;0.7716829396565184
1741546;
17416389;
17416854;0.0
17417021;0.0
17417093;0.46513025470953173
17417163;0.0
17418184;0.5191911982388868
17418355;
17418537;0.0
17420264;0.42349477692995996
17420864;0.0
17420970;
1742125;0.0
17422015;
17422523;0.0
17425511;
17426325;
17426791;0.0
17426808;
17428031;0.4240482042737032
17428927;0.5006882315714638
17429276;0.0
17429339;
17429743;
17439908;
17440339;0.34992710611188255
17440556;0.7632742510916151
17440939;
17442126;0.4
17443664;
17445881;0.0
17447689;
17448185;0.0
17449341;0.0
1745419;0.0
1746052;0.33071891388307384
17462743;
17463377;0.5311184387094948
17463623;0.0
17464152;0.0
17467084;0.0
17467488;0.42318139323757087
17468238;
17468978;0.0
17472112;0.0
17472997;0.0
17473191;0.0
17474450;0.0
17474655;0.0
17475113;0.0
17475655;0.0
17475989;0.0
17476422;0.34815531191139565
17479706;0.47351712669950796
17479844;
17480100;0.0
17480659;0.3651483716701107
17481148;0.0
17483733;0.37267799624996495
17484448;
1748503;0.37267799624996495
1748531;
17488011;
17489189;0.47075475546388057
17489272;
17489983;
17490765;0.0
17491545;
17494177;
17494301;0.0
17495342;
17496439;
17496527;
17497105;
17497299;0.0
1750212;0.3074049283454008
1751184;0.3763993960049205
1751321;0.0
1751347;
17513782;0.0
17514814;
17515061;0.3703280399090206
17515821;
17517705;0.0
17518040;0.0
17518358;0.8835226340609272
17520257;0.0
1752129;
17522278;0.0
17524033;0.35136418446315326
17527115;0.2581622111633058
17527342;0.0
17527654;0.37157376272280607
17528065;0.3142696805273545
17528166;0.47424859639318123
17528205;0.0
17528408;
17529312;0.4948716593053935
17529728;
17530784;0.35395401779329777
17531072;0.0
17531226;
17531370;0.0
17531898;0.36078426969062594
17532449;0.0
17532512;
17534590;0.4029333990550722
17536193;
17537528;0.0
17538579;0.27638539919628335
17539271;0.0
17540;0.0
17542270;0.3912303982179758
17542980;0.3786837209918293
17543094;0.3795166950355407
17543505;
17543569;0.3466303141648595
1754396;0.0
17544743;0.43531257898218184
1754476;
17548;0.3651483716701107
17560156;0.3002950776409672
17561457;0.0
17563650;0.2798122778414056
17564576;
1756561;0.173611028488314
17567172;
17567183;0.0
17567561;
17570101;0.3336424046406527
17570792;0.19230769230769232
17573639;0.2664693550105965
17574448;0.0
17574534;0.0
17574638;
17574909;0.0
17575120;0.0
1757583;0.0
17575855;
17576196;0.0
17576876;
17577615;
17577749;0.6477502756312957
17578049;0.0
17578151;0.4
17578480;
17579048;
17579457;
17580425;0.0
17581349;
17582442;
17582652;0.3142696805273545
17583286;0.0
17583394;0.37157376272280607
17583808;0.0
17584232;
17584428;0.37416573867739417
17586313;0.3104698017127927
17588152;0.29714709975358455
17588574;
17590011;
17590031;0.0
17591606;
17592660;
17592749;0.0
17603530;
17605652;0.0
17606003;0.0
17609473;
17612170;0.3592907283574692
17613234;
17614255;0.2523360247522242
17614468;0.0
1761583;
17616857;0.0
1761966;0.6054977634596641
17620410;0.2575393768188564
17621150;0.0
17621282;0.0
17622744;0.2664693550105965
17623430;
17624369;
17628958;
17629119;0.42943933908831355
1762962;0.29104275004359953
17631243;
1763340;0.0
1763418;0.6955386678406447
17636666;0.0
17637210;0.38490017945975047
17638039;
1763820;
17638218;0.47140452079103173
17638754;0.39528470752104744
1763975;0.0
17640108;
17657580;0.2604807466308611
17657965;
1765846;
17660038;0.5619795779196427
17662021;
17662095;0.0
17662298;0.7765170876567351
17662315;0.37267799624996495
17664561;0.5975444680966799
17666201;0.36181361349331637
17666317;0.34992710611188255
17667738;
17668627;
17668842;
17669173;0.0
17671051;0.0
1767239;0.0
17679135;
17679785;0.0
17680634;
17681464;0.0
1768243;0.5309948733797302
1768371;0.5720851161591906
17687480;0.0
17688028;0.5270462766947299
17688418;0.4320493798938574
17688499;0.3659625273557
17689484;
17690;0.21794494717703367
17692598;0.0
17693429;0.0
1770608;
17707330;0.19850964229925167
17711244;0.3142696805273545
17711358;0.27401916938475573
17711635;0.0
17713365;0.0
17716390;0.4530198962253299
17716577;0.0
17717231;
17718603;0.41122210987382257
17719302;0.0
17720859;
17721192;0.3815545724596356
17722610;0.1823670681440644
17725205;
17726622;0.6865715340592495
17728935;0.36069542527498183
17732013;0.0
17732051;0.3657114381135463
17732949;
17733260;0.0
17733859;0.0
17736112;
17736561;0.0
17736590;0.0
17737049;0.3659625273557
17737165;0.38490017945975047
1773770;0.0
17740264;
17741620;0.6105579948610593
17741682;
17741773;
17741784;0.0
17743642;0.0
17743934;0.650174801670499
17744184;
17744959;0.3422860840197998
17745052;
17745889;0.0
17758992;0.0
17760281;0.3500121534107715
1776064;
1776086;
17761010;0.38834988809085363
17761590;
17762721;
17762949;0.3651483716701107
17763900;0.41501953079041953
17765040;0.6641024949026104
17765521;
17768317;0.16643566632465157
17768970;0.6849348892187752
17769025;0.48469079841485246
17769335;0.304617503701042
17769616;
17771974;
17772306;0.5157690056677497
17772373;
17772518;0.0
17773035;
17773480;
17773584;0.0
17773634;
1777370;0.5773502691896257
17774441;
17778250;0.21345287577710165
17778347;0.0
1777886;
1777974;
1777996;0.3558442112802423
17780040;
17780519;0.5264730886222755
17783290;
17784825;0.37416573867739417
17784856;0.6546536707079771
17786412;0.42162331025156247
17786499;0.4192169610670522
17787508;0.0
17787609;0.0
17787764;
17788318;0.0
17791057;0.0
17791077;0.5191911982388868
17792952;0.28414464208214585
17794120;0.0
17794774;0.0
17795817;0.3606954252749819
17796100;0.0
17797446;
17808957;0.0
17810455;0.0
17811366;
17812674;0.3074049283454008
17812954;0.0
1781305;
17813234;
17813291;0.3379154497963546
17813541;
17813677;0.0
17813688;0.0
17814698;0.35136418446315326
17818517;0.0
17818540;
17818686;0.45519470127241374
17818957;0.5962847939999439
17819506;0.0
17820722;
1782079;
17821684;0.35816181173029077
1782341;0.36117455450727615
17831360;
17833396;
17833430;0.12903225806451613
17833607;
17833903;0.0
17834185;
17835613;
17837298;
17837459;0.4026578365477733
17837755;0.692820323027551
17838097;0.5239368319955838
17840120;
17840849;0.3370929155513066
17840882;0.0
17841425;0.3795166950355407
1784697;0.4472135954999579
1784737;
1784766;0.0
1784853;0.5
17852263;
17857278;0.0
17858098;0.0
17858152;0.24845199749997662
17858518;0.3142696805273545
17859288;0.0
17859648;0.3506714347510872
17859675;0.0
17860648;0.0
17861671;0.0
17861724;0.5171731519722981
17861836;0.5117595863348008
17862539;0.0
17866418;
17868897;0.47541654650165405
17869334;0.27638539919628335
17869798;0.0
17870863;0.3500121534107716
17873330;
17874868;0.0
17876409;0.4305591113239984
17876704;0.6676978608895887
17877471;0.3466303141648595
17877551;0.0
17877777;
17879149;0.2606121704184369
17879370;0.0
17879539;0.0
17883328;0.0
17884100;
17885568;
17885593;0.0
17885735;0.0
17887534;0.0
17887676;
17891710;0.5408196571310989
17892597;
17893461;0.0
17893490;0.4800278285068501
1789403;0.0
1789415;0.15476529639479905
17896105;0.3563483225498992
17896108;0.5209222590751906
17896308;0.0
17897411;0.0
17897981;0.33071891388307384
17898288;0.42326304338883425
17898393;0.35250582268891073
1789987;
1790288;0.21295885499998002
1790682;0.0
1790735;0.40817279378444477
1790783;0.3651483716701107
1791007;0.4567484131774303
17913907;
17914311;0.0
17914504;
17914527;
17914690;0.0
17914795;
17915395;
17915443;
17917893;
17918294;0.4767693605473972
17918567;0.4330789675138319
1792052;0.0
179226;0.0
179259;0.38490017945975047
17928124;
17928864;0.34985711369071804
17930562;0.0
17931131;
17931783;0.0
17932296;
17933544;0.2664693550105965
17936074;0.0
17936401;0.0
17936429;0.0
17937070;
17937204;0.28747978728803447
17941660;0.36735282343519987
17941810;0.2746367251713696
17941911;0.0
17941971;0.0
17943206;
17944329;0.0
17948267;
17949644;0.0
17949713;0.570663268185859
17949948;0.0
17950277;0.4
17951887;
17953557;0.0
17954040;0.0
17954445;0.3142696805273545
1796344;
17969017;0.28414464208214585
17971085;0.3703280399090206
17973551;0.0
17973716;
17974594;0.0
17974728;
17974770;
17975102;
17975311;0.0
1797892;0.375
17978988;0.0
17980840;0.0
17982031;0.0
17982562;
17983316;0.0
17983747;0.0
17983880;0.0
17984275;
17988948;0.33364240464065276
17989121;0.19843134832984427
17990525;0.6868525756566167
17991422;0.0
17995004;0.4149824806093785
17996476;0.0
17997560;0.0
17998714;
1800132;0.36069517615433966
18002673;
18003626;0.0
18004880;0.0
18006647;0.48744748888637723
180067;0.6304142501129198
18007085;0.4579853348016987
18008621;0.4330127018922193
18017;0.0
1801731;
18023636;0.0
18023754;0.0
18024995;0.3614675990691055
18026857;0.0
18027097;
18027698;
18027869;0.0
18027910;
18027940;
18028051;0.0
18028293;
18028692;
18033123;
180361;0.43753319201821367
18037375;
18040167;0.0
1804156;0.0
18041989;0.0
18042411;0.0
18042645;
1804326;0.0
18043721;0.34020690871988585
18044838;0.28747978728803447
18044892;
18045017;
18045844;0.5443310539518174
1804693;0.5126304769996025
1804741;0.15790935184884225
18049288;
18049957;0.3104698017127927
18054339;0.3594624166355121
1805439;0.0
1805607;
18058206;0.0
18059227;
18062737;0.4308209651782791
1806469;
18079432;0.17399263633843823
18080828;0.0
18081342;0.20451968503926782
18083292;0.34332506234404425
18088037;
18090637;0.29541957835039856
18090875;0.20393111999232308
1809198;
18093704;0.23459582368351306
18094247;0.0
18094445;
18097742;0.44044604999069087
18097833;0.3083208205669246
18098171;0.0
18099650;0.5608527129251165
18102552;0.0
18102656;
18103459;0.0
18107418;
18107533;0.32354782581913066
18107550;
18108498;
18108537;
18112504;0.0
18114243;0.0
1811452;
1811516;0.367006645104718
1811528;0.0
18115396;0.0
18119201;0.7249964377227959
18120775;0.8385324165746361
18122658;0.48850421045919723
1812413;
1812485;0.0
1813797;0.3002950776409672
18142070;0.0
18142889;0.0
18143402;0.0
18143986;0.3104698017127927
18144350;0.0
18144544;
18145485;
18147477;
18147482;0.36998498468030955
18147550;0.6351993867043365
1815030;
18150837;
18151532;0.5258880067013191
18151675;0.0
1815618;0.0
18156525;0.375
18156709;0.37864716000884346
18159061;0.5305877152885848
1816059;0.31374750995027834
18162834;
18168661;
18173239;
18174614;0.0
18176151;0.0
18181255;0.0
18181956;
1819331;0.0
1819663;0.36115755925730764
18204665;0.1516785126856471
18211138;0.44862453863453144
18212224;0.0
18217852;
18219021;0.0
18227595;
18230681;0.5303300858899107
18231934;
18238026;0.0
18238609;
18240615;0.0
18241701;0.3581610266174341
18242275;0.3836653238487027
18248178;0.0
18250385;
18250543;
18250936;0.0
18251723;0.34992710611188255
1826313;
18271371;0.5863019699779287
1827146;
18271978;
18273223;
18275390;0.28747978728803447
18275422;0.3142696805273545
18275585;1.1208255885729947
18281727;0.22329687826943606
18283848;
18284471;
18293235;
18294062;
18294801;0.0
18296229;
1829749;0.8143336722781371
18301291;0.0
18308772;0.21794494717703367
18309874;
18311602;0.36248924809599464
18317702;0.0
183194;0.34117754381277265
18320151;0.0
1832495;
18338238;0.0
1834500;0.0
18347858;
18349073;0.37598549224210337
18350709;
18350890;0.3336424046406527
18351507;0.3594868137091668
18353204;0.3104698017127927
18353303;0.0
18353381;0.0
18353868;0.0
18353875;0.5418146846659925
1835520;0.4054615801411048
18357720;0.0
18359010;0.0
18359114;
18360831;0.0
18363665;0.0
18370102;
18370491;
18373392;
1837441;
18377351;
18377705;
18378175;0.18251987252555812
18378716;0.3779644730092272
18379545;0.6060915267313265
18382239;
18382770;0.1603485643069449
1839487;0.0
18404749;
1840830;0.0
18408996;0.0
1841067;0.3669589083099183
18410881;
18411110;0.0
18411303;0.0
18411393;
18411527;0.0
18411848;0.0
18412030;
18412541;0.0
1841274;0.19230769230769232
18416933;0.0
18417078;0.0
18417901;0.5828771735894269
18421350;0.5477225575051662
18422674;
18422853;0.4575657233497424
18427278;
18428128;0.3659625273557
18428764;0.6123724356957946
18429363;
18429380;0.4330127018922193
1842941;0.0
18429534;
18429715;0.0
18430756;0.0
18430858;0.0
18431593;0.0
18436087;
18436765;
18437158;0.24610503895150096
18437885;0.0
18438716;
18438859;0.0
18440101;0.30000000000000004
18441329;0.0
18441744;0.7399941601406705
18442347;0.0
1844720;0.0
1844987;0.44233556210969904
18462832;0.39472621152591936
1846284;0.3803000120609434
18463127;0.0
18464246;
18464704;0.0
18466227;0.0
18467132;0.4844729135305431
18470;
18471123;0.29714709975358455
18471412;0.0
1847214;
18472546;
18473216;0.37267799624996506
18474225;0.0
18476036;0.35356113877465767
18476217;0.28747978728803447
18477147;0.0
18477359;0.33071891388307384
18477918;0.0
18480877;
18481067;0.3659625273557
1848119;0.3594624166355121
18481201;
18481261;
1848244;0.6376610151545521
18482566;0.0
18483698;0.0
18483946;0.0
18485070;0.3125
18485366;0.0
18487274;0.0
18487466;0.3912303982179758
18490090;0.4602296554020119
18490488;0.0
18494378;
18494527;0.5471012044321932
18496308;
18497225;0.4719232400622504
18500297;0.0
18501013;
1850261;
18502638;
18503109;
18503436;
18503968;
18506242;
1850688;0.0
18512;0.0
18519584;0.5590169943749473
18522162;0.8533130194105151
18522672;
18525235;0.0
18525345;0.4289290270643273
18526035;
18527033;0.0
18527400;
18528605;
18528757;0.4088115583050623
18532978;0.0
1853320;0.0
1853363;0.31888695314937066
18534062;
18534156;0.0
18534911;0.3006089020962113
18537772;
18538262;0.4494665749754947
18542971;0.0
18543353;0.0
18545774;0.0
18547004;0.4303314829119352
18547224;0.34992710611188255
18547944;1.4098611042699678
18548238;
18548545;
18549872;
18555178;0.3795166950355407
18555480;
18556370;
18556699;0.0
18560508;0.4330127018922193
18561371;0.36216530491860344
18561902;0.4737648414561807
18562344;
18563304;
18564245;0.0
18566765;0.0
18581833;
18581973;0.4308209651782791
18582567;
18582673;0.0
18583183;0.0
18583193;0.3
18583604;0.23459582368351306
18584152;0.0
18584607;
18585828;0.0
18587251;0.0
18587460;0.3018311461998686
18587467;
18592900;0.0
18593400;
18594310;
18596608;0.33071891388307384
1859771;0.0
18600755;0.0
18600911;
18604148;0.0
18604471;0.2857142857142857
18609939;
18610024;0.0
18611624;0.36220896631222144
18612391;0.0
1861332;
18613350;
18613781;0.37267799624996495
18614475;0.0
18614969;0.0
18617713;0.0
18619136;
18623080;0.3307189138830739
18625175;0.0
18640567;0.0
18640631;0.35395401779329777
18640677;
18640707;
18641702;0.35954213213893327
18642312;0.3688555567816588
18646010;0.0
18646190;0.32630870898294895
18646944;0.0
18650416;0.82915619758885
18651644;0.0
18651838;0.0
18652666;0.5039526306789696
1865274;0.0
18654907;
18656043;
18656265;0.3184917966195481
18658987;0.21549014864334498
18659440;
18661848;
18661973;0.0
18663334;0.2832869204356968
18663866;0.6666666666666666
18664124;
18664716;
18665162;0.4803825562579583
18667688;0.0
18668711;
18669320;0.31774445465112133
18669367;0.19595917942265423
18669656;0.0
18670327;0.0
18670656;0.3855013788205701
18670784;0.0
18670929;0.3513641844631533
18671991;0.7648139069166039
18672351;
18672394;0.0
18672520;
18672687;0.6592176432973923
18673014;0.34992710611188255
18676326;0.0
18676904;0.3503824441133675
18677256;0.0
18677404;0.3350641648515664
18677799;0.0
18680213;0.0
18680789;0.0
18681058;0.3422860840197998
18681062;
18681159;0.5639125524891553
18682043;0.0
18682382;
18682597;
18682790;0.27981227784140567
18682841;0.0
18698277;
18698593;0.0
18699319;
18700899;0.0
18701843;
18702871;0.0
18706518;
18708174;
18709874;0.6966666811203324
18710223;0.3008903112828133
18710305;0.47541654650165405
18710625;0.0
18710892;0.40211614239862187
18710940;0.2575393768188564
18711684;
18712269;0.0
18716717;0.367006645104718
18716749;0.38729833462074176
18716843;0.0
18717;0.2664693550105965
18718268;
18718513;0.3464101615137754
18718523;0.0
18718835;0.0
1871924;
18722479;
18723759;0.0
18723907;0.0
18724062;0.0
18724938;0.0
18726300;0.42962250515310546
18726349;
18726556;0.0
18727140;0.0
18727257;0.55245467153269
18731409;0.22268088570756164
18731862;0.0
18731930;0.0
18732661;0.0
18732975;0.0
18733229;
18733263;0.0
18733358;0.0
18735780;0.34992710611188255
18736772;0.385737002658065
18737012;
1874984;
18754925;0.0
18755540;
18762570;
18762663;0.0
18762818;0.0
18764807;
18766515;
18766647;0.0
18767286;
18769322;0.831137457755461
18769833;0.0
18770245;0.0
18770325;0.0
18771336;
18771416;0.5507570547286101
18771442;0.0
18771690;0.0
18772900;0.37416573867739417
18773634;0.0
18773873;0.0
18774099;0.3091000762582518
18774517;0.0
18775083;
18777122;0.37416573867739417
18777232;0.0
18777864;
18778081;0.0
18779007;0.6698501859312211
18779571;
18779588;
18780502;
18780871;0.3422860840197998
18781424;0.0
18782012;0.0
18782290;0.0
18782430;0.0
18783061;0.0
18783409;0.33881546358946923
18796041;0.3585319997687685
18796317;0.5303300858899106
18797170;0.0
18798542;0.5106936426744072
18799067;0.0
18801070;0.422247109529382
18801100;0.0
18801247;
18801385;0.0
18804998;0.0
18805578;
18806000;0.33071891388307384
18808173;
18808700;0.0
188092;0.3243361702736799
18809246;0.4868050602311635
18812534;0.3142696805273545
18812990;
18813216;
18813801;
18813957;
18814587;0.21295885499998002
18814648;0.0
18816058;0.427617987059879
18816431;
18816854;
18816981;0.0
18817003;0.0
18818055;0.37267799624996495
18820390;0.0
18820887;0.34992710611188255
18823289;
18823322;
18825749;0.44279531687307083
18827803;0.0
18828297;0.0
18828305;0.1555109920200281
18829255;0.0
1883163;0.0
18831811;0.35398384100647867
18831947;
18832462;0.24847472142168692
18832620;0.3254626336861513
18833112;0.33648377291861437
18833259;0.0
1883995;0.4256933584325317
18849983;0.0
18850345;0.17399263633843823
18851425;0.3912303982179758
18853849;0.3715737627228061
18856210;0.34992710611188255
18856230;0.0
18856816;0.27638539919628335
18856912;
1885756;0.3647341362881288
18858016;
18858998;0.0
18859472;0.0
18860116;0.0
18860658;
18863764;0.5105203241514897
18864315;0.6708203932499368
18864699;0.0
18865414;0.20396078054371136
18865773;
18867248;
18867274;
18867293;0.0
18867508;0.0
18867628;
18869049;0.31774445465112133
188699;0.3142696805273545
18870528;
18870721;
18871821;
18872188;
18874315;0.0
18874610;0.0
18877940;
18878194;
18878513;0.32004721884508686
18879602;
18879710;0.4183983220823829
18880111;0.3163199472652663
18881585;0.0
18881747;
18882714;0.0
18896565;
18897485;
18897589;0.0
18899469;0.0
18902740;0.33881546358946923
18903285;0.45691958833484214
18903306;0.4814951784157416
18903480;0.5222329678670935
18904991;0.0
18905063;
18905131;0.5879447357921312
18905587;
18906816;0.31774445465112133
18906881;0.0
18910808;
18910922;0.0
18911577;
18911639;0.6666666666666666
18912577;0.6543288611267283
18912664;
18912973;
18913488;0.0
18913598;0.38221323436236365
18914485;0.0
18914509;
18914834;0.33071891388307384
18914917;0.0
18919103;
18919570;
18920327;
18920435;
18920872;0.5840370967302871
18920956;
18921665;0.367006645104718
18923527;0.4719232400622504
18923881;0.0
18924342;0.0
18925063;
18926234;
1892636;0.3364010708564597
18928455;0.33609635671755045
18940318;
18941097;0.0
18941888;
18942071;0.0
18942380;0.0
18942699;0.0
18943076;0.0
18943221;0.5072285686791128
18943635;
18944079;0.0
18944519;0.0
18944715;0.0
18944849;0.34020690871988585
18945143;0.9410424761020381
18945408;0.0
18947276;
18948179;
18948396;
18948488;
18948967;
18949782;0.0
18950024;0.4074501503251655
18950771;0.0
18951251;0.0
18954646;
18955216;0.0
18955480;0.0
18957478;
18957634;
18960513;0.39684407052234716
18961880;0.665340149692546
18962836;
18963380;
1896395;
18964223;
18964313;0.0
18966774;0.0
18966780;0.3422860840197998
18968139;0.3535533905932738
18968672;
18969131;0.0
18969383;0.4629100498862757
1897178;0.3616582235069488
1897490;0.44488636238091855
18981821;
18981871;0.0
18982860;0.2664693550105965
18983557;0.2748409866966057
18984121;
18984923;0.0
18984932;0.3912303982179758
18985131;0.37908106177275475
18985174;
18985397;
18985872;
18986003;
18986012;0.3703280399090206
18986625;0.0
18986736;
18987055;0.362925441424348
18990429;
18990516;
18990719;0.0
18991078;0.0
18991149;
18991427;0.0
18992709;0.0
18994956;
18996003;0.0
18996737;0.54110822483116
18996872;
18997228;
18997412;0.37951669503554064
18998036;0.0
18998523;
18998954;0.3513641844631533
18999866;0.0
19002293;0.37157376272280607
19003050;0.0
19003947;0.0
19004609;0.0
19004841;0.4
19004956;0.33364240464065265
19005470;0.0
19005690;
19006010;
19006502;0.0
19008215;0.367006645104718
19008666;0.5496339365974653
19009724;
19009825;0.4
19009834;0.0
19010485;0.0
19010723;0.0
19011094;0.0
19011404;
1901306;
19013222;0.26972453123756235
19026984;0.3464101615137754
19028713;
19029939;
1903;0.0
19031468;0.0
19031683;0.6813851438692469
1903343;0.49183214188914687
19034529;
19035454;
19037104;
19037273;
19038003;0.3703280399090206
19038286;0.0
19038400;0.0
19038976;0.0
19039237;0.5590169943749473
19042776;0.34992710611188255
19045049;0.0
19045725;0.0
19045894;
19046097;0.5735418485404313
19050291;0.2809540624108952
19050702;0.3659625273557
19051772;0.37951669503554064
19051847;
19052285;0.0
19052340;0.49702238380177605
19053831;0.0
19054923;0.4986566550202249
19069906;
19069985;
19071047;0.3606954252749819
1907106;0.5029498781008469
19071374;0.0
1907191;
19072505;0.17399263633843823
19072775;0.0
19073418;
19073718;0.40155569553822595
19073874;0.0
19074570;
19074746;
19075479;0.32866629740294656
19075716;
1907839;0.3779644730092272
19078475;0.0
19078654;0.36248924809599475
19080809;
19081079;
19081167;0.3703280399090206
19081965;0.37267799624996506
19082081;
19085309;0.0
19086098;0.0
19086629;0.4671765921511568
19087723;
19088491;
19088698;0.0
1908888;0.6430563491203896
19089288;0.3647341362881288
19089343;0.4648111258522642
19092673;0.38729833462074176
19093361;0.29104275004359953
19093666;
19094024;0.36927447293799825
19094099;0.30491836056815314
19094174;0.0
19095735;
19095795;0.0
19097247;0.437128433320953
1909798;
19100181;
19102444;0.0
1911461;0.0
19115964;0.0
19117837;0.5006882315714638
19118256;0.34985711369071804
19119373;0.0
19121332;0.0
19121533;0.0
19126279;0.692820323027551
19127128;0.38490017945975047
19127833;
19127988;0.0
19128025;0.0
19128135;0.0
19128702;0.0
19128841;0.391604195781718
19131178;0.0
19131193;0.0
19131518;
19132153;0.0
19132517;
19134681;
19135422;
19135703;0.0
19135761;0.0
19136706;0.2250925735484551
19136719;0.24803918541230535
19139152;0.0
19139243;
1914080;
19140919;0.0
19141188;0.30237157840738177
19141228;0.0
19142364;
19143108;
19144359;0.0
19144569;0.0
1914580;0.0
1914888;0.0
19161478;0.0
19161919;0.24206145913796354
19162434;
19164347;
19164404;
19165380;
19166079;0.0
1916625;0.0
19166447;0.0
19167776;0.0
19170359;0.28747978728803447
19170515;
19170638;
19170826;0.0
19171031;
19171227;0.6012452451997822
1917157;0.49690399499995325
19172217;0.42734745856286077
19172647;0.0
19172963;0.683313762254887
19172988;0.0
19173600;
19173982;0.0
19174002;0.5464720091685701
19174339;0.0
19176901;0.4988584107779929
19177799;0.0
19178180;
19179632;
19180222;0.0
19181332;0.37267799624996506
19181665;0.4494665749754947
19185043;0.36998498468030955
19185664;0.0
19186051;0.0
19186929;0.0
19187742;
19187946;0.36117455450727615
19188206;0.0
1918958;0.6156987634551992
19194000;
19195606;
19195686;
19195785;
1919610;0.0
19199071;
1920583;0.5820855000871991
19215109;
19215160;0.0
19215656;0.0
19215824;
19216816;
19218221;0.0
19220661;0.0
19221846;0.4773516348912333
192222;0.7826644062373385
19222543;0.0
19223304;
19223868;0.0
19223958;0.0
19225419;0.27638539919628335
19226571;0.0
19226654;
19227262;0.0
19229597;0.36998498468030955
19229640;0.0
19229700;
19230298;0.46249171978617043
19230454;
19232782;0.0
19232939;0.0
19233231;0.0
19233635;
19233673;0.6613259216936452
19234039;0.0
19234453;0.0
19236795;0.0
19237005;
19237208;0.46710572154710417
19239271;0.33071891388307384
1923934;0.0
19240776;0.0
19240927;
1924124;
19241275;0.0
19241593;0.0
19242199;
19254338;
19254667;
19254712;0.29225069079446375
19255156;0.0
19256341;0.0
19258435;0.3184917966195481
19258458;0.1506131137016415
19258509;
19258725;0.6505196410583208
19259046;0.0
1926088;0.41870734483880645
19261326;0.0
19261488;
19263802;0.3104698017127927
19264080;
19264214;0.0
19264374;0.4
19264751;
19264789;0.0
19264919;0.0
19265288;0.5722391827650974
19265588;0.0
19265724;0.3069528236511325
19266020;
19266153;0.0
19266155;0.0
19266402;0.0
19266812;
19267756;
19269822;
19269980;0.0
19270927;0.5963648483460118
19271289;
19271369;0.0
19272225;0.36078426969062594
19272990;
19273359;
19273799;
19273823;0.0
19275420;
19277261;
19277885;0.0
19278246;0.0
19279654;0.0
1928122;0.5747833731896806
19281720;0.36735282343519987
19284129;0.0
19284728;0.20341414605384456
19285343;0.3795166950355407
19285974;0.5306028193025852
19286332;
19287043;0.0
19287200;0.3563048203434806
19287287;0.0
19287489;0.0
19288374;0.0
19299881;
19300105;
19300694;0.0
19300950;
19301482;
19301502;0.0
19301708;0.7476816018719317
19302679;0.0
19303209;0.3307189138830739
19304265;0.0
19305111;
19306023;
19307180;
19307517;0.32354782581913066
19307521;
19308224;
19308274;0.14408763192842222
19308761;0.4
19309834;0.0
19310238;0.0
19310282;
19310454;0.0
19311214;0.0
1931272;0.35067143475108714
19313750;0.0
19313879;0.3184917966195481
1931399;0.33071891388307384
19314258;0.0
19314370;0.0
19314931;0.4330127018922193
19317384;0.0
1931984;0.29714709975358455
19320796;0.0
1932365;
19324189;0.0
19324515;0.39080336836735774
19326793;0.28527302786684805
19327171;
19327572;
19327968;0.3688555567816588
19328644;0.37951669503554064
19328966;0.3450327796711771
19330991;0.0
19331069;0.0
19331144;
19331149;0.1506131137016415
19331560;0.34232659844072877
19332092;
19332598;
1934381;0.0
1934408;0.35540932665545544
19345988;
19346149;0.0
19346858;
19347697;0.48306500655089535
19348258;0.4
19348381;0.0
19348492;0.0
1934878;0.5
19348966;0.0
19349449;0.23459582368351306
19349507;
19350234;0.2223378804700107
19352358;
19352605;0.0
19352714;0.0
1935314;0.4244997055358225
1935345;
19353519;0.5879447357921312
19354515;0.0
19354782;0.0
19355246;
19355768;0.0
19355901;
19356043;0.0
19356153;0.3309236500466901
19357185;0.0
19358639;0.5236775984771684
19358913;0.28463752127665554
1935990;
1936039;
19360472;
19360575;0.3763993960049205
19360880;0.0
19361899;0.0
19361952;0.5461931224619293
1936215;
19362161;
1936254;0.49487165930539345
19362631;0.0
19362677;0.6829292190587324
19363011;0.3450327796711771
1936349;0.0
1936437;0.5924400574529686
19364412;0.14420107784153913
19365203;0.7071067811865476
19365552;0.0
19365757;
19367157;0.21794494717703367
1936801;0.0
19368072;0.0
19368550;0.0
19368776;0.0
19369019;0.34594797296703445
19369335;
19369801;0.0
19371795;0.0
19372426;0.0
19373394;0.0
19374138;
19375809;0.0
19375922;0.0
19375954;
19376054;0.0
19376086;0.5285499781147279
19376226;
19376246;0.3083208205669246
19376567;0.3153025099436333
19377253;0.0
1938280;0.0
19388488;0.0
19388609;0.37157376272280607
19388857;0.0
19389981;
19390045;0.23002185311411807
19392371;0.27638539919628335
19393034;0.0
19393130;0.31856308568045505
19393503;0.0
19393541;0.0
19394156;
19395944;
19396062;0.0
19396442;
19396584;0.0
19396718;0.0
19396897;0.0
19396908;0.0
19397149;0.0
19397744;0.0
19397869;
19399416;
19399570;0.0
19399652;0.3640898744444397
19399892;0.2420614591379636
1940023;
19400260;
19401702;0.3401506715249038
19403189;
19403533;0.0
1940362;0.48785243670601874
19403923;
19403997;
19404127;0.0
19405542;0.5879447357921312
19405877;0.0
19406454;
19406516;0.0
19406591;
1940943;
19409603;0.2290614236454256
19409625;
19409676;
19410047;0.6666666666666666
19410417;0.36998498468030955
19410562;0.3534072639531848
19410764;
19411235;0.0
19411936;0.0
19413106;
19417228;0.0
19417247;0.32354782581913066
19419188;0.0
19419481;
19420559;0.32269610764306594
19420577;
19421134;
1942275;0.3464101615137754
19433486;0.0
19434489;0.3581618117302907
19434572;
19434830;0.0
19435250;0.524682280241007
19435387;
19435885;0.5
19436767;0.7071067811865476
19436964;0.0
19437002;0.0
19437027;0.23529411764705882
19437109;0.36248924809599475
19437151;
19437567;0.4
19437769;0.0
19439024;
19439869;0.25843829535236884
19441123;0.32546263368615136
19442028;0.46890015857129874
19442572;0.3490130589970639
19444424;0.3657114381135463
19444863;0.0
19445369;
19445975;0.43492070267585164
19446547;0.44930501889028573
19449236;0.0
19449680;1.59787686125485
19450089;0.3422860840197998
19450512;
1945073;0.0
19452091;0.0
19452369;0.3484947053697973
1945295;
19452975;0.0
19453142;0.32126293988446575
19453578;
19453736;0.0
19457677;0.3795166950355407
1945816;0.3
1946015;
19460289;
1946055;0.2523360247522242
19463680;0.0
1946427;0.3647341362881288
19465554;0.3184917966195481
19465758;0.0
19465931;0.0
19466129;0.43207435601203253
19466686;
19466927;0.4847090024379604
1946713;0.0
19467520;0.0
19467684;
1946820;0.6989579019943408
19468221;0.0
19470480;0.323735110497313
19473315;0.3795166950355407
1948152;
19481938;0.356959699615812
19482834;
19485722;0.59088930502161
19486;0.0
19488310;0.0
19489294;0.4868050602311633
19492126;
19492169;0.0
19495772;0.31374750995027834
19496387;0.5295447509876099
194966;0.0
19497856;
19499725;0.0
19500600;
19500670;0.30698534166959834
19503514;0.36069542527498183
19503644;0.0
19504024;0.3763993960049205
19504045;0.6700019450046498
19505010;
19505887;0.0
19507947;
19510350;0.0
19510435;0.4
1951049;
19511153;0.0
19511967;0.0
19512613;
19514117;
19514710;0.0
19515233;0.36927447293799825
1951688;0.4409585518440985
19518648;0.24803918541230535
19520331;0.0
1952037;0.7158051692464685
19529605;
19530718;0.0
19530840;0.0
19530861;
19532126;0.3681519138747996
19532776;0.4330127018922193
19532847;0.3931785497463924
19533000;
1953316;0.0
19533247;
19533363;0.0
19533452;
19533626;0.0
19533666;
19537630;
19538900;0.0
19538939;0.0
19539871;0.0
19540428;0.3142696805273545
19540863;
19541003;0.27638539919628335
19541494;0.0
19541725;
19542114;0.3450327796711771
19545253;
19545261;0.0
19546426;0.4313236469101113
19547224;0.5222329678670935
19548907;0.4673566506621112
19548954;0.0
19549012;0.0
19549156;0.30000000000000004
19549171;0.0
19551381;0.0
19552461;0.0
19552972;0.49127332613206076
19554096;0.2420614591379636
19554982;
19554983;
19556561;0.550787982647534
19559864;
19560777;0.3219507157539575
19561054;0.0
19561100;
19561153;
19561706;0.3268061942810608
19561899;0.0
19562;0.0
19562501;0.0
19563393;0.29541957835039856
19563526;0.0
19564188;0.0
19564260;
19564955;0.0
19565009;0.3442651863295481
19574758;
19578868;
19581111;
195812;
19581280;0.0
19581431;0.3763993960049205
19581874;0.0
19582594;
19584249;0.0
19587298;0.0
19587445;0.5743458241520317
19587534;0.0
19588019;
19589191;
19589289;
19589589;0.4330127018922193
19592972;0.0
19595348;0.23459582368351306
19595568;0.0
19596221;
19597057;0.0
19597080;
19598191;
19602255;0.0
19602792;0.0
19602935;0.0
19604398;
19604456;
1960480;0.4330127018922193
1960498;0.3513641844631533
19607739;0.0
19608750;
1960910;0.3513641844631533
19610313;
19610570;
19610948;0.0
19611313;
19611329;0.46797289265286246
19611393;
19611916;0.0
19612241;
19612714;0.23424278964210218
19623206;0.49661351469820797
1962504;
19626834;0.0
19626906;0.28414464208214585
1962707;0.36927447293799825
19627761;0.29714709975358455
1963025;
19630589;0.0
19631751;
19631797;0.5432977211374105
19632274;0.0
19632406;0.36069517615433966
19635757;0.0
19636173;
19636294;0.3763993960049205
1963664;0.0
19637131;0.3422860840197998
19637711;0.0
19638599;
19639971;0.0
19640405;0.6412721695407703
19640411;0.0
19640707;
19641646;
19644162;
19644475;
19644792;0.0
19645446;
19645653;0.32977171210669887
19645802;0.0
19645919;0.4663676277482893
19646309;0.3252180950806972
19647564;
19647990;0.0
19648090;
19648395;
19648565;0.0
19648583;0.0
19649156;0.0
19654172;0.3142696805273545
19654182;
19654745;0.0
19655117;0.0
19656639;
19657150;
19657349;0.0
19657895;0.0
19661870;0.33071891388307384
19662252;
19662841;0.0
19663195;0.0
1966468;
19664751;0.356959699615812
19665301;
19665431;0.30000000000000004
1966735;
1967353;0.2857142857142857
196736;0.43857231902201227
19678497;0.0
19678514;0.0
19678531;
1967940;
19680497;
19681465;0.4677071733467427
19682291;0.28747978728803447
19682770;0.0
19683149;0.3380007575397136
1968379;0.54110822483116
19687955;
19689459;0.0
19689567;0.0
19690202;
19692059;0.0
19692074;0.0
19692497;0.0
19692928;0.30183114619986867
19694524;0.3600411499115478
19695270;0.23785137347105859
19695440;0.0
19695682;
19697356;0.0
19697466;
19697485;0.0
19697623;0.0
19697880;0.4171071164339996
19698597;
19698687;
19699036;0.0
19699836;
19702244;0.0
19703983;0.37168368316429834
19705896;0.25
19705920;
19706021;0.33364240464065276
19706353;
19706448;0.0
19706736;
19710550;0.0
19711149;0.0
19713428;0.3688555567816588
19713986;0.0
19714770;0.0
19715922;0.27638539919628335
19728787;
19729316;
19732030;
197322;
19732419;0.3422860840197998
19733480;
19733942;0.0
19738118;0.0
19738715;0.17399263633843823
19740238;
19740318;0.0
19740767;0.4570667725858839
1974088;0.4564535552106846
19741450;0.43682528146916166
1974365;0.36363636363636365
1974380;0.43595696981716414
19744768;
19745723;0.7507376679002133
19746467;0.0
19746661;0.0
19747393;0.0
19747498;0.0
19749361;0.2575393768188564
1975135;
1975238;
19752455;0.6718229861440297
19754041;0.0
19755034;0.0
19755554;0.3142696805273545
19755697;0.0
19756037;0.5471012044321932
19756121;0.20024327243778506
19756480;
19756931;0.3651483716701107
19756942;
1975758;0.0
19761387;
19761451;0.0
19761920;
19762808;0.0
19763784;
19769523;
19778293;0.0
19779565;0.4578608056263661
19780030;0.0
19781763;
19781864;
19782132;0.28747978728803447
19782498;
19783029;
19783717;0.0
1978419;0.3286992809345873
19785811;0.5196152422706631
19787312;0.0
19789504;
19789853;
19790337;0.0
19790410;0.2882306768491568
19790578;0.36532305106586055
19790760;0.2846375212766556
19791201;0.38834988809085363
19794657;0.27003086243366087
19795306;
19796325;0.0
19796744;
19797058;0.0
19797757;
19798024;0.16629588385661961
19799064;
19800938;0.367006645104718
19801479;0.2340654193394769
19801613;0.0
19803102;0.23529411764705882
19803837;0.36181361349331637
19804146;
1980490;0.0
19808018;
1980837;0.0
19812219;0.0
19812366;0.0
19812784;
19812811;0.0
19812843;0.0
1981490;0.46446950642489876
1981710;0.0
19824930;0.341797303712883
19825371;0.325775262004652
19826289;
19826364;0.0
19828185;
19828688;0.0
19829364;0.0
19833289;0.3506714347510871
19833528;0.0
19833641;0.0
19833970;0.0
19834326;0.0
19834831;0.0
19834962;0.0
19835437;0.44556639433950346
19836452;0.0
19836886;0.0
19836965;0.3252180950806972
19836998;
19840065;
19840319;0.0
19841161;0.0
19841404;0.3286992809345873
19841596;0.36998498468030955
19842082;0.35276684147527876
19842300;
19842308;
19843241;0.5532787637730163
19843360;
19843408;
19843491;
19843673;0.37267799624996495
19843823;0.0
19844372;0.33531041670408585
19844465;0.38490017945975047
1984548;0.6210273191490666
1984551;0.0
19845642;
19847531;0.19261928379943719
19848786;0.3513641844631533
19848828;0.0
1984921;
19849595;
19849918;0.0
19850056;0.4411474936017556
1985064;
19851353;0.0
19851560;0.0
19851833;0.0
19851871;
1985232;0.3715737627228061
19852706;
19852764;0.0
19853293;
19853378;
19853556;0.0
1985399;0.36248924809599464
19856943;0.0
19858103;
19859531;0.41386021410206736
19860631;0.0
19860988;0.3142696805273545
1986213;0.38729833462074176
1986496;
19866375;0.18997214933408094
19867471;0.0
1986845;0.0
19868494;0.6169170662793069
1987394;
19874727;
19876325;0.33092693266816464
19877635;0.6546536707079771
19877928;0.0
19878531;0.0
19880868;0.2575393768188564
19880887;0.0
19880929;
19881463;0.33364240464065276
19881803;0.0
19882146;0.23459582368351306
19885463;
19886236;0.0
19886302;0.0
19886325;
19886473;0.0
19886985;0.4512795815183769
19887145;
19887334;
19887527;
19887947;0.0
19888381;0.0
19888589;0.35327289221221647
19889185;0.0
19889357;
19890226;2.251037039934007
19890376;0.38729833462074176
19890860;
19892985;
19894098;0.3651483716701107
19895603;0.23529411764705882
19896011;0.4342481186734475
1989606;0.8974694344171165
19896122;0.0
1989673;0.0
19896855;
19896909;
19897083;
19897113;
19897751;
19897859;
19901552;0.587881627893512
19901838;0.0
19904593;0.3307189138830739
19905328;
19905530;
19905788;
19909857;0.34992710611188255
19910037;1.2689634773421339
19910063;0.0
19910942;0.0
19911426;0.0
19911877;0.3495001703346499
19913949;0.48090703166056453
1992099;0.0
1992131;
19929803;0.45537115087457564
19929974;
19931172;0.23529411764705882
19931310;0.0
19931977;0.0
19932308;0.3456956674670576
19932443;
19932586;0.30361335602843254
19932882;
19932953;
1993357;0.23904572186687872
19933915;0.3268061942810608
19934880;
19936719;
19937057;0.0
19937066;0.33364240464065276
19937248;
19937414;0.0
19937782;0.0
19938536;
19938659;0.0
19939839;0.0
19939931;0.0
19940094;0.0
19940466;0.0
19940877;0.31774445465112133
19944831;
19945522;0.0
19945642;
19946186;0.0
19946278;0.5932958789676531
19946561;0.3142696805273545
19946765;0.0
19947157;0.28747978728803447
19947186;0.3912303982179758
19947742;
19948094;0.0
19950803;
19950977;0.605089237369666
19952087;0.3563483225498992
19953364;
19953698;
19954169;
19954724;0.2420614591379636
19954862;
19954903;0.0
19955346;0.0
19955742;0.0
19956775;0.0
1995683;0.4958525753508006
19958535;
19958985;0.3179204973530783
19959222;0.0
19960130;
19960344;
19960702;0.4895618264254313
19960815;
19961554;0.0
19962152;0.0
19963687;
19964916;0.0
1996745;0.3594868137091668
1996772;0.0
19978550;0.0
19980438;0.0
19980858;0.3651483716701107
1998105;
1998232;0.0
19982591;
19984904;0.0
19985434;
19985812;
19986327;0.0
19986961;0.3422860840197998
19987752;0.28368210600187793
19988524;
19989137;0.0
19992503;0.0
19992750;0.0
19993590;
19994107;0.0
19994800;0.0
19997730;0.0
19999263;0.5182978069023206
20001078;0.40978885552459976
20001103;0.6043167307491766
2000111;0.2672612419124244
20001671;0.4216121129510152
20002933;0.3464101615137754
20003533;0.22248595461286988
20003546;0.0
20003568;0.37267799624996495
20004013;0.0
20004291;0.0
20006746;
20007831;0.559865864634168
20007958;0.28747978728803447
2000801;0.39149485230833103
2000804;0.22906142364542562
20008848;0.0
20009136;
20010864;0.5815150725598822
20011094;0.0
20011564;0.0
20012747;
20023978;0.29541957835039856
20024562;
20025116;0.36927447293799825
20025977;0.0
20026052;
20026200;
20026275;
20026301;0.0
20026403;0.20351933162035316
20027408;0.0
20028538;0.38729833462074176
20028878;0.417352482666642
20029115;
20029131;0.7557978335474277
20029140;0.0
20029319;0.0
20032947;0.3104698017127927
20033353;
20033460;
20033493;0.0
20035144;0.0
20035817;
20036109;0.0
20036235;
20039496;0.37267799624996495
20040333;0.37273958157549747
20040363;
20040385;
20041151;0.3657114381135463
20042419;0.0
20042738;
20042798;0.0
20042852;0.22329687826943606
20042892;0.4
20043491;0.5337275634868466
20046011;
20046031;0.46004370622823615
20046207;0.0
20046316;
20046467;0.4065578140908709
20046517;
20046904;0.0
20047046;0.0
20047215;
20047860;0.3688555567816588
20048871;0.3647341362881288
20049847;0.4807401700618653
20050026;0.0
20050311;0.3657114381135463
2005264;
20053573;
20055435;0.38729833462074176
200559;
20056355;0.22906142364542562
20056447;0.0
20056797;0.13228756555322954
20057483;0.0
20057802;0.24944382578492938
20058508;0.3688487260599518
2006039;0.0
2006707;0.0
20074557;
20075556;
20076229;0.35898993263170287
20076476;0.0
20077258;0.0
20078502;
20082269;0.0
20082477;0.0
20083035;0.4898979485566356
20083280;0.0
2008428;0.0
20084788;0.0
20085354;0.0
20085428;0.3254626336861513
20091145;0.21295885499998002
20091556;
20094672;0.0
20095781;
20096021;
20096178;0.21794494717703367
20096207;0.0
20096299;0.35859728321120177
20096821;0.3515241083500543
20097400;0.3194108946418582
20097523;1.1228958023758027
2010074;0.26972453123756235
2010316;
20107663;0.0
20108074;0.44601096539210777
20108453;0.22906142364542562
20108568;0.30000000000000004
20108590;0.0
20109025;0.0
20110532;0.0
20111847;
20112233;0.0
20125496;0.3307189138830739
20125797;
20126810;0.0
20126977;0.4330127018922193
20127134;0.376796110173626
20128099;0.0
20128435;0.4153214903839346
20128714;0.36078426969062594
20130125;
20130414;0.41573970964154905
20130543;0.4442245421775343
20130832;
20130921;0.0
20131037;0.0
20131080;0.0
20131185;0.0
20131240;
20131426;0.0
20131470;0.0
20131588;0.41207582395158465
20132018;0.0
20132021;
20132457;
20132520;0.0
20132679;0.47028929679965076
20132813;0.38729833462074176
20135410;0.4
20135723;0.30000000000000004
20136037;
20136064;0.0
20136478;0.38729833462074176
20137026;0.0
20137208;
20138398;
20138716;0.6587142585611899
20139288;0.0
20139360;0.40210811682605396
20140103;
20140167;
20140379;0.0
20140560;0.0
20140638;
20141000;
20142472;
20142511;0.24124324930804353
20142547;0.0
20145335;0.23529411764705882
20145362;0.0
20145807;0.5516041709505273
20146069;0.0
20146103;0.0
20146124;0.3422860840197998
20146310;0.4649620140645985
20147335;
20147525;
20148324;0.0
20148743;0.0
20149320;0.0
20149723;0.3401506715249038
2015101;0.0
20153674;0.0
20154291;0.25843829535236884
20154337;
20154471;0.0
20154600;
20154746;0.0
20154925;0.0
20155677;0.0
20156224;
20156434;0.35404373824460134
20156442;
20156541;0.0
20156877;
20156995;0.36181361349331637
20157014;0.0
20158022;0.0
20160980;0.0
20161286;
20161638;
20161953;
20162819;0.0
20162973;0.3563048203434806
20163342;0.0
20164895;0.24810479556698078
20165454;0.0
20165935;0.5798051498992463
20166618;0.3974782770369388
20167142;0.0
20167218;0.4542612748024246
2016856;
2017758;0.0
20180774;0.44901035126620675
20181156;
20181654;0.6241877839323593
20182796;0.0
20183305;
20183331;
20183571;0.5080976926793926
20183732;0.38729833462074176
20185943;0.3659625273557
2018686;0.0
20187243;0.0
20187942;0.0
2018839;0.0
20190480;
20190950;0.0
20191012;
20191072;
20191582;
20192216;0.33689139429163156
20192718;
20192785;
20192866;0.0
20193213;0.0
20194492;0.3364837729186144
20194524;0.0
20194564;0.0
20194905;
20195030;0.0
20195614;0.0
20195661;0.38729833462074176
20196355;
20198696;
20198981;0.2052676562709966
20199618;0.0
20199862;0.28982753492378877
20199924;0.0
20200302;0.0
20200476;
20200774;0.0
20201707;0.36487819155789
20202167;0.34992710611188255
20202825;0.5203876671287695
20203434;
20204464;0.0
20206948;
20207138;
20208683;
20208757;0.3364010708564597
20209475;
20209669;
2021011;0.3278926557164146
20210771;0.0
20210943;0.4330127018922193
20211435;0.3604079321422052
20211580;0.34332506234404425
20211864;0.35398384100647867
20212813;0.3422860840197998
2021582;0.5431650099274346
20215872;
20216165;0.35452854660010225
20217152;0.0
20217271;0.0
20217774;0.0
20217952;0.3563048203434806
20217982;
20218869;0.0
20218983;0.0
20219284;0.5954835803315189
20219778;0.0
20221560;0.3142696805273545
20221768;0.0
20223046;0.6666666666666666
2022379;0.3142696805273545
20225289;
20230396;
20236327;
20236931;0.3795166950355407
20238071;0.2664693550105965
20238410;0.33071891388307384
20239025;
20239334;
20240125;0.3792078968320878
20240447;
20240888;0.34992710611188255
20240954;0.0
20241191;0.3301380711583913
20241220;0.0
20241246;0.4747074803439363
20242037;
20242281;0.367006645104718
20245670;0.33071891388307384
20247317;0.4838643097773113
20247619;0.0
20247703;0.0
20247806;
20248379;0.20829889522526548
20249427;
20250256;0.3703280399090206
20251006;
20251543;0.0
20253923;0.0
20253964;0.0
20254104;
20254712;
20255508;
20255569;0.0
20256014;0.3513641844631533
20256205;0.17399263633843823
20256304;0.3703280399090206
20257446;
20257567;0.3142696805273545
20257755;0.0
20257928;
20258143;
20259051;
20260866;0.0
20261711;0.24716575226132986
20262596;0.0
20263163;0.37267799624996495
20263646;
20264170;0.0
20264197;
20264344;0.3563048203434806
20264656;
20265236;0.35639249522397953
20265280;0.0
20265294;0.3513641844631533
20265389;0.3550194095587379
20265489;0.8140773264814124
20265867;
2026602;
2026671;0.44556639433950346
20267145;0.30506991497802394
20267525;0.3613598871200174
20267653;0.36137187490820805
20270137;0.37350455590789616
20270360;
2027050;
20270867;0.0
20271148;0.4
20271795;0.4648111258522642
20271856;
20271903;0.0
20273944;0.23529411764705882
20274131;
20274386;0.3142696805273545
20274919;
20275646;
20275745;0.0
2028714;0.4574366639831068
20288857;0.16643566632465157
20291631;0.0
20291666;0.0
20291910;0.0
20292251;0.0
20292336;0.0
20292452;0.0
20292454;0.6894535955289606
20292510;
20292589;0.46153846153846156
20292614;0.19850964229925167
20292666;
20293142;
20293784;
20293894;
20294089;0.0
20294507;0.5029498781008469
20295037;0.0
20295655;0.0
20295735;0.5471012044321932
20295775;0.3663911691254661
20295799;0.0
20299040;0.0
20300354;0.0
20300417;0.0
20300493;
20301182;
20301200;0.0
20301330;0.0
20301433;0.0
20301719;0.0
20301952;0.3422860840197998
20302121;0.4300852444162473
20304567;0.6210273191490666
20304885;
20304938;
20305149;0.24944382578492943
20305157;0.5029498781008469
20305341;0.0
20306080;0.23529411764705882
20308277;
20308590;
20308812;
20308913;0.0
20309309;
20309349;0.7107053122190142
20309398;0.0
20309632;0.5342912389583809
20309690;0.17399263633843823
20309699;0.0
20309855;0.0
20309984;0.0
20310134;0.0
20310143;0.4144678826290334
20311579;0.34232659844072877
20312094;0.0
20312217;0.21295885499997996
20312503;
20312546;0.0
2031292;
20313115;0.4727198909068319
20313224;0.0
20313437;
2031419;
20314808;0.270425949024529
20317271;0.0
20317306;0.3997040325158948
20317761;0.36069517615433966
203205;0.0
20321614;0.0
20321650;0.0
20321850;0.0
20326302;0.0
20327448;0.3309236500466901
20327726;0.3795166950355407
20327923;0.4330127018922193
20328517;0.0
20329492;0.0
20329927;0.35641567881598607
2033011;
20330340;0.37951669503554064
20330828;
20330923;
20330928;0.5466517401417469
20330951;0.0
20331037;0.0
2033660;0.0
20347076;
2034746;
20347707;0.0
20347711;
20349105;0.0
20351070;0.0
20351342;0.3484947053697973
20351622;0.0
20352111;0.0
20352251;0.0
20352294;0.2960153336094666
20352478;0.40504249829253947
20352976;0.38490017945975047
20353505;0.7103489200634391
20354115;0.519759088641194
20356238;0.5325752187591567
20357089;0.36078426969062594
20357169;
20357835;0.2575393768188564
20358726;0.0
20358853;0.0
20358860;
20358976;0.0
20359523;0.5916422774072052
20359778;0.0
20359833;0.33092693266816464
20360030;0.0
20360056;0.0
20360243;0.44343181053716435
20360858;0.43229101212561655
20360868;0.0
20361761;0.0
20362109;0.0
20362609;0.4404184347645823
20365068;0.0
20365384;0.48101926111263743
20365764;0.24944382578492938
20366276;0.0
20367291;0.0
20368549;
20369451;0.36927447293799825
20369498;
20370159;0.0
20371206;0.3604079321422052
20371540;
20371672;
20372071;0.0
20381374;0.0
20381484;0.0
20381792;
20381965;0.2698838799386977
20382637;0.0
20383360;0.0
20384030;
20384802;0.0
20385311;0.0
20385320;0.25102833062930646
20385579;0.0
20386055;0.0
20390141;0.0
2039861;0.30506991497802394
20399845;0.0
20400841;
20401694;
20401926;0.22248595461286988
20402265;
20402365;0.45175395145262565
20402412;
20402492;0.0
20402631;0.38490017945975047
20404029;
20404149;
20404781;0.0
20404840;0.34992710611188255
20404872;0.0
20405202;0.0
20405442;0.0
20405538;0.375
20405824;0.4448782605013047
20406895;0.367006645104718
20407146;0.0
20407347;0.3163199472652663
20409151;0.36998498468030955
20409863;0.0
20410709;0.0
20410942;0.44847707549304944
2041116;0.4379957508672633
20411483;0.38525925213812146
20411644;0.36380343755449945
20411870;0.19230769230769232
20413243;
20413937;
20415214;0.0
2041643;
20417764;0.0
20418436;
20418668;0.0
20419787;0.0
20421345;0.0
20421477;0.0
20421798;0.0
20422127;0.3821860600907926
20422863;0.358989932631703
20425419;0.0
20427091;
20427156;
20427815;0.0
20428043;0.0
20428350;0.0
20428502;
20428768;
20429795;0.0
20429817;
20430190;0.33501260508640407
20434534;0.3659625273557
20435380;0.35966207639770204
20435440;0.0
20435665;0.4216370213557839
20435913;
20435982;0.0
20436138;0.0
20436346;0.0
20436500;
20436569;0.0
20436943;0.0
20436945;0.47110980083675236
20437072;0.0
20437926;
20438576;0.3247595264191645
20439666;0.3659625273557
20439797;0.0
20439891;0.3651483716701107
20440019;
20441100;
2044665;0.22906142364542562
2045175;0.508272989456276
20454604;
20454610;
20455060;0.22268088570756164
20455632;0.0
2045570;0.3513641844631533
20455967;0.3703280399090206
20456717;0.3401506715249038
20456892;0.0
20457422;
20457544;0.0
20458267;0.5685064007950854
20458343;0.49487165930539345
2045895;0.34774361221266264
20459048;0.3370929155513066
20459114;
20459314;0.0
20459588;0.0
20459961;0.417352482666642
20460122;0.43539540764428414
20460411;0.0
20460502;
20461082;0.0
20461446;0.270425949024529
20464668;0.0
20465446;0.0
20465855;
20466471;
20466670;
20466876;0.0
20467369;0.0
20468038;
20468310;
2046869;0.3703280399090206
20468699;0.0
20468731;0.26281970594570525
20468854;0.3142696805273545
20470050;
20472650;0.0
20473197;0.0
20473215;0.0
20474183;0.0
20476195;
20476683;
20477202;0.0
20477739;0.0
20477744;0.0
20482;0.20701126654191093
20482494;
20482983;0.33946348413888633
20484686;0.0
20485279;
20485514;0.0
20486590;0.0
20489182;0.0
20489818;0.0
20490977;0.3104698017127927
20491007;0.35136418446315326
20491172;
20492073;0.26972453123756235
20508863;0.3364837729186144
20508901;0.22156337683486785
20509104;
20509612;0.0
2051012;0.3763993960049205
2051078;
20510868;0.0
20510878;
20511769;0.28747978728803447
20512245;0.0
20513309;0.37416573867739417
20513335;0.0
20513726;0.3071336285066114
20513878;
20514390;
20515224;0.3651483716701107
20515290;0.0
20518189;0.34232659844072877
20519192;0.36927447293799825
20519325;0.5
20519576;
20519885;0.38729833462074176
20521238;
20521521;
20521560;0.4426184712719421
2052203;0.0
20522597;0.35540932665545544
20523060;
20524391;0.3104698017127927
2052683;
20527121;
20528415;0.3657114381135463
20528635;0.17890588575542515
20529274;
20530562;
2053145;0.6215180787573458
20531604;0.0
2053186;0.5841868179162782
20532165;
20532345;0.41145502560454655
20533440;0.5033822257076338
20533726;0.0
20534056;0.34643024500867675
20539024;
20541778;
20543723;
20545259;
20545852;0.0
20548839;0.4330127018922193
20550561;0.0
20551083;0.367006645104718
2055196;0.0
2055224;
20555214;0.33364240464065276
20559285;0.0
20565241;
20565406;0.19982631347136334
20565681;0.0
20566676;0.0
20566861;
20567546;
20567851;
20568018;0.2664693550105965
20568482;0.0
20568841;0.3515241083500543
20568940;
20569849;0.0
20569964;
20569968;0.0
20570432;0.3307189138830739
20571109;0.46004370622823615
20571147;0.0
20571819;
20574872;0.0
20576021;0.1153846153846154
20576370;0.0
20576660;0.0
20577788;0.3464101615137754
20577809;
20578465;
20578792;0.22268088570756164
20578824;
20579390;0.0
20579477;0.2575393768188564
20580262;0.5046171045515497
20580324;0.0
20580392;0.367006645104718
20581145;
20581943;0.0
20584583;
20584597;0.0
20585208;
20585900;0.0
20585918;
20586415;0.0
20586792;0.3340097303971847
20587026;0.0
20587295;0.34620955525396
20587842;0.5071505162084872
20588292;0.3543748956109203
20588294;0.21295885499997996
20588414;0.344528345513026
2058917;
20590455;
20590544;0.37267799624996506
20591384;
20594652;0.0
20594717;0.33799408278844173
2059521;
20595511;0.0
20596015;
20597006;0.09447657556376324
20597577;0.20829889522526548
20597786;0.0
20598172;0.0
20598889;0.0
20599037;
20599158;0.0
20599220;0.4564740458365631
20600142;0.6747151521486783
20600883;0.27401916938475573
20603424;0.35136418446315326
20605333;0.0
20605909;
20606408;0.0
20609169;0.3390317518104052
20610621;0.802044171976313
20614513;
2062402;
20627069;0.3254626336861513
20628835;0.0
20629628;0.54110822483116
20630026;0.0
20631008;
20632700;0.22906142364542562
20633156;0.3703280399090206
20633284;0.27638539919628335
20633436;
20633448;0.24845199749997668
20633661;
20634191;0.0
20634368;0.0
20634674;0.0
20634688;0.3379154497963546
20635896;0.0
2063605;
20636212;
20636889;
20637767;
20638966;0.33071891388307384
20639192;0.0
20639551;0.0
20640948;0.0
20641269;
2064159;0.3589623979468009
20641719;0.0
20642598;
20642615;0.0
20643095;0.33071891388307384
20643122;0.0
20643427;0.0
20643715;0.0
20643745;0.0
20644431;0.0
20647034;0.0
2065090;0.5530502869544851
20654984;0.0
20656758;0.0
20656798;0.0
20657295;0.0
20657598;
20658;
20660273;0.0
20660956;0.23529411764705882
20661593;0.3563483225498992
20662564;0.35759614091877445
20662939;
20663156;
20663473;0.0
20663850;
20663995;0.0
20664297;
20668138;0.0
20668601;0.38789051832948857
20669340;
20669784;0.0
20671444;
20671529;
20672470;0.3340097303971847
20673282;0.23529411764705882
20689189;
20689400;0.0
20689941;0.0
20690354;0.0
20690587;
20690726;0.0
20691196;
2069308;0.8007483716570819
20693457;
20693695;0.4670248868079293
20693958;
20694039;
20694750;0.0
20698723;0.35931275914452615
20698829;0.0
20699489;0.0
20699638;
2070;0.5916390827675008
20700213;0.48062459362791665
2070045;0.0
20700541;
20700797;0.0
20701038;0.3142696805273545
20702217;
20702250;0.5471012044321932
20702264;0.3307189138830739
20703135;0.36004114991154773
20703303;0.17668469596940836
20703634;0.35931275914452615
20704292;0.0
2070584;
20707449;0.0
20709319;0.0
20709483;
20710818;0.6355317440318964
20710848;0.3464101615137754
20711371;
2071138;0.589247042370012
20711931;0.27003086243366087
20711951;0.3563048203434806
20712012;0.36181361349331637
20712203;0.0
20712946;0.38729833462074176
20713733;0.37267799624996506
20716574;0.47539616291656944
20717233;
20718696;0.0
20719433;0.0
20719528;
20719796;0.3663911691254661
20720429;0.0
20720573;0.0
20720752;
20723227;0.0
20724676;0.31734529824367613
20724863;0.0
20725240;0.0
20725379;0.0
20725889;0.0
20725948;
20726073;0.48850421045919723
20726657;
20726990;0.0
20728563;0.49613893835683387
2072857;0.48850421045919723
20728851;
20728868;
20729696;0.6666666666666666
20729970;0.7698003589195009
20730421;0.0
20730978;0.3286992809345873
2073391;0.507242581448301
2074541;0.0
20745771;0.0
20746075;0.3268061942810608
20746255;0.4370036867375632
20746645;0.0
20746984;0.36078426969062594
20747160;0.375
20747523;0.28414464208214585
20747728;
20748483;0.1739926363384382
20748543;
20749205;0.3364837729186144
20749427;0.0
20749447;
20749511;0.3581610266174341
20749567;0.0
20750832;0.39176891244151574
20751057;0.35777087639996635
20751549;0.0
20751851;0.0
20752546;0.5051388811566562
20754825;0.54110822483116
20755145;
20755235;
20756707;0.0
20756798;0.3238334845278651
20756986;0.3513641844631533
20757;0.5160557830074887
20757203;0.0
20757452;0.0
2075750;0.6437583421700204
20757616;0.0
20759390;0.0
20759923;0.6684630622863166
20759975;0.4216121129510152
20760313;
2076320;0.5268696901882977
2076350;
20763574;0.3350641648515664
20764019;
20764121;0.3204146626144404
20764126;0.0
20764413;0.0
20764541;
20764801;
20764948;0.0
20764971;0.0
20765307;
20765521;
20766463;0.0
20766757;
20767132;
20767286;0.32354782581913066
20767559;
20767834;
20768302;
20770395;0.3104698017127927
20770483;0.7292949952073271
20770596;0.1587450786638754
20771738;
20772813;0.5482358069298283
20772991;
20775764;
20776060;
20776107;0.0
20776256;0.33071891388307384
20776392;
20776797;
20780386;
20780454;0.0
20781277;
2078136;
20781380;0.4
20781851;0.0
20782119;0.0
20782294;
20782414;
20782603;0.29714709975358455
20782939;0.0
20783863;0.47947793332088456
2078572;0.0
2079602;0.5637694654233257
2080098;
20801015;0.0
20802268;
20803600;0.0
20804270;0.20917226968564648
20804987;
20807743;0.0
20808119;
20808223;0.0
20809271;
20809350;0.0
20810188;0.0
20813545;0.0
20814673;0.0
20814899;0.0
20816001;0.0
20816255;0.37951669503554064
20816628;0.5592469952052407
20817393;0.0
20818148;0.0
20821534;0.0
20822171;0.37267799624996506
20823063;
20823334;0.0
20823382;0.37951669503554064
20824342;0.0
20824724;
20825489;0.0
20825927;0.6225779515732339
20826104;0.0
20828209;
20828301;0.43857231902201227
2082927;0.5637646561724186
20830632;0.0
20831226;
20831253;
20831539;0.0
20833966;
20835456;0.0
20835933;0.43941582352113795
20835996;0.0
20836113;0.19982631347136334
20836566;
20839980;0.0
20840305;
20841259;0.0
20841308;0.0
20842426;0.0
20842826;0.0
20843570;0.37267799624996506
20843859;0.0
20844626;0.0
20844738;0.36181361349331637
20845369;
20848703;0.0
20859582;
20859632;0.0
2086078;0.29714709975358455
20861116;0.3563048203434806
20861606;0.0
2086181;0.61488993593833
20862486;0.46153192819198857
20862975;0.35136418446315326
20863708;0.0
20864197;0.0
20864508;0.0
20864868;0.0
20864874;0.0
2086562;
20866111;0.0
20866236;0.27401916938475573
20866355;
2086836;
20868725;
20869533;0.0
20870455;0.0
20872027;
20872889;0.0
20873187;0.0
2087325;0.17327613573082823
20873414;0.0
20873539;0.0
20873692;0.0
20873750;
20873968;
20877635;0.36137187490820805
20877696;
20878326;0.0
20878451;0.0
20878496;
20879758;0.0
20880811;0.0
20881411;0.3563048203434806
20881853;0.0
2088192;
20882361;0.0
20882808;
20884581;0.38490017945975047
20885369;0.292107842545481
20886396;0.0
20886641;0.0
20886998;0.4807401700618653
20887044;0.4008182936589125
20887150;0.0
20887437;0.5224094844104685
20888358;0.4338752273157051
20889807;0.4617959446611614
20890125;
20890715;0.0
20891599;0.33364240464065265
20894909;0.40278909209221325
20895605;0.17399263633843823
20896279;
20896808;
20897224;0.3336424046406527
20897266;0.0
20897475;0.0
20898966;0.6604844202715818
20899113;
20899169;0.0
20899218;0.0
20899700;0.0
20901407;0.6666666666666666
20901584;0.3581610266174341
2090487;0.0
2090834;0.43753319201821367
20918209;
20920524;0.45173309437135906
20920577;0.0
20921694;0.0
20922321;
20923132;0.0
20923663;
20929414;0.4670993664969137
20932697;
20932845;0.5345224838248488
20933742;0.3336424046406527
20934698;0.2664693550105965
20939236;0.0
20939977;0.0
20940604;0.3959098160190754
20941977;0.5471012044321932
2094210;0.43166584730171553
20942562;0.0
20943921;0.4
20946812;0.2575393768188564
20949268;0.0
20949498;0.0
20949656;
20950893;0.4875080526548766
20951052;
20952597;0.0
20953756;
20958065;0.0
20958087;0.0
20959062;0.4602296554020119
20960824;0.0
20961005;0.5029498781008469
20963256;0.0
2096381;0.0
20964018;0.0
20964836;
2097653;0.0
20986612;0.0
20986774;0.0
20988609;0.5
20989315;
20991799;
20991878;0.19595917942265423
20992208;0.0
20992564;0.0
20992880;0.0
2099511;
20997215;0.0
21004627;0.5637694654233257
21005502;0.30000000000000004
2100651;0.4
2100696;0.0
21007181;0.0
21009190;0.367006645104718
21009259;0.35777087639996635
21015140;0.22329687826943606
21016966;0.0
21017592;0.0
21017832;
21017852;
21019257;0.3592907283574691
21020675;
21021182;0.33071891388307384
21022732;0.3098386676965933
21026400;
21028434;0.362925441424348
2103301;
21033183;0.4819033340451466
21033510;0.5801193511153214
21033713;
21037276;0.0
2104637;
21054351;
21055394;0.0
21055711;0.0
21056958;0.8115953548589481
21057698;
21059591;0.2664693550105965
21059870;0.0
21061081;0.0
21061272;
21061416;0.0
21064105;
2106425;0.0
21066437;0.0
21066697;0.0
21066712;0.33071891388307384
21066723;0.5489078321767835
21067494;0.0
21068138;0.27638539919628335
21070298;0.24944382578492938
21070830;0.75
21073371;0.38490017945975047
21074126;0.0
21075264;
21076151;0.2575393768188564
21076230;0.0
21076536;0.3726779962499649
21077345;0.0
21077376;0.0
21077853;0.6381534447172756
21077925;
21078210;0.0
21079112;0.0
21079214;0.0
21079554;0.0
21080269;0.6125311140520785
21080556;
2108076;0.0
21081299;0.33815112437726935
21081805;
21086134;0.5015282766154846
21086759;0.0
21086841;0.1090794362749635
21086970;0.0
21087377;0.5195153450781086
21088110;0.0
21089047;0.0
21090148;
21090849;0.0
21091031;0.0
21091047;
21091548;
21107611;0.3565624098762406
21108589;0.0
21108847;0.4869164955216769
21108958;0.0
21110964;0.0
21110981;0.3307189138830739
21113432;0.0
21113516;0.450369487489711
21114094;0.44816365495844135
21114186;0.0
21114292;
21114409;
21115020;0.0
21115133;0.5590169943749473
21115203;
21115332;0.0
21119872;0.5590169943749475
21121682;0.5379746835443038
21122013;0.5128116404165498
21122305;
2112321;
21123320;0.33399623587238686
21123514;0.5303300858899107
21123564;0.3422860840197998
21123637;0.0
21123945;0.43492070267585164
21124279;0.3763993960049205
21125063;0.34992710611188255
21125850;0.0
21128561;
21129920;
21129976;0.0
21130703;0.28747978728803447
21131410;0.37267799624996506
21131474;0.0
21133098;0.4242640687119285
21133321;0.0
21133722;0.3763993960049205
21134245;0.0
21134553;0.49487165930539345
21138423;0.384147685720537
21139114;
21139787;
21140624;
21140788;0.2910427500435996
21141117;0.4330127018922193
21142154;
21142808;
21148338;0.0
21148999;0.4122312949338949
21149119;0.35330141038123875
21149417;0.0
21149616;
21149831;0.22329687826943606
21150161;0.0
21150413;
2115119;0.28747978728803447
21151507;0.6109712971375382
21152070;
21152145;0.42491829279939874
2115239;0.4972019649919319
21152984;
21153443;0.3795166950355407
21153496;0.34020690871988585
21159;0.3912303982179758
21168446;0.0
21169871;0.0
21170407;0.0
21170695;0.0
21170796;
21170947;0.33071891388307384
21172005;
21173045;0.0
21173320;0.7538552827221386
21173378;0.28414464208214585
21173852;0.35866406953126384
21174073;
21174104;
21175013;0.2447809132127156
21175181;0.0
21175272;0.0
21176855;0.2478642228476387
2117732;0.44488636238091855
21179876;
21180775;0.0
21180854;0.4330127018922193
21180915;
21181818;0.3340097303971847
21182604;0.4564535552106846
21183273;0.0
21183664;
21183666;
21184157;0.3513641844631533
21184765;0.3651483716701107
21184924;0.5085321916885985
21185357;0.0
21186010;0.3422860840197998
21187847;
21189781;0.3557688708310156
21190203;0.0
21190351;
21193085;
21193412;0.0
21193743;0.3340097303971847
21193784;
21194521;0.3480997980288916
21194583;
21199864;0.43073049225394805
21199961;0.0
21200115;0.48934219347295727
21200263;0.0
21201956;0.3771513415276984
21202790;0.0
21203542;0.4330127018922193
21204377;0.0
2120562;0.40739789881488003
21207767;
21208146;0.593295878967653
21208702;0.0
21209526;
21209840;
21210550;0.2846375212766556
21210956;
21211304;
21212075;0.0
2121452;0.469476477861571
2121945;0.7394224517352564
21224906;0.0
21228255;0.34992710611188255
21228335;0.3142696805273545
21228369;0.35645311547160274
21229086;0.7063046178186346
21230676;0.0
21231422;0.0
21232383;
21233105;0.0
21233545;
21233567;
21233846;
21233932;
21236409;
212367;0.0
21238128;0.37951669503554064
2123862;
21238727;0.34992710611188255
21239434;
21239719;
21241348;0.1888525745775105
21242203;
21244037;0.0
21247025;
21247152;
21247831;
21247847;0.40708019567928594
21248616;0.8442807100457594
21249619;0.35327289221221647
21249621;0.5478822201109492
21250408;0.0
21250719;
21250745;0.0
21250841;0.0
21251097;0.3595974761140381
21251437;0.0
21251513;0.0
21254443;0.0
21255174;0.28747978728803447
21255450;
21255626;0.0
21255975;0.0
21256270;0.0
21256349;0.0
21257130;
21257595;0.0
21258158;0.1506131137016415
21258271;
21258770;0.24294787226698084
21258801;
21259898;0.0
21261783;0.4783348642792497
21263244;0.36069517615433955
21265649;0.0
21266014;0.0
21266543;
21266645;0.3912303982179758
21271014;0.0
212729;0.0
2127303;
2127842;0.0
21280297;0.0
21280606;0.2664693550105965
21280699;
21280743;0.44862453863453144
21282008;0.0
2128215;0.0
21282946;0.0
21283495;0.19982631347136334
21283633;
21284079;
21284116;0.39580634793548525
21284159;0.0
21284171;
21284312;0.0
21284546;
21287766;
21287870;0.33364240464065276
21288870;0.36735282343519987
21289564;0.36021907982105555
21289613;0.27638539919628335
21289757;
21289766;0.0
21289821;0.0
21290152;0.0
21291541;0.0
21291549;0.38729833462074176
21291852;0.2575393768188564
21292257;
21293118;0.0
21293346;
21295480;0.3142696805273545
21296341;0.0
21296387;0.3083208205669246
21296593;0.0
21296761;0.0
21297383;
21297767;0.7159686263959597
21297872;0.0
21298363;0.375
21298441;0.3599096280259131
21298591;0.0
21299110;
21299230;0.0
21299722;
21299856;
21299881;0.0
21300058;0.0
21300186;0.0
21301000;0.3307189138830739
21301790;0.5072572735017881
21302940;0.0
21303287;0.0
21304117;0.36106837353937604
21304336;
213056;0.6343239424027171
21305611;0.5419467627971346
21306067;0.33071891388307384
21306613;0.0
21306714;0.0
21306890;0.0
21306929;0.0
21307764;0.39702856335914877
21307781;0.0
21308964;
213103;0.0
21310632;0.4355469445111697
21310656;0.0
21310901;0.2972479643795982
21311070;0.0
21311198;0.0
21311409;
21313568;0.0
21313622;0.0
21314222;0.0
21314879;0.0
21315061;
2132913;0.5740429689810764
21329768;
21330805;0.34332506234404425
21331603;
21331691;0.0
21332254;0.0
21332619;0.30267096579929814
21332681;0.0
21332983;0.3571354243317522
21333222;
21333536;
21333727;0.31374750995027834
21333985;0.0
21334282;
21334937;0.4429376611062753
21335512;0.0
21337395;
21337397;0.44847707549304944
21338320;
2133879;0.44381268229929727
21338816;
21338935;0.4033576908859005
21338965;0.0
21339386;0.0
21339699;0.0
2133999;0.0
21340438;0.0
21340449;
21340623;
21341271;0.36078426969062594
21341539;
21341734;
21341830;0.0
21341877;
21341884;
21342723;0.0
21345471;0.0
21345861;0.0
21346055;0.0
21346108;0.36347904744313214
21346283;
21348031;0.0
21348648;0.0
21349396;0.367006645104718
21350346;
21352863;0.3651483716701107
21352964;0.0
21353489;0.2769829899462722
21354353;0.4530806913179352
21354714;
2135582;0.37267799624996495
21356981;0.0
21356991;0.0
21358134;0.4363230500605803
21359499;0.36004114991154773
21359525;0.0
21361138;0.3422860840197998
21362486;0.0
21364818;0.0
21365139;0.0
21365764;0.0
21366092;0.3600411499115478
21384192;
2138764;
21392176;
21392662;0.0
21393186;0.36181361349331637
21393938;0.36380343755449945
21394342;
21394370;0.3506714347510871
21394991;0.0
21395750;
21395950;0.4330127018922193
21400763;0.0
21402077;0.4258671506602484
21405693;
21406869;0.0
21406903;0.0
21407160;0.2484109276596266
21407232;
21407575;
21408130;
21408365;
21408366;0.2103462319690207
21409019;0.4199192540605823
21409245;0.3513641844631533
21409258;0.5274847772682191
21409579;0.0
21409845;
21410076;0.3931785497463924
21410142;
21410607;
21410801;
21410903;0.0
21410937;
21411057;
21417017;
2141858;
2141963;0.33946348413888633
21424152;0.0
21424183;0.3083940876358227
21424292;0.6005288674451218
21424661;0.290792763922675
21424762;0.0
21424864;0.35136418446315326
21424916;0.0
21426701;0.43362909039199393
21426842;0.3563483225498992
21427136;0.0
21427236;0.0
21427679;0.0
21427716;0.0
21427771;0.0
21427990;
21428465;0.3550194095587379
21428592;
21428601;0.4
21431281;
21431601;
21431776;0.367006645104718
21433841;0.0
21435086;
21435472;0.367006645104718
21435737;
21437451;0.0
21437825;0.0
21437964;0.4330127018922193
21438046;0.0
21438150;0.33364240464065276
21438605;
21438650;0.0
21438749;0.16643566632465157
21439560;
21439568;
21440053;
21440841;
21441798;
21441849;0.35496478698597694
21444624;0.0
21444810;0.35777087639996635
21444909;0.0
21445431;0.0
21445485;0.0
21445775;0.33071891388307384
21446458;0.5006882315714638
21447286;0.0
21447378;0.0
21447669;0.0
21447825;0.0
21448066;0.0
21450558;0.407080195679286
21451085;0.0
21451697;
21451809;0.2846375212766556
21452709;0.7227946550308767
21453336;0.5174592354540143
21453839;0.0
21453852;
2145597;
21456876;0.0
21465886;
21466292;0.0
21466478;0.13354537015266693
21466516;0.6553186314387844
21466828;0.3688555567816588
21467379;
21467514;
21468162;0.0
2146892;0.0
21469053;0.37416573867739417
21469935;0.0
21470073;0.0
21470149;
21470170;0.33071891388307384
21470276;0.0
21470353;
2147138;0.5305482838361476
21472779;
21473019;0.0
21474814;0.36216530491860344
21474817;
21475065;0.0
21475095;
21475149;
21475690;
21475882;0.47648968611584536
21475988;0.0
21476850;0.0
21479978;0.0
21480034;
21480491;
21480583;
21480730;0.37192879013427815
21481874;0.0
21482004;0.4330127018922193
21482297;
21482434;0.6565772610201643
21482779;0.35777087639996635
21482861;
21483032;
21483230;
21483311;0.3513641844631533
21485598;0.0
21486063;0.0
21486852;0.0
21487227;0.0
21488250;0.28414464208214585
21488642;0.3604079321422052
21488651;
21488866;
21490163;0.0
21492318;0.29373626220733656
21493054;0.0
21493795;0.0
21493890;0.0
21494011;0.0
21494140;0.0
21495540;0.0
21495573;0.0
21496008;0.0
21496173;0.3142696805273545
21496453;0.30000000000000004
21496513;0.5665577237325317
21496761;0.0
21497751;0.0
21497889;
21507037;
21508771;0.0
21509113;0.5171926078595451
21510154;0.0
21510258;
21510839;
21511275;
21511693;
21511792;
21513121;
21513312;0.0
21513638;
21514890;
21517565;0.34232659844072877
21517812;
21518497;
21518716;0.5063696835418333
21518836;0.0
21519171;0.0
21522217;0.0
21524579;
21524712;0.3002950776409672
21525316;0.3
21526114;
21526513;0.0
21526825;0.4843146119412389
21527660;
21528283;0.6079859225702322
21529549;
21531089;
21531336;0.6527139518645053
21532116;0.35639249522397953
21532119;0.0
21532141;
21532328;0.37267799624996495
21532425;0.0
21532799;0.0
21532934;
21533576;
21533811;
21534280;0.36181361349331637
2153429;0.0
21534513;0.2462643982514603
21535147;0.3703280399090206
21535266;0.0
21535978;0.0
21536152;0.0
21536740;0.4092906915892089
2153747;
21538240;0.0
21538763;
21539003;0.2447809132127156
21539214;0.0
21539826;
21540539;
21541122;
21541686;0.0
21542436;0.20829889522526548
21542488;0.0
21548099;0.0
21554266;
21554571;
21555037;0.4242640687119285
21555097;0.0
21555473;0.7227233369658296
21555636;0.0
21556206;
21556450;0.0
21556558;0.0
21556739;0.7540976447731733
21557065;0.35452854660010225
21557583;0.0
21558828;0.3563483225498992
21559138;0.0
21560171;0.0
21560797;0.41439400234688106
21562982;0.4670248868079293
21563032;
21563438;
21563445;
21563660;0.37267799624996506
21565196;0.3464101615137754
21565754;
21565864;
21566739;0.0
21567272;0.2664693550105965
21567814;0.0
21568642;0.0
21569966;0.0
21570199;
21570394;0.0
21570662;0.4
21571716;0.0
21571753;
21571964;
21572241;0.3795166950355407
21572312;0.36078426969062594
21572643;0.0
21572995;
21573053;0.0
21573073;0.0
21573878;
21574530;0.4065578140908709
21575144;0.28747978728803447
21576273;0.28747978728803447
21576799;
21577372;0.46216787599682607
21577527;
21577897;0.0
21577992;
21578124;0.8615187362280475
21578157;0.3254626336861513
21578287;0.0
21578508;0.33071891388307384
21578548;0.0
21578554;0.4904525939482112
21579501;0.18144368465060579
21579515;
21580448;0.4
21580583;0.0
21581613;0.32546263368615136
2158172;
21582544;
21582554;0.0
21582817;0.5136362742468858
2158330;0.3219507157539575
21583385;0.0
21584210;
21584849;0.0
21584991;
21585692;0.3426807568718728
21585807;
21585813;
21586112;
21587086;
21590065;
21596134;0.41987652505980405
21597618;0.37157376272280607
21598454;
21598467;0.0
21598848;0.34992710611188255
21598853;
21599220;0.3912303982179758
21599259;0.49965694678637185
21600401;0.0
21600798;
21601617;0.0
21601645;0.0
21602130;0.0
21602706;0.0
2160475;0.3422860840197998
21604888;
21605247;0.0
21605391;0.0
21605653;0.0
21605729;0.0
21605931;0.0
21606529;0.0
21606798;0.375
21607478;0.0
21608622;0.0
21609254;0.0
21609532;0.0
21609612;0.32354782581913066
21611045;
21612146;0.0
21613446;0.5971499097443396
21615221;0.33364240464065276
21616233;0.0
21616271;0.0
21616292;
21618329;0.0
21618332;
21618677;0.38490017945975047
21618792;0.0
21619193;0.0
21619827;0.3142696805273545
21620923;0.33881546358946923
21620952;0.3506714347510872
21621096;0.0
21621288;0.0
21621721;0.0
21621866;0.30000000000000004
21621945;0.3590351654086268
21622474;0.0
21622483;
21625289;0.0
21626046;0.0
21626594;
21626994;0.0
21627292;0.0
21627703;0.34117754381277265
21628488;0.0
2163728;0.43941582352113795
21639929;0.5669467095138409
21641146;0.33946348413888633
21641582;
21641688;0.0
21641763;
21641863;0.37267799624996506
21642069;0.25197631533948484
21642132;
21642522;0.0
21642783;0.0
21642873;0.0
21643394;
21644076;0.0
21644697;0.0
21645074;0.0
21648365;0.0
21648588;0.4330127018922193
21649438;0.0
21649620;
21649858;
21649994;0.46061483457507324
21650132;0.0
21650607;0.0
21650628;0.36735282343519987
21654294;0.0
21654357;0.24944382578492938
21654714;0.6198094774107075
21654991;
21655344;0.0
21655554;0.0
21655709;0.2599849440688191
21656249;0.3703280399090206
21656255;0.2664693550105965
21657411;0.0
21657756;0.0
21660097;
21660246;0.3286992809345873
21660880;
21661642;1.3516210043733836
21663242;0.0
21663544;0.2808410036023029
21663634;0.0
21663772;
21664060;
21664162;0.38490017945975047
21664643;0.0
21664800;0.2857142857142857
21665010;
21678549;0.362925441424348
21679023;0.4472135954999579
21679278;0.0
21679381;0.42638193517204837
21679827;0.538397162099893
21680542;0.0
21680586;0.0
21681039;0.0
21681450;0.49979587670102577
21681694;
21681781;0.0
21681911;
21682036;0.0
21682054;
21682221;0.5246392758325891
21682613;0.49690399499995325
21682621;
21682643;0.48686449556014766
21683382;
21684851;0.4330127018922193
21685296;0.0
21685801;0.2910427500435996
21686301;0.28747978728803447
21687228;
21687266;0.0
21687891;0.3252180950806972
21687950;
21687994;0.3659625273557
21688246;0.0
21689317;0.0
21689519;0.0
21692964;0.0
21692978;0.0
21693451;
21693601;
21693757;0.47850109161122834
21694306;0.0
21694677;0.0
21694689;0.0
21694834;0.0
21694946;0.2857142857142857
21695086;0.46976484792466017
21695330;0.3142696805273545
21695655;
21695768;
21696020;
21696029;
21697882;
21698050;0.0
21698220;0.19230769230769232
21698659;0.2746367251713696
21698773;0.38729833462074176
21698835;0.0
21699022;0.3571354243317522
21699486;0.0
21699638;0.24944382578492938
21700154;
21700713;
21702056;0.2519545020411416
21703915;0.0
21703934;0.3550194095587379
21705242;
21705338;0.28747978728803447
21705388;0.0
21706026;0.3442651863295481
21706448;0.29714709975358455
21707308;
21707511;0.2753227486667468
21707929;
21708607;
2171942;
21721071;0.36735282343519987
21721299;
21722105;
21722191;0.36181361349331637
21722335;0.0
21722876;0.1888525745775105
21722880;0.3464302450086767
21723808;
21723911;0.35777087639996635
21724169;
21724289;0.5318160234783104
21724916;0.0
21725081;
21727615;0.40254853738722385
21727841;0.0
21728024;0.32069712861388977
2172850;
21728961;0.26452002850644324
21729203;
21729355;0.4393777298505905
21729488;
21729506;0.2447809132127156
21729919;0.0
21730160;0.3622089663122215
21730743;
21731020;0.4330789675138319
21733821;0.0
21734043;0.3640898744444397
21734723;
21734803;
21734883;0.0
21735659;
21735826;0.33071891388307384
21737301;0.46689729018786896
21739386;
21739396;0.35933725647209036
21739784;0.0
21741074;0.36487819155789
21741658;0.5160156871153361
21741973;0.0
21742650;0.500685401281325
21742807;0.4944132324730442
21742918;0.33071891388307384
21743767;0.33166247903554
21746298;0.0
21746492;0.44543540318737396
21746629;
217469;0.35641567881598607
21747428;0.0
21747553;
21747851;0.6007532977683778
21748732;0.34591634777518054
217574;0.4517330943713591
21760942;0.0
21761735;
21762060;0.424312564347763
21762066;0.0
21762346;0.0
21762676;0.0
21763120;0.0
21763234;0.18557687223952254
21763511;
21764269;0.6244997998398399
21764642;0.0
21764950;0.0
21765325;0.39288371661253507
21765686;0.5507570547286103
21765699;0.2565437082346278
21765705;0.0
21765758;0.5594619111398413
21765877;
21766152;
21766216;
21767169;0.6972134681027784
21768360;0.3659625273557
21768552;0.0
21768727;
21769410;
21769867;0.0
21769895;0.31530250994363335
21769925;0.375
21770031;
21770338;0.0
21770519;0.42008402520840293
21771150;
21771676;0.35933725647209036
21771751;0.3370929155513066
21771890;0.0
21771923;0.0
21771943;
21772095;0.47192324006225034
21772264;0.0
21772498;0.36021907982105555
21775380;
21775848;
21775972;0.3254626336861513
21776678;
21776946;0.0
21776957;0.0
21777277;0.0
21777354;0.3307189138830739
21777568;0.0
21777956;0.3250049543815791
21778056;
21778248;0.3098386676965933
21778436;
21778671;0.7243558228002944
21778824;
21778961;0.0
21779053;0.0
21779395;
21781871;
21781954;0.3401506715249038
21782397;0.5168092503022876
21782649;0.0
21783278;0.0
21783600;
21784047;
21784164;0.4067106266555946
21784495;0.0
21784573;0.3535533905932738
21784833;
21784847;0.0
21784872;0.0
21785028;0.36927447293799825
21785544;0.0
21788963;0.0
21789612;0.3254626336861513
21789615;0.0
21790439;0.1442220510185596
21791156;0.2565437082346278
21791209;0.0
21791538;
21791663;
21792029;0.48471088236339555
21792817;0.0
21803607;0.0
21805092;
21805207;0.0
21805412;0.0
21806131;0.0
21807433;0.0
21807631;
21808866;
21811382;0.4820898373782057
21812283;0.0
21812558;0.0
21812747;0.5454545454545455
21813205;0.475123427328959
21813482;0.0
21813902;0.0
21814092;0.0
21814467;0.5
21814503;0.34992710611188255
21814605;0.0
2181474;0.3278926557164147
21814869;0.0
21814956;0.33364240464065276
21815642;0.0
21815688;0.6201736729460423
21815709;
21815837;0.0
21815876;0.0
21815884;0.0
2181599;0.27638539919628335
21816224;0.39322054350368485
21816818;0.4330127018922193
21818350;
21818596;
21819205;0.0
21820178;0.30000000000000004
21820685;0.3703280399090206
21821077;0.0
21821896;0.0
21822128;0.37951669503554064
21823106;0.0
21824655;
21825377;0.0
21825650;0.40761973229205445
21826229;
21826358;0.0
21826429;0.30000000000000004
21826927;0.0
21827800;0.3226952608963427
21827903;
21828062;0.0
21828417;0.5041008302500836
21831432;0.0
21831864;
21832476;0.0
21832526;0.0
21832630;
21832631;
21832917;
21832998;0.6388765649999399
21833483;
21834116;0.5577733510227171
21834381;0.0
21834551;0.0
21834821;0.0
21835125;0.0
21835535;
21836062;0.34232659844072877
21836495;
21836586;
2184294;0.0
21851685;0.0
21851687;0.0
21851841;0.0
21852272;0.29907382543650407
21852299;0.0
21852591;
21853288;
21853433;
21853456;
21853479;0.0
21854083;0.0
21854734;
21855601;0.0
21856554;0.408248290463863
21856678;0.33071891388307384
21856702;0.0
21857270;0.0
21857391;
21858953;0.5686336657127495
21859487;0.3923175288949767
21859585;0.0
21859750;0.0
21867401;0.0
21867780;0.28867513459481287
21868095;0.0
21868954;0.35136418446315326
21869545;
21871088;0.0
21871251;
21874706;0.6381742990642597
21875064;0.6580982141477445
21875264;
21875577;
21875783;
21875968;
21875977;0.0
21876502;
21876966;0.3358466446906981
21877423;0.19982631347136334
21877695;0.3340097303971847
21878011;0.0
21878610;0.3563048203434806
21878775;0.0
21878779;0.4472135954999579
21878790;0.8301585615479644
21879708;0.3339962358723869
21891972;
21892222;0.0
21893397;0.0
21893889;0.0
21894428;
21895056;0.0
21895910;0.0
21896011;0.28747978728803447
21896188;0.0
21896501;0.4
21897023;
21898472;0.22906142364542562
21900253;0.37267799624996495
21900491;0.3129817326003278
21901047;
21901443;0.3340097303971847
21901447;0.0
21901660;0.0
21902197;0.36004114991154773
21902223;
21902669;0.4330127018922193
21902721;
21903788;0.49487165930539345
21904087;0.0
2190555;0.3560858085011113
21905937;0.4330127018922193
21905947;0.3853140507400255
21906128;
21906574;0.0
21906780;0.0
21906791;0.33071891388307384
21906946;0.0
21907062;0.0
21907141;0.44324125475564136
21907283;
21907395;0.39164052695468826
21909084;0.0
21909172;
21909314;0.40122100525937077
21909569;0.3520122658855452
21909699;0.30000000000000004
21909777;
21909895;0.0
21909906;0.0
21910228;0.3703280399090206
21912335;
21913142;0.0
21913522;0.0
21914264;0.0
21914299;0.0
21915072;0.44863247049091964
21915861;0.0
21916023;
21916299;0.0
21916413;0.2575393768188564
21916801;
21917051;0.565685424949238
21917203;
21917208;0.17647058823529413
21920265;0.0
21920762;0.40671062665559465
21920866;0.0
21920926;0.5773502691896257
21920970;0.0
21921986;
21922058;0.38490017945975047
21922504;
21923674;
21924880;0.0
21925089;0.0
21935940;0.4216370213557839
21937178;
21937510;0.0
21937646;0.0
21937841;0.292107842545481
21938537;0.0
21938604;
21940072;0.32255667127361565
21940636;0.2910427500435996
21940717;
21940775;0.0
21940824;0.0
21941421;0.3513641844631533
21941494;0.0
21941505;0.3912303982179758
21941550;
21942207;
21943564;0.37267799624996506
21943948;0.361371874908208
21944771;0.6210273191490665
21945016;
21945134;0.3879310344827587
21945142;0.2420614591379636
21945859;0.3450327796711771
21945958;0.31183722641024453
21946066;0.0
21946181;0.0
21946365;0.28747978728803447
21946807;0.4927452197256712
21947105;0.3663911691254661
21948074;
21949789;0.0
21950791;0.0
21951147;
21951170;0.4442616583193193
21951979;
21952152;
21952856;
21952870;0.304617503701042
21953526;
21953808;0.0
21953868;0.0
21954091;
21954656;0.0
21954752;0.0
21955158;0.0
21955256;0.40708019567928594
21955277;0.0
21957417;0.0
21957604;0.0
21957944;0.0
21958160;0.0
21958775;0.20396078054371136
21959201;0.0
21959577;0.0
21961444;0.0
21961604;0.362925441424348
21961970;0.0
21963869;0.0
21964586;
21964766;0.33799408278844173
21967904;
21968024;0.5303300858899107
21968952;
21969383;0.0
21980634;0.4330127018922193
21981125;
21981577;0.3795166950355407
21981634;0.2846375212766556
21981701;0.0
21982792;0.34513335765893394
21982983;0.511745254076838
21983164;
21983379;0.40817279378444477
21983431;0.0
21983736;0.5105203241514897
21984846;0.5838742081211422
21984877;0.3500121534107715
21985211;0.0
21985231;0.5266244708835066
21985472;0.3261636162986153
21985633;0.0
21985998;
21988247;0.5817813413008985
21989711;0.36181361349331637
21989887;0.0
21989941;
21990008;
21991406;0.0
21991906;0.0
21994551;0.4
21994731;0.0
21995166;0.565685424949238
21995580;0.3254626336861513
21995765;0.422247109529382
21995887;0.2857142857142857
21996708;0.29714709975358455
21997165;0.0
21998431;
21998922;0.0
21998935;
21999183;0.0
2200149;0.6947458967494802
2200220;0.5182552766938758
22003650;0.35212492324077527
22004859;0.0
22005119;
22005242;
22005549;0.3464101615137754
22008418;
22008621;
22009248;0.4330127018922193
22009375;0.38490017945975047
22010325;
22010653;0.0
22010772;0.0
22011690;0.42614641299220446
22011880;
22012327;
2202215;0.0
22023025;0.0
2202337;0.3254626336861513
22024156;
22024160;
22024641;0.0
22024892;0.4249024100815133
22025768;0.0
22025906;0.0
22026432;0.0
22026638;0.0
22026899;0.5477225575051661
22026974;0.49888765156985887
22027180;0.0
22028402;
22029610;
22030248;0.0
22031057;0.375
22031461;
22031463;0.0
22033005;0.0
22033148;0.0
22033647;0.0
22033760;0.3503824441133675
22034007;0.33364240464065276
22034375;0.270425949024529
22034781;
22034824;
22034839;0.40972173584818067
22035195;0.5673413447484473
22037871;0.5191911982388868
22038122;0.0
22038362;0.36069542527498183
22038411;
22038450;
22039176;0.0
22040256;0.0
22041016;0.38490017945975047
22041305;0.34992710611188255
22041467;0.0
22048764;
22049017;0.32354782581913066
22049030;
22049965;0.3763993960049205
22050017;
22050127;0.3184917966195481
22050634;0.0
22051286;0.3299993265986395
22051609;0.4660600889263043
22051628;
22051720;
22052210;
22052435;0.28747978728803447
22052437;
22052580;0.0
22062675;
22062804;0.417698447033037
22063007;0.5962847939999439
22063497;0.25
22063740;
22064124;
22064376;0.0
22064424;0.3340097303971847
22064543;0.3163199472652663
22064725;0.0
22064793;
22065005;0.3688555567816588
22065206;0.44839513942303283
22065596;
22066020;0.0
22066161;0.34232659844072877
22066176;0.0
22066637;0.0
22066861;
22067604;0.0
22067989;
22070305;0.0
22070581;
22071109;
22071561;0.695914339786469
22071884;0.2857142857142857
22072486;
22072546;0.4842780013815086
22073085;0.0
22073732;0.0
22073857;0.0
22073999;0.3083208205669246
22074103;0.0
22077099;0.2309401076758503
22077179;0.25
22077677;
22077971;
22078333;0.34232659844072877
22078439;0.0
22078662;
22079106;0.3688555567816588
22079502;0.0
22079996;0.0
22080189;0.0
2208050;
22084244;0.5219430598756355
22084543;0.0
22084883;0.36927447293799825
22085217;0.4330127018922193
22086392;0.4330127018922193
22086526;0.3776053880340104
22086979;
22087049;
22087184;0.3442651863295481
22087199;0.3715737627228061
22087525;0.0
22087960;0.0
22090730;0.1885618083164127
22091863;0.375
22092600;0.3142696805273545
22093459;
22093953;0.0
22094131;0.36078426969062594
22094241;0.36487819155789
2209571;0.4807401700618653
2209586;
2209735;
22108478;
22109198;0.2936270418014105
22109710;0.0
22109732;
22109926;
22110910;
22111237;0.5
22111283;0.3401506715249038
22111979;0.0
22112037;0.30000000000000004
22112302;
22112420;
22112818;0.0
22115052;
22115302;0.31774445465112133
22116276;0.0
22116283;
22117266;0.0
22118484;0.0
22118674;0.4904332588039965
22118881;0.33071891388307384
22118923;0.0
22118978;0.0
22119087;
22120286;0.3307189138830739
22122011;
22123206;0.0
22123287;0.3703280399090206
22123717;0.0
22124473;0.30000000000000004
22124839;0.0
22125055;0.36998498468030955
22125618;0.0
22126062;
22128400;0.0
22128445;
22129094;0.42552315900281695
22129239;0.0
22131252;
22131284;
22131331;0.36166334306279013
22131424;0.0
22131472;0.0
22131490;
22131549;0.5651832629106746
22131782;0.3703280399090206
22131815;0.0
22131901;0.37267799624996495
22134747;0.0
22134815;0.0
22135387;
22135539;0.0
22136194;
22137189;0.0
22137608;
2213837;0.0
22139319;0.0
22150945;0.0
22151890;
22152077;0.24845199749997662
22152720;0.0
22152752;0.0
22152800;0.0
22152913;
22153289;0.0
22153452;0.35467575274130414
22154206;0.3998755374744112
22154703;
22154793;0.0
22155712;0.5303300858899107
22156228;
22156597;0.27638539919628335
22156980;
22159615;0.0
22160447;0.0
22160647;
22160885;0.3651483716701107
22161458;0.36650476430995793
22161505;
2216163;
22161662;0.36487819155789
22161902;
22161988;0.4330127018922193
22162328;
22162612;0.0
22163310;0.47140452079103173
22163315;0.0
22163530;0.0
22164048;0.0
22166362;0.6666666666666666
22166419;0.0
22166479;
22167127;0.35136418446315326
22167336;
22167772;0.4330127018922193
22167803;
22167956;0.0
22167959;0.2521784374896179
22168021;0.0
22169756;
22169855;0.0
22169941;
22170091;0.0
221703;0.35067143475108714
22170327;0.38729833462074176
22173215;
22173768;0.0
22174234;
22174572;0.4219060115976881
22175337;0.3098386676965933
22175914;
22177069;0.0
22177218;0.0
22177284;
22177957;0.0
2217944;0.0
22180613;
22181337;0.4330127018922193
22182258;0.0
22183117;
22183857;0.23529411764705882
22184235;
22184400;
22184532;
22184709;
22185018;0.0
22185617;0.4244997055358225
22197392;
22197452;0.3422860840197998
22197847;0.0
22197985;
22199781;
22200046;0.37267799624996506
22200073;0.0
22200567;0.0
2220141;0.5416896833747271
22201471;0.367006645104718
22204220;0.5311068289085754
22204781;0.0
22204964;0.8396585347785462
22205015;0.0
22205266;
22205272;0.0
22205657;0.3563048203434806
22205856;0.0
22206027;0.3651483716701107
22206567;
22206613;0.0
22206887;
22207465;
22207825;0.0
22207956;0.3922322702763681
22208192;0.5454545454545455
22208256;
2221000;0.45151077688108343
22210723;0.0
22211875;0.0
22212944;0.0
22213761;0.0
22217809;0.3422860840197998
22218380;
22219239;
22219387;0.0
22219710;0.460245817327051
22219817;0.0
22220471;
22220558;0.31374750995027834
22220627;0.2664693550105965
22220854;0.36998498468030955
22221069;0.0
22221098;0.2420614591379636
22221868;0.3647341362881288
22221990;0.36181361349331637
2222270;0.4616524289864408
22226348;
22226399;0.4330127018922193
22227266;0.0
22227298;0.2676127348814381
22227789;0.0
22227819;0.4771567577102639
22228799;0.0
22229039;
22229390;0.29345589465676214
22229498;0.0
22229949;0.5006882315714639
22230001;0.3464101615137754
22230044;0.6955386678406446
2224024;0.4097763617714749
22241258;
22241419;
22242051;
22242065;0.27638539919628335
22242470;
22243075;0.0
22243482;
22243622;0.3500121534107715
22244559;
22244573;0.5330928945203024
22244633;
22244708;0.0
22245407;0.3651483716701107
22245679;
22246476;0.0
22246732;
22249103;0.375
22249546;
22249724;0.0
22249736;0.0
22249796;0.0
22250169;0.0
22250240;0.3506714347510871
22250762;0.38490017945975047
22250946;0.0
22251362;0.0
22251522;
22252801;
22252867;0.0
22253419;0.375
22254736;
22254947;
22255096;0.0
22255696;0.0
22256475;
22256823;
22257636;
22258328;0.46873713974128345
22258541;0.0
22258893;0.0
22259090;0.0
22259845;
22259952;0.0
22260095;0.7807074562417121
22260118;0.0
22263142;0.30000000000000004
22263269;0.0
22263314;0.0
22263346;0.0
2226351;0.0
22263721;
22264518;0.0
22264918;0.0
22265725;
22266022;
22266150;0.0
22269479;0.0
22269956;0.0
22270053;0.0
22270110;0.3307189138830739
22270255;0.0
22270268;0.367006645104718
22270642;0.0
22270749;0.5204438808414747
22271251;0.4330127018922193
22272996;
22273053;0.5311184387094949
22273561;0.44393652484349516
2227824;0.0
22286245;0.0
22286890;
22287319;
22287439;0.0
22288366;0.0
22288483;0.0
22288929;
22289018;0.0
22289211;
22289250;0.39580634793548525
22289645;
22289830;0.0
22291059;
22294295;0.3422860840197998
22294429;0.0
22294948;0.34720298500110874
22295041;0.0
22295076;0.6085806194501846
22295248;0.0
22296532;
22297417;
22297803;0.0
22297873;0.3163199472652663
22298104;0.38729833462074176
22301282;0.38490017945975047
22301429;
22301469;0.0
22301758;0.32869928093458733
22302595;0.0
22302682;
22304619;
22304796;0.0
22307173;0.6012919658690733
22307235;
22308291;0.37416573867739417
22308626;0.28747978728803447
22309030;0.3912303982179758
22309928;0.30799620140360723
22310171;0.0
22310854;0.24944382578492943
22311940;
22312137;
22315299;0.5590169943749473
22315753;0.0
22316232;
22316721;
22318329;0.0
22318350;
22318566;0.36078426969062594
22318620;0.3646278462854964
22318923;0.5067431951980954
22319001;0.0
22319468;0.3387958215439679
22320185;
2232772;0.0
22333373;0.0
2233355;0.31774445465112133
22333863;
22334215;0.0
22334306;0.0
2233458;
22336090;
22337966;0.0
22338886;0.0
22339036;
22341522;0.0
2234204;
22342716;0.0
22342797;0.0
22343148;0.0
22343291;0.33071891388307384
22343752;0.45475429694312436
22344779;0.4276040814621952
22345464;0.0
22346256;0.43941582352113795
22346416;0.0
22346546;0.0
22346747;
22346915;
22350417;0.0
22350490;0.0
22350585;
22351092;0.0
22351127;0.0
22351750;0.0
22351983;0.0
22352714;0.5362865892273683
22353167;0.0
22353639;0.0
22353955;0.3651483716701107
22353964;0.2420614591379636
22356540;0.3301474882404658
22356878;0.0
22357132;0.0
22357483;
22357771;0.305441419328485
22359233;0.0
22360069;
22360770;0.2420614591379636
22360819;0.0
22361568;0.5511251537810048
22361594;0.0
22363558;0.22906142364542562
22363655;
22363660;
22364006;0.3703280399090206
22364164;0.0
22364168;
22364555;0.0
22365455;0.0
22365692;0.3464101615137754
22367011;0.2853908964926965
2237892;
22383042;
22383066;
22383143;0.3340097303971847
22383485;0.6619175256109994
22383538;0.0
22383674;0.0
22383850;
22383959;
22384264;0.1885618083164127
22384355;0.4330127018922193
22385011;0.0
22387188;0.23529411764705882
22387215;0.37267799624996495
22387510;0.0
22387591;0.22906142364542562
22387871;
22388570;0.5808864876472777
22389980;
22390333;0.0
22390460;0.0
22391098;0.0
22391259;0.0
22391442;0.0
22391662;0.0
22391906;0.4735171266995079
22392441;0.5471012044321932
22394546;
22395234;
22395417;
22395488;
22395490;0.27638539919628335
22395547;0.0
22396418;0.42643617151389457
22396440;0.5396295025292817
22396808;0.0
22397693;0.7054611268677781
22397896;0.0
22398148;0.5
22399153;0.41288900254059024
22401828;0.0
22401937;0.0
22402761;0.38490017945975047
22402770;
22403097;
22403501;0.34992710611188255
22404338;0.4
22404436;0.0
22405836;0.0
22405855;0.0
22406242;0.29714709975358455
22406313;0.0
22406787;
22409040;0.0
22410067;0.4330127018922193
22410331;0.0
22410777;0.6069184347978192
22410939;0.0
22411331;0.33364240464065276
22411756;0.0
22411763;0.0
22413549;
22413651;0.0
22414097;
22424439;0.0
22425278;0.33726843908080095
22425280;
22426581;
22426685;0.0
22426820;0.0
22427196;0.37951669503554064
22427821;0.0
22427956;0.692820323027551
22428203;
22429283;0.0
22430630;
22432236;0.0
22432281;
22432692;0.5061943913993515
22432936;0.921007040284692
22433292;0.0
22433566;
22433747;0.0
22434132;0.0
22434750;0.49930699897395464
22434782;0.4330789675138319
22435346;0.0
22436087;0.0
22436186;0.44899888641287294
22436349;
22436681;
22438965;0.3703280399090206
22439230;0.0
22439647;0.31856308568045505
22439744;0.3646278462854964
22440790;
22440910;0.0
22441291;0.4767693605473972
22441357;0.0
22441499;0.0
2244160;0.5923282596182288
22441630;
22442178;0.0
22442267;
22442617;0.42859700194786154
2244263;0.40265558393542294
22442823;
22442846;
22442876;
22442941;0.22906142364542562
22442943;0.36347904744313214
22443429;0.0
22445852;0.5834917180509194
22446011;0.0
22446441;0.0
22446494;0.0
22447169;0.0
22448079;
22449691;0.0
22449803;0.0
22449836;0.4033576908859005
22450065;0.33946348413888633
2245056;0.0
2245210;0.0
22452996;0.0
22453212;
22453448;0.3629508690350986
22453819;
2245423;
22454331;0.36069542527498183
22455027;0.7822095958576908
22455210;0.3422860840197998
22455249;
22456010;0.0
22456633;0.0
22457362;
22457418;
22457725;0.0
22470086;0.0
22470958;
22471863;0.0
22471875;0.23845657563073927
22472112;0.0
22472292;0.0
22472382;
22472568;0.4663494288645471
22473084;0.4242640687119285
22473200;
22473993;
22474058;0.0
22474670;0.7071067811865476
22475881;0.35395401779329777
22478475;0.30361335602843254
22478714;0.24845199749997662
22478741;0.0
22478849;0.692820323027551
22478920;0.3513641844631533
2247906;0.3534072639531848
22479269;0.0
22479307;0.2606121704184369
22479332;0.21295885499998002
22479667;0.0
22479832;0.3198465105036007
22479859;0.4330127018922193
22479929;0.57282196186948
22480395;0.0
22480628;
22480711;0.0
22481093;
22482078;0.0
22482705;0.0
2248293;0.8572415749208614
22483265;
2248353;0.36909102157217766
22483613;0.0
22486870;0.0
22487024;0.0
22487083;0.3763993960049205
22487194;0.0
22487333;
22487850;0.0
22488787;
22488864;0.0
22488988;
22489185;0.0
2248970;
22489868;0.37267799624996495
22489880;0.3142696805273545
22490096;
22490166;
22490288;0.0
2249189;
22493649;0.6098953339214035
22494121;0.0
22495992;
22496605;0.42625299008436873
22496640;0.8131156281817417
22497044;
22497685;
2249779;0.17028387662798783
22497827;0.0
22498576;
22500634;0.0
22500767;0.33881546358946923
22501245;0.4330127018922193
22501574;0.0
22502132;
22502353;0.0
22502674;0.0
22502774;
22503939;
22505430;0.5400617248673217
22505483;0.31774445465112133
22506724;0.0
22517487;0.3688555567816588
22517553;0.4330127018922193
22517731;0.0
22518831;0.38490017945975047
22519015;0.30361335602843254
22519518;0.4944132324730442
22519761;0.3550194095587379
22520539;0.3563483225498992
22520847;
22521222;
22521225;0.3912303982179758
22521519;0.2420614591379636
22522435;0.0
22525012;0.46665956383542695
22525747;0.3137475099502784
22525793;0.19982631347136334
22526015;0.0
22526319;0.3647341362881288
22526656;0.6041105280558361
22526786;
2252697;
22526990;0.5191911982388868
22527293;0.0
22527429;0.0
22528251;0.692820323027551
22528944;
22529474;
22532737;0.4
22532835;0.43401111848606955
22533297;0.0
22533514;0.3560858085011114
22534070;0.0
22534174;0.0
22534184;
22534207;0.0
22534432;
22534776;
22534779;0.0
22535008;0.0
22535542;0.43722858000001685
22535587;
22535991;0.0
22536297;
22536329;
22536444;0.0
22536741;0.0
22537009;
22537020;0.27260296703050996
22539737;0.7319250547114
22539897;0.3795166950355407
22540816;0.0
22542290;
22542377;0.4
22542527;0.5303300858899107
225429;0.31774445465112133
22543791;0.0
22543823;0.3657114381135463
22544283;0.5398862010123845
22546547;
22546988;0.0
22547315;0.0
22547466;
22547633;
22547800;0.4
22547967;0.590839156700797
22548043;0.24743582965269678
22548726;
22549058;0.0
22549731;0.3254626336861513
22549786;
22549861;
22550032;
22550224;0.0
22550239;
22550473;
22550559;0.0
22550596;
22550932;
22550973;0.0
22551733;
22551879;0.0
22563702;
22563768;
22564744;0.42224710952938205
22565264;0.0
22565344;0.4
22565441;
22568856;
22568922;0.0
2257185;0.0
22572097;
22572304;0.0
22572523;0.0
22572627;0.4866642633922876
22573012;0.3142696805273545
22573461;0.0
22573746;
22574593;
22574921;0.36078426969062594
22575612;0.0
22575681;0.0
22575820;0.0
22578657;0.0
22578795;0.0
22580093;0.0
22580199;0.3651483716701107
22580472;0.0
22580759;
22580767;0.0
22580913;
22581075;0.5519644218897356
22581855;0.367006645104718
22581920;0.5138093031466051
22585334;0.36117455450727615
22585667;
22585743;0.3307189138830739
22586479;0.2857142857142857
22586591;0.0
2258691;0.3429971702850177
22587029;0.0
22587641;0.0
22588168;0.692820323027551
22588354;0.0
22592442;0.4330127018922193
22592953;0.3569588220938509
22593214;0.5916770741471687
2259340;0.36069542527498183
22593455;0.0
22593989;0.0
22594264;0.32222124481828457
22594475;0.0
22595698;
22595791;0.0
22595982;0.0
22596213;0.0
22596407;
22596441;
22607150;0.0
22608193;0.0
22608361;0.5440474743264485
22608535;0.4
22609340;0.3703280399090206
22610122;
22610544;0.0
22610549;0.0
22610680;0.0
22611225;
22611273;
22611322;0.0
22611418;
22611886;
22612031;
22612304;0.0
2261322;0.0
22615387;0.0
22615648;
22615824;0.0
22615906;0.0
22616115;0.0
22616280;0.408248290463863
22617274;0.0
22617326;0.375
22617472;0.34992710611188255
22617660;0.3600411499115478
22618233;0.0
22618945;
22622030;0.0
22622194;0.4223140396033711
22622201;0.3500121534107716
22622608;0.0
22622684;0.33881546358946923
22622719;0.5471012044321932
22622776;0.0
22622920;
22622994;0.3513641844631533
22623901;
22624929;0.0
22625118;0.0
22625389;
22627203;0.0
22627914;0.4330127018922193
2262876;
22629369;0.0
22629604;0.0
22630074;0.0
22630107;0.0
22630848;0.3703280399090206
22630934;
22631905;0.29714709975358455
22631950;0.509989106637474
2263309;0.3503824441133675
22634006;0.0
22634223;0.4270991340957257
22635260;0.22906142364542562
22635339;0.0
22635813;0.0
22636150;0.6160521318397407
22637007;
22637140;0.3620958761394137
22637655;
22638171;0.0
22638376;0.33946348413888633
22638417;0.3142696805273545
22638444;0.3346640106136302
22638606;0.36078426969062594
22638668;
22639186;0.0
22639688;0.0
22649561;0.3629508690350986
22649979;
22650334;0.0
22650452;
22650716;0.0
22650770;0.0
22651108;
22651230;0.0
22651448;0.0
22651835;
22651877;0.35136418446315326
22651942;0.46049274850812955
226530;0.5270462766947298
22653197;0.0
22653264;0.37267799624996495
22653327;0.0
22654606;0.4171071164339996
22654672;0.0
226571;
22658507;0.0
22658923;
22659199;
22659919;
22660676;0.0
22661275;0.0
22661448;0.5091372301828695
22661504;0.0
22661678;
22661760;0.0
22661857;0.0
22662962;0.4109788087812042
22663027;0.30000000000000004
22664916;0.3184917966195481
22664997;0.3142696805273545
22665693;0.0
22665702;0.3500121534107716
22665715;
22666037;
22666991;0.30000000000000004
22667589;
22667903;0.30361335602843254
22668036;
22668207;0.0
22668899;
22668953;0.0
22669165;0.0
22669298;0.0
22669832;0.3703280399090206
22669840;0.43492070267585176
22670137;0.0
22671178;0.0
22673067;0.36248924809599464
22673290;0.0
22673627;0.0
22674312;
22674863;0.0
22676382;0.0
22676483;0.34117754381277265
22676508;0.46709936649691375
2267719;0.3340097303971847
22677524;
22679973;0.0
22680976;0.0
22681121;0.0
22681533;0.0
22682123;0.0
22683768;0.3908679799852857
22683988;0.3098386676965933
22684210;0.0
22684303;0.3590351654086268
22685919;
2268891;0.35081474834208576
2269007;0.30522805838886347
22694076;
22696364;0.0
22696923;0.3252180950806972
22697018;
22697159;0.33071891388307384
22697533;
22697591;0.0
22697662;0.35933725647209036
22698105;0.541387050951085
22698306;0.38834988809085363
22698579;0.6915628344846215
22698795;0.0
22698898;0.39823717669784126
22700148;0.0
22700650;0.0
22701154;
22701366;0.0
22701418;
22701594;0.4648111258522642
22701694;0.0
22702107;
22704630;0.0
22705766;0.0
22706227;0.0
22706367;0.0
22706624;0.0
22706762;0.0
22707903;
22707948;
22708917;
22709438;0.26972453123756235
22709513;0.4322904116447645
22712865;
22713040;0.0
22713291;0.0
22713543;0.0
2271494;0.0
22715225;0.35540932665545544
22716705;
22719664;0.3307189138830739
22721205;0.0
22722079;0.0
22722444;0.0
22722797;0.27347088471412234
22724051;0.0
22727103;0.2179449471770337
22727437;0.0
22727836;0.4330127018922193
2272812;0.0
22728357;0.0
22729150;0.0
22729256;0.0
22730930;0.0
22730969;0.26452002850644324
22730970;0.37267799624996495
22730976;0.5237229365663817
2273109;0.0
22731180;
2273122;0.0
22732187;0.4276040814621952
22732340;
22733083;
2273414;
22734809;
22744846;
22745076;
22745742;0.0
22745747;0.24845199749997668
22746481;
22747310;0.0
22747689;
22748072;
22748234;0.24944382578492938
22748801;0.0
22748802;0.43247871917614034
22749910;0.38729833462074176
22750037;0.0
22750726;0.0
22750960;0.0
22752277;0.0
22752458;0.0
22752807;
22752808;0.0
22753019;0.2664693550105965
22753037;0.3401506715249038
22753134;0.0
22753245;0.0
22753346;0.29714709975358455
22753626;
22753682;
22754882;0.3640898744444397
22755364;0.5666632742961081
22755369;0.0
22755582;0.38490017945975047
22755889;0.4496074002998974
22755890;0.375
22755997;0.37267799624996506
22756170;0.0
22756224;0.0
22756299;0.4844729135305431
22756569;
22756631;0.0
22756773;0.0
22756775;0.27638539919628335
22756914;0.0
2275701;0.49238113768388514
22758800;
22760653;0.36347904744313214
22760761;0.3379154497963546
22760820;0.0
22760910;0.33881546358946923
22762678;0.0
22762784;
22763194;0.5079664521521665
22763351;
22763607;0.4330127018922193
22764536;0.0
22767478;0.28747978728803447
22767576;
22768129;
22768641;
22768818;0.0
22769018;0.0
22769910;0.0
22770338;0.0
22770471;
22770472;0.0
22770567;0.33118968837602664
22770943;
22771408;0.0
22774563;0.0
22775195;0.3142696805273545
22775298;0.3703280399090206
22776267;0.0
22776711;
22776712;0.3657114381135463
22776822;0.4122312949338949
22776953;0.0
22777135;0.32354782581913066
22777188;0.3795166950355407
22777621;0.1421338109037403
22778445;0.36216530491860344
22779321;
22779645;0.0
22789775;0.2420614591379636
22790251;0.5199178992888256
22790411;
22790424;
22790686;
22790712;0.3333333333333333
2279073;
22790738;0.2575393768188564
22791595;
22791747;0.0
22791811;0.0
22792036;
22792347;0.0
22793074;0.0
22793135;
22793301;0.0
22793346;0.0
22793355;
22793356;0.0
22794000;0.5305877152885848
22794150;0.0
2279431;
22794742;
22795044;0.0
22795046;
22795263;0.0
22795837;0.0
22796347;0.5134898976610932
22797954;0.3464101615137754
22799417;0.0
22799508;
22799817;0.0
22800189;0.0
22800417;0.26972453123756235
22800508;0.0
22800542;0.33071891388307384
22800642;
22801080;
22801208;0.20393111999232305
22801757;0.0
22802066;
22802204;0.0
22802700;0.0
22803487;
22803958;0.3657114381135463
22805172;
22805479;0.0
22805959;0.0
22806621;
22806810;
22806930;0.0
22807388;0.4330127018922193
22807904;0.0
22807951;
22808103;0.0
22808228;
22808642;0.0
22808760;0.36078426969062594
22808958;0.0
22808990;
2280940;0.7844564365383501
22809581;0.0
22809632;0.33509302379126427
22809769;0.48149517841574163
22809891;0.38729833462074176
22810555;0.2891366458960192
2281284;0.4008182936589125
22813251;0.0
22813289;0.0
22814322;
22814330;0.24661334586982736
22814354;0.5311184387094949
22814385;0.0
22814612;0.2788111716398236
22814614;
22815250;
22815502;
22815778;0.0
22816205;0.4258671506602483
22816979;0.0
22816981;0.0
22819002;0.0
22821468;0.34232659844072877
22821567;0.48938936760518204
22821998;0.5209222590751906
22822537;0.39848484303963827
22823778;0.0
22823878;0.3360963567175505
22824265;0.29277002188455997
22824878;
22825443;0.0
2282866;0.6368023566062788
22834543;
22837532;0.0
22837621;0.0
22838866;0.0
22840138;
22840286;0.0
22840336;0.0
22840431;0.809927991043882
22840801;0.0
22841134;
22841192;0.0
22841455;0.40278909209221325
22841504;0.0
22842001;0.0
22842140;
22842178;
22842356;
22842670;0.0
22843050;0.0
22846051;0.3590351654086268
22846955;0.0
22847476;
22847578;
22847817;
22848082;
22848307;0.0
22848413;0.37267799624996506
22848456;0.3703193436664626
22848457;0.0
22849149;0.37157376272280607
22849150;
22849339;
22849920;0.28386354538174535
22850355;
22850569;
22850872;0.0
22851108;0.0
22851492;0.0
22851690;
22851893;0.3142696805273545
22852650;0.2798122778414056
2285276;0.0
22854245;
22854660;0.30000000000000004
22854956;
22855071;0.0
22856304;0.3569588220938509
22856750;0.0
22857083;0.0
22858732;
22858787;
22859578;0.5208966628164682
22860540;
22862521;0.27638539919628335
22863244;0.5273885204211263
22863414;0.3646278462854964
22863774;0.0
22863927;0.4821918742590346
22864440;0.0
22864507;0.32397473807565313
22866015;
2286615;0.0
22866737;
22867160;0.0
22869851;0.31774445465112133
22871103;0.0
22871467;
22871658;0.0
22872156;0.3640898744444397
22872621;0.0
22872821;0.0
22873310;0.0
22873358;0.0
22873552;0.5926547641093316
22874337;0.33946348413888633
22874657;0.0
22877097;0.3098386676965933
22881065;0.49965694678637185
22886936;0.0
22888304;0.0
22888358;
22889557;
22890007;0.4330127018922193
22890816;0.30000000000000004
22890817;0.5191911982388868
22891257;0.0
22891358;0.0
22891423;0.0
22891516;
22892402;0.0
22895311;0.34232659844072877
22895779;0.3360963567175505
22895960;0.0
22895983;0.0
22896032;
22896264;0.0
22896276;0.3401506715249038
22896879;0.0
22897303;0.3142696805273545
22897399;
22897400;0.0
22899203;0.0
22900023;0.0
22900159;0.0
22903098;0.0
22903099;0.0
22903100;0.0
22903183;0.0
22904414;0.24944382578492938
22904675;0.35395401779329777
22905427;0.0
22905943;0.29714709975358455
22906020;0.4263866268488677
22906882;
22907679;
22907842;
22910026;0.28747978728803447
22910177;0.3659625273557
22911089;
22911542;0.0
22911566;0.4
22912215;0.3912303982179758
22913160;0.4020815913643032
22913508;
22913653;0.0
22914010;
22914240;0.0
22914334;0.0
22914891;0.0
22914962;0.2213133340689952
22915749;
22915783;0.38490017945975047
2291604;
2291817;
22918392;0.2575393768188564
22919531;0.0
22919596;
22919743;0.36927447293799825
22919850;0.0
22920637;0.0
22921663;0.0
22922155;
22922378;0.0
22923301;0.5590169943749473
22923407;0.0
2292344;0.33364240464065276
22934370;0.361371874908208
22934696;0.5196152422706631
22935374;
22935487;
22937201;0.0
22937701;0.0
22938417;0.0
22938518;0.0
22939878;0.3715737627228061
22940462;
22942467;0.0
22942722;0.0
22943111;0.0
22943112;
22943662;0.0
22943909;0.0
22943928;0.3563048203434806
22944548;0.6542231190857986
22946248;0.0
22946405;0.0
22947567;
22949774;0.4330127018922193
22950071;0.2902561313857312
22950247;0.0
22950502;0.0
22951496;0.3865203080893452
22952282;0.5376947519350578
22952676;0.1579345138264476
22953183;0.0
22953365;
22954904;0.0
22958228;
22958286;0.3563048203434806
22959510;
22961438;
22961578;0.3912303982179758
22964739;0.49585055066525974
22965019;0.36181361349331637
22965526;0.0
22965798;0.0
22965967;0.0
22966001;
22967161;0.432304954822978
22967523;0.0
22968333;0.49487165930539345
22968954;0.0
22969671;0.0
22969684;
2296998;0.7974747899766581
22971170;0.3104698017127927
22975359;0.4330127018922193
22977758;0.28527302786684805
22979311;0.0
22980960;
22981947;
22982583;0.11780807955515332
22982783;0.0
22983042;0.0
22983320;0.0
22983391;
22984067;0.2477067943219373
22985123;0.36078426969062594
22988956;
22989172;0.0
22989431;0.30000000000000004
22989650;0.0
22990275;0.0
22990869;
22991564;0.0
22991782;0.2798122778414056
22992185;0.0
2299250;0.5175491695067657
22992823;
22994282;0.3563483225498992
22994442;0.32639359570419396
22995384;0.36606547377525167
22996563;0.37267799624996495
22997585;0.0
22997593;0.37157376272280607
22998300;
22998988;0.0
22999173;0.332859511724473
22999659;
22999940;0.0
23000104;0.36181361349331637
23001000;
23001034;0.3137475099502784
230014;0.0
23003866;0.33364240464065276
23003995;0.21295885499998002
23004128;
23004316;0.0
2300484;0.0
23004896;0.8585320610643451
23004897;
23005179;0.0
23005180;0.0
23005995;
23006894;0.0
23007796;
23007838;0.0
23007877;0.0
23010543;
23010675;0.3647341362881288
23010685;0.0
23011510;0.0
23012027;0.44930501889028573
23012987;0.0
23013077;0.33071891388307384
23013246;
23013424;
23013562;0.0
23013804;0.3460097503279224
23013999;
23014096;
23014574;
2301869;
23027662;0.0
23028568;0.0
23028666;0.0
23028733;0.0
23028968;0.0
23029256;0.36181361349331637
23029346;0.0
23029501;0.3358466446906981
23030290;0.2857142857142857
23030291;0.0
23030458;
23030708;
23031192;0.5851758674516156
23031198;0.5269161257415923
23031325;0.36927447293799825
23031481;0.0
23031482;
23031655;0.5399073994677235
23031832;0.3912303982179758
23032009;0.0
23032120;0.5
23032122;0.0
23032606;0.3401506715249038
23032673;0.0
23034902;0.4608394925110069
23035675;
23035802;0.0
23035839;0.34668040742265605
23036006;
23036130;0.16643566632465157
23036399;0.0
23036732;
23036978;
23037517;0.0
23037580;
23037601;0.5686336657127495
23037818;
23038168;0.0
23038859;0.3703280399090206
23038905;
23039134;0.0
23039619;0.20351933162035316
23040299;0.0
23041145;
23043557;0.502011056153098
23043662;0.37267799624996495
23045681;0.0
23046216;
23046868;0.0
23047421;0.0
23047462;0.0
23047489;
23050364;0.28747978728803447
23050906;0.0
23051646;0.0
2305194;0.34992710611188255
23052437;0.0
23052565;0.40545264516188634
23052847;0.0
23053164;
23053247;0.0
23053369;0.37157376272280607
23055265;0.24743582965269678
23057529;
23059130;
23059181;0.0
23059182;0.3364010708564597
23059346;
23059409;0.2857142857142857
23059664;0.4126041862764749
23061108;0.0
23061155;0.0
23061311;0.0
23061313;0.36166334306279013
23061515;
23061681;
23064141;0.0
2306927;0.0
2307180;0.28747978728803447
23074042;0.0
23074841;
23075962;0.20829889522526546
23076427;0.4
23076496;0.2138089935299395
23077170;0.3563048203434806
23078095;0.34232659844072877
23078096;
23078217;0.3098386676965933
23080874;0.0
23081213;0.0
23081257;0.0
23083878;0.0
23084810;0.2420614591379636
23086189;0.6663332499583071
23086315;0.36998498468030955
23086642;0.33071891388307384
23086761;
23086789;0.4361328163014985
23087345;0.3657114381135463
23087563;
23088980;
23089229;0.0
23089504;0.36735282343519987
23089553;0.0
23092781;0.34232659844072877
23093444;0.0
23093702;0.0
23096444;0.0
23097538;
23099902;0.3129178962254798
23100149;
23101143;0.0
2310123;0.5700877125495689
23101436;0.0
23102012;0.3401506715249038
23102290;0.0
23103061;
23103174;0.0
23103831;0.46864487345105016
23104067;
23104091;0.4771567577102639
23104612;
23104767;0.7191363463583866
23105212;
23105259;0.34992710611188255
23105419;0.362925441424348
23109226;
23110221;0.6995037923811105
23110259;0.0
23110776;0.0
23111163;
23112621;
2311483;0.0
2311614;0.0
23119548;
2311977;0.0
231243;
2312530;0.0
23127370;0.8164965809277259
23129121;0.0
23130576;0.0
23131484;0.3912303982179758
23131612;
23132191;
23132337;0.3401506715249038
23133469;
23137284;0.0
23137601;0.20829889522526548
23137761;0.3142696805273545
23138323;
23138492;0.36078426969062594
23138600;0.0
23138601;0.47352847019314803
23139467;0.590839156700797
2314006;0.0
23140116;0.5686336657127495
23140713;
23141175;0.49613893835683387
23142093;0.35136418446315326
23142210;0.38062150132740435
23142609;0.29351835624614175
23144998;0.0
23145776;0.33166247903554
23145777;
23145940;0.0
23146661;0.0
23146881;0.0
23147070;0.0
23147371;0.3069528236511325
23147555;0.0
23147903;0.0
23147907;0.37267799624996495
23148446;
23149279;0.1885618083164127
23149403;0.5
23149747;0.0
23150770;0.0
23153007;0.0
23154407;0.22912878474779202
23155358;0.3563048203434806
23155703;0.3450327796711771
23156402;0.33726843908080095
23156612;0.2575393768188564
23156652;0.0
23156757;0.3464101615137754
23157230;0.3422860840197998
23158469;
23158630;0.0
2315917;0.31693284552319373
23159621;0.0
2315980;
2316249;
2316278;0.7191793749540681
23170941;0.0
23171544;0.0
2317205;0.4
2317618;0.0
23179278;0.3254626336861513
23179533;0.0
23179765;0.0
2317980;
23179933;0.0
23180505;
23180780;0.5546288567359977
23181156;0.0
23181528;0.33071891388307384
2318190;
23182225;
23182513;0.49690399499995325
23183080;0.0
23183700;0.0
23183766;
23183938;0.2307300666067681
23183975;0.0
23184028;0.37157376272280607
23184122;0.0
23184263;0.0
23184463;0.0
23185224;0.367006645104718
23185238;0.4
23185469;0.0
23185859;0.0
23185866;
23187328;
23188844;0.0
23188977;0.0
23189186;0.0
23189335;0.2575393768188564
23189662;0.0
23189846;
23189847;0.0
23190333;0.36078426969062594
23190511;0.0
23191523;0.2801136355731709
23192079;0.0
23192382;0.0
23192442;0.0
23192932;0.0
23193063;0.0
23193241;0.46376020680063174
23193312;0.0
2319398;0.0
23203492;0.0
23204683;
23206220;0.0
23206482;0.4330127018922193
23207528;0.0
23208437;
23208548;0.0
23211359;
23211401;0.36998498468030955
23211719;0.4
23211871;0.28414464208214585
23212316;0.6181698755497721
23212508;0.45462571574881067
23212963;
23213024;0.0
23213911;
23213912;
23214882;
23214899;0.0
23215271;0.3254626336861513
232163;0.5066077750938507
23217400;0.38729833462074176
23220284;0.0
2322128;0.24944382578492938
23224104;0.0
23226781;0.0
23231240;0.0
23231784;0.37951669503554064
23231854;
23232633;0.375
23232831;0.0
23233008;0.0
23233198;0.20351933162035313
23233362;0.34992710611188255
23234880;
23235655;0.0
23235883;
23235909;
23236007;0.3795166950355407
23236181;0.30000000000000004
23236676;
23237130;0.2033729190863107
23240703;0.0
23241040;0.0
23241312;0.6666666666666666
2324147;0.4727554678967805
23241490;
23241647;0.0
23241926;0.0
23242256;0.0
23242890;0.4
23242931;0.37951669503554064
23243101;0.0
23244171;
23244586;
2324496;0.0
23245147;0.31693284552319373
23245595;
23246358;0.0
23248742;
23249013;1.0
23249924;0.4026578365477733
2324997;
23250082;0.3419927840283847
23250444;0.40150338281966197
23251247;0.0
23251384;0.6513884423367812
23251606;0.0
23251737;
23251766;0.0
23251825;0.4
23252309;0.0
23252663;0.0
2325272;0.21794494717703367
23252859;0.0
23252947;0.23537557657892524
23253190;
23253778;0.0
2325458;
23255287;0.0
23256905;0.0
23257026;0.4843657648145295
23257263;
23257782;0.2910427500435996
23257860;
23257992;0.0
23258172;0.23890677320032544
23258437;0.0
23258466;0.0
23259167;0.0
23259315;0.3237560578360379
23260719;
23260980;0.4330127018922193
23261804;0.0
23262118;
23264925;0.3104698017127927
23265609;0.34992710611188255
23266717;0.0
23267256;0.2483654654684693
23267665;0.38569460791993504
23267781;0.0
23268208;0.0
23269874;0.0
23270423;0.0
23273411;
2327944;0.36131126876859687
2328250;
23285064;0.2575393768188564
23285696;0.0
23286608;0.33726843908080095
23286740;0.0
23286794;0.0
23287193;0.23415792101227137
23287821;
23288984;0.0
2328945;
23289963;0.5
23292400;0.0
2329251;
23292658;0.0
23294483;0.30361335602843254
23294798;0.0
23294931;0.0
2329512;0.29714709975358455
23295774;
23296185;0.4242640687119285
23296391;
23296873;0.0
23297032;0.0
23297520;0.30000000000000004
23298117;
23298468;
23298786;0.0
23298787;0.0
23299238;0.3702959810386918
23299575;0.0
23299718;0.0
23303085;0.3912303982179758
23304433;0.4
23304530;0.4972652484064488
23304703;
23305028;
23305122;
23305186;0.33071891388307384
23305319;
23305466;0.36220896631222144
23306776;0.0
23307229;0.3142696805273545
23308467;0.4330127018922193
23308715;0.5191911982388868
23308812;0.0
23309232;0.33071891388307384
233095;0.28747978728803447
23313377;0.3419927840283847
23313423;0.6423300439364711
23313665;
23313753;
23316227;0.3703280399090206
23316408;0.0
23316896;0.0
23317107;0.0
23317507;0.0
23317913;0.3646278462854964
23320261;0.0
23321673;0.0
23321759;0.5307173444065864
23321864;0.0
23321947;0.0
23322512;0.0
23322652;0.0
23323077;0.0
23323825;0.0
23324035;
23324036;
23324037;
23324038;
23324097;0.0
23325470;0.0
23330154;0.0
2333737;
23343627;0.0
23346739;0.0
23346742;0.0
23346859;0.3177444546511213
23351928;0.0
23351981;0.37157376272280607
23352012;0.4330127018922193
23352306;0.0
23352622;0.2798122778414056
23352801;
23352821;0.38490017945975047
23353215;0.0
2335445;0.0
23355044;0.0
23355152;0.0
23355831;
23355943;
23355960;0.0
23356199;0.6196773353931867
23357056;0.5191911982388868
23357648;
23357899;0.36487819155789
23358160;0.0
23358534;0.0
23361253;0.0
23361457;0.0
23362172;0.0
23364810;0.28527302786684805
23365710;0.0
23365742;0.0
23369545;0.0
23370297;0.0
23371006;0.0
23371059;
23371060;0.5196152422706631
23371505;0.6123724356957946
2337183;0.23310012315598308
23371932;
23374357;0.5665577237325317
23374644;0.0
23374684;0.0
23375363;0.0
23377602;0.0
23378734;0.0
23378735;0.5193942704374639
23378738;
2337884;0.5
23379565;0.0
23379934;0.0
23380439;0.0
23381130;0.0
23381712;0.5192835944811688
23383091;0.0
23383961;0.0
23388176;0.0
2339291;
23399969;0.0
23400085;0.2664693550105965
23400197;0.0
23400694;
23401073;0.0
23402383;0.0
23402743;0.3912303982179758
23402790;0.37267799624996495
23404782;0.0
23408162;0.38729833462074176
23410766;0.27638539919628335
23411801;0.0
23412011;0.3538506131268624
23412506;0.24944382578492938
23413403;0.0
23414082;0.0
23416431;0.0
23416832;0.0
23417125;0.0
23418226;
23418962;0.0
23419968;0.3460097503279224
23420159;0.0
23420599;0.0
23420725;
23423712;0.47541654650165405
23425402;0.22268088570756164
2342564;0.6825557507934253
23425892;0.0
2342819;0.34519153535432034
23428588;0.0
23428657;
23428932;0.6976637398328446
23429263;
23435230;0.5513619500836089
23435530;0.4
23437115;0.680889554928949
23437824;0.3795166950355407
23438043;0.0
23438333;0.0
23455009;
23457905;0.17649975451732708
23459443;0.4542612748024246
23459556;0.0
23460193;0.0
23460235;0.0
23460696;
23462712;0.0
23468604;0.49487165930539345
2347078;
23476461;0.0
23478138;0.0
23480181;0.0
23486433;0.0
23487023;0.22329687826943606
23487832;0.0
23487838;0.0
23488695;
23488839;0.0
23488914;
23489677;0.36078426969062594
23490968;0.24944382578492938
23491240;0.0
23491949;
2349224;0.0
23493302;0.3795166950355407
23493736;0.25421447637772326
2349410;0.0
23500738;0.0
2350544;
23515417;0.0
23515948;0.4
23519255;0.0
23519763;0.0
23521407;0.0
2352179;
23521948;0.42614641299220446
23524227;0.0
23525702;0.3098386676965933
2353419;0.0
2353497;0.4
2353581;0.34992710611188255
23535904;0.4106032651140442
23536437;0.43857231902201227
23537140;0.0
23537630;0.0
23540331;0.2420614591379636
23541937;0.0
23542684;0.3142696805273545
2354463;1.073960421854788
23547687;0.30361335602843254
23548445;0.57312496213498
23548767;0.0
23551667;0.0
23552954;0.28414464208214585
23572841;0.0
23572898;
23572899;0.5415927755234602
23573660;0.0
23574311;0.0
23575143;0.24944382578492938
23575148;0.0
23575218;0.3336424046406527
23575290;
23575379;0.0
23575580;
23576655;0.31446894331606023
23576916;
23577054;0.0
23577457;0.2857142857142857
23577528;
23577682;0.2421610524189263
23577820;0.362925441424348
23578292;0.0
23578885;0.0
23578965;0.0
23579401;0.0
23579595;0.4330127018922193
23580051;0.0
23580225;
2358229;
23584143;
23584379;0.36380343755449945
23584486;0.3422860840197998
23584693;
23584967;0.0
23584969;0.28747978728803447
23585533;
23585651;0.0
23586927;0.0
23587467;0.0
23587708;0.5806818044546354
23589577;0.0
23590351;0.4898979485566356
23590755;0.0
2359081;
23595182;
23595337;0.0
23595614;0.0
23595681;
23595941;0.0
23596449;0.0
2359651;0.0
23596577;
23597121;0.4
23597281;0.0
23597438;0.0
23597547;0.0
23597599;0.0
23597791;0.0
23597845;0.0
23599571;0.0
23603911;0.4697648479246601
23604497;0.61088283865697
2360459;0.292107842545481
23605833;0.0
23605891;0.0
23608734;0.0
23609038;0.0
23609095;0.0
23613159;0.5615522318457199
23613201;0.0
23613299;0.0
23613334;0.3104698017127927
23613533;
23613983;0.0
23613989;0.0
23614057;0.0
23614665;
23614826;
23615071;0.0
23616519;0.34591634777518054
23616658;
23617523;0.0
23618404;
23618448;
23620468;0.0
2362417;0.2041241452319315
23624967;0.0
23625524;0.24845199749997668
23626905;0.0
23633393;
23633756;0.0
23634483;
23634820;0.43822813208145306
23635777;0.27638539919628335
23637172;0.0
23637281;0.0
23638581;0.2761498838511178
23638929;
23639652;0.367006645104718
23639754;0.0
23639802;0.0
23639963;
23640043;0.3307189138830739
23640063;0.0
23640170;
23644439;0.0
23645342;0.0
23645399;0.0
23646730;
23647170;0.0
23648354;0.38729833462074176
23648358;0.30000000000000004
23648738;0.0
23649328;0.5270462766947298
23649439;0.0
23649825;0.4
2365064;
23653048;0.0
23653123;0.32869928093458733
23653768;0.3513641844631533
23654557;0.0
23654779;0.0
23655288;0.563887178431998
23655352;0.3286992809345873
23655504;
23656803;0.3335882806220177
23656999;0.38729833462074176
23657048;0.0
23657223;0.0
23657649;0.4648111258522642
23657741;0.0
23657847;0.0
23657978;
23658265;
23658554;
23658652;0.37951669503554064
23658926;0.0
23659108;0.24776781245530846
2365958;
23662763;0.0
23663007;0.0
23663230;
23663351;
2366383;0.4814951784157416
23665589;0.0
23666281;
23666283;0.0
23666306;0.0
23666377;0.37267799624996495
23666467;0.0
23666617;0.0
23667084;0.3464101615137754
23667502;0.0
23667608;0.6902566867686316
2366806;0.0
23670394;0.0
23670395;0.0
23671255;
23672158;0.0
23672570;0.0
23673226;
23673901;
23674087;0.0
23674641;
23674828;
23674929;0.35398384100647867
23675459;0.0
23675736;0.0
23675928;0.0
23676190;0.3779644730092272
23676609;0.0
23676919;0.0
2367887;0.0
23681284;0.4330127018922193
23689261;0.0
23691445;0.37304110211281843
23692272;0.19553504901607466
23694755;0.0
23695948;0.47539616291656944
23696558;0.3703280399090206
23697651;
23698035;0.5527774861203785
23698911;0.23745957942808915
23701564;
23702805;0.2857142857142857
23703809;0.30983866769659335
23704665;
23705057;0.0
23705376;0.0
23705690;0.0
23706003;0.4
23706336;0.0
23707100;0.0
23707542;0.0
23707612;0.5756395979652218
23711041;0.27347088471412234
23711184;0.0
23711436;0.3104698017127927
23712279;
23712334;
23712585;0.37267799624996495
23712764;0.3692744729379982
23713055;0.0
23713759;0.0
23714842;
23715694;0.3474335320195759
23715844;
23716237;0.0
23717078;0.0
23720851;0.38490017945975047
23720902;
23721967;0.28747978728803447
23722328;0.0
23724052;0.34232659844072877
23724684;
23724716;0.24803918541230535
23725029;0.0
23725208;0.5134446904780222
23725262;0.0
23725380;0.0
23725488;0.2664693550105965
2372807;0.0
23728208;0.692820323027551
2372850;0.0
23728680;
23728783;0.39080336836735774
23729651;
23729831;0.0
23729851;
23729972;0.3647341362881288
23731324;0.36078426969062594
23732118;0.4113950792749581
23732333;0.3777588751039287
23732652;0.0
23732846;0.0
23733007;0.0
23733053;0.3401506715249038
23733780;0.34591634777518054
2373396;0.3795166950355407
23734383;0.0
2374297;
2374404;0.0
2374833;
23749357;0.32790242451070717
23749893;
23750449;0.0
23750658;0.0
23751754;0.44099636179502266
23752528;0.0
23752975;0.0
23753551;0.3254626336861513
23753560;0.46085113656806553
23753957;0.0
23754109;0.0
23754473;0.0
23754648;0.5507570547286101
23755072;0.0
23755254;0.0
23755903;0.0
23756029;0.0
23759858;0.0
23759859;0.0
23760969;0.0
23761506;0.0
23762015;0.0
23762101;0.0
23762327;0.2857142857142857
23762477;0.0
23762820;
23763223;0.0
23763544;0.282842712474619
23763546;0.4697648479246601
23763797;0.0
23764195;0.3422860840197998
23766088;0.0
23767178;0.0
23767389;0.6012919658690733
23767642;0.0
23767663;
23767688;0.0
23768119;0.34992710611188255
23768812;
23769565;0.0
23769843;0.0
23770247;0.0
23771132;0.0
23771255;0.35777087639996635
23771735;0.2857142857142857
23772040;0.0
23772642;0.17643109047869085
23774429;0.30158585621724976
23775174;0.26452002850644324
23775454;
23776534;
23776597;0.38569460791993504
23777134;0.0
23777180;0.21838009786281778
23777239;0.0
23777285;0.24944382578492938
23778134;0.29277002188455997
23778188;
23778761;0.0
23778845;0.2701095771598434
23778931;
23779632;0.28747978728803447
23779905;
23779961;
23780154;0.0
23783130;0.3422860840197998
23783217;
23783350;0.5173952057462543
23783698;0.37951669503554064
2378372;0.5082084073023982
23784781;0.0
23785829;0.0
23786126;0.36078426969062594
23786314;0.0
23786315;
2378642;
23787166;
23787300;0.0
23787358;0.0
23788107;0.0
23788533;
23788746;0.0
237896;0.0
2380000;0.0
23801184;0.3142696805273545
23802550;0.0
23802653;0.4
23803587;0.0
23803854;0.3142696805273545
23804534;0.38729833462074176
23804646;0.33946348413888633
23805385;
23806458;0.43311869328862257
23807520;
23807762;0.0
23807763;0.0
23807848;0.0
23807928;0.11785113019775793
23808417;0.0
23808830;0.647462495495476
2380919;0.0
2380965;
2380994;0.0
23811791;0.17149858514250885
23812195;
23812727;0.0
23812779;0.0
23813497;0.5865522140038706
2381406;0.0
2381434;0.3912303982179758
23814564;0.25555062599997597
2381468;
23815137;
23815574;0.3590351654086268
23815656;0.6886223176915764
23815975;0.43732139211339754
23816211;0.3779644730092272
23816250;0.0
23816251;0.0
23817529;0.0
23817781;0.0
23818019;0.0
2381805;
23821029;
23821389;
23821739;0.3104698017127927
23821816;0.4663676277482893
23821917;
23822235;0.0
23822326;
23822399;0.0
2382248;0.6906396913624387
23823705;0.0
23823997;
23824505;0.0
23824697;0.41987652505980405
23828853;0.0
23828893;0.0
23829244;
23829336;0.3502093433719976
23829468;0.0
23830679;
23831013;0.0
23831144;0.0
23831750;
23831913;0.0
23832014;
23832133;0.0
23832183;0.0
23832484;0.37416573867739417
23832592;0.0
23832829;0.0
23833014;
23833397;0.0
23834001;0.34992710611188255
23834014;0.0
23838739;0.5039526306789696
23838852;0.3149183286488868
23840119;0.3657114381135463
23840842;0.0
23841504;0.0
23841505;0.0
23841506;0.0
23841682;0.0
23841732;0.3912303982179758
23842558;
23843257;0.0
23844321;0.0
23845511;0.3640898744444397
2384739;0.4720326416836179
23856608;
23856786;0.0
2385704;
23857480;0.38729833462074176
23857745;
23857864;
23858373;0.37267799624996495
23859410;0.0
23859521;0.0
23860798;
2386086;
23861227;0.0
23861283;0.0
23861576;0.0
23861632;
23862318;0.5947617141331808
23862695;0.5030914847654239
23862845;
23863325;0.0
23865321;0.0
23865450;0.0
23865966;0.0
23866133;0.0
23866440;0.0
23867115;0.4
23868299;0.0
23869600;0.0
23869757;0.33306655991458123
23869930;0.0
23870022;
23870169;0.0
23870207;
23870248;0.0
23871227;
23871271;
23871794;0.36363636363636365
23873341;
23873736;0.0
23873769;0.0
23874472;0.0
23874842;0.0
23874896;0.3500121534107715
23875439;0.30704319295068805
2387561;0.0
23875760;0.0
23876213;0.0
23876986;0.0
23878058;0.0
23878158;0.0
23878195;
23878989;
23879159;0.12121830534626529
23880014;0.0
23882403;0.38729833462074176
23882406;0.0
23883022;0.0
23883336;0.33946348413888633
23883455;
23883637;0.0
23884219;0.24803918541230535
23884925;
23885029;0.5291502622129182
23885811;
23887113;0.44095855184409843
23889572;0.0
23889741;
23889920;0.2420614591379636
23891179;0.30361335602843254
23891510;0.0
23892423;0.0
23892455;0.0
23892664;0.2857142857142857
23892946;0.35678798751977175
23893184;0.0
23893746;0.0
23894089;0.0
23894152;0.1821680136170595
23894192;0.0
23894217;0.0
23894300;0.37267799624996506
23895143;0.2145602916743718
23895149;0.3142696805273545
23897102;0.46243158975854093
23899987;
23900961;0.0
23902672;0.3312648750301262
23909801;
23910575;0.0
23911121;0.0
2391120;0.4608394925110069
23911203;0.35136418446315326
2391123;0.28463752127665554
23911351;0.0
23911454;0.25222528534835487
23911705;0.0
23911840;0.0
23911959;
23912374;0.0
23912613;0.37267799624996495
23913270;0.0
23913310;
23914631;0.3340097303971847
2391480;0.36078426969062594
23915017;0.0
23916885;
23916898;0.3975349374143464
2391724;0.4273269939181573
23917676;0.0
23917861;0.0
23918849;0.3590351654086268
23921110;0.0
23921118;0.0
23921311;0.41122210987382257
23921312;
23922073;0.0
23922195;0.0
23922276;0.0
23923008;0.0
23923079;0.0
23923414;0.33071891388307384
23923474;0.0
23923649;0.0
23923962;0.2872339546958049
2392403;0.0
23924199;0.0
23925071;0.3743877735532366
23927074;0.0
23927548;0.0
23927580;0.0
23927703;
23928019;0.0
23928085;0.0
23928252;
2392926;0.28747978728803447
23929689;0.4330127018922193
23929691;0.0
23929706;0.0
23929708;0.38729833462074176
23929815;
23929822;0.0
23929991;0.5700473137462337
23930394;0.23529411764705882
23930445;0.0
23931156;0.0
23931157;0.3912303982179758
2393179;
23932039;0.0
23932103;0.0
23932283;0.5196152422706631
23932638;
23932676;0.0
23933059;0.0
23933254;0.33071891388307384
2393540;0.3268061942810608
23936666;0.0
23936668;
23937374;0.0
23937435;0.27664465796752613
23937797;
23937825;0.38490017945975047
2393930;
23939662;
23940142;0.0
23940293;0.4323907576202923
23940384;0.0
23940422;
23941278;
23941279;0.422247109529382
23942863;0.0
23943703;
23944692;0.0
23945000;0.26452002850644324
23945646;
23945691;0.0
2394575;0.5451851186436125
23945837;
23947515;0.0
23948263;0.5477225575051661
23949178;0.33364240464065265
23964521;0.11880522627199533
23964880;
23965140;0.35136418446315326
23965941;0.0
23966704;0.0
2396685;0.31774445465112133
23966959;0.0
23967397;0.0
23968;
23968534;0.5547001962252291
23968965;0.0
23969;0.24944382578492943
23969910;0.0
23970102;0.0
2397280;
23973898;0.3506714347510871
2397411;0.3912303982179758
23974489;0.16829002553541472
23975291;0.0
23975294;0.0
23975351;0.0
23975354;
23976203;0.9652153257175312
23976892;0.0
23977261;0.0
23977357;0.3464101615137754
23977401;0.0
23977710;
23978098;0.2581988897471611
23978135;0.0
23978539;0.0
23978740;0.5362865892273683
23978962;0.0
23978964;
23980977;0.4944132324730442
2398188;
23982094;0.24944382578492938
23982354;0.0
23982576;
23982757;0.4726917600297259
2398307;
23983209;0.0
23984212;0.0
23985406;
23985598;
23986036;0.28747978728803447
23986753;
23986887;
23987253;0.0
23990091;0.4587274125254208
23990203;0.0
23990296;0.0
23991030;0.3912303982179758
23991041;0.0
23991187;0.0
23991903;0.0
23992106;
2399235;0.30361335602843254
23992608;0.2846375212766556
23992882;
23993114;0.5307173444065864
23993745;0.3699324262618782
23994210;0.33946348413888633
23994574;
23994742;0.5471012044321932
2399514;0.0
23995246;0.0
23996508;0.0
23998411;0.0
2399859;0.3142696805273545
23999395;0.3513641844631533
23999546;0.37267799624996495
2400042;
24001566;
24003146;0.0
24004972;0.0
2401087;0.4165977904505309
24019995;
24020406;0.5728219618694801
24029306;0.0
24030906;0.38490017945975047
24031631;0.0
24031673;
24032859;0.0
24033086;0.0
24033142;0.4379957508672633
24033786;
24033816;0.6016203258375712
24035031;0.0
24035364;
24035467;
24038870;0.49613893835683387
24039351;0.33881546358946923
24039391;0.0
24039494;0.37267799624996495
24039662;0.24743582965269678
24040102;0.0
24041129;
2404116;0.7193747284969079
24041317;
24042275;0.3104698017127927
24042676;0.0
24042955;0.44848952846511053
24043502;0.0
24043504;0.573775310549247
2404629;0.5590169943749473
24047206;0.4330127018922193
24047776;0.0
24048051;
24048462;
24049015;
24049143;0.24000000000000005
24050066;0.37267799624996495
24050553;0.2664693550105965
24050898;0.0
24051657;0.37951669503554064
24051658;0.5590169943749475
24051846;0.0
24052155;0.4542612748024247
24052829;0.0
24052933;0.0
2405326;
24053829;0.0
24058070;0.0
2406023;0.596663748467176
24066695;
24066740;0.37848472717566045
24067038;0.0
24067104;0.0
24067223;0.0
24067227;0.0
24067566;0.1506131137016415
24067622;0.0
24068061;0.3513641844631533
24068433;0.29337763932521316
24068868;0.0
24070588;0.0
24071781;0.3563048203434806
24072035;0.25746276239597443
24072475;0.0
24072522;0.0
24073358;0.2846375212766556
2407558;
24076428;0.0
24076902;0.0
24077513;0.4
24077832;0.0
24078868;0.0
24078905;0.0
24079357;0.0
24079407;0.0
24079683;0.0
24080160;0.0
24080826;
24083646;0.44899888641287294
24083652;
24084159;
24084627;0.0
24084893;0.0
24085216;0.0
24085514;
24086677;0.3464101615137754
24087204;0.1249425947156867
24087206;
24087257;0.7211102550927978
24087284;
24087313;
24087317;
24087319;
24087529;0.0
24087625;0.33071891388307384
24088325;
24088360;
24089285;0.0
24091460;0.3795166950355407
24092621;0.0
24093535;
24094863;0.25624994988854727
24095127;0.2664693550105965
24095388;0.0
24095426;0.4409585518440985
24095434;0.22248595461286988
24096077;0.35777087639996635
24096667;0.0
24098493;0.4263062998280131
24098908;0.0
24099171;0.32546263368615136
24099226;0.3442651863295481
24099431;0.0
24100036;
24100533;0.5
24100721;
24101658;0.0
24102601;0.0
24102746;
24102890;0.29714709975358455
24103132;
2410728;
24108130;0.0
2411068;0.0
24112021;0.5922469278917488
24115311;
24115929;0.0
24116219;0.0
24117232;0.3464101615137754
24117616;0.0
24117821;0.36927447293799825
24119186;0.0
24119639;0.45228737229194843
24119875;0.47140452079103173
2412005;0.0
24120374;0.0
24120470;0.3651483716701107
2412107;0.0
24121142;0.34992710611188255
24121822;0.0
24122067;
24122379;0.0
24125;
24125483;
24125486;
24126367;0.0
24126449;0.0
24126451;0.0
2412687;
24126963;0.0
24127947;0.0
24128328;0.23529411764705882
24128530;
24128986;0.4330127018922193
24129044;
24129417;
24129583;0.34992710611188255
24129720;0.0
2413008;0.3912303982179758
24132865;
24134140;
24134228;0.2664693550105965
24134495;0.0
24134741;0.0
24134873;
24135113;0.0
24135411;
24135440;0.57282196186948
24135504;0.0
24135563;0.0
24135687;0.38490017945975047
24136761;
24136880;0.0
24139544;0.0
24139680;0.4
24139725;0.0
24139852;0.36927447293799825
24139994;0.36927447293799825
24140132;0.0
24140183;0.31046980171279276
24140822;0.18849952246848128
24141080;0.0
24142652;0.0
24142867;0.0
24143171;0.5471012044321932
24143441;0.17638342073763938
24143714;0.29714709975358455
24146773;0.5045625167740201
24148306;0.36363636363636365
24148607;0.0
24148664;0.0
24149047;0.0
24149495;0.38490017945975047
24150377;0.23529411764705882
24150736;0.0
24151002;0.36363636363636365
24151100;0.0
24151689;0.0
2415536;0.0
2416030;0.0
24163268;
24164376;0.0
24165005;
24166318;
24167509;0.0
24167903;0.0
24168103;0.3268061942810608
24168210;0.0
24169101;0.0
24169433;
241698;
24170046;0.0
2417022;0.0
24170609;
24171266;0.0
24172054;0.0
24173943;0.0
24174239;0.0
24174674;0.5530271261589016
24174774;0.0
24176026;0.0
24176068;0.48062459362791665
24176308;0.5163977794943222
24176459;0.0
24176758;0.36181361349331637
24177196;
24177563;0.5254846546645948
24177820;0.0
24177841;0.0
24177884;0.0
24177982;
24178091;0.34992710611188255
24178115;
2417820;
24178709;
24179476;0.34992710611188255
2418036;0.596663748467176
24180752;0.0
24180933;0.0
24181200;0.5196152422706631
24181305;0.0
24181397;0.0
24181523;
24181574;0.0
24181772;0.0
24181967;0.0
24182308;0.3000858643141282
24182385;0.0
24182584;0.0
24182729;0.0
2418291;0.0
24183064;0.0
24183181;0.0
24183685;0.0
24184099;0.32790242451070717
24184528;0.35136418446315326
24185442;0.0
24186958;0.0
24187550;0.0
24187756;0.2420614591379636
24188138;0.6666666666666666
24188565;0.0
24188690;0.0
24188738;0.0
24189049;0.4472135954999579
24189123;0.12903225806451613
24189928;
24190233;0.0
24190298;0.0
24190353;0.33071891388307384
24190573;0.0
24190879;0.12903225806451613
24191098;0.5006882315714638
24191137;
24191239;0.3795166950355407
24191433;
24191525;
24192315;0.5756395979652218
24193733;0.35136418446315326
24194323;
24195135;0.0
24195665;0.0
24195680;0.0
24196811;0.4
24197079;0.0
24197590;0.31346694695446825
24197594;0.3912303982179758
24197817;0.5577733510227171
24199483;0.0
24212220;0.37267799624996506
24213027;0.0
24213496;0.0
24213906;0.0
24214338;0.4472135954999579
24214807;0.0
24215379;0.0
24216001;
24216399;0.0
24216660;0.0
24217565;0.1385799032138497
24220958;0.0
24221013;0.0
24221261;0.37267799624996506
24221514;0.0
24222059;0.0
24222137;0.0
24222707;0.0
24223775;0.0
24226562;0.0
24226942;0.34992710611188255
2422700;
24227166;0.0
24227396;
24228124;0.0
24228288;0.0
24229069;
24229502;0.0
24230010;0.3563048203434806
24230060;0.0
24230283;
24232391;
24233850;0.0
24234277;0.2309401076758503
24234544;0.0
24234885;0.3401506715249038
24235096;
24235382;
24235743;0.0
24236872;0.0
24237091;0.32790242451070717
24237193;0.0
242373;
2423733;0.0
2423765;0.3581610266174341
24238092;0.0
24238944;0.3177444546511213
24240421;0.0
24242130;0.0
24242843;0.0
24243038;0.36487819155789
24244271;0.0
24245024;
24245216;
2424713;0.38490017945975047
2424820;
2425159;0.6666666666666666
2425243;0.0
24259076;
24259989;0.0
24260643;0.0
24261052;0.0
24261379;0.34815531191139565
24263167;0.0
2426337;0.36347904744313214
24263871;
24263880;0.0
24264025;0.0
24264304;0.0
24264385;0.0
242653;0.0
24267778;
24268963;0.0
24269062;
24269694;0.0
24270195;0.0
24271702;0.0
24274874;0.0
24275434;0.3464101615137754
24275526;
24276971;0.35067143475108714
24277393;0.33071891388307384
24277438;0.0
24277571;0.0
24278134;0.0
24278498;0.0
24278948;0.6048073969567577
24279314;0.0
24279358;0.4
24279640;0.0
24279896;0.0
24281397;0.0
24281856;0.0
24282356;0.0
24282526;
24282771;
24282892;
24284189;0.37267799624996495
24285236;0.0
24285471;
24285592;0.28368210600187793
24285668;0.0
24285750;0.38490017945975047
24286113;0.6030226891555271
24286306;
24286649;0.0
24286688;
24289646;0.0
24290262;0.0
24290479;
24290480;0.3142696805273545
24290865;0.5307173444065864
24291870;0.37157376272280607
24292791;0.0
24300085;0.0
24307503;0.0
24307670;0.0
24308316;0.0
24308500;0.0
24309555;0.2671022997384426
24309652;0.0
24310662;0.0
24310794;0.0
24311093;0.0
24311574;0.0
24311801;
24312530;0.3810087306873171
24313482;0.0
24314467;0.2594353270630477
2431629;
24316422;0.0
2431645;
24317737;0.0
24317837;0.47140452079103173
24319213;
24321239;0.3659161922792072
24321882;0.0
24323975;
24324591;0.0
24325428;0.0
24327191;0.0
24327756;0.692820323027551
24328264;0.0
2432831;
24328342;0.5039526306789696
24329323;
24331319;0.44488636238091855
24331456;
243315;
24331796;0.0
24332394;0.276258471336916
24332584;
24332638;
24332647;
24332751;0.0
24332836;
24334669;0.0
24335388;0.4
24335621;0.0
2433909;0.45647404583656304
2433923;0.0
24341328;0.29541957835039856
2434384;
243541;
24357402;0.0
24357592;0.4
24358171;0.36078426969062594
24359060;0.33881546358946923
24359334;
24360045;0.3169328455231938
24360414;0.0
24361739;0.35208939510976517
24362245;0.4648111258522642
24362246;0.6719799799291684
2436348;0.0
2436470;0.0
24365367;0.0
24367048;
24367552;0.0
24367600;0.0
24368498;0.3142696805273545
24369295;0.0
24370581;0.0
24372368;0.0
24372858;0.0
2437381;0.8472875985478787
24373934;
24374805;0.0
24375519;0.0
24375599;
24375722;0.37951669503554064
24375962;0.0
24376171;0.35136418446315326
2437745;
24377887;0.0
24380024;0.0
24380204;0.0
24380559;0.3450327796711772
2438060;
24380612;
24381370;0.0
24381371;0.0
24383319;0.0
24383489;
24383703;0.37416573867739417
24383788;0.27638539919628335
24388189;
24389495;
2439307;0.0
2439369;0.35452854660010225
24395613;0.33071891388307384
24395952;
24397181;0.0
24397597;0.0
24397599;0.0
24397745;0.0
24398347;0.0
24398754;0.0
24400683;0.28747978728803447
24400857;
24403657;
24403740;0.0
24403806;0.0
24404117;0.0
24404167;0.0
2440425;
24404439;0.0
24406977;0.0
24407354;0.0
24407952;0.0
24410128;0.0
24410260;0.0
24410490;0.0
24411409;0.3651483716701107
2441212;
24412251;0.0
24413244;0.33881546358946923
24413852;0.0
24414168;
24415200;0.0
24417970;0.4
24426316;0.0
24427607;0.0
24427684;0.0
2443451;
24437074;0.0
24438601;0.5665577237325317
24438602;
2443964;
24439879;0.28414464208214585
24440407;
24440919;0.0
24442843;0.0
24443490;0.5547001962252291
24443588;0.4904332588039965
24443820;0.0
24444054;0.0
24444403;0.4120110270608701
2444490;0.3091000762582518
24447134;0.0
24447256;
24448467;0.5548606765399494
244485;0.0
24449557;0.0
24450262;0.33071891388307384
24451337;0.6591942331642754
24451560;0.0
24451758;0.0
24452505;0.19553504901607466
2445380;
24455683;
24455819;0.0
24456088;
2445645;
24456957;0.24944382578492938
24457034;0.0
24458280;0.24743582965269678
24459159;0.757317246446102
24461080;0.0
24461583;0.3855013788205702
24462685;0.38490017945975047
24462951;0.4330127018922193
24463568;0.0
24464219;
24464291;0.0
24464762;0.3763993960049205
24465659;0.0
2446580;0.24944382578492938
2447006;0.49441323247304414
2447067;0.0
2447092;0.5
24471398;0.3563483225498992
24471909;0.34992710611188255
24472713;
24486328;0.38729833462074176
24486505;0.4670993664969137
24486777;
244868;
24488013;0.0
24488439;
24488784;0.0
24488830;
24488923;0.3740878118331298
24489079;0.3651483716701107
24490323;0.36078426969062594
24497815;0.0
24497990;0.0
24498280;0.0
24498927;0.408248290463863
24499219;
24499809;0.3098386676965933
24500588;0.36347904744313214
24502328;0.0
24502930;
24503342;0.417352482666642
24505094;
24505168;0.0
24505581;0.42081270576508656
2450605;0.36421567954234174
24506145;0.0
24507629;
24507630;0.0
2450791;
2451000;0.35777087639996635
24519791;0.49943278484292936
24521633;
24524359;0.2664693550105965
24525521;0.519759088641194
24525640;0.5239368319955839
24525933;0.0
2452627;
24526443;0.0
24528089;0.5516041709505273
24529451;
24553706;0.37267799624996506
24554570;0.34992710611188255
24554674;
24554826;0.5000989217538614
24555018;0.0
24555617;0.0
24556101;0.0
24556588;0.37267799624996495
24557299;0.3507135583350037
24568083;
24569013;0.0
24569525;
24569565;
24570333;
24570582;0.0
24571700;0.0
24571891;0.0
24571986;
24573014;0.0
24573400;0.34232659844072877
24573722;
24574148;0.0
24575983;0.0
24576867;0.24325212770525995
24577177;
24577260;0.0
24577354;0.5163977794943222
24577651;0.37267799624996506
24577725;
24578151;
24578322;0.0
24579510;0.5474608980087711
24579750;0.0
24582560;0.46875000000000006
24582720;
24583091;0.3912303982179758
24583484;0.35136418446315326
24584298;0.0
24584534;0.5051388811566561
24584742;0.0
24585016;0.28504269944799454
24585928;0.3795166950355407
24585993;0.0
24585995;0.3551894631474634
24586402;0.24000000000000005
24586427;
24586592;
24586845;0.28747978728803447
2458702;0.30000000000000004
24587637;0.0
24589024;0.0
24589920;
24590024;0.0
24590635;0.3524359572987312
24593274;0.2687256980359886
2459478;0.0
24595568;0.34998609186951823
24595963;
24596488;
24597222;0.0
24598269;
24598383;
24598525;0.3307189138830739
24599268;0.0
2460371;0.7905529618133386
24607009;
2460978;0.6959881158270091
24610771;
24610947;0.0
2461096;0.0
24611043;0.24944382578492938
24611667;0.6860605019571372
24611971;0.3703280399090206
24611973;0.3563483225498992
24612037;0.0
24612087;0.4523443208612048
24612145;0.0
24613778;0.0
24614054;
24614853;0.0
24618058;0.0
24618312;0.0
24618357;
24618829;0.0
24619586;0.0
24619632;0.0
24619733;0.4040610178208843
24619757;0.0
24620222;0.0
24620328;0.0
24621140;
24621180;0.0
24622276;0.0
2462354;0.619419531138271
24624850;0.0
24626708;
24626855;0.0
2462707;
24627322;0.3688555567816588
24628037;0.0
24628682;0.0
24629433;0.0
24630320;0.0
24630800;0.2614881801842454
24630834;0.0
24631059;
24631103;0.0
24631564;0.0
2463265;0.0
24633046;
24633750;0.0
24633951;0.0
24634046;0.4395603444339491
24634267;
24637212;0.375
24637306;
24637581;0.36181361349331637
24638015;0.0
24638362;0.5
24638732;0.0
24639191;0.0
24639429;0.0
24639588;0.0
24640563;0.3912303982179758
24641108;0.0
24642669;0.0
24646158;0.0
24651568;0.0
24652014;0.44700650421980986
24652408;
24652455;0.0
24653194;0.0
24653488;0.0
24654246;
24655155;0.0
24655632;0.0
24655885;0.481668723369061
24657501;0.0
24657535;0.0
24657590;0.0
24658025;0.0
24663169;0.0
24664250;0.0
24664474;0.0
24664600;0.4403050833197164
24664602;0.0
24664766;
24665008;0.2696799449852968
24667657;0.4330127018922193
24667895;
24668140;
24669048;0.35136418446315326
24669357;0.3184917966195481
24670616;0.0
24671212;0.0
24671428;0.34232659844072877
24672620;
24674409;0.4670248868079293
24674503;
24674763;
24675136;0.0
24675685;0.0
24676238;0.0
24676457;0.6347954536121069
24676458;0.36927447293799825
24677514;
24677824;0.0
24678126;0.0
24679063;0.5268477818695766
24680;0.35954213213893327
2468167;0.40978885552459976
24682295;0.3565624098762406
24683718;0.28386354538174535
24683819;0.0
24684257;
24684442;0.5369305982217933
24685277;0.5039526306789696
24685395;0.4330127018922193
24685717;0.42127085800286396
24685773;0.0
24685997;0.0
24686407;0.0
2469312;0.0
2469423;0.0
24699612;0.25664502073226875
24700625;
24701018;0.3252180950806972
24701056;0.0
2470120;0.34992710611188255
2470142;0.6123724356957945
24701543;0.0
24703052;0.0
24703754;0.28747978728803447
24703919;0.0
24704618;0.3307189138830739
24707071;0.3912303982179758
24708404;0.37416573867739417
24708826;0.0
24709239;0.42365927286816174
24709288;0.0
24710426;0.0
24710625;0.0
24711394;0.0
24711659;0.5332916650389354
24714575;
24716121;0.35067143475108714
24717248;0.5755111690941113
24717889;0.0
24718054;
24718142;
24721481;0.30000000000000004
24721623;0.3464101615137754
24722104;0.0
24722106;0.9576669180492379
24722388;0.4979295977319691
24723849;0.30000000000000004
24723850;0.0
24724712;0.1153846153846154
24725135;0.3703280399090206
24725376;
24725812;0.0
24727992;0.3763993960049205
24728117;0.0
2472851;0.0
2472899;0.4277246366139628
24729260;0.0
24729961;0.0
24731003;
24731098;
24731385;0.0
24731475;
24731956;
2473876;0.4958525753508006
2473938;0.0
24740251;
2474526;0.6642584709578917
24745708;0.0
24745711;0.0
24746584;0.0
24746705;
24747283;0.0
24748036;0.3590351654086268
24748451;0.0
24748613;0.692820323027551
24749415;0.0
24749502;0.0
24754153;0.0
24754282;
24755213;
24755527;0.4354107416070924
24757379;0.0
24757684;0.0
24757788;0.34815531191139565
24761397;0.38490017945975047
24762507;0.0
24762570;
24762886;0.0
24764372;0.0
2476543;
24765567;0.0
24766058;0.2703077200940699
24766902;0.19843134832984427
2476708;0.4183300132670377
24773750;0.0
24776685;0.0
24777766;0.5383054219239551
24792626;0.0
24792916;0.0
24794216;0.0
24795648;0.367006645104718
24795773;
24795879;0.30000000000000004
24796034;
24796314;0.0
24796810;0.3254626336861513
24797075;
24797124;0.24845199749997662
24797305;0.0
24797484;
24798982;0.0
2479976;0.0
24800561;0.0
24800637;0.0
24801584;0.3464101615137754
24801772;0.0
24802698;0.0
24803393;0.3725239652467954
24803704;0.0
24804130;0.0
24804180;0.0
24804374;
24805431;0.0
2480570;0.0
24805775;0.3440104580768907
248059;0.41573970964154905
24808933;1.0919284281983377
24809043;0.38729833462074176
24810053;0.3149183286488868
24811216;0.48208983737820577
24811906;
24814949;0.36735282343519987
24815905;0.1506131137016415
24816750;0.0
24817218;
24818041;0.21912273678590868
2481824;0.0
24818732;0.0
24818776;0.42224710952938205
24818990;0.3715737627228061
24822518;
24823253;0.17435498233186678
24823513;0.45173309437135906
24823901;0.2664693550105965
24824226;
24824388;0.3912303982179758
24825538;0.35136418446315326
24825907;0.0
24826179;0.3142696805273545
24826566;0.3550194095587379
24828273;0.0
24832486;0.2664693550105965
24834838;0.0
24840567;
24840955;0.0
24844105;0.0
24844378;0.0
24844456;
24844458;0.0
24844641;
24844827;0.0
24845162;0.28747978728803447
24848163;0.0
24848452;
24848776;0.3401506715249038
24849477;
24849529;0.47675561702757835
24850680;0.8073000268384322
24851366;
24852548;0.0
2485298;
24855577;0.0
24855954;
24856186;
24857326;0.0
24857970;0.34992710611188255
24858096;0.0
24858666;0.38490017945975047
24858799;0.5160420110886788
24858893;0.42914643965279115
24860022;
24860109;0.0
24861418;0.3795166950355407
24863303;0.0
24863657;
24864051;0.0
24864853;0.0
24865394;
24866518;0.0
24866781;0.0
24867062;0.0
24867063;0.36735282343519987
24867614;0.36735282343519987
24867963;
24868437;0.0
24869055;0.6111981825813986
24872224;
24872809;0.0
24872812;
24873010;0.0
24873271;0.0
24873598;0.3142696805273545
24873779;0.33726843908080095
24874842;0.3550194095587379
24875281;0.3563048203434806
24875593;0.0
24875975;0.0
2487634;
24890209;
24892114;
24892267;0.0
24892777;
24893387;0.0
24893389;0.0
24893558;0.0
24894011;
24894315;0.44840457922133964
24895460;0.0
24897012;0.8467606315730121
24897205;
24897755;
24898185;0.0
24898186;0.0
24898878;0.0
24898934;0.4330127018922193
24898992;
24900437;0.3703280399090206
24901027;
24901664;
24906510;0.0
24906818;0.0
24907246;
24912081;
24912157;0.0
24912525;0.0
24912686;0.0
24913717;0.49127332613206076
24914784;0.0
24915726;
24922061;
24923104;0.36078426969062594
24923470;0.0
24936413;
24936506;0.0
24937179;0.33364240464065276
24937180;0.0
24938078;0.0
24938325;0.0
24939027;0.30000000000000004
24939142;0.0
24939751;0.27638539919628335
24940243;0.0
24940841;0.3488128296112286
24941027;0.37157376272280607
24942573;0.3795166950355407
24943137;0.0
24945413;0.0
24945983;0.0
24946244;0.0
24946245;0.0
249463;0.0
24946459;
24947398;0.0
24947439;0.0
24949058;0.0
24954420;0.4
24954769;0.0
24956905;
24957082;0.5006882315714638
24957849;0.3715737627228061
24960568;
24960822;0.0
2496205;0.3254626336861513
2496292;
24963719;
24964418;0.0
24964780;
24965015;0.0
24968377;0.0
24968842;0.37267799624996506
24969925;0.0
24971484;0.0
24971794;
24976529;0.0
2497965;
2498121;0.0
24985694;0.0
24986385;0.37416573867739417
24987185;0.0
24988458;0.0
24988625;0.36181361349331637
24989231;0.0
24990769;0.1506131137016415
24990915;0.0
24991499;
24991915;
24991987;
24994616;
24995330;
24997902;0.27464262493023806
24998535;
24998624;0.0
24998937;0.0
2499968;
25002460;0.0
25003024;
25003071;0.0
25003275;0.0
25004216;0.1506131137016415
25004408;0.44760506322258653
25004539;0.3401506715249038
250051;0.3563048203434806
25005256;
25005846;0.34641016151377546
25006059;0.3703280399090206
25007901;0.0
25009869;0.0
25010570;0.3703280399090206
25010718;0.37267799624996506
25011488;0.0
25011983;0.0
25012308;0.3651483716701107
25014455;0.4
25014651;
25014653;0.0
25015646;0.54110822483116
25018917;0.0
25019021;0.43073049225394805
25020293;0.6576401647837061
25022576;
25023374;0.35136418446315326
25023375;0.0
25023502;
25025353;0.0
25027092;0.367006645104718
25035426;0.33071891388307384
25036759;0.0
25037279;0.3346414512761929
2503729;
25039716;0.375
25039717;0.0
25040310;0.36078426969062594
25041006;0.0
25041342;0.3312648750301262
25044269;0.17300977333063836
25044443;0.5222329678670935
25044444;0.0
2504458;0.23268384839367134
25045703;0.7266360849833979
2504595;0.8812616945951517
25046308;0.3142696805273545
2504653;0.0
25047970;0.33364240464065276
25048477;
25048944;
2504940;0.48850421045919723
25049770;
25052425;0.0
25052650;0.2846375212766556
25052864;0.0
25052900;0.341797303712883
25054468;0.0
25055807;0.179653602498813
25058935;0.33881546358946923
25059157;0.0
25060109;0.5
25060955;0.1846372364689991
25061410;0.0
25061831;0.0
25061832;0.0
25062174;0.38490017945975047
25062511;0.1954016841836789
25062781;0.0
25062826;0.0
25063087;
25063088;0.21101398453599896
25063091;0.0
25063361;0.3184917966195481
25066463;0.0
25066995;0.0
25067714;0.2857142857142857
25070786;0.2449489742783178
25071663;0.0
25072776;0.0
25085121;0.0
25086894;0.3098386676965933
25087188;0.0
25087769;0.3795166950355407
25087908;0.0
25089260;0.3083208205669246
25089641;0.0
25090148;0.0
25090255;0.2857142857142857
25090494;0.0
25090847;0.0
25095563;0.0
25096002;0.0
25097297;0.0
25098309;0.34851740801749165
25099668;0.367006645104718
25100721;0.0
25103369;0.2664693550105965
25104374;0.3307189138830739
25104375;0.35136418446315326
25104422;
25107228;
25107338;0.0
25110691;0.0
25111166;0.0
25111926;0.0
25113451;0.0
25114852;0.0
25114854;0.5057692226019388
25115371;
25115981;0.0
25118285;0.0
25118434;0.0
25118528;0.0
25122235;0.27638539919628335
25122238;0.676040864149498
25123748;0.6275564998419083
25128184;0.2664693550105965
25130709;0.0
251323;0.7054611268677782
25133880;0.0
25134867;0.0
25136223;
25138117;0.0
25138767;0.38729833462074176
25138768;0.0
25139257;0.36078426969062594
25139727;0.4
25140140;0.5669467095138409
25140726;0.0
25141381;0.3401506715249038
25141807;0.42552315900281695
25144194;0.29541957835039856
25146651;0.0
25146666;0.9897433186107871
2514693;
25149042;
25149191;0.0
25151110;
25151737;0.0
2515180;0.0
25152545;0.47140452079103173
25154146;
25154430;
25154692;0.0
25155237;
25155747;
25155855;0.0
25156001;0.0
25156536;0.5577733510227171
25156929;0.0
25157539;0.0
25157709;
25157908;
25157997;0.0
2515821;
25158597;0.0
25158787;
25159030;0.5976143046671968
25159377;0.0
25161742;0.33881546358946923
25161840;0.0
25162196;0.34594797296703445
25162674;0.0
25163560;0.0
25163609;
25165137;0.3464101615137754
25165357;0.22400991802853368
2516613;
25166763;
2516741;0.0
25170806;0.0
25172168;
2517217;0.34992710611188255
25172969;0.0
25174381;0.0
25174637;0.0
25174860;0.0
251815;
2518251;0.4369485463303985
25189549;0.0
25190383;0.0
25190384;0.0
25190458;0.28414464208214585
25191020;0.0
25191147;0.34232659844072877
25191150;0.0
25192988;0.0
25194614;0.0
25197673;0.0
25197957;0.0
25198550;0.2635131621595668
25198551;0.3142696805273545
25198797;0.0
25198898;
25199087;0.0
25199207;0.0
25199350;0.0
25200145;
25200425;0.367006645104718
25201461;0.3083208205669246
25201598;0.36078426969062594
25201737;0.0
25202145;0.0
25202416;0.0
25203656;0.0
2520685;
25207424;0.17320508075688776
25209573;
25210968;0.47865596328775256
2521245;
25214362;0.0
25214867;0.0
25216507;0.2857142857142857
25217303;0.4844729135305431
25217346;
25217536;0.22248595461286988
25217991;0.0
25218079;0.0
25218605;0.408248290463863
25221577;0.36078426969062594
25222117;0.0
25222627;
25222806;0.5433912973901911
25222904;0.0
25224015;
25224068;0.28747978728803447
25225439;0.0
2522564;0.4183300132670378
25226240;0.3422860840197998
2523009;0.0
2523601;0.0
2523794;0.0
25241688;0.0
25242179;0.0
25242238;0.36487819155789
25243298;0.0
25243506;0.0
25243765;0.0
25244243;
25244244;0.34232659844072877
25244779;
25244780;0.0
25244986;0.0
25245164;
25245490;
25245492;
25246592;0.0
2524852;
25249790;0.0
25250262;0.3422860840197998
25251050;
25251643;0.0
25251782;0.2579547299859361
25252051;0.0
2525226;0.3938299643454349
25254421;0.37951669503554064
25256650;0.4330127018922193
25257738;0.1579345138264476
25259351;0.0
25260201;0.0
25260872;0.270425949024529
25266322;0.0
25266753;0.0
25274215;0.0
25274270;0.38490017945975047
25275919;0.0
25277245;0.0
25278454;0.0
25281344;0.0
2529027;0.3629508690350986
25291962;0.3464101615137754
25292561;0.28747978728803447
25292693;0.38951782748808106
25292749;0.0
25293420;0.0
25293880;0.0
25294752;0.0
25294864;0.44488636238091855
25295359;0.13228756555322954
25295907;0.0
25301301;0.0
2530193;
25302141;0.0
25302238;0.0
25303574;0.2557499894103522
25303722;0.4330127018922193
25303868;0.0
25304378;0.30597614151589453
25304859;0.22248595461286988
25307036;0.3422860840197998
25308606;0.0
25308689;0.3703280399090206
25308768;
25309182;0.5376156733623918
25310318;0.0
25310461;0.0
25311552;0.3422860840197998
25311860;0.5219430598756355
2531685;0.3785251614183031
25317033;0.3379154497963546
25317875;0.37416573867739417
25318026;0.0
25318224;0.3083208205669246
25318269;0.0
25318516;
2531885;0.20333729416039426
25319068;0.37416573867739417
25319469;0.0
2531948;
25319843;0.0
25320098;0.17647058823529413
25320907;0.0
2532169;0.38490017945975047
2532399;
25325168;0.0
25325209;0.0
25325489;0.0
25325598;0.0
25325878;0.1090440572471855
25327243;0.0
25327426;0.3763993960049205
25327536;0.270425949024529
25329188;0.2663977138330655
253296;0.41122210987382257
25334556;0.367006645104718
25339459;0.0
25341451;0.0
25344214;0.5065172916730962
25344402;0.0
25344547;0.0
25344679;0.6972166887783964
25345017;0.0
25348116;0.34646346768651753
25348632;0.0
25351450;0.3401506715249038
25352996;0.37267799624996495
25354424;
25355098;0.4944132324730443
25355138;0.2857142857142857
25355543;0.23711225658371657
25356093;0.0
25356094;0.0
25356670;
25356805;0.0
25360211;0.367006645104718
25360635;
25362118;0.3912303982179758
2536234;0.2689864581375928
25362898;
25367578;0.0
25368364;0.4844729135305431
25368676;0.0
25368687;0.3
25368728;
25369264;
25370098;0.3590351654086268
25370537;0.0
25370634;0.270425949024529
25370729;0.37267799624996506
25370887;0.0
25371353;0.29981527091844445
25372032;0.0
25374740;
25375397;0.0
25375558;0.3227486121839514
25378574;0.29345589465676214
25379236;0.0
25383143;0.0
25392693;0.0
25393618;0.0
25393788;0.0
25394140;0.22451154763356748
25394594;
25394595;0.270425949024529
25394798;0.3464101615137754
25396703;0.37267799624996506
25396800;0.37157376272280607
25397062;0.0
25397307;0.38729833462074176
25398090;
25398091;0.0
25398250;0.5270462766947299
25399426;0.0
25402188;0.0
25402228;0.23570226039551584
25402229;0.0
25402844;
25402993;0.0
25404271;0.0
25405335;0.0
25405656;0.28747978728803447
25405797;0.0
25406189;
25406724;0.33881546358946923
25409916;
25410399;0.37267799624996506
25411127;0.0
25411167;0.0
25411434;0.0
25411704;0.2100199528433252
25413894;0.0
25414185;0.34992710611188255
25414269;
25414977;0.0
25417639;0.2377176798028677
25418540;0.0
25418981;
25419128;
25419280;0.0
25419677;0.37416573867739417
25419876;0.0
25421274;0.0
25421672;0.3464101615137754
25422058;0.3142696805273545
25422364;0.0
2542245;0.2882306768491568
25422535;0.4242640687119285
25424368;
25425300;
25426168;0.0
25427624;0.0
25431279;
25435082;0.5196152422706631
25443086;0.6666666666666666
25443239;0.0
25444134;0.0
25444262;0.0
25444891;0.0
25445179;0.0
25445509;
25446177;0.0
25446217;0.0
25446718;0.3333333333333333
25447616;0.36487819155789
25448117;0.3535533905932738
25448730;0.0
25451856;
25452031;0.3741657386773941
25452330;0.0
25452453;0.2987611643144983
25453112;0.3346640106136302
25455229;0.0
25455914;0.0
25459080;0.0
25459340;0.0
25459582;0.37951669503554064
25460100;0.5105203241514897
25460824;
25461741;0.0
25461865;0.0
25462801;0.0
25463209;0.3688555567816588
25467317;0.0
25468617;0.0
25469552;0.0
25469600;0.33071891388307384
25469809;0.0
25469811;0.16643566632465157
25470073;0.0
25470705;
25470875;0.0
25471402;0.0
25472256;0.28747978728803447
25474673;0.0
25474825;0.0
25474938;0.0
25475149;0.0
25475151;0.3715737627228061
25476603;0.12722752221719605
25478007;0.3779644730092272
25479442;0.27272727272727276
25486480;0.0
25490962;
25491373;0.3401506715249038
25493030;0.24803918541230535
25494469;0.0
25494965;0.0
25495820;0.0
25496732;0.0
25497175;0.0
25499593;0.0
25500805;
25501540;0.0
25502948;0.0
25503145;0.0
25503268;0.5285499781147279
25503683;0.0
25504121;0.0
25504540;0.0
25505238;0.37157376272280607
25507790;0.0
25509146;0.0
25509338;0.0
25510261;0.6572670690061994
25510964;0.0
25511090;0.0
25511339;0.0
25512570;0.30000000000000004
25515640;0.0
25515647;0.31426968052735443
25516553;0.0
25518011;0.0
25518057;0.28747978728803447
25518098;0.37951669503554064
25518147;0.0
25518626;0.0
25518715;0.24845199749997668
25519044;
25525824;0.0
25525957;0.0
25526058;0.3715737627228061
25526509;
25526937;0.0
25527078;0.0
25527217;0.0
25527886;
255369;0.0
25542867;0.45145684260664126
25543631;0.32121717477865513
25544110;0.3703280399090206
25544279;0.0
25545637;0.0
25547128;0.0
25547809;0.0
25549061;0.0
25551327;0.3688555567816588
25552;0.0
25552038;0.0
25552647;0.28414464208214585
25552941;0.0
25553945;0.0
25554050;0.0
25554148;0.35136418446315326
25554265;
25554797;0.0
25555113;
25555728;0.0
25556372;0.0
25557395;0.0
25560435;0.2749806661015982
25560981;0.0
25562575;0.33071891388307384
25563073;0.0
25564520;0.0
25564775;
25567219;0.23424278964210218
25568128;
25568242;0.0
25569511;0.38729833462074176
25570162;
25570526;
25570902;0.0
25572602;0.3912303982179758
25577624;0.0
25577711;0.0
25578262;
25578521;0.4
25578864;0.0
2558091;
25594978;0.0
25596775;0.0
25597388;0.0
25597632;0.0
25599488;0.17647058823529413
25599973;
25599984;
25600239;0.0
25600278;0.0
25603386;0.0
25603708;0.0
25605595;0.29345589465676214
25605942;0.4898979485566356
25605970;0.0
25606716;0.0
25607063;0.0
25607210;0.4
25607348;0.0
25607492;0.3688555567816588
25608011;0.36487819155789
25610675;0.0
25611470;0.0
25612315;0.0
25612421;0.0
25613181;0.3142696805273545
25614410;0.30000000000000004
25615784;0.1415945220970916
25618400;0.0
25618941;
25619110;
25620067;0.0
25620068;0.7114761746590239
25622204;0.0
25622338;0.37416573867739417
25622465;0.36487819155789
25622708;0.0
25627238;0.0
25628527;0.0
25628797;0.0
25629168;0.0
25630087;0.24845199749997668
25630831;0.36078426969062594
25631448;0.35136418446315326
25646758;
25651574;0.0
25656171;0.5773502691896257
25656348;
25657296;0.3535533905932738
25657399;0.0
25657983;0.3803000120609434
25658114;0.0
25658654;
25658692;
25658910;0.33071891388307384
25659567;0.36078426969062594
25662240;0.37267799624996506
25664546;0.341797303712883
25664597;0.0
25664647;0.37267799624996506
25665440;0.0
25665755;0.08571428571428573
256658;0.0
25665898;0.5466517401417469
25666087;0.3
256665;
25666769;0.3401506715249038
25668107;0.0
25670965;0.0
25671133;0.5029498781008469
25672230;0.3
25672419;0.5223283267591267
25672738;0.0
25673344;0.33071891388307384
2567523;0.31774445465112133
2567574;
25678337;0.3939578935235193
25680634;0.0
25680823;
2568085;0.0
25680954;
25681953;0.0
25682994;0.0
25687448;0.3401506715249038
25694383;
25694822;0.0
25695853;0.0
25695854;0.0
25696058;0.0
25697150;
25697695;
25698383;0.11538461538461539
25698563;
25698980;
25699650;0.0
25699848;0.36487819155789
25700654;0.0
25704409;0.0
25707258;0.34992710611188255
25707438;0.3142696805273545
25707913;0.30983866769659335
25708390;0.3401506715249038
25708675;0.0
25709717;0.0
25710482;0.0
25711358;0.0
25712176;0.38729833462074176
25712798;0.0
25713247;0.16666666666666666
25713806;0.1875
25713977;0.17647058823529413
25715392;0.0
25715529;
25715632;
25715973;0.4330127018922193
25718380;
25719255;0.2165063509461097
25720401;0.0
25720605;0.5590169943749473
25720808;
25722394;0.0
25723189;0.0
2572374;0.5065093524683734
25726661;0.0
25727279;0.0
25728269;0.0
25728454;0.0
25728837;0.0
25732137;0.0
2573350;
257358;0.36998498468030955
25744191;0.3912303982179758
25746900;0.0
25747248;0.33071891388307384
25747934;0.0
25748213;0.0
25748293;0.0
25748356;0.33071891388307384
25748613;0.4
25754048;0.41386021410206736
25754061;0.6343239424027171
25754064;0.5196152422706632
25754067;
25756183;0.33881546358946923
25757211;0.0
25757691;0.0
25758139;0.36487819155789
25761088;0.5163977794943222
25764222;0.0
25764749;0.0
25768560;0.0
25769049;0.408248290463863
25770158;0.0
25770900;0.24803918541230535
25771187;
25771375;0.0
2577302;
25777489;0.3098386676965933
25778429;
25778430;0.0
25779919;0.0
25780483;0.0
25795420;0.0
25796084;0.0
25796631;0.8592392047732015
25797019;0.5362865892273683
25797526;
25797988;0.26452002850644324
25798730;
25798959;0.0
25799346;0.0
25799623;
25800061;0.34992710611188255
25800327;0.7071067811865476
25800409;0.0
25800840;0.0
25800890;0.24845199749997668
25801412;0.37267799624996506
25805710;0.33881546358946923
25805757;0.0
25806039;0.3464101615137754
25806229;0.0
25806332;0.2672612419124244
25806752;0.0
25808575;0.0
25809757;0.0
25810957;0.3464101615137754
25814022;0.0
25817863;0.5
25821290;0.3098386676965933
25822209;0.0
25822688;0.0
2582580;
25825969;0.24803918541230535
25826433;0.0
25829554;0.0
25829976;0.0
25830460;0.0
2583135;0.0
2583539;0.30000000000000004
25835926;0.0
25837881;0.0
2584353;
2584777;0.3795166950355407
2584826;0.0
25849510;0.09123958466923195
25849703;0.0
25850232;0.0
25851400;0.0
25851545;0.0
25852588;0.0
25852638;0.0
25852975;0.4663676277482893
25853363;0.33071891388307384
25853683;0.0
25853737;0.0
25853789;
25857378;0.0
25859835;0.0
25861977;0.5807564950208269
25862181;0.38490017945975047
25863368;0.0
25867346;0.0
25867957;0.37416573867739417
25868135;0.0
25868259;0.0
25868453;0.0
25869762;0.0
25870595;
25872228;0.3184917966195481
25874119;0.0
25883324;0.3464101615137754
25884286;
25886453;0.0
25886501;0.0
2588808;0.5260057104739817
2588908;0.0
25889489;0.0
2589210;0.0
2589647;0.542646952705159
2589894;0.35136418446315326
259003;0.367006645104718
25901027;0.20573779994945587
2590863;
25909297;0.1763834207376394
2591030;0.0
25913398;0.0
25914587;0.3142696805273545
25915460;
25916483;
25918063;0.38490017945975047
25918714;0.3703280399090206
25918792;
25919146;0.47140452079103173
25919368;0.3346640106136302
25919595;0.0
25920164;0.0
25921357;0.0
25923192;0.6047431568147635
25923836;0.3563483225498992
25924605;0.569662172854805
25924821;0.0
25926816;0.5
2592761;0.12096347158681141
25927737;0.0
25927906;0.4
25931810;0.0
259335;
25934118;0.38490017945975047
25934266;0.0
25934620;0.4
25934718;0.37267799624996495
2593525;0.26452002850644324
25935353;0.6279133392341502
25935394;0.0
25935988;0.31490739379485305
259409;0.3467298756210654
25941277;0.38490017945975047
25942350;0.39126259692575577
25942723;0.33071891388307384
25944421;
25944469;
25961289;0.341797303712883
25964881;
25964882;0.0
25966050;0.0
25966334;0.0
25966955;0.0
25967691;0.0
25968069;0.3795166950355407
25968678;
25969229;0.0
25974666;0.0
25975039;
25975792;0.0
25976816;0.0
25977335;
25977818;0.3184917966195481
25977931;0.0
25977984;0.0
25978420;0.0
25978558;0.2222222222222222
25979631;0.3464101615137754
25982160;0.38490017945975047
25983387;0.0
25985142;0.0
25985764;
25985925;0.3563483225498992
25986202;0.0
25987435;0.3464101615137754
25987937;0.20351933162035316
25988088;0.30158585621724976
25994554;
25997713;0.0
25997860;0.0
26001044;
26002645;0.0
26005570;0.22268088570756164
26006301;0.0
2600832;0.49487165930539345
2601289;0.0
26015798;0.37267799624996495
2601700;
26021608;0.33071891388307384
26026057;0.0
26027601;0.20351933162035316
26027863;0.0
26028115;
26029112;0.15971914124998496
26033106;0.0
26035922;0.4409585518440985
26036544;0.34232659844072877
26037799;0.0
26039968;0.38626015404544695
26042196;0.0
26043254;0.0
26043639;0.408248290463863
26046496;0.0
26054088;
26054823;0.5590169943749473
26054966;0.2925959094565024
26059276;0.41987652505980405
26060602;0.0
26061824;0.0
26064771;0.0
260676;0.3734991330968901
26078220;0.0
26078916;0.0
26082112;0.3703280399090206
26084214;
26085398;0.0
26087121;
26087445;0.5
2608915;0.0
26089264;0.6928203230275509
26091839;0.0
2609211;
26095031;0.3401506715249038
26096196;0.2035193316203531
26097301;0.3795166950355407
26099007;0.34232659844072877
26100270;
26101233;0.0
26101332;0.6986885432532672
26101592;
26101737;
26103446;0.3464101615137754
26103846;0.0
26104277;0.0
26104543;0.0
26104832;0.32203059435976533
26105036;0.3651483716701107
2610541;0.0
26108270;0.0
26109110;0.20351933162035316
2610999;
2611098;0.6038073644245598
26111000;0.20351933162035316
2611182;0.30000000000000004
26112057;0.4
26112604;0.11916871834484362
26117047;0.0
26119538;0.0
26120651;0.0
26121044;0.38729833462074176
26122407;0.33071891388307384
26128749;0.3401506715249038
26138347;0.46689729018786896
26141456;0.0
26151323;
26151397;0.0
26152739;0.0
26152807;0.0
26153328;0.38490017945975047
26155515;0.38729833462074176
26155999;0.36885555678165877
26160924;0.0
26165777;0.0
26167271;0.09799078929868855
26177154;0.0
26179458;
26179949;
26180345;0.0
26180411;0.34992710611188255
26181462;0.0
26188401;0.0
262056;
26206022;
26206115;0.0
26208421;0.0
26210411;0.3946002313234923
26215759;0.0
26218109;0.0
26219308;
2622012;0.0
26221210;0.0
2622549;
26226034;0.27850013800679907
26229818;0.0
26237098;0.3464101615137754
26237927;0.0
262423;0.0
26243862;0.0
26257103;0.37267799624996495
26261664;0.34992710611188255
26262252;0.0
262634;0.77138921583987
26265398;0.0
2626670;0.0
26271565;0.0
26273447;0.4330127018922193
26273992;0.0
26275926;
26277379;0.3651483716701107
26277760;0.0
26279213;0.0
26283187;0.0
26285791;0.4
26285855;0.20351933162035316
26286953;0.37416573867739417
26287947;0.20351933162035316
26294767;0.0
26294769;0.3307189138830739
26294834;0.0
26294887;0.0
26295614;0.0
26296142;0.24845199749997668
26298228;
26303302;0.34992710611188255
26304222;0.0
26305;0.42008402520840293
26306550;0.33071891388307384
26306812;0.4
26307665;0.4
26307749;0.42003990568665045
26307914;0.28867513459481287
26307986;0.0
2631583;
26316355;0.30983866769659335
2632284;
26325817;0.37267799624996506
26330318;0.30983866769659335
26330861;0.24845199749997668
26331036;0.0
26331719;0.36885555678165877
26333056;0.3464101615137754
26336349;0.0
26336353;0.20351933162035316
26336593;0.0
26337609;0.0
26338039;0.0
26338235;0.0
26339334;0.0
26339433;0.38729833462074176
26340038;0.0
26344547;0.0
26344863;0.0
26346770;0.0
2634700;
26348337;0.38729833462074176
26349071;0.4460514967089147
2635317;
26357261;0.0
26357358;0.20351933162035316
26361519;0.34232659844072877
26362405;0.34992710611188255
26366061;0.0
26366112;0.38729833462074176
26366440;0.27850013800679907
2636676;0.0
26373904;0.0
2637757;0.23529411764705882
26382175;0.3912303982179758
26383088;0.6666666666666666
26384502;0.22268088570756164
26385643;0.0
26386198;0.0
26388466;0.0
26388826;0.0
26389495;0.0
2639245;0.0
26394491;0.0
26394892;0.408248290463863
26395420;0.0
26397488;0.692820323027551
26399317;0.0
26403341;
26403458;0.0
26404377;0.0
26404417;0.37267799624996506
26404459;0.0
26409324;0.0
26409665;0.0
26410004;0.0
26411138;0.37267799624996495
26411920;0.0
26415693;
26416685;0.0
26417808;0.0
26418489;0.0
2643216;0.22329687826943606
26433741;0.0
2643404;
26434140;0.0
26434254;0.22268088570756164
26435412;0.0
26435634;0.0
26436774;
26437215;0.0
26437476;0.0
26437883;0.37267799624996495
26438689;0.0
26438756;0.22268088570756164
26439011;0.0
26442713;0.34232659844072877
26443920;0.0
26444089;0.0
26445671;0.22268088570756164
26446723;0.0
26447205;0.0
26448055;0.3912303982179758
26450714;0.21908902300206642
26452192;0.0
26452838;0.23904572186687872
26454127;0.0
26454155;
26454395;0.3651483716701107
26454396;0.0
26454452;0.4
26460142;0.0
26460690;0.0
26461120;0.42552315900281695
26464918;0.0
26465443;0.0
2646562;
2646633;0.0
26467857;0.0
26468304;0.0
26468681;0.0
26469034;0.0
26473569;0.0
26473973;0.0
2647916;
26483134;0.0
26483264;0.37267799624996506
26486003;
26486153;0.0
26486405;
26486486;0.38729833462074176
26486693;0.2630668208823282
2648769;
26488277;0.0
2649108;
26491120;0.34700896950006177
26491412;0.408248290463863
2649158;
26493056;0.0
26493535;0.0
26495296;0.0
26497497;0.0
26498481;
26504696;0.0
26505065;0.24845199749997668
26505235;0.0
26506437;0.0
26506438;0.0
26507093;0.30983866769659335
26507313;0.0
26507357;0.24845199749997668
26508184;0.0
26509162;0.0
2650928;
26509410;0.0
26509762;0.30983866769659335
2651228;0.0
26512332;0.0
26514082;0.37267799624996495
26514261;0.3474335320195759
26516061;0.0
26516426;0.09780759955449397
26529520;0.0
26530988;0.0
26531873;0.0
26533239;0.3803000120609434
26540579;0.42552315900281695
26540916;0.0
26541484;0.0
26542313;0.37267799624996495
26544555;0.7243558228002943
2654519;0.3712750716301095
26545709;0.51234753829798
26547997;0.0
26548510;0.38729833462074165
26549346;0.0
26550543;0.0
26551639;0.0
26551817;
26551952;0.3651483716701107
26552008;0.5
26552256;
26555705;0.3061862178478973
26556103;0.0
26556425;0.0
26560119;0.31622776601683794
26560688;0.0
26561093;0.0
2656136;0.0
26561387;0.30983866769659335
26563616;0.0
2656623;
2657518;0.3142696805273545
26579230;0.0
26580743;
26586090;0.0
26589294;0.0
26589406;0.0
26589942;
26591;0.3104698017127927
26591367;0.0
2659277;0.0
2659284;
26595172;0.0
26595294;
26597520;
26598614;0.0
26599110;0.34232659844072877
26599456;0.0
26601976;0.0
26602898;0.6244997998398399
26605003;0.0
26606182;
26606269;0.0
26606769;0.0
26611702;0.0
26618511;0.0
26619152;0.34232659844072877
26622047;0.0
26622456;0.0
26623135;0.0
26624047;0.0
2662671;0.3657114381135463
26628661;0.0
26628662;0.2165063509461097
26628874;
26628995;0.34232659844072877
26630861;0.37267799624996495
26631256;0.38490017945975047
26632054;0.0
26634195;0.0
26634554;0.0
26635044;
26636699;
2663698;
26637564;0.0
26637957;0.0
26638782;0.0
26638850;0.2032789070454354
26639112;0.0
26640771;0.0
26641038;0.4330127018922193
2664139;0.27638539919628335
26642043;0.0
26643546;
26643716;0.3535533905932738
26646150;0.0
2664628;0.0
26646351;0.0
26646505;0.37267799624996495
26647899;0.0
26648213;0.0
26648311;0.0
26649044;0.0
2665168;
26662469;0.0
26662635;0.5773502691896257
26662902;0.0
26663066;0.3464101615137754
26663387;0.4330127018922193
26663713;0.2945929562327194
26664883;0.37267799624996495
26665483;0.3243911093675884
26665667;
26667187;0.0
26667742;0.0
26667872;0.0
26667984;0.0
26671;
26671107;0.34232659844072877
26673065;0.0
26673102;0.3803000120609434
26673302;0.24845199749997668
26673388;0.0
26673796;0.0
26673944;0.692820323027551
26674686;0.3912303982179758
266796;
26682524;0.0
26683881;0.0
26683969;
26684225;0.0
26684228;0.0
26685032;0.0
26685089;0.0
26686128;0.34232659844072877
26686270;
26687357;0.0
26688256;0.0
26689877;0.0
26690131;0.0
26691474;
26694571;0.13333333333333333
26701499;0.2857142857142857
26706627;0.34232659844072877
26707239;0.0
26707559;0.0
26707654;0.0
26708860;0.37267799624996495
26708861;0.0
26709107;0.34232659844072877
26709943;0.0
26710305;0.0
26714144;0.38490017945975047
267157;0.0
26715746;0.0
26717274;0.0
26717314;0.0
267176;0.0
26717680;0.34232659844072877
267200;
26720404;0.0
26721300;0.5454545454545454
26721337;0.3440104580768908
26723169;0.0
26723718;
26724237;0.0
2672458;0.54110822483116
2672540;
26726138;
26726737;0.6085806194501846
26727689;0.0
26727905;0.0
26728705;0.0
26729027;0.0
26729532;0.3440104580768908
26730491;0.38490017945975047
26730598;0.0
26731399;0.0
26733082;0.5254846546645948
26733525;0.3333333333333333
26733793;
26734014;0.0
26734130;0.0
26734350;
26735192;0.5773502691896257
26735539;
26736251;0.0
26736469;0.5471012044321932
2674413;
26748923;0.0
26749116;0.0
26749376;0.0
26750214;0.18181818181818182
26751811;0.42552315900281695
2675454;
26755878;0.0
26757020;0.0
26758177;0.0
26759230;0.38490017945975047
26760166;
26764781;0.3803000120609434
26765330;0.6666666666666666
26768572;0.0
26769091;0.0
26770789;0.2857142857142857
26771184;0.0
26774004;0.2857142857142857
26774078;
26775731;0.0
26775919;0.4330127018922193
267763;
26777261;0.38490017945975047
2678156;
26788824;0.0
26790435;0.38490017945975047
26790529;0.0
26795963;0.2857142857142857
26798312;0.6666666666666666
26799592;0.0
26800106;0.0
26803210;0.0
26805581;0.4
26810654;0.0
26815712;0.0
2682348;
26835770;
2683658;0.60380736442456
26838597;0.0
26839461;0.4
26843011;0.2252769665309031
26845511;
26847778;0.0
26849124;
26852761;0.3464101615137754
26852856;0.38490017945975047
26855204;0.4330127018922193
26857078;0.4330127018922193
26875338;0.38490017945975047
26876366;0.4330127018922193
268790;0.4171071164339996
26882827;
26888260;
26889844;0.2857142857142857
26893287;0.3464101615137754
26897338;0.15745916432444343
2689809;0.0
26899224;0.0
26902550;0.38490017945975047
2690661;0.0
2690704;
2691529;
26916322;0.38490017945975047
26917107;0.2857142857142857
26926170;0.3464101615137754
2692682;0.3219507157539575
2692715;0.21823584981712937
26929259;0.692820323027551
26931110;0.0
26932496;0.3464101615137754
26935082;0.565685424949238
26940459;0.3464101615137754
26940918;0.2857142857142857
26942713;0.2857142857142857
26942800;0.49487165930539345
26961752;0.408248290463863
2696992;0.4700446038238338
26970566;
26972539;0.5
26973683;0.0
26976248;0.3464101615137754
26983247;0.0
2699606;0.0
26999356;0.5
26999410;
269995;0.27638539919628335
27002948;0.3464101615137754
2700585;0.22329687826943606
2701229;
27019490;0.49487165930539345
2703226;0.45257728551927756
27045170;
27055402;0.7559289460184545
2705746;
27065607;0.0
2706692;
27071732;
27079356;
27080622;
27082767;0.7461814146714646
27082827;
2709941;
27102041;0.26646935501059654
2710968;0.0
271097;
2711051;0.4330127018922193
27111683;
27117505;0.6298366572977737
271401;0.367006645104718
27142386;
2714867;0.44930501889028573
2715074;0.0
2715573;
27158135;0.4330127018922193
27165400;
27174072;
27174135;
27174136;
2717481;0.7733312068708853
271848;0.0
2718678;0.24803918541230535
2718730;
2719632;0.0
27203820;
27206656;
27218408;
27224148;
2722538;
2724040;
2724426;0.3364837729186144
2724605;
2725245;0.31308138804386254
2725281;0.6085806194501846
2725682;0.5318977579511825
27269852;
27270237;
27274220;
2727846;
2728415;0.28747978728803447
27285208;
2728606;0.6912569807050077
2731023;
2731575;0.0
2732061;0.5045625167740201
2732143;
2732264;0.2222222222222222
27356;0.0
27369129;
27381167;
2740888;
27417971;
27418172;
27419851;
27420054;
27420344;
27422437;
27425295;
27425840;
27427695;
27427892;
27428763;
27429024;
27429175;
27429203;
27429484;
2743059;
2743142;0.632972566524373
2743198;0.0
27433281;
27433493;
27434692;
2743674;0.6085806194501846
2743856;
2743900;0.3450327796711772
2744005;0.0
27448157;
27451348;
2746904;0.24944382578492938
2747056;0.0
274917;0.0
2751242;0.5388914922357194
2751859;0.0
2752293;0.30983866769659335
2752487;0.29541957835039856
2755053;
2757240;0.0
2758096;0.0
2759140;0.305441419328485
2759567;
2759723;
2760241;0.0
2760359;0.0
2765526;0.42495694162176356
2765585;0.0
2765773;
2767022;0.0
2767767;
2769061;0.0
2769433;
2771780;0.38729833462074176
2772015;0.0
2774596;0.29880715233359845
2774798;0.9620913858416695
2775047;0.0
2777123;
277776;
2779785;0.0
2781136;0.0
2781227;0.0
2781310;0.0
2781379;0.34992710611188255
2781921;
2783041;0.3703280399090206
2783042;
2784324;0.0
2788119;
2789156;0.4330127018922193
2789984;0.0
2790074;
2790533;0.0
2790671;0.2857142857142857
2790774;0.21794494717703367
2791641;0.44389676161847536
2793266;0.6348594760135641
2794447;0.0
2797417;0.0
2799216;0.0
2801985;0.36078426969062594
2803647;
2803822;0.33726843908080095
2806747;0.4972652484064488
28080;0.0
2809012;0.37267799624996495
281282;0.27638539919628335
2814515;
2814648;0.0
2815287;0.3585319997687685
2815538;0.36137187490820805
2816416;0.0
2817076;0.3611575592573076
2818209;0.5270462766947298
2819286;0.7370277311900888
2822471;0.3872983346207417
2822490;
2822764;
2823107;
2824153;
2825926;0.0
2831117;0.36106837353937604
2831138;0.3142696805273545
2831561;0.0
2832061;0.0
283305;0.0
2833532;0.0
2833666;
2834259;0.49482923021805136
2834641;0.0
283865;
2839013;0.41905094342074706
2839092;0.0
2839803;
2840009;0.47531875434871135
2840390;0.47724442576420756
2841118;0.33881546358946923
2841382;
2841429;0.0
284231;
2846864;0.389323938708758
2848060;
2848225;0.0
2849608;0.0
2850342;0.36968281689617605
2851080;0.0
2851182;
2852535;0.0
2852566;
2856182;0.0
2859044;0.427617987059879
2860658;0.0
2864130;0.3795166950355407
2865559;0.33071891388307384
2866063;
2869456;
2869965;
2870067;0.44488636238091855
2872387;0.0
2872893;0.39407104549243244
2873223;
2873844;0.3485174080174916
2874652;0.0
2874702;
2875607;
2876155;0.32195071575395756
2876832;0.2174590118683225
2877216;0.380579966659009
2877320;0.512989176042577
2877405;0.0
2878089;
2878109;0.3912303982179758
2881351;0.49987652796453297
2881375;
2882878;
2883191;0.47333292493328266
2884175;
2884650;
288558;0.21295885499998002
2885800;
2885872;0.4097763617714749
2885945;
2886303;0.38490017945975047
2886717;0.3703280399090206
2886781;0.0
2886994;
2891200;0.29334001161109746
2891869;
2892066;0.0
2892109;
28923;0.24743582965269678
289237;
2893106;
2894279;
2894938;0.0
2895647;0.22906142364542562
2896325;0.0
2899743;0.0
2900658;0.5564206740017033
2901402;
2904599;0.0
290633;0.3429971702850177
290667;0.0
2909234;0.8655852545383365
2909699;0.30361335602843254
2910451;0.0
2910907;0.35777087639996635
2911218;
2912390;0.0
2915863;0.37584602559965985
2916446;0.3550194095587379
2917069;0.0
2917182;
2917708;
2917787;0.2447809132127156
2918150;
2919453;
2919837;
2919887;0.3663911691254661
292002;
2924071;0.0
2925506;
2926198;
2926818;0.0
2927596;0.4618802153517006
2927682;
2930157;0.33946348413888633
2930435;
2932480;
2932612;0.539898392600698
2932993;0.0
2934000;0.3367811605397753
2934329;0.27638539919628335
2935576;0.0
2935664;
2936016;0.0
2939447;0.44816365495844135
2939700;0.3795166950355407
2940141;
2941008;
2941553;
294255;0.3612582139086857
2943540;0.22906142364542562
294405;0.23785137347105859
2948211;
294956;
2950787;
2955330;
2955360;0.0
2956658;0.0
2956808;
2958541;0.37157376272280607
2961;0.18557687223952254
2963246;0.0
2963881;0.6845400217096982
296402;
2965822;0.0
2965877;
2965943;0.38490017945975047
2969258;
297038;0.6382130267579
2970806;
2971722;
2973499;
2974406;
2974949;
2978319;
2986328;0.2664693550105965
299105;0.0
2993595;
3002693;0.38490017945975047
3003008;0.3364837729186144
300646;
3006611;
3012767;0.0
3013764;
301961;0.27638539919628335
3019852;
3020197;
3021103;
3021913;0.0
3022384;0.0
3022477;0.0
3024381;0.0
3025106;
3025962;0.0
3027008;0.7682526539535405
3031874;
3032054;0.3340097303971847
303475;0.9526610232449334
3035179;0.30597614151589453
3035857;0.3830933695193865
3036085;0.0
3036364;
3036788;0.0
3037805;
3038365;0.4820898373782057
3043671;0.5648583990319193
304420;0.24803918541230535
3046487;
304670;
3049774;0.3422860840197998
3050569;0.0
3050681;0.0
3051801;0.0
3052034;
305479;
305594;
3061296;0.2
3061836;0.5827484186007617
3063062;0.0
3065261;0.0
306700;0.0
3067038;0.0
3067914;
3068317;0.0
3068480;
3070252;0.3970285633591488
3070408;
3070986;
3071295;0.0
307191;0.46709936649691375
3073323;0.33071891388307384
3073344;
3076365;
3076444;0.4554200340426488
3077284;0.0
3077567;0.0
307820;0.0
3078553;0.570894035701898
3078717;0.0
3078768;
3078923;0.4242640687119285
30793;
3080891;
3081665;0.34985711369071804
3082737;
3083515;
3083904;0.0
3084168;0.4050529311853267
3085302;0.380202331491829
308595;0.36078426969062594
3086253;0.4182815693474523
3088627;
3088879;0.6327016305295644
3088907;
309045;0.3083940876358227
3091321;0.6038073644245598
3091370;0.0
3091431;0.0
3092788;0.38729833462074176
3093522;0.0
309354;0.3959098160190754
3093625;
309374;0.37157376272280607
3093834;
3093854;0.6183724870662283
309550;0.9732900119149726
309559;0.3401506715249038
3096291;0.30361335602843254
309659;0.3912303982179758
309660;0.3798611688179743
3096610;0.3286992809345873
309754;
3098923;0.3550194095587379
3099051;0.0
3100634;0.5548606765399494
3105566;0.0
3106058;0.0
3106160;0.3681344308587197
3113319;
311395;0.5364985441086377
3116539;
3117222;0.5637694654233257
3122842;0.292107842545481
3123102;0.0
31239;
3127179;0.0
3128741;0.3795166950355407
312965;0.8079466429027216
3135329;
3135997;0.30000000000000004
3136928;0.4811252243246881
3139036;0.0
3139478;0.31774445465112133
3139765;0.3254626336861513
3140246;1.0067774261543558
3142814;0.2664693550105965
3142907;0.36998498468030955
3143093;
314382;
3145163;0.0
3145761;0.36735282343519987
3146870;0.44816365495844135
314842;0.3142696805273545
3150312;
3150496;
3152483;0.5412658773652742
3152791;
3153688;
3153906;
31591;0.0
3159185;0.3550194095587379
3160297;
3160331;0.0
3161276;0.6647591758710533
3162604;0.20459610920355875
3162827;0.0
3163130;0.0
3166514;0.3379154497963546
3168136;0.35540932665545544
3169200;0.54110822483116
3170192;
3172494;0.0
3173990;0.0
317466;0.0
3175176;0.0
3175822;0.3142696805273545
3177725;0.0
3177733;
3180557;
3183078;
3183236;0.304617503701042
3183338;0.0
3185025;0.0
3186219;0.5124592785206669
3186304;0.32397473807565313
3186697;0.6918952292540127
3189407;
3190236;
3190346;0.41323267740431724
3194038;0.35898993263170287
3194122;1.0798540896781517
3198937;0.0
3199589;0.0
3201679;0.0
3202223;
3202941;0.0
3207841;0.7851379205593699
3209145;
3209907;0.35966207639770204
321279;
3215114;0.0
321568;0.4330127018922193
321572;0.5138093031466051
321577;0.3604079321422052
321738;
3217858;0.0
3218324;
3218361;0.0
3220551;0.3703280399090206
3226806;0.22240711029789104
3227046;
3227359;
3228704;0.0
3229004;0.30183114619986867
3236861;0.0
323987;0.0
3243581;
3249704;0.0
3250312;0.36069542527498183
3251216;
3251421;
3251714;0.4
325239;
3254030;0.375
3259041;0.35136418446315326
3259163;0.2614233189206445
3261337;0.0
3262593;
3263021;0.30000000000000004
3263236;
326603;0.0
3267583;0.0
326814;0.3592907283574691
3268927;
3268956;0.35816181173029077
3269226;
3269850;0.0
3269991;0.5191911982388868
3270191;0.3810087306873171
3271223;
327282;0.0
327382;0.0
32751;0.0
3275800;0.3908679799852857
3276081;0.3795166950355407
3276765;0.29714709975358455
3277510;0.0
3278371;0.29851882559127707
3278504;0.0
328301;
3285129;0.2420614591379636
3286739;0.0
3287746;0.0
3288557;0.4771567577102639
3289309;
3289745;0.0
3293686;
3294318;
3294556;0.0
3294924;0.3340097303971847
3295930;
3297695;
330032;0.2882306768491568
330213;
3302582;
3303851;
3304153;0.4654665192733049
3311329;0.7235153038625088
3312414;
3318724;
3320402;
3321130;0.0
3321201;
3321751;0.2717479053973836
3323345;0.0
3324388;0.0
33297;0.5669467095138409
3330347;0.2478642228476387
3332303;0.0
3332350;0.615001030424294
3334213;
3334439;0.3422860840197998
3338968;0.4236941117424946
3339080;
3339546;
3340985;0.0
3341351;0.0
3341368;0.35777087639996635
3342281;0.3912303982179758
3342832;0.4512036549531966
3343967;
3346;0.6154217751694012
3346536;0.5507570547286101
33469;0.2882306768491569
3347327;0.6370731974845341
3347860;
3347885;0.0
3348002;
3348066;
3349284;
3350368;0.7933175979890333
3351249;0.0
3351492;0.0
3351563;0.0
3352217;0.36487819155789
3352356;0.0
3352527;0.529150262212918
3352646;
3353064;0.362925441424348
3359938;0.28747978728803447
3360563;0.3513641844631533
3362275;
3362281;0.0
3365283;0.3912303982179758
3366614;0.36004114991154773
3368089;0.0
3368149;0.33364240464065276
3368568;0.0
3370444;0.48744748888637723
337054;0.4309971159206156
3371345;0.47985964883872223
3375465;
3375869;0.4444209048659086
3378360;0.5193942704374639
3379407;
3379622;0.0
3384755;0.0
3386891;0.0
3387985;
3389055;0.3142696805273545
3389789;0.0
3390147;0.0
33938;0.7246939118841875
339604;0.524532028478209
3396375;0.0
3396990;0.9023623509987547
3397649;0.22462180041821256
3398405;0.0
3398707;
3400162;
3400271;
3401870;
340462;0.31774445465112133
3405884;0.3401506715249038
3406311;0.36078426969062594
3412534;
3416593;0.0
3417948;0.6444696753762429
341973;
342024;0.4029333990550723
342299;
342311;0.23399905033045662
3423413;0.0
3428711;0.0
3434490;
3444555;0.3219507157539575
34485;0.5210023386666228
345382;0.0
346230;0.0
3468938;0.367006645104718
3469181;
3471716;0.0
347238;0.41905094342074706
3473293;0.2664693550105965
3474713;0.0
3474843;0.0
3478772;
3479502;0.0
3480061;0.0
3480420;0.5337052315027108
3481318;0.0
3482243;0.0
3482839;0.0
3483222;
3483328;0.0
3484426;0.7402393261847179
3488407;0.0
3489141;
3493374;
3494611;
3494780;
3498076;0.0
350009;0.270425949024529
350025;0.0
3506671;0.0
3507272;0.2420614591379636
3508516;0.40890348771381874
3509063;0.0
3509828;0.0
3509968;0.5
3510727;0.0
351083;0.2664693550105965
351110;0.6779052703405954
3511509;0.0
3512418;
351579;0.47177057092500907
3520889;
3523939;0.35452854660010225
3524013;
3525466;0.0
3531304;0.5526118479108755
3532761;0.0
3533465;
3533795;0.0
353414;0.0
3534828;
3535703;
3535722;
353574;0.0
3538774;
3541197;
3541602;0.2664693550105965
3543190;0.627753195192246
3544948;0.654292880561694
3547788;0.38729833462074176
3547922;
3548900;0.0
3548982;0.43033148291193524
3551794;
3552362;0.0
3552977;0.6394442031083626
3553230;0.6614378277661477
3554282;0.35136418446315326
3555218;
3558440;0.0
3558452;0.4353125789821819
3558827;0.33364240464065276
3558931;0.5325752187591567
3559619;
3559665;0.47140452079103173
3560118;0.6296997213993626
3560180;
3561228;0.48356089770178956
3561719;0.0
3563160;0.5144957554275266
3568588;
3568949;0.0
3569654;
3571272;0.0
3573238;
3574526;
3578043;
3578256;0.295812350277957
35800;0.4519295940519609
3580247;0.7348735010190529
3580914;0.5
3581724;0.4943115327429808
3582452;0.0
3582604;0.0
3583071;0.3703280399090206
3583540;0.0
3584285;0.0
358700;
3592815;
3594930;0.3422860840197998
3595079;
3599929;0.0
3601546;0.0
3604577;0.5773936969432085
3604754;0.4796996649710181
3604988;0.0
3607763;0.0
3608578;0.2086513179688742
361167;
361178;0.5580489988532434
3612194;0.5526063566818351
361546;0.7338303240153302
3616199;0.0
3619551;
3621948;
3625398;0.0
3625429;0.5580489988532434
3626151;0.0
362623;
3627431;0.0
3627609;
3630402;0.0
363328;0.46976484792466017
3634620;0.0
3635752;0.27638539919628335
3636334;
3637021;
3637510;
3637596;
3638243;
3638320;0.0
3640994;0.30183114619986867
3644785;
3646361;0.6694223127007475
3646901;
3647621;0.3333333333333333
3648136;0.0
3648335;0.3307189138830739
3648342;0.2808777298169844
3648697;
3651123;0.39851988391580867
3651279;0.3142696805273545
3654576;0.0
3655284;0.5384848989475544
3658344;0.3450327796711771
3658849;0.0
365969;0.0
3662655;0.0
3664430;0.0
3666396;
3668690;0.0
3669301;0.32354782581913066
367078;0.3571354243317522
3672073;0.30361335602843254
3673722;
367467;0.37267799624996495
3676309;
3676599;
3677996;0.3301380711583913
367916;0.0
3682172;0.23529411764705882
3682771;0.3307189138830739
3685977;0.4898979485566356
3685997;0.0
368647;0.37267799624996495
3687100;
3690078;
3692214;0.2420614591379636
3695263;
3696302;0.6269584699778152
3699782;0.3795166950355407
3704814;0.4263819351720483
3708510;0.30000000000000004
370935;0.5529421742649718
3711863;0.0
3713954;0.40994110335255873
3715080;0.47140452079103173
371510;
3717492;
3718994;0.4686448734510503
3720405;0.3513641844631533
3720856;0.4464030581857923
3721342;
3721769;0.0
3722420;
372309;
3723564;
3725628;0.3422860840197998
3730478;0.0
3730540;
3735534;0.0
3736724;
3736742;0.0
373810;0.4064391021594408
373932;
3745443;0.8491501991607983
3746737;0.3763993960049205
3751192;
3754302;0.5008177649044795
3757254;0.0
3757527;0.3422860840197998
3760393;0.5075493736546975
3761771;
376201;0.0
3762595;0.24944382578492943
3762605;0.351921463456421
3763272;0.0
3764091;0.0
3766677;
3772096;
3773248;
3773349;0.0
3776291;0.3688555567816588
3776365;
3777226;0.543788731195299
3777851;
3778194;
377994;0.20327890704543544
3782350;0.0
3782731;0.36034070283070707
3788233;0.3594868137091668
3789061;0.2721655269759087
3789239;
3793528;0.28747978728803447
3793621;0.0
3795114;0.27638539919628335
3795420;0.0
3796789;
3797029;0.0
3798709;0.0
3808685;0.375
3809434;0.22268088570756164
3809578;0.0
3811838;0.0
3811918;
3811933;
3812471;0.3142696805273545
38126;
3813047;
3816016;
3816635;1.2124355652982142
3817037;
3818284;
3819439;
3821987;
3824122;
3828711;
3829988;0.7806247497997999
3831564;0.30983866769659335
3833461;0.24944382578492943
3834171;0.304329449259594
3840491;0.0
3843014;1.0192634464853831
3843195;0.5597375019520652
3843970;0.0
3850332;
385131;
385135;
3852142;0.24944382578492943
3853473;0.4858640584882501
3853742;0.5232173329994148
3856998;
3858045;
3858570;0.0
3865770;0.43595696981716414
3868101;0.0
3869120;
3874799;0.3506714347510871
3875030;0.0
3875074;
3875453;
3875920;
3876538;0.41194734714477516
3880542;0.0
3899610;0.20341414605384459
3899849;
3899896;0.0
3900331;0.37157376272280607
3900437;0.3401506715249038
3900519;0.5878100553384782
3900724;0.0
3901864;0.3929277181101791
3906224;0.0
3907421;
3908159;
391864;0.0
3919038;0.13355114986922126
3920406;
3924113;0.0
3924174;0.37267799624996495
3924677;0.28527302786684805
3930909;0.0
393280;0.0
3933701;0.3460097503279224
3934317;0.44556639433950346
3936092;
3936666;
3936784;0.3219507157539575
3937754;0.3450327796711771
3937886;
3941227;0.4868644955601476
3943071;0.0
394569;
395086;0.46291004988627577
3952884;0.20925106506408203
3953326;
3954762;0.3795166950355407
3954964;0.44388854123195953
396191;0.0
396271;0.0
3964949;0.48934219347295727
3967548;0.24845199749997662
3967573;0.0
3973162;0.36078426969062594
3973588;
397476;0.0
3978256;0.0
3979199;0.2846375212766556
3980996;
3981320;
398187;0.0
3984166;0.3715737627228061
3986236;0.0
399360;0.0
3995791;0.16643566632465157
4008144;0.40002434793197006
4018952;0.0
4022717;
4023139;0.0
4023231;0.3460097503279224
4028810;
4030637;0.0
4033988;0.0
403533;0.3997040325158948
4035539;0.37416573867739417
4036931;0.4493700089468852
40418;0.36639116912546604
404270;0.0
4054160;
4057614;0.0
4059334;0.3142696805273545
4061480;
406257;0.1579345138264476
406281;
4064734;0.0
4065024;0.4356975347719813
4065707;0.1885618083164127
4067508;0.0
4067510;
4069113;0.9046835805696823
4069946;0.3142696805273545
407071;0.0
4070792;
407096;0.329914439536929
4071135;0.4
4078679;
4079891;0.0
4079981;0.0
4080763;0.24847472142168692
4081771;0.0
4082305;0.0
4083222;0.0
4084290;
4087890;0.3286992809345873
4090518;0.4826137134011769
409189;0.0
4094161;
4094249;0.0
4095080;0.3703280399090206
4095588;0.0
4099284;0.5669467095138409
4100667;
4102176;0.8097205585386296
4103021;0.34992710611188255
4104846;0.0
410557;
4108521;0.0
4111643;0.36166334306279013
4113849;
4116009;0.0
4117605;0.36735282343519987
4117776;0.0
4118098;0.35201226588554513
41270;0.0
4131800;0.16643566632465157
4132024;0.29714709975358455
4132146;1.3458736159035942
4132302;
4137056;0.44035190022937554
4137624;0.49692132533372785
4139581;
4142405;0.43492070267585164
4142478;0.0
4143661;0.0
4143959;
4144387;
4144769;0.3651483716701107
4145380;
4145866;0.6174126230548238
4150109;0.0
415196;0.3104698017127927
4153114;
4153126;0.36380343755449945
415319;0.6443435197381685
4154623;
4156169;0.0
4156224;0.38761373095519513
4156640;0.0
4158615;0.48158051207674224
4158776;
4159734;0.29325148029637343
416113;
4162470;0.0
4165143;
4165685;
4166279;0.4379957508672633
4166601;0.0
4169141;0.0
4170402;0.0
4170412;
4179470;0.0
4179974;0.0
4180452;0.588419488598783
4180463;
4185511;0.0
4185746;
4186046;
4186251;0.35540932665545544
4187352;0.19230769230769232
4187426;
419592;0.0
4198180;0.6854243477137122
4198285;0.0
4198600;0.0
4198649;0.0
4199201;0.5080976926793926
4201506;
420813;0.4137552605561168
4211029;0.0
4211103;
4211254;
4212164;
4216392;0.4123930494211613
4217851;
4218795;0.47110980083675236
4219163;0.7276237928549144
4224398;
4225370;
4226208;
4229609;0.0
4231499;0.45105949163400444
4235840;0.0
4236058;
4237075;
4238708;
42411;0.0
4245697;0.3142696805273545
4245934;
4248508;
4248998;
4249532;0.0
4250414;
4250694;0.0
4251683;0.0
4253448;0.41543881254822634
4253878;0.5628498911788116
4257589;0.24744950436152807
4259314;0.6979824404521127
4260565;0.5431650099274346
4261588;0.27638539919628335
4262751;
4263368;0.31774445465112133
4264633;
4265238;0.0
4265456;0.28747978728803447
4268487;0.0
4269164;0.0
4270059;
4272846;
4273535;0.41952353926806063
4276081;
4276937;0.4049329533281849
4279806;0.4
4280253;0.35395401779329777
42821;0.5686336657127495
4282280;0.3912303982179758
4283363;0.0
4284314;0.0
4286161;0.36004114991154773
4291047;
4291849;0.4448782605013047
4291880;0.5196152422706631
4293226;0.0
4294634;
4294921;0.5195569279288638
4296165;0.0
4296173;
4296813;0.3194108946418582
4297563;0.3606782034617601
4298223;0.40208159136430327
4298363;0.4551947012724138
4298507;0.0
4299323;0.38509894021632834
43;0.7404893044962697
4301889;0.0
4302067;0.0
4303571;0.5838742081211422
4303881;
4304991;0.522846637841289
4305366;0.4328285586978865
4305774;0.1143323900950059
4306856;0.362925441424348
4307330;
4315476;
4318041;0.27638539919628335
4318997;0.35395401779329777
4319660;0.3177444546511213
4322624;0.0
4326983;0.22906142364542562
4327213;0.5274847772682191
4330514;0.38729833462074176
4332756;
4333304;
4334275;0.0
4335046;0.8419410881518774
4335312;0.09125993626277909
4340394;0.0
4343419;0.0
4344311;0.43372972312534275
4344589;0.33479645909915107
4345505;
4345541;
4345742;0.5263510753721841
4346806;0.337099931231621
4353701;0.0
4354156;0.0
4354757;0.0
4355688;0.0
4356291;0.0
4358640;0.3177444546511213
4359674;0.7182353854869009
4366877;0.0
4367067;0.3126009292413959
4367493;0.2664693550105965
4367686;0.0
4369584;
4373179;0.0
4373557;0.0
4374743;0.3336424046406527
4375766;0.5006882315714638
4380045;0.0
4382606;
4385855;0.0
4390628;0.3640898744444397
4392086;
4392153;0.3490001452620588
4392424;
4392972;0.0
4393256;
4393785;0.22906142364542562
4394098;
4394250;0.4444444444444444
4395170;0.4389615190256788
4396009;
4398054;
4398426;
4398924;
4399203;0.37267799624996495
4399223;0.4100042051929005
4399234;
4399349;
44027;
44028;0.5
44031;0.24944382578492938
4407045;0.3286992809345873
4407811;0.35136418446315326
4410820;0.48137733425145224
4412491;0.0
4417959;0.0
4418548;0.0
4419128;
4422074;
4422452;0.6123724356957946
4422567;0.4578608056263661
4423203;0.0
4423469;0.0
4424123;0.0
4426611;0.5039526306789696
4428724;0.0
4429625;0.0
4430205;0.0
4430880;0.3061862178478973
4432320;0.8633483482177807
4433758;0.30983866769659335
4435368;0.36078426969062594
4435512;0.0
4435710;0.30000000000000004
4440892;0.3657114381135463
4442042;
4442414;0.0
4443218;
4445627;0.2664693550105965
4445920;
4446124;0.41371902318196124
4450681;
4455724;
4456187;0.5302281287447044
4457429;0.11258516217296133
4457867;0.0
4464619;
4466321;
4466928;0.0
4467039;
4467750;0.0
4468025;0.36639116912546604
4468922;
4469685;0.0
4470262;0.3142696805273545
4472561;0.0
4475286;
4476604;0.0
4476695;0.0
4478663;0.54110822483116
4479030;0.693888666488711
4479102;
4481343;0.27401916938475573
4481469;0.2857142857142857
4483330;0.0
4483624;0.0
4488605;0.4810456929208346
4488823;0.38490017945975047
4489643;
4489797;0.5773502691896257
4491231;0.5339553633363142
4492610;0.5290400570128865
4492929;
4493172;0.3795166950355407
4493931;0.48871889041263156
4495412;0.3401506715249038
4496274;
4496303;
4499583;0.4861121766990861
4499987;
4501069;
4502394;0.0
4502481;
4502515;0.0
4503796;0.0
4506203;
4508218;0.34332506234404425
4508556;
4511583;0.6351294560527144
4511591;0.0
4512613;
4514305;0.9428090415820635
4514354;0.29210784254548094
4516086;
4516198;0.0
4516335;0.6347883232675687
4516357;
4517542;0.0
4519228;
4520835;0.47140452079103173
4520939;
4526849;0.3853140507400255
4528660;0.0
4528872;
4531375;0.4
4533189;0.5721737714957486
4533345;0.6123724356957945
4540240;0.0
4541831;
4543190;
4544659;0.0
4545436;0.0
4549651;0.5454545454545455
4550362;0.0
4552014;0.0
4552935;0.0
4553517;0.5223193087733405
4553825;
4553833;
4555281;
4555823;
4555922;
4557176;0.4330127018922193
4558520;0.0
4558972;
4564043;0.0
4567323;
4569423;0.0
4569675;0.30151134457776363
4575384;0.0
4575865;0.0
4576230;0.5285499781147279
4577877;0.0
4578080;
4578713;0.4395603444339491
4581108;
4581854;0.22906142364542562
4582042;0.34774361221266264
4583861;0.3795166950355407
4591298;
4592503;0.3912303982179758
4593598;0.32354782581913066
4593831;
4595167;0.0
4596790;0.27638539919628335
4596877;
4596989;0.28747978728803447
4601083;0.0
4601450;
4602314;0.5175491695067657
4603694;0.0
4606336;0.3142696805273545
4606447;0.45173309437135906
4607508;0.367006645104718
4607707;0.4330127018922193
4609169;0.0
4610062;0.3142696805273545
4616867;
4617805;
4618550;0.0
4619208;0.4
4620676;0.46291004988627565
4622881;0.6899865200324933
4623008;0.0
4629687;0.0
4639627;0.18246560765962694
4647673;
4648389;0.47273409901155555
4653593;0.0
4653676;0.0
4655462;0.0
4655469;
4667691;0.0
4676990;0.5929489039216097
4677247;0.3560858085011114
4677703;
4680684;0.35395401779329777
4681575;0.0
4683655;
4683897;0.3104698017127927
4684944;0.3
4685451;
4687524;0.46771460027626766
4688187;0.6042375844029035
4688649;
4688738;0.3638034375544995
4690199;
4695054;
4701571;0.0
4704646;0.5077956277714163
4705089;0.3450327796711771
47060;0.37416573867739417
4709892;
4710259;0.6787903953791776
4710563;0.0
4712702;0.4
4714389;0.1885618083164127
4715597;0.282842712474619
4716052;
4716874;0.32546263368615136
4720181;
4720520;
4722835;0.3464101615137754
4723133;
4727026;0.0
4728502;
4729660;0.3703280399090206
4732211;
4733087;0.976392537458098
4733733;
4734166;0.0
4736665;0.0
4737224;0.3142696805273545
4737330;
4737788;
4737867;
4738073;0.36363636363636365
4740198;0.3002950776409672
4744564;
4744913;0.0
4750642;0.5841868179162782
4751359;
4752273;
4753779;0.0
4754516;0.0
4756469;0.0
47633;0.5511251537810048
4765523;0.0
4765554;0.17668469596940833
4766900;0.0
4768195;0.29628635063070785
4769455;0.34369317712168806
4772073;
4774175;
4774251;0.435146387114805
4774760;0.0
4775372;0.0
4776756;0.0
4778008;0.0
4778142;0.0
4778950;
4778956;
4779467;0.0
4784181;
4784900;
4785480;0.0
4787338;0.0
4788122;0.0
4789450;0.49772006777459826
4789820;0.4409585518440985
4790125;0.0
4790938;0.3254626336861513
4793583;0.5270462766947299
4794072;0.6086757027441715
4799051;
4799181;0.375
4801203;0.35250582268891073
4801865;0.19595917942265423
4802818;
4802843;0.0
4802978;0.4162678363321215
4803332;0.0
4805374;0.0
4806026;
4807755;0.5029498781008469
4811600;0.1485065328399942
4812084;0.4171071164339996
4813813;
4814382;0.0
4815075;0.0
4816519;0.0
4818209;0.6072875644544709
4818416;0.3336424046406527
4818428;
4818442;0.34992710611188255
4819261;
4819906;
4820387;0.0
4824621;0.22268088570756164
4825044;
4825078;0.29131426329653
4825973;0.0
4826920;0.0
4827413;0.0
4827918;
4828679;0.37157376272280607
4828753;0.28527302786684805
4829809;0.6279217421667403
48308;0.0
4831153;
4836354;0.0
4837259;0.4142228018120047
4837441;0.0
4837492;0.4697648479246601
4838962;0.0
4839003;
4839943;0.35136418446315326
4840883;0.3307189138830739
4845106;0.35395401779329777
4852790;
4853404;
4854051;
4855433;
4855541;
4855563;
4855637;0.0
4855992;0.0
4856086;0.0
4857542;0.0
4857785;0.0
4858803;0.42532387433504093
4859780;0.6324555320336759
4859908;0.30000000000000004
4865435;
4867920;
4868574;
4869079;0.0
4870077;0.5807999502638936
4870560;0.34199278402838473
4870805;0.3795166950355407
4871650;0.3912303982179758
4872176;0.5097285012084884
4878909;0.0
4878913;
4881562;0.34992710611188255
4882166;0.0
4882635;0.2179449471770337
4884191;
4885888;0.36462784628549644
4886109;0.0
4886319;0.0
4894893;
4895741;0.0
4896290;0.33563828927059225
4897950;
4901869;
4902289;0.0
4903878;0.36487819155789
4907656;0.0
4907799;
4908206;0.36639116912546604
4908436;0.25637727971969365
4909185;0.0
4909847;0.0
4910697;0.0
4910781;
4910985;0.0
4916296;0.5924314648499709
4916331;
4917220;0.0
4917460;0.0
4917980;
4919835;1.9871742384719662
4920639;0.32192602199319587
4920640;
4921493;0.0
4921623;0.5194206680280959
4922709;
4923646;0.0
4924123;0.0
4925277;0.0
4926684;0.0
4927254;0.0
4927570;
4927574;0.2572301603076529
4927827;
4928209;0.6404344228724749
4928249;0.0
4930282;0.4242640687119285
4930401;
4930576;0.2721655269759087
4930785;
4931166;
4932747;0.24847472142168692
4933986;0.3563483225498992
4934246;
4935513;
4935847;0.0
4935964;
4936012;0.0
4936413;0.34199278402838473
4937098;
4942086;0.3026709657992981
4942240;0.0
4944544;0.7468943965979538
4945938;0.0
4946800;0.4216370213557839
4947473;
4947618;0.0
4947898;0.5333711810019737
4948550;0.4
4951718;
4953002;0.43817804600413285
4953658;0.5665577237325317
4955313;0.0
4955744;0.6014668201890359
4964584;
4965174;
4965339;
4967177;0.0
4967772;
4967898;0.31734529824367613
4968006;
4968312;0.42552315900281695
4968336;0.0
4968377;
4969001;0.31774445465112133
4971509;
4971603;0.46976484792466017
4972441;0.7637626158259734
4972663;
4980742;0.0
4980941;0.5637694654233257
4980985;0.0
4981554;0.36078426969062594
4981692;0.3254626336861513
4982313;
4982762;0.0
4982908;
4983571;
4983926;0.33648377291861437
4984589;0.0
4986617;0.37267799624996495
4991819;
4991825;0.0
4992396;0.0
4992691;0.41323267740431724
4996311;0.0
4996516;0.4330127018922193
4996649;0.7452328785405524
4997767;
4998307;0.28747978728803447
4998359;0.6843945280742096
4998437;0.35230823684665685
4999103;0.38729833462074176
5003256;
5004628;
5005256;0.0
5005685;
5006467;0.30183114619986867
5007720;0.3142696805273545
5008322;0.0
5009310;0.563887178431998
5009497;0.0
5009790;0.0
5010683;
5012219;
5012523;0.5417282505527314
5016044;0.0
5018875;0.0
5019101;0.0
5020099;0.5170468118819868
5023213;0.5586662329228302
5023240;
5023596;0.0
5024496;0.7303857784446119
5025795;0.2575393768188564
5029494;
5032007;0.0
5034534;
5034658;
5034873;0.0
5035574;
5036554;0.17399263633843823
5037655;0.0
5039565;0.0
5043709;
5044991;0.0
5045257;0.0
5045377;
5045799;0.38729833462074176
5047055;
5048690;0.0
5050688;
5051672;
5058362;0.0
5058484;0.0
5058775;0.5305482838361476
50588;
5058891;
5059101;0.5487432077408967
5059879;
5060394;0.677202072477852
5062118;
5063368;
5063541;0.47353758381512057
5064362;
5065208;0.0
5065401;
5066596;
5066637;0.0
5066751;
5066866;
5069819;
5070072;0.33946348413888633
5070223;
5071103;
5071987;0.0
5072606;0.807962890711093
5073124;0.0
5073180;0.0
5073451;0.0
5073947;
5074040;0.22329687826943606
5075483;
5076464;0.0
5076797;
5077984;
5079023;0.36487819155789
5084250;0.0
5084726;0.0
5085291;0.39825707231909124
5085597;0.4741586115308768
5085954;
5087271;0.0
5088468;
5089587;0.35136418446315326
5091816;0.43822813208145306
5092172;0.29563876804963773
5095783;0.29714709975358455
5097027;
5097705;
5099179;
5099910;0.4158356101374498
5099959;0.5008177649044795
5101304;0.45883146774112354
5102050;0.0
5102246;
5103704;0.3600411499115478
5104534;
5104564;
5107973;
5108041;
5108229;
5108967;0.2664693550105965
5111658;
5112668;
5112986;0.362925441424348
5114529;0.0
5114973;
5115191;0.3803000120609434
5115405;0.49127332613206076
5115621;
5117261;
5119940;
5120291;0.0
5120422;0.0
5120851;0.0
5122872;0.0
5122967;0.0
5123183;0.4655228471404933
5125222;0.0
5127144;
5128580;0.48586405848825
5128618;0.0
5128755;0.0
5135102;0.6355317440318964
5137157;0.652020559092917
5137281;0.31856308568045505
5138189;
5139233;
5139267;
5139773;0.0
5140141;0.0
5140291;
5141368;0.0
5141492;
5141735;0.0
5142283;0.4409585518440985
5148724;0.0
5149530;0.0
5149833;0.18557687223952254
5150441;0.0
5150593;
5151033;0.0
5153627;
5153734;0.0
5154033;0.0
5155624;
5157654;
5161870;0.32806249404648496
5162658;0.0
5162881;0.3142696805273545
5165143;0.0
5165237;0.0
5165621;0.3703280399090206
5167462;
5167557;0.3755881813828276
5168117;0.5074092004977945
5170311;
5170367;0.23570226039551584
5182012;0.0
5188882;
5189025;0.0
5189056;0.829467617767939
5189260;0.48850421045919723
5190128;0.367006645104718
5191481;0.0
5191762;
5193577;0.0
5195677;0.5187869375557271
5204346;0.0
5205830;
5205863;0.0
5205966;0.3307189138830739
5206093;
5208007;0.3422860840197998
5208516;
5211820;
5212026;
5212298;
5212373;
5213696;0.0
5213718;
5216883;0.0
5216906;0.32630870898294895
5218414;0.9553304402142747
5218468;0.3622844186547359
5219367;0.27638539919628335
5221872;0.0
5223780;
5224420;0.0
5224533;
5224696;0.265055740278428
5225435;0.18885257457751048
5229654;
5229699;
5230417;
5231762;
5233022;
5233870;0.36639116912546604
5236587;
5236590;0.3450327796711771
5244841;
5244899;
524494;
5245305;0.0
5246017;
5247803;0.42841026310693536
5251482;
5251824;
5252026;
5255411;0.0
5255763;
5257308;
5257746;0.4385290096535146
5275842;0.6928203230275509
5291511;
5291695;0.3181368772468226
5292568;0.5717718748968657
5295918;
5299605;0.36078426969062594
5300357;0.721568539381252
5304225;
5304346;0.49930699897395464
5309718;0.0
5310626;0.0
5311567;0.4236235436441582
5312116;0.2664693550105965
5313904;
5314775;0.36927447293799825
5322773;
5324092;
5326792;0.2309401076758503
5328139;0.6715873671300058
5328151;0.4663676277482893
5332033;0.17399263633843823
5333564;0.0
534841;0.0
5362164;
5371246;0.35136418446315326
5377361;0.4
5378135;
5380000;0.6140407755318624
5381152;
5388582;0.5889406246881699
5389330;0.0
5390949;
5391034;
5392056;0.24944382578492938
5395526;0.5521624815648389
5396098;
5405049;0.3563048203434806
5405672;0.0
5406909;0.3912303982179758
540737;0.49487165930539345
5407713;
5410500;0.0
5410785;0.1875723620458521
5414708;0.0
5415213;0.0
5415378;0.22329687826943606
5418468;
5420325;0.28747978728803447
5426304;0.0
5427329;0.0
5428637;0.4305591113239985
5429296;0.0
5429312;
5430657;0.5
5432281;
5432425;0.3491060010942235
5433151;0.3912303982179758
5435545;0.0
5445000;
5446215;
5447263;0.2798122778414056
5452707;0.0
5453060;
5454566;0.38441875315569324
5454908;0.0
5455369;
5455822;
5455830;0.4530198962253299
5457701;0.0
5457983;0.4530806913179352
5458025;0.0
5459785;0.4359569698171642
546171;0.36487819155789
5467056;0.3307189138830739
5468019;0.4
5468147;
5468469;
5468874;
5470507;0.0
5470678;
5471013;0.0
5471699;0.0
5473510;
5474335;
5474796;0.0
5479473;0.2575393768188564
5480345;
5480821;0.32896442450908364
5481821;
5483559;0.28747978728803447
5485048;0.0
5485446;
5485488;
5487270;0.0
5490507;
5490542;0.0
5491078;0.0
5491424;0.0
5492164;
5494017;0.0
5495271;0.3336424046406527
5495793;0.0
5496045;0.34809979802889157
5496384;0.0
5496451;0.36380343755449945
5496470;0.37267799624996495
5498608;0.0
5499928;0.3550194095587379
5500305;0.0
5500744;0.33648377291861437
5501263;
5503873;
5504663;
5504990;0.6846531968814575
5505894;
5507417;0.31374750995027834
5507435;0.0
5508146;0.5642405045180429
5509042;0.0
5509181;0.4648111258522642
5509363;
5509416;0.15791611697353755
5509673;0.0
5510356;
5511229;0.18246560765962694
5511737;0.38490017945975047
5512539;0.2584382953523688
5513399;
5518236;0.0
5519015;0.7312470322826768
5519027;
5521151;0.27347088471412234
5521332;0.6321819194177848
5521668;
5525070;0.28527302786684805
5525154;0.26292610608687256
5526131;
5533744;0.0
5533863;0.0
5534776;0.24944382578492938
5535465;
5536604;0.7905694150420948
5536917;0.0
5537679;0.2753227486667468
5539301;0.5243604641261407
5541327;
5541597;0.2842760180570004
5544934;0.4031017178792172
5547357;
5548796;
5548960;
5551203;0.0
5551695;0.5648790304908823
5551819;0.5724179031342463
5553504;0.0
5556267;0.4629100498862757
5557727;0.33364240464065265
5558683;
5560486;0.0
5561971;
5561979;0.5051388811566561
5562512;0.0
5563001;0.4719232400622504
5563305;0.0
5564649;
5564900;
5565070;0.24711321911100365
5566153;
5567001;0.0
5567215;0.4838643097773112
5567881;0.0
5570650;0.30000000000000004
5571496;
5572290;
5576483;0.4844729135305431
5576900;0.361068373539376
5577615;
5578700;
5579992;
5583860;0.0
5584874;0.0
5585521;
5585682;
5585957;
5590552;0.16876849833190766
5591133;0.0
5594003;0.5882471518313882
5595202;
5596028;0.0
5597259;
5597436;0.4409963617950227
5600076;
5600405;
5600431;0.3563483225498992
5601999;0.3142696805273545
5602615;0.34992710611188255
5602986;0.45028304535773844
5607894;0.44816365495844135
5608051;0.0
5611583;
5613412;0.0
5614466;0.44904573459644315
5614730;0.0
5615882;0.37157376272280607
5616979;0.360288346061446
5617087;0.0
5623740;
5624248;0.0
5624661;
5625805;0.47140452079103173
5628703;0.4472135954999579
5628910;
56309;
5634435;0.0
5634553;0.0
563511;0.6648750435453354
5635956;0.20393111999232308
5636782;0.4330127018922193
5637812;0.0
5638424;0.350293096169885
563948;
5639778;0.0
5642036;0.0
5645326;0.356959699615812
5645549;
5646475;
5647351;
5647471;0.3153025099436333
5648236;0.5631543812693436
5650125;0.37267799624996495
5650900;
5651348;
565147;0.8948497883261171
5651724;
5653815;0.6597483286396845
5654416;
5658102;
5658491;0.28527302786684805
5659530;
5659802;0.0
5659896;0.0
5660263;
5660497;0.3336424046406527
5661003;
5661523;0.2664693550105965
5662716;
5663097;0.0
5663875;
5665112;
5667249;
5671902;0.0
5671986;0.35777087639996635
5672019;0.0
5672064;
5672435;
5673403;0.5051388811566561
5673619;0.6192972323440493
5676026;0.0
5676046;0.23459582368351306
5677743;0.0
5678758;0.0
5678821;0.28056111770115455
5679222;0.27638539919628335
5683260;
5684006;
5686068;0.0
5687279;0.0
5687869;0.0
5688299;0.0
5688624;
5689822;0.29636688973860315
5691751;0.0
5691789;
5692552;0.29714709975358455
5692557;0.37171180972699036
5692660;0.592025814494129
5695538;0.0
5696348;0.4
5697702;0.0
5698912;
5701821;0.38490017945975047
5702111;0.0
5702291;
5702473;0.0
5702856;0.30183114619986867
5711678;
5713937;0.0
57212;
5721810;
5722720;0.0
5726252;
5726786;0.3464101615137754
572717;0.0
5727620;0.6307180135528297
5727834;
5728589;
572877;0.4
5732193;0.3500121534107715
5735446;
5736055;0.0
5736841;0.5509972792135005
5739265;0.0
5739914;0.0
5742436;0.0
5742609;
5742991;0.0
5743856;0.5362865892273683
5744343;
5744735;0.32790242451070717
5744968;0.0
5746173;0.2575393768188564
575098;0.0
5751288;0.0
5752976;
5753059;0.0
5753406;
5754177;
5755393;
5756064;0.0
5756450;0.0
5757338;0.37598549224210337
5761182;0.0
5762296;0.5976143046671968
5763217;
5764650;
5766107;0.692820323027551
5766141;0.3651483716701107
5766180;
5767351;0.361068373539376
5769047;0.19250668437592436
5773559;0.5662352846171584
5774210;
577444;
5774734;0.6275721836293009
5774916;
5775483;
5776064;0.0
5776638;
5776775;
5778746;0.0
5778846;0.3500121534107716
5784052;0.0
5788729;
5789149;
5790063;0.0
5791202;0.32354782581913066
5792332;
5794971;
5795592;0.27638539919628335
5796182;
5802595;0.494441148863483
5802752;
5802798;0.0
5802993;0.0
5804679;0.5297513811944748
5804877;0.5206570575727372
5805213;0.19230769230769232
5805447;0.0
5806195;0.0
5806354;0.5708400330542129
5806619;0.17668469596940833
5807073;
5808673;0.475416546501654
5808980;0.3589623979468009
5809062;0.2563772797196936
5813103;0.42713194795077025
5815129;0.6546536707079771
5815783;0.8209237664199094
5817928;
5818083;
5818233;0.361371874908208
5819069;0.0
5819218;
5819672;0.4609104290915103
5822032;0.0
5822964;
5829524;
5830556;0.6288216493304494
5839289;0.34992710611188255
5839463;0.3252180950806972
5839972;0.0
5840417;0.37267799624996506
5840592;0.34815531191139565
5841815;0.0
5842396;
584308;0.9252563200999884
5845421;0.0
5845861;0.0
5847445;0.30000000000000004
5847829;
5854664;
5855102;
585664;0.0
585782;
5858287;0.0
5858542;0.4638772728567691
5858860;
5859459;
5859949;0.0
5860714;
586185;0.6270266287506402
5865051;
5865189;
5865192;0.0
5866554;
5870094;
5871843;0.0
5872343;0.0
5872381;0.0
587263;0.0
5873919;0.24845199749997668
5878256;
5878806;0.4571955574781735
5879196;0.0
5879742;
5879748;
5880977;0.7112405567496497
5882825;0.31856308568045505
5883896;
5885885;0.0
5887155;0.0
5888950;0.9063269671749657
5893162;
5895556;
5897478;0.0
5897843;0.38490017945975047
5897867;0.0
5898012;0.4769405723633724
5898828;0.0
5900606;0.0
5900703;
5901027;
5901603;0.0
5901780;0.5096471914376256
5902303;0.3912303982179758
5905780;0.0
590649;0.36115755925730764
5907448;0.4972652484064488
5908101;0.37267799624996495
5908944;0.0
5909721;0.0
5910812;0.11467015269229691
5911139;0.5105203241514897
5912522;0.2857142857142857
5913909;0.32255667127361565
5919013;0.0
5921298;0.3703280399090206
5921460;0.9021869842121948
5921957;
5922132;0.34992710611188255
5922227;0.0
5923353;0.0
592399;
5924329;0.4097763617714749
5924753;
5925609;0.0
5925669;0.0
5925841;
5926418;
5928047;0.0
5931434;0.0
5932048;0.37416573867739417
5932481;
5932511;0.30000000000000004
5933702;0.0
5934804;0.4668712349245775
5935358;0.4330127018922193
5935546;0.32546263368615136
5935965;0.0
5936117;0.4472135954999579
5936894;0.0
5937903;
5940856;0.36639116912546604
5944311;0.28747978728803447
5944493;0.36735282343519987
5946386;0.30000000000000004
5947910;0.2857142857142857
5947996;0.36181361349331637
5949771;
5950588;
5951694;0.0
5963171;
59648;0.0
5966590;0.533908787856128
5968459;
5969089;0.24124324930804353
5971555;0.0
5974287;0.0
5974615;0.0
5974902;
5974935;
5976064;
597627;
5977213;0.3535533905932738
5977241;0.0
5978145;0.5930367364643084
5978562;
5980176;
5982957;0.0
5986533;
5986695;0.28747978728803447
5987599;0.27638539919628335
5990399;0.0
5991326;1.339833264950989
5994355;0.34992710611188255
5994915;0.0
5996961;0.4668712349245775
5998550;0.717917139636462
6000801;0.3703280399090206
6003760;0.34992710611188255
6004377;0.6941302376824697
6004534;0.0
6006117;
6007316;0.0
6007328;
6008161;0.45183382629498
6008575;
6008632;0.5039526306789696
6014963;0.1635685996319311
6014986;0.0
6016362;0.37267799624996506
6017716;0.0
6018260;
6019469;0.30000000000000004
6019561;
6020203;0.6083321684827167
6023010;0.0
6023014;0.38729833462074176
6030275;0.2910427500435996
6032084;0.0
604022;0.2857142857142857
6059294;0.22906142364542562
6059923;0.0
6060415;
6064510;0.30361335602843254
6064745;0.0
6065029;0.0
6069221;
6070605;0.4426266681379905
6074562;0.3104698017127927
6074766;
6075210;0.0
6075900;
608392;0.0
6084484;
6084700;0.42008402520840293
6085035;0.35386069477175314
6087260;0.6937184376831405
6087317;0.0
6087343;
6087398;0.0
6088848;
6094948;
6095375;0.0
60965;0.362284418654736
6097510;
6099460;
6099513;
6100081;
6100390;
6101403;
6101554;
6102407;0.0
6102568;
6102604;
6103500;0.27638539919628335
6108634;0.5773502691896257
6108712;0.0
6109122;
6109998;
6110222;0.12121830534626529
6110458;0.2606121704184369
6110732;0.0
6111415;0.4523443208612048
6111660;0.4530806913179352
6112997;0.5453122248702109
6113361;
6113967;0.0
6114654;0.4060815839389183
6116065;0.5686336657127495
6117123;0.34992710611188255
6117925;
61196;0.5072312880704711
6120957;0.0
6121080;
6122091;
6124632;
6124952;0.0
6125282;
6127736;0.28747978728803447
6128431;0.5577733510227171
6129534;
6129918;
6130106;0.34591634777518054
6130510;0.4575900634637491
6130788;
6130902;
6137197;
6138170;0.434164633501346
6138274;0.5454545454545455
6141830;
6143110;0.0
6143467;
6143567;
6149763;0.2835553664336708
6149923;0.5023922162629052
6151832;0.29814239699997197
6152178;0.4952650405483073
61535;
615424;0.36021907982105555
6155458;0.5775561838139661
6155845;
6155905;0.30000000000000004
6155943;0.0
6157312;0.0
6157744;0.5262774268664339
616329;
6163368;
6163373;0.0
6163540;0.61157528911133
6163798;
61641;0.4330127018922193
6164446;0.0
6164492;
6165127;0.36735282343519987
6165604;0.3194108946418582
6166954;0.3429971702850177
6168312;0.3563483225498992
6172281;0.3606954252749819
617254;
617931;0.44862453863453144
6181311;0.4602296554020119
6183380;0.49594443676055244
6184142;0.0
6185329;0.0
6185525;0.3651483716701107
6188781;
6188881;
6191957;
6192142;0.4244997055358225
6193618;
6194675;0.0
6195102;
6195112;0.362925441424348
6196902;0.0
6199131;0.0
6202766;0.12903225806451613
6203926;0.0
6205173;
6206281;0.3703280399090206
6207723;
62089;0.0
6210890;
6212142;0.48447969074988917
6213888;
6216981;0.0
6217910;
6218044;0.0
6218431;0.3647341362881288
6219326;0.9066473163276084
6221764;
6223023;0.36078426969062594
6223514;0.5244044240850758
6223955;0.5106277908033803
6224421;
6225554;
6226619;0.29714709975358455
6231539;0.7107053122190142
6233063;
6234151;
6235062;
6235717;0.3450327796711771
6236330;0.0
623867;0.5364985441086377
6238743;0.3142696805273545
6239424;0.3025532375276482
6245625;0.0
6246339;0.6369849964388151
6250001;
6252636;0.5946427498927401
6253174;0.7266782124777074
6253404;0.23529411764705882
6256570;0.12903225806451613
6257381;
6258185;
6259304;0.36927447293799825
6259679;0.33946348413888633
6259962;0.31774445465112133
6261177;0.0
6261252;0.0
6262560;
6265186;0.0
6266171;
627262;
6277511;0.0
6279308;0.0
6279546;
6279742;
6279908;0.4677071733467426
6280782;0.0
6281349;
6285246;
6285709;0.0
6285877;0.4
6286419;0.408248290463863
6286754;0.0
6289933;0.5080976926793926
6290416;0.0
6290493;
6290607;
6291443;
6293492;
6298968;0.34411625048596567
6299069;
6300552;0.0
6301268;
6301346;0.3795166950355407
6301884;
6301897;
6302440;0.0
6304498;0.2606121704184369
6305657;0.0
6312025;
6312587;
6313274;0.3912303982179758
631337;0.0
6313741;0.42585720602778165
6314342;0.37267799624996495
6314974;
6317331;0.34672987562106533
6317562;0.0
6317846;0.32195071575395756
6318789;0.0
6320445;
6321306;0.0
6321556;0.0
6321597;0.35404373824460134
6321616;0.0
6324941;
6325816;0.3599307891947848
6326132;0.0
6326662;0.6808809742524028
6327344;
6327477;
632761;0.0
6327668;
6328909;0.0
6331853;
6331970;0.0
6332404;0.3422860840197998
6332406;0.270425949024529
6333408;0.0
6333452;0.49758289215757934
6333534;
6333639;0.0
6340422;0.3599307891947848
6340683;
6340754;0.0
6341699;0.34332506234404425
6342710;
6343426;0.36181361349331637
6344423;0.292107842545481
6344532;0.4727340990115556
6345206;0.0
6345292;0.2420614591379636
6346404;0.34992710611188255
6347429;
6347499;0.0
6348535;0.0
6351577;
6352870;
6353518;
6353873;
6356330;0.8350856546897111
635700;
6357557;
635768;
635790;0.0
6357920;0.17399263633843823
6358079;
6359312;0.24944382578492938
6359477;0.6133207148297067
636195;0.36181361349331637
636238;0.354633949618456
636410;0.18557687223952254
6365227;0.27401916938475573
6366419;0.3513641844631533
6366596;
6366750;
6366924;0.0
6368276;
6368346;0.0
6370633;0.5270462766947299
6373294;
6377187;0.27638539919628335
6378211;0.5577733510227171
6378487;0.0
6378554;
6379993;0.0
6381502;0.4762572168892756
6381885;0.37868372099182934
6383025;
6385740;
6386223;
6386626;0.2664693550105965
6387633;0.0
6389797;0.0
6395382;
6396233;
639774;0.4
6397750;0.34234816843529614
6397791;
6398247;
6399544;
6399973;0.17883313241042678
6400472;0.37267799624996495
6400515;0.0
6400570;0.44899888641287294
6400843;0.0
6407897;0.0
6409808;0.469088881448095
64118;0.35136418446315326
6413451;0.34992710611188255
641348;
641397;
6415253;
6420770;0.3563048203434806
6421085;
6421620;0.0
6422528;0.20393111999232308
6422553;0.6264702825602364
6424772;0.31734529824367613
6424808;
6425263;0.0
6425667;
6426610;0.5547778635731629
6427010;0.3142696805273545
6429435;
64299;
6432227;
6433208;
6433284;0.6147153141651893
6433407;0.0
643423;
6435932;0.0
6436728;0.2213133340689952
6437531;0.0
6437878;0.14447720869746442
6438026;0.0
6438542;0.0
6438742;0.0
6439296;0.3711537444790452
6439372;0.0
6439664;0.0
643978;0.362925441424348
6439952;
6441123;0.0
6441371;
6441554;0.0
6442044;0.29541957835039856
6442730;0.0
6446603;0.47333292493328255
6446906;
6447416;0.40406101782088427
6449963;0.6147598616533125
6450140;0.38490017945975047
6452384;
6453567;
6454375;0.2963668897386031
6454918;0.3651483716701107
6455907;
6455992;0.2575393768188564
6456362;0.0
6459732;0.5029498781008469
6461024;
6461165;0.0
6462296;0.4265739164853628
6462736;0.3651483716701107
6463407;
6463685;0.4976133515281192
6463886;
6463939;0.49943278484292936
6463949;
6464545;
6466608;
6468946;0.3339962358723869
6469285;0.0
6473533;0.0
6475176;0.27638539919628335
6475403;
6475746;0.4744421971417927
6478148;0.27638539919628335
6479160;0.0
648011;0.3142696805273545
6481063;0.4735479755897867
6481725;
6485614;
6486154;0.34992710611188255
6487966;
6488821;0.0
6489273;0.46243158975854093
6490818;0.38682216999669405
6491342;0.6270266287506402
6491418;0.292107842545481
6491484;0.5327639525263802
6493571;
6494725;0.42552315900281695
6495068;0.0
6495149;0.6165921266198934
6495820;0.6316530928879083
6500566;0.4898979485566356
6501945;0.0
6504219;0.0
6505140;0.0
6505213;0.0
6505303;
6505995;0.6030226891555273
6506586;0.0
6507764;0.5219486742815471
6508230;
6508695;0.0
6512259;
6512264;
6512587;0.0
6513162;
6514060;0.24944382578492943
6514480;0.5270462766947299
6514653;0.4895229213650587
6516254;0.3893239387087579
6516616;0.2575393768188564
6516773;0.3931785497463924
6517074;
6517326;
6518560;0.0
6519;
6519551;
6519586;
6519770;0.4601789933084222
6521480;0.5240499688641008
6526195;0.3563048203434806
6527016;0.27638539919628335
6529636;
6531257;0.0
6531419;
6532228;0.3997040325158948
6532566;0.3897575479662459
6532975;0.37267799624996495
6533853;0.4246140506181908
6535188;0.319502885732933
6538879;
6539348;0.6759613958831989
6539788;0.0
6541;0.35136418446315326
6541424;
6541473;0.0
6541762;
6541798;0.0
654240;0.32195071575395756
6543187;
6544039;
6544309;0.0
6544852;0.0
6545476;
6546162;
6547700;0.3506714347510871
6548072;0.0
6552160;0.0
6552891;0.4372533318231849
6553669;0.36166334306279013
6554618;0.4373213921133975
6554714;0.0
6555302;0.0
6555660;0.6085806194501846
6556639;0.0
6556812;0.2581988897471611
6557168;0.6210273191490666
6557733;0.32195071575395756
6558255;0.0
6558493;
6559511;
6560983;0.0
6562345;0.47661668197668194
656294;0.0
6565033;0.7079430993749869
6565114;
6566023;
6566045;0.4496189869253282
6566830;
6567076;0.35706997228246834
6567127;
6567888;0.0
6568062;0.0
6570375;
6570568;0.0
6572518;0.0
6574716;
6580893;0.48104569292083477
6583561;0.30000000000000004
6585516;0.0
6587150;
6587543;0.25712973861329
6592385;0.5863019699779287
6593324;0.3563048203434806
6593772;0.375
6595912;0.3264466409987682
6596290;0.0
6596654;0.0
6596857;0.0
6599671;0.36078426969062594
6600836;0.0
6601331;0.0
6605366;0.0
6606223;0.41718199425014807
6606560;
6607123;0.4330127018922193
6607317;0.0
6607891;0.0
6611435;0.26972453123756235
6611494;
6611944;0.0
6612560;0.0
6612743;0.4379957508672633
6614220;
6614239;0.0
6618562;
6619201;
6621017;0.3500121534107716
6621789;0.6516401096796154
6623734;0.0
6624270;0.44848952846511053
6624719;0.48785243670601874
6624946;0.0
6625525;
6625547;
6626306;0.3534072639531848
6627041;
6627636;0.519759088641194
663093;0.2579547299859361
6633493;0.5081085714398327
6634181;0.37267799624996495
6634398;
6634512;
6634850;0.36078426969062594
6636079;
6636499;
6636572;0.0
6636739;0.3506714347510871
6636971;0.0
6638385;
6641129;0.37267799624996495
6644373;
6646212;0.0
6647463;
6647712;
6648097;
6649267;
6649343;
6650118;
6651442;0.0
6652025;
6652323;0.5507570547286101
6652514;
6653661;0.33726843908080095
6654350;
6654575;
6654800;0.3401506715249038
6660902;
6660912;0.29714709975358455
6660937;
6661035;
6661504;0.0
6662069;0.4530806913179352
6662542;0.27638539919628335
6662845;0.361371874908208
6662872;0.0
6662965;
6663863;
6664020;0.0
6664083;0.5536961882533115
6664311;0.32546263368615136
6664868;
6664999;0.0
6665202;0.0
6665519;0.20829889522526546
6665676;0.3467298756210654
6666135;0.0
6667391;
6668161;0.3153025099436333
6668658;
6671717;0.0
6672441;0.4648111258522642
6672547;0.5311184387094948
6675111;0.0
6675780;0.0
6675932;0.0
6676592;0.0
6678651;0.0
6678923;0.0
6680551;0.0
6681118;0.0
668535;0.7063213348898626
6686208;0.48076726844183515
6687167;
6688101;0.8410280463716987
6688490;
6689272;0.0
6689456;0.38729833462074176
6690024;0.24845199749997668
6690273;
6690530;0.31774445465112133
6692049;
6692939;0.0
6693958;0.0
6694453;
6695247;0.356959699615812
6701004;0.43595696981716414
6701167;0.0
6701572;0.0
6705279;0.6672848092813054
6705427;0.33364240464065276
6705451;0.5700877125495689
6706586;
6707252;
6708110;
6708540;
6709654;
6709673;0.4898979485566356
6709980;0.429718037863201
6715138;0.4879500364742666
6715975;0.5372234139906714
6716;0.19982631347136334
6718274;0.6666666666666666
6719496;
6720307;0.4379957508672633
6720497;0.0
6721892;0.3560858085011113
6722627;0.0
672299;
6723310;
672481;
6731352;
6731892;0.0
6732050;0.8681147322824312
673470;0.0
6735698;0.1506131137016415
673571;0.3142696805273545
6744246;0.0
6747756;0.0
6747779;
6748904;
675648;0.6302736690987366
6764442;
6768754;0.2447809132127156
6773224;
6776267;0.0
6783772;0.34232659844072877
6785;
6788343;
6789769;
6789880;
6789884;
6789988;0.48793305218854566
6790718;0.0
6792723;
6793390;
6793575;0.33071891388307384
6798447;0.45028304535773844
6800536;0.3688487260599518
6800864;0.0
6801205;
6801761;
6803094;
6803160;0.0
6803511;0.0
6803849;0.3563483225498992
6805072;
6805218;0.2765660858715454
6805798;0.0
6807103;
6808110;0.3688555567816588
6809378;0.0
6813;0.2993882399887296
6814073;0.0
6815327;
6816211;0.0
6816696;
6816798;0.31196186273595256
6818183;0.36998498468030955
6818880;0.0
6818948;0.0
6820709;0.0
6820884;
6821054;0.3611745545072762
6821416;0.29725513360545563
6822142;0.27638539919628335
6823562;0.0
6826937;0.2798122778414056
6827097;0.36131126876859687
6827456;
6828538;0.356277045756997
6831669;0.0
6833486;0.4754093621868932
6833687;0.28527302786684805
6834900;0.0
6835552;0.0
6835647;0.0
6836625;0.49228920083615474
6836643;0.0
6837050;
6841862;0.0
6843290;
6843662;
6843782;
684432;
6845563;0.0
6846545;0.3464101615137754
6846633;0.0
6847618;
6853259;0.0
6853543;
6855314;0.26972453123756235
6855413;0.35832256659104667
6856545;0.3947902924338439
6856628;0.2765660858715454
6861676;0.0
6864229;0.0
6864297;
6873240;0.0
6873379;
6873419;0.37951669503554064
687356;0.0
6874547;0.25534971133725276
6875649;
6876537;
6877430;
6877519;
6881726;
6883129;0.0
688398;
6884140;0.0
6886650;0.4
6887421;0.3480997980288916
6887592;
6888824;
6888963;0.4166666666666667
6891336;0.0
6896827;0.5577733510227171
689798;
6898244;
6898562;0.0
6898839;
6899151;0.2575393768188564
689970;0.3464101615137754
6899911;
6899962;
6902188;0.4861121766990862
6904784;0.0
6908135;
6909022;0.18557687223952254
6909966;
6910909;0.6123724356957946
6911673;
6912927;
6913800;0.0
6915710;0.17668469596940836
6915901;0.3364837729186144
6916316;0.0
6916943;0.7356691608391616
6917026;0.5362865892273683
6917471;0.3513641844631533
6918141;0.6462120609372987
6921880;0.33071891388307384
6921917;0.0
6922548;0.0
6922885;0.485106494506005
6925350;0.5879447357921312
6929167;0.1739926363384382
6930176;
6930542;0.3703280399090206
6930765;
6931070;
69315;
6934838;
6934870;0.0
6935048;0.0
6935371;0.24845199749997668
6936157;
6936228;0.34992710611188255
6937583;
6937760;0.36078426969062594
6937990;0.0
6939215;0.41122210987382257
6939396;0.39427217232429335
6940017;0.3225566712736157
6940370;0.0
6940894;0.4026578365477733
6941973;0.4842780013815086
6943305;0.0
6947966;0.27638539919628335
6948034;
6948794;
6949015;0.41201102706087017
6949665;0.0
6950479;0.0
6951593;0.22329687826943606
6951639;0.0
6952272;0.0
6952283;
6953632;
6955212;0.0
696079;0.7468943965979538
6963355;0.0
6964759;0.35452854660010225
6965897;0.0
6966162;0.4697648479246601
6967487;0.36680868461789595
6967551;0.4330127018922193
6967793;0.0
6968822;0.0
6969212;0.3350641648515664
6969369;0.4330127018922193
6969747;0.0
6971710;0.3142696805273545
6971731;0.0
6971765;0.24847472142168692
6971995;
69725;0.5419467627971347
6975889;0.29541957835039856
6978252;
6978267;0.0
6979538;0.15850541612875174
6980026;0.38729833462074176
6980353;0.8298455551639824
6981317;0.5357722014549204
6981425;0.4
6983298;0.0
698400;
698410;0.0
698719;
6993993;0.0
6994583;0.0
6996984;0.0
6997579;0.5343784659093087
699844;0.21231789386223357
699906;0.0
6999359;
6999499;0.0
6999770;0.0
7002725;0.0
7003332;
7004355;0.0
7006135;0.3779644730092272
7006276;0.3422860840197998
7007214;
700746;0.5454545454545454
700748;0.0
7008574;
7009009;
7011086;0.3394500514782104
7017299;
7017560;0.0
7019195;
7020227;0.0
7020579;0.0
7021502;0.6666666666666666
7022959;0.505343604101374
7023055;0.3466303141648595
7023930;0.0
7024177;0.0
7024450;0.47110980083675236
7025343;0.19802570190947202
7026437;0.43362909039199393
7027037;
702783;0.49888765156985876
702898;0.24847472142168692
7030173;
7030859;0.0
7031013;
7031673;0.0
7031902;0.3594868137091668
7031944;0.36735282343519987
7032883;
7033908;
7034171;
7034316;0.16006197146962736
703436;
7035967;
7036294;0.3092651786954528
7036887;0.0
7037759;0.0
7037884;
7038110;0.28527302786684805
703882;0.0
7040637;0.0
704420;
7045385;
7045727;
7046321;0.0
7047318;0.0
7049077;0.34551000366090384
7049118;0.0
7049646;
7052668;
705381;0.0
7057066;
7057821;
7061238;
7061832;0.0
706332;
7064421;
706496;
7064984;0.0
7065633;0.5477225575051661
706586;0.0
7065895;0.0
7066463;0.367006645104718
7066918;
7070358;0.32354782581913066
7070826;0.0
7071569;0.0
7072183;
7072703;0.3142696805273545
7072704;
707375;
707491;
7075673;0.3104698017127927
7075940;
7078829;0.3563048203434806
708084;0.0
7083047;0.3646278462854964
7084908;0.358989932631703
7085698;
7085990;0.9865951876424064
7086163;0.36380343755449945
7086818;0.0
7086974;
7087015;0.0
7087137;0.0
7087683;0.0
7088093;
7088910;
7091023;
7091210;0.0
7091373;0.0
709342;
709394;0.0
7094080;0.38059948381230013
7096811;0.3506714347510871
7098375;
7098455;0.0
7098807;0.3581610266174341
709891;
7099115;
7100006;0.0
7100673;
7100933;0.0
7102028;0.7094624138032124
7102436;0.0
7102587;0.24944382578492938
7104349;0.0
7104869;
7106045;0.0
71071;0.0
7107162;0.14243386150346946
7107846;0.0
71106;0.48586405848825
7114297;0.32354782581913066
7114794;
7114824;0.0
7114994;
7116246;
7117036;
7117082;
7117213;0.5923031700636843
7117267;
7117417;0.0
7117464;
7117558;
711816;0.0
7118465;0.0
7118469;0.0
7120280;0.0
7121453;
7124899;
7124926;
7125031;0.19144512155680865
7125601;0.3254626336861513
7126207;0.28747978728803447
7126258;0.0
7127324;0.20393111999232305
7127891;0.0
712844;
7129404;
713090;
7131085;0.0
7131501;
713188;0.3254626336861513
7132305;0.10423146132940955
7133111;0.0
7133294;0.3254626336861513
713521;0.0
713592;0.4
713834;
7138560;0.3688555567816588
713950;
7141219;0.6123724356957945
7141738;0.0
7141814;0.0
7142025;
7143037;0.2575393768188564
7143252;0.3563048203434806
7145767;0.27638539919628335
71463;0.0
7146637;0.7265008525707626
714679;
7148877;0.3596931579008784
7149034;0.3578117715108503
7149074;0.0
7149732;0.0
715042;
715121;
715289;0.45028304535773844
715437;0.5303300858899107
715484;0.3657114381135463
7155344;0.5303300858899107
7156545;0.0
7157448;0.0
7159659;0.0
7160244;0.35208939510976517
716061;
7162421;0.36998498468030955
7162661;0.0
716308;0.36363636363636365
7163386;0.37267799624996495
7164965;0.0
7165147;0.33881546358946923
7165574;
7169874;0.3460097503279224
7171372;
717286;0.32255667127361565
7173449;0.506008292024256
7173656;
7173999;0.0
7176749;0.3180695716960009
7177255;0.6586362995978351
7180350;0.44816365495844135
7181464;0.0
7181495;
718443;0.35777087639996635
7185096;0.7875917418813502
7185756;0.0
7186756;
7187093;
7187598;0.0
7188478;0.4719232400622504
7189105;
7189410;0.24944382578492938
7189689;
7193002;
7193216;0.0
7193590;
7193747;0.4147924773567309
7195212;
7195743;
719730;0.0
719838;0.6123724356957946
7200485;
7202776;
7203312;0.7935600855193298
720392;
7204625;0.0
7205981;0.0
7206884;0.4649218256034111
7209579;0.3550866671911607
721212;0.2664693550105965
7213300;
721436;0.40817279378444477
7214527;0.0
7215268;
7215361;0.0
7215645;0.0
7215651;0.0
7216083;0.2834618508567977
721633;
721637;0.36166334306279013
7216943;
7217645;
7218930;
7220005;
7220402;0.4151820002052843
7220473;0.19595917942265423
7220513;0.730913808717182
722359;0.3657114381135463
7226700;0.0
7226839;0.0
7226884;0.5962847939999439
722690;0.0
7227525;0.4979959839195493
7227922;0.3590176356785962
7227962;0.2798122778414056
7228274;
7228673;
7228777;
7229561;0.354633949618456
7229784;0.5916296402036494
7229913;0.0
7230589;
7230771;0.0
7231441;0.0
7231973;0.2523360247522242
7232305;
7232662;0.4216121129510151
7234117;
7234182;
7234933;
7235342;0.28747978728803447
7235871;0.0
7236033;0.0
7236173;
7236427;
7236800;0.0
7236820;0.17399263633843823
723876;0.28527302786684805
723960;0.0
724041;
7240654;0.3422860840197998
7241508;
7242871;0.4385290096535146
7243773;
7244546;
7245374;0.0
7245930;0.3599307891947848
7245996;
7246345;0.0
724706;
7247593;
724993;
7250944;
7251009;
7255851;
7257134;
725874;
7259855;0.48158051207674235
7260777;
7261669;0.0
7261680;0.5008177649044795
7262502;0.37416573867739417
726367;0.0
7264636;
7266;0.3235137148696216
727079;
7271951;0.37416573867739417
7273630;
7275828;0.3111007448872274
7276169;
727634;0.0
7280725;
7281150;0.2420614591379636
728216;
728270;
728288;0.33946348413888633
7285432;0.0
7286046;0.0
7286713;
7287115;
7287844;0.0
7288322;
7288398;0.5345224838248488
7288635;0.0
7292269;
729451;
7295184;
7295305;
7295533;0.35759614091877445
729718;
7298865;0.24497662725823713
7300737;0.0
7300813;
7300854;0.4612999230951802
7300964;0.23459582368351306
7300984;
7301001;0.0
7301044;0.44233556210969904
7301413;0.5577733510227171
7303283;0.33881546358946923
7303896;
7304459;0.0
7304894;0.0
7304932;0.0
7307936;0.6390048874344264
730945;0.47348089562473844
7310050;
7313961;0.27638539919628335
731456;0.27638539919628335
7314966;0.0
7315256;
7315670;0.20351933162035316
731724;0.28747978728803447
7320038;
7320703;
7321745;
7322150;0.0
7323080;
732725;0.4865042554105199
7327885;0.2746367251713696
7328172;0.0
7329365;0.20829889522526546
7329763;
7330024;0.4330127018922193
7330039;0.0
7330208;0.3506714347510871
7331085;0.0
7331240;
7331307;0.0
7332282;0.0
7332779;0.38729833462074176
733435;
7334536;0.0
7334638;0.0
7334646;0.0
7336696;
7336777;0.5590169943749473
7337095;0.22329687826943606
7337679;0.3042564577958102
7338500;0.0
7338608;
7338662;0.0
7338752;0.5471012044321932
7339778;0.0
7339841;0.0
7340023;0.26390870338021427
7340179;0.48850421045919723
7340355;0.506044123890903
7340527;0.3795166950355407
7340651;0.3922322702763681
734740;0.5503495392790072
7348940;0.0
7349288;0.0
7350353;
7350392;0.0
7350899;0.37267799624996506
7351196;0.32546263368615136
7351214;0.0
7351414;0.0
7351679;0.0
7351873;
7352725;
7353470;
7353911;0.0
7354325;
735525;0.3513641844631533
7356819;0.0
73608;
7361915;0.6345380654888685
7362149;
7362376;0.27638539919628335
7362447;
7362460;0.0
7362563;0.5018075463598238
7362756;
7363583;0.0
7363625;0.2165063509461097
7363794;0.34992710611188255
7364251;0.0
7364806;
7365935;
7367060;0.6034746503093483
736728;
7367372;0.18181818181818182
7368435;0.0
7369202;0.3
7369223;0.2606121704184369
7370298;0.20829889522526548
7371177;
7371193;0.36181361349331637
7372130;
7376187;0.0
7376264;0.47140452079103173
7377132;0.0
7377335;0.30183114619986867
7377388;0.2594372608313854
7377434;
7378182;0.6216322005798798
7378324;0.0
7379065;0.0
7379732;0.5307173444065864
7379739;
7380950;0.3703280399090206
7381639;0.21549014864334498
7383986;0.35777087639996635
7384303;0.3939578935235193
7385552;0.3340370143641903
7387675;0.47353758381512057
7394152;0.0
7395613;0.7266360849833979
7396918;
7397635;
7398569;0.0
7399168;
7399177;
7399640;
7400641;0.9913076762998
7400833;
7401209;0.0
7407280;
7407417;
7407959;0.0
7409079;0.5453540652688663
7409319;0.6196773353931867
740947;0.0
7410051;0.4160251471689218
7410389;0.3640898744444397
741092;
7412172;0.0
7413624;0.4023156056964614
7416744;0.6210273191490666
7417385;
741882;
742055;0.31440039747857196
742058;0.31374750995027834
7421944;0.0
7422327;0.0
7423167;0.0
7424145;0.48850421045919723
7425492;0.31693284552319373
7425669;
7426686;
7427458;0.2833900170056687
7427538;
7427653;0.0
7427824;0.4347826086956523
7428973;
7429857;
7430303;0.7266360849833979
7431654;0.5187869375557271
7433431;
7433594;0.36004114991154773
7433659;0.5147872407001958
7437639;0.5164322477578905
7437883;
7438597;
7438676;0.0
7440062;0.0
7440976;0.9298932391032894
7442606;0.0
7443276;0.0
7444350;0.4370036867375632
744630;
7446933;0.0
7449023;0.0
7453900;0.3659625273557
7454233;0.0
7454466;0.573775310549247
7454666;0.20004349244370212
7454828;0.28747978728803447
7455425;0.0
7457472;
7458225;0.0
7458311;0.0
7458323;0.0
7458859;
7459088;0.37416573867739417
7459817;0.730913808717182
7459924;0.0
7460759;0.0
7461128;0.0
7461522;0.0
7463344;
7463836;0.24381145799025283
7464302;0.27310112797163183
746647;0.486094640990826
7469920;
7471575;
7472200;0.0
7473308;0.38729833462074176
7473454;0.0
7473480;0.24765567494675614
7473623;
7474320;0.0
7474708;
7474879;
7474885;0.0
7479513;0.0
7485152;0.3307189138830739
7485219;0.0
748560;0.0
7485679;0.3513641844631533
7486000;0.0
7486275;0.3700603388705305
7487556;0.0
7487618;0.3161669705215117
7488431;0.4330127018922194
7489946;0.0
7490323;0.32354782581913066
7490861;0.1579345138264476
7491;0.0
749110;0.43539540764428414
749155;0.30000000000000004
7492311;
7492333;
7492857;0.4273269939181573
7493156;0.375
7495770;
7495821;
749693;
7497089;
749730;0.0
750262;
75032;0.3912303982179758
7503421;
7503630;0.28747978728803447
7506979;0.33071891388307384
7508345;
750857;0.0
7509712;
7510600;0.0
752279;
7524364;
752452;0.41513323271815933
7525435;0.0
7526333;
752765;0.0
753120;0.28448938828651515
753352;0.0
7534683;0.36166334306279013
753771;0.0
7547273;0.3513641844631533
7549846;0.8386074943032625
7550848;0.9367829667910311
755122;0.5426469527051588
7551383;0.4555431167847891
7551391;0.3395465869103478
7551470;0.0
7551593;
7552134;0.36131126876859687
755270;
7554259;
7555213;0.0
755782;0.28747978728803447
7564376;0.0
7564870;0.4330127018922193
756538;
7566118;
7566269;
7567103;
756818;0.0
7570546;0.0
7570919;
7570988;0.0
7572740;
7573046;0.0
7573226;
7573932;0.0
757582;0.28747978728803447
7575870;0.0
7576212;
757726;0.34992710611188255
757753;0.0
7581753;0.0
7582671;0.0
7582863;0.37492602820719045
7583787;0.0
7584280;0.0
7588618;0.0
7589091;0.36927447293799825
7590430;0.3500121534107715
7591424;0.3506714347510871
7591626;0.0
7591934;0.0
7592104;
7592279;0.0
7592973;0.8880824715027745
7593036;
7593348;
7593402;
7593671;0.0
7593894;
7594312;0.6105579948610593
7594802;0.2910427500435996
7599515;0.35866406953126384
760039;0.0
7601800;
7602441;
7603007;0.3571354243317522
7603191;
760386;0.0
7604497;
7604890;0.375
7605071;0.4330127018922193
7605242;0.0
7605692;
7605884;
7606266;0.0
7607136;0.36998498468030955
7608642;0.0
7608677;
7609016;
7609080;0.3534072639531848
7609203;0.0
7610566;0.34815531191139565
761073;
7613358;0.0
7615190;
7615253;0.0
7616740;
7617032;0.0
7617104;0.45802579290051143
7619178;0.0
7621448;0.0
7621560;0.0
7622579;0.4330127018922193
762284;0.0
762834;0.5590169943749473
7631930;
7638441;0.0
7638611;0.0
7639023;
7639434;0.3350641648515664
7639448;0.6428327584945549
7641530;
7641618;
7642132;0.3563746401656276
7645821;0.0
7646235;0.5029498781008469
7646595;0.49063247100721763
7647714;
7648117;0.0
7648495;0.47192324006225034
7649280;0.0
7649842;0.0
7650053;0.4
7652219;
7652580;
7655157;0.362925441424348
7656014;0.3142696805273545
7658122;0.0
7658131;
766017;
766238;
7662824;0.491933056084081
7662852;0.565538843646897
7662971;
7663072;0.34992710611188255
7663645;0.27638539919628335
7664279;
7665135;0.0
7665413;0.0
7667152;0.389219436240439
7668012;
7668157;0.5331177775427705
7668933;0.0
7668984;
7669016;0.46770717334674267
7669249;0.0
7669519;
7669748;
7669811;0.36166334306279013
7669980;
7670827;0.0
7671533;
7671628;
7671674;0.3467298756210654
7671860;0.5318967956130513
7672433;
7677924;0.0
7679199;0.0
7679261;0.30000000000000004
7679285;
7680980;
7681531;0.0
7681682;0.0
7681726;
7682008;0.35832256659104667
7682128;
7682246;
7682679;
768312;0.6
7683213;
768343;0.0
7685350;0.6994159053779461
7685500;
7685890;0.6821348772812087
7686026;0.0
7686709;0.0
7688044;0.5838742081211423
7688422;
7688517;
7688567;0.622529720250492
7688673;
768870;0.5872202195147035
7689021;0.5888867496645354
7692937;
7692996;
7693921;0.4489005633739282
7694422;0.0
7694700;
7695679;0.0
7697413;0.2575393768188564
7698083;0.34234816843529614
7698946;0.35136418446315326
7698983;
7699335;
7699347;0.35136418446315326
7699513;0.0
7699794;
769982;0.3591020998873542
7700787;0.3810087306873171
7701030;0.5592469952052407
7701217;0.0
7701304;0.0
7701382;0.3703280399090206
7702483;
7703692;
7703697;
7704064;0.36069517615433966
7704168;0.0
7704237;0.3703280399090206
7708220;0.0
770899;0.5888867496645354
7709800;0.0
771072;0.3091000762582518
7711116;0.38729833462074176
7711739;
7711940;
7711949;
7713000;0.0
7713261;0.5386469679377522
7713595;0.0
7714282;0.35136418446315326
7714320;0.0
7715433;0.0
7715477;0.36462784628549644
7715688;
7716740;0.0
7717482;
7718020;0.5690505605250952
7718045;0.0
7719663;0.2664693550105965
7724285;0.3912303982179758
7724719;
7725274;0.0
7725430;0.0
7726718;0.5471012044321932
7726747;0.0
7726766;0.2659519743767606
7726813;
7727311;0.3464101615137754
7729176;0.0
7729898;
7731764;0.0
7732550;0.3622089663122215
7733440;
773662;0.7321704400425075
773723;0.0
7738950;0.0
773945;0.0
7740043;0.4242640687119285
7741610;
7742882;0.0
7742900;
7743807;0.0
7745750;
7746424;
7747042;
7747703;
7748583;0.48850421045919723
7749096;0.3703280399090206
7749781;0.7463869141440895
775078;
775160;0.5665577237325317
7753212;0.6801333466666929
7753422;0.33071891388307384
7753613;0.38490017945975047
7755074;
7756805;0.2420614591379636
7757386;0.0
775805;0.0
7758462;0.0
7759096;0.3912303982179758
7759198;0.0
7759210;0.0
7759875;
775991;0.20393111999232305
7760163;0.0
776028;0.3018311461998687
7760632;0.0
7760878;0.34182143942286186
7761170;0.0
7761229;
7761256;0.4
7761462;0.2664693550105965
77631;
7764485;
7764524;0.4671765921511568
7764880;0.38729833462074176
7765108;0.0
777022;0.3688555567816588
7770259;0.665719023448946
7771005;
7771380;
777168;0.0
777193;
7772868;0.0
7773157;0.5005106762986918
7773716;
7773795;
7774975;0.0
7774984;0.48153100261715387
7775604;0.33071891388307384
77766;0.0
7776758;
7776795;0.0
7776829;0.2910427500435996
7776931;
77771;
7777621;0.0
7777844;0.9125900025863274
7778272;
7778747;0.0
7780399;0.35189083604695814
7780417;0.519759088641194
7785780;0.0
778587;0.0
7786030;0.0
7786280;
7786834;
7787332;0.8317881073786517
7787919;0.3904812401834771
7788;
7788235;0.4409585518440985
7788404;
7789261;0.0
7789951;0.326713786284185
7790451;0.3513641844631533
7790888;0.3360963567175505
7795211;
7795681;0.27347088471412234
7795948;0.12902770302593217
7796069;0.3307189138830739
779868;0.5038864560833618
7801100;0.27638539919628335
7801427;0.692820323027551
7803056;0.38538448482888293
7803175;0.0
7803544;
7803677;0.0
7803848;0.33071891388307384
7803981;0.475416546501654
7804020;0.0
7804822;
7805054;
7805403;0.37157376272280607
7806049;0.34591634777518054
7806087;0.0
7806190;0.0
7806375;0.0
7807408;0.0
7807538;
7807834;
7808447;
7809361;
7809600;
7809755;0.30183114619986867
7809787;0.0
7809988;0.0
7810047;0.0
7810556;
7810668;0.0
7813777;
7814774;0.5081867980267932
7815791;0.0
7817298;0.17399263633843823
7817623;0.5129733134232983
7817767;0.3513641844631533
7817796;0.3513641844631533
7818788;0.0
7818803;
7818923;
781897;0.43261711913995776
7819938;
7819946;0.3763993960049205
781996;
7820147;0.0
7820517;0.3018311461998686
782079;0.19595917942265423
7821186;0.0
7821498;0.0
7822083;0.0
7823070;0.28747978728803447
7823772;
7823815;
7823990;0.0
7824487;
782455;
782488;0.0
7825435;0.0
7825557;0.32546263368615136
7825825;0.5619514869490163
7827;0.3795166950355407
7829430;0.0
7830100;0.0
7830944;0.0
7831185;0.0
7831239;0.36078426969062594
7832562;0.2575393768188564
7833891;0.30000000000000004
7835495;
7835604;0.0
7836245;
7837140;
7837256;0.443878240162345
7837505;0.30000000000000004
7838155;
7839811;
7840578;
7840709;0.4309971159206156
7844520;0.0
7844666;0.0
784538;0.0
7845758;0.0
7845975;0.3422860840197998
7848631;0.0
7848946;0.5272866867274386
7849003;
7849140;0.4542612748024247
7850234;0.3254626336861513
785031;0.0
7851040;0.5105203241514897
7852684;0.0
7853221;0.43632305006058036
7853290;
7854154;0.5024167612611796
7855071;
7855392;0.20829889522526548
7855833;
785981;1.0160745087873269
7861565;0.0
7861574;0.32354782581913066
7862455;0.35386069477175314
7862757;
7863004;0.0
7863629;
7863883;0.3367811605397753
7864967;0.0
7864978;
7865616;0.3869883719183304
7866538;0.0
7869765;
7869906;0.0
7869925;0.32546263368615136
7870126;0.3104698017127927
7870456;0.37951669503554064
7874787;0.23459582368351306
7875826;0.0
7876299;
7876799;
7877078;
7877608;0.33906724842888253
7878600;
7879212;0.0
788305;0.4542612748024246
7883051;0.5121861906353499
7883070;0.28527302786684805
7884127;
7884407;0.0
7885027;0.0
7885446;
7888915;0.0
7889203;0.0
7889504;0.0
7890741;0.31774445465112133
7891844;0.310195952027039
7891949;0.6672848092813054
7893766;0.27738961511760424
7893920;0.0
7894393;0.32546263368615136
7894606;
7895799;0.0
7895957;0.27638539919628335
7898119;
7898138;0.20824828195876074
7898215;
7898255;0.0
7898730;0.33881546358946923
7898735;
7899754;0.5529421742649718
7900031;0.0
7901324;
7901420;0.5419467627971347
7901473;0.0
790575;0.0
790578;
7905788;
7905901;0.3340097303971847
7906682;0.4330127018922193
7907223;0.3624892480959948
7908966;0.0
7909346;0.3763993960049205
7909542;0.5724241622150512
7910261;0.3268061942810608
7912066;
7912161;
7912522;0.48679533375916517
7914222;0.5798850460795368
7914378;
7914471;0.37267799624996506
7914489;0.0
7914549;
7915019;0.10907943627496348
7915138;0.0
7915147;
7915499;0.0
7915582;0.45173309437135906
7915607;0.44280744277004774
7916452;0.4556450995538138
7916512;
7916954;0.0
7917016;
7917148;
7917255;0.0
7917599;
7922731;
7922993;0.0
7923371;0.4330127018922193
7924111;0.0
7924768;0.0
7925176;0.36181361349331637
7925578;0.40801779107027825
7926561;0.0
7926747;0.8935813967767046
7927242;0.0
7927735;0.3336424046406527
7927964;0.0
7928263;0.5191639914323798
7928418;
7928580;
7928970;0.35931275914452615
7930161;
7930254;0.0
7931923;0.0
7933011;
7933713;0.0
7933791;0.48785243670601874
7934249;0.0
7934699;0.622969691473508
7939036;
7939400;0.35800788099864905
7939446;
793965;0.466659563835427
7940547;0.6085806194501846
7940821;
7941098;0.0
7941366;
7941922;0.0
7942752;0.36639116912546604
7943226;0.0
7944332;0.0
7945137;
7946292;0.0
7946362;
7947107;0.0
7947308;0.30665486580098883
7947341;0.0
7947500;0.3464101615137754
7947683;
7947711;
7949257;0.41695001703376816
794932;
7950078;0.6388765649999399
7950475;0.31774445465112133
7950564;0.0
7950620;0.0
7955823;
7955949;0.2575393768188564
795628;0.37267799624996506
7956320;0.34992710611188255
7958594;0.3
79605;
7961188;0.33071891388307384
7963193;0.5385264535178943
7963704;0.0
7964008;
7964199;0.0
7964327;0.3184917966195481
7964847;
7967262;0.4330127018922193
7972258;0.0
7973011;
7973524;0.3098386676965933
7973742;0.0
7974074;0.3295463562361041
7974409;0.0
7974543;
7976404;0.5961414390768481
7976642;0.0
7977068;0.3893239387087579
7977285;0.37267799624996495
7978380;0.0
7978680;0.0
7979465;0.3928371006591931
7979571;
7979687;
7979933;0.0
7979943;
7980056;0.35067143475108714
7980138;
7980767;0.412187905839563
7981562;
7982452;0.0
7982660;0.0
7984105;0.3219507157539575
7984172;0.0
7985427;
7986271;0.0
7986293;
7990304;
7990988;0.5215464580571487
7990995;
7991435;0.44858040656628884
7994299;0.0
7994676;0.3104698017127927
7995689;0.0
7998752;
7999244;
7999314;
7999338;
7999466;0.3450327796711771
7999954;0.2420614591379636
8000028;
8000239;0.4330127018922193
8000376;0.0
8000533;0.4
8000780;0.0
8000847;
8000906;
8000980;0.27738961511760424
8001071;0.0
8002057;
8002062;0.0
8003594;0.3142696805273545
8007732;
8007846;
8009681;
8009946;0.37267799624996495
8010302;0.3590351654086268
8012369;
8013353;0.45237293485502544
8016297;0.580654019971524
8017029;
8017943;0.0
8018638;
8019702;0.3513641844631533
8019820;0.0
8023934;
8024174;
8024489;0.32061971423074187
8024810;
8025345;
8027545;0.36363636363636365
8031336;0.0
8031424;0.0
8031948;
8032718;
8033494;0.33563828927059225
803376;0.0
8035102;0.38729833462074176
8035180;0.367006645104718
8035212;
8035642;0.0
803645;
8036470;0.0
8041266;
8041419;0.375
8041452;0.0
8042083;0.3142696805273545
8043118;
8043634;0.6546536707079771
8043931;
8045541;0.44700650421980975
8046216;
8046394;0.28527302786684805
8046531;0.500616903380836
8046884;0.28747978728803447
8047199;
8048829;
8050734;
8050902;0.0
8051145;0.0
8051941;0.3142696805273545
8052092;0.0
805627;0.0
8057492;
8057545;
8057644;0.0
8059594;0.3702959810386918
8060847;
8061166;0.34643024500867675
8061836;
8065194;0.44335396105806396
8065954;0.28747978728803447
8068804;0.4519962216303936
8073602;
8073629;
8073852;0.0
8073957;
8074937;0.0
8075214;0.34992710611188255
8075313;
8076456;0.0
8076617;0.34992710611188255
8076797;0.45719555747817336
8077483;
8077750;0.3018311461998687
8077772;0.0
8077885;0.0
8078955;
8079203;0.4442245421775343
8079906;
8080040;
8080537;
8080544;
8080560;0.0
8080563;
8080734;0.3227486121839514
8081905;
8082173;
8082299;0.0
8082336;
8082477;0.3422860840197998
8082695;0.24845199749997662
8082903;
8084035;0.5558140689140236
8084753;
8084986;0.0
8085351;0.0
8085369;
8085374;0.6962313695991257
8088370;0.0
8089241;0.3763993960049205
8089873;0.0
8090904;
8090936;
8091690;
8091987;0.0
8092221;0.5686336657127495
8092730;
8095206;0.0
8095554;
8096158;
8097516;
8098210;0.5388914922357194
8099612;0.0
8100238;
8100351;
8100588;0.0
8100607;
8105246;
8105561;0.0
8105697;0.522846637841289
8106631;0.0
8106844;0.5201398413363991
8107043;
8107097;
8108304;
8109219;0.27638539919628335
8112290;
8112833;0.6508007887723145
811350;
8115321;0.0
811595;0.0
811601;0.5252134113063237
8116307;0.4822894173099242
8123226;0.0
8124807;0.0
8125506;0.4534456004938648
8125877;
8125935;0.0
8125941;0.0
8126509;0.543788731195299
8127474;0.3795166950355407
8127624;0.41874854191775585
8127639;
8127814;0.4
8127832;0.33071891388307384
8127924;0.5560348626826547
8128257;
8128266;0.0
8128741;0.5665577237325317
8129374;0.20451968503926782
8129884;0.2846375212766556
8130092;0.0
8130777;0.2606121704184369
8130864;0.0
8130906;0.30000000000000004
8131068;0.0
8133550;
8133773;0.8794918026359254
8133793;
8133884;
8134022;0.10907943627496348
8134319;
8139151;0.0
8140369;
8140701;0.0
8140881;0.0
8140950;
8141135;
8142281;
8143866;
8145244;0.0
8145770;
8145801;0.0
8145827;0.34700896950006177
8145832;
8145925;0.3912625969257558
8146071;0.3142696805273545
8146676;0.24803918541230535
8148066;
8148296;
8148638;0.0
8148725;0.4
8150871;0.0
8151138;
815260;0.4
8156301;0.408248290463863
8156393;0.3142696805273545
8157278;0.5
8157395;0.37267799624996495
815773;
8159198;
8159942;
8160209;0.0
816094;0.7475000248504
8162506;0.43539540764428414
8162528;0.5965461817317882
8162631;0.0
8162764;0.4330127018922193
8162857;
8164419;0.0
8164508;0.0
8164660;0.0
8165226;0.0
8166582;0.36181361349331637
8166995;
8167103;0.0
8167879;0.0
8174309;0.0
8176422;0.17399263633843823
8176872;
8177738;
8178969;0.0
8179664;0.0
8180861;0.40416375140546495
8181230;0.37267799624996495
8182128;
8183114;
8183844;0.0
8184478;0.5917016093904418
8184500;0.2420614591379636
8184935;
8190133;0.4
8190408;0.7519341409739092
8191661;
8191798;0.5706847229020418
8192994;
8198098;0.0
8198226;0.3364837729186144
8198944;0.0
8199435;0.30000000000000004
8201414;
82049;0.0
8206280;0.4309971159206156
8206653;
8206794;0.0
8207065;
8208008;
8208057;0.3592907283574691
8208115;0.3335882806220177
8209055;0.5303300858899107
8209704;0.0
8210239;0.0
8210419;0.3646278462854964
8211725;
8213384;
8213431;0.36998498468030955
8214973;
8216212;
8216359;0.28747978728803447
8216395;0.736825375391432
821719;
8217883;
821791;0.28527302786684805
8218679;0.20829889522526548
8224102;
8224629;
8225955;0.0
8226015;0.28414464208214585
8226502;0.0
8227323;0.0
8227384;0.34992710611188255
8228374;0.3142696805273545
8228680;
8230749;
8230755;0.0
8231285;0.0
8233017;0.0
8233078;
8233358;0.0
8233599;0.0
8233760;
8233855;0.0
8235618;0.0
8236797;0.7190318509781667
8240630;0.1739926363384382
8241912;0.0
8242114;0.35959747611403814
8242411;0.0
8243603;0.0
8243624;
8243932;0.4187073448388064
8243980;0.34985711369071804
8244256;0.0
8244258;0.0
8244356;0.3565624098762406
8245113;
8248508;0.0
8248727;0.37267799624996495
8248828;0.0
8248913;
8248934;0.3142696805273545
8249085;0.23459582368351306
8249257;0.0
8249286;0.6176470588235294
825020;
8250326;0.5797164837450691
8250755;0.0
8250983;0.0
8251735;
825452;0.3091000762582518
8257227;
8257698;0.35395401779329777
8257928;0.44353009726359605
8257957;
8259017;0.4697648479246601
8259940;0.0
8260307;0.31180478223116187
8260636;
82614;
826303;0.0
8263146;0.4555353502147878
8269838;0.0
8270640;0.0
827296;0.0
827352;
8276798;0.3450327796711771
827747;0.0
827754;0.0
8277653;0.0
8278036;0.4912733261320607
8278042;0.5247494938949322
82794;1.103599296378592
8281409;0.4944132324730442
8281820;0.27638539919628335
8281996;
8282045;0.0
8282171;0.3651483716701107
8282190;
8282348;0.4265973442458908
8283331;0.35651097184521396
8284111;0.0
8284163;
8284443;
8286287;0.0
8287226;0.3714209400925438
8287425;
8287506;0.38490017945975047
8287715;0.38490017945975047
8287891;0.0
8288201;0.7506952846506888
8288248;0.0
8293059;0.0
8293227;
8294946;
8295113;0.36181361349331637
8295985;0.0
8296560;
8296648;0.5796550698475774
8297398;0.38729833462074176
8297636;0.0
8297796;0.0
8299367;0.4356975347719813
8301230;0.5080976926793925
8302964;
8303935;0.0
8304072;0.2575393768188564
8304796;0.48680506023116343
8305506;0.0
8311878;
8312192;0.20829889522526548
8312436;
8312718;0.5510806927176949
8316723;
8317016;
8317544;0.0
831789;0.0
83187;
8319011;
8319879;0.3104698017127927
8320347;0.5876569315742892
8321512;
8321515;0.0
8321740;0.0
8322529;0.24944382578492938
832258;0.3506714347510871
8323298;0.0
8328415;
8329192;0.48655473176794545
833013;
8330900;
8331747;0.0
8331803;0.0
8333853;
8334527;0.0
8337272;
8339715;0.4183724890567579
8340936;
834375;
8346967;0.0
8348419;0.0
8350060;0.0
8350283;
8350366;0.38643922666575664
8351317;0.0
8351743;0.3513641844631533
8354287;0.5580489988532434
8354872;0.2544842520347825
8355245;
8356020;0.21794494717703367
8356472;0.0
8357178;0.28414464208214585
8360862;0.33071891388307384
83612;
8366438;
8366684;
8367864;
8369496;
8369865;0.0
8371080;
8371538;0.0
8376166;0.0
8376608;0.0
8376918;
837897;
8379786;0.3142696805273545
8382888;
838887;
8394339;0.0
8394410;0.41245846804412495
839850;
8399050;0.3659625273557
840065;0.798420531529377
840131;0.37562959120929285
8402646;0.0
8404456;0.4330127018922193
8405367;0.0
840591;
8407406;0.0
8410238;0.0
841081;
8418268;0.0
8418650;0.4719232400622504
842030;
842094;0.0
842260;0.0
8422759;
8426095;0.0
8428202;0.3104698017127927
842890;0.5222759729289485
8429491;0.5897678246195885
8430457;
8433757;
843590;
8439983;0.35398384100647867
8440945;0.5536078329043594
8441021;0.5507570547286101
8441611;0.0
8442160;
8443719;0.0
8444952;0.0
8445083;0.45324489263935447
844680;0.28747978728803447
8447182;
8448105;
844996;0.33799408278844173
844998;0.4
8454671;0.0
8454713;
8454820;0.3563048203434806
8454901;0.0
845616;
8461200;
846137;0.3968801275886149
8462961;
8463022;0.34879708147465643
8465655;0.0
8465796;0.0
8465951;
8466054;0.0
8466445;0.0
8469436;0.3104698017127927
8470686;
8473376;0.48208983737820577
847358;0.0
8473706;0.0
8474981;
847601;0.3142696805273545
847884;0.0
8479;0.0
8480960;
8481576;1.156662647761059
8483505;0.0
8483574;0.41727664541782933
8485084;0.28747978728803447
8486554;0.0
8486792;0.5948910125429764
8487032;0.0
8487492;
848757;0.0
8487915;0.3018311461998687
8487977;0.4994234678212683
8488968;0.0
8488988;0.0
8489008;0.37416573867739417
8491113;0.0
8491289;0.0
8492652;
8493182;0.0
849726;0.0
8497711;0.3535533905932738
8497870;
8498987;0.0
8500003;0.367006645104718
8500955;0.0
8501643;
8501680;
8502970;
8505431;0.4944132324730442
8505662;0.3563483225498992
8505791;0.23529411764705882
8507390;
8508785;0.0
8508980;0.37157376272280607
8513852;0.2664693550105965
8517488;0.0
8517873;
8519155;0.0
8519192;
8520045;
8521476;0.0
8521792;0.0
8521835;0.3307189138830739
8522202;0.0
8522573;0.6318823649463334
8522622;0.48447969074988917
8524351;0.0
8524602;
8525712;0.2420614591379636
8525985;
8530438;
8531866;0.3795166950355407
8533281;
8534293;
8534530;0.38490017945975047
8536174;0.0
8536881;0.30000000000000004
8537966;0.5421776568342225
8538153;0.5233836452693439
8538216;
8547256;
8547565;1.143713604046401
8548136;0.3464101615137754
8548423;
8548534;0.8071112509614591
8550971;0.43632305006058036
8551232;0.4542531674761845
8551239;0.4301382377697691
8552898;0.0
8554209;0.0
8555164;
8556626;0.36181361349331637
8556713;0.3513641844631533
8559149;
8570402;
8570850;0.47333292493328255
8571376;0.0
8571772;0.3293017971187358
8571790;
8574626;0.0
8575467;0.27386127875258304
8575674;0.3464101615137754
8576239;0.0
8582579;0.362925441424348
8583090;0.0
8583331;0.49204280280445795
8583752;0.0
8586991;0.5155004759849798
8587458;0.304617503701042
8587778;0.0
8589794;0.5863460180580764
8589858;
8592534;0.0
8594149;0.19802570190947202
8594983;0.0
8595417;0.5113291999424139
8595532;
8601811;
8602530;0.0
8603880;0.3513641844631533
8604375;0.0
8604845;0.45645355521068465
8605993;
8607462;
8608612;
8609107;0.3500121534107715
8609132;0.28747978728803447
861114;0.0
8611693;0.0
8612427;0.924985200062853
861542;0.5045367099296806
8617937;0.0
8618322;0.0
8618474;
8619289;0.439025027241836
8619422;0.4056958273630589
86198;0.5182978069023206
8620789;0.2664693550105965
862150;
8622402;0.0
8622522;
8623565;0.3892251226624262
8623579;0.0
8624601;0.4321615859416896
8624698;0.36347904744313214
8624731;
8624916;
8625159;0.1147700008086978
8625386;
8625507;0.0
8626249;0.0
8626401;
8627032;0.0
8627540;0.3575961409187745
8627581;0.34992710611188255
862814;0.3535533905932738
8628908;
8630177;0.0
863224;0.0
8636324;0.558032635459487
8636580;0.3252180950806972
863703;0.4993770194021172
8637057;
863716;0.25
8639193;
8639261;0.0
8641207;0.3571685880598587
8641457;0.0
8641572;
8641603;0.0
8642654;0.0
8643445;0.0
864360;0.0
8643805;
8645448;0.32309348753371514
8645851;0.0
8646147;
8646366;
8652095;0.49266081784575
8653640;0.29080075837486496
8654284;
8654301;0.3795166950355407
8654306;
8654414;
8654756;0.0
8656081;
8657825;0.0
8658270;0.3563048203434806
8658291;
8659498;0.16006197146962733
8661873;0.0
8661908;0.27638539919628335
8662193;0.2563772797196936
8663208;
8663476;
866617;0.5231276626602052
8671425;0.42552315900281695
8671764;0.35288854816907583
8671849;0.0
8671932;0.34232659844072877
8672618;
8672623;0.0
8674740;
8675130;0.6972166887783964
8676132;
8676167;0.0
8676418;
8678113;0.5920360349393157
8678200;
8678561;0.43753319201821367
8679804;
8685974;0.33930599509937415
8686289;
8686427;0.3513641844631533
8687277;
8687497;0.17399263633843823
8687539;0.1889658349676202
8687693;0.0
8689256;
8690475;
8691709;0.0
8692058;0.0
8692744;0.2292198594588074
8693062;
8693221;
8694;
8694319;0.0
8695171;0.3663911691254661
8695193;
8695201;
8696675;
8702817;
8703147;0.0
870425;0.0
870432;0.37416573867739417
8704601;
8704670;0.37267799624996506
8704745;0.22906142364542562
8704760;
8705402;0.30106702951877123
8705415;0.5204603607338443
870629;
8707045;0.0
8707067;0.4
8707084;0.0
8707324;0.3641599329242645
870836;0.35929072835746917
870860;0.5
8709403;0.5913369064744733
8710428;0.0
8710642;0.0
8712010;0.0
8713048;0.36380343755449945
8713080;0.0
8713265;0.2857142857142857
8713307;
8713447;0.0
8713474;0.3646278462854964
871533;
8715500;0.0
8717013;0.2420614591379636
871766;0.22329687826943606
871882;0.5077524002897476
8725566;
8726339;
872659;0.49487165930539345
8727016;0.34232659844072877
8727134;0.3307089768635898
8727217;
8729739;
8730768;
8731008;0.39126259692575566
8731214;
8732205;0.42971803786320095
8732258;
8732290;0.0
8733573;
8733757;
8734137;0.43073049225394805
873624;0.0
8738261;0.0
8739519;0.33648377291861437
8740263;0.0
8740643;0.0
8741434;0.16770877359761882
8741715;0.0
8743435;
8743448;0.0
8743587;0.0
8743993;
8744005;
8745211;
8747830;0.0
8748184;0.29541957835039856
8748399;
8749592;0.30698534166959834
8749751;0.21560984046602583
8749918;
8751756;0.4120110270608701
8751893;0.7224985344147107
8756803;0.6502397550709391
8758194;0.0
8758532;
8758571;0.0
876085;0.292107842545481
8760851;
8760892;
8761963;0.0
8762334;
8762346;0.0
8762583;
8763309;0.47050058032210734
8763587;0.22906142364542562
8764647;0.0
8766031;0.28463752127665554
8766043;
8766129;0.0
8767581;0.0
8768252;0.0
8768709;0.44930501889028573
8768766;
8769363;0.6088881341615221
8769407;
8769690;0.0
8774024;0.42731645829722775
8775031;0.0
8775247;0.362925441424348
8775903;0.0
8776021;0.0
8776033;0.0
8776594;
8779413;
8780426;0.0
8780550;
8780825;0.0
8781337;0.0
8781646;0.6000787040076843
8782011;0.5196995817034976
8783425;0.34234816843529614
8784106;0.0
8784797;
8791346;0.3590351654086268
8792125;0.5303300858899107
8792471;0.0
8793404;0.17399263633843823
8793498;0.0
8795354;0.3142696805273545
8796286;0.28527302786684805
8800359;0.0
8801005;
8801291;0.0
8802302;0.0
8802512;0.0
8802548;0.0
8802954;
8803395;0.0
880444;0.0
8808584;
880973;0.361371874908208
8809911;0.0
8810012;0.0
8811191;0.0
8811582;
8811731;0.0
8811768;0.3752023404327991
8811853;0.0
8812001;
8815256;0.2447809132127156
8815636;0.0
8816725;0.0
8817147;0.4
881782;0.0
8817820;0.0
8820132;0.22906142364542562
8820503;
8825551;0.0
8827098;0.0
8827379;0.3592398688386449
8827578;
8827621;0.0
8827659;0.1506131137016415
8828696;0.0
8829029;0.4845300620287821
8830323;0.0
8830513;0.7053570840538671
8831028;0.5507570547286103
8832096;
8832317;
8833346;0.6577935144802719
883442;
8839322;
8839332;0.37267799624996506
8839520;0.41011433969845235
8839682;
883985;0.0
884399;0.6486486486486487
8844803;0.5325752187591566
8844898;0.2420614591379636
8845039;
8845586;0.692820323027551
8845953;
8846293;
8848599;0.36998498468030955
8848895;0.0
8848982;
8850254;0.3912303982179758
8850473;0.4941462940511692
885080;0.2575393768188564
8850916;
8850978;0.375
8851013;
8851548;0.0
8851668;
8851730;0.3340097303971847
8851837;
8852475;0.24124324930804353
8852713;0.0
8854716;0.0
8854758;0.20393111999232305
8855080;
8855893;0.0
8857486;
8857837;0.0
8858316;0.34232659844072877
8858443;0.0
886191;0.26970497537721505
8863516;0.0
8863911;0.0
8864397;0.5575273649684063
8866269;0.43646268027049234
8867722;0.5199698881376382
8870364;0.5411729462316299
8870757;0.0
8871841;0.32790242451070717
887190;0.3513641844631532
8872129;
8872778;0.0
8872789;0.563887178431998
8873254;
8873777;0.3651483716701107
8874210;0.5226136240091718
8874706;
887594;
8883208;0.3142696805273545
888356;0.4877323013001794
8883929;0.0
8885167;0.35136418446315326
8886289;0.14421221984232768
8886292;
8886771;
8888276;
8889697;0.0
8890399;0.0
8891729;
8891747;0.0
8891911;0.0
8891981;0.6674709676917568
8892224;0.0
8892410;0.0
8892641;
8892642;
8894801;0.6967554140413152
8895593;0.375
8901782;
8902469;
8903338;
8905488;0.2523360247522242
8905604;0.0
8905616;
8905722;0.3763993960049205
8905726;
8907200;
8909446;0.0
890953;0.0
8909552;
8909785;0.4151894252049441
8912115;0.0
8912554;0.29714709975358455
8913073;0.2773500981126146
8913284;0.0
8913305;
8914381;0.5443310539518174
8915005;0.2690308402628101
8916174;0.0
891896;0.0
892098;0.24944382578492943
892123;0.27401916938475573
892165;0.36078426969062594
892189;0.21295885499998
8922774;0.0
8924037;0.2179449471770337
8924219;
8924277;
8926839;0.0
8927135;0.3763993960049205
8927369;0.0
8927533;
8928088;0.0
8928143;0.34992710611188255
8928161;
8928184;0.3651483716701107
8928201;0.0
8928204;0.5202754831614556
8928260;
8928284;0.3002950776409672
8928306;
8928309;
8928360;0.0
8928373;0.3703280399090206
8928377;0.7616370442534156
8928383;
8928422;0.33946348413888633
8928435;0.3563483225498992
8928511;0.5631912802467351
8928520;
8928534;0.0
8928537;0.5286388204964951
8928551;
8928570;
8928594;0.45002286178780665
8928604;0.0
8928631;
8928665;
8928677;
8928706;
8928712;
8928714;0.5360523024910135
8928728;0.3569965237632746
8928745;
8928749;0.3142696805273545
8928752;0.4
8928755;0.0
8928762;0.35452854660010225
8928830;
8928833;
8928836;0.28747978728803447
8928857;0.0
8928858;0.6500333194880176
8928866;0.4608394925110069
8928911;0.0
8928924;0.36078426969062594
8928966;0.0
8929036;0.5303300858899107
8929057;0.0
8929122;0.28029893526902244
8929178;0.6572670690061994
8929194;
8929305;0.6305815855975138
8929348;
8929362;0.49430917833478294
8929368;0.30000000000000004
8929372;0.0
8929393;0.5481002895829873
8929423;0.6666666666666666
8929431;0.0
8929480;0.0
8929486;
8929494;0.6123724356957946
8929561;0.0
8929567;
8929603;0.0
8929604;
8929714;0.3513641844631533
8929737;0.0
8929784;
8929819;0.0
8929823;0.0
8929834;0.0
8929836;0.33881546358946923
8929843;
8929846;0.34985711369071804
8929851;0.0
8929876;0.0
8929883;
8929932;0.0
8929953;
8929984;0.3534072639531848
8929988;
8929991;
8929999;
8930029;0.0
8930032;0.3756241132126741
8930053;0.0
8930222;
8930310;0.3394085178151135
8930352;0.5320126646473443
8930581;
8930606;
8930647;0.31774445465112133
8930675;
8930717;
8931040;0.0
8931043;
8931053;
8931102;0.6005288674451218
8931134;
8931147;0.0
8931182;
8931194;
8931231;0.0
8931270;
8931274;0.3943215106468179
8931276;0.0
8931281;0.38490017945975047
893132;0.0
8931412;0.0
8931427;0.32977171210669887
8931504;
8931532;0.23529411764705882
8931642;
8931671;0.2575393768188564
8931809;0.30000000000000004
8931856;
893602;0.0
894317;0.0
894387;0.0
896923;0.47595232139879085
896950;0.0
897880;0.0
899100;0.44389676161847536
899452;0.270425949024529
899537;0.27638539919628335
899702;
900325;0.0
901166;0.27840375449880544
901899;
902214;
902366;0.4269461282560343
902536;0.24124324930804353
902563;0.4587274125254208
9028130;0.444028775528195
9037858;0.0
9038238;
9039087;
9039166;0.0
9039195;0.81453804221916
9039215;0.0
9039698;0.0
9039917;
9040150;0.0
9040214;0.0
9040641;0.0
9041191;
9041587;0.0
9041736;0.34992710611188255
9041747;0.0
9041930;0.5095246653650681
9041955;0.0
9042115;0.270425949024529
9042199;0.4479986387732328
9042284;
9042443;
9042538;0.38729833462074176
9042602;0.34985711369071804
9042791;
9042813;
9043278;
9043453;
9043475;0.0
9044107;
9045629;0.3663911691254661
9045707;0.34992710611188255
9045958;0.0
9046490;0.40257867201856684
9047032;
9047451;0.665719023448946
9047541;0.4
9047719;0.531609533071195
9048392;0.6708735287721946
9048515;0.3912303982179758
9048571;0.0
9049132;0.24803918541230535
9049206;
9049213;0.34992710611188255
9049244;0.0
9049359;
9049390;0.36487819155789
9049518;0.3560858085011114
9049631;0.0
9052515;0.0
9052568;0.0
9052637;
9052664;
9052758;0.4426184712719421
9052786;0.0
9052971;
9052993;0.26135449649758496
9053018;0.30000000000000004
907458;0.19595917942265423
907575;0.21794494717703367
907701;0.2910427500435996
9078423;0.48850421045919723
9078436;
908442;0.0
912996;
913031;0.19982631347136334
913032;
913062;0.0
913571;0.0
913855;
915783;0.5916390827675008
915795;
917227;0.0
917448;0.5230382620507065
917456;
917569;0.657383985872015
919282;0.5753559617824608
921516;0.5969921136555402
9229631;
9230859;0.523593028853465
9231063;0.2664693550105965
923173;0.0
9231772;
9233665;0.0
9235213;0.0
9236868;0.5173297890843963
923879;0.38490017945975047
923922;0.0
9242215;0.0
9242298;0.0
9245139;0.0
9246285;0.33624772674931924
9246739;0.0
9246843;0.0
9247714;
9250033;0.3422860840197998
9250858;
9251054;0.32546263368615136
9251488;
9252849;0.36927447293799825
9253032;0.0
9253253;0.385737002658065
9253706;0.0
925375;0.5801660043406478
9254460;0.2575393768188564
9254838;0.0
9256484;0.21794494717703367
9261395;0.0
9263024;
9263437;
9264777;0.4151332327181595
9266300;0.0
9267846;
9270746;
9271697;0.0
9271985;
9272154;0.21794494717703367
9272814;
9272939;
9273660;0.0
9273677;
9274865;0.0
9280059;0.0
9281108;
9282614;0.36998498468030955
9283715;0.40933645051289025
9283858;0.0
9284411;
9284694;
928479;0.0
9285899;0.0
928678;
9287122;0.0
9287936;0.6212473985319655
9291057;0.0
929213;0.0
9293008;0.49215295678475035
9294215;
929944;0.5008177649044794
9300199;0.24944382578492938
9300553;0.5625
9301010;
9301596;0.4269461282560343
930336;0.0
9303584;
9303802;0.0
9304134;0.0
9305020;0.23154480948784378
9305722;0.36117455450727615
9306496;
9306732;0.0
9309675;0.0
9310194;0.0
9310462;0.13418472404191537
9311508;
9311621;
9311864;0.0
9313042;0.0
9313546;
9313644;
9313752;0.7394224517352564
9314406;0.47161968558419315
9314510;
9314696;
9314712;0.0
9315056;
9315634;0.0
931655;0.3562176150725351
9319328;0.30000000000000004
9321136;0.0
9321792;0.30000000000000004
9322188;
9322936;0.32195071575395756
932327;
9323921;0.0
9323942;0.3581618117302907
9324494;0.0
932515;
9325544;
932586;0.21223161717325162
9327669;
932803;
9328976;
9329187;
9329799;0.0
9330646;0.0
9332976;0.6470151701072062
9334357;0.1739926363384382
9334616;
9335435;0.0
933761;0.0
9339766;
9340351;
9340797;0.5399073994677236
9341142;
9341721;
9342320;0.4447495899966607
9343310;
9343700;0.0
9343954;0.33071891388307384
9344496;0.35386069477175314
9345430;
9345685;
9345787;0.0
9345846;0.0
9346140;0.7071067811865476
9346510;
9346788;0.0
9347871;0.4697648479246601
9349823;0.33071891388307384
9350732;0.0
9351587;
9360281;0.11177013890136196
9361709;
9362702;0.22329687826943606
9362727;0.0
9362902;0.6382424705909521
9368416;
9373326;
9374627;0.30000000000000004
937565;0.2746367251713696
937574;0.32441702086700325
937723;0.0
9379354;0.0
9382649;0.5270462766947299
9382651;
938308;0.4269461282560343
9383297;1.0
9383356;0.0
9384538;
9384647;0.0
938491;
9385264;0.37267799624996495
9385430;0.0
9385592;
9386034;0.0
9387449;0.0
9387686;0.0
9387996;
9388004;0.566911711723165
9389423;0.3177444546511213
9390122;0.4944132324730442
9392401;0.2664693550105965
9394140;0.4231270002414563
9394293;
9394377;
9394417;0.0
9395220;0.21295885499998002
9395933;0.0
9396014;0.4255308564605156
9396211;0.0
9396813;0.0
9396873;
939967;0.43270302845025216
9403582;0.0
9404232;
9405603;
9407091;
9407100;0.0
9407206;
9407746;
941025;
9412099;
9414726;0.6699651732242008
9415001;0.0
9415071;0.326713786284185
9415495;
941650;0.0
9416963;0.33071891388307384
9417023;0.4523443208612048
9418562;0.34992710611188255
941978;1.5372967345311055
9422712;
9423549;0.0
9424274;0.0
9425986;0.0
9426615;
9426628;0.0
9426977;0.512052793776761
9427512;0.33648377291861437
9427650;0.7955664246512671
9427667;
9429622;0.0
9430145;0.552679023259794
9431955;
9433695;
9434844;
9435895;0.2563772797196936
9436112;
9440572;
9441923;0.5665577237325317
9442931;0.543788731195299
9443268;0.6218030480885768
9443891;0.3927166872453083
9444304;0.5196152422706631
94454;0.0
9446046;0.5162168883418304
9446502;0.0
9449133;0.0
9449920;
9450384;0.0
9450599;0.0
9450842;0.0
9450875;
9452593;0.0
9454119;0.6440064844098622
9454594;0.26972453123756235
9456821;0.0
9457638;0.0
9457658;0.3336424046406527
9457947;0.3569588220938509
9458142;0.0
9465153;0.30183114619986867
9465322;0.3422860840197998
9469518;0.54110822483116
9469647;0.0
9469787;
9471509;0.2882306768491569
9472758;0.0
9473025;0.3703280399090206
947513;0.5469634129164875
9475354;0.3763993960049205
947662;
947824;0.0
948036;0.5118037734550349
9481289;0.375
948161;
9481810;0.3659625273557
9482939;0.31774445465112133
9491853;0.0
9491921;
9492049;0.0
9492281;
9492407;0.0
9492588;0.367006645104718
9493158;0.3688555567816588
9493305;0.30361335602843254
9493673;0.5067082936077233
9493686;0.0
9493689;0.5786018428873111
9495015;
949505;0.6063196594303739
949507;0.3599307891947848
9495319;0.35759614091877445
949604;0.0
949626;
9497040;0.0
949806;0.3563483225498992
9499684;
9500137;
9502186;
9502949;0.3659625273557
9503215;0.0
9503441;
9510457;
951169;0.5740604972870496
951186;0.3
951813;
952666;0.3703280399090206
953319;
954665;
956238;0.36181361349331637
956877;
958628;
959065;0.3254626336861513
959408;
959452;
960519;
963489;0.31774445465112133
963774;
963970;
964219;0.0
9648182;
9648313;0.0
9649517;
9650463;0.3763993960049205
9651252;
9651598;0.9443050015854596
9652170;
9653975;0.0
9654501;0.0
9654647;0.4
9655023;0.5446678289708243
9655690;
9656059;0.0
9656234;0.27638539919628335
9658159;0.34199278402838473
9658366;0.0
9659395;0.0
9660027;
9660155;
9660587;0.0
9660935;0.38490017945975047
9666497;0.34234816843529614
9667026;0.3142696805273545
9667412;
9667427;
9668244;0.8571428571428571
9668301;0.4494665749754947
9668719;0.0
9670999;0.0
9671463;
9671480;0.36487819155789
9672812;0.8252030053265682
9673880;0.3622089663122215
9675709;0.41952353926806063
9679560;0.0
9680626;0.0
9680966;0.0
9688590;
9690385;
9690791;0.0
9690885;0.7402733574857716
969109;0.47346969672726497
9691767;0.4330127018922193
9692474;0.0
9693580;0.22906142364542562
9694217;0.265055740278428
9694318;0.30267096579929803
9694439;0.0
9694658;
9694796;0.0
9694980;
9695070;
9695194;0.0
9695425;0.0
9696728;0.0
9696812;0.30506991497802394
9697245;0.38729833462074176
9698270;
9698317;0.3929516137357134
9698715;
9699525;
9708318;0.0
9709513;
9710408;0.397200642341065
9710678;0.0
9711750;0.3484947053697973
9711986;0.3951950636356626
9712195;
9712339;0.3142696805273545
9712942;0.3594868137091668
9713080;0.4712106468281574
9713098;0.35136418446315326
9713287;0.5550885058256204
9713878;
9716624;0.38525925213812146
9718504;0.0
9718871;0.3018311461998687
9718928;0.0
9721211;0.563436169819011
9722226;
9723257;0.0
9723464;0.0
9730565;0.3616582235069488
9730841;0.39126259692575566
973127;0.6517245568176664
9732537;0.0
973329;0.0
9733371;0.0
973364;0.0
9733660;
9734694;
973495;
9735876;
9736813;0.0
973707;0.35398384100647867
9737207;0.0
9738847;
9739134;0.22906142364542562
9739998;0.0
9740248;0.4189410696511431
9742418;0.0
9742522;
9742622;0.5307173444065864
9742819;0.0
9743978;0.46922408751163147
9744013;0.5617908146120799
97466;0.21295885499998002
9749679;0.3659625273557
9749811;
9750039;0.4097763617714749
9750059;
9750251;
9752085;0.4648111258522642
9752328;0.4810456929208347
9753772;0.4648111258522642
9754241;
9754798;0.24063335546990547
9755150;0.4842780013815086
9755493;
9756005;
9756551;0.2664693550105965
9756687;
975694;0.0
9756969;0.0
9758750;0.0
9758824;0.4330127018922193
9760707;0.0
9761537;
9763120;0.0
9764816;
9765029;0.7548397157230257
9765054;
9765701;0.4670248868079293
9765725;0.30000000000000004
9772200;
9772648;0.0
9773149;0.4785465523030005
9773297;0.32222124481828457
9773303;
9773695;
9773758;
9775573;0.0
9775799;0.5520168024409181
9776142;0.4831691965709768
9776240;
9779073;
9779093;
9779157;0.0
9779361;
9780048;0.0
9781245;0.5221216290202966
9782519;
9782569;
9782850;0.3560858085011114
9783894;0.688348975690114
9787814;0.0
9788729;
979464;0.3647341362881288
9796252;0.0
9797001;
9798903;0.3495001703346499
9801121;
9801503;
9801536;0.0
980178;
9802397;
9802487;0.4784742293030402
980249;0.19982631347136334
9802580;
980555;0.43753319201821367
9807055;0.42867558981456866
9808276;0.0
9809632;0.0
981060;0.0
981228;0.34992710611188255
9814123;0.3018311461998686
981557;0.15811388300841897
9819;0.0
9821675;0.5390516620987408
9823914;0.34199278402838473
9826744;0.35395401779329777
9826959;0.27638539919628335
9827475;0.29714709975358455
9830838;0.0
9832375;
9832835;
98334;0.5
9835592;0.5024176842148022
9836769;0.0
9841594;
9842523;0.0
9853629;0.41952353926806063
985491;0.0
9857178;0.0
986004;0.0
9861929;
9864807;
9864936;
9866316;
9871831;0.0
987244;0.0
9873014;0.0
987489;0.32354782581913066
9885231;0.0
9885442;
9887313;
9888029;
9888960;0.3303478957482552
9892054;
9893495;0.0
9897999;0.5111412347454252
9898426;0.0
990536;0.4781783615498984
9906817;0.0
9907739;0.2575393768188564
9909949;0.0
9910174;0.3002950776409672
9913765;
9914052;
9915429;0.4078187167961162
9915488;
9917016;0.0
9917905;0.0
9918960;
9919142;
9919565;
992135;0.3401506715249038
9922130;0.3464101615137754
992216;0.0
9922582;
9922860;
9923266;
9923665;
9931355;0.0
9932290;0.439586982263858
9934683;
9935116;0.0
9935473;
9936531;0.42971803786320095
9937060;0.0
9937172;0.0
9937369;0.0
9939625;0.3912303982179758
9939943;0.3340097303971847
9940458;0.32790242451070717
9940863;
9943032;0.27638539919628335
9943832;
9947008;
9948781;
9949187;0.0
9949579;
9949647;
9956757;0.0
9957418;0.41649938972083933
9957810;0.3464101615137754
9959393;0.42386864242523065
9960597;
9962278;0.0
9964657;
9965961;0.34992710611188255
9968672;0.24743582965269678
9969458;0.0
9969588;0.34232659844072877
9970098;0.0
9970231;0.34232659844072877
997171;
9973124;
99733;
9973726;
997445;0.0
9979898;0.0
9980242;
9980303;0.0
9980513;0.6000923289995463
9981981;0.3098386676965933
9982310;0.4093430853779308
9984541;
9984644;0.0
9985230;0.3104698017127927
9986664;0.0
9986703;
9987149;0.0
9988499;0.4898979485566356
9988794;0.0
9990575;0.22240711029789104
9990865;0.46027367060462177
9990868;0.35208939510976517
9991284;
9991445;
9991860;0.34199229280024673
9992202;0.0
9993124;0.0
9995359;
9995488;0.0
9995912;
999897;0.3657114381135463
